Num_Acc,jour,mois,an,hrmn,lum,dep,com,agg,int,atm,col,adr,lat,long,Num_Acc,id_vehicule,num_veh,senc,catv,obs,obsm,choc,manv,motor,occutc,Num_Acc,id_vehicule,num_veh,place,catu,grav,sexe,an_nais,trajet,secu1,secu2,secu3,locp,actp,etatp,Num_Acc,catr,voie,v1,v2,circ,nbv,vosp,prof,pr,pr1,plan,lartpc,larrout,surf,infra,situ,vma
202000000011,5,3,2020,11:50:00,1,59,59143,2,3,1,-1,"BEAUCHAMP  (RUE LEON )","50,6785000","2,8742000",202000000011,154 742 256,B01,2,1,0,2,5,19,5,NULL,202000000011,154 742 255,A01,1,1,1,2,1934,5,1,8,-1,-1,0,-1,202000000011,7,22,0,NULL,2,3,0,1,(1),(1),3,NULL," -1",1,0,1,50
202000000011,5,3,2020,11:50:00,1,59,59143,2,3,1,-1,"BEAUCHAMP  (RUE LEON )","50,6785000","2,8742000",202000000011,154 742 256,B01,2,1,0,2,5,19,5,NULL,202000000011,154 742 256,B01,1,1,4,1,2005,2,8,0,-1,-1,0,-1,202000000011,7,22,0,NULL,2,3,0,1,(1),(1),3,NULL," -1",1,0,1,50
202000000014,7,3,2020,13:20:00,1,51,51454,2,7,1,2,"Avenue de l’Europe","49,2556464","4,0611947",202000000014,154 742 248,B01,2,1,0,2,4,16,5,NULL,202000000014,154 742 248,B01,1,1,4,1,1936,5,2,4,-1,-1," -1",-1,202000000014,4,NULL,0,NULL,2,2,1,1,(1),(1),3,NULL," -1",1,0,1,50
202000000014,7,3,2020,13:20:00,1,51,51454,2,7,1,2,"Avenue de l’Europe","49,2556464","4,0611947",202000000014,154 742 248,B01,2,1,0,2,4,16,5,NULL,202000000014,154 742 249,A01,1,1,1,1,1928,0,1,-1,-1,-1," -1",-1,202000000014,4,NULL,0,NULL,2,2,1,1,(1),(1),3,NULL," -1",1,0,1,50
202000000031,4,3,2020,20:00:00,3,75,75117,2,3,2,3,"BOULEVARD DE REIMS","48,8891650","2,2975300",202000000031,154 742 219,A01,1,1,0,2,8,19,5,NULL,202000000031,154 742 219,A01,1,1,4,1,1994,5,2,0,-1,0,0,-1,202000000031,4,NULL,0,NULL,3,4,0,1,0,0,1,NULL," -1",2,0,1,50
202000000031,4,3,2020,20:00:00,3,75,75117,2,3,2,3,"BOULEVARD DE REIMS","48,8891650","2,2975300",202000000031,154 742 219,A01,1,1,0,2,8,19,5,NULL,202000000031,154 742 220,B01,1,1,1,2,1985,1,1,0,-1,0,0,-1,202000000031,4,NULL,0,NULL,3,4,0,1,0,0,1,NULL," -1",2,0,1,50
202000000032,6,3,2020,20:40:00,5,75,75114,2,1,1,3,"BOULEVARD ARAGO","48,8344810","2,3342120",202000000032,154 742 218,B01,2,1,0,2,8,1,5,NULL,202000000032,154 742 218,B01,1,1,4,2,1999,9,8,0,-1,0,0,-1,202000000032,4,NULL,0,NULL,2,4,1,1,0,0,1,NULL," -1",1,0,5,30
202000000035,6,3,2020,21:00:00,5,75,75104,2,7,1,3,"QUAI DE GESVRES","48,8571810","2,3473270",202000000035,154 742 213,A01,2,1,0,2,5,12,5,NULL,202000000035,154 742 213,A01,1,1,4,1,1993,5,8,0,-1,0,0,-1,202000000035,4,NULL,0,NULL,1,3,3,1,0,0,1,NULL," -1",1,0,6,50
202000000035,6,3,2020,21:00:00,5,75,75104,2,7,1,3,"QUAI DE GESVRES","48,8571810","2,3473270",202000000035,154 742 213,A01,2,1,0,2,5,12,5,NULL,202000000035,154 742 214,B01,1,1,1,1,1965,4,1,0,-1,0,0,-1,202000000035,4,NULL,0,NULL,1,3,3,1,0,0,1,NULL," -1",1,0,6,50
202000000059,7,3,2020,11:05:00,1,38,38012,2,1,1,1,"Route de Saint Genix","45,5979430","5,6308460",202000000059,154 742 173,B01,2,1,0,1,2,1,5,NULL,202000000059,154 742 172,A01,1,1,1,2,1972,0,1,-1,-1,0,0,-1,202000000059,3,1516,0,NULL,2,2,0,2,15,625,1,NULL," -1",1,0,1,50
202000000059,7,3,2020,11:05:00,1,38,38012,2,1,1,1,"Route de Saint Genix","45,5979430","5,6308460",202000000059,154 742 173,B01,2,1,0,1,2,1,5,NULL,202000000059,154 742 173,B01,10,3,3,2,1956,5,0,-1,-1,2,3,2,202000000059,3,1516,0,NULL,2,2,0,2,15,625,1,NULL," -1",1,0,1,50
202000000067,7,3,2020,12:30:00,1,64,64108,2,6,1,3,"RD 430","43,5197970"," -0,9154590",202000000067,154 742 160,B01,1,1,0,2,7,1,5,NULL,202000000067,154 742 159,A01,1,1,1,1,1971,5,1,-1,-1,0,0,-1,202000000067,3,430,-1,NULL,2,2,0,1,0,800,2,NULL," -1",1,5,1,50
202000000067,7,3,2020,12:30:00,1,64,64108,2,6,1,3,"RD 430","43,5197970"," -0,9154590",202000000067,154 742 160,B01,1,1,0,2,7,1,5,NULL,202000000067,154 742 160,B01,1,1,4,1,1962,5,2,6,9,0,0,-1,202000000067,3,430,-1,NULL,2,2,0,1,0,800,2,NULL," -1",1,5,1,50
202000000075,7,3,2020,15:50:00,1,37,37159,2,1,1,3,"2 Rue Bernard Tortevoie","47,2777185","0,6221262",202000000075,154 742 146,B01,1,1,12,2,8,2,5,NULL,202000000075,154 742 145,A01,1,1,1,1,1996,4,1,-1,-1,0,0,-1,202000000075,3,17,-1,NULL,2,2,1,2,21,600,1,NULL," -1",1,0,1,50
202000000075,7,3,2020,15:50:00,1,37,37159,2,1,1,3,"2 Rue Bernard Tortevoie","47,2777185","0,6221262",202000000075,154 742 146,B01,1,1,12,2,8,2,5,NULL,202000000075,154 742 146,B01,1,1,3,1,1939,5,0,-1,-1,0,0,-1,202000000075,3,17,-1,NULL,2,2,1,2,21,600,1,NULL," -1",1,0,1,50
202000000076,6,3,2020,09:50:00,1,30,30075,2,1,1,-1,"Chemin des Rôles","43,8208860","4,2607860",202000000076,154 742 144,B01,3,1,0,0,0,1,5,NULL,202000000076,154 742 143,A01,1,1,1,1,1986,4,1,-1,-1,0,0,-1,202000000076,4,NULL,0,NULL,2,2,3,1,(1),(1),1,NULL,4,1,9,6,50
202000000076,6,3,2020,09:50:00,1,30,30075,2,1,1,-1,"Chemin des Rôles","43,8208860","4,2607860",202000000076,154 742 144,B01,3,1,0,0,0,1,5,NULL,202000000076,154 742 144,B01,1,1,3,1,1952,5,2,-1,-1,0,0,-1,202000000076,4,NULL,0,NULL,2,2,3,1,(1),(1),1,NULL,4,1,9,6,50
202000000109,6,3,2020,18:05:00,2,972,97209,2,3,1,1,"PATRICE LUMUMBA (RUE)","14,6136800"," -61,0701800",202000000109,154 742 088,B01,3,1,0,2,1,1,5,NULL,202000000109,154 742 088,B01,1,1,4,1,2011,5,0,-1,-1,0,0,-1,202000000109,4,"PATRICE LUMUMBA (RUE)",0,NULL,1,1,0,1,(1),(1),1,NULL,5,1,0,1,30
202000000109,6,3,2020,18:05:00,2,972,97209,2,3,1,1,"PATRICE LUMUMBA (RUE)","14,6136800"," -61,0701800",202000000109,154 742 088,B01,3,1,0,2,1,1,5,NULL,202000000109,154 742 089,A01,1,1,1,1,1980,5,1,8,-1,-1,0,-1,202000000109,4,"PATRICE LUMUMBA (RUE)",0,NULL,1,1,0,1,(1),(1),1,NULL,5,1,0,1,30
202000000122,5,3,2020,20:15:00,5,89,89387,2,2,3,3,"GARIBALDI (BOULEVARD DES)","48,1999800","3,2823200",202000000122,154 742 065,Y01,3,1,0,2,1,19,5,NULL,202000000122,154 742 064,A01,1,1,1,2,1995,0,1,0,-1,-1," -1",-1,202000000122,4,"GARIBALDI (BOULEVARD DES)",0,NULL,1,2,0,1,0,0,1,NULL," -1",2,0,1,50
202000000122,5,3,2020,20:15:00,5,89,89387,2,2,3,3,"GARIBALDI (BOULEVARD DES)","48,1999800","3,2823200",202000000122,154 742 065,Y01,3,1,0,2,1,19,5,NULL,202000000122,154 742 065,Y01,1,1,3,1,1989,0,2,0,-1,-1," -1",-1,202000000122,4,"GARIBALDI (BOULEVARD DES)",0,NULL,1,2,0,1,0,0,1,NULL," -1",2,0,1,50
202000000126,3,3,2020,18:10:00,2,84,84007,2,1,1,3,"RUE HOSEPH DE MONTGOLFIER","43,9301800","4,8285400",202000000126,154 742 056,B01,3,1,0,2,7,1,5,NULL,202000000126,154 742 056,B01,1,1,4,1,1939,0,2,0,-1,-1," -1",-1,202000000126,4,"RUE HOSEPH DE MONTGOLFIER",0,NULL,2,3,1,1,0,1,1,NULL," -1",1,0,1,50
202000000126,3,3,2020,18:10:00,2,84,84007,2,1,1,3,"RUE HOSEPH DE MONTGOLFIER","43,9301800","4,8285400",202000000126,154 742 056,B01,3,1,0,2,7,1,5,NULL,202000000126,154 742 057,A01,1,1,1,1,1970,5,1,0,-1,-1," -1",-1,202000000126,4,"RUE HOSEPH DE MONTGOLFIER",0,NULL,2,3,1,1,0,1,1,NULL," -1",1,0,1,50
202000000152,21,9,2020,19:00:00,5,971,97128,2,1,1,6,Douville,"16,2527980"," -61,3722650",202000000152,154 742 008,A01,2,1,0,0,4,0,0,NULL,202000000152,154 742 008,A01,1,1,4,1,1978,0,0,0,-1,0,0,-1,202000000152,3,114,-1,NULL,-1,2,0,3,(1),(1),2,NULL," -1",1,0,3,-1
202000000164,21,9,2020,14:20:00,1,73,73248,2,6,1,3,"D77 RP de l'aluminium","45,2756154","6,3554903",202000000164,154 741 988,B01,2,1,0,2,7,26,5,NULL,202000000164,154 741 987,A01,1,1,1,1,1980,4,1,-1,-1,0,0,-1,202000000164,3,77,-1,NULL,1,1,0,1,0,600,2,NULL," -1",1,5,1,30
202000000164,21,9,2020,14:20:00,1,73,73248,2,6,1,3,"D77 RP de l'aluminium","45,2756154","6,3554903",202000000164,154 741 988,B01,2,1,0,2,7,26,5,NULL,202000000164,154 741 988,B01,1,1,3,1,1959,5,0,-1,-1,0,0,-1,202000000164,3,77,-1,NULL,1,1,0,1,0,600,2,NULL," -1",1,5,1,30
202000000180,18,9,2020,20:15:00,5,988,98818,2,3,1,5,"RUE JULES GARNIER/RUE DU DOCTEUR MIALARET"," -22,2878800","166,4445500",202000000180,154 741 957,C01,2,1,0,2,8,19,5,NULL,202000000180,154 741 955,B01,2,2,1,2,1985,9,8,8,-1,0,0,-1,202000000180,4,268,0,NULL,3,2,0,1,0,0,1,NULL," -1",1,0,1,50
202000000180,18,9,2020,20:15:00,5,988,98818,2,3,1,5,"RUE JULES GARNIER/RUE DU DOCTEUR MIALARET"," -22,2878800","166,4445500",202000000180,154 741 957,C01,2,1,0,2,8,19,5,NULL,202000000180,154 741 955,B01,1,1,1,1,1983,9,8,8,-1,0,0,-1,202000000180,4,268,0,NULL,3,2,0,1,0,0,1,NULL," -1",1,0,1,50
202000000180,18,9,2020,20:15:00,5,988,98818,2,3,1,5,"RUE JULES GARNIER/RUE DU DOCTEUR MIALARET"," -22,2878800","166,4445500",202000000180,154 741 957,C01,2,1,0,2,8,19,5,NULL,202000000180,154 741 956,A01,1,1,1,2,1979,5,8,8,-1,0,0,-1,202000000180,4,268,0,NULL,3,2,0,1,0,0,1,NULL," -1",1,0,1,50
202000000180,18,9,2020,20:15:00,5,988,98818,2,3,1,5,"RUE JULES GARNIER/RUE DU DOCTEUR MIALARET"," -22,2878800","166,4445500",202000000180,154 741 957,C01,2,1,0,2,8,19,5,NULL,202000000180,154 741 957,C01,1,1,4,1,2004,5,2,2,-1,0,0,-1,202000000180,4,268,0,NULL,3,2,0,1,0,0,1,NULL," -1",1,0,1,50
202000000189,20,9,2020,11:50:00,1,64,64483,2,1,1,5,"CHANTACO (AVENUE DE )","43,3737000"," -1,6378600",202000000189,154 741 939,A01,1,1,0,2,1,1,5,NULL,202000000189,154 741 935,E01,1,1,4,1,1956,5,2,0,-1,-1," -1",-1,202000000189,3,"CHANTACO (AVENUE DE )",0,NULL,2,2,0,1,3,0,1,NULL," -1",1,0,1,70
202000000189,20,9,2020,11:50:00,1,64,64483,2,1,1,5,"CHANTACO (AVENUE DE )","43,3737000"," -1,6378600",202000000189,154 741 938,D01,1,1,0,2,1,1,5,NULL,202000000189,154 741 935,E01,1,1,4,1,1956,5,2,0,-1,-1," -1",-1,202000000189,3,"CHANTACO (AVENUE DE )",0,NULL,2,2,0,1,3,0,1,NULL," -1",1,0,1,70
202000000189,20,9,2020,11:50:00,1,64,64483,2,1,1,5,"CHANTACO (AVENUE DE )","43,3737000"," -1,6378600",202000000189,154 741 937,C01,1,1,0,2,1,2,5,NULL,202000000189,154 741 935,E01,1,1,4,1,1956,5,2,0,-1,-1," -1",-1,202000000189,3,"CHANTACO (AVENUE DE )",0,NULL,2,2,0,1,3,0,1,NULL," -1",1,0,1,70
202000000189,20,9,2020,11:50:00,1,64,64483,2,1,1,5,"CHANTACO (AVENUE DE )","43,3737000"," -1,6378600",202000000189,154 741 936,B01,1,1,0,2,1,1,5,NULL,202000000189,154 741 935,E01,1,1,4,1,1956,5,2,0,-1,-1," -1",-1,202000000189,3,"CHANTACO (AVENUE DE )",0,NULL,2,2,0,1,3,0,1,NULL," -1",1,0,1,70
202000000189,20,9,2020,11:50:00,1,64,64483,2,1,1,5,"CHANTACO (AVENUE DE )","43,3737000"," -1,6378600",202000000189,154 741 935,E01,1,1,0,2,1,2,5,NULL,202000000189,154 741 935,E01,1,1,4,1,1956,5,2,0,-1,-1," -1",-1,202000000189,3,"CHANTACO (AVENUE DE )",0,NULL,2,2,0,1,3,0,1,NULL," -1",1,0,1,70
202000000189,20,9,2020,11:50:00,1,64,64483,2,1,1,5,"CHANTACO (AVENUE DE )","43,3737000"," -1,6378600",202000000189,154 741 939,A01,1,1,0,2,1,1,5,NULL,202000000189,154 741 936,B01,1,1,4,1,1969,5,2,0,-1,-1," -1",-1,202000000189,3,"CHANTACO (AVENUE DE )",0,NULL,2,2,0,1,3,0,1,NULL," -1",1,0,1,70
202000000189,20,9,2020,11:50:00,1,64,64483,2,1,1,5,"CHANTACO (AVENUE DE )","43,3737000"," -1,6378600",202000000189,154 741 938,D01,1,1,0,2,1,1,5,NULL,202000000189,154 741 936,B01,1,1,4,1,1969,5,2,0,-1,-1," -1",-1,202000000189,3,"CHANTACO (AVENUE DE )",0,NULL,2,2,0,1,3,0,1,NULL," -1",1,0,1,70
202000000189,20,9,2020,11:50:00,1,64,64483,2,1,1,5,"CHANTACO (AVENUE DE )","43,3737000"," -1,6378600",202000000189,154 741 937,C01,1,1,0,2,1,2,5,NULL,202000000189,154 741 936,B01,1,1,4,1,1969,5,2,0,-1,-1," -1",-1,202000000189,3,"CHANTACO (AVENUE DE )",0,NULL,2,2,0,1,3,0,1,NULL," -1",1,0,1,70
202000000189,20,9,2020,11:50:00,1,64,64483,2,1,1,5,"CHANTACO (AVENUE DE )","43,3737000"," -1,6378600",202000000189,154 741 936,B01,1,1,0,2,1,1,5,NULL,202000000189,154 741 936,B01,1,1,4,1,1969,5,2,0,-1,-1," -1",-1,202000000189,3,"CHANTACO (AVENUE DE )",0,NULL,2,2,0,1,3,0,1,NULL," -1",1,0,1,70
202000000189,20,9,2020,11:50:00,1,64,64483,2,1,1,5,"CHANTACO (AVENUE DE )","43,3737000"," -1,6378600",202000000189,154 741 935,E01,1,1,0,2,1,2,5,NULL,202000000189,154 741 936,B01,1,1,4,1,1969,5,2,0,-1,-1," -1",-1,202000000189,3,"CHANTACO (AVENUE DE )",0,NULL,2,2,0,1,3,0,1,NULL," -1",1,0,1,70
202000000189,20,9,2020,11:50:00,1,64,64483,2,1,1,5,"CHANTACO (AVENUE DE )","43,3737000"," -1,6378600",202000000189,154 741 939,A01,1,1,0,2,1,1,5,NULL,202000000189,154 741 937,C01,1,1,4,1,1951,5,2,0,-1,-1," -1",-1,202000000189,3,"CHANTACO (AVENUE DE )",0,NULL,2,2,0,1,3,0,1,NULL," -1",1,0,1,70
202000000189,20,9,2020,11:50:00,1,64,64483,2,1,1,5,"CHANTACO (AVENUE DE )","43,3737000"," -1,6378600",202000000189,154 741 938,D01,1,1,0,2,1,1,5,NULL,202000000189,154 741 937,C01,1,1,4,1,1951,5,2,0,-1,-1," -1",-1,202000000189,3,"CHANTACO (AVENUE DE )",0,NULL,2,2,0,1,3,0,1,NULL," -1",1,0,1,70
202000000189,20,9,2020,11:50:00,1,64,64483,2,1,1,5,"CHANTACO (AVENUE DE )","43,3737000"," -1,6378600",202000000189,154 741 937,C01,1,1,0,2,1,2,5,NULL,202000000189,154 741 937,C01,1,1,4,1,1951,5,2,0,-1,-1," -1",-1,202000000189,3,"CHANTACO (AVENUE DE )",0,NULL,2,2,0,1,3,0,1,NULL," -1",1,0,1,70
202000000189,20,9,2020,11:50:00,1,64,64483,2,1,1,5,"CHANTACO (AVENUE DE )","43,3737000"," -1,6378600",202000000189,154 741 936,B01,1,1,0,2,1,1,5,NULL,202000000189,154 741 937,C01,1,1,4,1,1951,5,2,0,-1,-1," -1",-1,202000000189,3,"CHANTACO (AVENUE DE )",0,NULL,2,2,0,1,3,0,1,NULL," -1",1,0,1,70
202000000189,20,9,2020,11:50:00,1,64,64483,2,1,1,5,"CHANTACO (AVENUE DE )","43,3737000"," -1,6378600",202000000189,154 741 935,E01,1,1,0,2,1,2,5,NULL,202000000189,154 741 937,C01,1,1,4,1,1951,5,2,0,-1,-1," -1",-1,202000000189,3,"CHANTACO (AVENUE DE )",0,NULL,2,2,0,1,3,0,1,NULL," -1",1,0,1,70
202000000189,20,9,2020,11:50:00,1,64,64483,2,1,1,5,"CHANTACO (AVENUE DE )","43,3737000"," -1,6378600",202000000189,154 741 939,A01,1,1,0,2,1,1,5,NULL,202000000189,154 741 938,D01,1,1,4,1,1948,5,2,0,-1,-1," -1",-1,202000000189,3,"CHANTACO (AVENUE DE )",0,NULL,2,2,0,1,3,0,1,NULL," -1",1,0,1,70
202000000189,20,9,2020,11:50:00,1,64,64483,2,1,1,5,"CHANTACO (AVENUE DE )","43,3737000"," -1,6378600",202000000189,154 741 938,D01,1,1,0,2,1,1,5,NULL,202000000189,154 741 938,D01,1,1,4,1,1948,5,2,0,-1,-1," -1",-1,202000000189,3,"CHANTACO (AVENUE DE )",0,NULL,2,2,0,1,3,0,1,NULL," -1",1,0,1,70
202000000189,20,9,2020,11:50:00,1,64,64483,2,1,1,5,"CHANTACO (AVENUE DE )","43,3737000"," -1,6378600",202000000189,154 741 937,C01,1,1,0,2,1,2,5,NULL,202000000189,154 741 938,D01,1,1,4,1,1948,5,2,0,-1,-1," -1",-1,202000000189,3,"CHANTACO (AVENUE DE )",0,NULL,2,2,0,1,3,0,1,NULL," -1",1,0,1,70
202000000189,20,9,2020,11:50:00,1,64,64483,2,1,1,5,"CHANTACO (AVENUE DE )","43,3737000"," -1,6378600",202000000189,154 741 936,B01,1,1,0,2,1,1,5,NULL,202000000189,154 741 938,D01,1,1,4,1,1948,5,2,0,-1,-1," -1",-1,202000000189,3,"CHANTACO (AVENUE DE )",0,NULL,2,2,0,1,3,0,1,NULL," -1",1,0,1,70
202000000189,20,9,2020,11:50:00,1,64,64483,2,1,1,5,"CHANTACO (AVENUE DE )","43,3737000"," -1,6378600",202000000189,154 741 935,E01,1,1,0,2,1,2,5,NULL,202000000189,154 741 938,D01,1,1,4,1,1948,5,2,0,-1,-1," -1",-1,202000000189,3,"CHANTACO (AVENUE DE )",0,NULL,2,2,0,1,3,0,1,NULL," -1",1,0,1,70
202000000189,20,9,2020,11:50:00,1,64,64483,2,1,1,5,"CHANTACO (AVENUE DE )","43,3737000"," -1,6378600",202000000189,154 741 939,A01,1,1,0,2,1,1,5,NULL,202000000189,154 741 939,A01,1,1,4,2,1989,5,2,0,-1,-1," -1",-1,202000000189,3,"CHANTACO (AVENUE DE )",0,NULL,2,2,0,1,3,0,1,NULL," -1",1,0,1,70
202000000189,20,9,2020,11:50:00,1,64,64483,2,1,1,5,"CHANTACO (AVENUE DE )","43,3737000"," -1,6378600",202000000189,154 741 938,D01,1,1,0,2,1,1,5,NULL,202000000189,154 741 939,A01,1,1,4,2,1989,5,2,0,-1,-1," -1",-1,202000000189,3,"CHANTACO (AVENUE DE )",0,NULL,2,2,0,1,3,0,1,NULL," -1",1,0,1,70
202000000189,20,9,2020,11:50:00,1,64,64483,2,1,1,5,"CHANTACO (AVENUE DE )","43,3737000"," -1,6378600",202000000189,154 741 937,C01,1,1,0,2,1,2,5,NULL,202000000189,154 741 939,A01,1,1,4,2,1989,5,2,0,-1,-1," -1",-1,202000000189,3,"CHANTACO (AVENUE DE )",0,NULL,2,2,0,1,3,0,1,NULL," -1",1,0,1,70
202000000189,20,9,2020,11:50:00,1,64,64483,2,1,1,5,"CHANTACO (AVENUE DE )","43,3737000"," -1,6378600",202000000189,154 741 936,B01,1,1,0,2,1,1,5,NULL,202000000189,154 741 939,A01,1,1,4,2,1989,5,2,0,-1,-1," -1",-1,202000000189,3,"CHANTACO (AVENUE DE )",0,NULL,2,2,0,1,3,0,1,NULL," -1",1,0,1,70
202000000189,20,9,2020,11:50:00,1,64,64483,2,1,1,5,"CHANTACO (AVENUE DE )","43,3737000"," -1,6378600",202000000189,154 741 935,E01,1,1,0,2,1,2,5,NULL,202000000189,154 741 939,A01,1,1,4,2,1989,5,2,0,-1,-1," -1",-1,202000000189,3,"CHANTACO (AVENUE DE )",0,NULL,2,2,0,1,3,0,1,NULL," -1",1,0,1,70
202000000197,20,9,2020,09:45:00,1,13,13002,2,1,8,1,"QUATRE SAISONS (ROUTE DES)","43,3239140","5,4921450",202000000197,154 741 918,A01,1,1,0,2,0,1,5,NULL,202000000197,154 741 918,A01,1,1,4,1,1964,5,2,8,-1,-1," -1",-1,202000000197,3,4,0,A,-1,2,0,2,0,0,1,NULL," -1",2,0,1,50
202000000213,20,9,2020,01:30:00,5,75,75113,2,2,1,3,"RUE DES PEUPLIERS","48,8221500","2,3526890",202000000213,154 741 890,A01,1,1,0,2,1,1,5,NULL,202000000213,154 741 889,B01,1,1,1,1,1987,4,1,0,-1,0,0,-1,202000000213,4,NULL,0,NULL,-1,2,0,2,0,0,1,NULL," -1",1,0,1,50
202000000213,20,9,2020,01:30:00,5,75,75113,2,2,1,3,"RUE DES PEUPLIERS","48,8221500","2,3526890",202000000213,154 741 890,A01,1,1,0,2,1,1,5,NULL,202000000213,154 741 890,A01,2,2,3,2,2001,9,8,0,-1,0,0,-1,202000000213,4,NULL,0,NULL,-1,2,0,2,0,0,1,NULL," -1",1,0,1,50
202000000213,20,9,2020,01:30:00,5,75,75113,2,2,1,3,"RUE DES PEUPLIERS","48,8221500","2,3526890",202000000213,154 741 890,A01,1,1,0,2,1,1,5,NULL,202000000213,154 741 890,A01,1,1,4,1,2000,9,8,0,-1,0,0,-1,202000000213,4,NULL,0,NULL,-1,2,0,2,0,0,1,NULL," -1",1,0,1,50
202000000214,20,9,2020,18:50:00,1,75,75112,2,7,1,-1,"ROUTE DE LA PYRAMIDE","48,8338330","2,4448970",202000000214,154 741 888,Z01,1,1,0,2,4,1,5,NULL,202000000214,154 741 887,A01,1,1,4,1,1978,5,2,0,-1,0,0,-1,202000000214,4,NULL,0,NULL,-1,1,1,1,0,0,1,NULL," -1",1,-1,5,50
202000000214,20,9,2020,18:50:00,1,75,75112,2,7,1,-1,"ROUTE DE LA PYRAMIDE","48,8338330","2,4448970",202000000214,154 741 887,A01,1,1,0,2,1,1,5,NULL,202000000214,154 741 887,A01,1,1,4,1,1978,5,2,0,-1,0,0,-1,202000000214,4,NULL,0,NULL,-1,1,1,1,0,0,1,NULL," -1",1,-1,5,50
202000000216,20,9,2020,15:00:00,1,75,75104,2,3,1,6,"RUE DE RIVOLI","48,8554880","2,3600990",202000000216,154 741 885,A01,1,1,0,0,1,12,5,NULL,202000000216,154 741 885,A01,1,1,4,1,1968,5,8,0,-1,0,0,-1,202000000216,4,NULL,0,NULL,2,4,1,1,0,0,1,NULL," -1",1,-1,5,30
202000000218,20,9,2020,18:15:00,1,94,94034,2,1,1,3,"PASTEUR (BD)","48,7568840","2,3153510",202000000218,154 741 881,B01,1,1,0,2,8,26,5,NULL,202000000218,154 741 881,B01,1,1,4,1,1990,4,2,8,-1,0,0,-1,202000000218,3,127,0,NULL,2,2,0,1,0,1,1,NULL," -1",1,0,1,50
202000000220,20,9,2020,18:20:00,1,94,94071,2,6,1,1,"Avenue Gabriel Péri & Route de la Queue-En-Brie","48,7615579","2,5334328",202000000220,154 741 879,B01,3,1,0,2,7,26,5,NULL,202000000220,154 741 878,A01,1,1,1,1,1983,5,1,0,-1,-1," -1",-1,202000000220,3,"QUEUE EN BRIE (RTE DE LA)",0,NULL,1,1,0,1,(1),(1),2,NULL," -1",1,0,1,50
202000000220,20,9,2020,18:20:00,1,94,94071,2,6,1,1,"Avenue Gabriel Péri & Route de la Queue-En-Brie","48,7615579","2,5334328",202000000220,154 741 879,B01,3,1,0,2,7,26,5,NULL,202000000220,154 741 879,B01,1,1,4,1,1995,5,8,0,-1,-1," -1",-1,202000000220,3,"QUEUE EN BRIE (RTE DE LA)",0,NULL,1,1,0,1,(1),(1),2,NULL," -1",1,0,1,50
202000000225,20,9,2020,17:00:00,1,92,92040,2,6,1,3,"STALINGRAD (QUAI DE)","48,8201781","2,2429183",202000000225,154 741 869,A01,1,1,0,2,3,9,0,NULL,202000000225,154 741 868,B01,1,1,4,1,2005,0,8,0,-1,-1," -1",-1,202000000225,3,7,0,NULL,2,2,1,1,0,0,1,NULL," -1",1,0,5,30
202000000225,20,9,2020,17:00:00,1,92,92040,2,6,1,3,"STALINGRAD (QUAI DE)","48,8201781","2,2429183",202000000225,154 741 868,B01,2,1,0,2,2,1,0,NULL,202000000225,154 741 868,B01,1,1,4,1,2005,0,8,0,-1,-1," -1",-1,202000000225,3,7,0,NULL,2,2,1,1,0,0,1,NULL," -1",1,0,5,30
202000000225,20,9,2020,17:00:00,1,92,92040,2,6,1,3,"STALINGRAD (QUAI DE)","48,8201781","2,2429183",202000000225,154 741 869,A01,1,1,0,2,3,9,0,NULL,202000000225,154 741 869,A01,1,1,4,1,1963,0,8,0,-1,-1," -1",-1,202000000225,3,7,0,NULL,2,2,1,1,0,0,1,NULL," -1",1,0,5,30
202000000225,20,9,2020,17:00:00,1,92,92040,2,6,1,3,"STALINGRAD (QUAI DE)","48,8201781","2,2429183",202000000225,154 741 868,B01,2,1,0,2,2,1,0,NULL,202000000225,154 741 869,A01,1,1,4,1,1963,0,8,0,-1,-1," -1",-1,202000000225,3,7,0,NULL,2,2,1,1,0,0,1,NULL," -1",1,0,5,30
202000000237,19,9,2020,15:00:00,1,62,62773,2,3,1,-1,"Rue de Neufchatel","50,6388160","1,7431366",202000000237,154 741 846,A01,2,1,0,0,0,0,5,NULL,202000000237,154 741 845,B01,1,1,1,1,1974,4,0,8,-1,0,0,-1,202000000237,3,215,0,D,2,2,0,2,8,0,1,NULL," -1",8,0,1,50
202000000237,19,9,2020,15:00:00,1,62,62773,2,3,1,-1,"Rue de Neufchatel","50,6388160","1,7431366",202000000237,154 741 846,A01,2,1,0,0,0,0,5,NULL,202000000237,154 741 846,A01,1,1,4,2,1981,0,8,-1,-1,0,0,-1,202000000237,3,215,0,D,2,2,0,2,8,0,1,NULL," -1",8,0,1,50
202000000242,20,9,2020,13:00:00,1,65,65362,2,1,1,7,"1 Route de Cauterêts","42,9583500"," -0,0776660",202000000242,154 741 837,A01,1,1,6,0,7,1,5,NULL,202000000242,154 741 837,A01,1,1,3,1,1984,5,2,-1,-1,0,0,-1,202000000242,3,920,-1,NULL,2,2,0,2,0,250,2,NULL," -1",1,0,1,50
202000000243,21,9,2020,13:45:00,1,33,33236,2,1,2,3,"98 Avenue du Truc Vert","44,7248500"," -1,2193100",202000000243,154 741 836,B01,1,1,0,2,1,1,5,NULL,202000000243,154 741 835,A01,7,2,4,1,1999,5,1,-1,-1,0,0,-1,202000000243,4,"Avenue du Truc Vert",0,NULL,2,2,2,1,(1),(1),2,NULL," -1",2,0,5,50