Num_Acc,jour,mois,an,hrmn,lum,dep,com,agg,int,atm,col,adr,lat,long,Num_Acc,id_vehicule,num_veh,senc,catv,obs,obsm,choc,manv,motor,occutc,Num_Acc,id_vehicule,num_veh,place,catu,grav,sexe,an_nais,trajet,secu1,secu2,secu3,locp,actp,etatp,Num_Acc,catr,voie,v1,v2,circ,nbv,vosp,prof,pr,pr1,plan,lartpc,larrout,surf,infra,situ,vma
202000000643,24,8,2020,12:10:00,1,69,69387,2,9,1,6,"RENAN                               (R )","45,7483100","4,8418900",202000000643,154 741 124,B01,1,1,0,2,0,0,5,NULL,202000000643,154 741 124,B01,1,1,4,1,2003,0,8,0,-1,-1," -1",-1,202000000643,4,"RENAN                               (R )",0,NULL,1,1,1,1,0,0,1,NULL," -1",1,0,1,50
202000000661,21,8,2020,22:10:00,5,67,67365,1,3,1,3,"ETTORE BUGATTI (RUE)","48,5435700","7,6973600",202000000661,154 741 097,A01,1,1,0,2,3,19,5,NULL,202000000661,154 741 097,A01,2,2,4,2,1954,5,8,0,-1,-1," -1",-1,202000000661,4,NULL,0,NULL,2,2,1,1,0,0,1,NULL," -1",1,0,1,50
202000000661,21,8,2020,22:10:00,5,67,67365,1,3,1,3,"ETTORE BUGATTI (RUE)","48,5435700","7,6973600",202000000661,154 741 097,A01,1,1,0,2,3,19,5,NULL,202000000661,154 741 097,A01,1,1,4,1,1948,5,8,0,-1,-1," -1",-1,202000000661,4,NULL,0,NULL,2,2,1,1,0,0,1,NULL," -1",1,0,1,50
202000000664,21,8,2020,23:45:00,5,66,66136,2,2,1,3,"PERVENCHES (AVENUE DES)","42,7017500","2,9045700",202000000664,154 741 092,B01,1,1,0,2,1,9,5,NULL,202000000664,154 741 091,A01,1,1,1,1,1954,5,1,8,-1,-1," -1",-1,202000000664,4,"PERVENCHES (AVENUE DES)",0,NULL,2,2,0,1,0,0,1,NULL," -1",1,0,1,50
202000000664,21,8,2020,23:45:00,5,66,66136,2,2,1,3,"PERVENCHES (AVENUE DES)","42,7017500","2,9045700",202000000664,154 741 092,B01,1,1,0,2,1,9,5,NULL,202000000664,154 741 092,B01,1,1,4,1,2002,5,8,0,-1,-1," -1",-1,202000000664,4,"PERVENCHES (AVENUE DES)",0,NULL,2,2,0,1,0,0,1,NULL," -1",1,0,1,50
202000000672,22,8,2020,19:40:00,1,54,54339,2,1,1,6,"LION D'OR (RUE DU)","48,7090950","6,1809909",202000000672,154 741 078,A01,3,1,16,0,1,15,5,NULL,202000000672,154 741 078,A01,1,1,3,2,1965,0,8,0,-1,0,0,-1,202000000672,4,NULL,0,NULL,2,2,0,1,(1),(1),1,NULL," -1",1,0,1,50
202000000688,24,8,2020,08:20:00,1,25,25056,2,3,1,1,"18 Route de Tressandans","47,2535130","6,0294710",202000000688,154 741 052,B01,2,1,0,2,8,1,0,NULL,202000000688,154 741 052,B01,1,1,3,1,1970,1,2,8,-1,-1," -1",-1,202000000688,4,NULL,0,NULL,2,2,0,2,0,0,1,NULL," -1",1,0,1,50
202000000690,15,8,2020,09:30:00,1,22,22215,1,1,1,1,"POMMERAIE (RUE DE LA)","48,4989600"," -2,8197600",202000000690,154 741 048,A01,0,1,0,2,1,1,5,NULL,202000000690,154 741 048,A01,1,1,4,1,1971,5,2,8,-1,-1," -1",-1,202000000690,4,"POMMERAIE (RUE DE LA)",0,NULL,2,1,0,1,0,0,1,NULL," -1",1,0,1,80
202000000703,24,8,2020,18:15:00,1,75,75119,2,1,1,1,"BOULEVARD SERURIER","48,8785350","2,4025410",202000000703,154 741 024,Z01,2,1,0,2,1,5,5,NULL,202000000703,154 741 023,A01,1,1,4,1,1991,1,2,0,-1,0,0,-1,202000000703,4,NULL,0,NULL,3,2,1,2,0,0,1,NULL," -1",1,-1,5,50
202000000706,23,8,2020,23:20:00,5,75,75116,2,3,1,3,"AVENUE DU PRESIDENT KENNEDY","48,8579240","2,2879310",202000000706,154 741 019,B01,1,1,0,2,4,19,5,NULL,202000000706,154 741 018,A01,1,1,1,1,1997,5,2,6,-1,0,0,-1,202000000706,4,NULL,0,NULL,2,4,1,1,0,0,1,NULL," -1",1,-1,5,50
202000000706,23,8,2020,23:20:00,5,75,75116,2,3,1,3,"AVENUE DU PRESIDENT KENNEDY","48,8579240","2,2879310",202000000706,154 741 019,B01,1,1,0,2,4,19,5,NULL,202000000706,154 741 019,B01,1,1,4,1,1993,5,2,0,-1,0,0,-1,202000000706,4,NULL,0,NULL,2,4,1,1,0,0,1,NULL," -1",1,-1,5,50
202000000712,24,8,2020,18:30:00,1,75,75101,2,7,1,1,"RUE DE RIVOLI","48,8637250","2,3320440",202000000712,154 741 010,A01,2,1,0,2,1,1,5,NULL,202000000712,154 741 010,A01,1,1,4,2,1991,1,2,0,-1,0,0,-1,202000000712,4,NULL,0,NULL,2,2,1,1,0,0,1,NULL," -1",1,-1,5,50
202000000716,24,8,2020,16:30:00,1,94,94016,2,1,1,3,"CAMILLE DESMOULINS (R)","48,7947000","2,3348000",202000000716,154 741 005,B01,1,1,0,2,8,21,0,NULL,202000000716,154 741 004,A01,1,1,1,1,1993,1,8,0,-1,-1," -1",-1,202000000716,3,127,0,NULL,2,1,0,1,0,1,1,NULL," -1",1,0,1,50
202000000716,24,8,2020,16:30:00,1,94,94016,2,1,1,3,"CAMILLE DESMOULINS (R)","48,7947000","2,3348000",202000000716,154 741 005,B01,1,1,0,2,8,21,0,NULL,202000000716,154 741 005,B01,1,1,4,1,1997,0,2,0,-1,-1," -1",-1,202000000716,3,127,0,NULL,2,1,0,1,0,1,1,NULL," -1",1,0,1,50
202000000746,25,8,2020,08:25:00,1,65,65439,2,1,1,6,D27,"43,3174660"," -0,0095380",202000000746,154 740 958,A01,2,1,16,6,7,1,5,NULL,202000000746,154 740 958,A01,1,1,3,1,1948,5,2,6,-1,0,0,-1,202000000746,3,27,-1,NULL,2,2,0,2,5,37,1,NULL," -1",1,0,1,50
202000000765,17,12,2020,17:25:00,2,93,93055,2,1,1,3,"CARTIER BRESSON DU 41/93.46/100","48,9013125","2,4022089",202000000765,154 740 921,Y01,0,1,0,2,0,26,0,NULL,202000000765,154 740 920,A01,1,1,1,1,1961,4,1,0,0,-1," -1",-1,202000000765,4,"CARTIER BRESSON DU 41/93.46/100",0,NULL,2,2,0,1,0,0,1,NULL," -1",1,0,4,50
202000000765,17,12,2020,17:25:00,2,93,93055,2,1,1,3,"CARTIER BRESSON DU 41/93.46/100","48,9013125","2,4022089",202000000765,154 740 921,Y01,0,1,0,2,0,26,0,NULL,202000000765,154 740 921,Y01,1,1,2,2,2017,9,0,-1,-1,0,0,-1,202000000765,4,"CARTIER BRESSON DU 41/93.46/100",0,NULL,2,2,0,1,0,0,1,NULL," -1",1,0,4,50
202000000773,6,11,2020,17:05:00,2,93,93055,2,6,1,3,"JEAN LOLIVE (AVENUE)(137/FIN ET 134/FIN)","48,8954189","2,4257724",202000000773,154 740 906,B01,-1,1,0,2,8,1,0,NULL,202000000773,154 740 905,A01,1,1,1,1,1961,0,8,0,0,-1," -1",-1,202000000773,3,"JEAN LOLIVE (AVENUE)(137/FIN ET 134/FIN)",0,NULL,4,7,0,1,0,1,1,NULL," -1",1,5,1,50
202000000773,6,11,2020,17:05:00,2,93,93055,2,6,1,3,"JEAN LOLIVE (AVENUE)(137/FIN ET 134/FIN)","48,8954189","2,4257724",202000000773,154 740 906,B01,-1,1,0,2,8,1,0,NULL,202000000773,154 740 906,B01,1,1,4,2,1985,0,8,0,-1,-1," -1",-1,202000000773,3,"JEAN LOLIVE (AVENUE)(137/FIN ET 134/FIN)",0,NULL,4,7,0,1,0,1,1,NULL," -1",1,5,1,50
202000000776,3,11,2020,07:35:00,2,93,93055,2,3,1,3,"Rue Rouget de Lisle","48,8898199","2,4100272",202000000776,154 740 900,B01,2,1,0,2,1,0,5,NULL,202000000776,154 740 899,A01,1,1,1,1,1975,9,1,0,0,-1," -1",-1,202000000776,3,"JEAN LOLIVE (AVENUE)(137/FIN ET 134/FIN)",0,NULL,2,2,0,1,0,1,1,NULL," -1",1,0,1,30
202000000776,3,11,2020,07:35:00,2,93,93055,2,3,1,3,"Rue Rouget de Lisle","48,8898199","2,4100272",202000000776,154 740 900,B01,2,1,0,2,1,0,5,NULL,202000000776,154 740 900,B01,1,1,4,1,1991,0,8,0,-1,-1," -1",-1,202000000776,3,"JEAN LOLIVE (AVENUE)(137/FIN ET 134/FIN)",0,NULL,2,2,0,1,0,1,1,NULL," -1",1,0,1,30
202000000784,10,10,2020,09:15:00,1,93,93055,2,3,1,3,"VICTOR HUGO (65/FIN . 62/FIN)","48,8934482","2,4112119",202000000784,154 740 884,B01,2,1,0,2,0,1,0,NULL,202000000784,154 740 883,A01,1,1,1,2,1999,0,1,0,0,-1," -1",-1,202000000784,4,"VICTOR HUGO (65/FIN . 62/FIN)",0,NULL,-1,2,0,1,0,0,1,NULL," -1",1,0,1,50
202000000784,10,10,2020,09:15:00,1,93,93055,2,3,1,3,"VICTOR HUGO (65/FIN . 62/FIN)","48,8934482","2,4112119",202000000784,154 740 884,B01,2,1,0,2,0,1,0,NULL,202000000784,154 740 884,B01,1,1,4,2,1957,3,8,0,-1,-1," -1",-1,202000000784,4,"VICTOR HUGO (65/FIN . 62/FIN)",0,NULL,-1,2,0,1,0,0,1,NULL," -1",1,0,1,50
202000000833,21,10,2020,06:55:00,1,973,97302,2,1,1,3,"MADELEINE (ROUTE DE LA)","4,9259663"," -52,3242760",202000000833,154 740 798,B01,1,1,0,2,4,19,0,NULL,202000000833,154 740 797,A01,1,1,1,1,1988,1,1,8,-1,-1," -1",-1,202000000833,3,0017,0,NULL,2,2,0,1,1,750,1,NULL," -1",1,0,6,50
202000000833,21,10,2020,06:55:00,1,973,97302,2,1,1,3,"MADELEINE (ROUTE DE LA)","4,9259663"," -52,3242760",202000000833,154 740 798,B01,1,1,0,2,4,19,0,NULL,202000000833,154 740 798,B01,1,1,3,1,2009,2,2,8,-1,-1," -1",-1,202000000833,3,0017,0,NULL,2,2,0,1,1,750,1,NULL," -1",1,0,6,50
202000000859,28,6,2020,09:00:00,1,85,85074,2,1,1,-1,NULL,"46,5249500"," -1,2626200",202000000859,154 740 758,B01,1,1,0,5,0,1,5,NULL,202000000859,154 740 757,A01,1,1,4,1,1964,5,2,-1,-1,0,0,-1,202000000859,3,50,-1,NULL,2,-1,-1,1,20,8,1,NULL," -1",1,0,1,50
202000000859,28,6,2020,09:00:00,1,85,85074,2,1,1,-1,NULL,"46,5249500"," -1,2626200",202000000859,154 740 757,A01,1,1,0,5,0,1,5,NULL,202000000859,154 740 757,A01,1,1,4,1,1964,5,2,-1,-1,0,0,-1,202000000859,3,50,-1,NULL,2,-1,-1,1,20,8,1,NULL," -1",1,0,1,50
202000000859,28,6,2020,09:00:00,1,85,85074,2,1,1,-1,NULL,"46,5249500"," -1,2626200",202000000859,154 740 758,B01,1,1,0,5,0,1,5,NULL,202000000859,154 740 758,B01,1,1,4,1,2000,5,2,-1,-1,0,0,-1,202000000859,3,50,-1,NULL,2,-1,-1,1,20,8,1,NULL," -1",1,0,1,50
202000000859,28,6,2020,09:00:00,1,85,85074,2,1,1,-1,NULL,"46,5249500"," -1,2626200",202000000859,154 740 757,A01,1,1,0,5,0,1,5,NULL,202000000859,154 740 758,B01,1,1,4,1,2000,5,2,-1,-1,0,0,-1,202000000859,3,50,-1,NULL,2,-1,-1,1,20,8,1,NULL," -1",1,0,1,50
202000000883,1,7,2020,00:05:00,5,75,75110,2,1,1,3,"BOULEVARD DE STRASBOURG","48,8696440","2,3544300",202000000883,154 740 713,A01,1,1,0,2,1,1,5,NULL,202000000883,154 740 713,A01,1,1,4,1,1960,9,8,0,-1,0,0,-1,202000000883,4,NULL,0,NULL,1,2,1,1,0,0,1,NULL," -1",1,-1,5,15
202000000916,1,12,2020,14:50:00,1,75,75120,2,3,1,2,"RUE DES PYRENEES","48,8581180","2,4033760",202000000916,154 740 662,A01,2,1,0,2,4,2,5,NULL,202000000916,154 740 662,A01,1,1,4,1,1984,9,2,0,-1,0,0,-1,202000000916,4,NULL,0,NULL,2,2,0,1,0,0,1,NULL," -1",1,0,1,50
202000000918,1,12,2020,17:15:00,5,75,75119,2,1,8,7,"BOULEVARD D ALGERIE","48,8821460","2,4005040",202000000918,154 740 658,A01,1,1,0,0,0,1,5,NULL,202000000918,154 740 658,A01,1,1,4,1,1982,9,2,0,-1,0,0,-1,202000000918,4,NULL,0,NULL,2,4,1,2,0,0,2,NULL," -1",2,-1,5,30
202000000920,1,12,2020,06:55:00,5,75,75119,2,1,1,3,"RUE CLAVEL","48,8745550","2,3850850",202000000920,154 740 655,B01,1,1,0,2,2,1,5,NULL,202000000920,154 740 655,B01,1,1,4,2,1988,1,2,0,-1,0,0,-1,202000000920,4,NULL,0,NULL,1,1,0,1,0,0,1,NULL," -1",2,0,1,50
202000000920,1,12,2020,06:55:00,5,75,75119,2,1,1,3,"RUE CLAVEL","48,8745550","2,3850850",202000000920,154 740 655,B01,1,1,0,2,2,1,5,NULL,202000000920,154 740 656,A01,1,1,1,1,1968,1,1,0,-1,0,0,-1,202000000920,4,NULL,0,NULL,1,1,0,1,0,0,1,NULL," -1",2,0,1,50
202000000926,1,12,2020,11:19:00,1,75,75107,2,2,1,3,"AVENUE DU MARECHAL GALLIENI","48,8610440","2,3132520",202000000926,154 740 642,B01,1,1,0,2,7,13,5,NULL,202000000926,154 740 641,A01,1,1,1,1,1979,9,1,0,-1,0,0,-1,202000000926,4,NULL,0,NULL,2,6,0,1,0,0,1,NULL," -1",1,0,1,50
202000000926,1,12,2020,11:19:00,1,75,75107,2,2,1,3,"AVENUE DU MARECHAL GALLIENI","48,8610440","2,3132520",202000000926,154 740 642,B01,1,1,0,2,7,13,5,NULL,202000000926,154 740 642,B01,1,1,4,2,1972,9,2,0,-1,0,0,-1,202000000926,4,NULL,0,NULL,2,6,0,1,0,0,1,NULL," -1",1,0,1,50
202000000951,23,10,2020,07:45:00,3,80,80521,1,1,5,4,D146,"49,9829630","2,8509670",202000000951,154 740 599,C01,3,1,0,2,4,2,5,NULL,202000000951,154 740 598,B01,1,1,3,1,1982,1,0,-1,-1,0,0,-1,202000000951,3,146,-1,NULL,2,2,0,1,5,40,3,NULL," -1",2,0,1,80
202000000951,23,10,2020,07:45:00,3,80,80521,1,1,5,4,D146,"49,9829630","2,8509670",202000000951,154 740 598,B01,3,1,0,2,4,2,5,NULL,202000000951,154 740 598,B01,1,1,3,1,1982,1,0,-1,-1,0,0,-1,202000000951,3,146,-1,NULL,2,2,0,1,5,40,3,NULL," -1",2,0,1,80
202000000951,23,10,2020,07:45:00,3,80,80521,1,1,5,4,D146,"49,9829630","2,8509670",202000000951,154 740 599,C01,3,1,0,2,4,2,5,NULL,202000000951,154 740 599,C01,1,1,3,1,1995,1,0,-1,-1,0,0,-1,202000000951,3,146,-1,NULL,2,2,0,1,5,40,3,NULL," -1",2,0,1,80
202000000951,23,10,2020,07:45:00,3,80,80521,1,1,5,4,D146,"49,9829630","2,8509670",202000000951,154 740 598,B01,3,1,0,2,4,2,5,NULL,202000000951,154 740 599,C01,1,1,3,1,1995,1,0,-1,-1,0,0,-1,202000000951,3,146,-1,NULL,2,2,0,1,5,40,3,NULL," -1",2,0,1,80
202000000951,23,10,2020,07:45:00,3,80,80521,1,1,5,4,D146,"49,9829630","2,8509670",202000000951,154 740 599,C01,3,1,0,2,4,2,5,NULL,202000000951,154 740 600,A01,1,1,1,1,1982,1,1,-1,-1,0,0,-1,202000000951,3,146,-1,NULL,2,2,0,1,5,40,3,NULL," -1",2,0,1,80
202000000951,23,10,2020,07:45:00,3,80,80521,1,1,5,4,D146,"49,9829630","2,8509670",202000000951,154 740 598,B01,3,1,0,2,4,2,5,NULL,202000000951,154 740 600,A01,1,1,1,1,1982,1,1,-1,-1,0,0,-1,202000000951,3,146,-1,NULL,2,2,0,1,5,40,3,NULL," -1",2,0,1,80
202000000954,28,11,2020,10:45:00,1,25,25527,2,1,1,1,"916 Chemin du Moulin de Bénusse","47,1885060","5,8543070",202000000954,154 740 592,B01,3,1,0,2,0,0,5,NULL,202000000954,154 740 591,A01,1,1,1,1,2001,5,8,-1,-1,0,0,-1,202000000954,4,NULL,-1,NULL,2,2,0,4,(1),(1),3,NULL," -1",1,0,1,50
202000000954,28,11,2020,10:45:00,1,25,25527,2,1,1,1,"916 Chemin du Moulin de Bénusse","47,1885060","5,8543070",202000000954,154 740 592,B01,3,1,0,2,0,0,5,NULL,202000000954,154 740 592,B01,1,1,3,2,2006,5,0,-1,-1,0,0,-1,202000000954,4,NULL,-1,NULL,2,2,0,4,(1),(1),3,NULL," -1",1,0,1,50
202000000998,30,11,2020,17:15:00,2,75,75116,2,7,1,3,"PLACE DU TROCADERO ET DU 11 NOVEMBRE","48,8629840","2,2879010",202000000998,154 740 508,B01,1,1,0,2,3,1,5,NULL,202000000998,154 740 507,A01,1,1,1,2,1946,9,1,0,-1,0,0,-1,202000000998,4,NULL,0,NULL,1,4,0,1,0,0,1,NULL," -1",1,0,1,50
202000000998,30,11,2020,17:15:00,2,75,75116,2,7,1,3,"PLACE DU TROCADERO ET DU 11 NOVEMBRE","48,8629840","2,2879010",202000000998,154 740 508,B01,1,1,0,2,3,1,5,NULL,202000000998,154 740 508,B01,1,1,4,2,1966,1,2,0,-1,0,0,-1,202000000998,4,NULL,0,NULL,1,4,0,1,0,0,1,NULL," -1",1,0,1,50
202000001004,30,11,2020,18:38:00,5,75,75108,2,1,1,3,"RUE SAINT LAZARE","48,8754160","2,3254150",202000001004,154 740 495,B01,1,1,0,2,1,1,5,NULL,202000001004,154 740 494,A01,1,1,1,1,1958,4,1,0,-1,0,0,-1,202000001004,4,NULL,0,NULL,2,5,1,1,0,0,1,NULL," -1",1,-1,5,50
202000001004,30,11,2020,18:38:00,5,75,75108,2,1,1,3,"RUE SAINT LAZARE","48,8754160","2,3254150",202000001004,154 740 495,B01,1,1,0,2,1,1,5,NULL,202000001004,154 740 495,B01,1,1,4,2,2003,5,2,0,-1,0,0,-1,202000001004,4,NULL,0,NULL,2,5,1,1,0,0,1,NULL," -1",1,-1,5,50
202000001008,30,11,2020,18:30:00,5,94,94041,2,1,1,3,"HOCHE (R)","48,8120600","2,3716700",202000001008,154 740 486,A01,0,1,0,2,3,0,0,NULL,202000001008,154 740 486,A01,1,1,4,1,2008,2,2,0,-1,-1," -1",-1,202000001008,4,"HOCHE (R)",0,NULL,2,2,0,1,0,1,1,NULL," -1",1,0,1,50
202000001008,30,11,2020,18:30:00,5,94,94041,2,1,1,3,"HOCHE (R)","48,8120600","2,3716700",202000001008,154 740 486,A01,0,1,0,2,3,0,0,NULL,202000001008,154 740 487,B01,1,1,1,2,1989,1,1,0,-1,-1," -1",-1,202000001008,4,"HOCHE (R)",0,NULL,2,2,0,1,0,1,1,NULL," -1",1,0,1,50
202000001024,28,11,2020,16:15:00,1,89,89419,2,1,1,2,"32 Boulevard Pierre Larousse","47,7342250","3,2978100",202000001024,154 740 464,B01,1,1,0,2,4,1,5,NULL,202000001024,154 740 463,A01,1,1,1,2,1980,3,1,-1,-1,0,0,-1,202000001024,3,965,-1,NULL,2,2,0,1,76,750,1,NULL," -1",1,9,1,30
202000001024,28,11,2020,16:15:00,1,89,89419,2,1,1,2,"32 Boulevard Pierre Larousse","47,7342250","3,2978100",202000001024,154 740 464,B01,1,1,0,2,4,1,5,NULL,202000001024,154 740 464,B01,1,1,3,1,1955,5,2,6,-1,0,0,-1,202000001024,3,965,-1,NULL,2,2,0,1,76,750,1,NULL," -1",1,9,1,30
202000001030,28,11,2020,10:20:00,1,72,72172,2,1,7,3,"33 Rue des Vignes","48,0694380","0,5876180",202000001030,154 740 454,B01,1,1,0,0,6,2,5,NULL,202000001030,154 740 453,A01,1,1,1,1,1997,5,1,-1,-1,0,0,-1,202000001030,3,85,-1,D,2,2,0,4,(1),(1),1,NULL," -1",1,0,1,50
202000001030,28,11,2020,10:20:00,1,72,72172,2,1,7,3,"33 Rue des Vignes","48,0694380","0,5876180",202000001030,154 740 454,B01,1,1,0,0,6,2,5,NULL,202000001030,154 740 454,B01,1,1,3,2,1956,5,0,-1,-1,0,0,-1,202000001030,3,85,-1,D,2,2,0,4,(1),(1),1,NULL," -1",1,0,1,50
202000001072,6,3,2020,07:30:00,2,45,45234,2,6,7,3,"Rue du Nécotin - Rue des Prateaux","47,9277000","1,9377300",202000001072,154 740 383,B01,2,1,0,2,7,1,0,NULL,202000001072,154 740 382,A01,1,1,1,2,1967,1,1,0,-1,0,0,-1,202000001072,4,"Rue du Nécotin",0,NULL,2,2,0,1,1,0,2,NULL," -1",1,0,1,50
202000001072,6,3,2020,07:30:00,2,45,45234,2,6,7,3,"Rue du Nécotin - Rue des Prateaux","47,9277000","1,9377300",202000001072,154 740 383,B01,2,1,0,2,7,1,0,NULL,202000001072,154 740 383,B01,1,1,4,1,1970,0,8,0,-1,0,0,-1,202000001072,4,"Rue du Nécotin",0,NULL,2,2,0,1,1,0,2,NULL," -1",1,0,1,50
202000001077,6,3,2020,16:29:00,1,35,35238,2,1,2,7,"VILLEBOIS MAREUIL (BD)","48,1099800"," -1,6550700",202000001077,154 740 371,A01,0,1,0,0,0,26,5,NULL,202000001077,154 740 371,A01,1,1,4,1,1969,9,8,0,-1,-1," -1",-1,202000001077,4,"VILLEBOIS MAREUIL (BD)",0,NULL,2,2,0,1,0,0,1,NULL," -1",2,0,1,50
202000001078,6,3,2020,07:55:00,1,35,35238,2,1,2,3,"DONZELOT (AVENUE PIERRE)","48,1233800"," -1,6395800",202000001078,154 740 370,A01,1,1,0,9,1,15,5,NULL,202000001078,154 740 369,B01,1,1,1,1,2000,0,8,0,-1,-1," -1",-1,202000001078,4,"DONZELOT (AVENUE PIERRE)",0,NULL,2,2,0,1,0,0,1,NULL," -1",2,0,1,50
202000001078,6,3,2020,07:55:00,1,35,35238,2,1,2,3,"DONZELOT (AVENUE PIERRE)","48,1233800"," -1,6395800",202000001078,154 740 369,B01,2,1,0,2,0,0,0,NULL,202000001078,154 740 369,B01,1,1,1,1,2000,0,8,0,-1,-1," -1",-1,202000001078,4,"DONZELOT (AVENUE PIERRE)",0,NULL,2,2,0,1,0,0,1,NULL," -1",2,0,1,50
202000001078,6,3,2020,07:55:00,1,35,35238,2,1,2,3,"DONZELOT (AVENUE PIERRE)","48,1233800"," -1,6395800",202000001078,154 740 370,A01,1,1,0,9,1,15,5,NULL,202000001078,154 740 370,A01,1,1,4,1,2001,2,8,0,-1,-1," -1",-1,202000001078,4,"DONZELOT (AVENUE PIERRE)",0,NULL,2,2,0,1,0,0,1,NULL," -1",2,0,1,50
202000001078,6,3,2020,07:55:00,1,35,35238,2,1,2,3,"DONZELOT (AVENUE PIERRE)","48,1233800"," -1,6395800",202000001078,154 740 369,B01,2,1,0,2,0,0,0,NULL,202000001078,154 740 370,A01,1,1,4,1,2001,2,8,0,-1,-1," -1",-1,202000001078,4,"DONZELOT (AVENUE PIERRE)",0,NULL,2,2,0,1,0,0,1,NULL," -1",2,0,1,50
202000001081,6,3,2020,01:45:00,5,35,35238,2,1,1,2,"GUEHENNO (JEAN)","48,1182300"," -1,6709000",202000001081,154 740 364,A01,1,1,0,2,1,23,5,NULL,202000001081,154 740 364,A01,1,1,4,1,1997,0,8,0,-1,-1," -1",-1,202000001081,4,"GUEHENNO (JEAN)",0,NULL,2,1,0,1,0,0,1,NULL," -1",1,0,1,50
202000001081,6,3,2020,01:45:00,5,35,35238,2,1,1,2,"GUEHENNO (JEAN)","48,1182300"," -1,6709000",202000001081,154 740 364,A01,1,1,0,2,1,23,5,NULL,202000001081,154 740 365,B01,1,1,1,2,1992,0,1,0,-1,-1," -1",-1,202000001081,4,"GUEHENNO (JEAN)",0,NULL,2,1,0,1,0,0,1,NULL," -1",1,0,1,50
202000001097,6,3,2020,09:22:00,1,14,14167,2,1,1,2,"WILKIN (RUE DES FRERES)","49,2059600"," -0,2991400",202000001097,154 740 335,B01,1,1,0,2,1,1,5,NULL,202000001097,154 740 334,A01,1,1,1,2,1971,4,1,0,-1,0,0,-1,202000001097,4,NULL,0,NULL,-1,0,0,1,1,0,1,NULL," -1",1,0,1,50
202000001097,6,3,2020,09:22:00,1,14,14167,2,1,1,2,"WILKIN (RUE DES FRERES)","49,2059600"," -0,2991400",202000001097,154 740 335,B01,1,1,0,2,1,1,5,NULL,202000001097,154 740 335,B01,1,1,4,2,1976,4,8,0,-1,0,0,-1,202000001097,4,NULL,0,NULL,-1,0,0,1,1,0,1,NULL," -1",1,0,1,50
202000001109,5,3,2020,20:45:00,5,75,75106,2,1,2,3,"RUE DES SAINTS PERES","48,8540310","2,3301890",202000001109,154 740 312,B01,1,1,0,2,8,13,5,NULL,202000001109,154 740 311,A01,1,1,1,1,1993,9,2,0,-1,0,0,-1,202000001109,4,NULL,0,NULL,1,1,0,1,0,0,1,NULL," -1",2,0,1,50
202000001109,5,3,2020,20:45:00,5,75,75106,2,1,2,3,"RUE DES SAINTS PERES","48,8540310","2,3301890",202000001109,154 740 312,B01,1,1,0,2,8,13,5,NULL,202000001109,154 740 312,B01,1,1,4,2,1993,1,2,0,-1,0,0,-1,202000001109,4,NULL,0,NULL,1,1,0,1,0,0,1,NULL," -1",2,0,1,50
202000001112,5,3,2020,13:45:00,1,75,75120,2,1,8,3,"RUE HAXO","48,8747390","2,4030730",202000001112,154 740 306,B01,1,1,0,2,1,1,5,NULL,202000001112,154 740 306,B01,1,1,4,1,1954,5,2,0,-1,0,0,-1,202000001112,4,NULL,0,NULL,2,2,0,1,0,0,1,NULL," -1",2,0,1,30
202000001112,5,3,2020,13:45:00,1,75,75120,2,1,8,3,"RUE HAXO","48,8747390","2,4030730",202000001112,154 740 306,B01,1,1,0,2,1,1,5,NULL,202000001112,154 740 307,A01,1,1,1,2,1977,4,1,0,-1,0,0,-1,202000001112,4,NULL,0,NULL,2,2,0,1,0,0,1,NULL," -1",2,0,1,30
202000001124,6,3,2020,09:00:00,1,75,75110,2,3,1,-1,"RUE DES PETITES ECURIES","48,8733964","2,3526469",202000001124,154 740 286,B01,1,1,0,2,1,16,5,NULL,202000001124,154 740 286,B01,1,1,4,1,1976,1,8,0,-1,0,0,-1,202000001124,4,NULL,0,NULL,1,1,0,1,0,0,1,NULL," -1",2,0,1,50
202000001124,6,3,2020,09:00:00,1,75,75110,2,3,1,-1,"RUE DES PETITES ECURIES","48,8733964","2,3526469",202000001124,154 740 286,B01,1,1,0,2,1,16,5,NULL,202000001124,154 740 287,A01,1,1,1,1,1975,4,8,0,-1,0,0,-1,202000001124,4,NULL,0,NULL,1,1,0,1,0,0,1,NULL," -1",2,0,1,50
202000001135,3,3,2020,11:35:00,1,94,94058,2,1,1,5,"ALSACE LORRAINE (BD D)","48,8500000","2,5000000",202000001135,154 740 269,Y01,1,1,0,2,8,19,5,NULL,202000001135,154 740 269,Y01,1,1,4,2,2004,2,0,-1,-1,0,0,-1,202000001135,3,34,0,NULL,1,2,0,1,1,0,1,NULL," -1",1,0,1,50
202000001135,3,3,2020,11:35:00,1,94,94058,2,1,1,5,"ALSACE LORRAINE (BD D)","48,8500000","2,5000000",202000001135,154 740 269,Y01,1,1,0,2,8,19,5,NULL,202000001135,154 740 270,B01,1,1,1,1,1980,1,1,0,-1,-1," -1",-1,202000001135,3,34,0,NULL,1,2,0,1,1,0,1,NULL," -1",1,0,1,50
202000001135,3,3,2020,11:35:00,1,94,94058,2,1,1,5,"ALSACE LORRAINE (BD D)","48,8500000","2,5000000",202000001135,154 740 269,Y01,1,1,0,2,8,19,5,NULL,202000001135,154 740 271,A01,1,1,1,2,1978,1,1,0,-1,-1," -1",-1,202000001135,3,34,0,NULL,1,2,0,1,1,0,1,NULL," -1",1,0,1,50