Num_Acc,jour,mois,an,hrmn,lum,dep,com,agg,int,atm,col,adr,lat,long,Num_Acc,id_vehicule,num_veh,senc,catv,obs,obsm,choc,manv,motor,occutc,Num_Acc,id_vehicule,num_veh,place,catu,grav,sexe,an_nais,trajet,secu1,secu2,secu3,locp,actp,etatp,Num_Acc,catr,voie,v1,v2,circ,nbv,vosp,prof,pr,pr1,plan,lartpc,larrout,surf,infra,situ,vma
202000001161,3,3,2020,13:30:00,1,74,74256,2,2,1,3,"7 Rue Saint Joseph","45,9372710","6,6271090",202000001161,154 740 226,A01,2,1,0,2,1,1,5,NULL,202000001161,154 740 225,B01,1,1,1,2,1956,3,8,-1,-1,0,0,-1,202000001161,4,"Route de Doran",-1,NULL,1,1,0,1,(1),(1),1,NULL," -1",1,0,1,50
202000001161,3,3,2020,13:30:00,1,74,74256,2,2,1,3,"7 Rue Saint Joseph","45,9372710","6,6271090",202000001161,154 740 226,A01,2,1,0,2,1,1,5,NULL,202000001161,154 740 226,A01,1,1,3,1,2006,5,2,-1,-1,0,0,-1,202000001161,4,"Route de Doran",-1,NULL,1,1,0,1,(1),(1),1,NULL," -1",1,0,1,50
202000001192,6,3,2020,10:00:00,1,24,24194,2,9,1,3,"Croisement D936 / D4","44,8370170","0,3328730",202000001192,154 740 168,B01,1,1,0,0,3,1,5,NULL,202000001192,154 740 167,A01,1,1,1,1,1959,4,1,-1,-1,0,0,-1,202000001192,3,936,0," -",2,2,0,1,76,800,1,NULL," -1",2,0,1,50
202000001192,6,3,2020,10:00:00,1,24,24194,2,9,1,3,"Croisement D936 / D4","44,8370170","0,3328730",202000001192,154 740 168,B01,1,1,0,0,3,1,5,NULL,202000001192,154 740 168,B01,1,1,3,2,1972,0,0,-1,-1,0,0,-1,202000001192,3,936,0," -",2,2,0,1,76,800,1,NULL," -1",2,0,1,50
202000001212,7,3,2020,15:30:00,1,69,69094,2,6,1,2,"5 Avenue Benoit Launay","45,7411380","4,6909890",202000001212,154 740 131,A01,3,1,0,0,4,18,5,NULL,202000001212,154 740 130,B01,1,1,1,2,1989,5,1,-1,-1,0,0,-1,202000001212,3,30,0,D,2,2,0,1,0,0,3,NULL," -1",2,0,1,50
202000001212,7,3,2020,15:30:00,1,69,69094,2,6,1,2,"5 Avenue Benoit Launay","45,7411380","4,6909890",202000001212,154 740 131,A01,3,1,0,0,4,18,5,NULL,202000001212,154 740 131,A01,1,1,4,1,1976,5,0,-1,-1,0,0,-1,202000001212,3,30,0,D,2,2,0,1,0,0,3,NULL," -1",2,0,1,50
202000001216,6,3,2020,16:00:00,1,14,14762,2,3,1,3,"La Papillonniere","48,8696480"," -0,8687350",202000001216,154 740 125,B01,2,1,0,2,2,1,5,NULL,202000001216,154 740 124,A01,1,1,1,2,1990,1,1,-1,-1,0,0,-1,202000001216,3,577,-1,NULL,2,2,0,1,(1),(1),1,NULL," -1",1,0,1,50
202000001216,6,3,2020,16:00:00,1,14,14762,2,3,1,3,"La Papillonniere","48,8696480"," -0,8687350",202000001216,154 740 125,B01,2,1,0,2,2,1,5,NULL,202000001216,154 740 125,B01,1,1,3,1,1957,5,6,-1,-1,0,0,-1,202000001216,3,577,-1,NULL,2,2,0,1,(1),(1),1,NULL," -1",1,0,1,50
202000001280,22,5,2020,11:30:00,1,05,05004,1,1,1,7,"Route de Saint-Leger (Pont)","44,6317760","6,2054780",202000001280,154 740 010,A01,2,1,0,0,0,1,5,NULL,202000001280,154 740 010,A01,1,1,4,1,1957,5,2,-1,-1,0,0,-1,202000001280,3,13,-1,NULL,2,2,0,2,8,900,1,NULL," -1",1,0,1,50
202000001284,22,5,2020,10:00:00,1,85,85127,1,1,1,7,Longeville-sur-Mer,"46,4342400"," -1,5044900",202000001284,154 740 005,A01,2,1,0,0,0,1,5,NULL,202000001284,154 740 005,A01,1,1,3,1,1938,5,2,-1,-1,0,0,-1,202000001284,3,70,-1,NULL,2,2,0,1,10,500,1,NULL,4,1,0,1,80
202000001285,21,5,2020,19:15:00,1,87,87154,1,2,7,3,"Perissat les Essarts","45,9129480","0,8998810",202000001285,154 740 004,A01,3,1,0,0,6,1,6,NULL,202000001285,154 740 003,B01,1,1,1,2,1993,1,1,-1,-1,0,0,-1,202000001285,4,C67,-1,NULL,2,2,0,1,(1),(1),1,NULL," -1",1,0,1,80
202000001285,21,5,2020,19:15:00,1,87,87154,1,2,7,3,"Perissat les Essarts","45,9129480","0,8998810",202000001285,154 740 004,A01,3,1,0,0,6,1,6,NULL,202000001285,154 740 004,A01,1,1,3,1,2005,5,0,-1,-1,0,0,-1,202000001285,4,C67,-1,NULL,2,2,0,1,(1),(1),1,NULL," -1",1,0,1,80
202000001300,20,5,2020,10:10:00,1,56,56176,1,1,1,7,"24 Rue de Santenoz","47,6805660"," -2,9353780",202000001300,154 739 975,A01,1,1,0,0,0,1,5,NULL,202000001300,154 739 975,A01,1,1,2,1,1950,5,2,-1,-1,0,0,-1,202000001300,3,135,-1,NULL,2,2,0,1,1,930,1,NULL," -1",1,0,1,70
202000001313,20,5,2020,17:59:00,1,69,69386,2,9,1,2,"CHARLES DE GAULLE                   (QU)","45,7781855","4,8445338",202000001313,154 739 950,B01,2,1,0,2,4,1,5,NULL,202000001313,154 739 950,B01,1,1,4,1,1956,0,2,0,-1,-1," -1",-1,202000001313,4,"CHARLES DE GAULLE                   (QU)",0,NULL,1,2,1,2,0,0,2,NULL," -1",2,0,2,50
202000001314,20,5,2020,11:20:00,1,69,69386,2,1,1,7,"VENDOME                             (R )","45,7690510","4,8449723",202000001314,154 739 948,A01,1,1,0,2,0,21,2,NULL,202000001314,154 739 948,A01,1,1,4,1,2001,3,8,0,-1,-1," -1",-1,202000001314,4,"VENDOME                             (R )",0,NULL,1,1,0,1,0,0,1,NULL," -1",1,0,1,50
202000001329,19,5,2020,18:55:00,1,88,88209,2,2,1,4,"DOMEVRE (RUE DE)","48,1944000","6,4194000",202000001329,154 739 918,A01,1,1,0,2,1,9,5,NULL,202000001329,154 739 918,A01,1,1,3,1,1966,5,8,0,-1,-1," -1",-1,202000001329,4,"DOMEVRE (RUE DE)",0,NULL,2,2,0,1,0,0,1,NULL," -1",1,0,1,50
202000001329,19,5,2020,18:55:00,1,88,88209,2,2,1,4,"DOMEVRE (RUE DE)","48,1944000","6,4194000",202000001329,154 739 918,A01,1,1,0,2,1,9,5,NULL,202000001329,154 739 919,B01,1,1,1,1,1981,1,1,0,-1,-1," -1",-1,202000001329,4,"DOMEVRE (RUE DE)",0,NULL,2,2,0,1,0,0,1,NULL," -1",1,0,1,50
202000001329,19,5,2020,18:55:00,1,88,88209,2,2,1,4,"DOMEVRE (RUE DE)","48,1944000","6,4194000",202000001329,154 739 918,A01,1,1,0,2,1,9,5,NULL,202000001329,154 739 920,C01,1,1,1,1,1996,5,1,0,-1,-1," -1",-1,202000001329,4,"DOMEVRE (RUE DE)",0,NULL,2,2,0,1,0,0,1,NULL," -1",1,0,1,50
202000001335,19,5,2020,14:25:00,1,80,80021,2,1,1,-1,"ALEXANDRE DUMAS (RUE)","49,8734200","2,2904500",202000001335,154 739 908,A01,0,1,0,2,8,19,5,NULL,202000001335,154 739 908,A01,1,1,4,1,2006,5,8,0,-1,-1," -1",-1,202000001335,4,"ALEXANDRE DUMAS (RUE)",0,NULL,2,2,0,1,0,0,1,NULL," -1",1,0,1,50
202000001335,19,5,2020,14:25:00,1,80,80021,2,1,1,-1,"ALEXANDRE DUMAS (RUE)","49,8734200","2,2904500",202000001335,154 739 908,A01,0,1,0,2,8,19,5,NULL,202000001335,154 739 909,B01,1,1,1,1,1974,0,1,0,-1,-1," -1",-1,202000001335,4,"ALEXANDRE DUMAS (RUE)",0,NULL,2,2,0,1,0,0,1,NULL," -1",1,0,1,50
202000001341,19,5,2020,17:25:00,1,71,71306,2,2,1,3,"Rue de Charolles","46,6594159","4,3591556",202000001341,154 739 901,B01,1,1,0,2,7,1,5,NULL,202000001341,154 739 900,A01,1,1,1,2,1966,0,1,0,-1,-1," -1",-1,202000001341,4,NULL,0,NULL,2,2,0,1,0,0,1,NULL," -1",1,5,1,50
202000001341,19,5,2020,17:25:00,1,71,71306,2,2,1,3,"Rue de Charolles","46,6594159","4,3591556",202000001341,154 739 901,B01,1,1,0,2,7,1,5,NULL,202000001341,154 739 901,B01,1,1,3,1,1953,0,2,6,-1,-1," -1",-1,202000001341,4,NULL,0,NULL,2,2,0,1,0,0,1,NULL," -1",1,5,1,50
202000001348,19,5,2020,17:00:00,1,67,67482,2,1,1,2,"BEULENWOERTH (CHEMIN DU)","48,5975038","7,7907637",202000001348,154 739 888,A01,1,1,0,2,4,15,5,NULL,202000001348,154 739 888,A01,1,1,4,2,1943,0,8,0,-1,-1," -1",-1,202000001348,4,NULL,0,NULL,3,4,1,1,0,0,1,NULL," -1",1,0,1,50
202000001348,19,5,2020,17:00:00,1,67,67482,2,1,1,2,"BEULENWOERTH (CHEMIN DU)","48,5975038","7,7907637",202000001348,154 739 888,A01,1,1,0,2,4,15,5,NULL,202000001348,154 739 889,B01,1,1,1,1,1979,9,1,8,-1,-1," -1",-1,202000001348,4,NULL,0,NULL,3,4,1,1,0,0,1,NULL," -1",1,0,1,50
202000001354,7,5,2020,10:40:00,1,62,62160,2,6,1,3,"DAUNOU (Bld)","50,7182042","1,6120237",202000001354,154 739 876,B01,1,1,0,2,0,6,0,NULL,202000001354,154 739 876,B01,1,1,3,1,1962,0,8,0,-1,-1," -1",-1,202000001354,3,119,0,NULL,3,4,0,1,51,0,1,NULL," -1",1,9,8,50
202000001354,7,5,2020,10:40:00,1,62,62160,2,6,1,3,"DAUNOU (Bld)","50,7182042","1,6120237",202000001354,154 739 876,B01,1,1,0,2,0,6,0,NULL,202000001354,154 739 877,A01,1,1,1,2,1976,0,1,8,-1,-1," -1",-1,202000001354,3,119,0,NULL,3,4,0,1,51,0,1,NULL," -1",1,9,8,50
202000001356,20,5,2020,12:40:00,1,59,59350,2,5,1,3,"PAINLEVE PAUL BOULEVARD","50,6240540","3,0805970",202000001356,154 739 872,B01,3,1,0,2,8,19,5,NULL,202000001356,154 739 872,B01,1,1,2,2,1993,1,8,0,-1,-1," -1",-1,202000001356,7,146,0,NULL,3,3,0,1,0,9,1,NULL," -1",1,5,1,50
202000001356,20,5,2020,12:40:00,1,59,59350,2,5,1,3,"PAINLEVE PAUL BOULEVARD","50,6240540","3,0805970",202000001356,154 739 872,B01,3,1,0,2,8,19,5,NULL,202000001356,154 739 873,A01,1,1,1,1,1992,4,1,8,-1,-1," -1",-1,202000001356,7,146,0,NULL,3,3,0,1,0,9,1,NULL," -1",1,5,1,50
202000001358,19,5,2020,19:30:00,1,54,54395,2,3,1,3,"FONTENOY (RUE DE)","48,7058300","6,1734000",202000001358,154 739 869,B01,1,1,0,2,0,16,5,NULL,202000001358,154 739 868,A01,1,1,4,1,1990,0,8,0,-1,0,0,-1,202000001358,4,NULL,0,NULL,1,1,0,1,0,0,1,NULL," -1",1,0,1,50
202000001358,19,5,2020,19:30:00,1,54,54395,2,3,1,3,"FONTENOY (RUE DE)","48,7058300","6,1734000",202000001358,154 739 868,A01,1,1,0,2,0,19,5,NULL,202000001358,154 739 868,A01,1,1,4,1,1990,0,8,0,-1,0,0,-1,202000001358,4,NULL,0,NULL,1,1,0,1,0,0,1,NULL," -1",1,0,1,50
202000001358,19,5,2020,19:30:00,1,54,54395,2,3,1,3,"FONTENOY (RUE DE)","48,7058300","6,1734000",202000001358,154 739 869,B01,1,1,0,2,0,16,5,NULL,202000001358,154 739 869,B01,1,1,1,1,2006,0,8,0,0,0,0,-1,202000001358,4,NULL,0,NULL,1,1,0,1,0,0,1,NULL," -1",1,0,1,50
202000001358,19,5,2020,19:30:00,1,54,54395,2,3,1,3,"FONTENOY (RUE DE)","48,7058300","6,1734000",202000001358,154 739 868,A01,1,1,0,2,0,19,5,NULL,202000001358,154 739 869,B01,1,1,1,1,2006,0,8,0,0,0,0,-1,202000001358,4,NULL,0,NULL,1,1,0,1,0,0,1,NULL," -1",1,0,1,50
202000001362,19,5,2020,15:10:00,1,49,49328,2,1,1,3,"ANGERS (ROUTE D') D 952","47,2700700"," -0,0750900",202000001362,154 739 860,B01,2,1,0,2,8,2,0,NULL,202000001362,154 739 860,B01,1,1,4,1,1934,5,2,0,-1,-1," -1",-1,202000001362,3,"ANGERS (ROUTE D') D 952",0,NULL,2,2,1,1,0,268,1,NULL," -1",1,0,1,70
202000001362,19,5,2020,15:10:00,1,49,49328,2,1,1,3,"ANGERS (ROUTE D') D 952","47,2700700"," -0,0750900",202000001362,154 739 860,B01,2,1,0,2,8,2,0,NULL,202000001362,154 739 861,A01,1,1,1,2,1995,5,1,0,-1,-1," -1",-1,202000001362,3,"ANGERS (ROUTE D') D 952",0,NULL,2,2,1,1,0,268,1,NULL," -1",1,0,1,70
202000001373,20,5,2020,11:55:00,1,35,35238,2,3,1,3,"MARBAUDAIS (DE LA)","48,1265900"," -1,6627700",202000001373,154 739 840,A01,3,1,0,2,8,19,5,NULL,202000001373,154 739 840,A01,1,1,4,1,1991,5,8,0,-1,-1," -1",-1,202000001373,4,"MARBAUDAIS (DE LA)",0,NULL,1,1,0,1,0,0,1,NULL," -1",1,0,1,50
202000001373,20,5,2020,11:55:00,1,35,35238,2,3,1,3,"MARBAUDAIS (DE LA)","48,1265900"," -1,6627700",202000001373,154 739 840,A01,3,1,0,2,8,19,5,NULL,202000001373,154 739 841,B01,1,1,1,1,1978,4,8,0,-1,-1," -1",-1,202000001373,4,"MARBAUDAIS (DE LA)",0,NULL,1,1,0,1,0,0,1,NULL," -1",1,0,1,50
202000001377,20,5,2020,17:00:00,1,33,33013,2,1,1,3,"121 AVE DE L'EGLISE ROMANE","44,8566600"," -0,4910900",202000001377,154 739 834,A01,2,1,0,2,8,19,5,NULL,202000001377,154 739 834,A01,1,1,4,2,2007,0,8,-1,-1,-1," -1",-1,202000001377,4,"AVE DE L'EGLISE ROMANE",0,NULL,2,4,2,1,(1),(1),2,NULL," -1",1,0,1,50
202000001378,20,5,2020,10:20:00,1,33,33318,2,2,1,1,"AVE DU DOCTEUR NANCEL PENARD / AVE ROGER COHE / AVE ROGER COHE","44,8091000"," -0,6328400",202000001378,154 739 832,B01,2,1,0,2,8,1,5,NULL,202000001378,154 739 832,B01,1,1,4,2,1961,5,8,0,-1,-1," -1",-1,202000001378,4,"AVE DU DOCTEUR NANCEL PENARD",0,NULL,2,5,2,1,(1),(1),1,NULL," -1",1,5,1,50
202000001378,20,5,2020,10:20:00,1,33,33318,2,2,1,1,"AVE DU DOCTEUR NANCEL PENARD / AVE ROGER COHE / AVE ROGER COHE","44,8091000"," -0,6328400",202000001378,154 739 832,B01,2,1,0,2,8,1,5,NULL,202000001378,154 739 833,A01,1,1,1,1,1998,0,1,0,-1,-1," -1",-1,202000001378,4,"AVE DU DOCTEUR NANCEL PENARD",0,NULL,2,5,2,1,(1),(1),1,NULL," -1",1,5,1,50
202000001380,7,5,2020,17:45:00,1,33,33063,2,3,1,1,"RUE DES GENERAUX D/UCHE / RUE PIERRE TREBOD","44,8566100"," -0,5827800",202000001380,154 739 828,A01,2,1,0,2,4,15,5,NULL,202000001380,154 739 828,A01,1,1,3,1,1963,1,8,-1,-1,-1," -1",-1,202000001380,4,"RUE DES GENERAUX DUCHE",0,NULL,2,2,0,1,(1),(1),1,NULL," -1",1,0,8,50
202000001406,20,5,2020,18:35:00,1,75,75119,2,1,1,2,"RUE DE CRIMEE","48,8774950","2,3918970",202000001406,154 739 782,Z01,2,1,0,2,4,23,5,NULL,202000001406,154 739 783,A01,8,2,4,2,1964,5,0,0,-1,0,0,-1,202000001406,4,NULL,0,NULL,2,3,3,3,0,0,1,NULL," -1",1,-1,6,50
202000001406,20,5,2020,18:35:00,1,75,75119,2,1,1,2,"RUE DE CRIMEE","48,8774950","2,3918970",202000001406,154 739 782,Z01,2,1,0,2,4,23,5,NULL,202000001406,154 739 783,A01,8,2,4,2,1954,3,0,0,-1,0,0,-1,202000001406,4,NULL,0,NULL,2,3,3,3,0,0,1,NULL," -1",1,-1,6,50
202000001406,20,5,2020,18:35:00,1,75,75119,2,1,1,2,"RUE DE CRIMEE","48,8774950","2,3918970",202000001406,154 739 782,Z01,2,1,0,2,4,23,5,NULL,202000001406,154 739 783,A01,8,2,4,1,1951,3,0,0,-1,0,0,-1,202000001406,4,NULL,0,NULL,2,3,3,3,0,0,1,NULL," -1",1,-1,6,50
202000001406,20,5,2020,18:35:00,1,75,75119,2,1,1,2,"RUE DE CRIMEE","48,8774950","2,3918970",202000001406,154 739 782,Z01,2,1,0,2,4,23,5,NULL,202000001406,154 739 783,A01,1,1,1,1,1991,4,8,-1,-1,0,0,-1,202000001406,4,NULL,0,NULL,2,3,3,3,0,0,1,NULL," -1",1,-1,6,50
202000001407,20,5,2020,16:45:00,1,75,75119,2,1,1,3,"QUAI DE L OISE","48,8894960","2,3811310",202000001407,154 739 780,A01,1,1,0,2,7,1,5,NULL,202000001407,154 739 780,A01,1,1,4,2,1976,5,2,0,-1,0,0,-1,202000001407,4,NULL,0,NULL,1,1,1,1,0,0,1,NULL," -1",1,-1,5,30
202000001407,20,5,2020,16:45:00,1,75,75119,2,1,1,3,"QUAI DE L OISE","48,8894960","2,3811310",202000001407,154 739 780,A01,1,1,0,2,7,1,5,NULL,202000001407,154 739 781,B01,1,1,4,1,2008,5,8,0,-1,0,0,-1,202000001407,4,NULL,0,NULL,1,1,1,1,0,0,1,NULL," -1",1,-1,5,30
202000001408,20,5,2020,17:05:00,1,75,75119,2,1,1,6,"BOULEVARD MACDONALD","48,8988720","2,3793240",202000001408,154 739 779,A01,1,1,0,1,7,1,5,NULL,202000001408,154 739 779,A01,1,1,1,2,1996,1,8,0,-1,0,0,-1,202000001408,4,NULL,0,NULL,1,1,1,1,0,0,1,NULL," -1",1,-1,5,20
202000001408,20,5,2020,17:05:00,1,75,75119,2,1,1,6,"BOULEVARD MACDONALD","48,8988720","2,3793240",202000001408,154 739 779,A01,1,1,0,1,7,1,5,NULL,202000001408,154 739 779,A01,10,3,4,1,1970,2,0,-1,-1,2,3,1,202000001408,4,NULL,0,NULL,1,1,1,1,0,0,1,NULL," -1",1,-1,5,20
202000001410,20,5,2020,14:50:00,1,75,75117,2,2,1,3,"PLACE DU BRESIL","48,8842550","2,3026880",202000001410,154 739 776,B01,2,1,0,2,1,1,0,NULL,202000001410,154 739 776,B01,1,1,4,2,1998,1,8,0,-1,0,0,-1,202000001410,4,NULL,0,NULL,2,2,0,1,0,0,1,NULL," -1",1,-1,5,30
202000001410,20,5,2020,14:50:00,1,75,75117,2,2,1,3,"PLACE DU BRESIL","48,8842550","2,3026880",202000001410,154 739 776,B01,2,1,0,2,1,1,0,NULL,202000001410,154 739 777,A01,1,1,1,2,1961,5,1,0,-1,0,0,-1,202000001410,4,NULL,0,NULL,2,2,0,1,0,0,1,NULL," -1",1,-1,5,30
202000001428,18,9,2020,15:05:00,1,83,83129,2,1,1,6,"DE GAULLE (PROMENADE CHARLES)","43,1099000","5,8128100",202000001428,154 739 738,A01,1,1,0,1,1,1,5,NULL,202000001428,154 739 738,A01,1,1,4,1,1968,5,2,0,-1,-1," -1",-1,202000001428,4,NC,0,NULL,2,2,1,1,0,0,1,NULL," -1",1,0,5,20
202000001428,18,9,2020,15:05:00,1,83,83129,2,1,1,6,"DE GAULLE (PROMENADE CHARLES)","43,1099000","5,8128100",202000001428,154 739 738,A01,1,1,0,1,1,1,5,NULL,202000001428,154 739 738,A01,10,3,4,2,1973,5,0,-1,-1,3,3,1,202000001428,4,NC,0,NULL,2,2,1,1,0,0,1,NULL," -1",1,0,5,20
202000001429,11,9,2020,08:15:00,1,83,83129,2,9,1,3,"STADE (RUE DU) N° IMPAIRS","43,0951750","5,8447600",202000001429,154 739 736,A01,3,1,0,2,1,9,5,NULL,202000001429,154 739 736,A01,1,1,4,1,2009,2,8,8,-1,0,0,-1,202000001429,4,NC,0,NULL,2,2,1,1,0,0,1,NULL," -1",1,0,1,50
202000001429,11,9,2020,08:15:00,1,83,83129,2,9,1,3,"STADE (RUE DU) N° IMPAIRS","43,0951750","5,8447600",202000001429,154 739 736,A01,3,1,0,2,1,9,5,NULL,202000001429,154 739 737,B01,1,1,1,1,1968,0,1,8,-1,0,0,-1,202000001429,4,NC,0,NULL,2,2,1,1,0,0,1,NULL," -1",1,0,1,50
202000001431,19,9,2020,00:40:00,5,76,76540,2,1,1,3,"RENARD. RUE DU","49,4516700","1,0695400",202000001431,154 739 731,A01,0,1,0,2,1,1,5,NULL,202000001431,154 739 731,A01,1,1,3,1,1993,0,8,0,-1,-1," -1",-1,202000001431,4,"RENARD. RUE DU",0,NULL,2,2,0,1,(1),(1),1,NULL," -1",1,0,1,30
202000001431,19,9,2020,00:40:00,5,76,76540,2,1,1,3,"RENARD. RUE DU","49,4516700","1,0695400",202000001431,154 739 731,A01,0,1,0,2,1,1,5,NULL,202000001431,154 739 732,B01,1,1,1,2,2000,1,1,0,-1,-1," -1",-1,202000001431,4,"RENARD. RUE DU",0,NULL,2,2,0,1,(1),(1),1,NULL," -1",1,0,1,30
202000001434,19,9,2020,22:00:00,5,69,69266,2,2,1,3,"EDOUARD VAILLANT      (Rue)","45,7752200","4,8802400",202000001434,154 739 726,B01,0,1,0,0,0,0,0,NULL,202000001434,154 739 725,A01,1,1,1,1,1977,5,8,0,-1,-1," -1",-1,202000001434,4,"EDOUARD VAILLANT      (Rue)",0,NULL,1,1,1,1,0,0,1,NULL," -1",1,0,5,50
202000001434,19,9,2020,22:00:00,5,69,69266,2,2,1,3,"EDOUARD VAILLANT      (Rue)","45,7752200","4,8802400",202000001434,154 739 726,B01,0,1,0,0,0,0,0,NULL,202000001434,154 739 726,B01,1,1,4,1,1996,5,8,0,-1,-1," -1",-1,202000001434,4,"EDOUARD VAILLANT      (Rue)",0,NULL,1,1,1,1,0,0,1,NULL," -1",1,0,5,50
202000001440,19,9,2020,13:00:00,1,51,51454,2,1,1,3,"Rue Noël","49,2576050","4,0277438",202000001440,154 739 716,B01,0,1,0,2,3,21,5,NULL,202000001440,154 739 716,B01,1,1,4,1,1975,0,0,-1,-1,0,0,-1,202000001440,4,NULL,0,NULL,1,1,1,1,(1),(1),1,NULL," -1",1,0,1,50
202000001440,19,9,2020,13:00:00,1,51,51454,2,1,1,3,"Rue Noël","49,2576050","4,0277438",202000001440,154 739 716,B01,0,1,0,2,3,21,5,NULL,202000001440,154 739 717,A01,1,1,1,1,1976,0,1,-1,-1,-1," -1",-1,202000001440,4,NULL,0,NULL,1,1,1,1,(1),(1),1,NULL," -1",1,0,1,50
202000001440,19,9,2020,13:00:00,1,51,51454,2,1,1,3,"Rue Noël","49,2576050","4,0277438",202000001440,154 739 716,B01,0,1,0,2,3,21,5,NULL,202000001440,154 739 717,A01,4,2,1,1,2009,0,1,-1,-1,-1," -1",-1,202000001440,4,NULL,0,NULL,1,1,1,1,(1),(1),1,NULL," -1",1,0,1,50
202000001441,18,9,2020,17:05:00,1,51,51108,2,2,1,3,"Rue Jean Jaurès","48,9542840","4,3508828",202000001441,154 739 715,B01,2,1,0,2,1,26,5,NULL,202000001441,154 739 714,A01,1,1,1,1,1951,3,1,-1,-1,-1," -1",-1,202000001441,4,NULL,0,NULL,2,6,1,2,(1),(1),1,NULL," -1",1,0,1,50
202000001441,18,9,2020,17:05:00,1,51,51108,2,2,1,3,"Rue Jean Jaurès","48,9542840","4,3508828",202000001441,154 739 715,B01,2,1,0,2,1,26,5,NULL,202000001441,154 739 715,B01,1,1,4,1,1965,1,8,-1,-1,-1," -1",-1,202000001441,4,NULL,0,NULL,2,6,1,2,(1),(1),1,NULL," -1",1,0,1,50
202000001447,18,9,2020,18:50:00,1,17,17306,2,1,1,3,"TARTANE (DE LA)","45,6190300"," -1,0305700",202000001447,154 739 702,A01,3,1,0,2,8,18,5,NULL,202000001447,154 739 701,B01,1,1,1,1,1983,5,1,0,-1,-1," -1",-1,202000001447,4,"Rue de la Tarlane",0,NULL,3,1,0,2,0,0,1,NULL," -1",1,9,1,10
202000001447,18,9,2020,18:50:00,1,17,17306,2,1,1,3,"TARTANE (DE LA)","45,6190300"," -1,0305700",202000001447,154 739 702,A01,3,1,0,2,8,18,5,NULL,202000001447,154 739 701,B01,2,2,1,1,1974,5,1,0,-1,-1," -1",-1,202000001447,4,"Rue de la Tarlane",0,NULL,3,1,0,2,0,0,1,NULL," -1",1,9,1,10
202000001447,18,9,2020,18:50:00,1,17,17306,2,1,1,3,"TARTANE (DE LA)","45,6190300"," -1,0305700",202000001447,154 739 702,A01,3,1,0,2,8,18,5,NULL,202000001447,154 739 701,B01,4,2,1,1,1983,5,1,0,-1,-1," -1",-1,202000001447,4,"Rue de la Tarlane",0,NULL,3,1,0,2,0,0,1,NULL," -1",1,9,1,10
202000001447,18,9,2020,18:50:00,1,17,17306,2,1,1,3,"TARTANE (DE LA)","45,6190300"," -1,0305700",202000001447,154 739 702,A01,3,1,0,2,8,18,5,NULL,202000001447,154 739 702,A01,1,1,4,2,1944,5,8,0,-1,-1," -1",-1,202000001447,4,"Rue de la Tarlane",0,NULL,3,1,0,2,0,0,1,NULL," -1",1,9,1,10
202000001451,18,9,2020,11:50:00,1,10,10387,2,1,1,2,"PIERRE BROSSOLETTE AVENUE","48,2925640","4,0741280",202000001451,154 739 694,A01,2,1,0,2,1,1,5,NULL,202000001451,154 739 694,A01,1,1,4,1,1984,0,8,0,-1,-1," -1",-1,202000001451,4,"PIERRE BROSSOLETTE AVENUE",0,NULL,2,4,0,1,0,0,1,NULL," -1",1,0,1,50
202000001451,18,9,2020,11:50:00,1,10,10387,2,1,1,2,"PIERRE BROSSOLETTE AVENUE","48,2925640","4,0741280",202000001451,154 739 694,A01,2,1,0,2,1,1,5,NULL,202000001451,154 739 695,B01,1,1,1,1,1977,1,1,0,-1,-1," -1",-1,202000001451,4,"PIERRE BROSSOLETTE AVENUE",0,NULL,2,4,0,1,0,0,1,NULL," -1",1,0,1,50
202000001454,18,9,2020,23:55:00,5,75,75105,2,4,1,3,"RUE BUFFON","48,8431860","2,3641580",202000001454,154 739 687,A01,1,1,0,2,8,19,5,NULL,202000001454,154 739 687,A01,1,1,3,2,1958,5,8,0,-1,0,0,-1,202000001454,4,NULL,0,NULL,1,1,0,1,0,0,3,NULL," -1",1,0,1,30
202000001467,18,9,2020,23:40:00,5,94,94080,2,1,1,2,"MINIMES (AV DES)","48,8416000","2,4298000",202000001467,154 739 665,A01,1,1,1,0,1,14,5,NULL,202000001467,154 739 665,A01,1,1,4,1,1992,5,8,0,-1,-1," -1",-1,202000001467,3,237,0,NULL,2,2,0,1,(1),(1),1,NULL," -1",1,0,4,50
202000001468,19,9,2020,15:30:00,1,94,94068,2,2,1,3,"GUYNEMER (AV)","48,7890801","2,4860622",202000001468,154 739 662,B01,1,1,0,2,7,1,5,NULL,202000001468,154 739 662,B01,1,1,4,1,2005,5,2,0,-1,-1," -1",-1,202000001468,4,"GUYNEMER (AV)",0,NULL,1,2,0,1,0,0,1,NULL," -1",1,1,1,50
202000001468,19,9,2020,15:30:00,1,94,94068,2,2,1,3,"GUYNEMER (AV)","48,7890801","2,4860622",202000001468,154 739 662,B01,1,1,0,2,7,1,5,NULL,202000001468,154 739 663,A01,1,1,1,1,1998,9,1,0,-1,-1," -1",-1,202000001468,4,"GUYNEMER (AV)",0,NULL,1,2,0,1,0,0,1,NULL," -1",1,1,1,50