Num_Acc,jour,mois,an,hrmn,lum,dep,com,agg,int,atm,col,adr,lat,long,Num_Acc,id_vehicule,num_veh,senc,catv,obs,obsm,choc,manv,motor,occutc,Num_Acc,id_vehicule,num_veh,place,catu,grav,sexe,an_nais,trajet,secu1,secu2,secu3,locp,actp,etatp,Num_Acc,catr,voie,v1,v2,circ,nbv,vosp,prof,pr,pr1,plan,lartpc,larrout,surf,infra,situ,vma
202000001473,18,9,2020,23:15:00,5,94,94041,2,3,1,1,"GASTON PICARD (R)","48,8105010","2,3759500",202000001473,154 739 653,B01,1,1,0,2,7,16,5,NULL,202000001473,154 739 653,B01,1,1,4,1,2003,5,8,0,-1,-1," -1",-1,202000001473,4,"ALEXIS CHAUSSINAND (R)",0,NULL,1,1,0,1,20,0,1,NULL," -1",1,0,1,50
202000001473,18,9,2020,23:15:00,5,94,94041,2,3,1,1,"GASTON PICARD (R)","48,8105010","2,3759500",202000001473,154 739 653,B01,1,1,0,2,7,16,5,NULL,202000001473,154 739 654,A01,1,1,1,1,1976,5,2,6,-1,-1," -1",-1,202000001473,4,"ALEXIS CHAUSSINAND (R)",0,NULL,1,1,0,1,20,0,1,NULL," -1",1,0,1,50
202000001481,19,9,2020,19:15:00,2,93,93027,2,1,3,3,"VAILLANT-COUTURIER (AVENUE PAUL)","48,9265300","2,4167500",202000001481,154 739 638,B01,2,1,0,2,3,1,0,NULL,202000001481,154 739 638,B01,1,1,4,1,1995,0,8,0,-1,-1," -1",-1,202000001481,3,932,0,NULL,3,4,1,1,0,1,1,NULL," -1",2,0,5,50
202000001481,19,9,2020,19:15:00,2,93,93027,2,1,3,3,"VAILLANT-COUTURIER (AVENUE PAUL)","48,9265300","2,4167500",202000001481,154 739 638,B01,2,1,0,2,3,1,0,NULL,202000001481,154 739 639,A01,1,1,1,2,1975,0,1,0,-1,-1," -1",-1,202000001481,3,932,0,NULL,3,4,1,1,0,1,1,NULL," -1",2,0,5,50
202000001484,19,9,2020,20:25:00,5,92,92075,2,4,2,3,"PASTEUR (AVENUE)","48,8238580","2,2929930",202000001484,154 739 633,A01,2,1,0,2,2,1,0,NULL,202000001484,154 739 633,A01,1,1,4,1,1988,4,8,0,-1,-1," -1",-1,202000001484,3,61,0,A,1,1,0,1,0,0,2,NULL," -1",2,0,1,50
202000001484,19,9,2020,20:25:00,5,92,92075,2,4,2,3,"PASTEUR (AVENUE)","48,8238580","2,2929930",202000001484,154 739 633,A01,2,1,0,2,2,1,0,NULL,202000001484,154 739 634,B01,1,1,1,1,1980,1,2,6,-1,-1," -1",-1,202000001484,3,61,0,A,1,1,0,1,0,0,2,NULL," -1",2,0,1,50
202000001503,19,9,2020,13:50:00,1,57,57617,2,3,1,3,"Rue du Reverend Pere Vincent","48,9291360","6,2413390",202000001503,154 739 604,B01,2,1,0,2,1,1,5,NULL,202000001503,154 739 604,B01,1,1,3,1,2012,5,0,-1,-1,0,0,-1,202000001503,3,113,-1,D,2,2,0,2,(1),(1),1,NULL," -1",1,0,1,50
202000001503,19,9,2020,13:50:00,1,57,57617,2,3,1,3,"Rue du Reverend Pere Vincent","48,9291360","6,2413390",202000001503,154 739 604,B01,2,1,0,2,1,1,5,NULL,202000001503,154 739 605,A01,1,1,1,2,1966,5,1,-1,-1,0,0,-1,202000001503,3,113,-1,D,2,2,0,2,(1),(1),1,NULL," -1",1,0,1,50
202000001547,20,9,2020,10:45:00,1,77,77257,1,3,1,-1,D147,"49,0438180","3,0209180",202000001547,154 739 539,B01,0,1,0,2,3,15,5,NULL,202000001547,154 739 538,A01,1,1,1,1,1951,0,1,-1,-1,0,0,-1,202000001547,3,147,0,NULL,2,2,0,1,2,282,2,NULL," -1",1,0,1,70
202000001547,20,9,2020,10:45:00,1,77,77257,1,3,1,-1,D147,"49,0438180","3,0209180",202000001547,154 739 539,B01,0,1,0,2,3,15,5,NULL,202000001547,154 739 539,B01,1,1,3,1,1946,5,2,-1,-1,0,0,-1,202000001547,3,147,0,NULL,2,2,0,1,2,282,2,NULL," -1",1,0,1,70
202000001549,19,9,2020,20:30:00,3,34,34311,1,1,3,6,"Route Nationale 9","43,4437900","3,3986590",202000001549,154 739 535,A01,2,1,0,9,4,1,5,NULL,202000001549,154 739 535,A01,1,1,4,1,1954,0,0,-1,-1,0,0,-1,202000001549,2,2009,-1,NULL,2,2,0,1,66,640,1,NULL," -1",2,0,1,80
202000001586,18,9,2020,08:10:00,1,69,69384,2,1,1,2,"PHILIPPE DE LASSALLE                (R )","45,7836025","4,8208180",202000001586,154 739 469,B01,3,1,0,2,1,1,5,NULL,202000001586,154 739 468,A01,1,1,1,1,1975,0,1,0,-1,-1," -1",-1,202000001586,4,"PHILIPPE DE LASSALLE                (R )",0,NULL,2,2,0,1,0,1,1,NULL," -1",1,0,1,50
202000001586,18,9,2020,08:10:00,1,69,69384,2,1,1,2,"PHILIPPE DE LASSALLE                (R )","45,7836025","4,8208180",202000001586,154 739 469,B01,3,1,0,2,1,1,5,NULL,202000001586,154 739 469,B01,1,1,4,1,1998,9,2,0,-1,-1," -1",-1,202000001586,4,"PHILIPPE DE LASSALLE                (R )",0,NULL,2,2,0,1,0,1,1,NULL," -1",1,0,1,50
202000001598,17,9,2020,22:05:00,5,80,80021,2,3,1,1,"VULFRAN WARME (RUE)","49,8888200","2,3069700",202000001598,154 739 449,A01,0,1,0,2,1,16,5,NULL,202000001598,154 739 449,A01,1,1,4,1,2002,5,8,0,-1,-1," -1",-1,202000001598,4,"VULFRAN WARME (RUE)",0,NULL,2,2,0,2,0,0,1,NULL," -1",1,0,1,50
202000001598,17,9,2020,22:05:00,5,80,80021,2,3,1,1,"VULFRAN WARME (RUE)","49,8888200","2,3069700",202000001598,154 739 449,A01,0,1,0,2,1,16,5,NULL,202000001598,154 739 450,B01,1,1,1,1,1992,5,1,0,-1,0,0,-1,202000001598,4,"VULFRAN WARME (RUE)",0,NULL,2,2,0,2,0,0,1,NULL," -1",1,0,1,50
202000001611,23,6,2020,10:40:00,1,45,45234,2,2,1,1,"Boulevard de Chateaudun - rue des murlins","47,9141193","1,8957877",202000001611,154 739 428,B01,1,1,0,2,7,1,5,NULL,202000001611,154 739 427,A01,1,1,1,1,1947,5,1,0,-1,0,0,-1,202000001611,4,NULL,0,NULL,2,3,1,1,(1),(1),1,NULL,9,1,0,1,50
202000001611,23,6,2020,10:40:00,1,45,45234,2,2,1,1,"Boulevard de Chateaudun - rue des murlins","47,9141193","1,8957877",202000001611,154 739 428,B01,1,1,0,2,7,1,5,NULL,202000001611,154 739 428,B01,1,1,4,2,2002,2,2,0,-1,0,0,-1,202000001611,4,NULL,0,NULL,2,3,1,1,(1),(1),1,NULL,9,1,0,1,50
202000001614,19,6,2020,17:00:00,1,34,34032,2,2,1,3,"MISTRAL FREDERIC (BD)","43,3449000","3,2199600",202000001614,154 739 421,A01,2,1,0,2,1,1,5,NULL,202000001614,154 739 420,B01,1,1,1,1,1988,4,1,8,-1,-1," -1",-1,202000001614,4,NULL,0,NULL,2,2,0,2,0,0,1,NULL," -1",1,0,1,50
202000001614,19,6,2020,17:00:00,1,34,34032,2,2,1,3,"MISTRAL FREDERIC (BD)","43,3449000","3,2199600",202000001614,154 739 421,A01,2,1,0,2,1,1,5,NULL,202000001614,154 739 421,A01,1,1,3,1,1986,5,8,0,-1,-1," -1",-1,202000001614,4,NULL,0,NULL,2,2,0,2,0,0,1,NULL," -1",1,0,1,50
202000001622,23,6,2020,08:00:00,1,28,28085,1,3,1,3,"FRESNAY (RUE DE)","48,4630900","1,4727500",202000001622,154 739 406,A01,3,1,0,2,8,16,5,NULL,202000001622,154 739 405,B01,1,1,1,2,1974,1,1,0,-1,-1," -1",-1,202000001622,3,"FRESNAY (RUE DE)",0,NULL,2,2,0,1,1,440,1,NULL," -1",1,5,1,70
202000001622,23,6,2020,08:00:00,1,28,28085,1,3,1,3,"FRESNAY (RUE DE)","48,4630900","1,4727500",202000001622,154 739 406,A01,3,1,0,2,8,16,5,NULL,202000001622,154 739 406,A01,1,1,4,1,2010,0,2,8,-1,-1," -1",-1,202000001622,3,"FRESNAY (RUE DE)",0,NULL,2,2,0,1,1,440,1,NULL," -1",1,5,1,70
202000001640,23,6,2020,11:45:00,1,75,75120,2,1,1,3,"RUE REYNALDO HAHN","48,8502660","2,4120930",202000001640,154 739 376,B01,2,1,0,2,1,1,5,NULL,202000001640,154 739 376,B01,1,1,4,1,1951,9,2,0,-1,0,0,-1,202000001640,4,NULL,0,NULL,2,2,1,1,0,0,1,NULL," -1",1,-1,5,30
202000001640,23,6,2020,11:45:00,1,75,75120,2,1,1,3,"RUE REYNALDO HAHN","48,8502660","2,4120930",202000001640,154 739 376,B01,2,1,0,2,1,1,5,NULL,202000001640,154 739 377,A01,1,1,1,1,1973,9,1,0,-1,0,0,-1,202000001640,4,NULL,0,NULL,2,2,1,1,0,0,1,NULL," -1",1,-1,5,30
202000001646,23,6,2020,15:05:00,1,75,75115,2,2,1,3,"RUE BRANCION","48,8321270","2,3029810",202000001646,154 739 367,A01,1,1,0,2,1,1,5,NULL,202000001646,154 739 366,B01,1,1,1,2,1995,1,1,0,-1,0,0,-1,202000001646,4,NULL,0,NULL,2,2,0,2,0,0,1,NULL," -1",1,0,1,30
202000001646,23,6,2020,15:05:00,1,75,75115,2,2,1,3,"RUE BRANCION","48,8321270","2,3029810",202000001646,154 739 367,A01,1,1,0,2,1,1,5,NULL,202000001646,154 739 367,A01,1,1,4,2,1949,5,2,0,-1,0,0,-1,202000001646,4,NULL,0,NULL,2,2,0,2,0,0,1,NULL," -1",1,0,1,30
202000001648,22,6,2020,18:48:00,1,75,75115,2,2,1,3,"RUE DE L ARRIVEE","48,8441840","2,3229010",202000001648,154 739 363,B01,1,1,0,2,2,1,5,NULL,202000001648,154 739 362,A01,1,1,1,2,1969,4,1,0,-1,0,0,-1,202000001648,4,NULL,0,NULL,2,2,1,1,0,0,1,NULL," -1",1,0,1,50
202000001648,22,6,2020,18:48:00,1,75,75115,2,2,1,3,"RUE DE L ARRIVEE","48,8441840","2,3229010",202000001648,154 739 363,B01,1,1,0,2,2,1,5,NULL,202000001648,154 739 363,B01,1,1,4,2,1971,1,2,8,-1,0,0,-1,202000001648,4,NULL,0,NULL,2,2,1,1,0,0,1,NULL," -1",1,0,1,50
202000001652,23,6,2020,20:20:00,1,75,75111,2,2,1,3,"AVENUE DE LA REPUBLIQUE","48,8663430","2,3688530",202000001652,154 739 356,A01,2,1,0,2,0,13,5,NULL,202000001652,154 739 356,A01,1,1,1,1,1980,9,2,0,-1,0,0,-1,202000001652,4,NULL,0,NULL,2,4,0,1,0,0,1,NULL," -1",1,0,1,30
202000001652,23,6,2020,20:20:00,1,75,75111,2,2,1,3,"AVENUE DE LA REPUBLIQUE","48,8663430","2,3688530",202000001652,154 739 356,A01,2,1,0,2,0,13,5,NULL,202000001652,154 739 357,B01,1,1,4,1,1993,9,2,6,-1,0,0,-1,202000001652,4,NULL,0,NULL,2,4,0,1,0,0,1,NULL," -1",1,0,1,30
202000001655,22,6,2020,10:15:00,1,75,75104,2,2,1,3,"QUAI DU MARCHE NEUF","48,8543440","2,3449120",202000001655,154 739 352,A01,1,1,0,2,1,1,5,NULL,202000001655,154 739 351,B01,1,1,1,1,1963,4,1,0,-1,0,0,-1,202000001655,4,NULL,0,NULL,-1,2,0,1,0,0,1,NULL," -1",1,-1,5,50
202000001655,22,6,2020,10:15:00,1,75,75104,2,2,1,3,"QUAI DU MARCHE NEUF","48,8543440","2,3449120",202000001655,154 739 352,A01,1,1,0,2,1,1,5,NULL,202000001655,154 739 352,A01,1,1,4,1,1984,1,8,0,-1,0,0,-1,202000001655,4,NULL,0,NULL,-1,2,0,1,0,0,1,NULL," -1",1,-1,5,50
202000001656,23,6,2020,21:30:00,1,75,75108,2,2,1,3,"RUE LA BOETIE","48,8736920","2,3144690",202000001656,154 739 350,A01,1,1,0,2,7,1,5,NULL,202000001656,154 739 349,B01,1,1,3,1,1992,1,2,6,-1,0,0,-1,202000001656,4,NULL,0,NULL,1,2,0,2,0,0,1,NULL," -1",1,0,1,50
202000001656,23,6,2020,21:30:00,1,75,75108,2,2,1,3,"RUE LA BOETIE","48,8736920","2,3144690",202000001656,154 739 350,A01,1,1,0,2,7,1,5,NULL,202000001656,154 739 350,A01,1,1,3,1,1992,5,2,0,-1,0,0,-1,202000001656,4,NULL,0,NULL,1,2,0,2,0,0,1,NULL," -1",1,0,1,50
202000001668,22,6,2020,18:50:00,1,94,94019,2,6,1,3,"ARISTIDE BRIAND (R)","48,7990310","2,5340390",202000001668,154 739 332,B01,2,1,0,2,6,1,0,NULL,202000001668,154 739 331,A01,1,1,1,1,1986,0,1,0,-1,-1," -1",-1,202000001668,3,233,0,NULL,1,1,2,1,0,1,3,NULL," -1",1,0,5,50
202000001668,22,6,2020,18:50:00,1,94,94019,2,6,1,3,"ARISTIDE BRIAND (R)","48,7990310","2,5340390",202000001668,154 739 332,B01,2,1,0,2,6,1,0,NULL,202000001668,154 739 332,B01,1,1,4,2,1961,1,2,6,-1,-1," -1",-1,202000001668,3,233,0,NULL,1,1,2,1,0,1,3,NULL," -1",1,0,5,50
202000001673,22,6,2020,23:45:00,5,93,93048,2,1,1,1,"PARIS (RUE DE)","48,8556356","2,4225549",202000001673,154 739 321,B01,2,1,0,2,0,0,0,NULL,202000001673,154 739 321,B01,1,1,4,1,1982,0,8,0,-1,-1," -1",-1,202000001673,3,39,0,NULL,2,2,0,1,0,1,1,NULL," -1",1,0,1,50
202000001673,22,6,2020,23:45:00,5,93,93048,2,1,1,1,"PARIS (RUE DE)","48,8556356","2,4225549",202000001673,154 739 321,B01,2,1,0,2,0,0,0,NULL,202000001673,154 739 322,A01,1,1,1,1,1987,0,2,0,-1,-1," -1",-1,202000001673,3,39,0,NULL,2,2,0,1,0,1,1,NULL," -1",1,0,1,50
202000001675,22,6,2020,17:30:00,1,93,93031,2,6,1,1,"JOFFRE (AVENUE)","48,9616381","2,2949499",202000001675,154 739 318,B01,3,1,0,2,7,19,6,NULL,202000001675,154 739 318,B01,1,1,4,1,1993,0,8,0,-1,-1," -1",-1,202000001675,3,914,0,NULL,4,4,0,1,0,1,1,NULL," -1",1,5,1,50
202000001675,22,6,2020,17:30:00,1,93,93031,2,6,1,1,"JOFFRE (AVENUE)","48,9616381","2,2949499",202000001675,154 739 318,B01,3,1,0,2,7,19,6,NULL,202000001675,154 739 319,A01,1,1,1,2,1987,9,1,8,-1,-1," -1",-1,202000001675,3,914,0,NULL,4,4,0,1,0,1,1,NULL," -1",1,5,1,50
202000001686,24,6,2020,07:45:00,1,974,97404,1,1,1,1,"Avenue Octave Bénard"," -21,2766430","55,3375610",202000001686,154 739 295,A01,1,1,0,0,1,17,5,NULL,202000001686,154 739 294,B01,1,1,4,1,1976,5,2,-1,-1,0,0,-1,202000001686,2,"RN 1",0,A,-1,2,1,1,(1),(1),1,NULL," -1",1,9,5,-1
202000001686,24,6,2020,07:45:00,1,974,97404,1,1,1,1,"Avenue Octave Bénard"," -21,2766430","55,3375610",202000001686,154 739 294,B01,2,1,0,9,1,1,5,NULL,202000001686,154 739 294,B01,1,1,4,1,1976,5,2,-1,-1,0,0,-1,202000001686,2,"RN 1",0,A,-1,2,1,1,(1),(1),1,NULL," -1",1,9,5,-1
202000001686,24,6,2020,07:45:00,1,974,97404,1,1,1,1,"Avenue Octave Bénard"," -21,2766430","55,3375610",202000001686,154 739 295,A01,1,1,0,0,1,17,5,NULL,202000001686,154 739 295,A01,1,1,2,1,1959,5,2,-1,-1,0,0,-1,202000001686,2,"RN 1",0,A,-1,2,1,1,(1),(1),1,NULL," -1",1,9,5,-1
202000001686,24,6,2020,07:45:00,1,974,97404,1,1,1,1,"Avenue Octave Bénard"," -21,2766430","55,3375610",202000001686,154 739 294,B01,2,1,0,9,1,1,5,NULL,202000001686,154 739 295,A01,1,1,2,1,1959,5,2,-1,-1,0,0,-1,202000001686,2,"RN 1",0,A,-1,2,1,1,(1),(1),1,NULL," -1",1,9,5,-1
202000001690,24,6,2020,09:05:00,1,56,56017,1,2,1,6,"Rue Pierre Guillemot","47,8737960"," -2,7678730",202000001690,154 739 290,A01,2,1,13,0,1,21,5,NULL,202000001690,154 739 290,A01,1,1,2,1,1951,5,0,-1,-1,0,0,-1,202000001690,3,181,0,D,2,2,0,4,8,485,1,NULL," -1",1,0,3,80
202000001701,23,6,2020,13:00:00,1,14,14230,1,1,1,2,D16,"49,2513390","0,1040560",202000001701,154 739 266,B01,1,1,0,2,8,2,5,NULL,202000001701,154 739 266,B01,1,1,3,1,1949,5,2,-1,-1,0,0,-1,202000001701,3,16,0,NULL,2,2,0,2,26,700,1,NULL,"5,5",1,0,1,80
202000001701,23,6,2020,13:00:00,1,14,14230,1,1,1,2,D16,"49,2513390","0,1040560",202000001701,154 739 266,B01,1,1,0,2,8,2,5,NULL,202000001701,154 739 267,A01,1,1,1,1,1972,4,1,-1,-1,0,0,-1,202000001701,3,16,0,NULL,2,2,0,2,26,700,1,NULL,"5,5",1,0,1,80
202000001718,24,6,2020,06:15:00,1,67,67295,1,1,7,2,RD62,"48,3926240","7,4541700",202000001718,154 739 229,B01,1,1,0,2,8,1,5,NULL,202000001718,154 739 228,A01,1,1,1,1,1989,4,1,-1,-1,0,0,-1,202000001718,3,62,-1,NULL,2,2,0,2,2,400,1,NULL," -1",1,0,1,80
202000001718,24,6,2020,06:15:00,1,67,67295,1,1,7,2,RD62,"48,3926240","7,4541700",202000001718,154 739 229,B01,1,1,0,2,8,1,5,NULL,202000001718,154 739 229,B01,1,1,3,1,1966,1,0,-1,-1,0,0,-1,202000001718,3,62,-1,NULL,2,2,0,2,2,400,1,NULL," -1",1,0,1,80
202000001720,23,6,2020,17:30:00,1,42,42147,2,6,1,3,"Rue de Beauregard","45,6091250","4,0548670",202000001720,154 739 225,B01,0,1,0,2,0,1,5,NULL,202000001720,154 739 224,A01,1,1,1,2,1944,0,8,-1,-1,0,0,-1,202000001720,3,69,0,NULL,2,2,0,1,15,100,1,NULL,"5,5",1,0,1,50
202000001720,23,6,2020,17:30:00,1,42,42147,2,6,1,3,"Rue de Beauregard","45,6091250","4,0548670",202000001720,154 739 225,B01,0,1,0,2,0,1,5,NULL,202000001720,154 739 225,B01,1,1,4,1,2008,5,0,-1,-1,0,0,-1,202000001720,3,69,0,NULL,2,2,0,1,15,100,1,NULL,"5,5",1,0,1,50
202000001724,23,6,2020,14:10:00,1,09,09268,1,6,7,3,"route de toulouse","43,0051920","1,1269570",202000001724,154 739 219,B01,2,1,0,2,7,1,5,NULL,202000001724,154 739 218,A01,1,1,1,2,1939,1,1,-1,-1,0,0,-1,202000001724,3,117,-1,D,1,1,0,1,87,900,2,NULL," -1",1,9,1,50
202000001724,23,6,2020,14:10:00,1,09,09268,1,6,7,3,"route de toulouse","43,0051920","1,1269570",202000001724,154 739 219,B01,2,1,0,2,7,1,5,NULL,202000001724,154 739 219,B01,1,1,4,2,1959,1,2,-1,-1,0,0,-1,202000001724,3,117,-1,D,1,1,0,1,87,900,2,NULL," -1",1,9,1,50
202000001758,19,6,2020,18:22:00,1,87,87085,2,1,1,6,"POMPIDOU (AVENUE GEORGES)","45,8191400","1,2651600",202000001758,154 739 156,A01,1,1,0,1,1,1,5,NULL,202000001758,154 739 156,A01,1,1,4,1,1999,5,8,0,-1,-1," -1",-1,202000001758,4,"POMPIDOU (AVENUE GEORGES)",0,NULL,3,4,0,2,0,0,1,NULL," -1",1,0,1,50
202000001758,19,6,2020,18:22:00,1,87,87085,2,1,1,6,"POMPIDOU (AVENUE GEORGES)","45,8191400","1,2651600",202000001758,154 739 156,A01,1,1,0,1,1,1,5,NULL,202000001758,154 739 156,A01,10,3,1,1,1994,5,0,-1,-1,1,3,1,202000001758,4,"POMPIDOU (AVENUE GEORGES)",0,NULL,3,4,0,2,0,0,1,NULL," -1",1,0,1,50
202000001763,6,5,2020,13:55:00,1,78,78545,2,3,1,3,"JAURES (AVENUE JEAN )","48,7997980","2,0674120",202000001763,154 739 148,C01,1,1,0,2,1,25,6,NULL,202000001763,154 739 147,A01,1,1,1,2,1999,1,1,-1,-1,0,0,-1,202000001763,3,11,0,NULL,2,2,0,4,0,200,1,NULL," -1",1,0,1,50
202000001763,6,5,2020,13:55:00,1,78,78545,2,3,1,3,"JAURES (AVENUE JEAN )","48,7997980","2,0674120",202000001763,154 739 148,C01,1,1,0,2,1,25,6,NULL,202000001763,154 739 148,C01,1,1,3,1,2005,5,0,-1,-1,0,0,-1,202000001763,3,11,0,NULL,2,2,0,4,0,200,1,NULL," -1",1,0,1,50
202000001770,20,6,2020,15:30:00,1,67,67482,2,1,1,1,"PECHEURS (QUAI DES)","48,5834270","7,7581260",202000001770,154 739 136,A01,1,1,0,2,0,26,5,NULL,202000001770,154 739 135,B01,1,1,1,2,1964,0,1,8,-1,-1," -1",-1,202000001770,4,NULL,0,NULL,2,3,3,2,0,0,1,NULL," -1",1,0,1,50
202000001770,20,6,2020,15:30:00,1,67,67482,2,1,1,1,"PECHEURS (QUAI DES)","48,5834270","7,7581260",202000001770,154 739 136,A01,1,1,0,2,0,26,5,NULL,202000001770,154 739 136,A01,1,1,4,1,2005,5,8,0,-1,-1," -1",-1,202000001770,4,NULL,0,NULL,2,3,3,2,0,0,1,NULL," -1",1,0,1,50
202000001773,21,6,2020,12:10:00,1,64,64102,2,1,1,7,"RESPLANDY (AVENUE DU CAPITAINE)","43,4898000"," -1,4672000",202000001773,154 739 130,A01,2,1,11,0,1,1,5,NULL,202000001773,154 739 130,A01,1,1,4,2,1966,5,2,0,-1,-1," -1",-1,202000001773,4,NULL,0,NULL,2,2,1,1,0,0,1,NULL," -1",1,0,5,50
202000001783,22,6,2020,08:30:00,1,45,45234,2,3,1,3,"Quai du Chatelet","47,8979140","1,9071380",202000001783,154 739 112,B01,3,1,0,2,2,19,5,NULL,202000001783,154 739 112,B01,1,1,4,1,1977,1,8,0,-1,0,0,-1,202000001783,4,68,0,NULL,2,2,0,1,(1),(1),1,NULL," -1",1,0,1,50
202000001783,22,6,2020,08:30:00,1,45,45234,2,3,1,3,"Quai du Chatelet","47,8979140","1,9071380",202000001783,154 739 112,B01,3,1,0,2,2,19,5,NULL,202000001783,154 739 113,A01,1,1,4,1,1966,1,2,6,-1,0,0,-1,202000001783,4,68,0,NULL,2,2,0,1,(1),(1),1,NULL," -1",1,0,1,50
202000001785,22,6,2020,17:30:00,1,33,33069,1,3,1,2,"AVE DE TIVOLI / AVE D'AQUITAINE","44,8734400"," -0,6000200",202000001785,154 739 108,B01,0,1,0,2,8,1,5,NULL,202000001785,154 739 108,B01,1,1,4,2,1992,0,8,-1,-1,-1," -1",-1,202000001785,4,"AVE DE TIVOLI",0,NULL,2,4,2,1,(1),(1),1,NULL," -1",1,0,1,50
202000001785,22,6,2020,17:30:00,1,33,33069,1,3,1,2,"AVE DE TIVOLI / AVE D'AQUITAINE","44,8734400"," -0,6000200",202000001785,154 739 108,B01,0,1,0,2,8,1,5,NULL,202000001785,154 739 109,A01,1,1,1,1,1993,1,2,6,-1,-1," -1",-1,202000001785,4,"AVE DE TIVOLI",0,NULL,2,4,2,1,(1),(1),1,NULL," -1",1,0,1,50
202000001791,21,6,2020,09:56:00,1,32,32013,1,1,1,7,"TOULOUSE (ROUTE DE)","43,6574000","0,6278000",202000001791,154 739 099,A01,1,1,0,0,0,1,5,NULL,202000001791,154 739 099,A01,1,1,4,1,1966,5,8,0,-1,-1," -1",-1,202000001791,3,"TOULOUSE (ROUTE DE)",0,NULL,2,2,0,2,0,0,3,NULL," -1",1,0,1,80
202000001793,21,6,2020,13:45:00,1,31,31149,2,1,1,3,"RP GALILEE","43,6094300","1,3079000",202000001793,154 739 096,B01,2,1,0,2,7,19,5,NULL,202000001793,154 739 095,A01,1,1,1,2,1969,9,1,0,-1,-1," -1",-1,202000001793,3,82,0,NULL,3,3,0,1,15,446,3,NULL," -1",1,0,1,50
202000001793,21,6,2020,13:45:00,1,31,31149,2,1,1,3,"RP GALILEE","43,6094300","1,3079000",202000001793,154 739 096,B01,2,1,0,2,7,19,5,NULL,202000001793,154 739 096,B01,1,1,3,1,2003,0,8,0,-1,-1," -1",-1,202000001793,3,82,0,NULL,3,3,0,1,15,446,3,NULL," -1",1,0,1,50
202000001809,17,10,2020,09:10:00,1,13,13028,2,1,1,3,"DULAC (AVENUE GUILLAUME)","43,1866900","5,6080700",202000001809,154 739 060,A01,2,1,0,2,3,11,5,NULL,202000001809,154 739 060,A01,1,1,4,1,2000,0,8,0,-1,-1," -1",-1,202000001809,4,NULL,0,NULL,2,4,0,1,0,0,1,NULL," -1",1,0,1,30
202000001809,17,10,2020,09:10:00,1,13,13028,2,1,1,3,"DULAC (AVENUE GUILLAUME)","43,1866900","5,6080700",202000001809,154 739 060,A01,2,1,0,2,3,11,5,NULL,202000001809,154 739 061,B01,1,1,1,1,1947,0,1,8,-1,-1," -1",-1,202000001809,4,NULL,0,NULL,2,4,0,1,0,0,1,NULL," -1",1,0,1,30
202000001816,18,10,2020,17:15:00,1,75,75114,2,2,1,3,"RUE VERCINGETORIX","48,8343560","2,3136420",202000001816,154 739 046,B01,2,1,0,2,1,1,5,NULL,202000001816,154 739 045,A01,1,1,1,1,1950,5,8,0,-1,0,0,-1,202000001816,4,NULL,0,NULL,2,3,1,1,0,0,3,NULL," -1",1,-1,5,30
202000001816,18,10,2020,17:15:00,1,75,75114,2,2,1,3,"RUE VERCINGETORIX","48,8343560","2,3136420",202000001816,154 739 046,B01,2,1,0,2,1,1,5,NULL,202000001816,154 739 046,B01,1,1,4,2,1994,5,2,0,-1,0,0,-1,202000001816,4,NULL,0,NULL,2,3,1,1,0,0,3,NULL," -1",1,-1,5,30
202000001876,17,10,2020,16:20:00,1,988,98818,2,3,1,3,"PROMENADE ROGER LAROQUE"," -22,3075500","166,4501600",202000001876,154 738 940,B01,2,1,0,2,1,1,5,NULL,202000001876,154 738 939,A01,1,1,1,2,1976,0,8,8,-1,0,0,-1,202000001876,4,358,0,NULL,2,2,0,2,0,0,1,NULL," -1",1,-1,1,50
202000001876,17,10,2020,16:20:00,1,988,98818,2,3,1,3,"PROMENADE ROGER LAROQUE"," -22,3075500","166,4501600",202000001876,154 738 940,B01,2,1,0,2,1,1,5,NULL,202000001876,154 738 940,B01,1,1,4,1,1950,0,2,8,-1,-1," -1",-1,202000001876,4,358,0,NULL,2,2,0,2,0,0,1,NULL," -1",1,-1,1,50
202000001878,17,10,2020,14:35:00,2,974,97407,2,1,1,3,"Rue Amilcar Cabral"," -20,9463600","55,2995100",202000001878,154 738 935,A01,2,1,1,2,1,13,5,NULL,202000001878,154 738 935,A01,1,1,3,1,2004,5,8,0,-1,-1," -1",-1,202000001878,4,NULL,0,NULL,2,2,0,2,0,0,2,NULL," -1",1,0,1,50
202000001878,17,10,2020,14:35:00,2,974,97407,2,1,1,3,"Rue Amilcar Cabral"," -20,9463600","55,2995100",202000001878,154 738 935,A01,2,1,1,2,1,13,5,NULL,202000001878,154 738 936,B01,1,1,1,2,2002,5,1,0,-1,-1," -1",-1,202000001878,4,NULL,0,NULL,2,2,0,2,0,0,2,NULL," -1",1,0,1,50
202000001893,16,10,2020,16:09:00,1,67,67462,2,2,1,3,"GENERAL DE GAULLE (PLACE DU)","48,2595620","7,4464710",202000001893,154 738 904,B01,3,1,0,2,8,19,5,NULL,202000001893,154 738 904,B01,1,1,4,1,2007,0,2,0,-1,-1," -1",-1,202000001893,3,1083,0,NULL,2,2,1,1,4,950,1,NULL," -1",1,5,1,50