Num_Acc,jour,mois,an,hrmn,lum,dep,com,agg,int,atm,col,adr,lat,long,Num_Acc,id_vehicule,num_veh,senc,catv,obs,obsm,choc,manv,motor,occutc,Num_Acc,id_vehicule,num_veh,place,catu,grav,sexe,an_nais,trajet,secu1,secu2,secu3,locp,actp,etatp,Num_Acc,catr,voie,v1,v2,circ,nbv,vosp,prof,pr,pr1,plan,lartpc,larrout,surf,infra,situ,vma
202000001893,16,10,2020,16:09:00,1,67,67462,2,2,1,3,"GENERAL DE GAULLE (PLACE DU)","48,2595620","7,4464710",202000001893,154 738 904,B01,3,1,0,2,8,19,5,NULL,202000001893,154 738 905,A01,1,1,1,1,1960,3,1,0,-1,-1," -1",-1,202000001893,3,1083,0,NULL,2,2,1,1,4,950,1,NULL," -1",1,5,1,50
202000001895,17,10,2020,10:30:00,1,64,64445,2,1,1,-1,"JEAN JACQUES DE MONAIX","43,3029000"," -0,3589000",202000001895,154 738 900,B01,1,1,1,0,1,1,5,NULL,202000001895,154 738 900,B01,1,1,4,2,2000,0,8,0,-1,-1," -1",-1,202000001895,4,"JEAN JACQUES DE MONAIX",0,NULL,2,2,0,1,0,0,1,NULL," -1",1,0,1,50
202000001895,17,10,2020,10:30:00,1,64,64445,2,1,1,-1,"JEAN JACQUES DE MONAIX","43,3029000"," -0,3589000",202000001895,154 738 900,B01,1,1,1,0,1,1,5,NULL,202000001895,154 738 901,A01,1,1,1,1,1934,3,8,0,-1,-1," -1",-1,202000001895,4,"JEAN JACQUES DE MONAIX",0,NULL,2,2,0,1,0,0,1,NULL," -1",1,0,1,50
202000001934,25,8,2020,08:00:00,1,13,13109,2,2,1,3,"Avenue Paul Julien","43,5110320","5,4869570",202000001934,154 738 823,B01,2,1,0,2,1,1,5,NULL,202000001934,154 738 822,A01,1,1,1,1,1994,1,1,-1,-1,0,0,-1,202000001934,3,7,0,N,2,2,0,1,0,200,1,NULL," -1",1,0,1,50
202000001934,25,8,2020,08:00:00,1,13,13109,2,2,1,3,"Avenue Paul Julien","43,5110320","5,4869570",202000001934,154 738 823,B01,2,1,0,2,1,1,5,NULL,202000001934,154 738 823,B01,1,1,3,1,1983,1,2,-1,-1,0,0,-1,202000001934,3,7,0,N,2,2,0,1,0,200,1,NULL," -1",1,0,1,50
202000001935,24,8,2020,09:20:00,1,70,70310,2,1,1,3,"Route de Belfort","47,6750220","6,5188840",202000001935,154 738 820,A01,2,1,0,2,8,13,5,NULL,202000001935,154 738 818,B01,1,1,1,1,1952,0,1,-1,-1,0,0,-1,202000001935,3,486,-1,NULL,2,2,2,1,22,100,1,NULL," -1",1,0,1,50
202000001935,24,8,2020,09:20:00,1,70,70310,2,1,1,3,"Route de Belfort","47,6750220","6,5188840",202000001935,154 738 820,A01,2,1,0,2,8,13,5,NULL,202000001935,154 738 820,A01,1,1,3,1,1952,5,0,-1,-1,0,0,-1,202000001935,3,486,-1,NULL,2,2,2,1,22,100,1,NULL," -1",1,0,1,50
202000001938,17,10,2020,11:50:00,1,75,75112,2,2,1,3,"AVENUE DE LA PORTE DE CHARENTON","48,8317040","2,3978960",202000001938,154 738 814,A01,1,1,0,2,8,15,5,NULL,202000001938,154 738 812,B01,1,1,1,1,1959,1,1,0,-1,0,0,-1,202000001938,4,NULL,0,NULL,2,3,1,1,0,0,1,NULL," -1",1,0,1,50
202000001938,17,10,2020,11:50:00,1,75,75112,2,2,1,3,"AVENUE DE LA PORTE DE CHARENTON","48,8317040","2,3978960",202000001938,154 738 814,A01,1,1,0,2,8,15,5,NULL,202000001938,154 738 814,A01,1,1,4,1,1996,5,8,0,-1,0,0,-1,202000001938,4,NULL,0,NULL,2,3,1,1,0,0,1,NULL," -1",1,0,1,50
202000001941,16,10,2020,21:30:00,5,75,75108,2,2,1,7,"BOULEVARD MALESHERBES","48,8794360","2,3142650",202000001941,154 738 810,A01,2,1,0,0,1,1,5,NULL,202000001941,154 738 810,A01,1,1,4,1,2004,5,8,0,-1,0,0,-1,202000001941,4,NULL,0,NULL,2,6,1,1,0,0,1,NULL," -1",1,-1,5,50
202000001945,24,6,2020,15:30:00,1,73,73179,2,3,1,3,"Residence Sainte Anne","45,5975712","5,8753155",202000001945,154 738 809,B01,3,1,0,2,1,1,5,NULL,202000001945,154 738 806,A01,1,1,1,2,1991,1,8,-1,-1,0,0,-1,202000001945,5,NULL,-1,NULL,2,2,0,1,(1),(1),1,NULL," -1",1,0,1,30
202000001945,24,6,2020,15:30:00,1,73,73179,2,3,1,3,"Residence Sainte Anne","45,5975712","5,8753155",202000001945,154 738 809,B01,3,1,0,2,1,1,5,NULL,202000001945,154 738 809,B01,1,1,3,1,1989,3,0,-1,-1,0,0,-1,202000001945,5,NULL,-1,NULL,2,2,0,1,(1),(1),1,NULL," -1",1,0,1,30
202000001955,16,10,2020,19:20:00,5,94,94058,2,4,1,1,"LAMARTINE (AV)","48,8508160","2,4970320",202000001955,154 738 786,A01,2,1,1,2,1,5,5,NULL,202000001955,154 738 786,A01,1,1,3,1,1958,1,8,0,-1,-1," -1",-1,202000001955,4,"CROIX D EAU (R DE LA)",0,NULL,1,1,0,1,1,0,3,NULL," -1",1,0,1,50
202000001955,16,10,2020,19:20:00,5,94,94058,2,4,1,1,"LAMARTINE (AV)","48,8508160","2,4970320",202000001955,154 738 786,A01,2,1,1,2,1,5,5,NULL,202000001955,154 738 789,B01,1,1,1,1,2001,4,2,8,-1,-1," -1",-1,202000001955,4,"CROIX D EAU (R DE LA)",0,NULL,1,1,0,1,1,0,3,NULL," -1",1,0,1,50
202000001964,3,2,2020,18:20:00,5,51,51172,2,1,2,1,"Rue de Picardie","49,2238849","4,0411897",202000001964,154 738 772,A01,2,1,0,2,1,5,5,NULL,202000001964,154 738 772,A01,1,1,4,1,2002,5,0,-1,-1,-1," -1",-1,202000001964,4,NULL,0,NULL,2,2,0,1,(1),(1),3,NULL," -1",2,0,1,50
202000001964,3,2,2020,18:20:00,5,51,51172,2,1,2,1,"Rue de Picardie","49,2238849","4,0411897",202000001964,154 738 772,A01,2,1,0,2,1,5,5,NULL,202000001964,154 738 774,B01,1,1,1,2,1958,5,1,0,-1,-1," -1",-1,202000001964,4,NULL,0,NULL,2,2,0,1,(1),(1),3,NULL," -1",2,0,1,50
202000001971,3,2,2020,21:40:00,3,44,44109,2,1,2,3,"Quai Malakoff","47,2142600"," -1,5407100",202000001971,154 738 757,B01,0,1,0,2,7,19,5,NULL,202000001971,154 738 757,B01,1,1,3,1,2003,5,8,0,-1,-1," -1",-1,202000001971,4,NULL,0,NULL,2,2,1,1,(1),(1),1,NULL," -1",2,9,1,50
202000001971,3,2,2020,21:40:00,3,44,44109,2,1,2,3,"Quai Malakoff","47,2142600"," -1,5407100",202000001971,154 738 757,B01,0,1,0,2,7,19,5,NULL,202000001971,154 738 758,A01,2,2,1,2,1962,5,1,0,-1,-1," -1",-1,202000001971,4,NULL,0,NULL,2,2,1,1,(1),(1),1,NULL," -1",2,9,1,50
202000001971,3,2,2020,21:40:00,3,44,44109,2,1,2,3,"Quai Malakoff","47,2142600"," -1,5407100",202000001971,154 738 757,B01,0,1,0,2,7,19,5,NULL,202000001971,154 738 758,A01,1,1,1,1,1962,5,1,8,-1,-1," -1",-1,202000001971,4,NULL,0,NULL,2,2,1,1,(1),(1),1,NULL," -1",2,9,1,50
202000001971,3,2,2020,21:40:00,3,44,44109,2,1,2,3,"Quai Malakoff","47,2142600"," -1,5407100",202000001971,154 738 757,B01,0,1,0,2,7,19,5,NULL,202000001971,154 738 758,A01,3,2,1,2,2001,5,1,8,-1,-1," -1",-1,202000001971,4,NULL,0,NULL,2,2,1,1,(1),(1),1,NULL," -1",2,9,1,50
202000001982,3,2,2020,08:50:00,1,37,37261,2,1,2,7,"MAGINOT (AV. ANDRE)","47,4134312","0,6864742",202000001982,154 738 743,A01,1,1,0,0,7,1,5,NULL,202000001982,154 738 743,A01,1,1,4,1,1973,4,8,0,-1,-1," -1",-1,202000001982,3,910,0,NULL,3,2,3,1,0,0,1,NULL," -1",2,0,1,50
202000001992,3,2,2020,09:30:00,1,35,35051,2,3,1,3,"PARIS (RUE DE)","48,1142490"," -1,6073720",202000001992,154 738 725,B01,0,1,0,2,7,1,5,NULL,202000001992,154 738 725,B01,1,1,4,1,1999,0,8,0,-1,-1," -1",-1,202000001992,4,"PARIS (RUE DE)",0,NULL,1,1,1,1,0,0,3,NULL," -1",1,5,1,50
202000001992,3,2,2020,09:30:00,1,35,35051,2,3,1,3,"PARIS (RUE DE)","48,1142490"," -1,6073720",202000001992,154 738 725,B01,0,1,0,2,7,1,5,NULL,202000001992,154 738 727,A01,1,1,1,2,1957,0,1,0,-1,-1," -1",-1,202000001992,4,"PARIS (RUE DE)",0,NULL,1,1,1,1,0,0,3,NULL," -1",1,5,1,50
202000001998,18,10,2020,11:27:00,1,54,54109,1,1,1,3,D913,"48,5173932","6,1556321",202000001998,154 738 713,B01,1,1,0,2,8,15,5,NULL,202000001998,154 738 713,B01,1,1,3,1,1943,5,2,-1,-1,0,0,-1,202000001998,3,913,0,D,2,2,0,2,40,400,1,NULL," -1",1,0,1,80
202000001998,18,10,2020,11:27:00,1,54,54109,1,1,1,3,D913,"48,5173932","6,1556321",202000001998,154 738 713,B01,1,1,0,2,8,15,5,NULL,202000001998,154 738 715,A01,1,1,1,1,1934,0,1,-1,-1,0,0,-1,202000001998,3,913,0,D,2,2,0,2,40,400,1,NULL," -1",1,0,1,80
202000001998,18,10,2020,11:27:00,1,54,54109,1,1,1,3,D913,"48,5173932","6,1556321",202000001998,154 738 713,B01,1,1,0,2,8,15,5,NULL,202000001998,154 738 715,A01,2,2,1,2,1936,0,1,-1,-1,0,0,-1,202000001998,3,913,0,D,2,2,0,2,40,400,1,NULL," -1",1,0,1,80
202000001999,17,10,2020,10:15:00,1,51,51649,2,6,1,2,"Grande Rue de Vaux","48,7286085","4,5870305",202000001999,154 738 709,B01,2,1,0,0,4,23,0,NULL,202000001999,154 738 707,A01,1,1,1,2,1977,0,1,-1,-1,0,0,-1,202000001999,2,44,0,NULL,2,2,0,1,93,600,3,NULL," -1",1,0,1,50
202000001999,17,10,2020,10:15:00,1,51,51649,2,6,1,2,"Grande Rue de Vaux","48,7286085","4,5870305",202000001999,154 738 709,B01,2,1,0,0,4,23,0,NULL,202000001999,154 738 709,B01,1,1,4,1,1982,0,0,-1,-1,0,0,-1,202000001999,2,44,0,NULL,2,2,0,1,93,600,3,NULL," -1",1,0,1,50
202000002001,18,10,2020,12:00:00,1,17,17010,2,6,1,3,"8 Avenue de Chatelaillon","46,1010900"," -1,0986396",202000002001,154 738 705,A01,2,1,0,2,7,1,5,NULL,202000002001,154 738 703,B01,1,1,1,2,1957,3,1,-1,-1,0,0,-1,202000002001,3,202,0,NULL,1,1,0,1,10,50,2,NULL," -1",1,0,1,50
202000002001,18,10,2020,12:00:00,1,17,17010,2,6,1,3,"8 Avenue de Chatelaillon","46,1010900"," -1,0986396",202000002001,154 738 705,A01,2,1,0,2,7,1,5,NULL,202000002001,154 738 705,A01,1,1,3,1,1964,5,2,-1,-1,0,0,-1,202000002001,3,202,0,NULL,1,1,0,1,10,50,2,NULL," -1",1,0,1,50
202000002010,31,1,2020,23:55:00,5,31,31555,2,1,1,3,"FITTE (ALL CHARLES DE) DU 39AU 109","43,6005100","1,4287600",202000002010,154 738 690,B01,1,1,0,2,8,19,5,NULL,202000002010,154 738 690,B01,1,1,4,2,1995,5,2,0,-1,-1,0,-1,202000002010,4,"FITTE (ALL CHARLES DE) DU 39AU 109",0,NULL,2,2,0,1,0,0,1,NULL," -1",1,0,1,50
202000002010,31,1,2020,23:55:00,5,31,31555,2,1,1,3,"FITTE (ALL CHARLES DE) DU 39AU 109","43,6005100","1,4287600",202000002010,154 738 690,B01,1,1,0,2,8,19,5,NULL,202000002010,154 738 692,A01,1,1,1,1,1997,9,1,7,-1,-1,0,-1,202000002010,4,"FITTE (ALL CHARLES DE) DU 39AU 109",0,NULL,2,2,0,1,0,0,1,NULL," -1",1,0,1,50
202000002028,18,10,2020,11:17:00,1,80,80722,1,1,1,2,D12,"49,9584260","2,2259760",202000002028,154 738 658,A01,2,1,0,0,6,1,5,NULL,202000002028,154 738 656,B01,1,1,1,1,1947,5,8,-1,-1,0,0,-1,202000002028,3,D12,-1,NULL,2,2,0,4,5,400,1,NULL," -1",2,0,1,80
202000002028,18,10,2020,11:17:00,1,80,80722,1,1,1,2,D12,"49,9584260","2,2259760",202000002028,154 738 658,A01,2,1,0,0,6,1,5,NULL,202000002028,154 738 658,A01,1,1,3,1,1974,5,2,-1,-1,0,0,-1,202000002028,3,D12,-1,NULL,2,2,0,4,5,400,1,NULL," -1",2,0,1,80
202000002064,17,10,2020,14:05:00,1,14,14743,1,1,1,7,D49,"49,1597130"," -0,0106220",202000002064,154 738 601,A01,2,1,0,0,0,1,5,NULL,202000002064,154 738 601,A01,1,1,4,1,1960,5,2,4,6,0,0,-1,202000002064,3,49,-1,NULL,2,2,0,1,18,700,1,NULL," -1",1,0,1,80
202000002065,2,2,2020,19:20:00,5,75,75117,2,1,2,2,"RUE DE COURCELLES","48,8889940","2,2933610",202000002065,154 738 603,B01,1,1,0,2,4,1,5,NULL,202000002065,154 738 600,A01,1,1,1,1,1941,4,1,0,-1,0,0,-1,202000002065,4,NULL,0,NULL,2,4,0,1,228,0,1,NULL," -1",2,0,1,30
202000002065,2,2,2020,19:20:00,5,75,75117,2,1,2,2,"RUE DE COURCELLES","48,8889940","2,2933610",202000002065,154 738 603,B01,1,1,0,2,4,1,5,NULL,202000002065,154 738 603,B01,1,1,4,1,1987,5,2,4,-1,0,0,-1,202000002065,4,NULL,0,NULL,2,4,0,1,228,0,1,NULL," -1",2,0,1,30
202000002075,23,8,2020,11:55:00,1,75,75120,2,2,1,3,"RUE DES VIGNOLES","48,8540530","2,3999330",202000002075,154 738 587,B01,2,1,0,2,7,1,5,NULL,202000002075,154 738 587,B01,1,1,4,1,1984,9,2,0,-1,0,0,-1,202000002075,4,NULL,0,NULL,2,2,0,1,0,0,1,NULL," -1",1,0,1,50
202000002075,23,8,2020,11:55:00,1,75,75120,2,2,1,3,"RUE DES VIGNOLES","48,8540530","2,3999330",202000002075,154 738 587,B01,2,1,0,2,7,1,5,NULL,202000002075,154 738 588,A01,1,1,1,1,1998,9,1,0,-1,0,0,-1,202000002075,4,NULL,0,NULL,2,2,0,1,0,0,1,NULL," -1",1,0,1,50
202000002078,23,8,2020,15:35:00,1,75,75119,2,1,1,6,"AVENUE JEAN JAURES","48,8886440","2,3925520",202000002078,154 738 582,A01,2,1,14,0,0,14,5,NULL,202000002078,154 738 582,A01,1,1,4,1,1969,5,2,0,-1,0,0,-1,202000002078,4,NULL,0,NULL,2,4,1,1,0,0,1,NULL," -1",1,-1,5,30
202000002081,3,2,2020,10:05:00,1,75,75113,2,1,1,3,"BOULEVARD DU GENERAL JEAN SIMON","48,8270300","2,3854700",202000002081,154 738 579,A01,2,1,0,2,4,19,5,NULL,202000002081,154 738 579,A01,1,1,4,2,1974,1,8,0,-1,0,0,-1,202000002081,4,NULL,0,NULL,1,5,1,1,2,0,1,NULL," -1",1,-1,5,50
202000002081,3,2,2020,10:05:00,1,75,75113,2,1,1,3,"BOULEVARD DU GENERAL JEAN SIMON","48,8270300","2,3854700",202000002081,154 738 579,A01,2,1,0,2,4,19,5,NULL,202000002081,154 738 581,B01,1,1,4,1,1982,1,2,6,-1,0,0,-1,202000002081,4,NULL,0,NULL,1,5,1,1,2,0,1,NULL," -1",1,-1,5,50
202000002086,3,2,2020,22:30:00,5,75,75111,2,1,3,3,"BOULEVARD DE MENILMONTANT","48,8635920","2,3864560",202000002086,154 738 565,B01,2,1,0,2,1,1,5,NULL,202000002086,154 738 565,B01,1,1,4,1,1986,5,8,0,-1,0,0,-1,202000002086,4,NULL,0,NULL,1,1,2,1,77,0,1,NULL," -1",2,-1,5,50
202000002086,3,2,2020,22:30:00,5,75,75111,2,1,3,3,"BOULEVARD DE MENILMONTANT","48,8635920","2,3864560",202000002086,154 738 565,B01,2,1,0,2,1,1,5,NULL,202000002086,154 738 567,A01,1,1,1,1,1948,5,1,0,-1,0,0,-1,202000002086,4,NULL,0,NULL,1,1,2,1,77,0,1,NULL," -1",2,-1,5,50
202000002087,23,8,2020,15:40:00,1,75,75112,2,3,1,3,"AVENUE DAUMESNIL","48,8442300","2,3816910",202000002087,154 738 564,B01,1,1,0,2,8,1,5,NULL,202000002087,154 738 564,B01,1,1,4,1,1980,5,2,0,-1,0,0,-1,202000002087,4,NULL,0,NULL,2,4,1,1,0,0,1,NULL," -1",1,-1,5,50
202000002087,23,8,2020,15:40:00,1,75,75112,2,3,1,3,"AVENUE DAUMESNIL","48,8442300","2,3816910",202000002087,154 738 564,B01,1,1,0,2,8,1,5,NULL,202000002087,154 738 566,A01,1,1,1,1,1989,4,1,0,-1,0,0,-1,202000002087,4,NULL,0,NULL,2,4,1,1,0,0,1,NULL," -1",1,-1,5,50
202000002092,15,10,2020,16:30:00,1,83,83071,2,1,1,6,"Avenue Rouget de Lisle","43,1360910","6,2289420",202000002092,154 738 555,A01,1,1,0,1,1,2,5,NULL,202000002092,154 738 555,A01,10,3,4,2,1944,5,0,-1,-1,8,1,1,202000002092,3,559,-1,NULL,2,2,1,1,(1),(1),1,NULL," -1",1,0,5,-1
202000002092,15,10,2020,16:30:00,1,83,83071,2,1,1,6,"Avenue Rouget de Lisle","43,1360910","6,2289420",202000002092,154 738 555,A01,1,1,0,1,1,2,5,NULL,202000002092,154 738 555,A01,1,1,4,1,1941,5,2,-1,-1,0,0,-1,202000002092,3,559,-1,NULL,2,2,1,1,(1),(1),1,NULL," -1",1,0,5,-1
202000002093,3,2,2020,09:30:00,1,75,75111,2,1,8,3,"RUE FROMENT","48,8569690","2,3730050",202000002093,154 738 557,B01,2,1,0,2,1,1,5,NULL,202000002093,154 738 556,A01,1,1,1,1,1990,4,1,0,-1,0,0,-1,202000002093,4,NULL,0,NULL,1,2,0,1,7,0,1,NULL," -1",2,0,1,50
202000002093,3,2,2020,09:30:00,1,75,75111,2,1,8,3,"RUE FROMENT","48,8569690","2,3730050",202000002093,154 738 557,B01,2,1,0,2,1,1,5,NULL,202000002093,154 738 557,B01,1,1,4,2,1990,4,2,0,-1,0,0,-1,202000002093,4,NULL,0,NULL,1,2,0,1,7,0,1,NULL," -1",2,0,1,50
202000002104,23,8,2020,17:45:00,1,94,94081,2,1,1,3,"CARRIERES (R DES)","48,7994910","2,3894680",202000002104,154 738 544,B01,2,1,0,0,0,0,5,NULL,202000002104,154 738 542,A01,1,1,1,1,1953,5,1,8,-1,-1," -1",-1,202000002104,4,"CARRIERES (R DES)",0,NULL,2,1,0,1,0,1,1,NULL," -1",1,0,1,30
202000002104,23,8,2020,17:45:00,1,94,94081,2,1,1,3,"CARRIERES (R DES)","48,7994910","2,3894680",202000002104,154 738 544,B01,2,1,0,0,0,0,5,NULL,202000002104,154 738 544,B01,1,1,4,1,1965,5,8,8,-1,-1," -1",-1,202000002104,4,"CARRIERES (R DES)",0,NULL,2,1,0,1,0,1,1,NULL," -1",1,0,1,30
202000002107,17,10,2020,18:05:00,1,01,01313,2,6,1,3,D35b,"46,2545410","6,0806540",202000002107,154 738 539,B01,1,1,0,2,1,1,5,NULL,202000002107,154 738 538,A01,1,1,1,1,1977,5,1,-1,-1,0,0,-1,202000002107,3,35,0,B,2,2,0,1,1,400,1,NULL," -1",1,5,1,50
202000002107,17,10,2020,18:05:00,1,01,01313,2,6,1,3,D35b,"46,2545410","6,0806540",202000002107,154 738 539,B01,1,1,0,2,1,1,5,NULL,202000002107,154 738 539,B01,1,1,4,1,2008,5,2,-1,-1,0,0,-1,202000002107,3,35,0,B,2,2,0,1,1,400,1,NULL," -1",1,5,1,50
202000002135,22,8,2020,15:05:00,1,68,68315,1,1,1,3,D431,"47,8914560","7,1127890",202000002135,154 738 491,B01,2,1,0,0,8,1,5,NULL,202000002135,154 738 491,B01,1,1,4,1,1969,5,2,-1,-1,0,0,-1,202000002135,3,431,0,NULL,2,2,0,2,9,700,2,NULL," -1",1,0,1,70
202000002135,22,8,2020,15:05:00,1,68,68315,1,1,1,3,D431,"47,8914560","7,1127890",202000002135,154 738 491,B01,2,1,0,0,8,1,5,NULL,202000002135,154 738 492,A01,1,1,3,1,1948,5,2,6,-1,0,0,-1,202000002135,3,431,0,NULL,2,2,0,2,9,700,2,NULL," -1",1,0,1,70
202000002156,4,2,2020,13:10:00,1,56,56078,1,6,8,3,"Z.A. Pen Mané (Arrêt de bus)","47,8070260"," -3,4640350",202000002156,154 738 455,B01,2,1,0,2,5,1,0,NULL,202000002156,154 738 454,A01,1,1,1,1,1976,4,1,-1,-1,0,0,-1,202000002156,3,306,0,NULL,-1,1,0,1,6,(1),2,NULL," -1",1,0,1,50
202000002156,4,2,2020,13:10:00,1,56,56078,1,6,8,3,"Z.A. Pen Mané (Arrêt de bus)","47,8070260"," -3,4640350",202000002156,154 738 455,B01,2,1,0,2,5,1,0,NULL,202000002156,154 738 455,B01,1,1,3,2,1969,5,2,-1,-1,0,0,-1,202000002156,3,306,0,NULL,-1,1,0,1,6,(1),2,NULL," -1",1,0,1,50
202000002161,2,2,2020,11:55:00,1,31,31351,1,1,1,3,"Route de Mondonville","43,6771990","1,3064070",202000002161,154 738 446,B01,2,1,0,2,3,2,5,NULL,202000002161,154 738 445,A01,1,1,1,1,1993,0,8,-1,-1,0,0,-1,202000002161,3,1,0,C,2,2,0,1,2,100,2,NULL,4,1,0,1,80
202000002161,2,2,2020,11:55:00,1,31,31351,1,1,1,3,"Route de Mondonville","43,6771990","1,3064070",202000002161,154 738 446,B01,2,1,0,2,3,2,5,NULL,202000002161,154 738 446,B01,1,1,4,1,1965,5,2,-1,-1,0,0,-1,202000002161,3,1,0,C,2,2,0,1,2,100,2,NULL,4,1,0,1,80
202000002162,23,8,2020,16:53:00,1,22,22194,2,1,1,3,"rue des Écoles","48,6517540"," -3,6319620",202000002162,154 738 444,B01,3,1,0,0,6,26,5,NULL,202000002162,154 738 443,A01,1,1,1,1,2005,5,1,-1,-1,0,0,-1,202000002162,6,NULL,0,NULL,-1,-1,0,1,(1),(1),1,NULL," -1",1,9,8,-1
202000002162,23,8,2020,16:53:00,1,22,22194,2,1,1,3,"rue des Écoles","48,6517540"," -3,6319620",202000002162,154 738 444,B01,3,1,0,0,6,26,5,NULL,202000002162,154 738 444,B01,1,1,4,1,2006,5,0,-1,-1,0,0,-1,202000002162,6,NULL,0,NULL,-1,-1,0,1,(1),(1),1,NULL," -1",1,9,8,-1
202000002175,3,2,2020,18:15:00,5,02,02173,2,6,3,3,"94 Rue Anciens Combattants Afn Tom","49,6278920","3,2363100",202000002175,154 738 426,B01,1,1,0,2,0,1,5,NULL,202000002175,154 738 425,A01,1,1,1,1,1994,1,8,-1,-1,0,0,-1,202000002175,3,338,0,D,2,2,0,1,5,30,1,NULL," -1",2,5,1,50
202000002175,3,2,2020,18:15:00,5,02,02173,2,6,3,3,"94 Rue Anciens Combattants Afn Tom","49,6278920","3,2363100",202000002175,154 738 426,B01,1,1,0,2,0,1,5,NULL,202000002175,154 738 426,B01,1,1,2,1,1960,1,0,-1,-1,0,0,-1,202000002175,3,338,0,D,2,2,0,1,5,30,1,NULL," -1",2,5,1,50
202000002203,23,8,2020,09:17:00,1,987,98725,1,1,1,5,Ahonu," -17,5625910"," -149,4760510",202000002203,154 738 373,B01,2,1,0,2,1,1,5,NULL,202000002203,154 738 373,B01,1,1,3,2,1996,5,2,-1,-1,0,0,-1,202000002203,4,RT1,-1,NULL,2,2,0,1,(1),(1),3,NULL," -1",1,0,1,50
202000002203,23,8,2020,09:17:00,1,987,98725,1,1,1,5,Ahonu," -17,5625910"," -149,4760510",202000002203,154 738 373,B01,2,1,0,2,1,1,5,NULL,202000002203,154 738 374,A01,2,2,1,1,2002,5,1,-1,-1,0,0,-1,202000002203,4,RT1,-1,NULL,2,2,0,1,(1),(1),3,NULL," -1",1,0,1,50
202000002203,23,8,2020,09:17:00,1,987,98725,1,1,1,5,Ahonu," -17,5625910"," -149,4760510",202000002203,154 738 373,B01,2,1,0,2,1,1,5,NULL,202000002203,154 738 374,A01,7,2,1,1,1979,5,1,-1,-1,0,0,-1,202000002203,4,RT1,-1,NULL,2,2,0,1,(1),(1),3,NULL," -1",1,0,1,50
202000002203,23,8,2020,09:17:00,1,987,98725,1,1,1,5,Ahonu," -17,5625910"," -149,4760510",202000002203,154 738 373,B01,2,1,0,2,1,1,5,NULL,202000002203,154 738 374,A01,1,1,1,1,1991,5,1,-1,-1,0,0,-1,202000002203,4,RT1,-1,NULL,2,2,0,1,(1),(1),3,NULL," -1",1,0,1,50
202000002203,23,8,2020,09:17:00,1,987,98725,1,1,1,5,Ahonu," -17,5625910"," -149,4760510",202000002203,154 738 373,B01,2,1,0,2,1,1,5,NULL,202000002203,154 738 377,C01,1,1,4,1,1963,5,1,-1,-1,0,0,-1,202000002203,4,RT1,-1,NULL,2,2,0,1,(1),(1),3,NULL," -1",1,0,1,50
202000002203,23,8,2020,09:17:00,1,987,98725,1,1,1,5,Ahonu," -17,5625910"," -149,4760510",202000002203,154 738 373,B01,2,1,0,2,1,1,5,NULL,202000002203,154 738 377,C01,2,2,4,2,1965,5,1,-1,-1,0,0,-1,202000002203,4,RT1,-1,NULL,2,2,0,1,(1),(1),3,NULL," -1",1,0,1,50
202000002237,23,8,2020,17:20:00,1,38,38061,1,1,1,6,"Rue de la Charriere","45,3356650","5,6220070",202000002237,154 738 312,A01,2,1,0,0,0,0,5,NULL,202000002237,154 738 312,A01,1,1,4,1,1959,5,0,-1,-1,0,0,-1,202000002237,4,NULL,-1,NULL,2,2,0,2,(1),(1),2,NULL," -1",1,9,1,80
202000002242,14,8,2020,15:00:00,1,69,69163,2,1,1,3,"Route du Grand Veissieux","45,9210800","4,7557280",202000002242,154 738 303,B01,2,1,0,2,8,1,5,NULL,202000002242,154 738 303,B01,1,1,4,1,2004,5,2,-1,-1,0,0,-1,202000002242,3,51,0,NULL,2,2,0,1,22,100,1,NULL," -1",1,5,1,-1
202000002242,14,8,2020,15:00:00,1,69,69163,2,1,1,3,"Route du Grand Veissieux","45,9210800","4,7557280",202000002242,154 738 303,B01,2,1,0,2,8,1,5,NULL,202000002242,154 738 305,A01,1,1,1,1,1997,5,1,-1,-1,0,0,-1,202000002242,3,51,0,NULL,2,2,0,1,22,100,1,NULL," -1",1,5,1,-1
202000002264,2,2,2020,16:20:00,1,64,64024,2,1,1,2,"SOURCES (PROMENADE DES)","43,4971400"," -1,5431200",202000002264,154 738 256,A01,3,1,0,2,1,1,5,NULL,202000002264,154 738 256,A01,1,1,4,1,2006,5,2,0,-1,-1," -1",-1,202000002264,4,NULL,0,NULL,2,2,0,1,0,0,1,NULL," -1",1,0,1,30
202000002264,2,2,2020,16:20:00,1,64,64024,2,1,1,2,"SOURCES (PROMENADE DES)","43,4971400"," -1,5431200",202000002264,154 738 256,A01,3,1,0,2,1,1,5,NULL,202000002264,154 738 257,B01,1,1,1,1,1946,5,1,0,-1,-1," -1",-1,202000002264,4,NULL,0,NULL,2,2,0,1,0,0,1,NULL," -1",1,0,1,30
202000002310,22,8,2020,09:39:00,1,74,74010,2,2,1,3,"JEAN JAURES","45,9036350","6,1273700",202000002310,154 738 174,A01,0,1,0,2,1,19,0,NULL,202000002310,154 738 173,B01,1,1,1,2,1960,5,1,8,-1,-1," -1",-1,202000002310,4,"JEAN JAURES",0,NULL,2,2,0,1,0,0,1,NULL," -1",1,0,1,50