Num_Acc,jour,mois,an,hrmn,lum,dep,com,agg,int,atm,col,adr,lat,long,Num_Acc,id_vehicule,num_veh,senc,catv,obs,obsm,choc,manv,motor,occutc,Num_Acc,id_vehicule,num_veh,place,catu,grav,sexe,an_nais,trajet,secu1,secu2,secu3,locp,actp,etatp,Num_Acc,catr,voie,v1,v2,circ,nbv,vosp,prof,pr,pr1,plan,lartpc,larrout,surf,infra,situ,vma
202000002310,22,8,2020,09:39:00,1,74,74010,2,2,1,3,"JEAN JAURES","45,9036350","6,1273700",202000002310,154 738 174,A01,0,1,0,2,1,19,0,NULL,202000002310,154 738 174,A01,1,1,3,1,1951,0,8,0,-1,-1," -1",-1,202000002310,4,"JEAN JAURES",0,NULL,2,2,0,1,0,0,1,NULL," -1",1,0,1,50
202000002317,21,8,2020,13:15:00,1,35,35238,2,6,1,1,"COLLIN (RENE)","48,1326114"," -1,6902306",202000002317,154 738 161,A01,1,1,0,2,1,25,5,NULL,202000002317,154 738 161,A01,1,1,4,1,1971,9,8,0,-1,-1," -1",-1,202000002317,4,"COLLIN (RENE)",0,NULL,1,2,0,1,(1),(1),1,NULL," -1",1,0,1,50
202000002317,21,8,2020,13:15:00,1,35,35238,2,6,1,1,"COLLIN (RENE)","48,1326114"," -1,6902306",202000002317,154 738 161,A01,1,1,0,2,1,25,5,NULL,202000002317,154 738 162,B01,1,1,1,1,2000,1,1,-1,-1,-1," -1",-1,202000002317,4,"COLLIN (RENE)",0,NULL,1,2,0,1,(1),(1),1,NULL," -1",1,0,1,50
202000002320,22,8,2020,11:30:00,1,33,33009,2,1,1,6,"MESTREZAT (BD)","44,6519700"," -1,1476400",202000002320,154 738 157,A01,2,1,0,0,0,1,0,NULL,202000002320,154 738 157,A01,1,1,4,2,1989,5,8,-1,-1,-1," -1",-1,202000002320,4,"MESTREZAT (BD)",0,NULL,2,2,1,1,(1),(1),1,NULL," -1",1,0,5,50
202000002337,22,8,2020,17:45:00,1,75,75120,2,1,1,3,"AVENUE GAMBETTA","48,8633070","2,3890160",202000002337,154 738 132,B01,2,1,0,2,1,1,5,NULL,202000002337,154 738 131,A01,1,1,1,1,1994,9,1,0,-1,0,0,-1,202000002337,4,NULL,0,NULL,2,4,0,2,0,0,1,NULL," -1",1,0,1,30
202000002337,22,8,2020,17:45:00,1,75,75120,2,1,1,3,"AVENUE GAMBETTA","48,8633070","2,3890160",202000002337,154 738 132,B01,2,1,0,2,1,1,5,NULL,202000002337,154 738 132,B01,1,1,4,1,1967,5,8,0,-1,0,0,-1,202000002337,4,NULL,0,NULL,2,4,0,2,0,0,1,NULL," -1",1,0,1,30
202000002339,19,7,2020,15:48:00,1,91,91477,2,1,7,4,"EMILE BAUDOT (RUE)","48,7211000","2,2612000",202000002339,154 738 129,C01,1,1,1,2,9,13,5,NULL,202000002339,154 738 127,A01,1,1,1,1,1965,0,1,0,-1,-1," -1",-1,202000002339,4,"EMILE BAUDOT (RUE)",0,NULL,2,2,0,1,0,0,1,NULL," -1",1,0,1,50
202000002339,19,7,2020,15:48:00,1,91,91477,2,1,7,4,"EMILE BAUDOT (RUE)","48,7211000","2,2612000",202000002339,154 738 129,C01,1,1,1,2,9,13,5,NULL,202000002339,154 738 128,B01,1,1,1,1,1982,9,1,0,-1,-1," -1",-1,202000002339,4,"EMILE BAUDOT (RUE)",0,NULL,2,2,0,1,0,0,1,NULL," -1",1,0,1,50
202000002339,19,7,2020,15:48:00,1,91,91477,2,1,7,4,"EMILE BAUDOT (RUE)","48,7211000","2,2612000",202000002339,154 738 129,C01,1,1,1,2,9,13,5,NULL,202000002339,154 738 129,C01,1,1,3,1,1954,5,2,8,-1,-1," -1",-1,202000002339,4,"EMILE BAUDOT (RUE)",0,NULL,2,2,0,1,0,0,1,NULL," -1",1,0,1,50
202000002352,22,7,2020,21:00:00,5,67,67043,2,1,1,1,"DIGUE (CHEMIN DE LA)","48,6137475","7,7625997",202000002352,154 738 103,B01,3,1,0,2,1,1,5,NULL,202000002352,154 738 103,B01,1,1,4,2,1985,5,8,0,-1,-1," -1",-1,202000002352,4,NULL,0,NULL,2,1,1,1,0,0,1,NULL," -1",1,0,5,30
202000002352,22,7,2020,21:00:00,5,67,67043,2,1,1,1,"DIGUE (CHEMIN DE LA)","48,6137475","7,7625997",202000002352,154 738 103,B01,3,1,0,2,1,1,5,NULL,202000002352,154 738 104,A01,1,1,1,1,2000,5,8,0,-1,-1," -1",-1,202000002352,4,NULL,0,NULL,2,1,1,1,0,0,1,NULL," -1",1,0,5,30
202000002354,23,7,2020,15:50:00,1,64,64445,2,1,1,3,"124 Boulevard Tourasse","43,3113100"," -0,3652700",202000002354,154 738 100,A01,1,1,0,2,1,9,5,NULL,202000002354,154 738 099,B01,1,1,1,1,1983,0,1,8,-1,-1," -1",-1,202000002354,4,"boulevard TOURASSE",0,NULL,1,3,1,1,(1),(1),1,NULL," -1",1,0,5,50
202000002354,23,7,2020,15:50:00,1,64,64445,2,1,1,3,"124 Boulevard Tourasse","43,3113100"," -0,3652700",202000002354,154 738 100,A01,1,1,0,2,1,9,5,NULL,202000002354,154 738 100,A01,1,1,4,2,1942,0,8,8,-1,-1," -1",-1,202000002354,4,"boulevard TOURASSE",0,NULL,1,3,1,1,(1),(1),1,NULL," -1",1,0,5,50
202000002355,22,7,2020,17:15:00,1,64,64102,2,1,1,3,"Boulevard du Bab","43,4970960"," -1,4877600",202000002355,154 738 098,B01,1,1,0,2,8,13,5,NULL,202000002355,154 738 097,A01,1,1,1,1,1945,0,1,0,-1,-1," -1",-1,202000002355,4,"BAB (Boulevard)",0,NULL,2,6,3,1,(1),(1),1,NULL," -1",1,0,1,50
202000002355,22,7,2020,17:15:00,1,64,64102,2,1,1,3,"Boulevard du Bab","43,4970960"," -1,4877600",202000002355,154 738 098,B01,1,1,0,2,8,13,5,NULL,202000002355,154 738 098,B01,1,1,4,1,2003,5,8,0,-1,-1," -1",-1,202000002355,4,"BAB (Boulevard)",0,NULL,2,6,3,1,(1),(1),1,NULL," -1",1,0,1,50
202000002359,23,7,2020,16:20:00,1,59,59350,2,9,1,3,"CHASSEURS DE DRIANT PLACE DES","50,6182493","3,0329293",202000002359,154 738 090,Y01,0,1,0,0,8,1,5,NULL,202000002359,154 738 089,A01,1,1,1,1,1995,0,1,0,-1,-1,0,-1,202000002359,4,"PLACE DES CHASSEURS DE DRIANT ",0,NULL,1,2,0,1,0,0,3,NULL," -1",1,0,5,50
202000002359,23,7,2020,16:20:00,1,59,59350,2,9,1,3,"CHASSEURS DE DRIANT PLACE DES","50,6182493","3,0329293",202000002359,154 738 090,Y01,0,1,0,0,8,1,5,NULL,202000002359,154 738 089,A01,2,2,4,1,1990,1,8,0,-1,-1,0,-1,202000002359,4,"PLACE DES CHASSEURS DE DRIANT ",0,NULL,1,2,0,1,0,0,3,NULL," -1",1,0,5,50
202000002359,23,7,2020,16:20:00,1,59,59350,2,9,1,3,"CHASSEURS DE DRIANT PLACE DES","50,6182493","3,0329293",202000002359,154 738 090,Y01,0,1,0,0,8,1,5,NULL,202000002359,154 738 090,Y01,1,1,4,2,2000,5,0,0,0,-1,0,-1,202000002359,4,"PLACE DES CHASSEURS DE DRIANT ",0,NULL,1,2,0,1,0,0,3,NULL," -1",1,0,5,50
202000002360,19,7,2020,17:20:00,1,59,59360,2,9,1,1,"CHEVALIER DE L'ESPINARD RUE","50,6142400","3,0275300",202000002360,154 738 087,Y01,1,1,1,2,3,1,0,NULL,202000002360,154 738 087,Y01,1,1,4,1,1994,0,8,0,-1,-1," -1",-1,202000002360,4,"CHEVALIER DE L'ESPINARD RUE",0,NULL,1,1,2,1,0,0,2,NULL," -1",1,0,5,30
202000002363,20,7,2020,12:10:00,1,50,50129,2,1,1,3,"MILLET (AVENUE JEAN-FRANCOIS)","49,6337700"," -1,6182900",202000002363,154 738 082,A01,0,1,0,2,1,25,5,NULL,202000002363,154 738 081,B01,1,1,1,1,1972,5,1,0,-1,-1," -1",-1,202000002363,4,"MILLET (AVENUE JEAN-FRANCOIS)",0,NULL,-1,6,0,1,0,0,1,NULL," -1",1,5,4,50
202000002363,20,7,2020,12:10:00,1,50,50129,2,1,1,3,"MILLET (AVENUE JEAN-FRANCOIS)","49,6337700"," -1,6182900",202000002363,154 738 082,A01,0,1,0,2,1,25,5,NULL,202000002363,154 738 082,A01,1,1,4,2,2001,5,8,0,-1,-1," -1",-1,202000002363,4,"MILLET (AVENUE JEAN-FRANCOIS)",0,NULL,-1,6,0,1,0,0,1,NULL," -1",1,5,4,50
202000002365,7,7,2020,11:39:00,1,44,44184,2,1,1,3,"BROODCOORENS (RUE) DU 124 AU 176 - DU 11","47,2655500"," -2,2515400",202000002365,154 738 077,B01,3,1,0,2,4,19,5,NULL,202000002365,154 738 077,B01,1,1,4,1,1983,3,8,0,-1,-1," -1",-1,202000002365,4,NULL,0,NULL,2,2,3,1,(1),(1),1,NULL," -1",1,0,1,50
202000002365,7,7,2020,11:39:00,1,44,44184,2,1,1,3,"BROODCOORENS (RUE) DU 124 AU 176 - DU 11","47,2655500"," -2,2515400",202000002365,154 738 077,B01,3,1,0,2,4,19,5,NULL,202000002365,154 738 078,A01,1,1,1,1,1956,0,1,0,-1,-1," -1",-1,202000002365,4,NULL,0,NULL,2,2,3,1,(1),(1),1,NULL," -1",1,0,1,50
202000002369,23,7,2020,22:00:00,5,37,37261,2,1,1,-1,"MIRABEAU (PONT)","47,4004291","0,7008188",202000002369,154 738 069,B01,3,1,0,2,4,2,5,NULL,202000002369,154 738 069,B01,1,1,4,1,1997,5,8,0,-1,-1," -1",-1,202000002369,7,NULL,0,NULL,1,2,0,1,0,0,1,NULL," -1",1,2,1,50
202000002378,23,7,2020,21:05:00,2,33,33009,2,1,1,7,"OCEAN (BD DE L'.)","44,6602300"," -1,1907700",202000002378,154 738 056,A01,2,1,0,0,0,1,5,NULL,202000002378,154 738 056,A01,1,1,4,1,1990,5,8,0,-1,-1," -1",-1,202000002378,4,"OCEAN (BD DE L'.)",0,NULL,2,4,2,2,(1),(1),3,NULL," -1",1,0,5,50
202000002384,23,7,2020,18:10:00,1,17,17300,2,1,1,7,"REPUBLIQUE   BOULEVARD DE LA","46,1383000"," -1,1532000",202000002384,154 738 048,A01,1,1,0,0,0,1,5,NULL,202000002384,154 738 048,A01,1,1,4,2,1959,5,8,0,-1,-1," -1",-1,202000002384,4,"REPUBLIQUE   BOULEVARD DE LA",0,NULL,2,4,2,2,0,0,1,NULL," -1",1,0,1,30
202000002390,22,7,2020,19:50:00,1,13,13028,2,2,1,-1,"SANDRAL (AVENUE MAURICE )","43,1693030","5,6035690",202000002390,154 738 038,B01,2,1,0,2,4,1,5,NULL,202000002390,154 738 037,A01,10,3,3,2,1980,5,0,-1,-1,2,3,1,202000002390,4,NULL,0,NULL,2,2,0,2,0,0,1,NULL," -1",1,0,1,50
202000002390,22,7,2020,19:50:00,1,13,13028,2,2,1,-1,"SANDRAL (AVENUE MAURICE )","43,1693030","5,6035690",202000002390,154 738 038,B01,2,1,0,2,4,1,5,NULL,202000002390,154 738 037,A01,1,1,1,1,1958,4,1,-1,-1,-1," -1",-1,202000002390,4,NULL,0,NULL,2,2,0,2,0,0,1,NULL," -1",1,0,1,50
202000002400,22,7,2020,18:45:00,1,75,75112,2,1,1,2,"RUE TRAVERSIERE","48,8495980","2,3750900",202000002400,154 738 019,B01,2,1,0,2,1,1,5,NULL,202000002400,154 738 019,B01,1,1,3,1,2002,5,8,0,-1,0,0,-1,202000002400,4,NULL,0,NULL,1,1,0,1,50,0,1,NULL," -1",1,0,1,50
202000002400,22,7,2020,18:45:00,1,75,75112,2,1,1,2,"RUE TRAVERSIERE","48,8495980","2,3750900",202000002400,154 738 019,B01,2,1,0,2,1,1,5,NULL,202000002400,154 738 020,A01,1,1,1,1,1966,4,1,0,-1,0,0,-1,202000002400,4,NULL,0,NULL,1,1,0,1,50,0,1,NULL," -1",1,0,1,50
202000002407,22,7,2020,21:45:00,5,75,75111,2,1,1,3,"BOULEVARD DE CHARONNE","48,8572180","2,3928600",202000002407,154 738 006,B01,2,1,0,2,3,1,5,NULL,202000002407,154 738 006,B01,1,1,4,1,1976,9,8,0,-1,0,0,-1,202000002407,4,NULL,0,NULL,1,2,0,1,0,0,1,NULL," -1",1,0,1,50
202000002407,22,7,2020,21:45:00,5,75,75111,2,1,1,3,"BOULEVARD DE CHARONNE","48,8572180","2,3928600",202000002407,154 738 006,B01,2,1,0,2,3,1,5,NULL,202000002407,154 738 007,A01,1,1,1,1,1982,9,1,-1,-1,0,0,-1,202000002407,4,NULL,0,NULL,1,2,0,1,0,0,1,NULL," -1",1,0,1,50
202000002408,23,7,2020,16:30:00,1,75,75109,2,1,1,3,"BOULEVARD DE ROCHECHOUART","48,8834810","2,3483250",202000002408,154 738 004,A01,2,1,0,2,1,13,5,NULL,202000002408,154 738 004,A01,1,1,4,2,2012,5,2,0,-1,0,0,-1,202000002408,4,NULL,0,NULL,1,3,3,1,0,0,1,NULL," -1",1,-1,6,50
202000002408,23,7,2020,16:30:00,1,75,75109,2,1,1,3,"BOULEVARD DE ROCHECHOUART","48,8834810","2,3483250",202000002408,154 738 004,A01,2,1,0,2,1,13,5,NULL,202000002408,154 738 005,B01,1,1,1,2,1952,5,1,0,-1,0,0,-1,202000002408,4,NULL,0,NULL,1,3,3,1,0,0,1,NULL," -1",1,-1,6,50
202000002414,23,7,2020,17:00:00,1,75,75103,2,2,1,3,"BOULEVARD DE SEBASTOPOL","48,8662330","2,3525340",202000002414,154 737 996,B01,1,1,0,2,1,1,5,NULL,202000002414,154 737 995,A01,1,1,1,1,1974,1,2,0,-1,0,0,-1,202000002414,4,NULL,0,NULL,1,5,1,1,0,0,1,NULL," -1",1,-1,5,50
202000002414,23,7,2020,17:00:00,1,75,75103,2,2,1,3,"BOULEVARD DE SEBASTOPOL","48,8662330","2,3525340",202000002414,154 737 996,B01,1,1,0,2,1,1,5,NULL,202000002414,154 737 996,B01,1,1,4,1,1966,1,2,0,-1,0,0,-1,202000002414,4,NULL,0,NULL,1,5,1,1,0,0,1,NULL," -1",1,-1,5,50
202000002420,23,7,2020,18:20:00,1,94,94054,2,2,1,3,"VICTOIRE (AV DE LA)","48,7451000","2,3887000",202000002420,154 737 984,A01,2,1,0,2,7,1,5,NULL,202000002420,154 737 984,A01,1,1,4,1,2007,5,8,0,-1,-1," -1",-1,202000002420,3,"VICTOIRE (AV DE LA)",0,NULL,2,2,0,2,0,1,1,NULL," -1",1,0,1,50
202000002420,23,7,2020,18:20:00,1,94,94054,2,2,1,3,"VICTOIRE (AV DE LA)","48,7451000","2,3887000",202000002420,154 737 984,A01,2,1,0,2,7,1,5,NULL,202000002420,154 737 985,B01,1,1,1,2,1973,1,1,0,-1,-1," -1",-1,202000002420,3,"VICTOIRE (AV DE LA)",0,NULL,2,2,0,2,0,1,1,NULL," -1",1,0,1,50
202000002428,23,7,2020,15:30:00,1,92,92012,2,1,1,2,"JEAN JAURES (BOULEVARD) 63/215 - 70/208","48,8383046","2,2408569",202000002428,154 737 967,B01,2,1,1,0,1,1,5,NULL,202000002428,154 737 967,B01,1,1,4,1,1967,9,8,0,-1,-1," -1",-1,202000002428,3,2,0,NULL,2,2,0,1,0,0,1,NULL," -1",1,9,1,50
202000002428,23,7,2020,15:30:00,1,92,92012,2,1,1,2,"JEAN JAURES (BOULEVARD) 63/215 - 70/208","48,8383046","2,2408569",202000002428,154 737 967,B01,2,1,1,0,1,1,5,NULL,202000002428,154 737 968,A01,1,1,1,1,1954,9,1,0,-1,-1," -1",-1,202000002428,3,2,0,NULL,2,2,0,1,0,0,1,NULL," -1",1,9,1,50
202000002441,23,7,2020,18:10:00,1,56,56178,2,3,1,3,"Quai Niemen","48,0659310"," -2,9683850",202000002441,154 737 947,A01,1,1,0,2,8,1,5,NULL,202000002441,154 737 947,A01,1,1,4,1,1974,5,2,-1,-1,0,0,-1,202000002441,4,NULL,-1,NULL,2,3,1,1,(1),(1),1,NULL," -1",1,0,1,50
202000002447,23,7,2020,11:37:00,1,22,22232,1,6,1,3,D21,"48,6414520"," -2,8911420",202000002447,154 737 936,B01,1,1,0,2,0,26,5,NULL,202000002447,154 737 936,B01,1,1,3,2,1957,5,2,6,-1,0,0,-1,202000002447,3,9,0,NULL,1,1,0,1,2,1,2,NULL," -1",1,9,1,50
202000002447,23,7,2020,11:37:00,1,22,22232,1,6,1,3,D21,"48,6414520"," -2,8911420",202000002447,154 737 936,B01,1,1,0,2,0,26,5,NULL,202000002447,154 737 937,A01,1,1,1,1,1974,1,1,-1,-1,0,0,-1,202000002447,3,9,0,NULL,1,1,0,1,2,1,2,NULL," -1",1,9,1,50
202000002451,23,7,2020,09:15:00,1,02,02543,2,1,1,3,"43 rue Jean de la fontaine","49,1697550","3,2619520",202000002451,154 737 930,B01,2,1,0,2,1,1,5,NULL,202000002451,154 737 929,A01,1,1,1,1,1962,0,1,-1,-1,0,0,-1,202000002451,3,973,0,D,-1,2,0,2,(1),(1),1,NULL," -1",1,0,1,50
202000002451,23,7,2020,09:15:00,1,02,02543,2,1,1,3,"43 rue Jean de la fontaine","49,1697550","3,2619520",202000002451,154 737 930,B01,2,1,0,2,1,1,5,NULL,202000002451,154 737 930,B01,1,1,3,1,1957,5,2,-1,-1,0,0,-1,202000002451,3,973,0,D,-1,2,0,2,(1),(1),1,NULL," -1",1,0,1,50
202000002462,24,7,2020,11:45:00,1,48,48089,1,3,1,3,D4,"44,8444820","3,3632330",202000002462,154 737 909,B01,2,1,0,2,1,1,5,NULL,202000002462,154 737 909,B01,1,1,3,1,1951,5,2,-1,-1,0,0,-1,202000002462,3,4,-1,NULL,2,2,0,2,17,500,1,NULL," -1",1,0,1,80
202000002462,24,7,2020,11:45:00,1,48,48089,1,3,1,3,D4,"44,8444820","3,3632330",202000002462,154 737 909,B01,2,1,0,2,1,1,5,NULL,202000002462,154 737 910,A01,1,1,1,1,1935,3,1,-1,-1,0,0,-1,202000002462,3,4,-1,NULL,2,2,0,2,17,500,1,NULL," -1",1,0,1,80
202000002467,24,7,2020,18:30:00,1,69,69143,2,1,1,3,"53 Avenue Carnot","45,8863968","4,8315037",202000002467,154 737 902,B01,1,1,0,2,0,1,5,NULL,202000002467,154 737 901,A01,1,1,1,1,1981,4,1,-1,-1,0,0,-1,202000002467,3,433,0,D,2,2,1,1,(1),(1),1,NULL," -1",1,0,5,50
202000002467,24,7,2020,18:30:00,1,69,69143,2,1,1,3,"53 Avenue Carnot","45,8863968","4,8315037",202000002467,154 737 902,B01,1,1,0,2,0,1,5,NULL,202000002467,154 737 902,B01,1,1,3,2,1959,5,4,2,-1,0,0,-1,202000002467,3,433,0,D,2,2,1,1,(1),(1),1,NULL," -1",1,0,5,50
202000002481,23,7,2020,10:30:00,1,74,74160,1,1,7,3,"1552 Route de la Grange","45,8600700","6,3528870",202000002481,154 737 880,B01,2,1,0,2,1,1,5,NULL,202000002481,154 737 879,A01,1,1,1,1,1993,4,1,-1,-1,0,0,-1,202000002481,3,16,0,D,2,2,0,2,34,150,1,NULL," -1",1,0,1,70
202000002481,23,7,2020,10:30:00,1,74,74160,1,1,7,3,"1552 Route de la Grange","45,8600700","6,3528870",202000002481,154 737 880,B01,2,1,0,2,1,1,5,NULL,202000002481,154 737 880,B01,1,1,4,1,1979,5,2,-1,-1,0,0,-1,202000002481,3,16,0,D,2,2,0,2,34,150,1,NULL," -1",1,0,1,70
202000002502,4,2,2020,09:10:00,1,17,17291,2,1,1,6,"MARE  RUE DU FIEF DE LA","46,1794500"," -1,1286500",202000002502,154 737 839,Z01,1,1,0,1,0,2,5,NULL,202000002502,154 737 839,Z01,10,3,4,2,2004,5,8,8,-1,5,1,1,202000002502,4,"MARE  RUE DU FIEF DE LA",0,NULL,2,2,1,1,0,0,1,NULL," -1",1,0,5,50
202000002503,29,1,2020,07:55:00,5,17,17291,2,1,2,3,"EUROPE  AVENUE","46,1776900"," -1,1168200",202000002503,154 737 837,A01,3,1,0,2,7,6,5,NULL,202000002503,154 737 837,A01,1,1,4,1,2003,2,8,0,-1,-1,0,-1,202000002503,4,"EUROPE  AVENUE",0,NULL,2,-1,0,1,0,0,1,NULL," -1",2,0,1,50
202000002503,29,1,2020,07:55:00,5,17,17291,2,1,2,3,"EUROPE  AVENUE","46,1776900"," -1,1168200",202000002503,154 737 837,A01,3,1,0,2,7,6,5,NULL,202000002503,154 737 838,B01,1,1,1,1,1994,1,1,0,-1,-1,0,-1,202000002503,4,"EUROPE  AVENUE",0,NULL,2,-1,0,1,0,0,1,NULL," -1",2,0,1,50
202000002504,28,1,2020,13:55:00,1,17,17274,2,1,2,3,"JOLIOT-CURIE   AVENUE","46,1546800"," -1,1114900",202000002504,154 737 835,Y01,3,1,0,2,1,19,5,NULL,202000002504,154 737 835,Y01,1,1,4,1,1988,9,8,0,-1,-1,0,-1,202000002504,4,"JOLIOT-CURIE   AVENUE",0,NULL,3,4,0,1,1,0,1,NULL," -1",2,0,1,50
202000002504,28,1,2020,13:55:00,1,17,17274,2,1,2,3,"JOLIOT-CURIE   AVENUE","46,1546800"," -1,1114900",202000002504,154 737 835,Y01,3,1,0,2,1,19,5,NULL,202000002504,154 737 836,A01,1,1,1,2,1991,1,1,0,-1,-1,0,-1,202000002504,4,"JOLIOT-CURIE   AVENUE",0,NULL,3,4,0,1,1,0,1,NULL," -1",2,0,1,50
202000002505,23,1,2020,20:05:00,5,17,17300,2,2,2,3,"AMELOT   RUE","46,1601900"," -1,1464600",202000002505,154 737 833,A01,2,1,0,2,3,1,5,NULL,202000002505,154 737 833,A01,1,1,4,2,1999,4,2,0,-1,-1,0,-1,202000002505,4,"FONDERIES   RUE DES",0,NULL,1,1,0,1,0,0,1,NULL," -1",2,0,1,50
202000002505,23,1,2020,20:05:00,5,17,17300,2,2,2,3,"AMELOT   RUE","46,1601900"," -1,1464600",202000002505,154 737 833,A01,2,1,0,2,3,1,5,NULL,202000002505,154 737 834,B01,1,1,1,1,1999,5,1,0,-1,-1,0,-1,202000002505,4,"FONDERIES   RUE DES",0,NULL,1,1,0,1,0,0,1,NULL," -1",2,0,1,50
202000002515,14,12,2020,16:15:00,2,62,62065,2,1,3,3,"DUCLOS ( PLACE JACQUES)","50,4133410","2,8332820",202000002515,154 737 815,B01,2,1,0,2,8,1,5,NULL,202000002515,154 737 815,B01,1,1,4,2,1986,5,8,4,-1,-1," -1",-1,202000002515,3,33E5,0,NULL,-1,1,0,1,34,85,4,NULL," -1",2,0,1,50
202000002515,14,12,2020,16:15:00,2,62,62065,2,1,3,3,"DUCLOS ( PLACE JACQUES)","50,4133410","2,8332820",202000002515,154 737 815,B01,2,1,0,2,8,1,5,NULL,202000002515,154 737 816,A01,1,1,1,1,1972,5,1,8,-1,-1," -1",-1,202000002515,3,33E5,0,NULL,-1,1,0,1,34,85,4,NULL," -1",2,0,1,50
202000002519,21,7,2020,18:52:00,1,59,59512,2,2,1,3,"NOTTE (RUE JEAN BAPTISTE)","50,6780600","3,1854500",202000002519,154 737 809,B01,2,1,0,2,1,1,1,NULL,202000002519,154 737 808,A01,1,1,1,1,1996,0,1,8,-1,-1," -1",-1,202000002519,4," BOULEVARD DE LYON",0,NULL,-1,2,0,1,0,0,1,NULL," -1",1,0,1,50
202000002519,21,7,2020,18:52:00,1,59,59512,2,2,1,3,"NOTTE (RUE JEAN BAPTISTE)","50,6780600","3,1854500",202000002519,154 737 809,B01,2,1,0,2,1,1,1,NULL,202000002519,154 737 809,B01,1,1,3,1,1960,5,2,8,-1,-1," -1",-1,202000002519,4," BOULEVARD DE LYON",0,NULL,-1,2,0,1,0,0,1,NULL," -1",1,0,1,50
202000002544,22,8,2020,19:06:00,1,52,52125,2,1,1,1,"R.D. 162","48,1085400","5,1722500",202000002544,154 737 770,B01,2,1,0,2,1,13,5,NULL,202000002544,154 737 769,A01,1,1,1,2,1978,5,1,0,-1,-1," -1",-1,202000002544,3,162,0,NULL,2,2,0,1,1,0,3,NULL," -1",1,0,1,50
202000002544,22,8,2020,19:06:00,1,52,52125,2,1,1,1,"R.D. 162","48,1085400","5,1722500",202000002544,154 737 770,B01,2,1,0,2,1,13,5,NULL,202000002544,154 737 770,B01,1,1,4,1,2004,0,8,0,-1,-1," -1",-1,202000002544,3,162,0,NULL,2,2,0,1,1,0,3,NULL," -1",1,0,1,50
202000002545,15,9,2020,12:23:00,1,73,73290,1,1,1,7,D1006,"45,2833400","6,8296060",202000002545,154 737 768,A01,1,1,0,0,9,1,5,NULL,202000002545,154 737 768,A01,1,1,3,2,2001,5,2,-1,-1,-1," -1",-1,202000002545,3,1006,-1,NULL,2,2,-1,2,159,660,2,NULL," -1",1,0,1,80
202000002546,19,6,2020,20:45:00,1,59,59616,2,9,1,3,"EDOUARD VAILLANT (RUE)","50,4721370","3,5657541",202000002546,154 737 766,B01,3,1,0,2,7,19,6,NULL,202000002546,154 737 766,B01,1,1,3,1,2001,5,8,0,-1,0,0,-1,202000002546,4,"EDOUARD VAILLANT (RUE)",0,NULL,2,1,0,1,0,0,1,NULL," -1",1,0,8,50
202000002556,18,12,2020,07:55:00,2,09,09122,2,1,1,2,"BARCELONE (AVENUE DE)","42,9601037","1,6157770",202000002556,154 737 744,B01,1,1,0,9,8,25,5,NULL,202000002556,154 737 743,A01,1,1,1,1,1986,4,1,0,-1,-1," -1",-1,202000002556,3,"BARCELONE (AVENUE DE)",0,NULL,2,2,2,1,39,394,1,NULL," -1",1,0,1,50
202000002556,18,12,2020,07:55:00,2,09,09122,2,1,1,2,"BARCELONE (AVENUE DE)","42,9601037","1,6157770",202000002556,154 737 744,B01,1,1,0,9,8,25,5,NULL,202000002556,154 737 744,B01,1,1,3,1,2001,1,8,0,-1,-1," -1",-1,202000002556,3,"BARCELONE (AVENUE DE)",0,NULL,2,2,2,1,39,394,1,NULL," -1",1,0,1,50
202000002565,8,2,2020,16:53:00,1,72,72050,1,1,2,7,D35,"47,9770100"," -0,2412540",202000002565,154 737 729,A01,1,1,0,0,0,0,5,NULL,202000002565,154 737 729,A01,1,1,2,1,1953,0,0,-1,-1,0,0,-1,202000002565,3,35,-1,NULL,2,2,0,3,(1),(1),1,NULL," -1",2,0,3,80
202000002574,26,11,2020,16:15:00,2,38,38054,1,2,1,1,D52,"45,7808300","5,4488800",202000002574,154 737 716,B01,1,1,0,2,7,15,5,NULL,202000002574,154 737 716,B01,1,1,2,1,1940,5,0,-1,-1,0,0,-1,202000002574,3,52,0,NULL,2,2,0,2,25,500,1,NULL," -1",1,5,1,80
202000002574,26,11,2020,16:15:00,2,38,38054,1,2,1,1,D52,"45,7808300","5,4488800",202000002574,154 737 716,B01,1,1,0,2,7,15,5,NULL,202000002574,154 737 717,A01,1,1,1,1,1951,5,1,-1,-1,0,0,-1,202000002574,3,52,0,NULL,2,2,0,2,25,500,1,NULL," -1",1,5,1,80
202000002580,20,10,2020,16:15:00,1,73,73300,1,1,1,1,"Voie lacustre Bd Charcot","45,6797423","5,8938684",202000002580,154 737 708,B01,3,1,0,2,8,1,-1,NULL,202000002580,154 737 707,A01,1,1,3,1,1947,5,2,-1,-1,-1," -1",-1,202000002580,9,NULL,-1,NULL,2,-1,-1,1,(1),(1),1,NULL," -1",1,-1,1,-1
202000002580,20,10,2020,16:15:00,1,73,73300,1,1,1,1,"Voie lacustre Bd Charcot","45,6797423","5,8938684",202000002580,154 737 708,B01,3,1,0,2,8,1,-1,NULL,202000002580,154 737 708,B01,1,1,4,1,2005,5,8,-1,-1,-1," -1",-1,202000002580,9,NULL,-1,NULL,2,-1,-1,1,(1),(1),1,NULL," -1",1,-1,1,-1