Num_Acc,jour,mois,an,hrmn,lum,dep,com,agg,int,atm,col,adr,lat,long,Num_Acc,id_vehicule,num_veh,senc,catv,obs,obsm,choc,manv,motor,occutc,Num_Acc,id_vehicule,num_veh,place,catu,grav,sexe,an_nais,trajet,secu1,secu2,secu3,locp,actp,etatp,Num_Acc,catr,voie,v1,v2,circ,nbv,vosp,prof,pr,pr1,plan,lartpc,larrout,surf,infra,situ,vma
202000002583,10,1,2020,14:00:00,1,92,92044,2,1,1,3,"RIVAY (RUE)","48,8941461","2,2896529",202000002583,154 737 703,B01,2,1,0,2,8,2,5,NULL,202000002583,154 737 703,B01,1,1,4,2,1973,0,2,0,-1,-1," -1",-1,202000002583,4,"RIVAY (RUE)",0,NULL,1,1,0,1,0,0,1,NULL," -1",1,0,1,50
202000002583,10,1,2020,14:00:00,1,92,92044,2,1,1,3,"RIVAY (RUE)","48,8941461","2,2896529",202000002583,154 737 703,B01,2,1,0,2,8,2,5,NULL,202000002583,154 737 704,A01,1,1,1,1,1964,0,1,0,-1,-1," -1",-1,202000002583,4,"RIVAY (RUE)",0,NULL,1,1,0,1,0,0,1,NULL," -1",1,0,1,50
202000002586,18,11,2020,06:00:00,3,972,97213,2,1,1,3,"ROUTE DEPARTEMENTALE 15","14,6215700"," -61,0064800",202000002586,154 737 697,B01,1,1,0,2,1,1,5,NULL,202000002586,154 737 697,B01,1,1,3,1,1966,1,0,-1,-1,0,0,-1,202000002586,3,"ROUTE DEPARTEMENTALE 15",0,NULL,1,2,0,1,1,500,2,NULL," -1",2,5,1,50
202000002586,18,11,2020,06:00:00,3,972,97213,2,1,1,3,"ROUTE DEPARTEMENTALE 15","14,6215700"," -61,0064800",202000002586,154 737 697,B01,1,1,0,2,1,1,5,NULL,202000002586,154 737 698,A01,1,1,1,1,1965,0,1,0,0,-1," -1",-1,202000002586,3,"ROUTE DEPARTEMENTALE 15",0,NULL,1,2,0,1,1,500,2,NULL," -1",2,5,1,50
202000002602,4,12,2020,10:14:00,1,973,97302,2,3,1,3,"ZEPHIR (ROCADE)","4,9379938"," -52,3064141",202000002602,154 737 673,B01,1,1,0,2,4,15,5,NULL,202000002602,154 737 673,B01,1,1,4,1,2004,2,8,0,-1,-1," -1",-1,202000002602,3,0018,0,NULL,2,2,0,1,3,200,1,NULL," -1",1,0,1,50
202000002602,4,12,2020,10:14:00,1,973,97302,2,3,1,3,"ZEPHIR (ROCADE)","4,9379938"," -52,3064141",202000002602,154 737 673,B01,1,1,0,2,4,15,5,NULL,202000002602,154 737 674,A01,1,1,1,1,1954,0,1,8,-1,-1," -1",-1,202000002602,3,0018,0,NULL,2,2,0,1,3,200,1,NULL," -1",1,0,1,50
202000002622,29,9,2020,07:44:00,1,37,37261,2,7,2,6,"JAURES (PLACE JEAN)","47,3897932","0,6891889",202000002622,154 737 638,A01,2,1,0,1,1,1,5,NULL,202000002622,154 737 638,A01,1,1,1,1,2005,2,8,0,-1,-1," -1",-1,202000002622,4,"JAURES (PLACE JEAN)",0,NULL,3,2,1,1,0,0,1,NULL," -1",2,0,5,50
202000002622,29,9,2020,07:44:00,1,37,37261,2,7,2,6,"JAURES (PLACE JEAN)","47,3897932","0,6891889",202000002622,154 737 638,A01,2,1,0,1,1,1,5,NULL,202000002622,154 737 638,A01,10,3,4,1,1949,0,0,-1,-1,4,3,2,202000002622,4,"JAURES (PLACE JEAN)",0,NULL,3,2,1,1,0,0,1,NULL," -1",2,0,5,50
202000002622,29,9,2020,07:44:00,1,37,37261,2,7,2,6,"JAURES (PLACE JEAN)","47,3897932","0,6891889",202000002622,154 737 638,A01,2,1,0,1,1,1,5,NULL,202000002622,154 737 638,A01,10,3,4,2,1950,9,0,-1,-1,4,3,2,202000002622,4,"JAURES (PLACE JEAN)",0,NULL,3,2,1,1,0,0,1,NULL," -1",2,0,5,50
202000002627,10,7,2020,19:50:00,1,26,26362,2,1,1,2,"CHABEUIL AVENUE DE (102)","44,9309700","4,9030400",202000002627,154 737 626,B01,0,1,0,2,0,1,5,NULL,202000002627,154 737 626,B01,1,1,4,1,2001,0,2,-1,-1,0,0,-1,202000002627,4,NULL,0,NULL,1,2,1,1,(1),(1),1,NULL," -1",1,0,1,50
202000002636,2,10,2020,18:25:00,1,74,74008,2,6,2,3,"PAIX (RUE DE LA)","46,1964100","6,2193400",202000002636,154 737 614,B01,2,1,0,2,1,1,5,NULL,202000002636,154 737 614,B01,1,1,4,1,2002,2,8,0,-1,-1," -1",-1,202000002636,4,"PAIX (RUE DE LA)",0,NULL,2,2,0,1,0,1,1,NULL," -1",2,0,1,50
202000002636,2,10,2020,18:25:00,1,74,74008,2,6,2,3,"PAIX (RUE DE LA)","46,1964100","6,2193400",202000002636,154 737 614,B01,2,1,0,2,1,1,5,NULL,202000002636,154 737 615,A01,1,1,1,2,1991,2,1,0,-1,-1," -1",-1,202000002636,4,"PAIX (RUE DE LA)",0,NULL,2,2,0,1,0,1,1,NULL," -1",2,0,1,50
202000002650,22,10,2020,11:10:00,1,94,94016,2,1,1,6,"CAMILLE DESMOULINS (R)","48,7900000","2,3309700",202000002650,154 737 589,A01,1,1,9,0,1,1,5,NULL,202000002650,154 737 589,A01,1,1,4,2,1994,0,8,0,-1,-1," -1",-1,202000002650,3,"CAMILLE DESMOULINS (R)",0,NULL,-1,3,1,1,0,1,1,NULL," -1",2,0,5,50
202000002654,12,7,2020,12:30:00,1,76,76157,1,1,1,3,"VAUPALIERE. ROUTE DE LA","49,4635546","1,0201138",202000002654,154 737 584,B01,1,1,0,2,1,1,5,NULL,202000002654,154 737 584,B01,1,1,4,1,1946,5,2,0,-1,-1," -1",-1,202000002654,3,86,0,NULL,2,1,1,1,23,200,1,NULL," -1",1,0,6,30
202000002660,26,6,2020,17:00:00,1,45,45234,2,1,1,1,"Rue du Faubourg Bannier","47,9175508","1,8987048",202000002660,154 737 576,B01,3,1,0,9,3,13,5,NULL,202000002660,154 737 575,A01,2,2,4,2,2006,0,2,0,-1,0,0,-1,202000002660,4,"FAUBOURG BANNIER (RUE DU )",0,NULL,2,2,0,1,(1),(1),1,NULL," -1",1,0,1,50
202000002660,26,6,2020,17:00:00,1,45,45234,2,1,1,1,"Rue du Faubourg Bannier","47,9175508","1,8987048",202000002660,154 737 576,B01,3,1,0,9,3,13,5,NULL,202000002660,154 737 575,A01,1,1,4,1,2004,0,2,0,-1,0,0,-1,202000002660,4,"FAUBOURG BANNIER (RUE DU )",0,NULL,2,2,0,1,(1),(1),1,NULL," -1",1,0,1,50
202000002660,26,6,2020,17:00:00,1,45,45234,2,1,1,1,"Rue du Faubourg Bannier","47,9175508","1,8987048",202000002660,154 737 576,B01,3,1,0,9,3,13,5,NULL,202000002660,154 737 576,B01,1,1,4,1,1967,0,2,0,-1,0,0,-1,202000002660,4,"FAUBOURG BANNIER (RUE DU )",0,NULL,2,2,0,1,(1),(1),1,NULL," -1",1,0,1,50
202000002663,23,11,2020,16:50:00,1,64,64102,2,6,1,3,"6 CHEMIN DES BARTHES","43,4983000"," -1,4935600",202000002663,154 737 569,B01,3,1,0,2,2,1,5,NULL,202000002663,154 737 569,B01,1,1,4,1,1957,9,-1,0,-1,0,0,-1,202000002663,4,NULL,0,NULL,1,2,0,1,0,0,2,NULL," -1",1,9,1,50
202000002663,23,11,2020,16:50:00,1,64,64102,2,6,1,3,"6 CHEMIN DES BARTHES","43,4983000"," -1,4935600",202000002663,154 737 569,B01,3,1,0,2,2,1,5,NULL,202000002663,154 737 570,A01,1,1,1,2,1963,0,1,8,-1,-1," -1",-1,202000002663,4,NULL,0,NULL,1,2,0,1,0,0,2,NULL," -1",1,9,1,50
202000002699,29,11,2020,12:03:00,1,13,13208,1,1,1,3,"RABATAU (BOULEVARD)","43,2745140","5,3944546",202000002699,154 737 514,A01,1,1,0,2,0,13,5,NULL,202000002699,154 737 514,A01,1,1,4,1,2007,5,8,0,-1,-1," -1",-1,202000002699,4,NULL,0,NULL,2,3,0,1,0,0,1,NULL," -1",1,0,1,50
202000002699,29,11,2020,12:03:00,1,13,13208,1,1,1,3,"RABATAU (BOULEVARD)","43,2745140","5,3944546",202000002699,154 737 514,A01,1,1,0,2,0,13,5,NULL,202000002699,154 737 515,B01,1,1,1,1,1988,5,1,0,-1,-1," -1",-1,202000002699,4,NULL,0,NULL,2,3,0,1,0,0,1,NULL," -1",1,0,1,50
202000002706,29,11,2020,21:45:00,5,75,75112,2,2,1,3,"PONT D AUSTERLITZ","48,8458490","2,3676300",202000002706,154 737 502,A01,3,1,0,2,8,11,5,NULL,202000002706,154 737 501,B01,1,1,1,2,1965,1,1,0,-1,0,0,-1,202000002706,4,NULL,0,NULL,1,2,0,1,0,0,1,NULL," -1",1,2,1,50
202000002706,29,11,2020,21:45:00,5,75,75112,2,2,1,3,"PONT D AUSTERLITZ","48,8458490","2,3676300",202000002706,154 737 502,A01,3,1,0,2,8,11,5,NULL,202000002706,154 737 502,A01,1,1,3,1,1998,9,8,0,-1,0,0,-1,202000002706,4,NULL,0,NULL,1,2,0,1,0,0,1,NULL," -1",1,2,1,50
202000002711,29,11,2020,17:20:00,5,93,93048,2,1,1,3,"PARIS (RUE DE)","48,8562794","2,4262145",202000002711,154 737 492,B01,-1,1,0,2,1,3,5,NULL,202000002711,154 737 492,B01,1,1,4,1,1997,1,8,4,-1,-1," -1",-1,202000002711,3,902,0,NULL,1,3,0,1,0,1,1,NULL," -1",1,0,1,50
202000002711,29,11,2020,17:20:00,5,93,93048,2,1,1,3,"PARIS (RUE DE)","48,8562794","2,4262145",202000002711,154 737 492,B01,-1,1,0,2,1,3,5,NULL,202000002711,154 737 493,A01,1,1,1,1,1956,3,1,0,-1,-1," -1",-1,202000002711,3,902,0,NULL,1,3,0,1,0,1,1,NULL," -1",1,0,1,50
202000002731,27,11,2020,10:15:00,1,86,86145,1,1,1,6,"Route de la Royaute","46,4971260","0,2505510",202000002731,154 737 458,A01,3,1,1,0,1,2,5,NULL,202000002731,154 737 458,A01,1,1,3,1,1978,5,2,-1,-1,0,0,-1,202000002731,4," de la Royauté",0,NULL,2,2,0,1,(1),(1),1,NULL," -1",1,0,1,80
202000002753,29,11,2020,10:05:00,1,44,44074,2,2,1,3,"rue jean jaurès","47,1994230"," -1,6705120",202000002753,154 737 421,B01,1,1,0,0,0,26,5,NULL,202000002753,154 737 420,A01,1,1,1,1,1985,3,1,-1,-1,0,0,-1,202000002753,7,75,0,NULL,3,2,0,1,16,50,1,NULL," -1",1,0,1,30
202000002753,29,11,2020,10:05:00,1,44,44074,2,2,1,3,"rue jean jaurès","47,1994230"," -1,6705120",202000002753,154 737 421,B01,1,1,0,0,0,26,5,NULL,202000002753,154 737 421,B01,1,1,4,1,1988,5,2,-1,-1,0,0,-1,202000002753,7,75,0,NULL,3,2,0,1,16,50,1,NULL," -1",1,0,1,30
202000002769,28,11,2020,17:35:00,1,974,97409,2,3,1,3,"CAMBUSTON (rue de)"," -20,9320400","55,6434200",202000002769,154 737 392,A01,1,1,0,2,3,19,5,NULL,202000002769,154 737 391,B01,1,1,1,1,1973,0,1,0,-1,-1," -1",-1,202000002769,4,"CAMBUSTON (rue de)",0,NULL,2,2,0,1,0,0,1,NULL," -1",1,0,1,50
202000002769,28,11,2020,17:35:00,1,974,97409,2,3,1,3,"CAMBUSTON (rue de)"," -20,9320400","55,6434200",202000002769,154 737 392,A01,1,1,0,2,3,19,5,NULL,202000002769,154 737 392,A01,1,1,4,1,2009,0,8,0,-1,-1," -1",-1,202000002769,4,"CAMBUSTON (rue de)",0,NULL,2,2,0,1,0,0,1,NULL," -1",1,0,1,50
202000002789,28,11,2020,08:30:00,1,54,54304,2,3,5,3,"MOSELLE (RUE DE LA)","48,6986600","6,1324700",202000002789,154 737 361,B01,1,1,0,2,1,1,5,NULL,202000002789,154 737 361,B01,1,1,4,1,1992,4,2,0,-1,-1," -1",-1,202000002789,4,NULL,0,NULL,2,3,0,1,0,0,1,NULL," -1",1,0,1,50
202000002793,27,11,2020,17:30:00,5,25,25056,2,2,1,3,"CHURCHILL BD WINSTON","47,2464800","5,9979400",202000002793,154 737 355,B01,2,1,0,2,1,1,-1,NULL,202000002793,154 737 355,B01,1,1,4,2,2002,0,0,-1,-1,0,0,-1,202000002793,4,NULL,0,NULL,3,4,1,2,(1),(1),1,NULL," -1",1,5,1,50
202000002793,27,11,2020,17:30:00,5,25,25056,2,2,1,3,"CHURCHILL BD WINSTON","47,2464800","5,9979400",202000002793,154 737 355,B01,2,1,0,2,1,1,-1,NULL,202000002793,154 737 356,A01,1,1,1,1,1982,0,1,8,-1,0,0,-1,202000002793,4,NULL,0,NULL,3,4,1,2,(1),(1),1,NULL," -1",1,5,1,50
202000002802,28,11,2020,12:05:00,1,75,75105,2,7,1,6,"RUE GEOFFROY SAINT HILAIRE","48,8399890","2,3564070",202000002802,154 737 336,A01,2,1,0,1,1,5,5,NULL,202000002802,154 737 336,A01,10,3,4,2,1973,9,0,-1,-1,2,3,1,202000002802,4,NULL,0,NULL,2,2,0,1,0,0,1,NULL," -1",1,0,1,30
202000002802,28,11,2020,12:05:00,1,75,75105,2,7,1,6,"RUE GEOFFROY SAINT HILAIRE","48,8399890","2,3564070",202000002802,154 737 336,A01,2,1,0,1,1,5,5,NULL,202000002802,154 737 336,A01,1,1,1,1,2003,5,8,0,-1,0,0,-1,202000002802,4,NULL,0,NULL,2,2,0,1,0,0,1,NULL," -1",1,0,1,30
202000002810,28,11,2020,22:05:00,5,75,75110,2,4,1,3,"RUE DU FAUBOURG SAINT MARTIN","48,8789390","2,3623630",202000002810,154 737 322,B01,2,1,0,2,1,1,5,NULL,202000002810,154 737 321,A01,2,2,4,1,2002,5,2,6,-1,0,0,-1,202000002810,4,NULL,0,NULL,2,2,0,1,0,0,1,NULL," -1",1,0,1,50
202000002810,28,11,2020,22:05:00,5,75,75110,2,4,1,3,"RUE DU FAUBOURG SAINT MARTIN","48,8789390","2,3623630",202000002810,154 737 322,B01,2,1,0,2,1,1,5,NULL,202000002810,154 737 321,A01,1,1,4,1,2003,5,2,6,-1,0,0,-1,202000002810,4,NULL,0,NULL,2,2,0,1,0,0,1,NULL," -1",1,0,1,50
202000002810,28,11,2020,22:05:00,5,75,75110,2,4,1,3,"RUE DU FAUBOURG SAINT MARTIN","48,8789390","2,3623630",202000002810,154 737 322,B01,2,1,0,2,1,1,5,NULL,202000002810,154 737 322,B01,1,1,3,1,1990,4,8,0,-1,0,0,-1,202000002810,4,NULL,0,NULL,2,2,0,1,0,0,1,NULL," -1",1,0,1,50
202000002811,28,11,2020,15:50:00,1,94,94081,2,9,1,3,"Rue Ansèlme Rondenay","48,7797300","2,3998900",202000002811,154 737 319,B01,3,1,0,2,4,0,5,NULL,202000002811,154 737 319,B01,1,1,4,1,2006,5,8,0,-1,-1," -1",-1,202000002811,4,"ANSELME RONDENAY (R)",0,NULL,2,2,0,2,(1),(1),1,NULL," -1",1,0,1,50
202000002822,28,11,2020,11:40:00,1,92,92064,2,1,1,2,DAILLY,"48,8418200","2,2213400",202000002822,154 737 298,B01,2,1,0,2,1,3,6,NULL,202000002822,154 737 297,A01,1,1,1,1,1969,5,1,0,-1,-1," -1",-1,202000002822,3,907,0,NULL,2,5,0,4,0,0,1,NULL," -1",1,0,1,50
202000002822,28,11,2020,11:40:00,1,92,92064,2,1,1,2,DAILLY,"48,8418200","2,2213400",202000002822,154 737 298,B01,2,1,0,2,1,3,6,NULL,202000002822,154 737 298,B01,1,1,4,1,1973,5,2,0,-1,-1," -1",-1,202000002822,3,907,0,NULL,2,5,0,4,0,0,1,NULL," -1",1,0,1,50
202000002836,29,11,2020,15:15:00,2,12,12133,1,1,1,7,"La Brienne (Buse)","44,3173700","2,5496650",202000002836,154 737 275,A01,3,1,0,0,0,1,5,NULL,202000002836,154 737 275,A01,1,1,3,1,1945,0,0,-1,-1,0,0,-1,202000002836,4,NULL,-1,NULL,2,2,0,2,(1),(1),4,NULL," -1",1,0,8,80
202000002839,29,11,2020,10:50:00,2,72,72062,2,9,1,3,"Rue de la Ferté Bernard","48,2202910","0,5935840",202000002839,154 737 269,B01,1,1,0,0,8,15,0,NULL,202000002839,154 737 268,A01,1,1,1,1,1948,3,1,-1,-1,0,0,-1,202000002839,3,D2,0,D,2,2,0,1,(1),(1),1,NULL," -1",1,0,1,30
202000002839,29,11,2020,10:50:00,2,72,72062,2,9,1,3,"Rue de la Ferté Bernard","48,2202910","0,5935840",202000002839,154 737 269,B01,1,1,0,0,8,15,0,NULL,202000002839,154 737 269,B01,1,1,4,1,1960,5,2,-1,-1,0,0,-1,202000002839,3,D2,0,D,2,2,0,1,(1),(1),1,NULL," -1",1,0,1,30
202000002843,28,11,2020,16:35:00,1,37,37136,1,2,1,7,"Le Petit Bray","47,1479303","0,7849588",202000002843,154 737 263,A01,1,1,0,0,9,16,5,NULL,202000002843,154 737 263,A01,1,1,3,1,1955,5,2,-1,-1,0,0,-1,202000002843,3,50,-1,NULL,2,2,0,1,19,500,2,NULL," -1",1,0,1,50
202000002864,6,5,2020,17:25:00,1,14,14333,1,3,1,1,"MONTS (LES)","49,4045100","0,2315000",202000002864,154 737 231,B01,3,1,0,2,1,1,5,NULL,202000002864,154 737 231,B01,1,1,4,2,2014,5,2,8,-1,0,0,-1,202000002864,4,NULL,0,NULL,2,2,0,1,0,100,3,NULL," -1",1,0,1,50
202000002864,6,5,2020,17:25:00,1,14,14333,1,3,1,1,"MONTS (LES)","49,4045100","0,2315000",202000002864,154 737 231,B01,3,1,0,2,1,1,5,NULL,202000002864,154 737 232,A01,1,1,1,1,1997,0,1,8,-1,0,0,-1,202000002864,4,NULL,0,NULL,2,2,0,1,0,100,3,NULL," -1",1,0,1,50
202000002875,20,5,2020,07:55:00,1,75,75115,2,1,1,7,"RUE BRANCION","48,8340050","2,3045510",202000002875,154 737 216,A01,1,1,0,0,0,1,5,NULL,202000002875,154 737 216,A01,1,1,4,1,1984,1,8,0,-1,0,0,-1,202000002875,4,NULL,0,NULL,1,1,1,2,0,0,1,NULL," -1",1,0,1,30
202000002878,20,5,2020,07:20:00,1,75,75112,2,2,1,3,"BOULEVARD DE REUILLY","48,8389920","2,3892360",202000002878,154 737 211,B01,2,1,0,2,1,1,0,NULL,202000002878,154 737 210,A01,1,1,1,1,1992,3,1,8,-1,0,0,-1,202000002878,4,NULL,0,NULL,2,3,1,1,0,0,1,NULL," -1",1,-1,5,50
202000002878,20,5,2020,07:20:00,1,75,75112,2,2,1,3,"BOULEVARD DE REUILLY","48,8389920","2,3892360",202000002878,154 737 211,B01,2,1,0,2,1,1,0,NULL,202000002878,154 737 211,B01,1,1,4,2,1967,1,2,8,-1,0,0,-1,202000002878,4,NULL,0,NULL,2,3,1,1,0,0,1,NULL," -1",1,-1,5,50
202000002880,20,5,2020,14:00:00,1,75,75110,2,2,1,3,"PLACE DE LA BATAILLE DE STALINGRAD","48,8838610","2,3685840",202000002880,154 737 208,A01,2,1,0,2,7,1,5,NULL,202000002880,154 737 207,B01,1,1,1,1,1965,9,8,0,-1,0,0,-1,202000002880,4,NULL,0,NULL,-1,2,0,1,0,0,1,NULL," -1",1,5,1,50
202000002880,20,5,2020,14:00:00,1,75,75110,2,2,1,3,"PLACE DE LA BATAILLE DE STALINGRAD","48,8838610","2,3685840",202000002880,154 737 208,A01,2,1,0,2,7,1,5,NULL,202000002880,154 737 208,A01,1,1,4,2,1986,1,8,0,-1,0,0,-1,202000002880,4,NULL,0,NULL,-1,2,0,1,0,0,1,NULL," -1",1,5,1,50
202000002886,19,5,2020,21:45:00,5,94,94002,2,1,1,3,"BLANQUI (QU)","48,8000200","2,4179600",202000002886,154 737 195,B01,1,1,0,2,8,2,5,NULL,202000002886,154 737 195,B01,1,1,4,1,1984,5,8,0,-1,-1," -1",-1,202000002886,3,138,0,NULL,3,2,0,1,0,0,1,NULL," -1",1,0,1,50
202000002886,19,5,2020,21:45:00,5,94,94002,2,1,1,3,"BLANQUI (QU)","48,8000200","2,4179600",202000002886,154 737 195,B01,1,1,0,2,8,2,5,NULL,202000002886,154 737 196,A01,1,1,1,1,1995,5,1,0,-1,-1," -1",-1,202000002886,3,138,0,NULL,3,2,0,1,0,0,1,NULL," -1",1,0,1,50
202000002904,21,5,2020,17:30:00,1,95,95313,1,1,1,3,"Avenue de Paris","49,1038751","2,2494528",202000002904,154 737 163,B01,2,1,0,0,1,1,5,NULL,202000002904,154 737 162,A01,1,1,1,1,1961,5,8,-1,-1,0,0,-1,202000002904,3,64,-1,NULL,2,2,0,1,23,550,1,NULL,5,1,0,8,70
202000002904,21,5,2020,17:30:00,1,95,95313,1,1,1,3,"Avenue de Paris","49,1038751","2,2494528",202000002904,154 737 163,B01,2,1,0,0,1,1,5,NULL,202000002904,154 737 163,B01,1,1,4,1,1975,5,2,6,-1,0,0,-1,202000002904,3,64,-1,NULL,2,2,0,1,23,550,1,NULL,5,1,0,8,70
202000002905,20,5,2020,22:45:00,5,06,06161,1,1,1,2,"Route du Bord de Mer","43,6255550","7,1327940",202000002905,154 737 160,B01,2,1,0,0,8,15,5,NULL,202000002905,154 737 160,B01,1,1,3,1,2002,5,0,-1,-1,0,0,-1,202000002905,3,D6098,0,NULL,2,2,2,1,28,350,1,NULL," -1",1,0,1,70
202000002905,20,5,2020,22:45:00,5,06,06161,1,1,1,2,"Route du Bord de Mer","43,6255550","7,1327940",202000002905,154 737 160,B01,2,1,0,0,8,15,5,NULL,202000002905,154 737 161,A01,1,1,1,1,1997,4,1,-1,-1,0,0,-1,202000002905,3,D6098,0,NULL,2,2,2,1,28,350,1,NULL," -1",1,0,1,70
202000002908,21,5,2020,09:00:00,1,28,28024,2,1,1,7,"Rue Jean de la Fontaine","48,4009660","1,4850960",202000002908,154 737 156,A01,1,1,0,0,0,0,5,NULL,202000002908,154 737 156,A01,1,1,2,1,1947,5,2,-1,-1,0,0,-1,202000002908,3,339,-1,NULL,2,2,0,1,0,50,1,NULL," -1",1,0,1,50
202000002915,20,5,2020,15:00:00,1,61,61362,1,4,1,2,"Lieu Dit les Refours","48,7028310"," -0,5292820",202000002915,154 737 144,A01,2,1,0,2,4,1,0,NULL,202000002915,154 737 143,B01,1,1,1,2,1980,3,1,-1,-1,0,0,-1,202000002915,3,18,0,NULL,2,2,0,1,19,50,1,NULL,7,1,0,1,80
202000002915,20,5,2020,15:00:00,1,61,61362,1,4,1,2,"Lieu Dit les Refours","48,7028310"," -0,5292820",202000002915,154 737 144,A01,2,1,0,2,4,1,0,NULL,202000002915,154 737 144,A01,1,1,3,1,1949,5,2,-1,-1,0,0,-1,202000002915,3,18,0,NULL,2,2,0,1,19,50,1,NULL,7,1,0,1,80
202000002919,20,5,2020,16:35:00,1,29,29259,2,3,7,1,"Rue de Morlaix","48,6783590"," -3,9812670",202000002919,154 737 137,B01,2,1,0,2,1,1,5,NULL,202000002919,154 737 136,A01,1,1,1,2,1959,5,1,-1,-1,0,0,-1,202000002919,3,769,-1,NULL,2,2,0,2,75,800,2,NULL,7,1,5,1,-1
202000002919,20,5,2020,16:35:00,1,29,29259,2,3,7,1,"Rue de Morlaix","48,6783590"," -3,9812670",202000002919,154 737 137,B01,2,1,0,2,1,1,5,NULL,202000002919,154 737 136,A01,2,2,1,2,1954,5,1,-1,-1,0,0,-1,202000002919,3,769,-1,NULL,2,2,0,2,75,800,2,NULL,7,1,5,1,-1
202000002919,20,5,2020,16:35:00,1,29,29259,2,3,7,1,"Rue de Morlaix","48,6783590"," -3,9812670",202000002919,154 737 137,B01,2,1,0,2,1,1,5,NULL,202000002919,154 737 137,B01,1,1,3,1,2003,5,2,6,-1,0,0,-1,202000002919,3,769,-1,NULL,2,2,0,2,75,800,2,NULL,7,1,5,1,-1
202000002926,16,5,2020,16:20:00,1,14,14254,1,1,1,2,"Departementale 8","49,1444080"," -0,4179310",202000002926,154 737 127,A01,1,1,0,2,4,1,5,NULL,202000002926,154 737 126,B01,1,1,1,1,1983,1,1,-1,-1,0,0,-1,202000002926,3,8,-1,NULL,2,2,0,1,2,0,1,NULL,7,1,0,1,80
202000002926,16,5,2020,16:20:00,1,14,14254,1,1,1,2,"Departementale 8","49,1444080"," -0,4179310",202000002926,154 737 127,A01,1,1,0,2,4,1,5,NULL,202000002926,154 737 127,A01,1,1,3,1,1967,5,2,-1,-1,0,0,-1,202000002926,3,8,-1,NULL,2,2,0,1,2,0,1,NULL,7,1,0,1,80
202000002929,21,5,2020,16:35:00,1,73,73297,2,1,7,7,D201C,"45,6471527","6,3179832",202000002929,154 737 122,A01,2,1,0,0,9,1,5,NULL,202000002929,154 737 122,A01,1,1,3,2,1971,5,2,-1,-1,0,0,-1,202000002929,3,201,0,C,2,2,0,2,2,1,1,NULL,"5,5",1,0,1,50
202000002932,20,5,2020,19:50:00,1,16,16134,2,1,1,7,"12 Route de Chirac","45,8911930","0,6687140",202000002932,154 737 118,A01,2,1,16,0,9,1,5,NULL,202000002932,154 737 118,A01,1,1,4,1,1985,5,0,-1,-1,0,0,-1,202000002932,3,165,0,NULL,2,2,0,2,6,220,1,0,"5,8",1,9,1,50
202000002934,21,5,2020,12:00:00,1,04,04163,1,1,1,2,"RD 950","44,0958760","5,5127550",202000002934,154 737 115,A01,2,1,0,2,1,1,5,NULL,202000002934,154 737 114,B01,1,1,1,1,1989,4,0,-1,-1,0,0,-1,202000002934,3,950,-1,NULL,2,2,0,2,1,950,1,NULL," -1",1,0,1,80
202000002934,21,5,2020,12:00:00,1,04,04163,1,1,1,2,"RD 950","44,0958760","5,5127550",202000002934,154 737 115,A01,2,1,0,2,1,1,5,NULL,202000002934,154 737 115,A01,1,1,4,1,1970,5,2,-1,-1,0,0,-1,202000002934,3,950,-1,NULL,2,2,0,2,1,950,1,NULL," -1",1,0,1,80
202000002936,21,5,2020,11:50:00,1,85,85101,1,1,1,3,"Les Quatre Routes","46,4953120"," -1,3903610",202000002936,154 737 112,B01,2,1,0,2,0,1,6,NULL,202000002936,154 737 111,A01,1,1,1,1,1961,5,1,-1,-1,0,0,-1,202000002936,3,85,0,NULL,-1,2,0,1,16,290,1,NULL," -1",1,0,1,70
202000002936,21,5,2020,11:50:00,1,85,85101,1,1,1,3,"Les Quatre Routes","46,4953120"," -1,3903610",202000002936,154 737 112,B01,2,1,0,2,0,1,6,NULL,202000002936,154 737 112,B01,1,1,3,1,2001,5,2,-1,-1,0,0,-1,202000002936,3,85,0,NULL,-1,2,0,1,16,290,1,NULL," -1",1,0,1,70
202000002962,19,5,2020,18:30:00,1,69,69383,2,3,1,3,"FELIX FAURE                         (AV)","45,7545600","4,8668200",202000002962,154 737 066,B01,2,1,0,2,0,0,0,NULL,202000002962,154 737 065,A01,1,1,1,1,1995,0,8,0,-1,-1," -1",-1,202000002962,4,"FELIX FAURE                         (AV)",0,NULL,2,3,0,1,0,0,1,NULL," -1",1,0,1,50
202000002962,19,5,2020,18:30:00,1,69,69383,2,3,1,3,"FELIX FAURE                         (AV)","45,7545600","4,8668200",202000002962,154 737 066,B01,2,1,0,2,0,0,0,NULL,202000002962,154 737 066,B01,1,1,4,1,1964,0,2,0,-1,-1," -1",-1,202000002962,4,"FELIX FAURE                         (AV)",0,NULL,2,3,0,1,0,0,1,NULL," -1",1,0,1,50
202000002969,18,5,2020,16:15:00,1,81,81163,2,1,1,3,"GAMBETTA (PLACE)","43,4910300","2,3756500",202000002969,154 737 055,B01,3,1,1,0,0,0,0,NULL,202000002969,154 737 054,A01,1,1,1,1,1994,5,1,0,-1,0,0,-1,202000002969,4,"GAMBETTA (PLACE)",0,NULL,1,2,0,1,0,0,1,NULL," -1",1,0,1,50