Num_Acc,jour,mois,an,hrmn,lum,dep,com,agg,int,atm,col,adr,lat,long,Num_Acc,id_vehicule,num_veh,senc,catv,obs,obsm,choc,manv,motor,occutc,Num_Acc,id_vehicule,num_veh,place,catu,grav,sexe,an_nais,trajet,secu1,secu2,secu3,locp,actp,etatp,Num_Acc,catr,voie,v1,v2,circ,nbv,vosp,prof,pr,pr1,plan,lartpc,larrout,surf,infra,situ,vma
202000002969,18,5,2020,16:15:00,1,81,81163,2,1,1,3,"GAMBETTA (PLACE)","43,4910300","2,3756500",202000002969,154 737 055,B01,3,1,1,0,0,0,0,NULL,202000002969,154 737 055,B01,1,1,4,1,1960,5,2,0,-1,0,0,-1,202000002969,4,"GAMBETTA (PLACE)",0,NULL,1,2,0,1,0,0,1,NULL," -1",1,0,1,50
202000002972,19,5,2020,17:18:00,1,77,77530,1,1,1,3,"DEPARTEMENTALE 403","48,5906800","3,3532400",202000002972,154 737 047,B01,1,1,0,2,4,1,5,NULL,202000002972,154 737 047,B01,1,1,4,2,1995,5,2,8,-1,-1," -1",-1,202000002972,3,403,0,NULL,2,2,0,1,87,699,1,NULL,7,1,0,1,80
202000002972,19,5,2020,17:18:00,1,77,77530,1,1,1,3,"DEPARTEMENTALE 403","48,5906800","3,3532400",202000002972,154 737 047,B01,1,1,0,2,4,1,5,NULL,202000002972,154 737 048,A01,1,1,1,2,1966,5,1,8,-1,-1," -1",-1,202000002972,3,403,0,NULL,2,2,0,1,87,699,1,NULL,7,1,0,1,80
202000002976,18,5,2020,14:20:00,1,67,67482,2,3,1,3,"LAUSANNE (RUE DE)","48,5754300","7,7558500",202000002976,154 737 039,B01,2,1,0,2,1,19,5,NULL,202000002976,154 737 038,A01,1,1,1,2,1983,0,1,8,-1,-1," -1",-1,202000002976,4,"LAUSANNE (RUE DE)",0,NULL,2,2,0,1,0,0,1,NULL," -1",1,0,1,50
202000002976,18,5,2020,14:20:00,1,67,67482,2,3,1,3,"LAUSANNE (RUE DE)","48,5754300","7,7558500",202000002976,154 737 039,B01,2,1,0,2,1,19,5,NULL,202000002976,154 737 039,B01,1,1,4,1,1996,5,8,0,-1,-1," -1",-1,202000002976,4,"LAUSANNE (RUE DE)",0,NULL,2,2,0,1,0,0,1,NULL," -1",1,0,1,50
202000002978,18,5,2020,12:20:00,1,64,64102,2,6,1,3,"LEGION TCHEQUE (AVENUE DE LA)","43,4936000"," -1,4916000",202000002978,154 737 035,B01,3,1,0,2,7,15,5,NULL,202000002978,154 737 034,A01,1,1,1,2,1952,5,1,0,-1,-1," -1",-1,202000002978,4,NULL,0,NULL,2,2,0,1,0,0,2,NULL," -1",1,0,1,30
202000002978,18,5,2020,12:20:00,1,64,64102,2,6,1,3,"LEGION TCHEQUE (AVENUE DE LA)","43,4936000"," -1,4916000",202000002978,154 737 035,B01,3,1,0,2,7,15,5,NULL,202000002978,154 737 035,B01,1,1,4,2,1955,5,2,6,-1,-1," -1",-1,202000002978,4,NULL,0,NULL,2,2,0,1,0,0,2,NULL," -1",1,0,1,30
202000002982,19,5,2020,09:25:00,1,56,56098,2,6,1,3,"KESLER-DEVILLERS ( AV. )","47,7672800"," -3,3395700",202000002982,154 737 030,B01,2,1,0,2,4,0,5,NULL,202000002982,154 737 029,A01,1,1,1,2,1952,5,1,8,-1,-1," -1",-1,202000002982,3,"KESLER-DEVILLERS ( AV. )",0,NULL,2,1,1,1,8,535,1,NULL," -1",1,5,5,30
202000002982,19,5,2020,09:25:00,1,56,56098,2,6,1,3,"KESLER-DEVILLERS ( AV. )","47,7672800"," -3,3395700",202000002982,154 737 030,B01,2,1,0,2,4,0,5,NULL,202000002982,154 737 030,B01,1,1,4,1,1955,5,2,8,-1,-1," -1",-1,202000002982,3,"KESLER-DEVILLERS ( AV. )",0,NULL,2,1,1,1,8,535,1,NULL," -1",1,5,5,30
202000002983,19,5,2020,15:05:00,1,56,56107,2,1,1,3,"LE GUEN (RUE  JULES )","47,7153600"," -3,3733000",202000002983,154 737 028,B01,1,1,1,0,1,1,5,NULL,202000002983,154 737 027,A01,1,1,1,2,1984,5,1,8,-1,-1," -1",-1,202000002983,4,"LE GUEN (RUE  JULES )",0,NULL,2,2,0,1,0,0,1,NULL," -1",1,0,1,50
202000002983,19,5,2020,15:05:00,1,56,56107,2,1,1,3,"LE GUEN (RUE  JULES )","47,7153600"," -3,3733000",202000002983,154 737 028,B01,1,1,1,0,1,1,5,NULL,202000002983,154 737 028,B01,1,1,4,1,1994,5,2,8,-1,-1," -1",-1,202000002983,4,"LE GUEN (RUE  JULES )",0,NULL,2,2,0,1,0,0,1,NULL," -1",1,0,1,50
202000002987,18,5,2020,16:40:00,1,41,41018,2,1,1,7,"MARE (RUE DE LA)","47,5958200","1,3234900",202000002987,154 737 020,A01,2,1,12,0,1,26,5,NULL,202000002987,154 737 020,A01,1,1,3,1,1963,5,8,0,-1,-1," -1",-1,202000002987,4,"MARE (RUE DE LA)",0,NULL,2,2,0,2,0,0,1,NULL," -1",1,0,4,50
202000002992,19,5,2020,18:30:00,1,33,33200,2,2,1,3,"AVE PASTEUR / RUE BERNARD DE GIRARD","44,8678300"," -0,6702200",202000002992,154 737 011,B01,2,1,0,2,1,1,5,NULL,202000002992,154 737 011,B01,1,1,4,1,1999,5,8,0,-1,-1," -1",-1,202000002992,4,"AVE PASTEUR",0,NULL,2,5,2,1,(1),(1),1,NULL," -1",1,5,1,50
202000002992,19,5,2020,18:30:00,1,33,33200,2,2,1,3,"AVE PASTEUR / RUE BERNARD DE GIRARD","44,8678300"," -0,6702200",202000002992,154 737 011,B01,2,1,0,2,1,1,5,NULL,202000002992,154 737 012,A01,1,1,1,1,1961,0,1,0,-1,-1," -1",-1,202000002992,4,"AVE PASTEUR",0,NULL,2,5,2,1,(1),(1),1,NULL," -1",1,5,1,50
202000002994,19,5,2020,16:02:00,1,33,33063,2,1,1,1,"97 Rue Detrois","44,8421000"," -0,6135300",202000002994,154 737 007,A01,2,1,0,2,0,5,5,NULL,202000002994,154 737 006,B01,1,1,1,1,1979,0,8,-1,-1,-1," -1",-1,202000002994,4,"RUE DETROIS",0,NULL,1,1,0,1,(1),(1),1,NULL," -1",1,0,1,50
202000002994,19,5,2020,16:02:00,1,33,33063,2,1,1,1,"97 Rue Detrois","44,8421000"," -0,6135300",202000002994,154 737 007,A01,2,1,0,2,0,5,5,NULL,202000002994,154 737 007,A01,1,1,4,2,2015,0,2,-1,-1,-1," -1",-1,202000002994,4,"RUE DETROIS",0,NULL,1,1,0,1,(1),(1),1,NULL," -1",1,0,1,50
202000003030,18,5,2020,17:43:00,1,09,09225,1,1,1,3,"BELPECH ROUTE DE","43,1292100","1,6562300",202000003030,154 736 945,B01,1,1,0,2,0,0,5,NULL,202000003030,154 736 943,A01,1,1,1,2,1937,3,1,0,-1,-1," -1",-1,202000003030,3,"BELPECH ROUTE DE",0,NULL,-1,2,0,1,0,0,1,NULL," -1",1,0,1,80
202000003030,18,5,2020,17:43:00,1,09,09225,1,1,1,3,"BELPECH ROUTE DE","43,1292100","1,6562300",202000003030,154 736 945,B01,1,1,0,2,0,0,5,NULL,202000003030,154 736 945,B01,1,1,4,2,1959,5,2,0,-1,-1," -1",-1,202000003030,3,"BELPECH ROUTE DE",0,NULL,-1,2,0,1,0,0,1,NULL," -1",1,0,1,80
202000003032,17,5,2020,16:55:00,1,05,05061,2,6,1,7,"FAUVINS ( ROUTE  DES )","44,5638300","6,0956100",202000003032,154 736 941,A01,3,1,12,0,1,1,5,NULL,202000003032,154 736 941,A01,1,1,3,2,1979,5,8,0,-1,0,0,-1,202000003032,4,"FAUVINS ( ROUTE  DES )",0,NULL,2,2,0,1,0,1,1,NULL," -1",1,0,1,50
202000003037,4,3,2020,08:07:00,1,49,49007,2,1,1,1,BREMONT,"47,4657800"," -0,5594400",202000003037,154 736 933,A01,1,1,0,2,0,0,5,NULL,202000003037,154 736 932,B01,1,1,1,1,1965,4,1,8,-1,-1," -1",-1,202000003037,4,BREMONT,0,NULL,2,2,0,1,0,0,1,NULL," -1",2,0,1,60
202000003037,4,3,2020,08:07:00,1,49,49007,2,1,1,1,BREMONT,"47,4657800"," -0,5594400",202000003037,154 736 933,A01,1,1,0,2,0,0,5,NULL,202000003037,154 736 933,A01,1,1,4,1,1984,1,8,0,-1,-1," -1",-1,202000003037,4,BREMONT,0,NULL,2,2,0,1,0,0,1,NULL," -1",2,0,1,60
202000003038,19,5,2020,01:10:00,5,75,75120,2,1,1,6,"RUE DU PRESSOIR","48,8688210","2,3832850",202000003038,154 736 931,A01,1,1,1,0,0,14,5,NULL,202000003038,154 736 931,A01,1,1,4,1,1966,9,2,0,-1,0,0,-1,202000003038,4,NULL,0,NULL,1,1,0,1,0,0,1,NULL," -1",1,0,1,30
202000003041,5,3,2020,15:00:00,1,45,45234,2,3,3,1,"Avenue de la Mouillere - Rue des roses","47,8861340","1,9074210",202000003041,154 736 926,B01,2,1,0,2,1,1,5,NULL,202000003041,154 736 926,B01,1,1,4,1,2004,0,8,0,-1,0,0,-1,202000003041,4,NULL,0,NULL,2,2,3,1,(1),(1),1,NULL," -1",2,-1,6,50
202000003041,5,3,2020,15:00:00,1,45,45234,2,3,3,1,"Avenue de la Mouillere - Rue des roses","47,8861340","1,9074210",202000003041,154 736 926,B01,2,1,0,2,1,1,5,NULL,202000003041,154 736 927,A01,1,1,1,1,1991,0,1,0,-1,0,0,-1,202000003041,4,NULL,0,NULL,2,2,3,1,(1),(1),1,NULL," -1",2,-1,6,50
202000003047,5,3,2020,15:29:00,1,37,37261,2,3,2,-1,"PLESSIS (ALLEE DU)","47,3846387","0,6961669",202000003047,154 736 917,A01,3,1,0,2,7,1,5,NULL,202000003047,154 736 916,B01,1,1,1,2,1977,0,8,0,-1,-1," -1",-1,202000003047,4,NULL,0,NULL,2,2,0,1,0,0,1,NULL," -1",2,0,1,30
202000003047,5,3,2020,15:29:00,1,37,37261,2,3,2,-1,"PLESSIS (ALLEE DU)","47,3846387","0,6961669",202000003047,154 736 917,A01,3,1,0,2,7,1,5,NULL,202000003047,154 736 917,A01,1,1,4,1,1948,5,2,0,-1,-1," -1",-1,202000003047,4,NULL,0,NULL,2,2,0,1,0,0,1,NULL," -1",2,0,1,30
202000003052,6,3,2020,01:00:00,5,35,35238,2,1,1,3,"MITTERAND (MAIL FRANCOIS)","48,1099300"," -1,6868700",202000003052,154 736 909,A01,2,1,0,2,3,15,0,NULL,202000003052,154 736 909,A01,1,1,4,1,1992,9,2,8,-1,-1," -1",-1,202000003052,4,"MITTERAND (MAIL FRANCOIS)",0,NULL,2,3,2,1,0,0,1,NULL," -1",1,0,1,30
202000003052,6,3,2020,01:00:00,5,35,35238,2,1,1,3,"MITTERAND (MAIL FRANCOIS)","48,1099300"," -1,6868700",202000003052,154 736 909,A01,2,1,0,2,3,15,0,NULL,202000003052,154 736 911,B01,1,1,1,2,1992,0,1,0,-1,-1," -1",-1,202000003052,4,"MITTERAND (MAIL FRANCOIS)",0,NULL,2,3,2,1,0,0,1,NULL," -1",1,0,1,30
202000003069,19,5,2020,17:00:00,1,93,93066,2,1,1,3,"LENINE (AVENUE) NR 28 A 62 ET 13 A 41","48,9427980","2,3644560",202000003069,154 736 877,B01,1,1,0,2,2,19,5,NULL,202000003069,154 736 877,B01,1,1,4,1,1968,9,8,0,-1,-1," -1",-1,202000003069,3,931,0,NULL,2,4,0,1,0,1,1,NULL," -1",1,0,1,50
202000003069,19,5,2020,17:00:00,1,93,93066,2,1,1,3,"LENINE (AVENUE) NR 28 A 62 ET 13 A 41","48,9427980","2,3644560",202000003069,154 736 877,B01,1,1,0,2,2,19,5,NULL,202000003069,154 736 878,A01,1,1,1,1,1972,9,2,4,-1,-1," -1",-1,202000003069,3,931,0,NULL,2,4,0,1,0,1,1,NULL," -1",1,0,1,50
202000003072,19,5,2020,19:10:00,1,93,93048,2,1,1,3,"CUVIER (RUE)","48,8510033","2,4237262",202000003072,154 736 872,B01,0,1,0,0,0,0,0,NULL,202000003072,154 736 872,B01,1,1,4,2,1970,0,8,0,-1,-1," -1",-1,202000003072,4,NULL,0,NULL,2,2,0,1,0,0,1,NULL," -1",1,0,1,50
202000003087,19,5,2020,20:45:00,1,92,92012,2,2,1,3,"JEAN JAURES (BOULEVARD) 1/61 - COTE IMPA","48,8458590","2,2370160",202000003087,154 736 841,B01,1,1,0,0,0,0,5,NULL,202000003087,154 736 841,B01,1,1,4,1,1976,1,8,0,-1,-1," -1",-1,202000003087,3,2,0,NULL,2,2,0,1,0,0,1,NULL," -1",1,5,1,50
202000003087,19,5,2020,20:45:00,1,92,92012,2,2,1,3,"JEAN JAURES (BOULEVARD) 1/61 - COTE IMPA","48,8458590","2,2370160",202000003087,154 736 841,B01,1,1,0,0,0,0,5,NULL,202000003087,154 736 842,A01,1,1,1,2,1965,9,1,8,-1,-1," -1",-1,202000003087,3,2,0,NULL,2,2,0,1,0,0,1,NULL," -1",1,5,1,50
202000003113,7,5,2020,15:00:00,1,67,67191,1,1,1,2,D919,"49,0275989","7,0802123",202000003113,154 736 804,B01,2,1,0,2,6,13,5,NULL,202000003113,154 736 803,A01,1,1,1,1,1993,4,1,-1,-1,0,0,-1,202000003113,3,919,-1,NULL,2,2,0,2,4,900,1,NULL," -1",1,0,1,80
202000003113,7,5,2020,15:00:00,1,67,67191,1,1,1,2,D919,"49,0275989","7,0802123",202000003113,154 736 804,B01,2,1,0,2,6,13,5,NULL,202000003113,154 736 804,B01,1,1,4,1,2006,5,0,-1,-1,0,0,-1,202000003113,3,919,-1,NULL,2,2,0,2,4,900,1,NULL," -1",1,0,1,80
202000003114,5,3,2020,17:50:00,2,75,75117,2,3,3,3,"BOULEVARD DES BATIGNOLLES","48,8820600","2,3196340",202000003114,154 736 805,B01,1,1,0,2,1,5,5,NULL,202000003114,154 736 802,A01,1,1,4,1,1993,9,2,0,-1,0,0,-1,202000003114,4,NULL,0,NULL,3,2,0,1,0,0,1,NULL," -1",2,0,1,50
202000003114,5,3,2020,17:50:00,2,75,75117,2,3,3,3,"BOULEVARD DES BATIGNOLLES","48,8820600","2,3196340",202000003114,154 736 802,A01,1,1,0,2,7,1,5,NULL,202000003114,154 736 802,A01,1,1,4,1,1993,9,2,0,-1,0,0,-1,202000003114,4,NULL,0,NULL,3,2,0,1,0,0,1,NULL," -1",2,0,1,50
202000003114,5,3,2020,17:50:00,2,75,75117,2,3,3,3,"BOULEVARD DES BATIGNOLLES","48,8820600","2,3196340",202000003114,154 736 805,B01,1,1,0,2,1,5,5,NULL,202000003114,154 736 805,B01,1,1,1,1,2000,9,2,0,-1,0,0,-1,202000003114,4,NULL,0,NULL,3,2,0,1,0,0,1,NULL," -1",2,0,1,50
202000003114,5,3,2020,17:50:00,2,75,75117,2,3,3,3,"BOULEVARD DES BATIGNOLLES","48,8820600","2,3196340",202000003114,154 736 802,A01,1,1,0,2,7,1,5,NULL,202000003114,154 736 805,B01,1,1,1,1,2000,9,2,0,-1,0,0,-1,202000003114,4,NULL,0,NULL,3,2,0,1,0,0,1,NULL," -1",2,0,1,50
202000003115,20,5,2020,09:00:00,1,82,82161,1,6,1,3,"Route de l'Ormeau","44,0425820","1,4572390",202000003115,154 736 801,B01,1,1,0,2,5,1,5,NULL,202000003115,154 736 800,A01,1,1,1,2,1950,9,1,-1,-1,0,0,-1,202000003115,3," 66",-1,NULL,2,2,0,1,18,460,2,NULL," -1",1,5,1,70
202000003115,20,5,2020,09:00:00,1,82,82161,1,6,1,3,"Route de l'Ormeau","44,0425820","1,4572390",202000003115,154 736 801,B01,1,1,0,2,5,1,5,NULL,202000003115,154 736 800,A01,2,2,1,2,1930,9,1,-1,-1,0,0,-1,202000003115,3," 66",-1,NULL,2,2,0,1,18,460,2,NULL," -1",1,5,1,70
202000003115,20,5,2020,09:00:00,1,82,82161,1,6,1,3,"Route de l'Ormeau","44,0425820","1,4572390",202000003115,154 736 801,B01,1,1,0,2,5,1,5,NULL,202000003115,154 736 801,B01,1,1,3,1,1956,5,2,-1,-1,0,0,-1,202000003115,3," 66",-1,NULL,2,2,0,1,18,460,2,NULL," -1",1,5,1,70
202000003116,4,3,2020,00:19:00,5,75,75116,2,5,1,3,"AVENUE D IENA","48,8722860","2,2952960",202000003116,154 736 799,B01,1,1,0,2,8,15,5,NULL,202000003116,154 736 798,A01,1,1,1,1,1980,1,8,8,-1,0,0,-1,202000003116,4,NULL,0,NULL,2,2,1,1,0,0,1,NULL," -1",1,5,1,50
202000003116,4,3,2020,00:19:00,5,75,75116,2,5,1,3,"AVENUE D IENA","48,8722860","2,2952960",202000003116,154 736 799,B01,1,1,0,2,8,15,5,NULL,202000003116,154 736 799,B01,1,1,4,1,1999,1,8,0,-1,0,0,-1,202000003116,4,NULL,0,NULL,2,2,1,1,0,0,1,NULL," -1",1,5,1,50
202000003118,5,3,2020,08:50:00,1,75,75114,2,2,2,3,"RUE HALLE","48,8289320","2,3311580",202000003118,154 736 793,B01,0,1,0,2,2,1,5,NULL,202000003118,154 736 793,B01,1,1,4,2,1996,1,2,0,-1,0,0,-1,202000003118,4,NULL,0,NULL,2,2,0,1,0,0,1,NULL," -1",2,0,1,30
202000003118,5,3,2020,08:50:00,1,75,75114,2,2,2,3,"RUE HALLE","48,8289320","2,3311580",202000003118,154 736 793,B01,0,1,0,2,2,1,5,NULL,202000003118,154 736 796,A01,1,1,1,2,1980,1,1,0,-1,0,0,-1,202000003118,4,NULL,0,NULL,2,2,0,1,0,0,1,NULL," -1",2,0,1,30
202000003120,20,5,2020,19:40:00,1,61,61005,2,4,1,1,"Route de Saint Germain","48,3441530","0,5568860",202000003120,154 736 789,A01,2,1,0,2,3,13,5,NULL,202000003120,154 736 789,A01,1,1,3,1,2007,5,0,-1,-1,0,0,-1,202000003120,3,285,-1,NULL,2,2,0,1,2,630,1,NULL," -1",1,0,1,50
202000003120,20,5,2020,19:40:00,1,61,61005,2,4,1,1,"Route de Saint Germain","48,3441530","0,5568860",202000003120,154 736 789,A01,2,1,0,2,3,13,5,NULL,202000003120,154 736 791,B01,1,1,1,2,1995,5,1,-1,-1,0,0,-1,202000003120,3,285,-1,NULL,2,2,0,1,2,630,1,NULL," -1",1,0,1,50
202000003123,5,3,2020,19:35:00,5,75,75111,2,2,2,3,"AVENUE PARMENTIER","48,8668710","2,3733610",202000003123,154 736 783,B01,2,1,0,2,8,18,5,NULL,202000003123,154 736 782,A01,1,1,1,1,1959,4,1,0,-1,0,0,-1,202000003123,4,NULL,0,NULL,2,2,0,1,0,0,1,NULL," -1",2,0,1,30
202000003123,5,3,2020,19:35:00,5,75,75111,2,2,2,3,"AVENUE PARMENTIER","48,8668710","2,3733610",202000003123,154 736 783,B01,2,1,0,2,8,18,5,NULL,202000003123,154 736 783,B01,1,1,4,2,1988,5,2,0,-1,0,0,-1,202000003123,4,NULL,0,NULL,2,2,0,1,0,0,1,NULL," -1",2,0,1,30
202000003130,5,3,2020,10:10:00,1,75,75109,2,3,2,3,"BOULEVARD DES ITALIENS","48,8714600","2,3369990",202000003130,154 736 771,B01,1,1,0,2,4,15,5,NULL,202000003130,154 736 771,B01,1,1,1,2,1994,1,2,0,-1,0,0,-1,202000003130,4,NULL,0,NULL,2,4,0,1,0,0,1,NULL," -1",2,0,1,50
202000003130,5,3,2020,10:10:00,1,75,75109,2,3,2,3,"BOULEVARD DES ITALIENS","48,8714600","2,3369990",202000003130,154 736 771,B01,1,1,0,2,4,15,5,NULL,202000003130,154 736 772,A01,1,1,4,2,1988,9,2,6,-1,0,0,-1,202000003130,4,NULL,0,NULL,2,4,0,1,0,0,1,NULL," -1",2,0,1,50
202000003131,4,3,2020,14:40:00,1,75,75101,2,2,2,1,"AVENUE GENERAL LEMONNIER","48,8609500","2,3300090",202000003131,154 736 770,B01,1,1,0,2,1,5,5,NULL,202000003131,154 736 769,A01,1,1,1,1,1990,4,8,0,-1,0,0,-1,202000003131,4,NULL,0,NULL,2,3,0,1,0,0,1,NULL," -1",2,6,1,30
202000003131,4,3,2020,14:40:00,1,75,75101,2,2,2,1,"AVENUE GENERAL LEMONNIER","48,8609500","2,3300090",202000003131,154 736 769,A01,1,1,0,2,1,1,5,NULL,202000003131,154 736 769,A01,1,1,1,1,1990,4,8,0,-1,0,0,-1,202000003131,4,NULL,0,NULL,2,3,0,1,0,0,1,NULL," -1",2,6,1,30
202000003131,4,3,2020,14:40:00,1,75,75101,2,2,2,1,"AVENUE GENERAL LEMONNIER","48,8609500","2,3300090",202000003131,154 736 770,B01,1,1,0,2,1,5,5,NULL,202000003131,154 736 770,B01,1,1,4,1,1990,9,8,0,-1,0,0,-1,202000003131,4,NULL,0,NULL,2,3,0,1,0,0,1,NULL," -1",2,6,1,30
202000003131,4,3,2020,14:40:00,1,75,75101,2,2,2,1,"AVENUE GENERAL LEMONNIER","48,8609500","2,3300090",202000003131,154 736 769,A01,1,1,0,2,1,1,5,NULL,202000003131,154 736 770,B01,1,1,4,1,1990,9,8,0,-1,0,0,-1,202000003131,4,NULL,0,NULL,2,3,0,1,0,0,1,NULL," -1",2,6,1,30
202000003147,5,3,2020,08:30:00,1,92,92036,2,1,2,-1,"LOUISE MICHEL (BD) (IMPAIRS)","48,9221420","2,3200190",202000003147,154 736 742,B01,1,1,0,2,2,1,5,NULL,202000003147,154 736 741,A01,1,1,1,1,1978,4,1,8,-1,-1,0,-1,202000003147,3,9,0,NULL,2,2,0,1,0,0,1,NULL," -1",1,0,1,50
202000003147,5,3,2020,08:30:00,1,92,92036,2,1,2,-1,"LOUISE MICHEL (BD) (IMPAIRS)","48,9221420","2,3200190",202000003147,154 736 742,B01,1,1,0,2,2,1,5,NULL,202000003147,154 736 742,B01,1,1,4,1,1992,0,2,0,-1,-1,0,-1,202000003147,3,9,0,NULL,2,2,0,1,0,0,1,NULL," -1",1,0,1,50
202000003148,5,3,2020,20:15:00,5,92,92062,2,1,2,2,"DE DION BOUTON (QUAI) DU 1 AU 28","48,8755374","2,2386722",202000003148,154 736 739,B01,2,1,0,2,4,1,0,NULL,202000003148,154 736 739,B01,1,1,4,1,1969,1,2,0,-1,-1," -1",-1,202000003148,3,7,0,NULL,3,5,0,1,0,0,1,NULL," -1",2,0,1,50
202000003148,5,3,2020,20:15:00,5,92,92062,2,1,2,2,"DE DION BOUTON (QUAI) DU 1 AU 28","48,8755374","2,2386722",202000003148,154 736 739,B01,2,1,0,2,4,1,0,NULL,202000003148,154 736 740,A01,1,1,1,2,1966,1,1,0,-1,-1," -1",-1,202000003148,3,7,0,NULL,3,5,0,1,0,0,1,NULL," -1",2,0,1,50
202000003182,3,3,2020,19:05:00,5,01,01262,2,6,1,1,"450 Faubourg de Lyon","45,8481830","5,0470879",202000003182,154 736 679,B01,2,1,0,2,7,1,5,NULL,202000003182,154 736 679,B01,1,1,3,2,2004,5,0,-1,-1,0,0,-1,202000003182,3,1084,-1,NULL,2,2,0,1,11,150,1,NULL," -1",1,5,1,50
202000003182,3,3,2020,19:05:00,5,01,01262,2,6,1,1,"450 Faubourg de Lyon","45,8481830","5,0470879",202000003182,154 736 679,B01,2,1,0,2,7,1,5,NULL,202000003182,154 736 680,A01,1,1,1,1,1972,3,1,-1,-1,0,0,-1,202000003182,3,1084,-1,NULL,2,2,0,1,11,150,1,NULL," -1",1,5,1,50
202000003216,3,3,2020,20:03:00,5,74,74012,2,3,1,1,"CHABLAIS (RUE DU)","46,1975000","6,2384800",202000003216,154 736 612,B01,2,1,0,2,1,5,0,NULL,202000003216,154 736 612,B01,1,1,4,1,1984,0,8,0,-1,-1," -1",-1,202000003216,3,"CHABLAIS (RUE DU)",0,NULL,2,2,1,1,0,1,1,NULL," -1",1,0,1,50
202000003216,3,3,2020,20:03:00,5,74,74012,2,3,1,1,"CHABLAIS (RUE DU)","46,1975000","6,2384800",202000003216,154 736 612,B01,2,1,0,2,1,5,0,NULL,202000003216,154 736 613,A01,1,1,1,1,1978,0,8,0,-1,-1," -1",-1,202000003216,3,"CHABLAIS (RUE DU)",0,NULL,2,2,1,1,0,1,1,NULL," -1",1,0,1,50
202000003217,14,2,2020,14:40:00,1,73,73011,2,6,1,3,"OLIVET (CHEMIN DE)","45,6656657","6,3679782",202000003217,154 736 610,B01,1,1,0,2,8,1,5,NULL,202000003217,154 736 610,B01,1,1,4,1,1953,5,0,0,-1,-1," -1",-1,202000003217,3,990,0,NULL,2,2,1,1,23,140,1,NULL,"5,5",1,5,5,50
202000003217,14,2,2020,14:40:00,1,73,73011,2,6,1,3,"OLIVET (CHEMIN DE)","45,6656657","6,3679782",202000003217,154 736 610,B01,1,1,0,2,8,1,5,NULL,202000003217,154 736 611,A01,1,1,1,1,1947,9,1,0,-1,-1," -1",-1,202000003217,3,990,0,NULL,2,2,1,1,23,140,1,NULL,"5,5",1,5,5,50
202000003225,2,3,2020,15:38:00,1,63,63113,2,1,1,2,"SAINT JEAN (BD)","45,7820300","3,1181700",202000003225,154 736 594,B01,1,1,0,2,4,2,5,NULL,202000003225,154 736 594,B01,1,1,4,2,1966,0,8,0,-1,0,0,-1,202000003225,7,2009,0,NULL,2,4,0,1,(1),(1),1,NULL," -1",2,0,1,50
202000003225,2,3,2020,15:38:00,1,63,63113,2,1,1,2,"SAINT JEAN (BD)","45,7820300","3,1181700",202000003225,154 736 594,B01,1,1,0,2,4,2,5,NULL,202000003225,154 736 595,A01,1,1,1,1,1990,0,1,0,-1,0,0,-1,202000003225,7,2009,0,NULL,2,4,0,1,(1),(1),1,NULL," -1",2,0,1,50
202000003229,4,3,2020,11:30:00,1,59,59131,1,6,1,3,HOOGHE-PORTE,"50,9919000","2,3533200",202000003229,154 736 588,B01,3,1,0,2,0,0,5,NULL,202000003229,154 736 588,B01,1,1,3,1,1943,5,2,8,-1,0,0,-1,202000003229,4,"RUE DU HOOGHE-PORTE",0,NULL,-1,1,0,1,0,0,1,NULL," -1",1,9,1,50
202000003229,4,3,2020,11:30:00,1,59,59131,1,6,1,3,HOOGHE-PORTE,"50,9919000","2,3533200",202000003229,154 736 588,B01,3,1,0,2,0,0,5,NULL,202000003229,154 736 589,A01,1,1,1,1,1966,5,1,0,-1,-1," -1",-1,202000003229,4,"RUE DU HOOGHE-PORTE",0,NULL,-1,1,0,1,0,0,1,NULL," -1",1,9,1,50
202000003238,4,3,2020,19:00:00,3,44,44162,2,6,2,3,"Boulevard Marcel Paul","47,2294577"," -1,6337736",202000003238,154 736 572,B01,0,1,0,2,1,15,5,NULL,202000003238,154 736 572,B01,1,1,4,2,1995,1,2,0,-1,0," -1",-1,202000003238,4,NULL,0,NULL,1,2,0,1,(1),(1),1,NULL," -1",2,0,1,50
202000003238,4,3,2020,19:00:00,3,44,44162,2,6,2,3,"Boulevard Marcel Paul","47,2294577"," -1,6337736",202000003238,154 736 572,B01,0,1,0,2,1,15,5,NULL,202000003238,154 736 573,A01,1,1,1,2,1982,1,1,0,-1,0," -1",-1,202000003238,4,NULL,0,NULL,1,2,0,1,(1),(1),1,NULL," -1",2,0,1,50
202000003243,4,3,2020,14:15:00,1,34,34172,2,1,1,6,"MOULIN (GRAND-(RUE JEAN)","43,6074429","3,8771275",202000003243,154 736 566,A01,1,1,0,1,1,1,2,NULL,202000003243,154 736 566,A01,10,3,4,2,1970,5,0,-1,-1,9,2,1,202000003243,4,NULL,0,NULL,2,0,3,2,0,0,1,NULL," -1",1,6,1,5
202000003243,4,3,2020,14:15:00,1,34,34172,2,1,1,6,"MOULIN (GRAND-(RUE JEAN)","43,6074429","3,8771275",202000003243,154 736 566,A01,1,1,0,1,1,1,2,NULL,202000003243,154 736 566,A01,1,1,1,1,1999,4,2,0,-1,-1," -1",-1,202000003243,4,NULL,0,NULL,2,0,3,2,0,0,1,NULL," -1",1,6,1,5