Num_Acc,jour,mois,an,hrmn,lum,dep,com,agg,int,atm,col,adr,lat,long,Num_Acc,id_vehicule,num_veh,senc,catv,obs,obsm,choc,manv,motor,occutc,Num_Acc,id_vehicule,num_veh,place,catu,grav,sexe,an_nais,trajet,secu1,secu2,secu3,locp,actp,etatp,Num_Acc,catr,voie,v1,v2,circ,nbv,vosp,prof,pr,pr1,plan,lartpc,larrout,surf,infra,situ,vma
202000003487,22,6,2020,19:55:00,1,75,75101,2,3,1,1,"RUE SAINT DENIS","48,8595320","2,3479280",202000003487,154 736 125,Z01,2,1,0,2,1,1,5,NULL,202000003487,154 736 124,A01,1,1,4,2,2000,9,8,0,-1,0,0,-1,202000003487,4,NULL,0,NULL,1,1,0,1,0,0,1,NULL," -1",1,6,1,30
202000003487,22,6,2020,19:55:00,1,75,75101,2,3,1,1,"RUE SAINT DENIS","48,8595320","2,3479280",202000003487,154 736 124,A01,1,1,0,2,1,1,5,NULL,202000003487,154 736 124,A01,1,1,4,2,2000,9,8,0,-1,0,0,-1,202000003487,4,NULL,0,NULL,1,1,0,1,0,0,1,NULL," -1",1,6,1,30
202000003488,22,6,2020,12:20:00,1,75,75103,2,2,1,7,"RUE DES FRANCS BOURGEOIS","48,8572430","2,3617600",202000003488,154 736 123,A01,2,1,0,0,0,1,5,NULL,202000003488,154 736 123,A01,1,1,4,1,1987,3,8,0,-1,0,0,-1,202000003488,4,NULL,0,NULL,1,1,0,1,0,0,1,NULL," -1",1,0,1,30
202000003492,21,6,2020,16:25:00,1,94,94033,2,3,1,3,"REPUBLIQUE (AV DE LA)","48,8528100","2,4680900",202000003492,154 736 116,B01,1,1,0,2,4,15,5,NULL,202000003492,154 736 115,A01,1,1,1,2,1980,3,1,0,-1,-1," -1",-1,202000003492,3,143,0,NULL,2,2,0,3,(1),(1),1,NULL," -1",1,0,1,50
202000003492,21,6,2020,16:25:00,1,94,94033,2,3,1,3,"REPUBLIQUE (AV DE LA)","48,8528100","2,4680900",202000003492,154 736 116,B01,1,1,0,2,4,15,5,NULL,202000003492,154 736 116,B01,1,1,3,2,1985,5,8,0,-1,-1," -1",-1,202000003492,3,143,0,NULL,2,2,0,3,(1),(1),1,NULL," -1",1,0,1,50
202000003493,22,6,2020,17:10:00,1,94,94017,2,6,1,-1,"François Mittérrand (avenue)","48,8161610","2,5123280",202000003493,154 736 114,B01,1,1,0,2,0,9,5,NULL,202000003493,154 736 114,B01,1,1,3,1,1969,0,8,0,-1,-1," -1",-1,202000003493,3,145,0,NULL,1,1,0,4,0,1,3,NULL," -1",1,0,1,30
202000003496,21,6,2020,16:30:00,1,93,93045,2,1,1,3,"R DE PARIS","48,8788100","2,4122000",202000003496,154 736 108,B01,1,1,0,2,2,17,5,NULL,202000003496,154 736 108,B01,1,1,4,1,1991,5,8,0,-1,-1," -1",-1,202000003496,3,117,0,NULL,2,3,3,1,1,0,1,NULL," -1",1,0,1,50
202000003496,21,6,2020,16:30:00,1,93,93045,2,1,1,3,"R DE PARIS","48,8788100","2,4122000",202000003496,154 736 108,B01,1,1,0,2,2,17,5,NULL,202000003496,154 736 109,A01,1,1,1,1,1988,5,1,0,-1,-1," -1",-1,202000003496,3,117,0,NULL,2,3,3,1,1,0,1,NULL," -1",1,0,1,50
202000003503,22,6,2020,17:45:00,1,92,92046,2,9,1,6,"GABRIEL PERI","48,8192080","2,3000881",202000003503,154 736 093,A01,2,1,0,1,1,25,5,NULL,202000003503,154 736 093,A01,10,3,3,1,1944,5,8,8,-1,5,9,1,202000003503,3,50,0,NULL,2,2,0,1,0,0,1,NULL," -1",1,9,4,6
202000003504,21,6,2020,16:15:00,1,92,92063,2,6,1,3,"MONTBRISON (RUE DU LIEUTENANT COLONEL DE","48,8581200","2,1940500",202000003504,154 736 092,B01,1,1,0,2,8,1,5,NULL,202000003504,154 736 091,A01,1,1,1,2,1982,5,1,8,-1,-1," -1",-1,202000003504,3,180,0,NULL,2,2,2,1,0,0,3,NULL," -1",1,5,1,50
202000003504,21,6,2020,16:15:00,1,92,92063,2,6,1,3,"MONTBRISON (RUE DU LIEUTENANT COLONEL DE","48,8581200","2,1940500",202000003504,154 736 092,B01,1,1,0,2,8,1,5,NULL,202000003504,154 736 092,B01,1,1,4,1,2012,5,2,8,-1,-1," -1",-1,202000003504,3,180,0,NULL,2,2,2,1,0,0,3,NULL," -1",1,5,1,50
202000003508,22,6,2020,17:50:00,1,92,92012,2,1,1,2,"REPUBLIQUE (BOULEVARD DE LA) 5/77BIS - 6","48,8327700","2,2482200",202000003508,154 736 084,A01,1,1,0,2,5,2,5,NULL,202000003508,154 736 084,A01,1,1,4,1,2000,5,2,8,-1,-1," -1",-1,202000003508,3,50,0,NULL,2,2,2,1,0,0,1,NULL," -1",1,0,1,50
202000003508,22,6,2020,17:50:00,1,92,92012,2,1,1,2,"REPUBLIQUE (BOULEVARD DE LA) 5/77BIS - 6","48,8327700","2,2482200",202000003508,154 736 084,A01,1,1,0,2,5,2,5,NULL,202000003508,154 736 085,B01,1,1,1,2,1986,5,1,5,-1,-1," -1",-1,202000003508,3,50,0,NULL,2,2,2,1,0,0,1,NULL," -1",1,0,1,50
202000003509,20,6,2020,13:45:00,1,01,01054,2,1,1,3,"Montee des Crozes","45,8887500","5,1507530",202000003509,154 736 081,B01,3,1,0,2,1,26,5,NULL,202000003509,154 736 081,B01,1,1,3,1,1943,5,2,6,-1,0,0,-1,202000003509,4,NULL,0,NULL,2,2,0,2,(1),(1),1,NULL," -1",1,0,1,50
202000003509,20,6,2020,13:45:00,1,01,01054,2,1,1,3,"Montee des Crozes","45,8887500","5,1507530",202000003509,154 736 081,B01,3,1,0,2,1,26,5,NULL,202000003509,154 736 082,A01,1,1,1,2,1985,9,1,-1,-1,0,0,-1,202000003509,4,NULL,0,NULL,2,2,0,2,(1),(1),1,NULL," -1",1,0,1,50
202000003513,23,6,2020,13:00:00,1,38,38188,1,1,1,1,"Route du Murier","45,1491840","5,7831590",202000003513,154 736 074,B01,2,1,0,2,1,1,5,NULL,202000003513,154 736 073,A01,1,1,1,1,1996,4,1,-1,-1,0,0,-1,202000003513,3,D112,-1,NULL,2,2,0,2,10,350,4,NULL," -1",1,0,1,80
202000003513,23,6,2020,13:00:00,1,38,38188,1,1,1,1,"Route du Murier","45,1491840","5,7831590",202000003513,154 736 074,B01,2,1,0,2,1,1,5,NULL,202000003513,154 736 074,B01,1,1,3,1,1975,5,2,-1,-1,0,0,-1,202000003513,3,D112,-1,NULL,2,2,0,2,10,350,4,NULL," -1",1,0,1,80
202000003517,23,6,2020,11:35:00,1,56,56097,2,3,1,5,"14 Route de Mane Kerverh","47,7629910"," -3,1103110",202000003517,154 736 065,B01,1,1,0,2,1,1,5,NULL,202000003517,154 736 065,B01,1,1,4,1,1960,5,2,-1,-1,0,0,-1,202000003517,3,33,-1,NULL,2,2,0,2,5,916,1,NULL," -1",1,0,1,30
202000003517,23,6,2020,11:35:00,1,56,56097,2,3,1,5,"14 Route de Mane Kerverh","47,7629910"," -3,1103110",202000003517,154 736 065,B01,1,1,0,2,1,1,5,NULL,202000003517,154 736 066,A01,1,1,1,1,2002,5,1,-1,-1,0,0,-1,202000003517,3,33,-1,NULL,2,2,0,2,5,916,1,NULL," -1",1,0,1,30
202000003517,23,6,2020,11:35:00,1,56,56097,2,3,1,5,"14 Route de Mane Kerverh","47,7629910"," -3,1103110",202000003517,154 736 065,B01,1,1,0,2,1,1,5,NULL,202000003517,154 736 067,C01,1,1,1,2,1985,5,1,-1,-1,0,0,-1,202000003517,3,33,-1,NULL,2,2,0,2,5,916,1,NULL," -1",1,0,1,30
202000003546,20,6,2020,13:30:00,1,67,67130,2,1,2,1,"Rue des Marguerites","48,4168970","7,6960460",202000003546,154 736 014,B01,3,1,0,0,1,0,5,NULL,202000003546,154 736 013,A01,1,1,1,1,1967,1,0,-1,-1,0,0,-1,202000003546,9,NULL,-1,NULL,2,2,0,2,(1),(1),2,NULL," -1",2,2,5,-1
202000003546,20,6,2020,13:30:00,1,67,67130,2,1,2,1,"Rue des Marguerites","48,4168970","7,6960460",202000003546,154 736 013,A01,3,1,0,0,1,0,5,NULL,202000003546,154 736 013,A01,1,1,1,1,1967,1,0,-1,-1,0,0,-1,202000003546,9,NULL,-1,NULL,2,2,0,2,(1),(1),2,NULL," -1",2,2,5,-1
202000003546,20,6,2020,13:30:00,1,67,67130,2,1,2,1,"Rue des Marguerites","48,4168970","7,6960460",202000003546,154 736 014,B01,3,1,0,0,1,0,5,NULL,202000003546,154 736 014,B01,1,1,4,1,1966,5,2,-1,-1,0,0,-1,202000003546,9,NULL,-1,NULL,2,2,0,2,(1),(1),2,NULL," -1",2,2,5,-1
202000003546,20,6,2020,13:30:00,1,67,67130,2,1,2,1,"Rue des Marguerites","48,4168970","7,6960460",202000003546,154 736 013,A01,3,1,0,0,1,0,5,NULL,202000003546,154 736 014,B01,1,1,4,1,1966,5,2,-1,-1,0,0,-1,202000003546,9,NULL,-1,NULL,2,2,0,2,(1),(1),2,NULL," -1",2,2,5,-1
202000003565,21,6,2020,09:29:00,1,974,97416,1,1,1,3,"BASSIN PLAT(CHEMIN)"," -21,3250200","55,4911400",202000003565,154 735 963,B01,2,1,0,2,1,1,5,NULL,202000003565,154 735 963,B01,1,1,4,2,1991,5,2,0,-1,-1," -1",-1,202000003565,4,"BASSIN PLAT(CHEMIN)",0,NULL,2,2,0,2,0,0,2,NULL," -1",1,0,1,50
202000003565,21,6,2020,09:29:00,1,974,97416,1,1,1,3,"BASSIN PLAT(CHEMIN)"," -21,3250200","55,4911400",202000003565,154 735 963,B01,2,1,0,2,1,1,5,NULL,202000003565,154 735 964,A01,1,1,1,2,1949,3,1,0,-1,-1," -1",-1,202000003565,4,"BASSIN PLAT(CHEMIN)",0,NULL,2,2,0,2,0,0,2,NULL," -1",1,0,1,50
202000003570,21,6,2020,03:05:00,5,69,69388,2,2,1,3,"PAUL SANTY                          (AV)","45,7314928","4,8738526",202000003570,154 735 954,B01,1,1,0,2,4,1,0,NULL,202000003570,154 735 954,B01,1,1,4,2,1996,0,8,0,-1,-1," -1",-1,202000003570,4,"PAUL SANTY                          (AV)",0,NULL,2,3,1,1,(1),(1),1,NULL," -1",1,0,1,50
202000003570,21,6,2020,03:05:00,5,69,69388,2,2,1,3,"PAUL SANTY                          (AV)","45,7314928","4,8738526",202000003570,154 735 954,B01,1,1,0,2,4,1,0,NULL,202000003570,154 735 955,A01,1,1,1,1,1960,0,8,0,-1,-1," -1",-1,202000003570,4,"PAUL SANTY                          (AV)",0,NULL,2,3,1,1,(1),(1),1,NULL," -1",1,0,1,50
202000003574,21,6,2020,15:40:00,1,91,91201,2,3,1,3,"VILLIERS ( AVENUE DE )","48,6817700","2,4050400",202000003574,154 735 947,B01,1,1,0,2,1,1,0,NULL,202000003574,154 735 947,B01,1,1,4,1,1983,5,8,0,-1,-1," -1",-1,202000003574,4,"VILLIERS ( AVENUE DE )",0,NULL,2,2,0,2,0,100,1,NULL," -1",1,0,1,50
202000003574,21,6,2020,15:40:00,1,91,91201,2,3,1,3,"VILLIERS ( AVENUE DE )","48,6817700","2,4050400",202000003574,154 735 947,B01,1,1,0,2,1,1,0,NULL,202000003574,154 735 948,A01,2,2,1,1,2002,0,8,0,-1,-1," -1",-1,202000003574,4,"VILLIERS ( AVENUE DE )",0,NULL,2,2,0,2,0,100,1,NULL," -1",1,0,1,50
202000003574,21,6,2020,15:40:00,1,91,91201,2,3,1,3,"VILLIERS ( AVENUE DE )","48,6817700","2,4050400",202000003574,154 735 947,B01,1,1,0,2,1,1,0,NULL,202000003574,154 735 948,A01,1,1,1,1,2001,5,1,0,-1,-1," -1",-1,202000003574,4,"VILLIERS ( AVENUE DE )",0,NULL,2,2,0,2,0,100,1,NULL," -1",1,0,1,50
202000003600,20,6,2020,23:40:00,5,75,75117,2,2,1,3,"BOULEVARD DES BATIGNOLLES","48,8822120","2,3203450",202000003600,154 735 904,A01,1,1,0,2,5,19,5,NULL,202000003600,154 735 903,B01,1,1,1,1,1959,9,2,0,-1,0,0,-1,202000003600,4,NULL,0,NULL,1,4,0,1,0,0,1,NULL," -1",1,0,1,50
202000003600,20,6,2020,23:40:00,5,75,75117,2,2,1,3,"BOULEVARD DES BATIGNOLLES","48,8822120","2,3203450",202000003600,154 735 904,A01,1,1,0,2,5,19,5,NULL,202000003600,154 735 904,A01,1,1,4,1,1995,9,8,0,-1,0,0,-1,202000003600,4,NULL,0,NULL,1,4,0,1,0,0,1,NULL," -1",1,0,1,50
202000003602,20,6,2020,13:45:00,1,75,75111,2,7,1,7,"RUE DU FAUBOURG SAINT ANTOINE","48,8486120","2,3943570",202000003602,154 735 900,A01,1,1,12,0,1,14,5,NULL,202000003602,154 735 900,A01,1,1,3,1,1984,9,8,0,-1,0,0,-1,202000003602,4,NULL,0,NULL,2,2,0,1,0,0,1,NULL," -1",1,5,1,30
202000003634,22,6,2020,10:15:00,1,14,14239,1,3,1,-1,D125,"49,3878130"," -0,9489230",202000003634,154 735 852,B01,2,1,0,0,4,21,5,NULL,202000003634,154 735 850,A01,1,1,1,1,1985,5,1,-1,-1,0,0,-1,202000003634,3,125,-1,NULL,2,2,0,2,6,890,2,NULL," -1",1,0,1,70
202000003634,22,6,2020,10:15:00,1,14,14239,1,3,1,-1,D125,"49,3878130"," -0,9489230",202000003634,154 735 851,C01,2,1,0,2,1,2,5,NULL,202000003634,154 735 850,A01,1,1,1,1,1985,5,1,-1,-1,0,0,-1,202000003634,3,125,-1,NULL,2,2,0,2,6,890,2,NULL," -1",1,0,1,70
202000003634,22,6,2020,10:15:00,1,14,14239,1,3,1,-1,D125,"49,3878130"," -0,9489230",202000003634,154 735 852,B01,2,1,0,0,4,21,5,NULL,202000003634,154 735 851,C01,1,1,4,1,2003,5,2,-1,-1,0,0,-1,202000003634,3,125,-1,NULL,2,2,0,2,6,890,2,NULL," -1",1,0,1,70
202000003634,22,6,2020,10:15:00,1,14,14239,1,3,1,-1,D125,"49,3878130"," -0,9489230",202000003634,154 735 851,C01,2,1,0,2,1,2,5,NULL,202000003634,154 735 851,C01,1,1,4,1,2003,5,2,-1,-1,0,0,-1,202000003634,3,125,-1,NULL,2,2,0,2,6,890,2,NULL," -1",1,0,1,70
202000003634,22,6,2020,10:15:00,1,14,14239,1,3,1,-1,D125,"49,3878130"," -0,9489230",202000003634,154 735 852,B01,2,1,0,0,4,21,5,NULL,202000003634,154 735 852,B01,1,1,1,1,1972,5,2,-1,-1,0,0,-1,202000003634,3,125,-1,NULL,2,2,0,2,6,890,2,NULL," -1",1,0,1,70
202000003634,22,6,2020,10:15:00,1,14,14239,1,3,1,-1,D125,"49,3878130"," -0,9489230",202000003634,154 735 851,C01,2,1,0,2,1,2,5,NULL,202000003634,154 735 852,B01,1,1,1,1,1972,5,2,-1,-1,0,0,-1,202000003634,3,125,-1,NULL,2,2,0,2,6,890,2,NULL," -1",1,0,1,70
202000003638,19,6,2020,13:10:00,2,36,36018,2,1,1,3,"Rue de Poitiers","46,6307630","1,0580890",202000003638,154 735 844,B01,1,1,0,2,8,1,5,NULL,202000003638,154 735 843,A01,1,1,1,1,1974,5,2,-1,-1,0,0,-1,202000003638,3,951,0,NULL,2,2,0,2,10,860,2,NULL," -1",1,0,1,50
202000003638,19,6,2020,13:10:00,2,36,36018,2,1,1,3,"Rue de Poitiers","46,6307630","1,0580890",202000003638,154 735 844,B01,1,1,0,2,8,1,5,NULL,202000003638,154 735 844,B01,1,1,4,1,1951,1,0,-1,-1,0,0,-1,202000003638,3,951,0,NULL,2,2,0,2,10,860,2,NULL," -1",1,0,1,50
202000003648,1,2,2020,13:20:00,1,75,75115,2,1,2,3,"RUE DE LA CONVENTION","48,8450910","2,2791530",202000003648,154 735 829,B01,2,1,0,2,1,1,5,NULL,202000003648,154 735 828,A01,1,1,1,1,1948,5,1,0,-1,0,0,-1,202000003648,4,NULL,0,NULL,2,2,0,1,19,0,1,NULL," -1",2,0,1,50
202000003648,1,2,2020,13:20:00,1,75,75115,2,1,2,3,"RUE DE LA CONVENTION","48,8450910","2,2791530",202000003648,154 735 829,B01,2,1,0,2,1,1,5,NULL,202000003648,154 735 829,B01,1,1,4,1,1949,5,8,0,-1,0,0,-1,202000003648,4,NULL,0,NULL,2,2,0,1,19,0,1,NULL," -1",2,0,1,50
202000003650,2,2,2020,10:30:00,1,75,75113,2,2,2,-1,"BOULEVARD VINCENT AURIOL","48,8337670","2,3650310",202000003650,154 735 825,A01,2,1,0,2,1,1,5,NULL,202000003650,154 735 825,A01,1,1,4,1,1959,5,8,0,-1,-1," -1",-1,202000003650,4,NULL,0,NULL,1,2,1,2,0,0,1,NULL," -1",2,-1,5,50
202000003650,2,2,2020,10:30:00,1,75,75113,2,2,2,-1,"BOULEVARD VINCENT AURIOL","48,8337670","2,3650310",202000003650,154 735 825,A01,2,1,0,2,1,1,5,NULL,202000003650,154 735 826,Z01,3,2,1,2,1998,5,1,0,-1,0,0,-1,202000003650,4,NULL,0,NULL,1,2,1,2,0,0,1,NULL," -1",2,-1,5,50
202000003662,2,2,2020,17:30:00,2,92,92040,2,2,2,3,"PROFESSEUR CALMETTE (AVENUE DU)","48,8148244","2,2720768",202000003662,154 735 805,B01,1,1,0,2,1,1,0,NULL,202000003662,154 735 804,A01,1,1,1,2,1957,5,1,0,-1,-1," -1",-1,202000003662,3,71,0,NULL,2,2,0,2,0,0,1,NULL," -1",2,5,1,50
202000003662,2,2,2020,17:30:00,2,92,92040,2,2,2,3,"PROFESSEUR CALMETTE (AVENUE DU)","48,8148244","2,2720768",202000003662,154 735 805,B01,1,1,0,2,1,1,0,NULL,202000003662,154 735 805,B01,1,1,4,1,1978,0,2,0,-1,-1," -1",-1,202000003662,3,71,0,NULL,2,2,0,2,0,0,1,NULL," -1",2,5,1,50
202000003667,1,2,2020,19:52:00,5,74,74011,2,6,2,3,"1 Rue Commandant Ratel","45,9232030","6,1365620",202000003667,154 735 794,A01,0,1,0,2,1,1,5,NULL,202000003667,154 735 794,A01,1,1,4,1,1989,9,4,-1,-1,0,0,-1,202000003667,4,NULL,0,NULL,1,2,0,2,(1),(1),3,NULL," -1",2,5,1,50
202000003670,3,2,2020,11:20:00,1,89,89167,1,2,2,3,D176,"47,8709350","3,4361460",202000003670,154 735 788,B01,1,1,0,2,1,1,6,NULL,202000003670,154 735 787,A01,1,1,1,1,1981,9,1,-1,-1,0,0,-1,202000003670,3,176,0,NULL,2,2,0,2,6,90,1,NULL," -1",2,0,1,80
202000003670,3,2,2020,11:20:00,1,89,89167,1,2,2,3,D176,"47,8709350","3,4361460",202000003670,154 735 788,B01,1,1,0,2,1,1,6,NULL,202000003670,154 735 788,B01,1,1,4,1,1990,5,9,2,-1,0,0,-1,202000003670,3,176,0,NULL,2,2,0,2,6,90,1,NULL," -1",2,0,1,80
202000003671,3,2,2020,13:20:00,1,63,63109,1,2,1,2,D996,"45,5648300","3,1605430",202000003671,154 735 786,B01,1,1,0,2,1,0,0,NULL,202000003671,154 735 785,A01,1,1,1,2,1956,9,1,-1,-1,0,0,-1,202000003671,3,996,-1,NULL,2,2,0,1,55,(1),1,NULL," -1",1,0,1,80
202000003671,3,2,2020,13:20:00,1,63,63109,1,2,1,2,D996,"45,5648300","3,1605430",202000003671,154 735 786,B01,1,1,0,2,1,0,0,NULL,202000003671,154 735 786,B01,1,1,4,1,1950,5,2,-1,-1,0,0,-1,202000003671,3,996,-1,NULL,2,2,0,1,55,(1),1,NULL," -1",1,0,1,80
202000003698,2,2,2020,12:00:00,1,33,33234,2,3,1,6,"6 Chemin de la Croix d'Ardit","44,8040600"," -0,5005400",202000003698,154 735 742,A01,1,1,6,0,1,1,5,NULL,202000003698,154 735 742,A01,1,1,3,1,2003,5,2,6,-1,0,0,-1,202000003698,3,10E4,0,E,2,2,0,2,0,260,1,NULL," -1",1,0,3,50
202000003701,2,2,2020,10:33:00,1,68,68063,2,2,2,3,"6 Rue Georges Risler","47,8090510","7,1723790",202000003701,154 735 738,B01,1,1,0,0,7,1,5,NULL,202000003701,154 735 738,B01,1,1,4,1,1968,5,0,-1,-1,0,0,-1,202000003701,4,NULL,-1,NULL,2,2,0,1,(1),(1),1,NULL," -1",2,0,1,50
202000003701,2,2,2020,10:33:00,1,68,68063,2,2,2,3,"6 Rue Georges Risler","47,8090510","7,1723790",202000003701,154 735 738,B01,1,1,0,0,7,1,5,NULL,202000003701,154 735 739,A01,1,1,1,1,1945,5,1,-1,-1,0,0,-1,202000003701,4,NULL,-1,NULL,2,2,0,1,(1),(1),1,NULL," -1",2,0,1,50
202000003764,1,2,2020,14:05:00,1,75,75119,2,3,1,6,"QUAI DE LA SEINE","48,8866820","2,3745420",202000003764,154 735 615,A01,1,1,0,1,1,1,5,NULL,202000003764,154 735 615,A01,10,3,4,1,1979,1,0,-1,-1,4,3,1,202000003764,4,NULL,0,NULL,2,1,1,1,0,0,1,NULL,3,1,-1,5,20
202000003764,1,2,2020,14:05:00,1,75,75119,2,3,1,6,"QUAI DE LA SEINE","48,8866820","2,3745420",202000003764,154 735 615,A01,1,1,0,1,1,1,5,NULL,202000003764,154 735 615,A01,1,1,4,2,1988,5,8,0,-1,0,0,-1,202000003764,4,NULL,0,NULL,2,1,1,1,0,0,1,NULL,3,1,-1,5,20
202000003772,1,2,2020,01:40:00,5,75,75109,2,1,1,6,"BOULEVARD DE CLICHY","48,8827080","2,3357530",202000003772,154 735 602,B01,1,1,1,0,1,14,5,NULL,202000003772,154 735 602,B01,1,1,4,1,1986,5,8,0,0,0,0,-1,202000003772,4,NULL,0,NULL,1,1,0,1,31,0,1,NULL," -1",1,0,1,50
202000003774,30,1,2020,12:45:00,1,75,75108,2,7,2,3,"RUE DE LA PEPINIERE","48,8748506","2,3198769",202000003774,154 735 599,B01,2,1,0,2,4,7,5,NULL,202000003774,154 735 598,A01,1,1,1,1,1996,4,1,0,-1,0,0,-1,202000003774,4,NULL,0,NULL,3,8,3,1,0,0,1,NULL,24,2,-1,6,50
202000003774,30,1,2020,12:45:00,1,75,75108,2,7,2,3,"RUE DE LA PEPINIERE","48,8748506","2,3198769",202000003774,154 735 599,B01,2,1,0,2,4,7,5,NULL,202000003774,154 735 599,B01,1,1,4,1,1997,4,8,2,-1,0,0,-1,202000003774,4,NULL,0,NULL,3,8,3,1,0,0,1,NULL,24,2,-1,6,50
202000003826,23,1,2020,13:15:00,1,59,59310,2,3,1,1,"84 chaussée du bois","50,3250430","3,8266750",202000003826,154 735 518,B01,1,1,0,2,0,0,5,NULL,202000003826,154 735 517,A01,1,1,1,2,1994,1,1,-1,-1,0,0,-1,202000003826,3,84,0,NULL,2,2,0,1,(1),(1),1,NULL," -1",1,0,1,70
202000003826,23,1,2020,13:15:00,1,59,59310,2,3,1,1,"84 chaussée du bois","50,3250430","3,8266750",202000003826,154 735 518,B01,1,1,0,2,0,0,5,NULL,202000003826,154 735 518,B01,1,1,3,1,1945,5,2,-1,-1,0,0,-1,202000003826,3,84,0,NULL,2,2,0,1,(1),(1),1,NULL," -1",1,0,1,70
202000003846,22,7,2020,19:15:00,1,69,69383,2,3,1,3,"AUBIGNY (D')                        (R )","45,7613000","4,8638000",202000003846,154 735 477,B01,0,1,0,2,1,1,0,NULL,202000003846,154 735 477,B01,1,1,4,2,1984,9,8,0,-1,-1," -1",-1,202000003846,4,NULL,0,NULL,1,1,1,1,0,0,1,NULL," -1",1,0,1,50
202000003846,22,7,2020,19:15:00,1,69,69383,2,3,1,3,"AUBIGNY (D')                        (R )","45,7613000","4,8638000",202000003846,154 735 477,B01,0,1,0,2,1,1,0,NULL,202000003846,154 735 478,A01,1,1,1,1,1998,4,1,0,-1,-1," -1",-1,202000003846,4,NULL,0,NULL,1,1,1,1,0,0,1,NULL," -1",1,0,1,50
202000003847,22,7,2020,18:45:00,1,69,69387,2,1,1,6,"CLAUDE BERNARD                      (QU)","45,7525800","4,8367500",202000003847,154 735 476,B01,2,1,0,1,1,1,5,NULL,202000003847,154 735 476,B01,10,3,4,2,1974,0,0,-1,-1,2,3,1,202000003847,4,"CLAUDE BERNARD                      (QU)",0,NULL,2,5,1,1,0,0,1,NULL," -1",1,6,5,50
202000003847,22,7,2020,18:45:00,1,69,69387,2,1,1,6,"CLAUDE BERNARD                      (QU)","45,7525800","4,8367500",202000003847,154 735 476,B01,2,1,0,1,1,1,5,NULL,202000003847,154 735 476,B01,1,1,1,1,1988,0,2,0,-1,-1," -1",-1,202000003847,4,"CLAUDE BERNARD                      (QU)",0,NULL,2,5,1,1,0,0,1,NULL," -1",1,6,5,50
202000003849,22,7,2020,16:50:00,1,69,69387,2,3,3,7,"GAMBETTA                            (CO)","45,7541400","4,8462700",202000003849,154 735 473,A01,1,1,0,9,0,21,5,NULL,202000003849,154 735 473,A01,1,1,4,2,1991,0,2,8,-1,-1," -1",-1,202000003849,4,NULL,0,NULL,2,4,1,1,0,0,1,NULL," -1",2,0,1,50
202000003855,20,7,2020,18:43:00,3,971,97113,1,2,1,3,"AMEDE CLARA","16,2060893"," -61,4867234",202000003855,154 735 463,A01,1,1,0,2,2,26,0,NULL,202000003855,154 735 462,B01,1,1,1,2,1997,5,1,0,-1,-1," -1",-1,202000003855,3,119,0,NULL,2,2,0,1,0,0,1,NULL," -1",1,0,1,50
202000003855,20,7,2020,18:43:00,3,971,97113,1,2,1,3,"AMEDE CLARA","16,2060893"," -61,4867234",202000003855,154 735 463,A01,1,1,0,2,2,26,0,NULL,202000003855,154 735 463,A01,1,1,4,1,1982,0,8,0,0,-1," -1",-1,202000003855,3,119,0,NULL,2,2,0,1,0,0,1,NULL," -1",1,0,1,50
202000003856,20,7,2020,10:16:00,1,971,97101,1,2,1,3,"PETIT PEROU","16,2515600"," -61,5132500",202000003856,154 735 461,B01,1,1,0,2,2,26,5,NULL,202000003856,154 735 460,A01,1,1,1,1,1967,5,1,0,0,-1," -1",-1,202000003856,3,"PETIT PEROU",0,NULL,2,-1,0,1,0,0,1,NULL," -1",1,0,1,70
202000003856,20,7,2020,10:16:00,1,971,97101,1,2,1,3,"PETIT PEROU","16,2515600"," -61,5132500",202000003856,154 735 461,B01,1,1,0,2,2,26,5,NULL,202000003856,154 735 461,B01,10,3,4,1,2004,5,8,8,-1,0,0,-1,202000003856,3,"PETIT PEROU",0,NULL,2,-1,0,1,0,0,1,NULL," -1",1,0,1,70
202000003860,22,7,2020,07:30:00,1,91,91027,2,1,7,3,"MORANGIS (AVENUE DE)","48,7058000","2,3689000",202000003860,154 735 454,B01,2,1,0,2,2,12,5,NULL,202000003860,154 735 453,A01,1,1,4,2,1987,1,1,0,-1,-1," -1",-1,202000003860,4,"MORANGIS (AVENUE DE)",0,NULL,2,2,0,1,0,0,1,NULL," -1",1,0,1,50
202000003860,22,7,2020,07:30:00,1,91,91027,2,1,7,3,"MORANGIS (AVENUE DE)","48,7058000","2,3689000",202000003860,154 735 454,B01,2,1,0,2,2,12,5,NULL,202000003860,154 735 454,B01,1,1,4,1,1963,1,2,8,-1,-1," -1",-1,202000003860,4,"MORANGIS (AVENUE DE)",0,NULL,2,2,0,1,0,0,1,NULL," -1",1,0,1,50