Num_Acc,jour,mois,an,hrmn,lum,dep,com,agg,int,atm,col,adr,lat,long,Num_Acc,id_vehicule,num_veh,senc,catv,obs,obsm,choc,manv,motor,occutc,Num_Acc,id_vehicule,num_veh,place,catu,grav,sexe,an_nais,trajet,secu1,secu2,secu3,locp,actp,etatp,Num_Acc,catr,voie,v1,v2,circ,nbv,vosp,prof,pr,pr1,plan,lartpc,larrout,surf,infra,situ,vma
202000003862,20,7,2020,18:35:00,1,91,91103,2,2,1,3,"RUE JEAN JAURES","48,6074500","2,3094100",202000003862,154 735 450,A01,2,1,0,2,1,1,5,NULL,202000003862,154 735 449,B01,1,1,1,1,1974,0,1,0,-1,-1," -1",-1,202000003862,4,"BREGUET LOUIS (RUE)",0,NULL,2,2,0,1,0,0,1,NULL," -1",1,0,1,50
202000003862,20,7,2020,18:35:00,1,91,91103,2,2,1,3,"RUE JEAN JAURES","48,6074500","2,3094100",202000003862,154 735 450,A01,2,1,0,2,1,1,5,NULL,202000003862,154 735 450,A01,1,1,4,1,2005,5,2,0,-1,-1," -1",-1,202000003862,4,"BREGUET LOUIS (RUE)",0,NULL,2,2,0,1,0,0,1,NULL," -1",1,0,1,50
202000003875,22,7,2020,14:00:00,1,64,64445,2,1,1,3,"Route de Bayonne","43,2971184"," -0,3877455",202000003875,154 735 420,B01,1,1,0,2,1,1,5,NULL,202000003875,154 735 420,B01,1,1,4,2,1975,9,2,8,-1,-1," -1",-1,202000003875,4,"BAYONNE DE",0,NULL,3,2,1,1,(1),(1),1,NULL," -1",1,0,5,50
202000003875,22,7,2020,14:00:00,1,64,64445,2,1,1,3,"Route de Bayonne","43,2971184"," -0,3877455",202000003875,154 735 420,B01,1,1,0,2,1,1,5,NULL,202000003875,154 735 421,A01,1,1,1,2,1984,9,1,8,-1,-1," -1",-1,202000003875,4,"BAYONNE DE",0,NULL,3,2,1,1,(1),(1),1,NULL," -1",1,0,5,50
202000003876,22,7,2020,08:55:00,1,64,64445,2,2,1,2,"GASTON PHOEBUS","43,3024450"," -0,3793570",202000003876,154 735 418,B01,1,1,0,2,1,15,5,NULL,202000003876,154 735 418,B01,1,1,4,1,1952,0,2,0,-1,-1," -1",-1,202000003876,4,"GASTON PHOEBUS",0,NULL,2,2,0,1,0,0,1,NULL," -1",1,0,1,50
202000003876,22,7,2020,08:55:00,1,64,64445,2,2,1,2,"GASTON PHOEBUS","43,3024450"," -0,3793570",202000003876,154 735 418,B01,1,1,0,2,1,15,5,NULL,202000003876,154 735 419,A01,1,1,1,1,1965,4,1,0,-1,-1," -1",-1,202000003876,4,"GASTON PHOEBUS",0,NULL,2,2,0,1,0,0,1,NULL," -1",1,0,1,50
202000003878,22,7,2020,16:25:00,1,59,59360,2,3,1,-1,"KUHLMANN AVENUE","50,6206432","3,0163579",202000003878,154 735 414,B01,3,1,0,2,4,0,5,NULL,202000003878,154 735 414,B01,1,1,4,1,1961,1,2,0,-1,-1," -1",-1,202000003878,7,48,0,NULL,2,2,2,1,(1),(1),1,NULL," -1",1,1,1,50
202000003878,22,7,2020,16:25:00,1,59,59360,2,3,1,-1,"KUHLMANN AVENUE","50,6206432","3,0163579",202000003878,154 735 414,B01,3,1,0,2,4,0,5,NULL,202000003878,154 735 415,A01,1,1,1,1,1968,4,1,0,-1,-1," -1",-1,202000003878,7,48,0,NULL,2,2,2,1,(1),(1),1,NULL," -1",1,1,1,50
202000003889,21,7,2020,17:10:00,1,31,31555,2,1,1,3,"RUE DES ANGES","43,6205900","1,4401300",202000003889,154 735 396,B01,2,1,0,2,1,1,5,NULL,202000003889,154 735 396,B01,1,1,4,2,1964,5,2,0,-1,-1," -1",-1,202000003889,4,"RUE DES ANGES",0,NULL,1,1,2,1,0,0,1,NULL," -1",1,0,1,30
202000003889,21,7,2020,17:10:00,1,31,31555,2,1,1,3,"RUE DES ANGES","43,6205900","1,4401300",202000003889,154 735 396,B01,2,1,0,2,1,1,5,NULL,202000003889,154 735 397,A01,1,1,1,2,1988,9,1,7,-1,-1," -1",-1,202000003889,4,"RUE DES ANGES",0,NULL,1,1,2,1,0,0,1,NULL," -1",1,0,1,30
202000003905,21,7,2020,13:30:00,1,10,10387,2,6,1,3,"FRANCOIS MITERRAND","48,2926000","4,0742000",202000003905,154 735 369,B01,3,1,0,2,6,0,6,NULL,202000003905,154 735 368,A01,1,1,1,1,1974,5,1,0,-1,-1," -1",-1,202000003905,9,"FRANCOIS MITERRAND",0,NULL,-1,4,0,1,0,0,2,NULL," -1",1,0,1,50
202000003905,21,7,2020,13:30:00,1,10,10387,2,6,1,3,"FRANCOIS MITERRAND","48,2926000","4,0742000",202000003905,154 735 369,B01,3,1,0,2,6,0,6,NULL,202000003905,154 735 368,A01,2,2,1,2,1975,0,1,0,-1,-1," -1",-1,202000003905,9,"FRANCOIS MITERRAND",0,NULL,-1,4,0,1,0,0,2,NULL," -1",1,0,1,50
202000003905,21,7,2020,13:30:00,1,10,10387,2,6,1,3,"FRANCOIS MITERRAND","48,2926000","4,0742000",202000003905,154 735 369,B01,3,1,0,2,6,0,6,NULL,202000003905,154 735 369,B01,1,1,4,2,1993,5,2,0,-1,-1," -1",-1,202000003905,9,"FRANCOIS MITERRAND",0,NULL,-1,4,0,1,0,0,2,NULL," -1",1,0,1,50
202000003925,21,7,2020,20:20:00,1,75,75112,2,4,1,3,"RUE DU FAUBOURG SAINT ANTOINE","48,8506400","2,3788050",202000003925,154 735 335,B01,1,1,0,2,8,1,5,NULL,202000003925,154 735 335,B01,1,1,4,1,1990,5,2,0,-1,0,0,-1,202000003925,4,NULL,0,NULL,1,3,1,1,0,0,1,NULL," -1",1,-1,5,50
202000003925,21,7,2020,20:20:00,1,75,75112,2,4,1,3,"RUE DU FAUBOURG SAINT ANTOINE","48,8506400","2,3788050",202000003925,154 735 335,B01,1,1,0,2,8,1,5,NULL,202000003925,154 735 336,A01,1,1,1,1,1985,9,2,6,-1,0,0,-1,202000003925,4,NULL,0,NULL,1,3,1,1,0,0,1,NULL," -1",1,-1,5,50
202000003927,22,7,2020,09:20:00,1,75,75109,2,7,1,3,"RUE AUBER","48,8710460","2,3319070",202000003927,154 735 332,B01,2,1,0,2,1,7,5,NULL,202000003927,154 735 332,B01,1,1,4,2,1985,1,8,0,-1,0,0,-1,202000003927,4,NULL,0,NULL,-1,4,3,1,0,0,1,NULL," -1",1,-1,6,50
202000003934,21,7,2020,08:00:00,1,94,94041,2,1,1,2,"LEON GAMBETTA (PL)","48,8144400","2,4020600",202000003934,154 735 321,A01,1,1,0,2,4,9,5,NULL,202000003934,154 735 321,A01,1,1,4,1,1979,1,8,0,-1,-1," -1",-1,202000003934,3,"LEON GAMBETTA (PL)",0,NULL,1,1,0,1,(1),(1),2,NULL," -1",1,0,1,30
202000003945,22,7,2020,19:25:00,1,92,92040,2,3,1,3,"GALLIENI (BOULEVARD)","48,8315440","2,2671990",202000003945,154 735 304,A01,1,1,0,2,4,19,5,NULL,202000003945,154 735 303,B01,1,1,4,1,1995,0,2,6,-1,-1," -1",-1,202000003945,3,69,0,NULL,2,2,0,1,0,0,1,NULL," -1",1,0,1,50
202000003945,22,7,2020,19:25:00,1,92,92040,2,3,1,3,"GALLIENI (BOULEVARD)","48,8315440","2,2671990",202000003945,154 735 304,A01,1,1,0,2,4,19,5,NULL,202000003945,154 735 304,A01,1,1,1,1,1963,0,2,0,-1,-1," -1",-1,202000003945,3,69,0,NULL,2,2,0,1,0,0,1,NULL," -1",1,0,1,50
202000003952,22,7,2020,19:15:00,2,83,83072,2,1,1,1,"Boulevard de la Libération","43,4947680","6,3545070",202000003952,154 735 291,B01,3,1,0,2,4,2,5,NULL,202000003952,154 735 290,A01,1,1,1,1,1966,0,1,-1,-1,0,0,-1,202000003952,4,562,0,D,2,2,0,2,(1),(1),1,NULL," -1",1,0,1,50
202000003952,22,7,2020,19:15:00,2,83,83072,2,1,1,1,"Boulevard de la Libération","43,4947680","6,3545070",202000003952,154 735 291,B01,3,1,0,2,4,2,5,NULL,202000003952,154 735 291,B01,1,1,3,1,2009,5,0,-1,-1,0,0,-1,202000003952,4,562,0,D,2,2,0,2,(1),(1),1,NULL," -1",1,0,1,50
202000003954,23,7,2020,11:30:00,1,22,22368,1,1,1,3,D118,"48,5682020"," -2,0597330",202000003954,154 735 286,A01,2,1,0,2,0,1,5,NULL,202000003954,154 735 286,A01,1,1,2,1,1958,5,2,-1,-1,0,0,-1,202000003954,3,118,0,NULL,2,2,0,1,0,160,1,NULL," -1",1,0,1,80
202000003954,23,7,2020,11:30:00,1,22,22368,1,1,1,3,D118,"48,5682020"," -2,0597330",202000003954,154 735 286,A01,2,1,0,2,0,1,5,NULL,202000003954,154 735 287,B01,1,1,1,1,1984,4,1,-1,-1,0,0,-1,202000003954,3,118,0,NULL,2,2,0,1,0,160,1,NULL," -1",1,0,1,80
202000003965,19,7,2020,09:00:00,1,41,41106,2,3,1,3,"Rue des Michalons","47,5959920","2,0227450",202000003965,154 735 269,B01,3,1,0,2,1,19,5,NULL,202000003965,154 735 268,A01,1,1,1,1,1996,5,8,-1,-1,0,0,-1,202000003965,3,2020,-1,NULL,2,-1,-1,1,(1),(1),1,NULL," -1",1,0,1,-1
202000003965,19,7,2020,09:00:00,1,41,41106,2,3,1,3,"Rue des Michalons","47,5959920","2,0227450",202000003965,154 735 269,B01,3,1,0,2,1,19,5,NULL,202000003965,154 735 269,B01,1,1,3,1,1989,5,0,-1,-1,0,0,-1,202000003965,3,2020,-1,NULL,2,-1,-1,1,(1),(1),1,NULL," -1",1,0,1,-1
202000003968,23,7,2020,09:33:00,1,44,44194,2,3,1,3,"rue de Nantes","47,2600500"," -1,6579500",202000003968,154 735 264,B01,2,1,0,2,1,1,6,NULL,202000003968,154 735 264,B01,1,1,3,1,1961,3,0,-1,-1,0,0,-1,202000003968,7,965,0,NULL,2,2,0,1,(1),(1),1,NULL," -1",1,0,1,-1
202000003968,23,7,2020,09:33:00,1,44,44194,2,3,1,3,"rue de Nantes","47,2600500"," -1,6579500",202000003968,154 735 264,B01,2,1,0,2,1,1,6,NULL,202000003968,154 735 265,A01,1,1,1,1,1967,3,1,-1,-1,0,0,-1,202000003968,7,965,0,NULL,2,2,0,1,(1),(1),1,NULL," -1",1,0,1,-1
202000003970,23,7,2020,08:55:00,1,26,26324,2,6,1,3,"Route de Pierrelatte","44,3458490","4,7550150",202000003970,154 735 261,B01,1,1,0,2,1,1,5,NULL,202000003970,154 735 261,B01,1,1,2,1,1955,5,0,-1,-1,0,0,-1,202000003970,3,"11 lotissement Plein Soleil",-1,NULL,1,1,0,1,15,500,1,NULL," -1",1,0,1,50
202000003970,23,7,2020,08:55:00,1,26,26324,2,6,1,3,"Route de Pierrelatte","44,3458490","4,7550150",202000003970,154 735 261,B01,1,1,0,2,1,1,5,NULL,202000003970,154 735 262,A01,1,1,1,1,1953,5,1,-1,-1,0,0,-1,202000003970,3,"11 lotissement Plein Soleil",-1,NULL,1,1,0,1,15,500,1,NULL," -1",1,0,1,50
202000003991,23,7,2020,12:30:00,1,69,69007,1,3,1,-1,D45,"45,5012790","4,8023210",202000003991,154 735 224,B01,1,1,0,2,1,1,5,NULL,202000003991,154 735 224,B01,1,1,3,1,1961,5,2,6,-1,0,0,-1,202000003991,3,45,-1,NULL,2,2,0,2,(1),(1),1,NULL," -1",1,0,1,80
202000003991,23,7,2020,12:30:00,1,69,69007,1,3,1,-1,D45,"45,5012790","4,8023210",202000003991,154 735 224,B01,1,1,0,2,1,1,5,NULL,202000003991,154 735 225,A01,1,1,4,2,2000,1,1,-1,-1,0,0,-1,202000003991,3,45,-1,NULL,2,2,0,2,(1),(1),1,NULL," -1",1,0,1,80
202000004025,21,7,2020,12:55:00,1,972,97209,2,1,1,1,"PAUL NARDAL (AVENUE)","14,6144478"," -61,0724841",202000004025,154 735 155,B01,2,1,0,2,1,5,5,NULL,202000004025,154 735 154,A01,1,1,1,1,1962,5,1,8,-1,-1," -1",-1,202000004025,2,"PAUL NARDAL (AVENUE)",0,NULL,1,1,0,1,0,700,1,NULL," -1",1,0,1,50
202000004025,21,7,2020,12:55:00,1,972,97209,2,1,1,1,"PAUL NARDAL (AVENUE)","14,6144478"," -61,0724841",202000004025,154 735 155,B01,2,1,0,2,1,5,5,NULL,202000004025,154 735 154,A01,2,2,1,2,1994,5,1,8,-1,-1," -1",-1,202000004025,2,"PAUL NARDAL (AVENUE)",0,NULL,1,1,0,1,0,700,1,NULL," -1",1,0,1,50
202000004025,21,7,2020,12:55:00,1,972,97209,2,1,1,1,"PAUL NARDAL (AVENUE)","14,6144478"," -61,0724841",202000004025,154 735 155,B01,2,1,0,2,1,5,5,NULL,202000004025,154 735 155,B01,1,1,4,1,2002,5,8,0,-1,-1," -1",-1,202000004025,2,"PAUL NARDAL (AVENUE)",0,NULL,1,1,0,1,0,700,1,NULL," -1",1,0,1,50
202000004063,15,10,2020,08:30:00,1,67,67447,2,3,2,-1,"PAIX (RUE DE LA)","48,6062400","7,7291300",202000004063,154 735 078,B01,2,1,0,2,3,1,5,NULL,202000004063,154 735 078,B01,1,1,4,1,1983,1,8,0,-1,-1," -1",-1,202000004063,4,NULL,0,NULL,2,4,1,1,0,0,3,NULL," -1",2,0,5,50
202000004063,15,10,2020,08:30:00,1,67,67447,2,3,2,-1,"PAIX (RUE DE LA)","48,6062400","7,7291300",202000004063,154 735 078,B01,2,1,0,2,3,1,5,NULL,202000004063,154 735 079,A01,1,1,1,1,1957,9,1,0,-1,-1," -1",-1,202000004063,4,NULL,0,NULL,2,4,1,1,0,0,3,NULL," -1",2,0,5,50
202000004065,16,10,2020,17:20:00,1,64,64102,2,3,1,1,"DELVAILLE (AVENUE DU DOCTEUR CAMILLE)","43,5019700"," -1,4811100",202000004065,154 735 075,Z01,2,1,0,2,1,5,5,NULL,202000004065,154 735 074,A01,1,1,3,1,1985,0,8,0,-1,-1," -1",-1,202000004065,4,NULL,0,NULL,2,2,1,2,0,0,3,NULL," -1",1,0,5,30
202000004065,16,10,2020,17:20:00,1,64,64102,2,3,1,1,"DELVAILLE (AVENUE DU DOCTEUR CAMILLE)","43,5019700"," -1,4811100",202000004065,154 735 074,A01,1,1,0,2,1,1,5,NULL,202000004065,154 735 074,A01,1,1,3,1,1985,0,8,0,-1,-1," -1",-1,202000004065,4,NULL,0,NULL,2,2,1,2,0,0,3,NULL," -1",1,0,5,30
202000004091,22,8,2020,22:30:00,5,75,75107,2,2,1,2,"RUE DE SEVRES","48,8469070","2,3168140",202000004091,154 735 031,B01,1,1,0,2,1,1,5,NULL,202000004091,154 735 030,A01,1,1,1,1,1999,9,1,0,-1,0,0,-1,202000004091,4,NULL,0,NULL,2,3,1,1,0,0,3,NULL," -1",1,-1,5,50
202000004091,22,8,2020,22:30:00,5,75,75107,2,2,1,2,"RUE DE SEVRES","48,8469070","2,3168140",202000004091,154 735 031,B01,1,1,0,2,1,1,5,NULL,202000004091,154 735 031,B01,1,1,4,1,1976,9,8,0,-1,0,0,-1,202000004091,4,NULL,0,NULL,2,3,1,1,0,0,3,NULL," -1",1,-1,5,50
202000004104,16,10,2020,09:00:00,1,35,35278,1,6,1,3,"ALPHASIS (AVENUE D')","48,1519400"," -1,6972300",202000004104,154 735 013,B01,0,1,0,2,7,15,0,NULL,202000004104,154 735 011,A01,1,1,1,2,1964,1,8,0,-1,-1," -1",-1,202000004104,4,"ALPHASIS (AVENUE D')",0,NULL,3,2,0,1,0,0,1,NULL," -1",1,5,1,50
202000004104,16,10,2020,09:00:00,1,35,35278,1,6,1,3,"ALPHASIS (AVENUE D')","48,1519400"," -1,6972300",202000004104,154 735 013,B01,0,1,0,2,7,15,0,NULL,202000004104,154 735 013,B01,1,1,4,2,1991,0,-1,0,-1,-1," -1",-1,202000004104,4,"ALPHASIS (AVENUE D')",0,NULL,3,2,0,1,0,0,1,NULL," -1",1,5,1,50
202000004109,15,10,2020,09:20:00,1,34,34172,2,3,1,3,"POMPIGNANE (AVENUE DE LA)","43,6112900","3,8984600",202000004109,154 735 004,A01,3,1,0,2,1,1,5,NULL,202000004109,154 735 002,B01,1,1,1,1,1968,4,1,8,-1,-1," -1",-1,202000004109,4,NULL,0,NULL,2,2,1,1,0,0,1,NULL," -1",1,0,1,50
202000004109,15,10,2020,09:20:00,1,34,34172,2,3,1,3,"POMPIGNANE (AVENUE DE LA)","43,6112900","3,8984600",202000004109,154 735 004,A01,3,1,0,2,1,1,5,NULL,202000004109,154 735 004,A01,1,1,3,2,1964,0,2,8,-1,-1," -1",-1,202000004109,4,NULL,0,NULL,2,2,1,1,0,0,1,NULL," -1",1,0,1,50
202000004111,16,10,2020,17:50:00,1,33,33063,2,2,1,3,"CRS DE L'YSER","44,8257400"," -0,5697000",202000004111,154 734 999,A01,1,1,1,2,3,21,5,NULL,202000004111,154 734 999,A01,1,1,4,2,1993,0,2,-1,-1,-1," -1",-1,202000004111,4,"CRS DE L'YSER",0,NULL,2,4,2,1,(1),(1),1,NULL," -1",1,0,1,50
202000004111,16,10,2020,17:50:00,1,33,33063,2,2,1,3,"CRS DE L'YSER","44,8257400"," -0,5697000",202000004111,154 734 999,A01,1,1,1,2,3,21,5,NULL,202000004111,154 735 001,B01,1,1,1,2,1983,0,8,-1,-1,-1," -1",-1,202000004111,4,"CRS DE L'YSER",0,NULL,2,4,2,1,(1),(1),1,NULL," -1",1,0,1,50
202000004123,15,10,2020,12:00:00,1,25,25056,2,1,1,3,"MEGEVAND RUE","47,2351200","6,0246200",202000004123,154 734 975,B01,1,1,0,2,7,2,0,NULL,202000004123,154 734 974,A01,1,1,1,1,1963,4,1,0,-1,-1," -1",-1,202000004123,4,NULL,0,NULL,1,1,2,1,(1),(1),1,NULL," -1",1,0,5,50
202000004123,15,10,2020,12:00:00,1,25,25056,2,1,1,3,"MEGEVAND RUE","47,2351200","6,0246200",202000004123,154 734 975,B01,1,1,0,2,7,2,0,NULL,202000004123,154 734 975,B01,1,1,4,2,1979,5,8,0,-1,-1," -1",-1,202000004123,4,NULL,0,NULL,1,1,2,1,(1),(1),1,NULL," -1",1,0,5,50
202000004136,22,8,2020,17:10:00,1,35,35094,1,1,1,3,D82,"48,3362330"," -1,7169410",202000004136,154 734 949,A01,1,1,0,2,0,10,5,NULL,202000004136,154 734 947,B01,1,1,1,2,1982,3,8,-1,-1,0,0,-1,202000004136,3,82,-1,NULL,2,2,0,1,17,700,1,NULL," -1",1,0,1,80
202000004136,22,8,2020,17:10:00,1,35,35094,1,1,1,3,D82,"48,3362330"," -1,7169410",202000004136,154 734 949,A01,1,1,0,2,0,10,5,NULL,202000004136,154 734 947,B01,2,2,1,2,2002,3,8,-1,-1,0,0,-1,202000004136,3,82,-1,NULL,2,2,0,1,17,700,1,NULL," -1",1,0,1,80
202000004136,22,8,2020,17:10:00,1,35,35094,1,1,1,3,D82,"48,3362330"," -1,7169410",202000004136,154 734 949,A01,1,1,0,2,0,10,5,NULL,202000004136,154 734 949,A01,1,1,3,1,1944,5,2,-1,-1,0,0,-1,202000004136,3,82,-1,NULL,2,2,0,1,17,700,1,NULL," -1",1,0,1,80
202000004167,16,10,2020,17:40:00,1,75,75115,2,1,1,6,"BOULEVARD VICTOR","48,8357680","2,2792320",202000004167,154 734 888,A01,1,1,9,0,1,1,5,NULL,202000004167,154 734 888,A01,1,1,4,2,2003,9,8,0,-1,0,0,-1,202000004167,4,NULL,0,NULL,3,2,1,1,0,0,1,NULL," -1",1,-1,5,50
202000004176,16,10,2020,17:50:00,1,75,75104,2,1,1,7,"VOIE GEORGES POMPIDOU","48,8508840","2,3611110",202000004176,154 734 873,A01,2,1,0,0,7,1,5,NULL,202000004176,154 734 873,A01,1,1,4,2,1947,5,2,0,-1,0,0,-1,202000004176,4,NULL,0,NULL,2,2,1,1,0,0,1,NULL," -1",1,-1,5,20
202000004179,15,10,2020,09:20:00,1,75,75104,2,1,1,6,"PONT LOUIS PHILIPPE","48,8539120","2,3553410",202000004179,154 734 869,A01,0,1,0,1,1,1,5,NULL,202000004179,154 734 869,A01,10,3,1,1,1966,9,0,-1,-1,9,1,1,202000004179,4,NULL,0,NULL,2,2,1,1,0,0,1,NULL," -1",1,-1,5,30
202000004179,15,10,2020,09:20:00,1,75,75104,2,1,1,6,"PONT LOUIS PHILIPPE","48,8539120","2,3553410",202000004179,154 734 869,A01,0,1,0,1,1,1,5,NULL,202000004179,154 734 869,A01,1,1,4,2,1976,1,2,0,-1,0,0,-1,202000004179,4,NULL,0,NULL,2,2,1,1,0,0,1,NULL," -1",1,-1,5,30
202000004182,15,10,2020,15:45:00,1,94,94068,2,1,1,3,"PONT DE CRETEIL (R DU)","48,8035630","2,4717420",202000004182,154 734 861,B01,1,1,0,2,3,1,5,NULL,202000004182,154 734 861,B01,1,1,4,1,1962,5,2,8,-1,-1," -1",-1,202000004182,3,86,0,NULL,2,2,0,1,0,1,1,NULL," -1",1,0,1,50
202000004182,15,10,2020,15:45:00,1,94,94068,2,1,1,3,"PONT DE CRETEIL (R DU)","48,8035630","2,4717420",202000004182,154 734 861,B01,1,1,0,2,3,1,5,NULL,202000004182,154 734 863,A01,1,1,1,1,1983,0,1,0,-1,-1," -1",-1,202000004182,3,86,0,NULL,2,2,0,1,0,1,1,NULL," -1",1,0,1,50
202000004195,16,10,2020,16:35:00,1,94,94033,2,2,1,3,"REPUBLIQUE (AV DE LA)","48,8523021","2,4628376",202000004195,154 734 842,B01,2,1,0,2,6,1,5,NULL,202000004195,154 734 840,A01,1,1,1,1,1981,2,1,0,-1,-1," -1",-1,202000004195,3,"REPUBLIQUE (AV DE LA)",0,NULL,2,0,1,2,0,0,1,NULL," -1",1,0,1,50
202000004195,16,10,2020,16:35:00,1,94,94033,2,2,1,3,"REPUBLIQUE (AV DE LA)","48,8523021","2,4628376",202000004195,154 734 842,B01,2,1,0,2,6,1,5,NULL,202000004195,154 734 842,B01,1,1,4,1,1997,1,8,0,-1,-1," -1",-1,202000004195,3,"REPUBLIQUE (AV DE LA)",0,NULL,2,0,1,2,0,0,1,NULL," -1",1,0,1,50
202000004198,23,8,2020,18:00:00,1,95,95678,1,1,1,1,D9,"49,0759180","2,2482920",202000004198,154 734 837,B01,2,1,0,2,1,1,5,NULL,202000004198,154 734 836,A01,1,1,1,1,1994,5,1,-1,-1,0,0,-1,202000004198,3,9,-1,NULL,2,2,0,2,4,0,2,NULL," -1",1,0,1,70
202000004198,23,8,2020,18:00:00,1,95,95678,1,1,1,1,D9,"49,0759180","2,2482920",202000004198,154 734 837,B01,2,1,0,2,1,1,5,NULL,202000004198,154 734 837,B01,1,1,2,2,1960,5,2,-1,-1,0,0,-1,202000004198,3,9,-1,NULL,2,2,0,2,4,0,2,NULL," -1",1,0,1,70
202000004231,16,10,2020,08:00:00,2,92,92071,2,1,1,3,"CLEMENCEAU GEORGES (AVENUE)","48,7835209","2,3057234",202000004231,154 734 776,B01,1,1,1,0,1,2,0,NULL,202000004231,154 734 776,B01,1,1,4,1,2002,0,0,-1,-1,0,0,-1,202000004231,3,77,0,NULL,2,2,0,2,1,0,1,NULL," -1",1,0,1,50
202000004231,16,10,2020,08:00:00,2,92,92071,2,1,1,3,"CLEMENCEAU GEORGES (AVENUE)","48,7835209","2,3057234",202000004231,154 734 776,B01,1,1,1,0,1,2,0,NULL,202000004231,154 734 777,A01,1,1,1,2,1977,1,8,0,-1,-1," -1",-1,202000004231,3,77,0,NULL,2,2,0,2,1,0,1,NULL," -1",1,0,1,50
202000004238,23,8,2020,10:36:00,1,22,22389,1,1,1,7,D765,"48,4631470"," -2,6509560",202000004238,154 734 768,A01,1,1,0,0,1,1,5,NULL,202000004238,154 734 768,A01,1,1,4,1,1955,5,2,-1,-1,0,0,-1,202000004238,3,765,-1,NULL,2,2,0,1,(1),(1),1,NULL," -1",1,0,1,80
202000004335,19,8,2020,16:30:00,1,57,57672,2,1,1,3,"PAUL ALBERT (RUE) - PAIR","49,3566200","6,1560320",202000004335,154 734 606,B01,3,1,0,2,3,14,5,NULL,202000004335,154 734 606,B01,1,1,3,2,1946,5,8,0,-1,-1," -1",-1,202000004335,4,"PAUL ALBERT (RUE) - PAIR",0,NULL,2,2,0,1,0,0,1,NULL," -1",1,0,1,50
202000004335,19,8,2020,16:30:00,1,57,57672,2,1,1,3,"PAUL ALBERT (RUE) - PAIR","49,3566200","6,1560320",202000004335,154 734 606,B01,3,1,0,2,3,14,5,NULL,202000004335,154 734 607,A01,2,2,1,1,2000,4,1,0,-1,-1," -1",-1,202000004335,4,"PAUL ALBERT (RUE) - PAIR",0,NULL,2,2,0,1,0,0,1,NULL," -1",1,0,1,50
202000004335,19,8,2020,16:30:00,1,57,57672,2,1,1,3,"PAUL ALBERT (RUE) - PAIR","49,3566200","6,1560320",202000004335,154 734 606,B01,3,1,0,2,3,14,5,NULL,202000004335,154 734 607,A01,1,1,1,1,1972,4,1,0,-1,-1," -1",-1,202000004335,4,"PAUL ALBERT (RUE) - PAIR",0,NULL,2,2,0,1,0,0,1,NULL," -1",1,0,1,50
202000004342,20,8,2020,10:25:00,5,49,49353,2,1,1,3,NULL,"47,4400385"," -0,4849101",202000004342,154 734 592,B01,1,1,0,2,1,1,5,NULL,202000004342,154 734 592,B01,1,1,4,1,1951,0,8,0,-1,-1," -1",-1,202000004342,3,4,0,NULL,2,2,0,1,2,1260,1,NULL," -1",1,0,1,50
202000004342,20,8,2020,10:25:00,5,49,49353,2,1,1,3,NULL,"47,4400385"," -0,4849101",202000004342,154 734 592,B01,1,1,0,2,1,1,5,NULL,202000004342,154 734 594,A01,1,1,1,1,1961,0,1,8,-1,-1," -1",-1,202000004342,3,4,0,NULL,2,2,0,1,2,1260,1,NULL," -1",1,0,1,50
202000004351,21,8,2020,15:55:00,1,37,37261,2,6,1,3,"BELGIQUE (RUE DE)","47,4257575","0,6970049",202000004351,154 734 580,B01,1,1,0,2,2,1,5,NULL,202000004351,154 734 580,B01,1,1,4,2,1996,5,8,0,-1,-1," -1",-1,202000004351,4,NULL,0,NULL,2,2,0,1,0,0,1,NULL," -1",1,0,5,50
202000004351,21,8,2020,15:55:00,1,37,37261,2,6,1,3,"BELGIQUE (RUE DE)","47,4257575","0,6970049",202000004351,154 734 580,B01,1,1,0,2,2,1,5,NULL,202000004351,154 734 581,A01,1,1,1,2,1965,5,1,0,-1,-1," -1",-1,202000004351,4,NULL,0,NULL,2,2,0,1,0,0,1,NULL," -1",1,0,5,50
202000004353,21,8,2020,15:45:00,1,35,35238,2,1,1,7,"VILLEBOIS MAREUIL (BD)","48,1018310"," -1,6495200",202000004353,154 734 578,A01,3,1,0,0,0,1,5,NULL,202000004353,154 734 578,A01,1,1,4,2,1998,5,8,0,-1,-1," -1",-1,202000004353,4,"VILLEBOIS MAREUIL (BD)",0,NULL,2,4,1,1,(1),(1),1,NULL," -1",1,8,5,50
202000004355,17,10,2020,16:07:00,1,09,09293,1,1,1,6,"23 La Plano Del Calmil","42,9720380","1,5208130",202000004355,154 734 575,A01,2,1,0,1,1,17,5,NULL,202000004355,154 734 575,A01,10,3,3,1,2015,5,0,-1,-1,1,3,2,202000004355,3,45,-1,NULL,2,2,0,2,0,600,1,NULL," -1",1,0,1,80
202000004355,17,10,2020,16:07:00,1,09,09293,1,1,1,6,"23 La Plano Del Calmil","42,9720380","1,5208130",202000004355,154 734 575,A01,2,1,0,1,1,17,5,NULL,202000004355,154 734 575,A01,1,1,4,1,1985,5,2,-1,-1,0,0,-1,202000004355,3,45,-1,NULL,2,2,0,2,0,600,1,NULL," -1",1,0,1,80
202000004362,21,8,2020,07:45:00,1,14,14118,2,2,1,-1,"MORICE (AVENUE PROFESSEUR)","49,2059900"," -0,3593500",202000004362,154 734 564,B01,1,1,0,2,4,23,5,NULL,202000004362,154 734 564,B01,1,1,4,1,1973,1,8,0,-1,0,0,-1,202000004362,4,sans,0,NULL,2,2,0,1,1,0,1,NULL," -1",1,0,1,50