Num_Acc,jour,mois,an,hrmn,lum,dep,com,agg,int,atm,col,adr,lat,long,Num_Acc,id_vehicule,num_veh,senc,catv,obs,obsm,choc,manv,motor,occutc,Num_Acc,id_vehicule,num_veh,place,catu,grav,sexe,an_nais,trajet,secu1,secu2,secu3,locp,actp,etatp,Num_Acc,catr,voie,v1,v2,circ,nbv,vosp,prof,pr,pr1,plan,lartpc,larrout,surf,infra,situ,vma
202000004362,21,8,2020,07:45:00,1,14,14118,2,2,1,-1,"MORICE (AVENUE PROFESSEUR)","49,2059900"," -0,3593500",202000004362,154 734 564,B01,1,1,0,2,4,23,5,NULL,202000004362,154 734 565,A01,1,1,1,2,1966,1,1,0,-1,0,0,-1,202000004362,4,sans,0,NULL,2,2,0,1,1,0,1,NULL," -1",1,0,1,50
202000004380,21,8,2020,19:20:00,1,75,75118,2,3,1,3,"BOULEVARD NEY","48,8977660","2,3340530",202000004380,154 734 535,B01,2,1,0,2,1,13,5,NULL,202000004380,154 734 534,A01,1,1,1,1,1967,9,2,0,-1,0,0,-1,202000004380,4,NULL,0,NULL,1,3,0,1,0,0,1,NULL," -1",1,0,1,50
202000004380,21,8,2020,19:20:00,1,75,75118,2,3,1,3,"BOULEVARD NEY","48,8977660","2,3340530",202000004380,154 734 535,B01,2,1,0,2,1,13,5,NULL,202000004380,154 734 535,B01,1,1,4,1,1949,5,8,0,-1,0,0,-1,202000004380,4,NULL,0,NULL,1,3,0,1,0,0,1,NULL," -1",1,0,1,50
202000004383,21,8,2020,21:30:00,5,75,75115,2,2,1,-1,"RUE BALARD","48,8424200","2,2776140",202000004383,154 734 529,A01,2,1,0,2,1,19,5,NULL,202000004383,154 734 529,A01,1,1,4,2,1937,5,0,-1,-1,0,0,-1,202000004383,4,NULL,0,NULL,1,1,0,1,0,0,1,NULL," -1",1,0,1,50
202000004392,21,8,2020,18:30:00,1,75,75109,2,1,1,3,"RUE DU FAUBOURG MONTMARTRE","48,8737530","2,3426750",202000004392,154 734 516,B01,1,1,0,2,7,17,5,NULL,202000004392,154 734 515,A01,1,1,1,1,1985,4,1,0,-1,0,0,-1,202000004392,4,NULL,0,NULL,1,2,0,1,0,0,1,NULL," -1",1,0,1,50
202000004392,21,8,2020,18:30:00,1,75,75109,2,1,1,3,"RUE DU FAUBOURG MONTMARTRE","48,8737530","2,3426750",202000004392,154 734 516,B01,1,1,0,2,7,17,5,NULL,202000004392,154 734 516,B01,1,1,4,2,1993,9,8,0,-1,0,0,-1,202000004392,4,NULL,0,NULL,1,2,0,1,0,0,1,NULL," -1",1,0,1,50
202000004397,21,8,2020,12:20:00,1,94,94068,2,1,1,3,"PONT DE CRETEIL (R DU)","48,8015750","2,4721440",202000004397,154 734 507,B01,1,1,0,2,8,1,5,NULL,202000004397,154 734 507,B01,1,1,3,2,1993,5,8,0,-1,-1," -1",-1,202000004397,3,86,0,NULL,2,2,0,1,(1),(1),1,NULL," -1",1,0,1,50
202000004397,21,8,2020,12:20:00,1,94,94068,2,1,1,3,"PONT DE CRETEIL (R DU)","48,8015750","2,4721440",202000004397,154 734 507,B01,1,1,0,2,8,1,5,NULL,202000004397,154 734 508,A01,1,1,1,1,1974,4,1,0,-1,-1," -1",-1,202000004397,3,86,0,NULL,2,2,0,1,(1),(1),1,NULL," -1",1,0,1,50
202000004399,21,8,2020,21:20:00,5,94,94041,2,3,1,1,"DIX NEUF MARS 1962 (R DU)","48,8090910","2,3736410",202000004399,154 734 504,A01,3,1,0,2,7,19,5,NULL,202000004399,154 734 503,B01,1,1,1,1,1983,5,1,0,-1,-1," -1",-1,202000004399,3,5,0,NULL,2,2,0,1,(1),(1),1,NULL," -1",1,0,8,50
202000004399,21,8,2020,21:20:00,5,94,94041,2,3,1,1,"DIX NEUF MARS 1962 (R DU)","48,8090910","2,3736410",202000004399,154 734 504,A01,3,1,0,2,7,19,5,NULL,202000004399,154 734 504,A01,1,1,4,1,2004,4,8,0,-1,-1," -1",-1,202000004399,3,5,0,NULL,2,2,0,1,(1),(1),1,NULL," -1",1,0,8,50
202000004410,21,8,2020,15:40:00,1,92,92040,2,1,1,7,"STALINGRAD (QUAI DE)","48,8249014","2,2575057",202000004410,154 734 483,A01,2,1,8,0,7,26,5,NULL,202000004410,154 734 483,A01,1,1,4,2,1964,5,2,0,-1,-1," -1",-1,202000004410,3,7,0,NULL,2,-1,1,1,0,0,1,NULL," -1",9,0,5,50
202000004424,29,11,2020,11:35:00,1,38,38298,2,6,1,1,"Rue de Bregnieux","45,3784940","4,8043460",202000004424,154 734 455,B01,3,1,0,2,1,5,5,NULL,202000004424,154 734 455,B01,1,1,4,1,2005,5,0,-1,-1,0,0,-1,202000004424,4,NULL,-1,NULL,2,2,0,3,(1),(1),1,NULL," -1",1,0,1,50
202000004424,29,11,2020,11:35:00,1,38,38298,2,6,1,1,"Rue de Bregnieux","45,3784940","4,8043460",202000004424,154 734 455,B01,3,1,0,2,1,5,5,NULL,202000004424,154 734 456,A01,1,1,1,1,1988,5,1,-1,-1,0,0,-1,202000004424,4,NULL,-1,NULL,2,2,0,3,(1),(1),1,NULL," -1",1,0,1,50
202000004424,29,11,2020,11:35:00,1,38,38298,2,6,1,1,"Rue de Bregnieux","45,3784940","4,8043460",202000004424,154 734 455,B01,3,1,0,2,1,5,5,NULL,202000004424,154 734 456,A01,2,2,1,2,1963,5,1,-1,-1,0,0,-1,202000004424,4,NULL,-1,NULL,2,2,0,3,(1),(1),1,NULL," -1",1,0,1,50
202000004432,13,12,2020,17:00:00,2,70,70388,1,1,1,7,"FRAPERTUIS (RUE DU)","47,6032700","6,1092200",202000004432,154 734 444,A01,1,1,0,0,0,1,5,NULL,202000004432,154 734 444,A01,1,1,2,1,1953,5,2,0,-1,-1," -1",-1,202000004432,4,"FRAPERTUIS (RUE DU)",0,NULL,2,2,0,2,0,1,1,NULL," -1",1,0,1,80
202000004433,16,12,2020,18:00:00,3,17,17010,1,1,2,1,"Route du Pont de la Pierre","46,1131030"," -1,1168070",202000004433,154 734 443,B01,1,1,0,2,1,1,5,NULL,202000004433,154 734 442,A01,1,1,1,2,1935,5,1,-1,-1,0,0,-1,202000004433,4,NULL,0,NULL,2,2,0,1,(1),(1),3,NULL," -1",2,0,1,80
202000004433,16,12,2020,18:00:00,3,17,17010,1,1,2,1,"Route du Pont de la Pierre","46,1131030"," -1,1168070",202000004433,154 734 443,B01,1,1,0,2,1,1,5,NULL,202000004433,154 734 443,B01,1,1,3,1,1978,3,0,-1,-1,0,0,-1,202000004433,4,NULL,0,NULL,2,2,0,1,(1),(1),3,NULL," -1",2,0,1,80
202000004439,8,10,2020,08:35:00,1,73,73065,2,3,1,3,"AV LECLERC / PARENT NICOLAS (RUE)","45,5702750","5,9167170",202000004439,154 734 430,B01,1,1,0,2,8,1,5,NULL,202000004439,154 734 429,A01,1,1,1,1,1973,0,8,-1,-1,-1," -1",-1,202000004439,4,"PARENT NICOLAS (RUE)",0,NULL,2,2,0,1,(1),(1),1,NULL," -1",1,0,5,30
202000004439,8,10,2020,08:35:00,1,73,73065,2,3,1,3,"AV LECLERC / PARENT NICOLAS (RUE)","45,5702750","5,9167170",202000004439,154 734 430,B01,1,1,0,2,8,1,5,NULL,202000004439,154 734 430,B01,1,1,4,2,1972,0,0,-1,-1,0,0,-1,202000004439,4,"PARENT NICOLAS (RUE)",0,NULL,2,2,0,1,(1),(1),1,NULL," -1",1,0,5,30
202000004441,15,9,2020,16:30:00,1,94,94028,2,1,1,3,"MESLY(AVENUE DU CHEMIN DE)","48,7854900","2,4602400",202000004441,154 734 426,B01,3,1,0,2,7,19,0,NULL,202000004441,154 734 426,B01,1,1,4,1,2008,0,8,0,-1,-1," -1",-1,202000004441,4,"MESLY(AVENUE DU CHEMIN DE)",0,NULL,2,2,0,1,0,0,1,NULL," -1",1,0,1,30
202000004441,15,9,2020,16:30:00,1,94,94028,2,1,1,3,"MESLY(AVENUE DU CHEMIN DE)","48,7854900","2,4602400",202000004441,154 734 426,B01,3,1,0,2,7,19,0,NULL,202000004441,154 734 427,A01,1,1,1,1,1938,0,1,0,-1,-1," -1",-1,202000004441,4,"MESLY(AVENUE DU CHEMIN DE)",0,NULL,2,2,0,1,0,0,1,NULL," -1",1,0,1,30
202000004452,14,10,2020,07:55:00,2,69,69142,2,1,2,3,"GENERAL DE GAULLE                   (AV)","45,7259700","4,8117800",202000004452,154 734 407,A01,1,1,0,2,1,1,5,NULL,202000004452,154 734 407,A01,1,1,4,1,1996,2,2,8,-1,-1," -1",-1,202000004452,4,NULL,0,NULL,2,4,3,2,0,1,1,NULL," -1",2,0,6,50
202000004452,14,10,2020,07:55:00,2,69,69142,2,1,2,3,"GENERAL DE GAULLE                   (AV)","45,7259700","4,8117800",202000004452,154 734 407,A01,1,1,0,2,1,1,5,NULL,202000004452,154 734 408,B01,1,1,1,2,1963,4,1,0,-1,-1," -1",-1,202000004452,4,NULL,0,NULL,2,4,3,2,0,1,1,NULL," -1",2,0,6,50
202000004454,24,9,2020,16:10:00,1,49,49007,2,1,1,1,"Avenue du Général Patton","47,4736700"," -0,5828500",202000004454,154 734 403,B01,1,1,0,2,1,1,5,NULL,202000004454,154 734 403,B01,1,1,4,1,1994,0,8,0,-1,-1," -1",-1,202000004454,4,NULL,0,NULL,-1,2,0,1,(1),(1),1,NULL," -1",1,0,1,30
202000004454,24,9,2020,16:10:00,1,49,49007,2,1,1,1,"Avenue du Général Patton","47,4736700"," -0,5828500",202000004454,154 734 403,B01,1,1,0,2,1,1,5,NULL,202000004454,154 734 404,A01,1,1,1,1,1962,0,1,0,-1,-1," -1",-1,202000004454,4,NULL,0,NULL,-1,2,0,1,(1),(1),1,NULL," -1",1,0,1,30
202000004455,13,6,2020,15:50:00,1,92,92025,2,2,1,1,"VALMY 1 A 53   2 A 66 (BD DE)","48,9261200","2,2530200",202000004455,154 734 402,A01,1,1,1,0,1,16,5,NULL,202000004455,154 734 401,B01,1,1,1,1,1996,0,1,0,-1,-1," -1",-1,202000004455,3,13,0,NULL,2,3,0,1,0,0,1,NULL," -1",1,0,1,50
202000004455,13,6,2020,15:50:00,1,92,92025,2,2,1,1,"VALMY 1 A 53   2 A 66 (BD DE)","48,9261200","2,2530200",202000004455,154 734 402,A01,1,1,1,0,1,16,5,NULL,202000004455,154 734 402,A01,1,1,4,1,1989,0,2,0,-1,-1," -1",-1,202000004455,3,13,0,NULL,2,3,0,1,0,0,1,NULL," -1",1,0,1,50
202000004466,13,9,2020,09:57:00,1,24,24037,2,9,1,3,"N1021 (rocade RN21-D660)","44,8199000","0,4761000",202000004466,154 734 380,B01,1,1,0,2,4,1,5,NULL,202000004466,154 734 379,A01,1,1,1,1,1947,5,1,0,-1,-1," -1",-1,202000004466,3,D933,0,NULL,1,2,0,1,2,10,2,NULL," -1",1,0,1,50
202000004466,13,9,2020,09:57:00,1,24,24037,2,9,1,3,"N1021 (rocade RN21-D660)","44,8199000","0,4761000",202000004466,154 734 380,B01,1,1,0,2,4,1,5,NULL,202000004466,154 734 380,B01,1,1,3,1,1950,5,8,6,-1,-1," -1",-1,202000004466,3,D933,0,NULL,1,2,0,1,2,10,2,NULL," -1",1,0,1,50
202000004471,16,5,2020,11:10:00,1,59,59043,2,9,1,3,"LILLE (RUE DE)","50,7302300","2,7468000",202000004471,154 734 371,B01,1,1,0,2,3,1,5,NULL,202000004471,154 734 370,A01,1,1,1,2,1954,0,1,0,-1,-1," -1",-1,202000004471,3,933,0,NULL,1,2,0,1,(1),(1),2,NULL," -1",1,0,1,50
202000004471,16,5,2020,11:10:00,1,59,59043,2,9,1,3,"LILLE (RUE DE)","50,7302300","2,7468000",202000004471,154 734 371,B01,1,1,0,2,3,1,5,NULL,202000004471,154 734 371,B01,1,1,3,1,1988,-1,0,-1,-1,-1,0,-1,202000004471,3,933,0,NULL,1,2,0,1,(1),(1),2,NULL," -1",1,0,1,50
202000004478,25,11,2020,17:45:00,3,91,91553,1,1,1,3,"RN 104","48,6310000","2,4912600",202000004478,154 734 361,A01,2,1,0,2,1,3,1,NULL,202000004478,154 734 361,A01,1,1,4,1,1977,0,2,0,-1,-1," -1",-1,202000004478,2,104,0,NULL,3,4,0,1,31,500,1,NULL," -1",1,0,1,90
202000004478,25,11,2020,17:45:00,3,91,91553,1,1,1,3,"RN 104","48,6310000","2,4912600",202000004478,154 734 361,A01,2,1,0,2,1,3,1,NULL,202000004478,154 734 362,B01,1,1,1,1,1994,0,1,0,-1,-1," -1",-1,202000004478,2,104,0,NULL,3,4,0,1,31,500,1,NULL," -1",1,0,1,90
202000004487,29,9,2020,14:00:00,1,35,35238,2,9,1,3,"ROOSEVELT (BD FRANKLIN)","48,0974600"," -1,6572700",202000004487,154 734 347,B01,0,1,0,2,1,0,0,NULL,202000004487,154 734 346,A01,1,1,1,2,1950,5,1,0,-1,-1," -1",-1,202000004487,4,"ROOSEVELT (BD FRANKLIN)",0,NULL,2,3,1,1,(1),(1),1,NULL," -1",1,0,5,50
202000004487,29,9,2020,14:00:00,1,35,35238,2,9,1,3,"ROOSEVELT (BD FRANKLIN)","48,0974600"," -1,6572700",202000004487,154 734 347,B01,0,1,0,2,1,0,0,NULL,202000004487,154 734 347,B01,1,1,4,1,1970,1,8,0,-1,-1," -1",-1,202000004487,4,"ROOSEVELT (BD FRANKLIN)",0,NULL,2,3,1,1,(1),(1),1,NULL," -1",1,0,5,50
202000004491,15,7,2020,17:50:00,1,17,17461,2,3,1,3,"GARNIER (AVENUE  FREDERIC)","45,6421620"," -1,0658110",202000004491,154 734 338,B01,3,1,0,2,1,15,5,NULL,202000004491,154 734 338,B01,1,1,4,1,2012,5,2,0,-1,-1," -1",-1,202000004491,4,"GARNIER (AVENUE  FREDERIC)",0,NULL,-1,2,0,1,0,0,1,NULL," -1",1,0,1,30
202000004491,15,7,2020,17:50:00,1,17,17461,2,3,1,3,"GARNIER (AVENUE  FREDERIC)","45,6421620"," -1,0658110",202000004491,154 734 338,B01,3,1,0,2,1,15,5,NULL,202000004491,154 734 339,A01,1,1,1,1,1946,5,1,0,-1,-1," -1",-1,202000004491,4,"GARNIER (AVENUE  FREDERIC)",0,NULL,-1,2,0,1,0,0,1,NULL," -1",1,0,1,30
202000004507,28,11,2020,15:04:00,1,56,56162,1,3,1,3,AEROGARE,"47,7500900"," -3,4344200",202000004507,154 734 312,A01,1,1,0,2,8,19,5,NULL,202000004507,154 734 312,A01,1,1,3,1,2000,5,2,8,-1,-1," -1",-1,202000004507,4,AEROGARE,0,NULL,2,2,0,1,0,0,1,NULL," -1",1,0,1,50
202000004507,28,11,2020,15:04:00,1,56,56162,1,3,1,3,AEROGARE,"47,7500900"," -3,4344200",202000004507,154 734 312,A01,1,1,0,2,8,19,5,NULL,202000004507,154 734 313,B01,1,1,1,1,1998,5,1,8,-1,-1," -1",-1,202000004507,4,AEROGARE,0,NULL,2,2,0,1,0,0,1,NULL," -1",1,0,1,50
202000004507,28,11,2020,15:04:00,1,56,56162,1,3,1,3,AEROGARE,"47,7500900"," -3,4344200",202000004507,154 734 312,A01,1,1,0,2,8,19,5,NULL,202000004507,154 734 313,B01,2,2,1,2,2003,5,1,8,-1,-1," -1",-1,202000004507,4,AEROGARE,0,NULL,2,2,0,1,0,0,1,NULL," -1",1,0,1,50
202000004509,27,11,2020,07:53:00,5,49,49007,2,6,5,3,"DE LATTRE DE TASSIGNY","47,4577900"," -0,5443500",202000004509,154 734 309,B01,3,1,0,2,1,1,5,NULL,202000004509,154 734 309,B01,1,1,4,2,2008,2,2,4,-1,-1," -1",-1,202000004509,4,"DE LATTRE DE TASSIGNY",0,NULL,-1,2,1,1,1,0,1,NULL," -1",1,0,1,50
202000004509,27,11,2020,07:53:00,5,49,49007,2,6,5,3,"DE LATTRE DE TASSIGNY","47,4577900"," -0,5443500",202000004509,154 734 309,B01,3,1,0,2,1,1,5,NULL,202000004509,154 734 310,A01,1,1,1,1,1958,4,1,0,-1,-1," -1",-1,202000004509,4,"DE LATTRE DE TASSIGNY",0,NULL,-1,2,1,1,1,0,1,NULL," -1",1,0,1,50
202000004516,30,11,2020,15:00:00,1,17,17461,2,1,1,3,"FALAISE (BOULEVARD DE LA)","45,6292610"," -1,0632600",202000004516,154 734 298,A01,2,1,0,2,8,2,5,NULL,202000004516,154 734 297,B01,1,1,1,1,1954,5,2,4,-1,-1," -1",-1,202000004516,4,NULL,0,NULL,2,1,1,1,(1),0,1,NULL," -1",1,0,1,50
202000004516,30,11,2020,15:00:00,1,17,17461,2,1,1,3,"FALAISE (BOULEVARD DE LA)","45,6292610"," -1,0632600",202000004516,154 734 297,B01,2,1,0,2,7,2,5,NULL,202000004516,154 734 297,B01,1,1,1,1,1954,5,2,4,-1,-1," -1",-1,202000004516,4,NULL,0,NULL,2,1,1,1,(1),0,1,NULL," -1",1,0,1,50
202000004516,30,11,2020,15:00:00,1,17,17461,2,1,1,3,"FALAISE (BOULEVARD DE LA)","45,6292610"," -1,0632600",202000004516,154 734 298,A01,2,1,0,2,8,2,5,NULL,202000004516,154 734 298,A01,1,1,4,1,1947,5,2,4,-1,-1," -1",-1,202000004516,4,NULL,0,NULL,2,1,1,1,(1),0,1,NULL," -1",1,0,1,50
202000004516,30,11,2020,15:00:00,1,17,17461,2,1,1,3,"FALAISE (BOULEVARD DE LA)","45,6292610"," -1,0632600",202000004516,154 734 297,B01,2,1,0,2,7,2,5,NULL,202000004516,154 734 298,A01,1,1,4,1,1947,5,2,4,-1,-1," -1",-1,202000004516,4,NULL,0,NULL,2,1,1,1,(1),0,1,NULL," -1",1,0,1,50
202000004535,17,6,2020,18:45:00,1,73,73213,1,9,1,3,"D201 - 320 Rte d'Apremont","45,5552470","5,9513820",202000004535,154 734 273,B01,-1,1,0,2,0,19,5,NULL,202000004535,154 734 272,A01,1,1,1,1,1968,4,1,-1,-1,0,0,-1,202000004535,3,201,-1,NULL,2,2,1,1,2,445,3,NULL," -1",1,6,5,70
202000004535,17,6,2020,18:45:00,1,73,73213,1,9,1,3,"D201 - 320 Rte d'Apremont","45,5552470","5,9513820",202000004535,154 734 273,B01,-1,1,0,2,0,19,5,NULL,202000004535,154 734 273,B01,1,1,4,2,1992,5,2,-1,-1,0,0,-1,202000004535,3,201,-1,NULL,2,2,1,1,2,445,3,NULL," -1",1,6,5,70
202000004543,24,11,2020,10:15:00,1,11,11262,2,1,1,7,"HUGO (QUAI ET PASSERELLE VICTOR)","43,1816000","3,0075900",202000004543,154 734 258,A01,1,1,0,1,0,0,5,NULL,202000004543,154 734 258,A01,10,3,3,1,1944,9,8,8,-1,5,B,1,202000004543,4,"HUGO (QUAI ET PASSERELLE VICTOR)",0,NULL,2,2,0,1,0,0,1,NULL," -1",1,0,1,50
202000004543,24,11,2020,10:15:00,1,11,11262,2,1,1,7,"HUGO (QUAI ET PASSERELLE VICTOR)","43,1816000","3,0075900",202000004543,154 734 258,A01,1,1,0,1,0,0,5,NULL,202000004543,154 734 258,A01,1,1,1,1,1981,9,2,8,-1,0,0,-1,202000004543,4,"HUGO (QUAI ET PASSERELLE VICTOR)",0,NULL,2,2,0,1,0,0,1,NULL," -1",1,0,1,50
202000004564,23,8,2020,10:45:00,1,68,68224,2,2,1,3,"ROMAINS (RUE DES)","47,7734000","7,3212000",202000004564,154 734 223,B01,1,1,0,1,3,16,5,NULL,202000004564,154 734 223,B01,10,3,4,1,1956,5,0,-1,-1,9,1,1,202000004564,3,"ROMAINS (RUE DES)",0,NULL,2,5,1,1,1,193,3,NULL," -1",1,9,5,50
202000004564,23,8,2020,10:45:00,1,68,68224,2,2,1,3,"ROMAINS (RUE DES)","47,7734000","7,3212000",202000004564,154 734 223,B01,1,1,0,1,3,16,5,NULL,202000004564,154 734 224,A01,1,1,1,1,1992,4,1,0,-1,-1," -1",-1,202000004564,3,"ROMAINS (RUE DES)",0,NULL,2,5,1,1,1,193,3,NULL," -1",1,9,5,50
202000004588,9,6,2020,09:05:00,1,27,27229,2,2,1,2,"MONNET (RUE JEAN)","49,0339300","1,1834900",202000004588,154 734 184,B01,0,1,0,2,4,1,5,NULL,202000004588,154 734 183,A01,1,1,1,1,1972,5,1,5,-1,0,0,-1,202000004588,4,"MONNET (RUE JEAN)",0,NULL,-1,1,0,1,(1),(1),1,NULL," -1",1,0,1,50
202000004588,9,6,2020,09:05:00,1,27,27229,2,2,1,2,"MONNET (RUE JEAN)","49,0339300","1,1834900",202000004588,154 734 184,B01,0,1,0,2,4,1,5,NULL,202000004588,154 734 184,B01,1,1,4,1,1994,5,2,6,-1,0,0,-1,202000004588,4,"MONNET (RUE JEAN)",0,NULL,-1,1,0,1,(1),(1),1,NULL," -1",1,0,1,50
202000004593,15,12,2020,17:57:00,4,05,05061,2,1,2,6,"SAGNIERES ( RUE DES )","44,5512300","6,0674600",202000004593,154 734 176,A01,1,1,0,1,1,1,5,NULL,202000004593,154 734 176,A01,10,3,4,1,1946,5,0,-1,-1,2,3,1,202000004593,4,NULL,0,NULL,2,2,0,1,0,1,1,NULL," -1",2,0,1,30
202000004593,15,12,2020,17:57:00,4,05,05061,2,1,2,6,"SAGNIERES ( RUE DES )","44,5512300","6,0674600",202000004593,154 734 176,A01,1,1,0,1,1,1,5,NULL,202000004593,154 734 176,A01,1,1,1,1,1977,5,8,0,-1,0,0,-1,202000004593,4,NULL,0,NULL,2,2,0,1,0,1,1,NULL," -1",2,0,1,30
202000004602,27,11,2020,15:45:00,1,95,95428,2,1,1,2,"RUE DU TEMPLE","48,9850500","2,3186500",202000004602,154 734 160,A01,3,1,0,2,1,1,5,NULL,202000004602,154 734 160,A01,1,1,4,1,2004,2,8,0,-1,-1,0,-1,202000004602,4,"RUE DU TEMPLE",0,NULL,2,2,0,4,(1),(1),1,NULL," -1",1,0,1,30
202000004602,27,11,2020,15:45:00,1,95,95428,2,1,1,2,"RUE DU TEMPLE","48,9850500","2,3186500",202000004602,154 734 160,A01,3,1,0,2,1,1,5,NULL,202000004602,154 734 161,B01,1,1,1,2,1992,3,1,0,-1,-1,0,-1,202000004602,4,"RUE DU TEMPLE",0,NULL,2,2,0,4,(1),(1),1,NULL," -1",1,0,1,30
202000004610,25,11,2020,18:45:00,2,77,77288,2,2,1,1,"COTY (RUE RENE)","48,5511330","2,6496340",202000004610,154 734 148,A01,3,1,0,2,1,16,5,NULL,202000004610,154 734 147,B01,1,1,1,2,1978,1,1,0,-1,-1," -1",-1,202000004610,4,"COTY (RUE RENE)",0,NULL,2,1,0,1,1,0,1,NULL," -1",1,5,1,50
202000004610,25,11,2020,18:45:00,2,77,77288,2,2,1,1,"COTY (RUE RENE)","48,5511330","2,6496340",202000004610,154 734 148,A01,3,1,0,2,1,16,5,NULL,202000004610,154 734 148,A01,1,1,4,1,2004,5,8,0,-1,-1," -1",-1,202000004610,4,"COTY (RUE RENE)",0,NULL,2,1,0,1,1,0,1,NULL," -1",1,5,1,50
202000004616,27,11,2020,17:10:00,1,64,64445,2,5,1,3,"EDOUARD HERRIOT","43,3042900"," -0,3799000",202000004616,154 734 136,B01,2,1,0,2,8,1,5,NULL,202000004616,154 734 136,B01,1,1,4,1,1947,0,8,0,-1,-1," -1",-1,202000004616,4,NULL,0,NULL,2,3,0,2,0,0,1,NULL," -1",1,0,1,30
202000004617,27,11,2020,07:20:00,5,64,64445,2,3,1,1,"TRESPOEY DE","43,2990700"," -0,3551400",202000004617,154 734 134,B01,1,1,0,2,1,1,5,NULL,202000004617,154 734 133,A01,1,1,1,2,1979,1,1,8,-1,-1," -1",-1,202000004617,4,NULL,0,NULL,2,2,2,1,0,0,1,NULL," -1",1,0,5,50
202000004617,27,11,2020,07:20:00,5,64,64445,2,3,1,1,"TRESPOEY DE","43,2990700"," -0,3551400",202000004617,154 734 134,B01,1,1,0,2,1,1,5,NULL,202000004617,154 734 134,B01,1,1,4,1,1972,1,2,0,-1,-1," -1",-1,202000004617,4,NULL,0,NULL,2,2,2,1,0,0,1,NULL," -1",1,0,5,50
202000004628,26,11,2020,08:45:00,1,49,49015,2,1,1,3,"SCHWALBACH PLACE","47,5041600"," -0,6019000",202000004628,154 734 117,B01,1,1,0,2,1,1,5,NULL,202000004628,154 734 116,A01,1,1,1,2,1975,1,1,0,-1,-1," -1",-1,202000004628,4,"SCHWALBACH PLACE",0,NULL,-1,2,0,1,1,0,1,NULL," -1",1,0,1,50
202000004628,26,11,2020,08:45:00,1,49,49015,2,1,1,3,"SCHWALBACH PLACE","47,5041600"," -0,6019000",202000004628,154 734 117,B01,1,1,0,2,1,1,5,NULL,202000004628,154 734 117,B01,1,1,4,1,1975,1,8,0,-1,-1," -1",-1,202000004628,4,"SCHWALBACH PLACE",0,NULL,-1,2,0,1,1,0,1,NULL," -1",1,0,1,50
202000004633,27,11,2020,15:15:00,1,37,37261,2,2,1,-1,"GRAMMONT (AVENUE DE)","47,3871506","0,6900138",202000004633,154 734 108,B01,1,1,0,2,1,15,5,NULL,202000004633,154 734 107,A01,1,1,1,1,1992,1,1,0,-1,-1," -1",-1,202000004633,3,910,0,NULL,2,4,3,1,(1),(1),1,NULL," -1",1,5,1,50
202000004633,27,11,2020,15:15:00,1,37,37261,2,2,1,-1,"GRAMMONT (AVENUE DE)","47,3871506","0,6900138",202000004633,154 734 108,B01,1,1,0,2,1,15,5,NULL,202000004633,154 734 108,B01,1,1,4,1,1979,0,8,0,-1,-1," -1",-1,202000004633,3,910,0,NULL,2,4,3,1,(1),(1),1,NULL," -1",1,5,1,50
202000004639,27,11,2020,14:30:00,1,32,32013,1,1,1,3,"ROGER SALENGRO","43,6694800","0,5998900",202000004639,154 734 096,A01,2,1,0,2,0,2,5,NULL,202000004639,154 734 095,B01,1,1,3,2,1949,5,8,0,-1,-1," -1",-1,202000004639,4,"ROGER SALENGRO",0,NULL,1,1,0,1,0,0,1,NULL," -1",1,0,1,50
202000004639,27,11,2020,14:30:00,1,32,32013,1,1,1,3,"ROGER SALENGRO","43,6694800","0,5998900",202000004639,154 734 095,B01,2,1,0,2,8,0,5,NULL,202000004639,154 734 095,B01,1,1,3,2,1949,5,8,0,-1,-1," -1",-1,202000004639,4,"ROGER SALENGRO",0,NULL,1,1,0,1,0,0,1,NULL," -1",1,0,1,50
202000004639,27,11,2020,14:30:00,1,32,32013,1,1,1,3,"ROGER SALENGRO","43,6694800","0,5998900",202000004639,154 734 096,A01,2,1,0,2,0,2,5,NULL,202000004639,154 734 096,A01,1,1,1,2,1950,5,2,0,-1,-1," -1",-1,202000004639,4,"ROGER SALENGRO",0,NULL,1,1,0,1,0,0,1,NULL," -1",1,0,1,50
202000004639,27,11,2020,14:30:00,1,32,32013,1,1,1,3,"ROGER SALENGRO","43,6694800","0,5998900",202000004639,154 734 095,B01,2,1,0,2,8,0,5,NULL,202000004639,154 734 096,A01,1,1,1,2,1950,5,2,0,-1,-1," -1",-1,202000004639,4,"ROGER SALENGRO",0,NULL,1,1,0,1,0,0,1,NULL," -1",1,0,1,50
202000004646,27,11,2020,11:40:00,1,17,17300,2,6,1,2,"VERDIER   BOULEVARD ARTHUR","46,1616000"," -1,1398500",202000004646,154 734 080,B01,3,1,0,2,4,1,5,NULL,202000004646,154 734 080,B01,1,1,4,1,1975,5,2,0,-1,-1," -1",-1,202000004646,4,NULL,0,NULL,2,4,2,1,0,0,1,NULL," -1",1,0,1,30
202000004646,27,11,2020,11:40:00,1,17,17300,2,6,1,2,"VERDIER   BOULEVARD ARTHUR","46,1616000"," -1,1398500",202000004646,154 734 080,B01,3,1,0,2,4,1,5,NULL,202000004646,154 734 081,A01,1,1,1,2,1969,5,1,0,-1,-1," -1",-1,202000004646,4,NULL,0,NULL,2,4,2,1,0,0,1,NULL," -1",1,0,1,30