Num_Acc,jour,mois,an,hrmn,lum,dep,com,agg,int,atm,col,adr,lat,long,Num_Acc,id_vehicule,num_veh,senc,catv,obs,obsm,choc,manv,motor,occutc,Num_Acc,id_vehicule,num_veh,place,catu,grav,sexe,an_nais,trajet,secu1,secu2,secu3,locp,actp,etatp,Num_Acc,catr,voie,v1,v2,circ,nbv,vosp,prof,pr,pr1,plan,lartpc,larrout,surf,infra,situ,vma
202000004663,27,11,2020,10:20:00,1,75,75113,2,1,1,6,"QUAI D AUSTERLITZ","48,8431590","2,3662320",202000004663,154 734 048,A01,1,1,0,1,1,1,5,NULL,202000004663,154 734 048,A01,1,1,4,1,1966,1,2,0,-1,0,0,-1,202000004663,4,NULL,0,NULL,2,4,1,1,0,0,1,NULL," -1",1,-1,5,30
202000004663,27,11,2020,10:20:00,1,75,75113,2,1,1,6,"QUAI D AUSTERLITZ","48,8431590","2,3662320",202000004663,154 734 048,A01,1,1,0,1,1,1,5,NULL,202000004663,154 734 048,A01,10,3,4,2,1967,1,0,-1,-1,2,3,1,202000004663,4,NULL,0,NULL,2,4,1,1,0,0,1,NULL," -1",1,-1,5,30
202000004665,27,11,2020,20:08:00,5,75,75102,2,2,1,3,"RUE DE RICHELIEU","48,8688870","2,3385600",202000004665,154 734 045,B01,2,1,0,2,0,1,5,NULL,202000004665,154 734 045,B01,1,1,4,1,1961,1,2,0,-1,0,0,-1,202000004665,4,NULL,0,NULL,1,2,0,1,0,0,1,NULL," -1",1,0,1,50
202000004665,27,11,2020,20:08:00,5,75,75102,2,2,1,3,"RUE DE RICHELIEU","48,8688870","2,3385600",202000004665,154 734 045,B01,2,1,0,2,0,1,5,NULL,202000004665,154 734 046,A01,1,1,1,1,1976,1,1,0,-1,0,0,-1,202000004665,4,NULL,0,NULL,1,2,0,1,0,0,1,NULL," -1",1,0,1,50
202000004673,26,11,2020,17:30:00,5,93,93032,2,2,1,3,"AV DES CHARMILLES / AV DES BLEUETS","48,8894200","2,5483800",202000004673,154 734 033,A01,1,1,0,2,1,19,5,NULL,202000004673,154 734 032,B01,1,1,1,1,1964,0,1,0,-1,-1," -1",-1,202000004673,4,"CHARMILLES    (AVENUE DES)",0,NULL,2,2,0,1,1,0,1,NULL," -1",1,0,1,50
202000004673,26,11,2020,17:30:00,5,93,93032,2,2,1,3,"AV DES CHARMILLES / AV DES BLEUETS","48,8894200","2,5483800",202000004673,154 734 033,A01,1,1,0,2,1,19,5,NULL,202000004673,154 734 033,A01,1,1,4,1,2003,0,8,0,-1,-1," -1",-1,202000004673,4,"CHARMILLES    (AVENUE DES)",0,NULL,2,2,0,1,1,0,1,NULL," -1",1,0,1,50
202000004701,25,11,2020,14:30:00,1,26,26005,2,3,1,1,"3 Route de Malataverne","44,4992260","4,7863810",202000004701,154 733 988,B01,1,1,0,2,1,11,6,NULL,202000004701,154 733 987,A01,1,1,1,2,1961,9,1,-1,-1,0,0,-1,202000004701,3,126,-1,NULL,2,2,0,1,6,344,1,NULL," -1",1,0,1,30
202000004701,25,11,2020,14:30:00,1,26,26005,2,3,1,1,"3 Route de Malataverne","44,4992260","4,7863810",202000004701,154 733 988,B01,1,1,0,2,1,11,6,NULL,202000004701,154 733 988,B01,1,1,4,1,2008,5,0,-1,-1,0,0,-1,202000004701,3,126,-1,NULL,2,2,0,1,6,344,1,NULL," -1",1,0,1,30
202000004710,28,11,2020,16:40:00,1,24,24067,1,1,1,2,"avenue de la Gare RD703","44,9070080","0,9435150",202000004710,154 733 972,B01,1,1,0,0,4,1,0,NULL,202000004710,154 733 971,A01,1,1,3,1,1951,0,2,-1,-1,0,0,-1,202000004710,3,703,-1,NULL,2,2,0,1,36,(1),1,NULL," -1",1,0,1,70
202000004710,28,11,2020,16:40:00,1,24,24067,1,1,1,2,"avenue de la Gare RD703","44,9070080","0,9435150",202000004710,154 733 972,B01,1,1,0,0,4,1,0,NULL,202000004710,154 733 972,B01,1,1,2,2,1965,3,0,-1,-1,0,0,-1,202000004710,3,703,-1,NULL,2,2,0,1,36,(1),1,NULL," -1",1,0,1,70
202000004713,28,11,2020,10:45:00,1,67,67152,2,6,8,3,"Rue de la Porte-basse","48,5167390","7,6543330",202000004713,154 733 967,B01,3,1,0,2,5,14,5,NULL,202000004713,154 733 966,A01,1,1,1,1,1966,1,1,-1,-1,0,0,-1,202000004713,7,84,-1,NULL,2,2,0,1,5,450,3,NULL," -1",1,5,1,50
202000004713,28,11,2020,10:45:00,1,67,67152,2,6,8,3,"Rue de la Porte-basse","48,5167390","7,6543330",202000004713,154 733 967,B01,3,1,0,2,5,14,5,NULL,202000004713,154 733 967,B01,1,1,3,1,1964,9,0,-1,-1,0,0,-1,202000004713,7,84,-1,NULL,2,2,0,1,5,450,3,NULL," -1",1,5,1,50
202000004721,28,11,2020,11:50:00,1,01,01043,2,6,1,3,"rond point de la cotière - RD 1084 A","45,8332730","4,9932860",202000004721,154 733 953,B01,1,1,0,2,8,26,5,NULL,202000004721,154 733 952,A01,1,1,1,1,1986,0,8,-1,-1,0,0,-1,202000004721,3,1084,0,A,1,1,2,1,0,1,2,NULL," -1",1,0,5,50
202000004721,28,11,2020,11:50:00,1,01,01043,2,6,1,3,"rond point de la cotière - RD 1084 A","45,8332730","4,9932860",202000004721,154 733 953,B01,1,1,0,2,8,26,5,NULL,202000004721,154 733 953,B01,1,1,2,1,1940,0,0,-1,-1,0,0,-1,202000004721,3,1084,0,A,1,1,2,1,0,1,2,NULL," -1",1,0,5,50
202000004750,19,11,2020,10:20:00,1,91,91103,2,1,1,3,"RUE MARYSE BASTIE","48,6030100","2,3095900",202000004750,154 733 889,B01,-1,1,0,2,1,-1,-1,NULL,202000004750,154 733 888,A01,1,1,1,1,1955,-1,0,-1,-1,-1," -1",-1,202000004750,4,NULL,-1,NULL,2,-1,-1,1,(1),(1),2,NULL," -1",-1,0,1,-1
202000004750,19,11,2020,10:20:00,1,91,91103,2,1,1,3,"RUE MARYSE BASTIE","48,6030100","2,3095900",202000004750,154 733 889,B01,-1,1,0,2,1,-1,-1,NULL,202000004750,154 733 889,B01,1,1,4,1,2006,-1,0,-1,-1,-1," -1",-1,202000004750,4,NULL,-1,NULL,2,-1,-1,1,(1),(1),2,NULL," -1",-1,0,1,-1
202000004753,26,11,2020,10:20:00,1,82,82121,2,6,1,3,"Giratoire Chantilly/Ardus ","44,0342680","1,3533350",202000004753,154 733 883,B01,1,1,0,2,1,0,5,NULL,202000004753,154 733 882,A01,1,1,1,1,1971,4,1,8,-1,0," -1",-1,202000004753,4,"Boulevard Chantilly ",0,NULL,2,1,0,1,0,0,2,NULL," -1",1,0,1,50
202000004753,26,11,2020,10:20:00,1,82,82121,2,6,1,3,"Giratoire Chantilly/Ardus ","44,0342680","1,3533350",202000004753,154 733 883,B01,1,1,0,2,1,0,5,NULL,202000004753,154 733 883,B01,1,1,3,1,1946,5,2,0,-1,-1," -1",-1,202000004753,4,"Boulevard Chantilly ",0,NULL,2,1,0,1,0,0,2,NULL," -1",1,0,1,50
202000004755,26,11,2020,13:55:00,1,78,78440,2,2,1,3,"PAUL CURIEN (RUE)","48,9935160","1,9015540",202000004755,154 733 878,B01,3,1,0,2,3,1,0,NULL,202000004755,154 733 878,B01,1,1,4,1,2006,2,8,0,-1,-1," -1",-1,202000004755,4,NULL,0,NULL,2,2,0,1,0,0,1,NULL," -1",1,0,1,50
202000004755,26,11,2020,13:55:00,1,78,78440,2,2,1,3,"PAUL CURIEN (RUE)","48,9935160","1,9015540",202000004755,154 733 878,B01,3,1,0,2,3,1,0,NULL,202000004755,154 733 879,A01,1,1,1,1,2001,0,1,0,-1,-1," -1",-1,202000004755,4,NULL,0,NULL,2,2,0,1,0,0,1,NULL," -1",1,0,1,50
202000004771,25,11,2020,05:12:00,3,44,44055,1,1,2,-1,"D 47","47,3008800"," -2,3031200",202000004771,154 733 849,B01,1,1,0,0,8,1,0,NULL,202000004771,154 733 848,A01,1,1,1,1,1995,4,1,0,-1,-1," -1",-1,202000004771,3,47,0,NULL,2,2,0,1,19,950,1,NULL," -1",2,9,1,50
202000004771,25,11,2020,05:12:00,3,44,44055,1,1,2,-1,"D 47","47,3008800"," -2,3031200",202000004771,154 733 849,B01,1,1,0,0,8,1,0,NULL,202000004771,154 733 849,B01,1,1,3,1,1973,1,2,4,-1,-1," -1",-1,202000004771,3,47,0,NULL,2,2,0,1,19,950,1,NULL," -1",2,9,1,50
202000004773,26,11,2020,13:55:00,1,38,38151,2,6,1,3,"Avenue Edmond Esmonin","45,1599000","5,7210000",202000004773,154 733 846,B01,2,1,0,2,8,19,5,NULL,202000004773,154 733 845,A01,1,1,1,1,1974,0,1,0,-1,-1," -1",-1,202000004773,3,5,0,B,1,4,3,1,1,625,1,NULL," -1",1,0,1,50
202000004773,26,11,2020,13:55:00,1,38,38151,2,6,1,3,"Avenue Edmond Esmonin","45,1599000","5,7210000",202000004773,154 733 846,B01,2,1,0,2,8,19,5,NULL,202000004773,154 733 846,B01,1,1,4,1,1986,0,8,0,-1,-1," -1",-1,202000004773,3,5,0,B,1,4,3,1,1,625,1,NULL," -1",1,0,1,50
202000004796,24,11,2020,16:35:00,1,12,12202,2,6,1,2,"DURAND DEGROS (AVENUE)","44,3567600","2,5809200",202000004796,154 733 807,A01,1,1,0,2,1,2,5,NULL,202000004796,154 733 807,A01,1,1,4,1,2000,5,0,-1,-1,0,0,-1,202000004796,4,"DURAND DEGROS (AVENUE)",0,NULL,2,2,0,1,(1),(1),1,NULL," -1",1,5,1,50
202000004796,24,11,2020,16:35:00,1,12,12202,2,6,1,2,"DURAND DEGROS (AVENUE)","44,3567600","2,5809200",202000004796,154 733 807,A01,1,1,0,2,1,2,5,NULL,202000004796,154 733 808,B01,1,1,1,2,1986,9,1,-1,-1,0,0,-1,202000004796,4,"DURAND DEGROS (AVENUE)",0,NULL,2,2,0,1,(1),(1),1,NULL," -1",1,5,1,50
202000004799,19,5,2020,19:00:00,1,26,26099,1,9,6,3,"Route de Montsegur","44,3841820","4,8968300",202000004799,154 733 804,B01,1,1,0,2,0,21,5,NULL,202000004799,154 733 803,A01,2,2,1,1,1992,4,1,-1,-1,0,0,-1,202000004799,3,231,0,NULL,2,2,0,2,0,891,1,NULL," -1",1,0,1,80
202000004799,19,5,2020,19:00:00,1,26,26099,1,9,6,3,"Route de Montsegur","44,3841820","4,8968300",202000004799,154 733 804,B01,1,1,0,2,0,21,5,NULL,202000004799,154 733 803,A01,1,1,1,1,1989,1,1,-1,-1,0,0,-1,202000004799,3,231,0,NULL,2,2,0,2,0,891,1,NULL," -1",1,0,1,80
202000004799,19,5,2020,19:00:00,1,26,26099,1,9,6,3,"Route de Montsegur","44,3841820","4,8968300",202000004799,154 733 804,B01,1,1,0,2,0,21,5,NULL,202000004799,154 733 804,B01,1,1,4,1,1998,5,2,-1,-1,0,0,-1,202000004799,3,231,0,NULL,2,2,0,2,0,891,1,NULL," -1",1,0,1,80
202000004800,19,5,2020,16:15:00,1,58,58095,2,1,1,3,D978a,"46,8181530","3,4506940",202000004800,154 733 802,B01,1,1,0,2,7,1,5,NULL,202000004800,154 733 801,A01,1,1,1,2,1959,5,1,-1,-1,0,0,-1,202000004800,3,978,-1,A,2,2,0,4,(1),(1),1,NULL," -1",1,0,1,50
202000004800,19,5,2020,16:15:00,1,58,58095,2,1,1,3,D978a,"46,8181530","3,4506940",202000004800,154 733 802,B01,1,1,0,2,7,1,5,NULL,202000004800,154 733 802,B01,1,1,3,2,1957,3,2,6,-1,0,0,-1,202000004800,3,978,-1,A,2,2,0,4,(1),(1),1,NULL," -1",1,0,1,50
202000004828,20,5,2020,15:50:00,1,81,81225,2,1,1,3,"12 Rue du Grand Galion","43,9100940","1,9834020",202000004828,154 733 757,B01,2,1,0,2,1,1,5,NULL,202000004828,154 733 756,A01,1,1,1,1,1985,5,1,-1,-1,0,0,-1,202000004828,3,200,-1,NULL,2,2,0,1,1,150,1,NULL," -1",1,0,1,50
202000004828,20,5,2020,15:50:00,1,81,81225,2,1,1,3,"12 Rue du Grand Galion","43,9100940","1,9834020",202000004828,154 733 757,B01,2,1,0,2,1,1,5,NULL,202000004828,154 733 757,B01,1,1,3,1,1945,5,2,-1,-1,0,0,-1,202000004828,3,200,-1,NULL,2,2,0,1,1,150,1,NULL," -1",1,0,1,50
202000004859,15,5,2020,15:38:00,1,95,95018,2,1,1,6,"AVENUE M. UTRILLO","48,9406650","2,2344840",202000004859,154 733 700,A01,3,1,12,0,0,26,5,NULL,202000004859,154 733 700,A01,1,1,2,1,1985,9,2,0,-1,0,0,-1,202000004859,4,"AVENUE M. UTRILLO",0,NULL,2,0,0,1,(1),(1),1,NULL," -1",1,0,1,50
202000004860,16,5,2020,17:25:00,1,91,91377,2,1,1,3,"DIVISION LECLERC (RUE DE LA)","48,7298900","2,2747700",202000004860,154 733 699,A01,2,1,1,2,0,19,5,NULL,202000004860,154 733 698,B01,1,1,1,2,1983,5,1,0,-1,-1," -1",-1,202000004860,4,"DIVISION LECLERC (RUE DE LA)",0,NULL,1,1,0,1,0,0,1,NULL," -1",1,0,1,30
202000004860,16,5,2020,17:25:00,1,91,91377,2,1,1,3,"DIVISION LECLERC (RUE DE LA)","48,7298900","2,2747700",202000004860,154 733 699,A01,2,1,1,2,0,19,5,NULL,202000004860,154 733 698,B01,3,2,1,1,1968,5,1,0,-1,-1," -1",-1,202000004860,4,"DIVISION LECLERC (RUE DE LA)",0,NULL,1,1,0,1,0,0,1,NULL," -1",1,0,1,30
202000004860,16,5,2020,17:25:00,1,91,91377,2,1,1,3,"DIVISION LECLERC (RUE DE LA)","48,7298900","2,2747700",202000004860,154 733 699,A01,2,1,1,2,0,19,5,NULL,202000004860,154 733 698,B01,2,2,1,1,1983,5,1,0,-1,-1," -1",-1,202000004860,4,"DIVISION LECLERC (RUE DE LA)",0,NULL,1,1,0,1,0,0,1,NULL," -1",1,0,1,30
202000004860,16,5,2020,17:25:00,1,91,91377,2,1,1,3,"DIVISION LECLERC (RUE DE LA)","48,7298900","2,2747700",202000004860,154 733 699,A01,2,1,1,2,0,19,5,NULL,202000004860,154 733 699,A01,1,1,4,1,2006,5,8,0,-1,-1," -1",-1,202000004860,4,"DIVISION LECLERC (RUE DE LA)",0,NULL,1,1,0,1,0,0,1,NULL," -1",1,0,1,30
202000004866,16,5,2020,18:51:00,1,87,87085,2,1,1,6,"MAS-GIGOU (RUE DU)","45,8599900","1,2569300",202000004866,154 733 689,A01,2,1,9,0,1,9,5,NULL,202000004866,154 733 689,A01,1,1,4,1,1977,5,2,8,-1,-1," -1",-1,202000004866,4,"MAS-GIGOU (RUE DU)",0,NULL,2,2,0,1,0,0,1,NULL," -1",1,0,1,50
202000004868,18,5,2020,19:34:00,1,81,81004,2,1,1,1,"CORDES (RTE DE)","43,9548300","2,1154000",202000004868,154 733 686,B01,2,1,0,2,1,0,5,NULL,202000004868,154 733 685,A01,1,1,1,1,2000,2,1,0,-1,-1," -1",-1,202000004868,3,"CORDES (RTE DE)",0,NULL,2,2,0,2,35,84,1,NULL," -1",1,0,1,50
202000004868,18,5,2020,19:34:00,1,81,81004,2,1,1,1,"CORDES (RTE DE)","43,9548300","2,1154000",202000004868,154 733 686,B01,2,1,0,2,1,0,5,NULL,202000004868,154 733 686,B01,1,1,2,1,1997,5,2,0,-1,0,0,-1,202000004868,3,"CORDES (RTE DE)",0,NULL,2,2,0,2,35,84,1,NULL," -1",1,0,1,50
202000004876,18,5,2020,17:50:00,1,72,72181,2,2,1,3,"LEDRU ROLLIN QUAI N° 103 ET plus","48,0068900","0,1915800",202000004876,154 733 671,A01,0,1,0,2,8,1,5,NULL,202000004876,154 733 671,A01,1,1,4,2,1980,0,8,0,-1,-1," -1",-1,202000004876,4,"LEDRU ROLLIN QUAI N° 103 ET plus",0,NULL,2,2,0,1,0,0,1,NULL," -1",1,0,1,50
202000004876,18,5,2020,17:50:00,1,72,72181,2,2,1,3,"LEDRU ROLLIN QUAI N° 103 ET plus","48,0068900","0,1915800",202000004876,154 733 671,A01,0,1,0,2,8,1,5,NULL,202000004876,154 733 672,B01,1,1,1,1,1967,0,1,0,-1,-1," -1",-1,202000004876,4,"LEDRU ROLLIN QUAI N° 103 ET plus",0,NULL,2,2,0,1,0,0,1,NULL," -1",1,0,1,50
202000004882,17,5,2020,08:37:00,1,56,56083,2,2,1,3,"FOCH ( PL. MARECHAL )","47,8056000"," -3,2772600",202000004882,154 733 663,B01,2,1,0,2,6,1,5,NULL,202000004882,154 733 662,A01,1,1,1,1,1990,5,1,8,-1,-1," -1",-1,202000004882,4,"FOCH ( PL. MARECHAL )",0,NULL,2,2,0,1,0,0,1,NULL," -1",1,0,1,30
202000004882,17,5,2020,08:37:00,1,56,56083,2,2,1,3,"FOCH ( PL. MARECHAL )","47,8056000"," -3,2772600",202000004882,154 733 663,B01,2,1,0,2,6,1,5,NULL,202000004882,154 733 663,B01,1,1,4,1,1976,5,2,8,-1,-1," -1",-1,202000004882,4,"FOCH ( PL. MARECHAL )",0,NULL,2,2,0,1,0,0,1,NULL," -1",1,0,1,30
202000004883,17,5,2020,17:59:00,1,49,49007,2,1,1,3,"MOLIERE PLACE","47,4593100"," -0,6147200",202000004883,154 733 660,B01,1,1,0,2,0,0,5,NULL,202000004883,154 733 660,B01,1,1,4,2,2013,0,8,0,-1,-1," -1",-1,202000004883,4,"MOLIERE PLACE",0,NULL,2,2,0,1,0,0,1,NULL," -1",1,0,1,60
202000004883,17,5,2020,17:59:00,1,49,49007,2,1,1,3,"MOLIERE PLACE","47,4593100"," -0,6147200",202000004883,154 733 660,B01,1,1,0,2,0,0,5,NULL,202000004883,154 733 661,A01,1,1,1,2,1984,0,1,8,-1,-1," -1",-1,202000004883,4,"MOLIERE PLACE",0,NULL,2,2,0,1,0,0,1,NULL," -1",1,0,1,60
202000004884,16,5,2020,15:38:00,1,49,49007,2,1,1,7,"VIGNE PLACE ET RUE","47,4748800"," -0,5852100",202000004884,154 733 659,A01,1,1,0,0,1,0,5,NULL,202000004884,154 733 659,A01,1,1,4,1,1966,0,8,0,-1,-1," -1",-1,202000004884,4,"VIGNE PLACE ET RUE",0,NULL,2,2,0,1,0,0,1,NULL," -1",1,0,1,60
202000004888,18,5,2020,08:05:00,2,35,35278,2,6,7,-1,"RD 29","48,1634130"," -1,6760060",202000004888,154 733 651,A01,1,1,0,2,6,18,0,NULL,202000004888,154 733 651,A01,1,1,4,2,1975,1,2,4,-1,-1," -1",-1,202000004888,3,"RD 29",0,NULL,-1,1,0,1,8,170,3,NULL," -1",1,9,1,80
202000004892,18,5,2020,13:45:00,1,13,13208,2,1,1,3,"POMPIDOU (PROMENADE)","43,2649680","5,3733830",202000004892,154 733 644,A01,0,1,0,2,1,19,5,NULL,202000004892,154 733 644,A01,1,1,3,2,1961,5,8,0,-1,-1," -1",-1,202000004892,4,NULL,0,NULL,2,0,0,1,1,0,1,NULL," -1",1,0,1,50
202000004892,18,5,2020,13:45:00,1,13,13208,2,1,1,3,"POMPIDOU (PROMENADE)","43,2649680","5,3733830",202000004892,154 733 644,A01,0,1,0,2,1,19,5,NULL,202000004892,154 733 645,B01,1,1,1,1,1997,5,2,0,-1,-1," -1",-1,202000004892,4,NULL,0,NULL,2,0,0,1,1,0,1,NULL," -1",1,0,1,50
202000004893,18,5,2020,07:45:00,1,13,13206,2,6,1,3,"CASTELLANE (PLACE)","43,2857400","5,3835700",202000004893,154 733 643,B01,3,1,0,2,7,2,5,NULL,202000004893,154 733 642,A01,1,1,1,1,1970,5,1,8,-1,-1," -1",-1,202000004893,4,"CASTELLANE (PLACE)",0,NULL,1,2,0,1,0,0,2,NULL," -1",1,0,1,50
202000004893,18,5,2020,07:45:00,1,13,13206,2,6,1,3,"CASTELLANE (PLACE)","43,2857400","5,3835700",202000004893,154 733 643,B01,3,1,0,2,7,2,5,NULL,202000004893,154 733 643,B01,1,1,4,1,1981,0,2,-1,-1,-1," -1",-1,202000004893,4,"CASTELLANE (PLACE)",0,NULL,1,2,0,1,0,0,2,NULL," -1",1,0,1,50
202000004901,17,5,2020,23:25:00,5,75,75120,2,1,1,3,"RUE DE MENILMONTANT","48,8684220","2,3886240",202000004901,154 733 630,B01,2,1,0,2,1,17,5,NULL,202000004901,154 733 629,A01,1,1,1,1,1996,9,8,0,-1,0,0,-1,202000004901,4,NULL,0,NULL,2,2,0,2,0,0,1,NULL," -1",1,0,1,50
202000004901,17,5,2020,23:25:00,5,75,75120,2,1,1,3,"RUE DE MENILMONTANT","48,8684220","2,3886240",202000004901,154 733 630,B01,2,1,0,2,1,17,5,NULL,202000004901,154 733 630,B01,1,1,4,1,1986,4,8,0,-1,0,0,-1,202000004901,4,NULL,0,NULL,2,2,0,2,0,0,1,NULL," -1",1,0,1,50
202000004905,18,5,2020,17:55:00,1,75,75109,2,2,1,3,"BOULEVARD HAUSSMANN","48,8723780","2,3374130",202000004905,154 733 622,B01,1,1,0,2,2,15,0,NULL,202000004905,154 733 622,B01,1,1,4,2,1968,1,2,0,-1,0,0,-1,202000004905,4,NULL,0,NULL,1,3,0,1,0,0,1,NULL," -1",1,0,1,50
202000004905,18,5,2020,17:55:00,1,75,75109,2,2,1,3,"BOULEVARD HAUSSMANN","48,8723780","2,3374130",202000004905,154 733 622,B01,1,1,0,2,2,15,0,NULL,202000004905,154 733 623,A01,1,1,1,1,1990,1,2,8,-1,0,0,-1,202000004905,4,NULL,0,NULL,1,3,0,1,0,0,1,NULL," -1",1,0,1,50
202000004907,18,5,2020,09:15:00,1,75,75102,2,2,1,1,"BOULEVARD DE SEBASTOPOL","48,8689220","2,3540410",202000004907,154 733 619,B01,1,1,0,2,1,1,5,NULL,202000004907,154 733 618,A01,1,1,4,1,1970,1,2,0,-1,0,0,-1,202000004907,4,NULL,0,NULL,2,4,1,1,0,0,1,NULL," -1",1,-1,5,50
202000004907,18,5,2020,09:15:00,1,75,75102,2,2,1,1,"BOULEVARD DE SEBASTOPOL","48,8689220","2,3540410",202000004907,154 733 618,A01,2,1,0,2,1,5,5,NULL,202000004907,154 733 618,A01,1,1,4,1,1970,1,2,0,-1,0,0,-1,202000004907,4,NULL,0,NULL,2,4,1,1,0,0,1,NULL," -1",1,-1,5,50
202000004907,18,5,2020,09:15:00,1,75,75102,2,2,1,1,"BOULEVARD DE SEBASTOPOL","48,8689220","2,3540410",202000004907,154 733 619,B01,1,1,0,2,1,1,5,NULL,202000004907,154 733 619,B01,1,1,4,2,1974,1,0,0,-1,0,0,-1,202000004907,4,NULL,0,NULL,2,4,1,1,0,0,1,NULL," -1",1,-1,5,50
202000004907,18,5,2020,09:15:00,1,75,75102,2,2,1,1,"BOULEVARD DE SEBASTOPOL","48,8689220","2,3540410",202000004907,154 733 618,A01,2,1,0,2,1,5,5,NULL,202000004907,154 733 619,B01,1,1,4,2,1974,1,0,0,-1,0,0,-1,202000004907,4,NULL,0,NULL,2,4,1,1,0,0,1,NULL," -1",1,-1,5,50
202000004918,17,5,2020,13:00:00,1,93,93005,2,1,1,3,"MAXIMILIEN ROBESPIERRE (RUE)","48,9479200","2,5020700",202000004918,154 733 602,B01,3,1,0,2,8,1,0,NULL,202000004918,154 733 602,B01,1,1,4,1,1945,5,2,8,-1,-1," -1",-1,202000004918,4,"MAXIMILIEN ROBESPIERRE (RUE)",0,NULL,-1,0,0,1,0,0,1,NULL," -1",1,0,1,50
202000004918,17,5,2020,13:00:00,1,93,93005,2,1,1,3,"MAXIMILIEN ROBESPIERRE (RUE)","48,9479200","2,5020700",202000004918,154 733 602,B01,3,1,0,2,8,1,0,NULL,202000004918,154 733 603,A01,1,1,1,1,1977,9,1,0,-1,-1," -1",-1,202000004918,4,"MAXIMILIEN ROBESPIERRE (RUE)",0,NULL,-1,0,0,1,0,0,1,NULL," -1",1,0,1,50
202000004926,19,5,2020,13:56:00,1,67,67173,1,3,1,1,D31,"48,6346070","7,6756990",202000004926,154 733 589,B01,1,1,0,2,1,1,5,NULL,202000004926,154 733 588,A01,1,1,1,1,1949,5,1,-1,-1,0,0,-1,202000004926,3,31,-1,NULL,2,2,1,2,13,50,1,NULL,"5,5",1,5,1,70
202000004926,19,5,2020,13:56:00,1,67,67173,1,3,1,1,D31,"48,6346070","7,6756990",202000004926,154 733 589,B01,1,1,0,2,1,1,5,NULL,202000004926,154 733 588,A01,7,2,1,2,1958,5,1,-1,-1,0,0,-1,202000004926,3,31,-1,NULL,2,2,1,2,13,50,1,NULL,"5,5",1,5,1,70
202000004926,19,5,2020,13:56:00,1,67,67173,1,3,1,1,D31,"48,6346070","7,6756990",202000004926,154 733 589,B01,1,1,0,2,1,1,5,NULL,202000004926,154 733 589,B01,1,1,2,1,1951,5,0,-1,-1,0,0,-1,202000004926,3,31,-1,NULL,2,2,1,2,13,50,1,NULL,"5,5",1,5,1,70
202000004928,7,5,2020,19:30:00,1,50,50363,1,1,1,1,"La Vatiniere","48,9618770"," -1,1236100",202000004928,154 733 585,A01,2,1,0,2,1,13,5,NULL,202000004928,154 733 584,B01,2,2,1,1,1995,5,1,-1,-1,0,0,-1,202000004928,3,D277,0,NULL,2,2,0,2,(1),(1),3,NULL," -1",9,0,1,80
202000004928,7,5,2020,19:30:00,1,50,50363,1,1,1,1,"La Vatiniere","48,9618770"," -1,1236100",202000004928,154 733 585,A01,2,1,0,2,1,13,5,NULL,202000004928,154 733 584,B01,1,1,1,1,1996,5,1,-1,-1,0,0,-1,202000004928,3,D277,0,NULL,2,2,0,2,(1),(1),3,NULL," -1",9,0,1,80
202000004928,7,5,2020,19:30:00,1,50,50363,1,1,1,1,"La Vatiniere","48,9618770"," -1,1236100",202000004928,154 733 585,A01,2,1,0,2,1,13,5,NULL,202000004928,154 733 585,A01,1,1,3,1,2002,5,0,-1,-1,0,0,-1,202000004928,3,D277,0,NULL,2,2,0,2,(1),(1),3,NULL," -1",9,0,1,80
202000004934,19,5,2020,10:30:00,1,12,12102,1,1,1,7,"la Trémolière","44,3125180","2,6889900",202000004934,154 733 576,A01,3,1,0,0,0,13,5,NULL,202000004934,154 733 576,A01,1,1,3,1,1956,5,2,-1,-1,0,0,-1,202000004934,4,"La Trémolière",-1,NULL,2,2,0,4,(1),(1),3,NULL," -1",9,0,3,80
202000004936,18,5,2020,18:30:00,1,41,41106,2,1,1,3,"38 Rue François Blache","47,6080190","2,0262180",202000004936,154 733 573,B01,2,1,0,2,3,2,5,NULL,202000004936,154 733 572,A01,1,1,1,1,1953,0,1,-1,-1,0,0,-1,202000004936,3,101,0,D,2,2,0,1,0,258,1,NULL,"5,5",1,0,1,30
202000004936,18,5,2020,18:30:00,1,41,41106,2,1,1,3,"38 Rue François Blache","47,6080190","2,0262180",202000004936,154 733 573,B01,2,1,0,2,3,2,5,NULL,202000004936,154 733 573,B01,1,1,3,2,1973,5,2,-1,-1,0,0,-1,202000004936,3,101,0,D,2,2,0,1,0,258,1,NULL,"5,5",1,0,1,30
202000004938,17,5,2020,11:10:00,1,29,29135,2,1,1,3,"6 Rue du Port","47,8330330"," -4,1686250",202000004938,154 733 570,B01,3,1,1,0,1,1,5,NULL,202000004938,154 733 569,A01,1,1,1,1,1935,5,0,-1,-1,0,0,-1,202000004938,4,NULL,-1,NULL,2,2,0,1,(1),(1),1,NULL,5,1,0,1,50
202000004938,17,5,2020,11:10:00,1,29,29135,2,1,1,3,"6 Rue du Port","47,8330330"," -4,1686250",202000004938,154 733 570,B01,3,1,1,0,1,1,5,NULL,202000004938,154 733 570,B01,1,1,4,2,1968,5,0,-1,-1,0,0,-1,202000004938,4,NULL,-1,NULL,2,2,0,1,(1),(1),1,NULL,5,1,0,1,50