Num_Acc,jour,mois,an,hrmn,lum,dep,com,agg,int,atm,col,adr,lat,long,Num_Acc,id_vehicule,num_veh,senc,catv,obs,obsm,choc,manv,motor,occutc,Num_Acc,id_vehicule,num_veh,place,catu,grav,sexe,an_nais,trajet,secu1,secu2,secu3,locp,actp,etatp,Num_Acc,catr,voie,v1,v2,circ,nbv,vosp,prof,pr,pr1,plan,lartpc,larrout,surf,infra,situ,vma
202000005478,20,6,2020,18:20:00,1,92,92072,2,3,1,3,"GRANDE RUE","48,8263800","2,2192400",202000005478,154 732 588,A01,2,1,0,2,1,1,5,NULL,202000005478,154 732 588,A01,1,1,4,1,1955,5,8,0,-1,-1," -1",-1,202000005478,3,910,0,NULL,2,5,1,1,0,0,1,NULL," -1",1,0,5,50
202000005499,31,1,2020,15:25:00,1,95,95500,2,1,1,3,"VERDUN (AVENUE DE)","49,0389229","2,0882177",202000005499,154 732 554,B01,3,1,0,2,1,1,0,NULL,202000005499,154 732 553,A01,1,1,1,1,1964,4,1,0,-1,-1,0,-1,202000005499,4,"VERDUN (AVENUE DE)",0,NULL,2,4,1,1,(1),(1),1,NULL," -1",1,8,1,50
202000005499,31,1,2020,15:25:00,1,95,95500,2,1,1,3,"VERDUN (AVENUE DE)","49,0389229","2,0882177",202000005499,154 732 554,B01,3,1,0,2,1,1,0,NULL,202000005499,154 732 554,B01,1,1,3,1,1999,2,8,0,-1,-1,0,-1,202000005499,4,"VERDUN (AVENUE DE)",0,NULL,2,4,1,1,(1),(1),1,NULL," -1",1,8,1,50
202000005523,30,1,2020,15:05:00,1,78,78646,2,2,1,3,"ROYALE (RUE)","48,7992800","2,1279100",202000005523,154 732 514,B01,3,1,0,2,1,1,5,NULL,202000005523,154 732 514,B01,1,1,3,2,1948,3,8,0,-1,-1," -1",-1,202000005523,4,"ROYALE (RUE)",0,NULL,2,2,1,1,0,0,1,NULL," -1",1,5,1,50
202000005523,30,1,2020,15:05:00,1,78,78646,2,2,1,3,"ROYALE (RUE)","48,7992800","2,1279100",202000005523,154 732 514,B01,3,1,0,2,1,1,5,NULL,202000005523,154 732 515,Z01,1,1,1,1,1964,5,8,0,-1,-1," -1",-1,202000005523,4,"ROYALE (RUE)",0,NULL,2,2,1,1,0,0,1,NULL," -1",1,5,1,50
202000005525,21,6,2020,19:23:00,1,55,55433,2,4,1,7,"Rue des Preyens","48,6207580","5,7031110",202000005525,154 732 511,A01,3,1,0,0,0,0,5,NULL,202000005525,154 732 511,A01,1,1,4,2,1980,5,0,-1,-1,0,0,-1,202000005525,3,144,0,D,2,2,0,1,(1),(1),1,NULL," -1",9,0,1,50
202000005539,23,1,2020,10:20:00,1,68,68066,2,9,1,6,"BALE ( ROUTE DE)","48,0703180","7,3605790",202000005539,154 732 490,A01,1,1,0,1,1,1,5,NULL,202000005539,154 732 490,A01,10,3,1,1,1955,1,0,-1,-1,5,9,1,202000005539,4,"BALE ( ROUTE DE)",0,NULL,1,0,1,1,0,0,1,NULL," -1",1,9,5,50
202000005539,23,1,2020,10:20:00,1,68,68066,2,9,1,6,"BALE ( ROUTE DE)","48,0703180","7,3605790",202000005539,154 732 490,A01,1,1,0,1,1,1,5,NULL,202000005539,154 732 490,A01,1,1,3,2,1970,1,8,0,-1,-1," -1",-1,202000005539,4,"BALE ( ROUTE DE)",0,NULL,1,0,1,1,0,0,1,NULL," -1",1,9,5,50
202000005545,31,1,2020,19:30:00,2,65,65440,2,1,1,6,"LARREY (RUE)","43,2306920","0,0815020",202000005545,154 732 483,A01,2,1,1,0,6,14,5,NULL,202000005545,154 732 483,A01,2,2,4,2,2014,5,2,8,-1,0,0,-1,202000005545,4,NULL,0,NULL,1,2,0,1,(1),(1),1,NULL," -1",1,0,1,50
202000005545,31,1,2020,19:30:00,2,65,65440,2,1,1,6,"LARREY (RUE)","43,2306920","0,0815020",202000005545,154 732 483,A01,2,1,1,0,6,14,5,NULL,202000005545,154 732 483,A01,1,1,4,1,1985,5,2,-1,-1,0,0,-1,202000005545,4,NULL,0,NULL,1,2,0,1,(1),(1),1,NULL," -1",1,0,1,50
202000005548,31,1,2020,11:10:00,1,64,64445,2,2,1,3,"BORDEU DE","43,3032000"," -0,3708900",202000005548,154 732 480,B01,1,1,0,2,1,19,5,NULL,202000005548,154 732 480,B01,1,1,4,1,1973,5,8,0,-1,-1," -1",-1,202000005548,4,"BORDEU DE",0,NULL,2,2,0,1,0,0,1,NULL," -1",1,0,1,50
202000005548,31,1,2020,11:10:00,1,64,64445,2,2,1,3,"BORDEU DE","43,3032000"," -0,3708900",202000005548,154 732 480,B01,1,1,0,2,1,19,5,NULL,202000005548,154 732 481,A01,1,1,1,1,1956,4,1,8,-1,-1," -1",-1,202000005548,4,"BORDEU DE",0,NULL,2,2,0,1,0,0,1,NULL," -1",1,0,1,50
202000005558,21,6,2020,09:15:00,1,64,64259,1,1,1,3,D22,"43,2933880"," -1,2417340",202000005558,154 732 464,A01,2,1,0,2,3,2,5,NULL,202000005558,154 732 462,B01,1,1,1,1,1988,9,8,-1,-1,0,0,-1,202000005558,3,22,-1,NULL,2,2,0,2,38,0,4,NULL," -1",1,0,1,80
202000005558,21,6,2020,09:15:00,1,64,64259,1,1,1,3,D22,"43,2933880"," -1,2417340",202000005558,154 732 464,A01,2,1,0,2,3,2,5,NULL,202000005558,154 732 464,A01,1,1,4,1,1961,5,2,-1,-1,0,0,-1,202000005558,3,22,-1,NULL,2,2,0,2,38,0,4,NULL," -1",1,0,1,80
202000005578,21,6,2020,17:00:00,1,77,77078,2,9,1,1,"74 Avenue des Vignes","48,9679880","3,1388180",202000005578,154 732 431,B01,0,1,0,2,0,0,5,NULL,202000005578,154 732 431,B01,1,1,4,1,2008,5,0,-1,-1,0,0,-1,202000005578,9,NULL,-1,NULL,-1,2,0,2,(1),(1),3,NULL,4,1,0,1,30
202000005578,21,6,2020,17:00:00,1,77,77078,2,9,1,1,"74 Avenue des Vignes","48,9679880","3,1388180",202000005578,154 732 431,B01,0,1,0,2,0,0,5,NULL,202000005578,154 732 432,A01,1,1,1,1,1997,5,1,-1,-1,0,0,-1,202000005578,9,NULL,-1,NULL,-1,2,0,2,(1),(1),3,NULL,4,1,0,1,30
202000005596,21,6,2020,15:30:00,1,01,01187,2,3,1,3,"5 Rue Principale","46,0344460","5,6742190",202000005596,154 732 399,B01,2,1,0,2,1,5,5,NULL,202000005596,154 732 399,B01,1,1,3,1,2009,5,0,-1,-1,0,0,-1,202000005596,3,39,-1,NULL,2,1,0,4,18,80,2,NULL," -1",1,0,1,50
202000005596,21,6,2020,15:30:00,1,01,01187,2,3,1,3,"5 Rue Principale","46,0344460","5,6742190",202000005596,154 732 399,B01,2,1,0,2,1,5,5,NULL,202000005596,154 732 399,B01,2,2,4,1,2011,5,0,-1,-1,0,0,-1,202000005596,3,39,-1,NULL,2,1,0,4,18,80,2,NULL," -1",1,0,1,50
202000005596,21,6,2020,15:30:00,1,01,01187,2,3,1,3,"5 Rue Principale","46,0344460","5,6742190",202000005596,154 732 399,B01,2,1,0,2,1,5,5,NULL,202000005596,154 732 400,A01,1,1,1,1,1976,1,1,-1,-1,0,0,-1,202000005596,3,39,-1,NULL,2,1,0,4,18,80,2,NULL," -1",1,0,1,50
202000005609,18,6,2020,15:30:00,1,59,59250,1,1,1,-1,"2150 Rue Faidherbe","50,5830320","2,9030940",202000005609,154 732 376,A01,0,1,0,2,6,19,5,NULL,202000005609,154 732 375,B01,1,1,4,1,2000,5,2,6,-1,0,0,-1,202000005609,4,NULL,0,NULL,2,2,0,1,(1),(1),1,NULL,4,1,0,1,50
202000005609,18,6,2020,15:30:00,1,59,59250,1,1,1,-1,"2150 Rue Faidherbe","50,5830320","2,9030940",202000005609,154 732 376,A01,0,1,0,2,6,19,5,NULL,202000005609,154 732 376,A01,1,1,3,1,2002,5,0,-1,-1,0,0,-1,202000005609,4,NULL,0,NULL,2,2,0,1,(1),(1),1,NULL,4,1,0,1,50
202000005627,18,6,2020,19:25:00,5,974,97411,2,1,1,2,"LECLERC (DU MARECHAL)"," -20,8804400","55,4576100",202000005627,154 732 345,B01,2,1,0,2,4,2,5,NULL,202000005627,154 732 343,A01,1,1,1,1,1979,5,1,0,-1,-1," -1",-1,202000005627,4,"LECLERC (DU MARECHAL)",0,NULL,2,3,3,1,0,0,1,NULL," -1",1,0,1,50
202000005627,18,6,2020,19:25:00,5,974,97411,2,1,1,2,"LECLERC (DU MARECHAL)"," -20,8804400","55,4576100",202000005627,154 732 345,B01,2,1,0,2,4,2,5,NULL,202000005627,154 732 345,B01,1,1,4,2,1977,0,8,0,-1,-1," -1",-1,202000005627,4,"LECLERC (DU MARECHAL)",0,NULL,2,3,3,1,0,0,1,NULL," -1",1,0,1,50
202000005631,19,6,2020,12:35:00,1,69,69386,2,2,1,3,"MARECHAL DE SAXE                    (R )","45,7667700","4,8443000",202000005631,154 732 338,B01,1,1,0,2,1,1,0,NULL,202000005631,154 732 337,A01,1,1,1,1,1975,4,1,8,-1,-1," -1",-1,202000005631,4,"MARECHAL DE SAXE                    (R )",0,NULL,2,3,3,1,0,0,1,NULL," -1",1,0,1,50
202000005631,19,6,2020,12:35:00,1,69,69386,2,2,1,3,"MARECHAL DE SAXE                    (R )","45,7667700","4,8443000",202000005631,154 732 338,B01,1,1,0,2,1,1,0,NULL,202000005631,154 732 338,B01,1,1,4,1,1984,9,8,8,-1,-1," -1",-1,202000005631,4,"MARECHAL DE SAXE                    (R )",0,NULL,2,3,3,1,0,0,1,NULL," -1",1,0,1,50
202000005637,19,6,2020,15:15:00,1,69,69381,2,2,1,3,"PUITS GAILLOT                       (R )","45,7679000","4,8359000",202000005637,154 732 328,B01,3,1,0,9,3,0,0,NULL,202000005637,154 732 326,A01,1,1,1,1,2001,5,8,0,-1,-1," -1",-1,202000005637,4,"PUITS GAILLOT                       (R )",0,NULL,1,2,1,1,(1),(1),1,NULL," -1",1,0,1,50
202000005637,19,6,2020,15:15:00,1,69,69381,2,2,1,3,"PUITS GAILLOT                       (R )","45,7679000","4,8359000",202000005637,154 732 326,A01,3,1,0,9,1,1,0,NULL,202000005637,154 732 326,A01,1,1,1,1,2001,5,8,0,-1,-1," -1",-1,202000005637,4,"PUITS GAILLOT                       (R )",0,NULL,1,2,1,1,(1),(1),1,NULL," -1",1,0,1,50
202000005637,19,6,2020,15:15:00,1,69,69381,2,2,1,3,"PUITS GAILLOT                       (R )","45,7679000","4,8359000",202000005637,154 732 328,B01,3,1,0,9,3,0,0,NULL,202000005637,154 732 328,B01,1,1,4,1,1988,5,8,0,-1,-1," -1",-1,202000005637,4,"PUITS GAILLOT                       (R )",0,NULL,1,2,1,1,(1),(1),1,NULL," -1",1,0,1,50
202000005637,19,6,2020,15:15:00,1,69,69381,2,2,1,3,"PUITS GAILLOT                       (R )","45,7679000","4,8359000",202000005637,154 732 326,A01,3,1,0,9,1,1,0,NULL,202000005637,154 732 328,B01,1,1,4,1,1988,5,8,0,-1,-1," -1",-1,202000005637,4,"PUITS GAILLOT                       (R )",0,NULL,1,2,1,1,(1),(1),1,NULL," -1",1,0,1,50
202000005643,30,1,2020,17:15:00,1,75,75112,2,1,1,-1,"QUAI DE BERCY","48,8382369","2,3764302",202000005643,154 732 320,Z01,1,1,0,2,1,1,5,NULL,202000005643,154 732 319,A01,1,1,4,1,1977,1,8,2,-1,0,0,-1,202000005643,4,NULL,0,NULL,2,2,1,1,0,0,1,NULL," -1",1,-1,5,50
202000005643,30,1,2020,17:15:00,1,75,75112,2,1,1,-1,"QUAI DE BERCY","48,8382369","2,3764302",202000005643,154 732 319,A01,2,1,0,2,1,13,5,NULL,202000005643,154 732 319,A01,1,1,4,1,1977,1,8,2,-1,0,0,-1,202000005643,4,NULL,0,NULL,2,2,1,1,0,0,1,NULL," -1",1,-1,5,50
202000005659,19,6,2020,16:10:00,1,77,77186,1,1,1,3,"RD 142 Glandée au grand veneur","48,4473490","2,6700050",202000005659,154 732 295,A01,2,1,0,2,3,15,5,NULL,202000005659,154 732 294,B01,1,1,1,1,1987,1,1,0,-1,-1," -1",-1,202000005659,3,142,0,NULL,2,2,0,1,14,0,1,NULL," -1",1,0,1,90
202000005659,19,6,2020,16:10:00,1,77,77186,1,1,1,3,"RD 142 Glandée au grand veneur","48,4473490","2,6700050",202000005659,154 732 295,A01,2,1,0,2,3,15,5,NULL,202000005659,154 732 295,A01,1,1,3,1,1976,5,2,0,-1,-1," -1",-1,202000005659,3,142,0,NULL,2,2,0,1,14,0,1,NULL," -1",1,0,1,90
202000005667,29,1,2020,14:30:00,1,94,94042,2,1,1,1,"PRESIDENT JOHN KENNEDY (AV DU)","48,8147041","2,4627732",202000005667,154 732 281,B01,2,1,0,2,1,1,5,NULL,202000005667,154 732 280,A01,1,1,1,1,1992,0,8,0,-1,-1," -1",-1,202000005667,3,148,0,NULL,2,0,1,2,0,1,1,NULL,0,1,0,5,50
202000005667,29,1,2020,14:30:00,1,94,94042,2,1,1,1,"PRESIDENT JOHN KENNEDY (AV DU)","48,8147041","2,4627732",202000005667,154 732 281,B01,2,1,0,2,1,1,5,NULL,202000005667,154 732 281,B01,1,1,3,1,1950,0,2,8,-1,-1," -1",-1,202000005667,3,148,0,NULL,2,0,1,2,0,1,1,NULL,0,1,0,5,50
202000005709,1,2,2020,18:10:00,5,67,67463,2,3,2,1,"1 route de strasbourg","48,8959250","8,1081110",202000005709,154 732 210,B01,1,1,0,2,1,26,5,NULL,202000005709,154 732 209,A01,1,1,1,1,1989,5,8,-1,-1,0,0,-1,202000005709,3,468,-1,NULL,2,2,2,1,102,950,1,NULL,4,2,0,1,50
202000005709,1,2,2020,18:10:00,5,67,67463,2,3,2,1,"1 route de strasbourg","48,8959250","8,1081110",202000005709,154 732 210,B01,1,1,0,2,1,26,5,NULL,202000005709,154 732 210,B01,1,1,3,2,2004,5,0,-1,-1,0,0,-1,202000005709,3,468,-1,NULL,2,2,2,1,102,950,1,NULL,4,2,0,1,50
202000005740,1,2,2020,11:00:00,1,17,17444,1,1,2,2,"RD6 - Route de Gémozac","45,6544730"," -0,6527640",202000005740,154 732 158,A01,2,1,0,0,4,13,5,NULL,202000005740,154 732 157,B01,1,1,1,1,1936,5,8,-1,-1,0,0,-1,202000005740,3,6,-1,NULL,2,2,0,3,(1),(1),1,NULL,7,2,0,1,80
202000005740,1,2,2020,11:00:00,1,17,17444,1,1,2,2,"RD6 - Route de Gémozac","45,6544730"," -0,6527640",202000005740,154 732 158,A01,2,1,0,0,4,13,5,NULL,202000005740,154 732 158,A01,1,1,4,1,1974,5,2,-1,-1,0,0,-1,202000005740,3,6,-1,NULL,2,2,0,3,(1),(1),1,NULL,7,2,0,1,80
202000005780,21,7,2020,12:50:00,1,77,77517,1,1,1,2,"LAGNY (RUE DE)","48,9061700","2,6620000",202000005780,154 732 088,B01,3,1,0,2,4,2,5,NULL,202000005780,154 732 088,B01,1,1,4,1,1962,9,8,0,-1,-1," -1",-1,202000005780,3,86,0,NULL,2,2,1,1,3,880,1,NULL," -1",1,0,1,80
202000005780,21,7,2020,12:50:00,1,77,77517,1,1,1,2,"LAGNY (RUE DE)","48,9061700","2,6620000",202000005780,154 732 088,B01,3,1,0,2,4,2,5,NULL,202000005780,154 732 089,A01,1,1,1,1,1998,0,8,4,-1,-1," -1",-1,202000005780,3,86,0,NULL,2,2,1,1,3,880,1,NULL," -1",1,0,1,80
202000005784,21,7,2020,17:35:00,1,69,69266,2,1,2,3,"ROGER SALENGRO     (Avenue)","45,7794300","4,8815800",202000005784,154 732 079,B01,1,1,0,2,8,14,5,NULL,202000005784,154 732 079,B01,1,1,4,1,1959,0,8,0,-1,-1," -1",-1,202000005784,4,NULL,0,NULL,3,2,0,1,(1),(1),1,NULL," -1",1,0,1,50
202000005784,21,7,2020,17:35:00,1,69,69266,2,1,2,3,"ROGER SALENGRO     (Avenue)","45,7794300","4,8815800",202000005784,154 732 079,B01,1,1,0,2,8,14,5,NULL,202000005784,154 732 080,A01,1,1,1,1,1988,0,8,0,-1,-1," -1",-1,202000005784,4,NULL,0,NULL,3,2,0,1,(1),(1),1,NULL," -1",1,0,1,50
202000005784,21,7,2020,17:35:00,1,69,69266,2,1,2,3,"ROGER SALENGRO     (Avenue)","45,7794300","4,8815800",202000005784,154 732 079,B01,1,1,0,2,8,14,5,NULL,202000005784,154 732 080,A01,2,2,1,1,1984,0,8,0,-1,-1," -1",-1,202000005784,4,NULL,0,NULL,3,2,0,1,(1),(1),1,NULL," -1",1,0,1,50
202000005786,18,7,2020,14:00:00,1,67,67482,2,2,1,3,"ROMAINS (ROUTE DES)","48,5795440","7,7156357",202000005786,154 732 075,B01,3,1,0,2,7,19,5,NULL,202000005786,154 732 074,A01,1,1,1,1,1993,0,8,0,-1,-1," -1",-1,202000005786,4,NULL,0,NULL,2,3,2,1,0,0,1,NULL," -1",1,0,5,50
202000005786,18,7,2020,14:00:00,1,67,67482,2,2,1,3,"ROMAINS (ROUTE DES)","48,5795440","7,7156357",202000005786,154 732 075,B01,3,1,0,2,7,19,5,NULL,202000005786,154 732 075,B01,1,1,4,2,2002,1,8,0,-1,-1," -1",-1,202000005786,4,NULL,0,NULL,2,3,2,1,0,0,1,NULL," -1",1,0,5,50
202000005796,21,7,2020,19:20:00,1,59,59599,2,3,1,1,"LILLE (RUE DE)","50,7224700","3,1533540",202000005796,154 732 059,B01,2,1,0,2,1,1,0,NULL,202000005796,154 732 058,A01,1,1,1,2,1968,0,1,0,-1,-1," -1",-1,202000005796,4,"LILLE (RUE DE)",0,NULL,2,1,0,1,0,0,1,NULL," -1",1,0,1,50
202000005796,21,7,2020,19:20:00,1,59,59599,2,3,1,1,"LILLE (RUE DE)","50,7224700","3,1533540",202000005796,154 732 059,B01,2,1,0,2,1,1,0,NULL,202000005796,154 732 059,B01,1,1,4,1,2001,0,2,8,-1,-1," -1",-1,202000005796,4,"LILLE (RUE DE)",0,NULL,2,1,0,1,0,0,1,NULL," -1",1,0,1,50
202000005799,21,7,2020,14:40:00,1,51,51573,2,6,1,1,"Avenue du 29 Août 1944","49,2473844","3,9991922",202000005799,154 732 052,A01,1,1,0,2,3,5,0,NULL,202000005799,154 732 051,B01,1,1,1,1,1929,9,1,-1,-1,-1," -1",-1,202000005799,3,980,0,NULL,2,2,0,1,34,870,1,NULL," -1",1,0,1,50
202000005799,21,7,2020,14:40:00,1,51,51573,2,6,1,1,"Avenue du 29 Août 1944","49,2473844","3,9991922",202000005799,154 732 052,A01,1,1,0,2,3,5,0,NULL,202000005799,154 732 052,A01,1,1,4,1,2003,0,8,-1,-1,-1," -1",-1,202000005799,3,980,0,NULL,2,2,0,1,34,870,1,NULL," -1",1,0,1,50
202000005801,21,7,2020,21:30:00,1,50,50218,2,1,1,6,"PLAT GOUSSET (PROMENADE)","48,8430650"," -1,5939520",202000005801,154 732 049,A01,3,1,0,1,8,26,5,NULL,202000005801,154 732 049,A01,1,1,4,1,2005,5,8,0,-1,-1," -1",-1,202000005801,9,"PLAT GOUSSET (PROMENADE)",0,NULL,-1,1,3,1,(1),(1),1,NULL," -1",1,6,8,1
202000005801,21,7,2020,21:30:00,1,50,50218,2,1,1,6,"PLAT GOUSSET (PROMENADE)","48,8430650"," -1,5939520",202000005801,154 732 049,A01,3,1,0,1,8,26,5,NULL,202000005801,154 732 049,A01,10,3,1,2,1947,5,0,-1,-1,5,2,3,202000005801,9,"PLAT GOUSSET (PROMENADE)",0,NULL,-1,1,3,1,(1),(1),1,NULL," -1",1,6,8,1
202000005804,17,7,2020,14:21:00,1,49,49267,2,1,1,2,"Route d'ANGERS","47,4668900"," -0,4963400",202000005804,154 732 043,A01,1,1,0,2,1,0,5,NULL,202000005804,154 732 043,A01,1,1,4,1,2001,0,8,0,-1,-1," -1",-1,202000005804,4,"Route d'ANGERS",0,NULL,2,2,0,1,0,0,1,NULL," -1",1,0,1,60
202000005804,17,7,2020,14:21:00,1,49,49267,2,1,1,2,"Route d'ANGERS","47,4668900"," -0,4963400",202000005804,154 732 043,A01,1,1,0,2,1,0,5,NULL,202000005804,154 732 044,B01,1,1,1,2,1965,1,1,8,-1,-1," -1",-1,202000005804,4,"Route d'ANGERS",0,NULL,2,2,0,1,0,0,1,NULL," -1",1,0,1,60
202000005806,21,7,2020,19:10:00,1,45,45234,2,6,1,3,"rond point de la tangentielle","47,9243000","1,9412000",202000005806,154 732 041,A01,2,1,0,2,8,19,5,NULL,202000005806,154 732 040,B01,2,2,1,1,1979,5,1,0,-1,-1," -1",-1,202000005806,3,NULL,0,NULL,1,2,2,2,(1),(1),1,NULL," -1",1,0,1,50
202000005806,21,7,2020,19:10:00,1,45,45234,2,6,1,3,"rond point de la tangentielle","47,9243000","1,9412000",202000005806,154 732 041,A01,2,1,0,2,8,19,5,NULL,202000005806,154 732 040,B01,1,1,1,1,1980,5,1,0,-1,-1," -1",-1,202000005806,3,NULL,0,NULL,1,2,2,2,(1),(1),1,NULL," -1",1,0,1,50
202000005806,21,7,2020,19:10:00,1,45,45234,2,6,1,3,"rond point de la tangentielle","47,9243000","1,9412000",202000005806,154 732 041,A01,2,1,0,2,8,19,5,NULL,202000005806,154 732 041,A01,1,1,4,1,1999,1,8,0,-1,-1," -1",-1,202000005806,3,NULL,0,NULL,1,2,2,2,(1),(1),1,NULL," -1",1,0,1,50
202000005814,21,7,2020,20:35:00,2,35,35051,2,6,1,3,"RENNES (RUE DE)","48,1143000"," -1,6152000",202000005814,154 732 028,B01,0,1,0,0,0,0,0,NULL,202000005814,154 732 027,A01,1,1,1,2,1997,5,1,0,-1,-1," -1",-1,202000005814,4,"RENNES (RUE DE)",0,NULL,1,1,0,1,(1),(1),1,NULL," -1",1,5,8,30
202000005814,21,7,2020,20:35:00,2,35,35051,2,6,1,3,"RENNES (RUE DE)","48,1143000"," -1,6152000",202000005814,154 732 028,B01,0,1,0,0,0,0,0,NULL,202000005814,154 732 028,B01,1,1,4,1,1954,0,8,0,-1,-1," -1",-1,202000005814,4,"RENNES (RUE DE)",0,NULL,1,1,0,1,(1),(1),1,NULL," -1",1,5,8,30
202000005815,21,7,2020,19:25:00,1,35,35238,2,6,1,3,"CHATEAU (AVENUE FRANCOIS)","48,1115300"," -1,6461100",202000005815,154 732 026,B01,0,1,0,2,4,1,5,NULL,202000005815,154 732 025,A01,1,1,1,1,1996,3,1,0,-1,-1," -1",-1,202000005815,4,"CHATEAU (AVENUE FRANCOIS)",0,NULL,4,1,1,1,(1),(1),3,NULL," -1",1,0,5,50
202000005815,21,7,2020,19:25:00,1,35,35238,2,6,1,3,"CHATEAU (AVENUE FRANCOIS)","48,1115300"," -1,6461100",202000005815,154 732 026,B01,0,1,0,2,4,1,5,NULL,202000005815,154 732 026,B01,1,1,4,1,1986,5,2,-1,-1,-1," -1",-1,202000005815,4,"CHATEAU (AVENUE FRANCOIS)",0,NULL,4,1,1,1,(1),(1),3,NULL," -1",1,0,5,50
202000005825,20,7,2020,16:50:00,1,17,17028,2,1,1,3,"RENAN   RUE ERNEST","46,1290359"," -1,1189449",202000005825,154 732 006,B01,3,1,0,2,1,9,5,NULL,202000005825,154 732 006,B01,1,1,4,2,2004,5,8,0,-1,-1," -1",-1,202000005825,4,"RENAN   RUE ERNEST",0,NULL,2,4,0,1,0,0,1,NULL," -1",1,9,1,30
202000005825,20,7,2020,16:50:00,1,17,17028,2,1,1,3,"RENAN   RUE ERNEST","46,1290359"," -1,1189449",202000005825,154 732 006,B01,3,1,0,2,1,9,5,NULL,202000005825,154 732 007,A01,1,1,1,2,1963,5,1,0,-1,-1," -1",-1,202000005825,4,"RENAN   RUE ERNEST",0,NULL,2,4,0,1,0,0,1,NULL," -1",1,9,1,30
202000005833,21,7,2020,20:15:00,1,75,75119,2,7,1,3,"PLACE DE LA BATAILLE DE STALINGRAD","48,8832870","2,3693530",202000005833,154 731 991,A01,1,1,0,2,8,1,5,NULL,202000005833,154 731 991,A01,1,1,4,1,1972,5,2,0,-1,0,0,-1,202000005833,4,NULL,0,NULL,2,4,1,1,0,0,1,NULL," -1",1,-1,5,50
202000005837,20,7,2020,22:25:00,5,75,75111,2,5,1,3,"BOULEVARD VOLTAIRE","48,8504010","2,3925060",202000005837,154 731 983,B01,1,1,0,2,8,1,5,NULL,202000005837,154 731 983,B01,1,1,4,1,1988,9,2,0,-1,0,0,-1,202000005837,4,NULL,0,NULL,2,2,0,1,0,0,1,NULL," -1",1,0,1,50
202000005837,20,7,2020,22:25:00,5,75,75111,2,5,1,3,"BOULEVARD VOLTAIRE","48,8504010","2,3925060",202000005837,154 731 983,B01,1,1,0,2,8,1,5,NULL,202000005837,154 731 984,A01,1,1,1,2,1995,9,1,0,-1,0,0,-1,202000005837,4,NULL,0,NULL,2,2,0,1,0,0,1,NULL," -1",1,0,1,50
202000005838,7,10,2020,19:15:00,2,75,75110,2,1,1,3,"QUAI DE JEMMAPES","48,8709430","2,3660480",202000005838,154 731 981,A01,1,1,0,2,1,17,5,NULL,202000005838,154 731 981,A01,1,1,4,2,1979,1,2,0,-1,0,0,-1,202000005838,4,NULL,0,NULL,1,2,1,1,0,0,1,NULL," -1",1,-1,5,50
202000005838,7,10,2020,19:15:00,2,75,75110,2,1,1,3,"QUAI DE JEMMAPES","48,8709430","2,3660480",202000005838,154 731 981,A01,1,1,0,2,1,17,5,NULL,202000005838,154 731 982,B01,1,1,1,1,2002,9,1,0,-1,0,0,-1,202000005838,4,NULL,0,NULL,1,2,1,1,0,0,1,NULL," -1",1,-1,5,50
202000005842,15,7,2020,18:25:00,2,75,75104,2,1,1,3,"RUE SAINT ANTOINE","48,8550060","2,3613510",202000005842,154 731 974,B01,1,1,0,2,1,1,5,NULL,202000005842,154 731 973,A01,1,1,4,1,2002,9,2,0,-1,0,0,-1,202000005842,4,NULL,0,NULL,1,1,1,1,(1),0,1,NULL," -1",1,-1,5,50
202000005842,15,7,2020,18:25:00,2,75,75104,2,1,1,3,"RUE SAINT ANTOINE","48,8550060","2,3613510",202000005842,154 731 973,A01,1,1,0,2,1,9,5,NULL,202000005842,154 731 973,A01,1,1,4,1,2002,9,2,0,-1,0,0,-1,202000005842,4,NULL,0,NULL,1,1,1,1,(1),0,1,NULL," -1",1,-1,5,50
202000005842,15,7,2020,18:25:00,2,75,75104,2,1,1,3,"RUE SAINT ANTOINE","48,8550060","2,3613510",202000005842,154 731 974,B01,1,1,0,2,1,1,5,NULL,202000005842,154 731 974,B01,1,1,1,2,1994,9,2,0,-1,0,0,-1,202000005842,4,NULL,0,NULL,1,1,1,1,(1),0,1,NULL," -1",1,-1,5,50
202000005842,15,7,2020,18:25:00,2,75,75104,2,1,1,3,"RUE SAINT ANTOINE","48,8550060","2,3613510",202000005842,154 731 973,A01,1,1,0,2,1,9,5,NULL,202000005842,154 731 974,B01,1,1,1,2,1994,9,2,0,-1,0,0,-1,202000005842,4,NULL,0,NULL,1,1,1,1,(1),0,1,NULL," -1",1,-1,5,50
202000005843,21,7,2020,11:26:00,1,75,75104,2,3,1,7,"RUE SAINT ANTOINE","48,8534200","2,3671910",202000005843,154 731 972,A01,1,1,0,0,1,16,5,NULL,202000005843,154 731 972,A01,1,1,4,1,1977,1,2,0,-1,0,0,-1,202000005843,4,NULL,0,NULL,2,4,0,1,0,0,1,NULL," -1",1,0,1,30