Num_Acc,jour,mois,an,hrmn,lum,dep,com,agg,int,atm,col,adr,lat,long,Num_Acc,id_vehicule,num_veh,senc,catv,obs,obsm,choc,manv,motor,occutc,Num_Acc,id_vehicule,num_veh,place,catu,grav,sexe,an_nais,trajet,secu1,secu2,secu3,locp,actp,etatp,Num_Acc,catr,voie,v1,v2,circ,nbv,vosp,prof,pr,pr1,plan,lartpc,larrout,surf,infra,situ,vma
202000005857,21,7,2020,09:10:00,1,93,93077,2,3,1,3,"GALLIENI (AVENUE DU GENERAL)","48,8918915","2,5058543",202000005857,154 731 949,B01,3,1,0,2,1,9,0,NULL,202000005857,154 731 948,A01,1,1,1,1,1978,4,8,0,-1,-1," -1",-1,202000005857,3,10,0,NULL,2,2,0,1,0,1,1,NULL," -1",1,0,1,50
202000005857,21,7,2020,09:10:00,1,93,93077,2,3,1,3,"GALLIENI (AVENUE DU GENERAL)","48,8918915","2,5058543",202000005857,154 731 949,B01,3,1,0,2,1,9,0,NULL,202000005857,154 731 949,B01,1,1,4,1,1998,9,2,0,-1,-1," -1",-1,202000005857,3,10,0,NULL,2,2,0,1,0,1,1,NULL," -1",1,0,1,50
202000005866,21,7,2020,14:30:00,1,92,92040,2,9,1,2,"GALLIENI (BOULEVARD)","48,8279579","2,2675277",202000005866,154 731 934,B01,1,1,0,0,6,14,0,NULL,202000005866,154 731 933,A01,1,1,1,1,1978,9,2,6,-1,-1," -1",-1,202000005866,3,69,0,NULL,2,0,0,1,0,0,1,NULL," -1",1,9,8,50
202000005866,21,7,2020,14:30:00,1,92,92040,2,9,1,2,"GALLIENI (BOULEVARD)","48,8279579","2,2675277",202000005866,154 731 934,B01,1,1,0,0,6,14,0,NULL,202000005866,154 731 934,B01,1,1,4,2,1989,0,8,0,-1,-1," -1",-1,202000005866,3,69,0,NULL,2,0,0,1,0,0,1,NULL," -1",1,9,8,50
202000005868,21,7,2020,09:10:00,1,17,17245,2,1,7,-1,"30 Grande Rue","46,1556120"," -1,0120140",202000005868,154 731 931,D01,2,1,0,9,1,1,5,NULL,202000005868,154 731 928,C01,1,1,4,1,1955,5,2,-1,-1,0,0,-1,202000005868,3,110,-1,E,2,2,0,1,5,370,1,NULL,5,1,0,1,30
202000005868,21,7,2020,09:10:00,1,17,17245,2,1,7,-1,"30 Grande Rue","46,1556120"," -1,0120140",202000005868,154 731 929,B01,2,1,14,0,1,1,5,NULL,202000005868,154 731 928,C01,1,1,4,1,1955,5,2,-1,-1,0,0,-1,202000005868,3,110,-1,E,2,2,0,1,5,370,1,NULL,5,1,0,1,30
202000005868,21,7,2020,09:10:00,1,17,17245,2,1,7,-1,"30 Grande Rue","46,1556120"," -1,0120140",202000005868,154 731 928,C01,2,1,14,0,1,1,5,NULL,202000005868,154 731 928,C01,1,1,4,1,1955,5,2,-1,-1,0,0,-1,202000005868,3,110,-1,E,2,2,0,1,5,370,1,NULL,5,1,0,1,30
202000005868,21,7,2020,09:10:00,1,17,17245,2,1,7,-1,"30 Grande Rue","46,1556120"," -1,0120140",202000005868,154 731 931,D01,2,1,0,9,1,1,5,NULL,202000005868,154 731 929,B01,1,1,4,1,1944,5,2,-1,-1,0,0,-1,202000005868,3,110,-1,E,2,2,0,1,5,370,1,NULL,5,1,0,1,30
202000005868,21,7,2020,09:10:00,1,17,17245,2,1,7,-1,"30 Grande Rue","46,1556120"," -1,0120140",202000005868,154 731 929,B01,2,1,14,0,1,1,5,NULL,202000005868,154 731 929,B01,1,1,4,1,1944,5,2,-1,-1,0,0,-1,202000005868,3,110,-1,E,2,2,0,1,5,370,1,NULL,5,1,0,1,30
202000005868,21,7,2020,09:10:00,1,17,17245,2,1,7,-1,"30 Grande Rue","46,1556120"," -1,0120140",202000005868,154 731 928,C01,2,1,14,0,1,1,5,NULL,202000005868,154 731 929,B01,1,1,4,1,1944,5,2,-1,-1,0,0,-1,202000005868,3,110,-1,E,2,2,0,1,5,370,1,NULL,5,1,0,1,30
202000005868,21,7,2020,09:10:00,1,17,17245,2,1,7,-1,"30 Grande Rue","46,1556120"," -1,0120140",202000005868,154 731 931,D01,2,1,0,9,1,1,5,NULL,202000005868,154 731 930,A01,1,1,1,2,1988,9,1,-1,-1,0,0,-1,202000005868,3,110,-1,E,2,2,0,1,5,370,1,NULL,5,1,0,1,30
202000005868,21,7,2020,09:10:00,1,17,17245,2,1,7,-1,"30 Grande Rue","46,1556120"," -1,0120140",202000005868,154 731 929,B01,2,1,14,0,1,1,5,NULL,202000005868,154 731 930,A01,1,1,1,2,1988,9,1,-1,-1,0,0,-1,202000005868,3,110,-1,E,2,2,0,1,5,370,1,NULL,5,1,0,1,30
202000005868,21,7,2020,09:10:00,1,17,17245,2,1,7,-1,"30 Grande Rue","46,1556120"," -1,0120140",202000005868,154 731 928,C01,2,1,14,0,1,1,5,NULL,202000005868,154 731 930,A01,1,1,1,2,1988,9,1,-1,-1,0,0,-1,202000005868,3,110,-1,E,2,2,0,1,5,370,1,NULL,5,1,0,1,30
202000005868,21,7,2020,09:10:00,1,17,17245,2,1,7,-1,"30 Grande Rue","46,1556120"," -1,0120140",202000005868,154 731 931,D01,2,1,0,9,1,1,5,NULL,202000005868,154 731 931,D01,1,1,1,1,1960,5,2,-1,-1,0,0,-1,202000005868,3,110,-1,E,2,2,0,1,5,370,1,NULL,5,1,0,1,30
202000005868,21,7,2020,09:10:00,1,17,17245,2,1,7,-1,"30 Grande Rue","46,1556120"," -1,0120140",202000005868,154 731 929,B01,2,1,14,0,1,1,5,NULL,202000005868,154 731 931,D01,1,1,1,1,1960,5,2,-1,-1,0,0,-1,202000005868,3,110,-1,E,2,2,0,1,5,370,1,NULL,5,1,0,1,30
202000005868,21,7,2020,09:10:00,1,17,17245,2,1,7,-1,"30 Grande Rue","46,1556120"," -1,0120140",202000005868,154 731 928,C01,2,1,14,0,1,1,5,NULL,202000005868,154 731 931,D01,1,1,1,1,1960,5,2,-1,-1,0,0,-1,202000005868,3,110,-1,E,2,2,0,1,5,370,1,NULL,5,1,0,1,30
202000005870,22,7,2020,08:50:00,1,71,71047,2,2,1,3,"Rue du Musée","46,6216670","3,7675298",202000005870,154 731 923,B01,2,1,0,2,1,1,5,NULL,202000005870,154 731 923,B01,1,1,4,1,2009,5,2,-1,-1,0,0,-1,202000005870,3,979,0,A,2,2,0,4,3,810,1,NULL," -1",1,0,1,50
202000005870,22,7,2020,08:50:00,1,71,71047,2,2,1,3,"Rue du Musée","46,6216670","3,7675298",202000005870,154 731 923,B01,2,1,0,2,1,1,5,NULL,202000005870,154 731 924,A01,1,1,1,2,1981,2,8,-1,-1,0,0,-1,202000005870,3,979,0,A,2,2,0,4,3,810,1,NULL," -1",1,0,1,50
202000005875,19,7,2020,11:16:00,1,01,01194,2,3,1,3,"Rue du Beaujolais","45,9855900","4,7543980",202000005875,154 731 915,A01,1,1,0,2,1,1,5,NULL,202000005875,154 731 914,B01,1,1,1,2,1994,0,1,-1,-1,0,0,-1,202000005875,3,904,-1,NULL,2,2,0,1,0,375,1,NULL," -1",1,0,1,50
202000005875,19,7,2020,11:16:00,1,01,01194,2,3,1,3,"Rue du Beaujolais","45,9855900","4,7543980",202000005875,154 731 915,A01,1,1,0,2,1,1,5,NULL,202000005875,154 731 915,A01,1,1,3,1,1968,5,2,-1,-1,0,0,-1,202000005875,3,904,-1,NULL,2,2,0,1,0,375,1,NULL," -1",1,0,1,50
202000005878,21,7,2020,07:00:00,1,59,59016,2,2,1,3,"rue du nord","50,9653530","2,3464230",202000005878,154 731 908,B01,2,1,0,0,1,26,6,NULL,202000005878,154 731 907,A01,1,1,1,1,1983,1,1,-1,-1,0,0,-1,202000005878,3,03,0,D,2,2,0,1,20,799,1,NULL," -1",1,0,1,50
202000005878,21,7,2020,07:00:00,1,59,59016,2,2,1,3,"rue du nord","50,9653530","2,3464230",202000005878,154 731 908,B01,2,1,0,0,1,26,6,NULL,202000005878,154 731 908,B01,1,1,3,1,1969,1,2,-1,-1,0,0,-1,202000005878,3,03,0,D,2,2,0,1,20,799,1,NULL," -1",1,0,1,50
202000005888,18,7,2020,18:35:00,1,80,80649,1,1,1,7,D940,"50,3440230","1,6450520",202000005888,154 731 892,A01,1,1,0,0,0,1,5,NULL,202000005888,154 731 892,A01,1,1,4,1,1977,5,2,-1,-1,0,0,-1,202000005888,3,940,-1,NULL,2,2,0,1,47,880,1,NULL," -1",1,0,3,80
202000005892,21,7,2020,18:00:00,1,49,49135,1,2,7,3,"Rue d'Epinard","47,5624970"," -0,5854080",202000005892,154 731 883,B01,2,1,0,2,1,1,5,NULL,202000005892,154 731 883,B01,1,1,3,1,1963,5,2,6,-1,0,0,-1,202000005892,3,191,0,NULL,2,2,0,1,24,1000,1,NULL," -1",1,5,1,80
202000005892,21,7,2020,18:00:00,1,49,49135,1,2,7,3,"Rue d'Epinard","47,5624970"," -0,5854080",202000005892,154 731 883,B01,2,1,0,2,1,1,5,NULL,202000005892,154 731 884,A01,1,1,1,2,1972,4,1,-1,-1,0,0,-1,202000005892,3,191,0,NULL,2,2,0,1,24,1000,1,NULL," -1",1,5,1,80
202000005896,21,7,2020,09:44:00,1,84,84020,1,1,1,6,D36,"43,8145720","5,3285620",202000005896,154 731 878,A01,1,1,0,9,1,1,5,NULL,202000005896,154 731 878,A01,1,1,3,1,1954,5,2,-1,-1,0,0,-1,202000005896,3,36,-1,NULL,2,2,0,2,(1),(1),4,NULL," -1",1,0,1,-1
202000005899,22,7,2020,09:40:00,1,83,83095,1,1,1,7,RD560,"43,5558650","6,1167560",202000005899,154 731 869,A01,2,1,0,0,1,0,5,NULL,202000005899,154 731 869,A01,1,1,4,1,1941,5,2,-1,-1,0,0,-1,202000005899,3,560,-1,NULL,2,2,0,2,49,200,1,NULL," -1",1,0,1,80
202000005941,18,7,2020,12:17:00,1,91,91477,2,2,1,3,"VALLEE (CHEMIN DE LA)","48,7238800","2,2383200",202000005941,154 731 788,B01,3,1,0,2,1,7,5,NULL,202000005941,154 731 788,B01,1,1,3,1,1998,0,8,0,-1,-1," -1",-1,202000005941,4,NULL,0,NULL,-1,2,0,2,0,0,1,NULL," -1",1,9,1,50
202000005941,18,7,2020,12:17:00,1,91,91477,2,2,1,3,"VALLEE (CHEMIN DE LA)","48,7238800","2,2383200",202000005941,154 731 788,B01,3,1,0,2,1,7,5,NULL,202000005941,154 731 789,A01,1,1,1,2,1969,0,1,0,-1,-1," -1",-1,202000005941,4,NULL,0,NULL,-1,2,0,2,0,0,1,NULL," -1",1,9,1,50
202000005951,20,7,2020,18:40:00,1,69,69266,2,3,1,3,"ALSACE   (Rue d')","45,7637802","4,8699254",202000005951,154 731 766,A01,1,1,0,9,1,26,5,NULL,202000005951,154 731 765,B01,1,1,4,1,1996,5,1,0,-1,-1," -1",-1,202000005951,4,NULL,0,NULL,1,0,3,1,0,0,1,NULL," -1",1,0,1,30
202000005954,19,7,2020,12:40:00,1,64,64445,2,1,1,-1,"ALLEES DE MORLAAS DES","43,3045000"," -0,3490300",202000005954,154 731 759,B01,2,1,0,2,1,1,5,NULL,202000005954,154 731 759,B01,1,1,4,1,1963,5,2,8,-1,-1," -1",-1,202000005954,4,"RUE DES CHÊNES",0,NULL,2,2,0,1,0,0,1,NULL," -1",1,0,1,30
202000005954,19,7,2020,12:40:00,1,64,64445,2,1,1,-1,"ALLEES DE MORLAAS DES","43,3045000"," -0,3490300",202000005954,154 731 759,B01,2,1,0,2,1,1,5,NULL,202000005954,154 731 760,A01,1,1,1,2,1971,5,1,8,-1,-1," -1",-1,202000005954,4,"RUE DES CHÊNES",0,NULL,2,2,0,1,0,0,1,NULL," -1",1,0,1,30
202000005976,15,10,2020,17:15:00,1,973,97302,2,1,1,3,"MANDELA  (BOULEVARD)","4,9374700"," -52,3258000",202000005976,154 731 719,Y01,1,1,0,0,0,1,-1,NULL,202000005976,154 731 719,Y01,1,1,4,1,2005,0,8,0,-1,-1," -1",-1,202000005976,3,00017,0,NULL,1,2,0,1,0,200,1,NULL," -1",1,0,1,50
202000005977,15,10,2020,20:00:00,5,69,69387,2,2,1,1,"GAMBETTA                            (CO)","45,7521000","4,8522000",202000005977,154 731 717,B01,1,1,0,2,1,23,5,NULL,202000005977,154 731 717,B01,1,1,4,1,1984,0,8,0,-1,-1," -1",-1,202000005977,4,NULL,0,NULL,2,4,2,1,0,0,1,NULL," -1",1,0,1,50
202000005977,15,10,2020,20:00:00,5,69,69387,2,2,1,1,"GAMBETTA                            (CO)","45,7521000","4,8522000",202000005977,154 731 717,B01,1,1,0,2,1,23,5,NULL,202000005977,154 731 718,A01,1,1,1,1,1994,0,1,0,-1,-1," -1",-1,202000005977,4,NULL,0,NULL,2,4,2,1,0,0,1,NULL," -1",1,0,1,50
202000005993,14,10,2020,18:30:00,1,76,76575,2,1,1,6,"UNIVERSITE. AVENUE DE L'","49,3868400","1,0660300",202000005993,154 731 688,A01,1,1,0,1,4,1,5,NULL,202000005993,154 731 688,A01,10,3,4,2,1963,5,8,8,-1,9,1,1,202000005993,4,"UNIVERSITE. AVENUE DE L'",0,NULL,2,1,0,1,0,0,1,NULL," -1",1,-1,8,30
202000005997,15,10,2020,08:30:00,1,69,69264,2,1,1,3,"GAMBETTA  BD","45,9908798","4,7150969",202000005997,154 731 681,A01,2,1,0,2,1,18,0,NULL,202000005997,154 731 680,B01,1,1,1,2,1983,5,1,0,-1,-1," -1",-1,202000005997,4,NULL,0,NULL,2,2,0,2,0,0,1,NULL," -1",1,0,1,50
202000005997,15,10,2020,08:30:00,1,69,69264,2,1,1,3,"GAMBETTA  BD","45,9908798","4,7150969",202000005997,154 731 681,A01,2,1,0,2,1,18,0,NULL,202000005997,154 731 681,A01,1,1,4,1,2008,2,8,0,-1,-1," -1",-1,202000005997,4,NULL,0,NULL,2,2,0,2,0,0,1,NULL," -1",1,0,1,50
202000005998,14,10,2020,18:00:00,2,67,67482,2,1,2,1,"NANTES (RUE DE)","48,5718000","7,7800000",202000005998,154 731 679,B01,2,1,0,2,1,13,5,NULL,202000005998,154 731 678,A01,1,1,4,1,2006,2,8,0,-1,-1," -1",-1,202000005998,4,"NANTES (RUE DE)",0,NULL,2,2,1,1,0,0,2,NULL," -1",2,0,5,35
202000005998,14,10,2020,18:00:00,2,67,67482,2,1,2,1,"NANTES (RUE DE)","48,5718000","7,7800000",202000005998,154 731 678,A01,1,1,0,2,1,13,5,NULL,202000005998,154 731 678,A01,1,1,4,1,2006,2,8,0,-1,-1," -1",-1,202000005998,4,"NANTES (RUE DE)",0,NULL,2,2,1,1,0,0,2,NULL," -1",2,0,5,35
202000005998,14,10,2020,18:00:00,2,67,67482,2,1,2,1,"NANTES (RUE DE)","48,5718000","7,7800000",202000005998,154 731 679,B01,2,1,0,2,1,13,5,NULL,202000005998,154 731 679,B01,1,1,4,2,1995,0,8,8,-1,-1," -1",-1,202000005998,4,"NANTES (RUE DE)",0,NULL,2,2,1,1,0,0,2,NULL," -1",2,0,5,35
202000005998,14,10,2020,18:00:00,2,67,67482,2,1,2,1,"NANTES (RUE DE)","48,5718000","7,7800000",202000005998,154 731 678,A01,1,1,0,2,1,13,5,NULL,202000005998,154 731 679,B01,1,1,4,2,1995,0,8,8,-1,-1," -1",-1,202000005998,4,"NANTES (RUE DE)",0,NULL,2,2,1,1,0,0,2,NULL," -1",2,0,5,35
202000006000,15,10,2020,09:55:00,1,64,64445,2,6,1,3,"DROITS DE L' HOMME DES","43,3130600"," -0,3689600",202000006000,154 731 674,B01,1,1,0,2,5,1,5,NULL,202000006000,154 731 674,B01,1,1,4,1,2006,5,8,0,-1,-1," -1",-1,202000006000,4,"LEON BERARD",0,NULL,2,2,1,1,0,0,1,NULL," -1",1,0,1,50
202000006000,15,10,2020,09:55:00,1,64,64445,2,6,1,3,"DROITS DE L' HOMME DES","43,3130600"," -0,3689600",202000006000,154 731 674,B01,1,1,0,2,5,1,5,NULL,202000006000,154 731 675,A01,1,1,1,1,1997,5,1,0,-1,-1," -1",-1,202000006000,4,"LEON BERARD",0,NULL,2,2,1,1,0,0,1,NULL," -1",1,0,1,50
202000006001,15,10,2020,15:20:00,1,64,64102,2,6,8,3,"9 chemin des barthes","43,4979200"," -1,4937000",202000006001,154 731 673,B01,3,1,0,2,1,1,5,NULL,202000006001,154 731 672,A01,1,1,1,2,1975,0,1,0,-1,-1," -1",-1,202000006001,4,NULL,0,NULL,1,3,1,1,0,0,2,NULL," -1",1,5,5,50
202000006001,15,10,2020,15:20:00,1,64,64102,2,6,8,3,"9 chemin des barthes","43,4979200"," -1,4937000",202000006001,154 731 673,B01,3,1,0,2,1,1,5,NULL,202000006001,154 731 673,B01,1,1,4,2,1971,0,2,0,-1,-1," -1",-1,202000006001,4,NULL,0,NULL,1,3,1,1,0,0,2,NULL," -1",1,5,5,50
202000006008,15,10,2020,07:50:00,2,56,56260,2,1,1,1,"PAIX(BLD DE LA) 41 A 109 ET 52 A 124","47,6613800"," -2,7564900",202000006008,154 731 661,B01,1,1,0,2,1,1,5,NULL,202000006008,154 731 661,B01,1,1,4,1,1985,1,2,8,-1,-1," -1",-1,202000006008,3,779,0,B,2,2,1,1,1,260,1,NULL," -1",1,0,1,50
202000006008,15,10,2020,07:50:00,2,56,56260,2,1,1,1,"PAIX(BLD DE LA) 41 A 109 ET 52 A 124","47,6613800"," -2,7564900",202000006008,154 731 661,B01,1,1,0,2,1,1,5,NULL,202000006008,154 731 662,A01,1,1,1,1,1946,9,1,8,-1,-1," -1",-1,202000006008,3,779,0,B,2,2,1,1,1,260,1,NULL," -1",1,0,1,50
202000006010,14,10,2020,19:40:00,5,54,54395,2,3,2,3,"MOUILLERON (RUE GABRIEL)","48,6849367","6,1753904",202000006010,154 731 657,B01,1,1,0,2,2,1,5,NULL,202000006010,154 731 657,B01,1,1,4,2,1994,0,2,0,-1,-1," -1",-1,202000006010,4,NULL,0,NULL,1,1,1,2,0,0,1,NULL," -1",2,0,1,30
202000006010,14,10,2020,19:40:00,5,54,54395,2,3,2,3,"MOUILLERON (RUE GABRIEL)","48,6849367","6,1753904",202000006010,154 731 657,B01,1,1,0,2,2,1,5,NULL,202000006010,154 731 658,A01,1,1,1,2,1998,0,1,0,-1,0,0,-1,202000006010,4,NULL,0,NULL,1,1,1,2,0,0,1,NULL," -1",2,0,1,30
202000006011,14,10,2020,19:40:00,5,54,54395,2,1,2,6,"CARMES (RUE DES)","48,6904960","6,1812960",202000006011,154 731 656,A01,1,1,0,1,0,1,5,NULL,202000006011,154 731 656,A01,1,1,4,1,1990,0,2,0,-1,-1," -1",-1,202000006011,4,NULL,0,NULL,2,2,0,2,0,0,1,NULL," -1",2,0,1,30
202000006011,14,10,2020,19:40:00,5,54,54395,2,1,2,6,"CARMES (RUE DES)","48,6904960","6,1812960",202000006011,154 731 656,A01,1,1,0,1,0,1,5,NULL,202000006011,154 731 656,A01,10,3,1,2,2002,0,0,-1,-1,2,3,1,202000006011,4,NULL,0,NULL,2,2,0,2,0,0,1,NULL," -1",2,0,1,30
202000006017,14,10,2020,16:25:00,1,49,49099,2,3,1,3,"ANJOU (RUE DE L')","47,0744720"," -0,8438935",202000006017,154 731 645,B01,2,1,0,2,2,17,5,NULL,202000006017,154 731 645,B01,1,1,3,1,1977,5,2,8,-1,-1," -1",-1,202000006017,7,"ANJOU (RUE DE L')",0,NULL,2,2,0,1,0,0,1,NULL," -1",1,0,1,50
202000006017,14,10,2020,16:25:00,1,49,49099,2,3,1,3,"ANJOU (RUE DE L')","47,0744720"," -0,8438935",202000006017,154 731 645,B01,2,1,0,2,2,17,5,NULL,202000006017,154 731 646,A01,1,1,1,2,1953,3,1,8,-1,-1," -1",-1,202000006017,7,"ANJOU (RUE DE L')",0,NULL,2,2,0,1,0,0,1,NULL," -1",1,0,1,50
202000006019,13,10,2020,17:27:00,2,49,49007,2,1,1,3,"Rue de Buffon","47,4764200"," -0,5475470",202000006019,154 731 639,B01,1,1,0,2,1,0,5,NULL,202000006019,154 731 639,B01,1,1,4,1,1998,0,2,8,-1,0,0,-1,202000006019,4,BUFFON,0,NULL,-1,2,0,1,(1),(1),1,NULL," -1",1,0,1,50
202000006019,13,10,2020,17:27:00,2,49,49007,2,1,1,3,"Rue de Buffon","47,4764200"," -0,5475470",202000006019,154 731 639,B01,1,1,0,2,1,0,5,NULL,202000006019,154 731 640,A01,1,1,1,2,1971,0,1,0,-1,0,0,-1,202000006019,4,BUFFON,0,NULL,-1,2,0,1,(1),(1),1,NULL," -1",1,0,1,50
202000006026,14,10,2020,17:40:00,1,35,35238,2,9,1,3,"FOULON (AVENUE PROFESSEUR CHARLES)","48,1191600"," -1,6492600",202000006026,154 731 629,B01,3,1,0,2,8,1,5,NULL,202000006026,154 731 628,A01,1,1,1,1,1974,4,1,0,-1,-1," -1",-1,202000006026,4,"FOULON (AVENUE PROFESSEUR CHARLES)",0,NULL,1,1,1,2,0,0,3,NULL," -1",1,5,1,50
202000006026,14,10,2020,17:40:00,1,35,35238,2,9,1,3,"FOULON (AVENUE PROFESSEUR CHARLES)","48,1191600"," -1,6492600",202000006026,154 731 629,B01,3,1,0,2,8,1,5,NULL,202000006026,154 731 629,B01,1,1,2,1,1953,9,8,0,-1,-1," -1",-1,202000006026,4,"FOULON (AVENUE PROFESSEUR CHARLES)",0,NULL,1,1,1,2,0,0,3,NULL," -1",1,5,1,50
202000006028,15,10,2020,10:55:00,1,31,31555,2,1,1,3,"AV ALBERT BEDOUCE","43,5783200","1,4578300",202000006028,154 731 624,A01,1,1,0,2,1,1,5,NULL,202000006028,154 731 624,A01,1,1,4,1,1967,0,2,0,-1,-1," -1",-1,202000006028,4,"AV ALBERT BEDOUCE",0,NULL,2,2,0,1,0,0,1,NULL," -1",1,0,1,50
202000006028,15,10,2020,10:55:00,1,31,31555,2,1,1,3,"AV ALBERT BEDOUCE","43,5783200","1,4578300",202000006028,154 731 624,A01,1,1,0,2,1,1,5,NULL,202000006028,154 731 625,B01,1,1,1,1,1993,0,1,0,-1,-1," -1",-1,202000006028,4,"AV ALBERT BEDOUCE",0,NULL,2,2,0,1,0,0,1,NULL," -1",1,0,1,50
202000006031,14,10,2020,12:10:00,1,31,31555,2,1,3,3,"PORT SAINT SAUVEUR","43,5980200","1,4558900",202000006031,154 731 613,B01,1,1,0,2,7,1,5,NULL,202000006031,154 731 613,B01,1,1,4,1,1953,0,2,0,-1,-1," -1",-1,202000006031,4,"PORT SAINT SAUVEUR",0,NULL,2,3,1,2,0,0,1,NULL," -1",2,0,1,50
202000006031,14,10,2020,12:10:00,1,31,31555,2,1,3,3,"PORT SAINT SAUVEUR","43,5980200","1,4558900",202000006031,154 731 613,B01,1,1,0,2,7,1,5,NULL,202000006031,154 731 614,A01,1,1,1,2,1981,0,1,0,-1,-1," -1",-1,202000006031,4,"PORT SAINT SAUVEUR",0,NULL,2,3,1,2,0,0,1,NULL," -1",2,0,1,50
202000006032,13,10,2020,20:09:00,5,31,31555,2,1,2,3,"BD LASCROSSES","43,6097900","1,4327600",202000006032,154 731 612,A01,1,1,0,2,8,11,5,NULL,202000006032,154 731 611,B01,1,1,2,1,1972,0,2,0,-1,-1," -1",-1,202000006032,4,"BD LASCROSSES",0,NULL,3,6,0,1,0,0,1,NULL," -1",2,0,1,50
202000006032,13,10,2020,20:09:00,5,31,31555,2,1,2,3,"BD LASCROSSES","43,6097900","1,4327600",202000006032,154 731 612,A01,1,1,0,2,8,11,5,NULL,202000006032,154 731 612,A01,1,1,4,1,1991,4,2,0,-1,-1," -1",-1,202000006032,4,"BD LASCROSSES",0,NULL,3,6,0,1,0,0,1,NULL," -1",2,0,1,50
202000006052,14,10,2020,09:10:00,1,75,75120,2,2,8,3,"RUE DE MENILMONTANT","48,8686470","2,3895750",202000006052,154 731 573,B01,2,1,0,2,1,1,5,NULL,202000006052,154 731 572,A01,1,1,1,1,1949,3,1,0,-1,0,0,-1,202000006052,4,NULL,0,NULL,2,2,0,2,0,0,1,NULL," -1",2,0,1,50
202000006052,14,10,2020,09:10:00,1,75,75120,2,2,8,3,"RUE DE MENILMONTANT","48,8686470","2,3895750",202000006052,154 731 573,B01,2,1,0,2,1,1,5,NULL,202000006052,154 731 573,B01,1,1,4,2,1972,3,2,0,-1,0,0,-1,202000006052,4,NULL,0,NULL,2,2,0,2,0,0,1,NULL," -1",2,0,1,50
202000006054,15,10,2020,09:30:00,1,75,75118,2,3,1,6,"RUE MARX DORMOY","48,8868470","2,3596650",202000006054,154 731 570,Z01,1,1,0,1,5,25,5,NULL,202000006054,154 731 570,Z01,10,3,4,1,1968,1,0,-1,-1,5,1,1,202000006054,4,NULL,0,NULL,2,4,3,1,0,0,1,NULL," -1",1,0,4,50
202000006056,14,10,2020,22:36:00,5,75,75116,2,2,1,7,"RUE RAYNOUARD","48,8537260","2,2774340",202000006056,154 731 568,A01,2,1,0,0,1,1,5,NULL,202000006056,154 731 568,A01,1,1,4,1,1994,5,2,0,-1,0,0,-1,202000006056,4,NULL,0,NULL,2,2,0,2,0,0,1,NULL," -1",1,0,1,50
202000006073,14,10,2020,08:50:00,1,75,75101,2,2,2,7,"BOULEVARD DE SEBASTOPOL","48,8595270","2,3487970",202000006073,154 731 542,A01,2,1,0,0,8,1,5,NULL,202000006073,154 731 542,A01,1,1,4,2,1982,1,2,0,-1,0,0,-1,202000006073,4,NULL,0,NULL,1,5,1,1,0,0,1,NULL," -1",2,-1,5,50
202000006074,14,10,2020,09:00:00,1,75,75101,2,1,2,2,"RUE DE RIVOLI","48,8606310","2,3417740",202000006074,154 731 541,A01,1,1,0,2,1,1,5,NULL,202000006074,154 731 540,B01,1,1,1,2,1990,1,2,0,-1,0,0,-1,202000006074,4,NULL,0,NULL,2,4,2,1,0,0,1,NULL," -1",2,-1,5,50
202000006074,14,10,2020,09:00:00,1,75,75101,2,1,2,2,"RUE DE RIVOLI","48,8606310","2,3417740",202000006074,154 731 540,B01,1,1,0,2,1,23,5,NULL,202000006074,154 731 540,B01,1,1,1,2,1990,1,2,0,-1,0,0,-1,202000006074,4,NULL,0,NULL,2,4,2,1,0,0,1,NULL," -1",2,-1,5,50
202000006074,14,10,2020,09:00:00,1,75,75101,2,1,2,2,"RUE DE RIVOLI","48,8606310","2,3417740",202000006074,154 731 541,A01,1,1,0,2,1,1,5,NULL,202000006074,154 731 541,A01,1,1,4,1,1989,1,2,0,-1,0,0,-1,202000006074,4,NULL,0,NULL,2,4,2,1,0,0,1,NULL," -1",2,-1,5,50
202000006074,14,10,2020,09:00:00,1,75,75101,2,1,2,2,"RUE DE RIVOLI","48,8606310","2,3417740",202000006074,154 731 540,B01,1,1,0,2,1,23,5,NULL,202000006074,154 731 541,A01,1,1,4,1,1989,1,2,0,-1,0,0,-1,202000006074,4,NULL,0,NULL,2,4,2,1,0,0,1,NULL," -1",2,-1,5,50
202000006081,14,10,2020,08:30:00,1,94,94003,2,3,2,3,"PAUL VAILLANT COUTURIER (AV)","48,8037100","2,3381900",202000006081,154 731 528,B01,2,1,0,9,1,1,5,NULL,202000006081,154 731 528,B01,1,1,4,2,1992,1,2,0,-1,-1," -1",-1,202000006081,3,161,0,NULL,2,2,2,2,(1),(1),1,NULL," -1",2,0,1,50
202000006081,14,10,2020,08:30:00,1,94,94003,2,3,2,3,"PAUL VAILLANT COUTURIER (AV)","48,8037100","2,3381900",202000006081,154 731 528,B01,2,1,0,9,1,1,5,NULL,202000006081,154 731 529,A01,1,1,1,1,1962,0,1,0,-1,-1," -1",-1,202000006081,3,161,0,NULL,2,2,2,2,(1),(1),1,NULL," -1",2,0,1,50