Num_Acc,jour,mois,an,hrmn,lum,dep,com,agg,int,atm,col,adr,lat,long,Num_Acc,id_vehicule,num_veh,senc,catv,obs,obsm,choc,manv,motor,occutc,Num_Acc,id_vehicule,num_veh,place,catu,grav,sexe,an_nais,trajet,secu1,secu2,secu3,locp,actp,etatp,Num_Acc,catr,voie,v1,v2,circ,nbv,vosp,prof,pr,pr1,plan,lartpc,larrout,surf,infra,situ,vma
202000006090,13,10,2020,08:40:00,1,92,92063,2,6,2,3,"PERRET (RUE AUGUSTE)","48,8901000","2,1673500",202000006090,154 731 511,B01,2,1,0,2,4,1,5,NULL,202000006090,154 731 510,A01,1,1,1,1,1998,1,1,8,-1,-1," -1",-1,202000006090,4,"AUGUSTE PERRET (RUE)",0,NULL,2,2,1,4,0,0,1,NULL," -1",2,0,1,50
202000006090,13,10,2020,08:40:00,1,92,92063,2,6,2,3,"PERRET (RUE AUGUSTE)","48,8901000","2,1673500",202000006090,154 731 511,B01,2,1,0,2,4,1,5,NULL,202000006090,154 731 511,B01,1,1,4,2,1986,1,8,0,-1,-1," -1",-1,202000006090,4,"AUGUSTE PERRET (RUE)",0,NULL,2,2,1,4,0,0,1,NULL," -1",2,0,1,50
202000006091,11,10,2020,15:55:00,1,92,92063,2,2,1,3,"COLMAR (AVENUE DE)","48,8867500","2,1743600",202000006091,154 731 508,B01,2,1,0,2,1,1,5,NULL,202000006091,154 731 508,B01,1,1,4,2,1993,1,8,0,-1,-1," -1",-1,202000006091,3,39,0,NULL,3,5,1,1,0,0,1,NULL," -1",2,5,1,50
202000006091,11,10,2020,15:55:00,1,92,92063,2,2,1,3,"COLMAR (AVENUE DE)","48,8867500","2,1743600",202000006091,154 731 508,B01,2,1,0,2,1,1,5,NULL,202000006091,154 731 509,A01,1,1,1,2,1978,1,1,8,-1,-1," -1",-1,202000006091,3,39,0,NULL,3,5,1,1,0,0,1,NULL," -1",2,5,1,50
202000006111,15,10,2020,15:10:00,1,44,44069,1,1,1,2,"12 Avenue Paul Gauguin CD 192","47,2873810"," -2,4107270",202000006111,154 731 481,A01,2,1,1,0,1,1,5,NULL,202000006111,154 731 480,B01,1,1,1,2,1995,9,8,-1,-1,0,0,-1,202000006111,3,192,-1,NULL,2,2,0,1,0,800,3,NULL," -1",1,0,1,80
202000006111,15,10,2020,15:10:00,1,44,44069,1,1,1,2,"12 Avenue Paul Gauguin CD 192","47,2873810"," -2,4107270",202000006111,154 731 481,A01,2,1,1,0,1,1,5,NULL,202000006111,154 731 481,A01,1,1,3,1,1950,5,2,-1,-1,0,0,-1,202000006111,3,192,-1,NULL,2,2,0,1,0,800,3,NULL," -1",1,0,1,80
202000006142,21,9,2020,19:40:00,1,59,59581,1,4,1,3,"Rue du Kirlem","50,6792610","2,7644720",202000006142,154 731 423,A01,3,1,0,2,2,1,5,NULL,202000006142,154 731 422,B01,1,1,1,1,2003,9,2,6,-1,0,0,-1,202000006142,4,NULL,-1,NULL,2,2,0,1,(1),(1),1,NULL," -1",1,0,1,80
202000006142,21,9,2020,19:40:00,1,59,59581,1,4,1,3,"Rue du Kirlem","50,6792610","2,7644720",202000006142,154 731 423,A01,3,1,0,2,2,1,5,NULL,202000006142,154 731 423,A01,1,1,4,2,2006,5,0,-1,-1,0,0,-1,202000006142,4,NULL,-1,NULL,2,2,0,1,(1),(1),1,NULL," -1",1,0,1,80
202000006163,22,8,2020,10:05:00,1,55,55344,1,1,1,3,Montbras,"48,5261713","5,6902541",202000006163,154 731 387,B01,3,1,0,9,6,2,5,NULL,202000006163,154 731 386,A01,1,1,4,2,1990,5,0,-1,-1,0,0,-1,202000006163,3,NULL,0,NULL,2,2,0,2,(1),(1),1,NULL," -1",1,0,1,50
202000006163,22,8,2020,10:05:00,1,55,55344,1,1,1,3,Montbras,"48,5261713","5,6902541",202000006163,154 731 386,A01,3,1,0,9,0,1,5,NULL,202000006163,154 731 386,A01,1,1,4,2,1990,5,0,-1,-1,0,0,-1,202000006163,3,NULL,0,NULL,2,2,0,2,(1),(1),1,NULL," -1",1,0,1,50
202000006163,22,8,2020,10:05:00,1,55,55344,1,1,1,3,Montbras,"48,5261713","5,6902541",202000006163,154 731 387,B01,3,1,0,9,6,2,5,NULL,202000006163,154 731 387,B01,1,1,1,1,1984,5,0,-1,-1,0,0,-1,202000006163,3,NULL,0,NULL,2,2,0,2,(1),(1),1,NULL," -1",1,0,1,50
202000006163,22,8,2020,10:05:00,1,55,55344,1,1,1,3,Montbras,"48,5261713","5,6902541",202000006163,154 731 386,A01,3,1,0,9,0,1,5,NULL,202000006163,154 731 387,B01,1,1,1,1,1984,5,0,-1,-1,0,0,-1,202000006163,3,NULL,0,NULL,2,2,0,2,(1),(1),1,NULL," -1",1,0,1,50
202000006165,18,8,2020,11:00:00,1,12,12241,1,2,1,3,"Route départementale 12 puech","44,3213300","2,6463750",202000006165,154 731 383,A01,2,1,0,2,2,1,5,NULL,202000006165,154 731 383,A01,1,1,3,1,1950,5,2,-1,-1,0,0,-1,202000006165,3,12,-1,NULL,2,2,0,2,8,888,2,NULL," -1",1,0,1,80
202000006165,18,8,2020,11:00:00,1,12,12241,1,2,1,3,"Route départementale 12 puech","44,3213300","2,6463750",202000006165,154 731 383,A01,2,1,0,2,2,1,5,NULL,202000006165,154 731 384,B01,1,1,1,1,1957,4,0,-1,-1,0,0,-1,202000006165,3,12,-1,NULL,2,2,0,2,8,888,2,NULL," -1",1,0,1,80
202000006238,18,8,2020,09:55:00,1,50,50129,2,1,1,2,"CALIGNY (QUAI DE)","49,6401500"," -1,6214500",202000006238,154 731 251,B01,0,1,0,2,4,1,5,NULL,202000006238,154 731 251,B01,1,1,4,2,1977,5,8,0,-1,-1," -1",-1,202000006238,4,"CALIGNY (QUAI DE)",0,NULL,2,3,0,1,0,0,3,NULL," -1",1,0,1,50
202000006238,18,8,2020,09:55:00,1,50,50129,2,1,1,2,"CALIGNY (QUAI DE)","49,6401500"," -1,6214500",202000006238,154 731 251,B01,0,1,0,2,4,1,5,NULL,202000006238,154 731 252,A01,1,1,1,1,1970,4,1,0,-1,-1," -1",-1,202000006238,4,"CALIGNY (QUAI DE)",0,NULL,2,3,0,1,0,0,3,NULL," -1",1,0,1,50
202000006245,20,8,2020,22:00:00,3,33,33281,2,2,1,3,"avenue de Beaudésert","44,8366900"," -0,6939700",202000006245,154 731 239,B01,3,1,0,2,8,19,5,NULL,202000006245,154 731 238,A01,1,1,1,1,1981,1,1,0,-1,-1," -1",-1,202000006245,4,"avenue de Beaudésert",0,NULL,2,4,2,1,(1),(1),1,NULL," -1",1,0,1,50
202000006245,20,8,2020,22:00:00,3,33,33281,2,2,1,3,"avenue de Beaudésert","44,8366900"," -0,6939700",202000006245,154 731 239,B01,3,1,0,2,8,19,5,NULL,202000006245,154 731 239,B01,1,1,4,2,1992,0,8,-1,-1,-1," -1",-1,202000006245,4,"avenue de Beaudésert",0,NULL,2,4,2,1,(1),(1),1,NULL," -1",1,0,1,50
202000006248,19,8,2020,19:40:00,1,31,31555,2,4,1,3,"AV DES MINIMES","43,6180000","1,4366500",202000006248,154 731 235,A01,0,1,0,2,1,5,5,NULL,202000006248,154 731 234,B01,1,1,1,2,1998,0,1,0,-1,-1," -1",-1,202000006248,3,120,0,N,2,3,0,1,0,195,1,NULL," -1",1,0,1,50
202000006248,19,8,2020,19:40:00,1,31,31555,2,4,1,3,"AV DES MINIMES","43,6180000","1,4366500",202000006248,154 731 235,A01,0,1,0,2,1,5,5,NULL,202000006248,154 731 235,A01,1,1,4,2,1995,0,8,0,-1,-1," -1",-1,202000006248,3,120,0,N,2,3,0,1,0,195,1,NULL," -1",1,0,1,50
202000006265,19,8,2020,19:45:00,1,75,75116,2,1,1,3,"ROUTE DE SEVRES A NEUILLY","48,8564710","2,2375390",202000006265,154 731 206,A01,2,1,0,2,2,1,5,NULL,202000006265,154 731 205,B01,1,1,4,2,1964,5,2,8,-1,0,0,-1,202000006265,4,NULL,0,NULL,2,2,1,3,0,0,1,NULL," -1",1,-1,5,50
202000006265,19,8,2020,19:45:00,1,75,75116,2,1,1,3,"ROUTE DE SEVRES A NEUILLY","48,8564710","2,2375390",202000006265,154 731 205,B01,2,1,0,2,3,1,5,NULL,202000006265,154 731 205,B01,1,1,4,2,1964,5,2,8,-1,0,0,-1,202000006265,4,NULL,0,NULL,2,2,1,3,0,0,1,NULL," -1",1,-1,5,50
202000006265,19,8,2020,19:45:00,1,75,75116,2,1,1,3,"ROUTE DE SEVRES A NEUILLY","48,8564710","2,2375390",202000006265,154 731 206,A01,2,1,0,2,2,1,5,NULL,202000006265,154 731 206,A01,1,1,4,1,1970,5,2,8,-1,0,0,-1,202000006265,4,NULL,0,NULL,2,2,1,3,0,0,1,NULL," -1",1,-1,5,50
202000006265,19,8,2020,19:45:00,1,75,75116,2,1,1,3,"ROUTE DE SEVRES A NEUILLY","48,8564710","2,2375390",202000006265,154 731 205,B01,2,1,0,2,3,1,5,NULL,202000006265,154 731 206,A01,1,1,4,1,1970,5,2,8,-1,0,0,-1,202000006265,4,NULL,0,NULL,2,2,1,3,0,0,1,NULL," -1",1,-1,5,50
202000006271,20,8,2020,18:25:00,1,75,75104,2,3,1,7,"RUE SAINT ANTOINE","48,8539320","2,3648560",202000006271,154 731 195,A01,1,1,0,0,8,1,5,NULL,202000006271,154 731 195,A01,1,1,4,1,1980,1,2,0,-1,0,0,-1,202000006271,4,NULL,0,NULL,2,4,1,1,0,0,1,NULL," -1",1,-1,5,50
202000006287,20,8,2020,15:50:00,1,92,92026,2,4,1,3,"BOULEVARD CIRCULAIRE","48,8888934","2,2507777",202000006287,154 731 165,B01,3,1,0,2,4,1,5,NULL,202000006287,154 731 164,A01,1,1,1,1,1969,4,1,0,-1,-1," -1",-1,202000006287,3,993,0,NULL,1,3,1,1,0,1,1,NULL," -1",1,0,1,50
202000006287,20,8,2020,15:50:00,1,92,92026,2,4,1,3,"BOULEVARD CIRCULAIRE","48,8888934","2,2507777",202000006287,154 731 165,B01,3,1,0,2,4,1,5,NULL,202000006287,154 731 165,B01,1,1,4,1,1999,0,8,0,-1,-1," -1",-1,202000006287,3,993,0,NULL,1,3,1,1,0,1,1,NULL," -1",1,0,1,50
202000006290,20,8,2020,16:25:00,5,06,06161,2,1,1,-1,"Avenue de la Libération","43,6580480","7,1239000",202000006290,154 731 159,A01,1,1,0,2,3,1,5,NULL,202000006290,154 731 159,A01,1,1,4,2,1948,5,2,-1,-1,0,0,-1,202000006290,3,2085,0,NULL,2,1,0,1,23,101,1,NULL," -1",1,0,1,50
202000006290,20,8,2020,16:25:00,5,06,06161,2,1,1,-1,"Avenue de la Libération","43,6580480","7,1239000",202000006290,154 731 159,A01,1,1,0,2,3,1,5,NULL,202000006290,154 731 160,B01,1,1,1,1,1990,0,8,-1,-1,0,0,-1,202000006290,3,2085,0,NULL,2,1,0,1,23,101,1,NULL," -1",1,0,1,50
202000006296,19,8,2020,18:15:00,1,51,51605,1,1,1,7,D1,"49,0783060","3,8494610",202000006296,154 731 150,A01,2,1,0,0,8,1,-1,NULL,202000006296,154 731 150,A01,1,1,2,2,1992,5,0,-1,-1,0,0,-1,202000006296,3,1,0,NULL,2,2,0,2,86,200,3,NULL," -1",1,0,1,80
202000006297,20,8,2020,08:10:00,1,51,51434,1,1,1,2,D3,"49,0137683","4,0713728",202000006297,154 731 148,B01,1,1,0,0,6,2,5,NULL,202000006297,154 731 148,B01,1,1,4,1,1968,5,2,-1,-1,0,0,-1,202000006297,3,3,0,A,2,2,0,1,38,600,2,NULL," -1",1,0,1,80
202000006313,20,8,2020,13:00:00,1,29,29183,2,1,1,7,"Rue du Couvent","48,5725820"," -3,6100250",202000006313,154 731 115,A01,0,1,0,0,0,1,5,NULL,202000006313,154 731 115,A01,1,1,2,1,1964,5,2,-1,-1,0,0,-1,202000006313,4,NULL,-1,NULL,2,2,0,1,0,0,1,NULL," -1",1,0,1,50
202000006329,21,8,2020,10:00:00,1,01,01427,2,6,1,2,"Quai de Saone","45,9385640","4,7799220",202000006329,154 731 092,B01,1,1,0,2,4,15,5,NULL,202000006329,154 731 091,A01,1,1,1,1,1995,4,8,-1,-1,0,0,-1,202000006329,3,933,-1,NULL,3,1,0,1,73,850,1,NULL," -1",1,5,1,50
202000006329,21,8,2020,10:00:00,1,01,01427,2,6,1,2,"Quai de Saone","45,9385640","4,7799220",202000006329,154 731 092,B01,1,1,0,2,4,15,5,NULL,202000006329,154 731 092,B01,1,1,4,1,1984,3,0,-1,-1,0,0,-1,202000006329,3,933,-1,NULL,3,1,0,1,73,850,1,NULL," -1",1,5,1,50
202000006344,21,8,2020,14:40:00,1,69,69086,1,6,1,3,D70,"45,8471570","4,6705410",202000006344,154 731 060,B01,1,1,0,2,2,1,5,NULL,202000006344,154 731 060,B01,1,1,2,1,1935,5,0,-1,-1,0,0,-1,202000006344,3,70,-1,NULL,2,2,0,2,24,150,2,NULL," -1",1,5,1,80
202000006344,21,8,2020,14:40:00,1,69,69086,1,6,1,3,D70,"45,8471570","4,6705410",202000006344,154 731 060,B01,1,1,0,2,2,1,5,NULL,202000006344,154 731 061,A01,1,1,1,2,1991,5,1,-1,-1,0,0,-1,202000006344,3,70,-1,NULL,2,2,0,2,24,150,2,NULL," -1",1,5,1,80
202000006355,10,7,2020,18:45:00,1,64,64102,2,3,2,3,"AMOU (BOULEVARD JEAN D')","43,4956200"," -1,4660700",202000006355,154 731 042,A01,2,1,0,2,3,16,5,NULL,202000006355,154 731 042,A01,1,1,4,1,1964,9,8,0,-1,-1," -1",-1,202000006355,4,"AMOU (BOULEVARD JEAN D')",0,NULL,2,2,0,1,0,0,1,NULL," -1",2,0,1,50
202000006355,10,7,2020,18:45:00,1,64,64102,2,3,2,3,"AMOU (BOULEVARD JEAN D')","43,4956200"," -1,4660700",202000006355,154 731 042,A01,2,1,0,2,3,16,5,NULL,202000006355,154 731 043,B01,1,1,1,2,1979,5,8,0,-1,-1," -1",-1,202000006355,4,"AMOU (BOULEVARD JEAN D')",0,NULL,2,2,0,1,0,0,1,NULL," -1",2,0,1,50
202000006357,9,7,2020,17:00:00,1,64,64024,2,6,1,3,"COMPAGNET (GIRATOIRE DE)","43,4605472"," -1,4962046",202000006357,154 731 038,B01,1,1,0,2,2,1,5,NULL,202000006357,154 731 038,B01,1,1,4,2,1982,1,2,4,-1,-1," -1",-1,202000006357,1,"MAI 1945 (AVENUE DU 8)",0,NULL,3,2,0,1,0,0,1,NULL," -1",1,0,1,50
202000006357,9,7,2020,17:00:00,1,64,64024,2,6,1,3,"COMPAGNET (GIRATOIRE DE)","43,4605472"," -1,4962046",202000006357,154 731 038,B01,1,1,0,2,2,1,5,NULL,202000006357,154 731 039,A01,1,1,1,1,1945,0,1,0,-1,-1," -1",-1,202000006357,1,"MAI 1945 (AVENUE DU 8)",0,NULL,3,2,0,1,0,0,1,NULL," -1",1,0,1,50
202000006366,14,7,2020,19:08:00,1,85,85019,1,1,1,7,"La Moinarderie","46,7826800"," -1,3775800",202000006366,154 731 022,A01,3,1,0,0,8,1,5,NULL,202000006366,154 731 022,A01,1,1,2,1,1956,1,0,-1,-1,0,0,-1,202000006366,4,NULL,-1,NULL,2,-1,-1,1,(1),(1),1,NULL," -1",1,0,1,80
202000006367,11,11,2020,12:10:00,1,19,19272,2,1,1,7,"Champeau (Lieu dit)","45,2730900","1,7838800",202000006367,154 731 021,A01,1,1,0,0,0,0,6,NULL,202000006367,154 731 021,A01,1,1,3,1,1971,5,2,8,-1,0," -1",-1,202000006367,3,1120,0,NULL,2,2,0,2,50,700,4,NULL," -1",2,0,1,50
202000006376,26,8,2020,17:55:00,1,15,15014,2,9,1,2,"PUPILLES DE LA NATION (AVENUE DES)","44,9213300","2,4396800",202000006376,154 731 007,B01,1,1,0,2,1,1,6,NULL,202000006376,154 731 007,B01,1,1,4,1,1976,0,2,6,-1,-1," -1",-1,202000006376,4,NULL,0,NULL,-1,4,0,1,0,0,1,NULL," -1",1,0,1,50
202000006376,26,8,2020,17:55:00,1,15,15014,2,9,1,2,"PUPILLES DE LA NATION (AVENUE DES)","44,9213300","2,4396800",202000006376,154 731 007,B01,1,1,0,2,1,1,6,NULL,202000006376,154 731 008,A01,1,1,1,2,1965,0,1,0,-1,-1," -1",-1,202000006376,4,NULL,0,NULL,-1,4,0,1,0,0,1,NULL," -1",1,0,1,50
202000006402,23,5,2020,17:35:00,1,976,97611,2,1,1,1,"kaweni-Grande Traverse (rue de la)"," -12,7712600","45,2235900",202000006402,154 730 962,B01,2,1,0,2,1,3,0,NULL,202000006402,154 730 962,B01,1,1,4,1,1998,0,8,0,-1,-1," -1",-1,202000006402,2,1,0,NULL,2,0,0,1,0,0,1,NULL," -1",1,0,1,50
202000006402,23,5,2020,17:35:00,1,976,97611,2,1,1,1,"kaweni-Grande Traverse (rue de la)"," -12,7712600","45,2235900",202000006402,154 730 962,B01,2,1,0,2,1,3,0,NULL,202000006402,154 730 963,A01,1,1,1,1,1972,0,2,6,-1,-1," -1",-1,202000006402,2,1,0,NULL,2,0,0,1,0,0,1,NULL," -1",1,0,1,50
202000006410,26,12,2020,11:45:00,1,69,69386,2,1,1,3,"GENERAL SARRAIL (DU)                (QU)","45,7674800","4,8413000",202000006410,154 730 949,B01,0,1,1,0,7,19,0,NULL,202000006410,154 730 949,B01,1,1,4,2,1968,3,2,0,-1,-1," -1",-1,202000006410,4,"GENERAL SARRAIL (DU)                (QU)",0,NULL,1,2,0,1,0,0,1,NULL," -1",1,0,1,50
202000006410,26,12,2020,11:45:00,1,69,69386,2,1,1,3,"GENERAL SARRAIL (DU)                (QU)","45,7674800","4,8413000",202000006410,154 730 949,B01,0,1,1,0,7,19,0,NULL,202000006410,154 730 950,A01,1,1,1,1,2001,0,1,0,-1,-1," -1",-1,202000006410,4,"GENERAL SARRAIL (DU)                (QU)",0,NULL,1,2,0,1,0,0,1,NULL," -1",1,0,1,50
202000006416,22,12,2020,10:00:00,1,44,44131,2,6,1,3,"Rue du Traité de Maastricht","47,1248520"," -2,1271690",202000006416,154 730 940,B01,3,1,0,2,8,1,5,NULL,202000006416,154 730 939,A01,1,1,1,1,1957,3,1,-1,-1,0,0,-1,202000006416,4,NULL,-1,NULL,1,1,0,1,(1),(1),3,NULL," -1",1,5,1,50
202000006416,22,12,2020,10:00:00,1,44,44131,2,6,1,3,"Rue du Traité de Maastricht","47,1248520"," -2,1271690",202000006416,154 730 940,B01,3,1,0,2,8,1,5,NULL,202000006416,154 730 940,B01,1,1,3,2,1963,1,0,-1,-1,0,0,-1,202000006416,4,NULL,-1,NULL,1,1,0,1,(1),(1),3,NULL," -1",1,5,1,50
202000006421,24,7,2020,21:25:00,2,26,26281,2,1,1,1,"8 Rue des Recollets ","45,0453000","5,0340200",202000006421,154 730 931,B01,3,1,0,2,8,19,0,NULL,202000006421,154 730 931,B01,1,1,4,1,2011,5,8,-1,-1,0,0,-1,202000006421,4,"8 rue des Recollets ",0,NULL,-1,1,0,1,(1),(1),1,NULL," -1",1,0,8,50
202000006421,24,7,2020,21:25:00,2,26,26281,2,1,1,1,"8 Rue des Recollets ","45,0453000","5,0340200",202000006421,154 730 931,B01,3,1,0,2,8,19,0,NULL,202000006421,154 730 932,A01,1,1,1,1,1972,0,8,-1,-1,0,0,-1,202000006421,4,"8 rue des Recollets ",0,NULL,-1,1,0,1,(1),(1),1,NULL," -1",1,0,8,50
202000006428,21,12,2020,15:45:00,1,2A,2A004,2,9,1,-1,"Cours du Prince Imperial","41,9270334","8,7393716",202000006428,154 730 919,B01,1,1,0,2,8,19,5,NULL,202000006428,154 730 918,A01,1,1,4,1,2004,0,2,6,-1,0,0,-1,202000006428,2,21,0,NULL,2,3,0,1,2,293,1,NULL," -1",2,0,1,50
202000006428,21,12,2020,15:45:00,1,2A,2A004,2,9,1,-1,"Cours du Prince Imperial","41,9270334","8,7393716",202000006428,154 730 919,B01,1,1,0,2,8,19,5,NULL,202000006428,154 730 919,B01,1,1,4,1,2004,1,8,0,-1,0,0,-1,202000006428,2,21,0,NULL,2,3,0,1,2,293,1,NULL," -1",2,0,1,50
202000006429,12,12,2020,10:10:00,1,84,84007,1,1,1,1,"TARTAY (CHEMIN DE) MTF","43,8924400","4,9165000",202000006429,154 730 916,A01,3,1,0,0,1,2,5,NULL,202000006429,154 730 915,B01,1,1,2,1,1941,5,2,8,-1,-1," -1",-1,202000006429,4,"TARTAY (CHEMIN DE) MTF",0,NULL,2,2,0,2,0,1,1,NULL," -1",1,0,1,50
202000006429,12,12,2020,10:10:00,1,84,84007,1,1,1,1,"TARTAY (CHEMIN DE) MTF","43,8924400","4,9165000",202000006429,154 730 915,B01,3,1,0,0,0,0,5,NULL,202000006429,154 730 915,B01,1,1,2,1,1941,5,2,8,-1,-1," -1",-1,202000006429,4,"TARTAY (CHEMIN DE) MTF",0,NULL,2,2,0,2,0,1,1,NULL," -1",1,0,1,50
202000006429,12,12,2020,10:10:00,1,84,84007,1,1,1,1,"TARTAY (CHEMIN DE) MTF","43,8924400","4,9165000",202000006429,154 730 916,A01,3,1,0,0,1,2,5,NULL,202000006429,154 730 916,A01,1,1,3,1,1945,5,2,8,-1,-1," -1",-1,202000006429,4,"TARTAY (CHEMIN DE) MTF",0,NULL,2,2,0,2,0,1,1,NULL," -1",1,0,1,50
202000006429,12,12,2020,10:10:00,1,84,84007,1,1,1,1,"TARTAY (CHEMIN DE) MTF","43,8924400","4,9165000",202000006429,154 730 915,B01,3,1,0,0,0,0,5,NULL,202000006429,154 730 916,A01,1,1,3,1,1945,5,2,8,-1,-1," -1",-1,202000006429,4,"TARTAY (CHEMIN DE) MTF",0,NULL,2,2,0,2,0,1,1,NULL," -1",1,0,1,50
202000006435,28,12,2020,16:32:00,1,69,69244,2,1,1,3,"49 Avenue Victor Hugo","45,7662690","4,7841540",202000006435,154 730 908,B01,2,1,0,2,4,1,5,NULL,202000006435,154 730 908,B01,1,1,4,1,1997,5,2,-1,-1,0,0,-1,202000006435,3,489,-1,D,2,2,0,2,(1),(1),1,NULL," -1",1,0,1,50
202000006435,28,12,2020,16:32:00,1,69,69244,2,1,1,3,"49 Avenue Victor Hugo","45,7662690","4,7841540",202000006435,154 730 908,B01,2,1,0,2,4,1,5,NULL,202000006435,154 730 909,A01,1,1,1,1,1981,9,1,-1,-1,0,0,-1,202000006435,3,489,-1,D,2,2,0,2,(1),(1),1,NULL," -1",1,0,1,50
202000006708,26,11,2020,07:20:00,5,67,67343,2,2,5,3,"29 Route de Saverne","48,6036940","7,6909180",202000006708,154 730 454,B01,1,1,0,2,4,1,5,NULL,202000006708,154 730 453,A01,1,1,1,1,1978,1,8,-1,-1,0,0,-1,202000006708,7,41,0,NULL,2,2,1,1,30,400,1,NULL," -1",1,5,5,-1
202000006708,26,11,2020,07:20:00,5,67,67343,2,2,5,3,"29 Route de Saverne","48,6036940","7,6909180",202000006708,154 730 454,B01,1,1,0,2,4,1,5,NULL,202000006708,154 730 454,B01,1,1,4,1,1968,1,9,-1,-1,0,0,-1,202000006708,7,41,0,NULL,2,2,1,1,30,400,1,NULL," -1",1,5,5,-1
202000007514,18,6,2020,18:30:00,1,67,67482,2,1,8,6,"TEMPLE NEUF (RUE DU)","48,5839200","7,7496200",202000007514,154 729 017,A01,1,1,0,1,1,1,5,NULL,202000007514,154 729 017,A01,10,3,4,2,1963,0,0,-1,-1,3,3,1,202000007514,4,"TEMPLE NEUF (RUE DU)",0,NULL,1,1,0,1,0,0,1,NULL," -1",1,0,1,30
202000007514,18,6,2020,18:30:00,1,67,67482,2,1,8,6,"TEMPLE NEUF (RUE DU)","48,5839200","7,7496200",202000007514,154 729 017,A01,1,1,0,1,1,1,5,NULL,202000007514,154 729 017,A01,1,1,1,1,2005,5,2,0,-1,-1," -1",-1,202000007514,4,"TEMPLE NEUF (RUE DU)",0,NULL,1,1,0,1,0,0,1,NULL," -1",1,0,1,30
202000007952,14,10,2020,08:00:00,2,35,35238,2,1,5,3,"PARIS (RUE DE)","48,1132800"," -1,6616400",202000007952,154 728 262,B01,1,1,0,2,6,2,5,NULL,202000007952,154 728 262,B01,1,1,4,1,2003,2,8,0,-1,-1," -1",-1,202000007952,4,"PARIS (RUE DE)",0,NULL,2,1,0,1,(1),(1),1,NULL," -1",1,0,1,30
202000007952,14,10,2020,08:00:00,2,35,35238,2,1,5,3,"PARIS (RUE DE)","48,1132800"," -1,6616400",202000007952,154 728 262,B01,1,1,0,2,6,2,5,NULL,202000007952,154 728 263,A01,1,1,1,1,1969,4,1,0,-1,-1," -1",-1,202000007952,4,"PARIS (RUE DE)",0,NULL,2,1,0,1,(1),(1),1,NULL," -1",1,0,1,30
202000012149,28,12,2020,19:40:00,5,92,92012,2,1,2,3,"ANATOLE FRANCE (BOULEVARD) 5/FIN","48,8502788","2,2379681",202000012149,154 720 895,B01,1,1,0,2,6,1,5,NULL,202000012149,154 720 895,B01,1,1,4,1,1974,1,2,0,-1,-1," -1",-1,202000012149,4,"ANATOLE FRANCE (BD)",0,NULL,2,2,0,1,0,0,1,NULL," -1",2,0,1,50
202000012149,28,12,2020,19:40:00,5,92,92012,2,1,2,3,"ANATOLE FRANCE (BOULEVARD) 5/FIN","48,8502788","2,2379681",202000012149,154 720 895,B01,1,1,0,2,6,1,5,NULL,202000012149,154 720 896,A01,1,1,1,1,1984,4,1,0,-1,-1," -1",-1,202000012149,4,"ANATOLE FRANCE (BD)",0,NULL,2,2,0,1,0,0,1,NULL," -1",2,0,1,50
202000012568,12,5,2020,16:55:00,1,77,77141,1,1,1,3,D406,"48,8508990","2,8391440",202000012568,154 720 172,B01,1,1,0,0,8,1,6,NULL,202000012568,154 720 171,A01,1,1,1,1,2000,5,1,-1,-1,0,0,-1,202000012568,3,406,0,NULL,2,2,0,1,20,308,2,NULL,7,1,5,1,80
202000012568,12,5,2020,16:55:00,1,77,77141,1,1,1,3,D406,"48,8508990","2,8391440",202000012568,154 720 172,B01,1,1,0,0,8,1,6,NULL,202000012568,154 720 172,B01,1,1,4,1,1949,5,2,-1,-1,0,0,-1,202000012568,3,406,0,NULL,2,2,0,1,20,308,2,NULL,7,1,5,1,80
202000013788,14,8,2020,19:50:00,1,75,75106,2,5,1,3,"RUE DE VAUGIRARD","48,8450960","2,3201150",202000013788,154 718 026,A01,2,1,0,2,7,1,5,NULL,202000013788,154 718 025,B01,1,1,1,1,1964,1,1,0,-1,0,0,-1,202000013788,4,NULL,0,NULL,1,1,0,1,0,0,1,NULL," -1",1,0,1,50
202000013788,14,8,2020,19:50:00,1,75,75106,2,5,1,3,"RUE DE VAUGIRARD","48,8450960","2,3201150",202000013788,154 718 026,A01,2,1,0,2,7,1,5,NULL,202000013788,154 718 026,A01,1,1,4,2,1995,9,2,0,-1,0,0,-1,202000013788,4,NULL,0,NULL,1,1,0,1,0,0,1,NULL," -1",1,0,1,50
202000014280,19,11,2020,19:50:00,5,94,94080,2,1,1,6,"FONTENAY (R DE)","48,8479000","2,4430900",202000014280,154 717 202,A01,1,1,0,1,1,1,0,NULL,202000014280,154 717 202,A01,10,3,4,2,1966,5,0,-1,-1,4,3,1,202000014280,3,"FONTENAY (R DE)",0,NULL,2,2,2,1,0,0,1,NULL," -1",2,0,1,50
202000014280,19,11,2020,19:50:00,5,94,94080,2,1,1,6,"FONTENAY (R DE)","48,8479000","2,4430900",202000014280,154 717 202,A01,1,1,0,1,1,1,0,NULL,202000014280,154 717 202,A01,1,1,1,1,1980,4,8,0,-1,-1," -1",-1,202000014280,3,"FONTENAY (R DE)",0,NULL,2,2,2,1,0,0,1,NULL," -1",2,0,1,50