Num_Acc,jour,mois,an,hrmn,lum,dep,com,agg,int,atm,col,adr,lat,long,Num_Acc,id_vehicule,num_veh,senc,catv,obs,obsm,choc,manv,motor,occutc,Num_Acc,id_vehicule,num_veh,place,catu,grav,sexe,an_nais,trajet,secu1,secu2,secu3,locp,actp,etatp,Num_Acc,catr,voie,v1,v2,circ,nbv,vosp,prof,pr,pr1,plan,lartpc,larrout,surf,infra,situ,vma
202000015695,13,8,2020,08:56:00,1,40,40296,1,1,1,2,D152,"43,6874260"," -1,4255620",202000015695,154 714 681,B01,3,1,0,2,4,11,5,NULL,202000015695,154 714 680,A01,1,1,1,2,1985,1,1,-1,-1,0,0,-1,202000015695,3,152,-1,E,2,2,1,1,(1),(1),1,NULL," -1",1,0,1,90
202000015695,13,8,2020,08:56:00,1,40,40296,1,1,1,2,D152,"43,6874260"," -1,4255620",202000015695,154 714 681,B01,3,1,0,2,4,11,5,NULL,202000015695,154 714 681,B01,1,1,3,1,1942,5,0,-1,-1,0,0,-1,202000015695,3,152,-1,E,2,2,1,1,(1),(1),1,NULL," -1",1,0,1,90
202000018452,30,4,2020,12:50:00,1,60,60139,2,2,1,1,"378 Avenue de Verdun","49,1690073","2,2446866",202000018452,154 709 807,B01,2,1,0,2,1,0,5,NULL,202000018452,154 709 806,A01,1,1,1,1,1991,4,1,-1,-1,0,0,-1,202000018452,3,924,0,NULL,2,2,0,1,(1),(1),1,NULL," -1",1,0,1,50
202000018452,30,4,2020,12:50:00,1,60,60139,2,2,1,1,"378 Avenue de Verdun","49,1690073","2,2446866",202000018452,154 709 807,B01,2,1,0,2,1,0,5,NULL,202000018452,154 709 807,B01,1,1,4,1,1959,3,0,-1,-1,0,0,-1,202000018452,3,924,0,NULL,2,2,0,1,(1),(1),1,NULL," -1",1,0,1,50
202000018951,22,2,2020,17:40:00,5,75,75120,2,7,1,-1,"AVENUE DE LA PORTE DES LILAS","48,8776830","2,4082650",202000018951,154 708 911,A01,1,1,0,2,8,1,5,NULL,202000018951,154 708 911,A01,1,1,4,2,1988,5,2,0,-1,0,0,-1,202000018951,4,NULL,0,NULL,2,6,0,1,0,0,1,NULL,18,1,0,1,50
202000020616,10,7,2020,11:22:00,1,75,75105,2,2,8,3,"QUAI DE LA TOURNELLE","48,8494070","2,3567860",202000020616,154 705 961,A01,1,1,0,2,3,1,5,NULL,202000020616,154 705 961,A01,1,1,4,1,1999,9,2,0,-1,0,0,-1,202000020616,4,NULL,0,NULL,2,4,1,1,0,0,1,NULL," -1",1,-1,5,50
202000020616,10,7,2020,11:22:00,1,75,75105,2,2,8,3,"QUAI DE LA TOURNELLE","48,8494070","2,3567860",202000020616,154 705 961,A01,1,1,0,2,3,1,5,NULL,202000020616,154 705 962,B01,1,1,4,1,1999,9,2,6,-1,0,0,-1,202000020616,4,NULL,0,NULL,2,4,1,1,0,0,1,NULL," -1",1,-1,5,50
202000022659,9,7,2020,17:15:00,1,95,95598,2,1,1,6,"COURSES   AVENUE DES","48,9795450","2,2943900",202000022659,154 702 347,A01,3,1,6,0,1,26,1,NULL,202000022659,154 702 347,A01,1,1,4,1,2011,5,2,6,-1,-1,0,-1,202000022659,4,"AVENUE DES COURSES   ",0,NULL,-1,0,0,1,(1),(1),1,NULL," -1",1,0,1,50
202000026077,16,12,2020,19:12:00,5,75,75115,2,3,1,3,"RUE DE VAUGIRARD","48,8359660","2,2936890",202000026077,154 696 381,B01,1,1,0,2,1,1,5,NULL,202000026077,154 696 380,A01,1,1,1,1,1989,5,1,5,-1,0,0,-1,202000026077,4,NULL,0,NULL,1,1,1,1,0,0,1,NULL," -1",1,-1,5,50
202000026077,16,12,2020,19:12:00,5,75,75115,2,3,1,3,"RUE DE VAUGIRARD","48,8359660","2,2936890",202000026077,154 696 381,B01,1,1,0,2,1,1,5,NULL,202000026077,154 696 381,B01,1,1,4,1,1991,5,8,0,-1,0,0,-1,202000026077,4,NULL,0,NULL,1,1,1,1,0,0,1,NULL," -1",1,-1,5,50
202000026519,4,7,2020,15:00:00,1,67,67482,2,1,1,1,"BASSIN DE L ILL (QUAI DU)","48,5961841","7,7709684",202000026519,154 695 596,A01,1,1,0,2,1,1,5,NULL,202000026519,154 695 595,B01,1,1,4,2,1964,5,8,0,-1,-1," -1",-1,202000026519,4,NULL,0,NULL,2,2,0,1,0,0,3,NULL," -1",1,0,5,35
202000026519,4,7,2020,15:00:00,1,67,67482,2,1,1,1,"BASSIN DE L ILL (QUAI DU)","48,5961841","7,7709684",202000026519,154 695 595,B01,2,1,0,2,4,1,5,NULL,202000026519,154 695 595,B01,1,1,4,2,1964,5,8,0,-1,-1," -1",-1,202000026519,4,NULL,0,NULL,2,2,0,1,0,0,3,NULL," -1",1,0,5,35
202000026519,4,7,2020,15:00:00,1,67,67482,2,1,1,1,"BASSIN DE L ILL (QUAI DU)","48,5961841","7,7709684",202000026519,154 695 596,A01,1,1,0,2,1,1,5,NULL,202000026519,154 695 596,A01,1,1,4,1,2009,5,2,8,-1,-1," -1",-1,202000026519,4,NULL,0,NULL,2,2,0,1,0,0,3,NULL," -1",1,0,5,35
202000026519,4,7,2020,15:00:00,1,67,67482,2,1,1,1,"BASSIN DE L ILL (QUAI DU)","48,5961841","7,7709684",202000026519,154 695 595,B01,2,1,0,2,4,1,5,NULL,202000026519,154 695 596,A01,1,1,4,1,2009,5,2,8,-1,-1," -1",-1,202000026519,4,NULL,0,NULL,2,2,0,1,0,0,3,NULL," -1",1,0,5,35
202000027871,3,6,2020,11:38:00,1,49,49007,2,1,1,3,BERANGER,"47,4715700"," -0,5339500",202000027871,154 693 257,A01,1,1,0,2,1,0,5,NULL,202000027871,154 693 256,B01,1,1,1,2,1973,0,1,8,-1,-1," -1",-1,202000027871,4,BERANGER,0,NULL,2,2,0,1,0,0,1,NULL," -1",1,0,1,60
202000027871,3,6,2020,11:38:00,1,49,49007,2,1,1,3,BERANGER,"47,4715700"," -0,5339500",202000027871,154 693 257,A01,1,1,0,2,1,0,5,NULL,202000027871,154 693 257,A01,1,1,4,2,1983,0,8,0,-1,-1," -1",-1,202000027871,4,BERANGER,0,NULL,2,2,0,1,0,0,1,NULL," -1",1,0,1,60
202000028306,5,7,2020,11:00:00,1,75,75112,2,4,1,3,"AVENUE DAUMESNIL","48,8358920","2,4056360",202000028306,154 692 484,B01,2,1,0,2,8,1,5,NULL,202000028306,154 692 483,A01,1,1,1,2,1982,5,1,0,-1,0,0,-1,202000028306,4,NULL,0,NULL,2,4,2,1,0,0,1,NULL," -1",1,0,1,50
202000028306,5,7,2020,11:00:00,1,75,75112,2,4,1,3,"AVENUE DAUMESNIL","48,8358920","2,4056360",202000028306,154 692 484,B01,2,1,0,2,8,1,5,NULL,202000028306,154 692 484,B01,1,1,4,1,1964,5,2,0,-1,0,0,-1,202000028306,4,NULL,0,NULL,2,4,2,1,0,0,1,NULL," -1",1,0,1,50
202000028337,7,7,2020,21:20:00,2,92,92046,2,1,1,6,"RAYMOND DAVID","48,8174297","2,2946151",202000028337,154 692 429,A01,2,1,0,1,1,1,5,NULL,202000028337,154 692 429,A01,10,3,4,1,2005,5,0,-1,-1,5,1,2,202000028337,3,61,0,B,-1,2,0,1,0,0,1,NULL," -1",1,0,4,50
202000028337,7,7,2020,21:20:00,2,92,92046,2,1,1,6,"RAYMOND DAVID","48,8174297","2,2946151",202000028337,154 692 429,A01,2,1,0,1,1,1,5,NULL,202000028337,154 692 429,A01,1,1,1,1,1999,5,2,0,-1,-1," -1",-1,202000028337,3,61,0,B,-1,2,0,1,0,0,1,NULL," -1",1,0,4,50
202000028886,6,4,2020,13:15:00,1,13,13028,2,6,1,3,"Rond Point DULAC/ROVARCH","43,1922400","5,6090000",202000028886,154 691 457,B01,1,1,0,2,0,19,5,NULL,202000028886,154 691 457,B01,1,1,3,1,1961,0,8,0,-1,-1," -1",-1,202000028886,3,"Rond Point DULAC/ROVARCH",0,NULL,1,2,0,1,29,500,1,NULL," -1",1,5,1,50
202000028886,6,4,2020,13:15:00,1,13,13028,2,6,1,3,"Rond Point DULAC/ROVARCH","43,1922400","5,6090000",202000028886,154 691 457,B01,1,1,0,2,0,19,5,NULL,202000028886,154 691 458,A01,1,1,1,1,1969,0,1,0,-1,-1," -1",-1,202000028886,3,"Rond Point DULAC/ROVARCH",0,NULL,1,2,0,1,29,500,1,NULL," -1",1,5,1,50
202000031391,30,5,2020,10:00:00,1,59,59574,2,1,1,-1,CONDORCET(RUE),"50,3599000","3,2823000",202000031391,154 687 178,B01,1,1,0,2,0,21,5,NULL,202000031391,154 687 178,B01,1,1,3,2,1958,9,8,0,-1,-1," -1",-1,202000031391,4,CONDORCET(RUE),0,NULL,1,1,0,1,0,0,1,NULL," -1",1,0,1,50
202000031391,30,5,2020,10:00:00,1,59,59574,2,1,1,-1,CONDORCET(RUE),"50,3599000","3,2823000",202000031391,154 687 178,B01,1,1,0,2,0,21,5,NULL,202000031391,154 687 180,A01,1,1,1,2,1953,9,1,0,-1,-1," -1",-1,202000031391,4,CONDORCET(RUE),0,NULL,1,1,0,1,0,0,1,NULL," -1",1,0,1,50
202000032983,29,10,2020,20:30:00,5,73,73008,2,1,1,3,"BOUCHER ALFRED SQUARE","45,6938320","5,9109640",202000032983,154 684 468,B01,3,1,0,2,7,1,5,NULL,202000032983,154 684 468,B01,1,1,4,1,1994,0,8,8,-1,-1," -1",-1,202000032983,4,"BOUCHER ALFRED SQUARE",0,NULL,2,2,0,1,(1),(1),1,NULL," -1",1,0,1,50
202000032983,29,10,2020,20:30:00,5,73,73008,2,1,1,3,"BOUCHER ALFRED SQUARE","45,6938320","5,9109640",202000032983,154 684 468,B01,3,1,0,2,7,1,5,NULL,202000032983,154 684 469,A01,1,1,1,1,1981,4,8,8,-1,-1," -1",-1,202000032983,4,"BOUCHER ALFRED SQUARE",0,NULL,2,2,0,1,(1),(1),1,NULL," -1",1,0,1,50
202000035683,11,1,2020,17:35:00,2,75,75104,2,1,1,7,"BOULEVARD DE SEBASTOPOL","48,8602203","2,3491686",202000035683,154 679 703,A01,1,1,0,0,0,1,5,NULL,202000035683,154 679 703,A01,1,1,4,2,1990,9,8,2,-1,0,0,-1,202000035683,4,NULL,0,NULL,2,4,0,1,18,0,1,NULL," -1",1,0,1,50
202000036069,2,7,2020,20:30:00,1,59,59599,2,2,1,3,"MALCENSE (RUE DE LA)","50,7293600","3,1643900",202000036069,154 678 988,A01,0,1,1,0,1,19,5,NULL,202000036069,154 678 988,A01,1,1,3,2,2000,5,8,0,-1,-1," -1",-1,202000036069,4,"RUE DE LA MALCENSE ",0,NULL,-1,2,0,1,0,0,1,NULL," -1",1,0,1,50
202000036069,2,7,2020,20:30:00,1,59,59599,2,2,1,3,"MALCENSE (RUE DE LA)","50,7293600","3,1643900",202000036069,154 678 988,A01,0,1,1,0,1,19,5,NULL,202000036069,154 678 989,B01,1,1,1,1,1978,5,1,8,-1,-1," -1",-1,202000036069,4,"RUE DE LA MALCENSE ",0,NULL,-1,2,0,1,0,0,1,NULL," -1",1,0,1,50
202000036529,10,2,2020,08:15:00,1,94,94076,2,1,1,3,"FRANCOIS BILLOUX (R)","48,8015950","2,3551420",202000036529,154 678 167,B01,2,1,0,2,8,1,6,NULL,202000036529,154 678 167,B01,1,1,4,2,1992,0,2,8,-1,-1," -1",-1,202000036529,4,"FRANCOIS BILLOUX (R)",0,NULL,2,2,0,1,0,0,1,NULL," -1",1,0,1,50
202000036529,10,2,2020,08:15:00,1,94,94076,2,1,1,3,"FRANCOIS BILLOUX (R)","48,8015950","2,3551420",202000036529,154 678 167,B01,2,1,0,2,8,1,6,NULL,202000036529,154 678 169,A01,1,1,1,1,1979,4,2,6,-1,-1," -1",-1,202000036529,4,"FRANCOIS BILLOUX (R)",0,NULL,2,2,0,1,0,0,1,NULL," -1",1,0,1,50
202000037239,31,7,2020,10:00:00,1,80,80758,1,2,1,3,D14,"49,7262550","2,4169920",202000037239,154 676 925,B01,3,1,0,2,1,1,5,NULL,202000037239,154 676 923,A01,1,1,1,1,1941,5,1,-1,-1,0,0,-1,202000037239,3,83,0,NULL,2,2,0,1,(1),(1),1,NULL," -1",1,0,1,80
202000037239,31,7,2020,10:00:00,1,80,80758,1,2,1,3,D14,"49,7262550","2,4169920",202000037239,154 676 925,B01,3,1,0,2,1,1,5,NULL,202000037239,154 676 925,B01,1,1,4,1,1975,5,2,6,-1,0,0,-1,202000037239,3,83,0,NULL,2,2,0,1,(1),(1),1,NULL," -1",1,0,1,80
202000038225,12,3,2020,13:32:00,1,10,10297,2,2,1,3,"DANTON (RUE)","48,3218000","4,0993000",202000038225,154 675 168,A01,2,1,0,2,3,15,5,NULL,202000038225,154 675 168,A01,1,1,4,2,2008,2,8,0,-1,-1,0,-1,202000038225,4,"DANTON (RUE)",0,NULL,2,2,0,1,0,0,1,NULL," -1",1,0,1,50
202000038225,12,3,2020,13:32:00,1,10,10297,2,2,1,3,"DANTON (RUE)","48,3218000","4,0993000",202000038225,154 675 168,A01,2,1,0,2,3,15,5,NULL,202000038225,154 675 169,B01,1,1,1,1,1970,1,8,0,-1,-1,0,-1,202000038225,4,"DANTON (RUE)",0,NULL,2,2,0,1,0,0,1,NULL," -1",1,0,1,50
202000038636,8,2,2020,16:00:00,1,69,69382,2,3,1,1,"BAYARD                              (CO)","45,7451300","4,8181800",202000038636,154 674 456,B01,3,1,0,1,1,16,5,NULL,202000038636,154 674 454,A01,2,2,1,2,1975,0,1,0,-1,-1," -1",-1,202000038636,4,"BAYARD                              (CO)",0,NULL,2,2,0,1,(1),(1),1,NULL," -1",1,0,1,50
202000038636,8,2,2020,16:00:00,1,69,69382,2,3,1,1,"BAYARD                              (CO)","45,7451300","4,8181800",202000038636,154 674 456,B01,3,1,0,1,1,16,5,NULL,202000038636,154 674 454,A01,1,1,1,1,1990,0,1,0,-1,-1," -1",-1,202000038636,4,"BAYARD                              (CO)",0,NULL,2,2,0,1,(1),(1),1,NULL," -1",1,0,1,50
202000038636,8,2,2020,16:00:00,1,69,69382,2,3,1,1,"BAYARD                              (CO)","45,7451300","4,8181800",202000038636,154 674 456,B01,3,1,0,1,1,16,5,NULL,202000038636,154 674 456,B01,10,3,4,1,1990,0,0,-1,-1,2,9,1,202000038636,4,"BAYARD                              (CO)",0,NULL,2,2,0,1,(1),(1),1,NULL," -1",1,0,1,50
202000038910,27,5,2020,08:10:00,1,64,64445,2,3,1,3,"HONORE BARADAT","43,3050100"," -0,3644400",202000038910,154 673 971,B01,3,1,0,2,1,1,5,NULL,202000038910,154 673 971,B01,1,1,4,2,1963,1,8,0,-1,-1," -1",-1,202000038910,4,NULL,0,NULL,2,2,0,1,0,0,1,NULL," -1",1,0,1,30
202000038910,27,5,2020,08:10:00,1,64,64445,2,3,1,3,"HONORE BARADAT","43,3050100"," -0,3644400",202000038910,154 673 971,B01,3,1,0,2,1,1,5,NULL,202000038910,154 673 972,A01,1,1,1,1,1956,5,1,0,-1,-1," -1",-1,202000038910,4,NULL,0,NULL,2,2,0,1,0,0,1,NULL," -1",1,0,1,30
202000041657,27,6,2020,08:32:00,1,66,66148,1,3,1,-1,CD914,"42,4975020","3,1194840",202000041657,154 669 127,C01,2,1,0,2,1,17,5,NULL,202000041657,154 669 125,A01,1,1,1,1,1959,4,1,-1,-1,0,0,-1,202000041657,3,914,-1,NULL,2,2,0,2,(1),(1),1,NULL," -1",1,0,1,80
202000041657,27,6,2020,08:32:00,1,66,66148,1,3,1,-1,CD914,"42,4975020","3,1194840",202000041657,154 669 126,B01,2,1,0,2,1,17,5,NULL,202000041657,154 669 125,A01,1,1,1,1,1959,4,1,-1,-1,0,0,-1,202000041657,3,914,-1,NULL,2,2,0,2,(1),(1),1,NULL," -1",1,0,1,80
202000041657,27,6,2020,08:32:00,1,66,66148,1,3,1,-1,CD914,"42,4975020","3,1194840",202000041657,154 669 127,C01,2,1,0,2,1,17,5,NULL,202000041657,154 669 126,B01,1,1,4,1,1977,5,2,-1,-1,0,0,-1,202000041657,3,914,-1,NULL,2,2,0,2,(1),(1),1,NULL," -1",1,0,1,80
202000041657,27,6,2020,08:32:00,1,66,66148,1,3,1,-1,CD914,"42,4975020","3,1194840",202000041657,154 669 126,B01,2,1,0,2,1,17,5,NULL,202000041657,154 669 126,B01,1,1,4,1,1977,5,2,-1,-1,0,0,-1,202000041657,3,914,-1,NULL,2,2,0,2,(1),(1),1,NULL," -1",1,0,1,80
202000041657,27,6,2020,08:32:00,1,66,66148,1,3,1,-1,CD914,"42,4975020","3,1194840",202000041657,154 669 127,C01,2,1,0,2,1,17,5,NULL,202000041657,154 669 127,C01,1,1,4,1,1979,5,2,-1,-1,0,0,-1,202000041657,3,914,-1,NULL,2,2,0,2,(1),(1),1,NULL," -1",1,0,1,80
202000041657,27,6,2020,08:32:00,1,66,66148,1,3,1,-1,CD914,"42,4975020","3,1194840",202000041657,154 669 126,B01,2,1,0,2,1,17,5,NULL,202000041657,154 669 127,C01,1,1,4,1,1979,5,2,-1,-1,0,0,-1,202000041657,3,914,-1,NULL,2,2,0,2,(1),(1),1,NULL," -1",1,0,1,80
202000042760,26,7,2020,22:15:00,3,75,75108,2,7,1,2,"PLACE DE LA CONCORDE","48,8652190","2,3218820",202000042760,154 667 142,A01,1,1,0,2,1,2,5,NULL,202000042760,154 667 141,B01,1,1,1,1,1987,4,1,0,-1,0,0,-1,202000042760,4,NULL,0,NULL,1,8,0,1,0,0,1,NULL," -1",1,0,1,50
202000042760,26,7,2020,22:15:00,3,75,75108,2,7,1,2,"PLACE DE LA CONCORDE","48,8652190","2,3218820",202000042760,154 667 142,A01,1,1,0,2,1,2,5,NULL,202000042760,154 667 142,A01,1,1,4,1,1996,5,2,0,-1,0," -1",-1,202000042760,4,NULL,0,NULL,1,8,0,1,0,0,1,NULL," -1",1,0,1,50
202000043913,21,9,2020,07:30:00,1,72,72181,2,6,1,3,"EICHTHAL (RUE D')","47,9982400","0,1886900",202000043913,154 665 070,B01,1,1,0,2,1,1,0,NULL,202000043913,154 665 070,B01,1,1,4,1,1995,0,8,0,-1,-1," -1",-1,202000043913,4,"DEMORIEUX (BD) ENTRE HUISNE ET RD-POINT",0,NULL,2,2,1,1,0,0,1,NULL," -1",1,0,1,50
202000043913,21,9,2020,07:30:00,1,72,72181,2,6,1,3,"EICHTHAL (RUE D')","47,9982400","0,1886900",202000043913,154 665 070,B01,1,1,0,2,1,1,0,NULL,202000043913,154 665 071,A01,1,1,1,1,1986,0,1,0,-1,-1," -1",-1,202000043913,4,"DEMORIEUX (BD) ENTRE HUISNE ET RD-POINT",0,NULL,2,2,1,1,0,0,1,NULL," -1",1,0,1,50
202000046105,7,3,2020,13:45:00,1,75,75107,2,3,1,6,"RUE BOSQUET","48,8561270","2,3067390",202000046105,154 661 238,A01,1,1,0,1,1,1,5,NULL,202000046105,154 661 238,A01,1,1,1,1,1983,5,8,0,-1,0,0,-1,202000046105,4,NULL,0,NULL,2,3,1,1,0,0,1,NULL," -1",1,0,1,50
202000046105,7,3,2020,13:45:00,1,75,75107,2,3,1,6,"RUE BOSQUET","48,8561270","2,3067390",202000046105,154 661 238,A01,1,1,0,1,1,1,5,NULL,202000046105,154 661 238,A01,10,3,4,2,1961,5,0,-1,-1,4,3,1,202000046105,4,NULL,0,NULL,2,3,1,1,0,0,1,NULL," -1",1,0,1,50
202000046501,22,5,2020,11:00:00,1,63,63063,1,6,1,3,"giratoire Est RM2009/RM2","45,8289515","3,1144950",202000046501,154 660 512,B01,3,1,0,2,8,9,5,NULL,202000046501,154 660 512,B01,1,1,3,1,1959,3,8,0,-1,0,0,-1,202000046501,7,2009,0,NULL,1,0,0,1,(1),(1),1,NULL,0,1,3,1,30
202000046501,22,5,2020,11:00:00,1,63,63063,1,6,1,3,"giratoire Est RM2009/RM2","45,8289515","3,1144950",202000046501,154 660 512,B01,3,1,0,2,8,9,5,NULL,202000046501,154 660 513,A01,1,1,1,1,1961,3,1,8,-1,0,0,-1,202000046501,7,2009,0,NULL,1,0,0,1,(1),(1),1,NULL,0,1,3,1,30
202000047028,25,8,2020,17:23:00,1,25,25056,2,6,1,5,"GIBELOTTE PONT DE LA","47,2423690","6,0087280",202000047028,154 659 616,B01,2,1,0,2,4,1,0,NULL,202000047028,154 659 613,C01,1,1,1,2,1982,0,1,0,-1,0,0,-1,202000047028,3,70,0,NULL,1,2,1,1,12,300,2,NULL," -1",1,5,5,50
202000047028,25,8,2020,17:23:00,1,25,25056,2,6,1,5,"GIBELOTTE PONT DE LA","47,2423690","6,0087280",202000047028,154 659 616,B01,2,1,0,2,4,1,0,NULL,202000047028,154 659 615,A01,1,1,1,1,1995,0,1,0,-1,0,0,-1,202000047028,3,70,0,NULL,1,2,1,1,12,300,2,NULL," -1",1,5,5,50
202000047028,25,8,2020,17:23:00,1,25,25056,2,6,1,5,"GIBELOTTE PONT DE LA","47,2423690","6,0087280",202000047028,154 659 616,B01,2,1,0,2,4,1,0,NULL,202000047028,154 659 616,B01,1,1,4,1,1977,0,0,-1,-1,0,0,-1,202000047028,3,70,0,NULL,1,2,1,1,12,300,2,NULL," -1",1,5,5,50
202000007391,30,1,2020,14:42:00,1,75,75110,2,1,1,-1,"QUAI DE VALMY","48,8735023","2,3632893",202000007391,154 729 243,Z01,2,1,0,2,1,9,5,NULL,202000007391,154 729 242,A01,1,1,4,1,1967,5,8,2,-1,0,0,-1,202000007391,4,NULL,0,NULL,1,2,1,2,91,0,1,NULL," -1",2,-1,5,50
202000009001,26,2,2020,16:55:00,1,75,75119,2,2,7,3,"BOULEVARD SERURIER","48,8772500","2,4067980",202000009001,154 726 429,A01,2,1,0,2,6,5,5,NULL,202000009001,154 726 429,A01,1,1,4,1,1997,1,2,0,-1,0,0,-1,202000009001,4,NULL,0,NULL,3,4,1,2,1,0,1,NULL," -1",2,-1,5,50
202000009001,26,2,2020,16:55:00,1,75,75119,2,2,7,3,"BOULEVARD SERURIER","48,8772500","2,4067980",202000009001,154 726 429,A01,2,1,0,2,6,5,5,NULL,202000009001,154 726 430,B01,1,1,1,2,1962,9,1,0,-1,0,0,-1,202000009001,4,NULL,0,NULL,3,4,1,2,1,0,1,NULL," -1",2,-1,5,50
202000010269,28,12,2020,12:55:00,1,07,07229,2,1,1,-1,"MONTELIMAR ( ROUTE DE )","44,6055850","4,4174650",202000010269,154 724 186,B01,3,1,0,0,0,0,5,NULL,202000010269,154 724 185,A01,1,1,1,1,1949,5,8,0,-1,-1," -1",-1,202000010269,2,N,0,NULL,1,1,0,1,37,599,1,NULL," -1",1,0,1,50
202000010269,28,12,2020,12:55:00,1,07,07229,2,1,1,-1,"MONTELIMAR ( ROUTE DE )","44,6055850","4,4174650",202000010269,154 724 186,B01,3,1,0,0,0,0,5,NULL,202000010269,154 724 186,B01,1,1,4,1,1951,5,8,0,-1,-1," -1",-1,202000010269,2,N,0,NULL,1,1,0,1,37,599,1,NULL," -1",1,0,1,50
202000010750,13,5,2020,13:30:00,1,67,67434,2,1,1,1,"8 rue du maréchal FOCH","48,9400820","7,0861550",202000010750,154 723 361,B01,2,1,0,2,1,9,6,NULL,202000010750,154 723 360,A01,1,1,1,2,1984,9,1,-1,-1,0,0,-1,202000010750,3,1061,0,NULL,2,2,0,1,(1),(1),1,NULL,7,1,0,1,-1
202000010750,13,5,2020,13:30:00,1,67,67434,2,1,1,1,"8 rue du maréchal FOCH","48,9400820","7,0861550",202000010750,154 723 361,B01,2,1,0,2,1,9,6,NULL,202000010750,154 723 361,B01,1,1,3,1,2004,5,0,-1,-1,0,0,-1,202000010750,3,1061,0,NULL,2,2,0,1,(1),(1),1,NULL,7,1,0,1,-1
202000012428,20,11,2020,17:30:00,2,75,75111,2,2,1,3,"RUE DU CHEMIN VERT","48,8597470","2,3768450",202000012428,154 720 405,A01,2,1,0,2,2,16,5,NULL,202000012428,154 720 405,A01,1,1,4,1,1989,9,2,0,-1,0,0,-1,202000012428,4,NULL,0,NULL,1,1,0,2,0,0,1,NULL," -1",1,0,1,50
202000012428,20,11,2020,17:30:00,2,75,75111,2,2,1,3,"RUE DU CHEMIN VERT","48,8597470","2,3768450",202000012428,154 720 405,A01,2,1,0,2,2,16,5,NULL,202000012428,154 720 406,B01,1,1,1,1,1985,4,2,6,-1,0,0,-1,202000012428,4,NULL,0,NULL,1,1,0,2,0,0,1,NULL," -1",1,0,1,50
202000012908,1,3,2020,12:15:00,1,60,60536,1,1,2,3,"Route de Pont","49,3086252","2,7053755",202000012908,154 719 595,A01,2,1,0,0,8,15,5,NULL,202000012908,154 719 594,B01,1,1,1,2,2000,5,1,-1,-1,0,0,-1,202000012908,3,123,-1,NULL,2,2,1,1,15,600,1,NULL," -1",2,0,1,80
202000012908,1,3,2020,12:15:00,1,60,60536,1,1,2,3,"Route de Pont","49,3086252","2,7053755",202000012908,154 719 595,A01,2,1,0,0,8,15,5,NULL,202000012908,154 719 595,A01,1,1,4,1,1962,5,2,-1,-1,0,0,-1,202000012908,3,123,-1,NULL,2,2,1,1,15,600,1,NULL," -1",2,0,1,80
202000016200,17,11,2020,08:00:00,1,69,69034,2,2,1,-1,"PIERRE DREVET                       (CH)","45,8061433","4,8726338",202000016200,154 713 750,B01,1,1,0,2,2,5,5,NULL,202000016200,154 713 749,A01,1,1,1,1,1967,4,1,0,-1,-1," -1",-1,202000016200,4,NULL,0,NULL,2,2,0,1,0,1,1,NULL," -1",1,0,1,50
202000016200,17,11,2020,08:00:00,1,69,69034,2,2,1,-1,"PIERRE DREVET                       (CH)","45,8061433","4,8726338",202000016200,154 713 750,B01,1,1,0,2,2,5,5,NULL,202000016200,154 713 750,B01,1,1,3,1,1950,5,2,0,-1,-1," -1",-1,202000016200,4,NULL,0,NULL,2,2,0,1,0,1,1,NULL," -1",1,0,1,50
202000017813,7,10,2020,13:20:00,1,92,92026,2,3,1,1,MARCEAU,"48,9007800","2,2445600",202000017813,154 710 886,B01,1,1,1,0,1,15,5,NULL,202000017813,154 710 885,A01,1,1,1,1,1941,0,1,0,-1,-1," -1",-1,202000017813,3,6,0,NULL,2,2,0,1,0,0,1,NULL," -1",1,0,1,50
202000017813,7,10,2020,13:20:00,1,92,92026,2,3,1,1,MARCEAU,"48,9007800","2,2445600",202000017813,154 710 886,B01,1,1,1,0,1,15,5,NULL,202000017813,154 710 886,B01,1,1,4,1,2013,5,2,0,-1,-1," -1",-1,202000017813,3,6,0,NULL,2,2,0,1,0,0,1,NULL," -1",1,0,1,50
202000017849,9,10,2020,16:25:00,1,07,07010,2,6,1,2,D878,"45,2392960","4,6907010",202000017849,154 710 822,B01,1,1,0,2,8,2,6,NULL,202000017849,154 710 822,B01,1,1,2,1,1945,5,2,9,-1,0,0,-1,202000017849,3,878,-1,NULL,1,1,0,2,4,250,3,NULL," -1",1,0,1,50
202000017849,9,10,2020,16:25:00,1,07,07010,2,6,1,2,D878,"45,2392960","4,6907010",202000017849,154 710 822,B01,1,1,0,2,8,2,6,NULL,202000017849,154 710 823,A01,1,1,1,1,1966,4,8,-1,-1,0,0,-1,202000017849,3,878,-1,NULL,1,1,0,2,4,250,3,NULL," -1",1,0,1,50
202000017909,21,12,2020,15:25:00,1,11,11069,2,1,1,3,"ALEXANDRO VOLTA -RUE-","43,2054000","2,3094000",202000017909,154 710 714,A01,3,1,0,2,1,1,5,NULL,202000017909,154 710 714,A01,1,1,4,1,1969,9,8,8,-1,-1," -1",-1,202000017909,6,"ALEXANDRO VOLTA -RUE-",0,NULL,-1,-1,0,1,0,0,4,NULL," -1",1,0,1,50