Num_Acc,jour,mois,an,hrmn,lum,dep,com,agg,int,atm,col,adr,lat,long,Num_Acc,id_vehicule,num_veh,senc,catv,obs,obsm,choc,manv,motor,occutc,Num_Acc,id_vehicule,num_veh,place,catu,grav,sexe,an_nais,trajet,secu1,secu2,secu3,locp,actp,etatp,Num_Acc,catr,voie,v1,v2,circ,nbv,vosp,prof,pr,pr1,plan,lartpc,larrout,surf,infra,situ,vma
202000017909,21,12,2020,15:25:00,1,11,11069,2,1,1,3,"ALEXANDRO VOLTA -RUE-","43,2054000","2,3094000",202000017909,154 710 714,A01,3,1,0,2,1,1,5,NULL,202000017909,154 710 715,B01,1,1,1,2,1957,3,1,0,-1,-1," -1",-1,202000017909,6,"ALEXANDRO VOLTA -RUE-",0,NULL,-1,-1,0,1,0,0,4,NULL," -1",1,0,1,50
202000018473,24,4,2020,14:10:00,1,67,67482,2,3,1,3,"10 Rue Paul Reiss","48,5768090","7,7497380",202000018473,154 709 764,B01,2,1,0,2,2,1,5,NULL,202000018473,154 709 763,A01,1,1,1,2,1973,1,1,8,-1,-1,0,-1,202000018473,4,NULL,0,NULL,3,2,1,1,0,0,1,NULL,4,1,0,5,30
202000018473,24,4,2020,14:10:00,1,67,67482,2,3,1,3,"10 Rue Paul Reiss","48,5768090","7,7497380",202000018473,154 709 764,B01,2,1,0,2,2,1,5,NULL,202000018473,154 709 764,B01,1,1,4,1,1993,0,8,0,-1,-1,0,-1,202000018473,4,NULL,0,NULL,3,2,1,1,0,0,1,NULL,4,1,0,5,30
202000021372,10,8,2020,23:00:00,3,38,38344,1,1,8,2,"Route Nationale 7","45,4056000","4,8109100",202000021372,154 704 601,B01,2,1,0,2,4,2,5,NULL,202000021372,154 704 601,B01,1,1,3,1,1965,0,2,6,-1,0,0,-1,202000021372,2,7,-1,NULL,2,2,0,1,21,700,1,NULL," -1",1,0,1,80
202000021372,10,8,2020,23:00:00,3,38,38344,1,1,8,2,"Route Nationale 7","45,4056000","4,8109100",202000021372,154 704 601,B01,2,1,0,2,4,2,5,NULL,202000021372,154 704 603,A01,1,1,1,1,1989,4,1,-1,-1,0,0,-1,202000021372,2,7,-1,NULL,2,2,0,1,21,700,1,NULL," -1",1,0,1,80
202000022943,8,9,2020,15:20:00,1,69,69382,2,2,1,3,"CELESTINS (DES)                     (QU)","45,7592700","4,8295300",202000022943,154 701 862,B01,1,1,0,2,1,16,0,NULL,202000022943,154 701 862,B01,1,1,4,1,1989,9,8,8,-1,-1," -1",-1,202000022943,4,NULL,0,NULL,1,4,3,1,0,1,1,NULL," -1",1,0,1,50
202000022943,8,9,2020,15:20:00,1,69,69382,2,2,1,3,"CELESTINS (DES)                     (QU)","45,7592700","4,8295300",202000022943,154 701 862,B01,1,1,0,2,1,16,0,NULL,202000022943,154 701 863,A01,1,1,1,1,1989,1,1,4,-1,-1," -1",-1,202000022943,4,NULL,0,NULL,1,4,3,1,0,1,1,NULL," -1",1,0,1,50
202000025386,6,6,2020,10:25:00,1,14,14242,2,3,8,3,"GRACE DE DIEU (RUE DE LA )","49,2202400"," -0,3711000",202000025386,154 697 551,A01,3,1,0,2,1,2,5,NULL,202000025386,154 697 548,B01,1,1,1,1,1978,1,1,0,-1,0,0,-1,202000025386,4,NULL,0,NULL,2,-1,0,1,1,0,1,NULL," -1",1,0,1,50
202000025386,6,6,2020,10:25:00,1,14,14242,2,3,8,3,"GRACE DE DIEU (RUE DE LA )","49,2202400"," -0,3711000",202000025386,154 697 551,A01,3,1,0,2,1,2,5,NULL,202000025386,154 697 551,A01,1,1,4,1,2008,5,8,0,-1,0,0,-1,202000025386,4,NULL,0,NULL,2,-1,0,1,1,0,1,NULL," -1",1,0,1,50
202000027135,10,3,2020,09:14:00,1,974,97415,2,1,1,1,"22 Chemin Labbe"," -21,0661550","55,2803650",202000027135,154 694 520,B01,0,1,0,2,1,0,5,NULL,202000027135,154 694 520,B01,1,1,3,1,2002,4,0,-1,-1,0,0,-1,202000027135,9,NULL,-1,NULL,2,2,0,2,(1),(1),1,NULL," -1",1,0,1,50
202000028575,16,2,2020,20:20:00,5,75,75118,2,3,2,-1,"BOULEVARD NEY","48,8980110","2,3424400",202000028575,154 691 998,A01,2,1,0,2,1,15,5,NULL,202000028575,154 691 998,A01,1,1,4,1,2007,9,8,0,-1,0,0,-1,202000028575,4,NULL,0,NULL,3,2,0,1,0,0,1,NULL,4,2,-1,5,50
202000028838,4,9,2020,18:15:00,2,974,97407,2,1,1,3,"MAHY FRANCOIS (RUE)"," -20,9377300","55,2910100",202000028838,154 691 530,B01,3,1,0,2,0,0,5,NULL,202000028838,154 691 530,B01,1,1,4,1,1978,0,2,0,-1,-1," -1",-1,202000028838,4,"MAHY FRANCOIS (RUE)",0,NULL,1,0,0,1,0,0,1,NULL," -1",1,0,1,30
202000028838,4,9,2020,18:15:00,2,974,97407,2,1,1,3,"MAHY FRANCOIS (RUE)"," -20,9377300","55,2910100",202000028838,154 691 530,B01,3,1,0,2,0,0,5,NULL,202000028838,154 691 531,A01,1,1,1,1,1982,5,1,0,-1,-1," -1",-1,202000028838,4,"MAHY FRANCOIS (RUE)",0,NULL,1,0,0,1,0,0,1,NULL," -1",1,0,1,30
202000029541,1,10,2020,08:52:00,1,45,45286,2,1,2,3,"DE GAULLE (RUE DU GENERAL)","47,8896400","1,9236400",202000029541,154 690 333,B01,2,1,0,2,0,0,0,NULL,202000029541,154 690 333,B01,1,1,4,1,2006,2,8,0,-1,-1," -1",-1,202000029541,3,"DE GAULLE (RUE DU GENERAL)",0,NULL,2,2,0,1,90,390,1,NULL," -1",2,0,1,50
202000029615,1,10,2020,17:05:00,1,75,75113,2,2,2,6,"BOULEVARD MASSENA","48,8240410","2,3770110",202000029615,154 690 204,A01,2,1,0,1,1,1,5,NULL,202000029615,154 690 204,A01,1,1,4,1,1999,1,2,0,-1,0,0,-1,202000029615,4,NULL,0,NULL,2,4,0,2,0,0,1,NULL," -1",2,0,1,50
202000029615,1,10,2020,17:05:00,1,75,75113,2,2,2,6,"BOULEVARD MASSENA","48,8240410","2,3770110",202000029615,154 690 204,A01,2,1,0,1,1,1,5,NULL,202000029615,154 690 204,A01,10,3,4,1,2002,9,0,-1,-1,4,3,1,202000029615,4,NULL,0,NULL,2,4,0,2,0,0,1,NULL," -1",2,0,1,50
202000030137,15,1,2020,17:40:00,5,91,91631,2,1,2,3,"MANDRES (RUE DE)","48,6796000","2,5592000",202000030137,154 689 278,B01,2,1,0,2,1,1,5,NULL,202000030137,154 689 278,B01,1,1,4,1,1970,0,8,0,-1,-1," -1",-1,202000030137,4,"MANDRES (RUE DE)",0,NULL,2,2,0,2,1,0,1,NULL," -1",2,0,4,50
202000030137,15,1,2020,17:40:00,5,91,91631,2,1,2,3,"MANDRES (RUE DE)","48,6796000","2,5592000",202000030137,154 689 278,B01,2,1,0,2,1,1,5,NULL,202000030137,154 689 279,A01,1,1,1,2,1994,5,1,0,-1,-1," -1",-1,202000030137,4,"MANDRES (RUE DE)",0,NULL,2,2,0,2,1,0,1,NULL," -1",2,0,4,50
202000031946,14,1,2020,16:40:00,1,75,75106,2,1,1,3,"RUE DE SEVRES","48,8499663","2,3235971",202000031946,154 686 211,B01,2,1,0,2,1,1,5,NULL,202000031946,154 686 210,A01,1,1,1,1,1965,4,1,0,-1,0,0,-1,202000031946,4,NULL,0,NULL,2,4,3,1,67,0,1,NULL," -1",1,-1,6,50
202000031946,14,1,2020,16:40:00,1,75,75106,2,1,1,3,"RUE DE SEVRES","48,8499663","2,3235971",202000031946,154 686 211,B01,2,1,0,2,1,1,5,NULL,202000031946,154 686 211,B01,1,1,4,1,1984,4,8,2,-1,0,0,-1,202000031946,4,NULL,0,NULL,2,4,3,1,67,0,1,NULL," -1",1,-1,6,50
202000033190,29,10,2020,17:25:00,2,58,58151,1,1,1,-1,D34,"46,8700500","3,4597060",202000033190,154 684 111,B01,2,1,0,2,1,2,5,NULL,202000033190,154 684 109,A01,1,1,1,1,1958,0,1,-1,-1,0,0,-1,202000033190,3,34,0,NULL,2,2,0,1,71,20,1,NULL," -1",2,0,1,80
202000033190,29,10,2020,17:25:00,2,58,58151,1,1,1,-1,D34,"46,8700500","3,4597060",202000033190,154 684 111,B01,2,1,0,2,1,2,5,NULL,202000033190,154 684 111,B01,1,1,4,1,2003,5,2,6,-1,0,0,-1,202000033190,3,34,0,NULL,2,2,0,1,71,20,1,NULL," -1",2,0,1,80
202000033895,13,1,2020,10:00:00,1,75,75110,2,1,1,6,"RUE DU FAUBOURG SAINT DENIS","48,8809645","2,3579477",202000033895,154 682 867,A01,2,1,0,1,1,7,5,NULL,202000033895,154 682 867,A01,10,3,4,2,1988,1,0,-1,-1,2,3,1,202000033895,4,NULL,0,NULL,2,2,3,1,181,0,1,NULL," -1",1,-1,6,50
202000033895,13,1,2020,10:00:00,1,75,75110,2,1,1,6,"RUE DU FAUBOURG SAINT DENIS","48,8809645","2,3579477",202000033895,154 682 867,A01,2,1,0,1,1,7,5,NULL,202000033895,154 682 867,A01,1,1,1,1,1987,9,8,2,-1,0,0,-1,202000033895,4,NULL,0,NULL,2,2,3,1,181,0,1,NULL," -1",1,-1,6,50
202000034217,2,7,2020,18:50:00,1,93,93066,2,1,1,3,"Avenue Paul Vaillant-Couturier","48,9300000","2,3620000",202000034217,154 682 295,A01,2,1,0,2,3,1,5,NULL,202000034217,154 682 294,B01,1,1,1,1,1996,4,1,0,-1,-1," -1",-1,202000034217,4,931,0,NULL,2,4,0,1,0,(1),1,NULL," -1",1,0,1,50
202000034217,2,7,2020,18:50:00,1,93,93066,2,1,1,3,"Avenue Paul Vaillant-Couturier","48,9300000","2,3620000",202000034217,154 682 295,A01,2,1,0,2,3,1,5,NULL,202000034217,154 682 295,A01,1,1,4,1,1973,5,8,0,-1,-1," -1",-1,202000034217,4,931,0,NULL,2,4,0,1,0,(1),1,NULL," -1",1,0,1,50
202000034366,14,2,2020,16:00:00,1,02,02475,1,1,1,3,"36 Rue de Guignicourt","49,4216030","3,9977150",202000034366,154 682 041,B01,1,1,0,2,8,25,5,NULL,202000034366,154 682 040,A01,1,1,1,1,1972,4,8,-1,-1,0,0,-1,202000034366,3,925,-1,NULL,3,2,0,1,51,200,3,NULL," -1",1,9,1,50
202000034366,14,2,2020,16:00:00,1,02,02475,1,1,1,3,"36 Rue de Guignicourt","49,4216030","3,9977150",202000034366,154 682 041,B01,1,1,0,2,8,25,5,NULL,202000034366,154 682 041,B01,1,1,3,1,2005,2,0,-1,-1,0,0,-1,202000034366,3,925,-1,NULL,3,2,0,1,51,200,3,NULL," -1",1,9,1,50
202000034531,2,9,2020,17:30:00,1,75,75116,2,3,1,3,"AVENUE ALBERT DE MUN","48,8620500","2,2932210",202000034531,154 681 740,B01,1,1,0,2,1,1,5,NULL,202000034531,154 681 740,B01,1,1,4,2,1979,5,2,0,-1,-1," -1",-1,202000034531,4,NULL,0,NULL,2,2,2,2,0,0,1,NULL," -1",1,0,5,50
202000034531,2,9,2020,17:30:00,1,75,75116,2,3,1,3,"AVENUE ALBERT DE MUN","48,8620500","2,2932210",202000034531,154 681 740,B01,1,1,0,2,1,1,5,NULL,202000034531,154 681 741,A01,1,1,1,2,1995,5,1,0,-1,-1," -1",-1,202000034531,4,NULL,0,NULL,2,2,2,2,0,0,1,NULL," -1",1,0,5,50
202000035960,9,12,2020,11:06:00,1,17,17300,2,1,1,3,"SCHWEITZER   RUE DU DOCTEUR ALB","46,1584000"," -1,1455200",202000035960,154 679 193,B01,1,1,0,2,2,19,5,NULL,202000035960,154 679 192,A01,1,1,1,1,1949,5,1,0,-1,-1," -1",-1,202000035960,4,"SCHWEITZER   RUE DU DOCTEUR ALB",0,NULL,1,1,1,2,0,0,1,NULL," -1",1,0,5,50
202000035960,9,12,2020,11:06:00,1,17,17300,2,1,1,3,"SCHWEITZER   RUE DU DOCTEUR ALB","46,1584000"," -1,1455200",202000035960,154 679 193,B01,1,1,0,2,2,19,5,NULL,202000035960,154 679 193,B01,1,1,4,1,1952,5,2,0,-1,-1," -1",-1,202000035960,4,"SCHWEITZER   RUE DU DOCTEUR ALB",0,NULL,1,1,1,2,0,0,1,NULL," -1",1,0,5,50
202000042463,6,1,2020,13:45:00,1,14,14215,2,2,1,3,"GROSSE TOUR (RUE DE LA )","49,1898000"," -0,2656000",202000042463,154 667 664,B01,1,1,0,2,1,1,5,NULL,202000042463,154 667 664,B01,1,1,4,1,1959,5,8,0,-1,0,0,-1,202000042463,4,NULL,0,NULL,2,2,0,1,1,0,1,NULL," -1",1,0,1,50
202000042463,6,1,2020,13:45:00,1,14,14215,2,2,1,3,"GROSSE TOUR (RUE DE LA )","49,1898000"," -0,2656000",202000042463,154 667 664,B01,1,1,0,2,1,1,5,NULL,202000042463,154 667 668,A01,1,1,1,1,1992,5,1,0,-1,0,0,-1,202000042463,4,NULL,0,NULL,2,2,0,1,1,0,1,NULL," -1",1,0,1,50
202000042773,23,9,2020,18:50:00,2,68,68082,2,9,1,3,"Rue de Pulversheim","47,8591740","7,3410400",202000042773,154 667 116,B01,1,1,0,0,7,1,5,NULL,202000042773,154 667 113,A01,1,1,1,1,1982,5,1,-1,-1,0,0,-1,202000042773,3,2,0,NULL,2,2,1,1,(1),(1),1,NULL," -1",1,5,5,50
202000042773,23,9,2020,18:50:00,2,68,68082,2,9,1,3,"Rue de Pulversheim","47,8591740","7,3410400",202000042773,154 667 116,B01,1,1,0,0,7,1,5,NULL,202000042773,154 667 116,B01,1,1,4,1,1987,5,0,-1,-1,0,0,-1,202000042773,3,2,0,NULL,2,2,1,1,(1),(1),1,NULL," -1",1,5,5,50
202000043542,23,10,2020,12:35:00,1,56,56185,1,1,1,7,"Rue Professeur René Lote","47,7772450"," -3,4064910",202000043542,154 665 717,A01,1,1,0,0,0,1,5,NULL,202000043542,154 665 717,A01,1,1,3,1,2002,1,0,-1,-1,0,0,-1,202000043542,3,6,0,NULL,2,2,1,1,31,820,3,NULL," -1",1,0,5,80
202000044143,10,3,2020,14:45:00,1,04,04230,1,1,1,2,"RD 6","43,8318140","5,9514840",202000044143,154 664 669,A01,2,1,1,0,1,1,5,NULL,202000044143,154 664 668,B01,1,1,1,1,1981,5,1,-1,-1,0,0,-1,202000044143,3,6,-1,NULL,2,2,0,2,21,450,1,NULL," -1",1,0,1,80
202000044143,10,3,2020,14:45:00,1,04,04230,1,1,1,2,"RD 6","43,8318140","5,9514840",202000044143,154 664 669,A01,2,1,1,0,1,1,5,NULL,202000044143,154 664 669,A01,1,1,3,1,1944,5,0,-1,-1,0,0,-1,202000044143,3,6,-1,NULL,2,2,0,2,21,450,1,NULL," -1",1,0,1,80
202000044800,5,2,2020,15:40:00,1,75,75101,2,1,1,3,"PONT AU CHANGE","48,8570310","2,3469180",202000044800,154 663 467,B01,1,1,0,2,8,7,5,NULL,202000044800,154 663 466,A01,1,1,1,2,1994,4,1,0,-1,0,0,-1,202000044800,4,NULL,0,NULL,3,5,3,1,0,0,1,NULL,15,1,-1,6,50
202000044800,5,2,2020,15:40:00,1,75,75101,2,1,1,3,"PONT AU CHANGE","48,8570310","2,3469180",202000044800,154 663 467,B01,1,1,0,2,8,7,5,NULL,202000044800,154 663 467,B01,1,1,4,1,1971,5,8,0,-1,0," -1",-1,202000044800,4,NULL,0,NULL,3,5,3,1,0,0,1,NULL,15,1,-1,6,50
202000044995,5,2,2020,15:50:00,1,11,11076,2,6,1,1,D6313,"43,3012119","1,9559044",202000044995,154 663 149,B01,1,1,0,2,7,2,5,NULL,202000044995,154 663 147,A01,1,1,1,2,1950,5,1,-1,-1,0,0,-1,202000044995,3,6313,0,NULL,1,1,0,1,2,0,2,NULL,3,1,0,1,50
202000044995,5,2,2020,15:50:00,1,11,11076,2,6,1,1,D6313,"43,3012119","1,9559044",202000044995,154 663 149,B01,1,1,0,2,7,2,5,NULL,202000044995,154 663 149,B01,1,1,3,1,1959,5,0,-1,-1,0,0,-1,202000044995,3,6313,0,NULL,1,1,0,1,2,0,2,NULL,3,1,0,1,50
202000010460,22,11,2020,13:00:00,1,75,75110,2,3,1,3,"QUAI DE VALMY","48,8792400","2,3667350",202000010460,154 723 864,A01,2,1,0,2,1,1,5,NULL,202000010460,154 723 864,A01,1,1,4,2,1962,1,2,0,-1,0,0,-1,202000010460,4,NULL,0,NULL,1,2,1,1,0,0,1,NULL," -1",1,-1,5,30
202000010460,22,11,2020,13:00:00,1,75,75110,2,3,1,3,"QUAI DE VALMY","48,8792400","2,3667350",202000010460,154 723 863,Z01,2,1,0,2,1,16,5,NULL,202000010460,154 723 864,A01,1,1,4,2,1962,1,2,0,-1,0,0,-1,202000010460,4,NULL,0,NULL,1,2,1,1,0,0,1,NULL," -1",1,-1,5,30
202000010844,28,2,2020,08:50:00,1,94,94017,2,1,1,1,"PIERRE RENAUDEL (R)","48,8134090","2,5093640",202000010844,154 723 200,A01,1,1,0,2,1,5,5,NULL,202000010844,154 723 200,A01,1,1,4,1,2006,2,8,0,-1,-1," -1",-1,202000010844,4,"PIERRE RENAUDEL (R)",0,NULL,1,0,0,2,0,0,1,NULL," -1",1,0,1,50
202000010844,28,2,2020,08:50:00,1,94,94017,2,1,1,1,"PIERRE RENAUDEL (R)","48,8134090","2,5093640",202000010844,154 723 200,A01,1,1,0,2,1,5,5,NULL,202000010844,154 723 201,B01,1,1,1,2,1958,0,8,0,-1,-1," -1",-1,202000010844,4,"PIERRE RENAUDEL (R)",0,NULL,1,0,0,2,0,0,1,NULL," -1",1,0,1,50
202000012358,20,11,2020,13:00:00,1,69,69389,2,3,1,3,"OBSERVANCE (DE L')                  (MO)","45,7692800","4,8100200",202000012358,154 720 535,B01,2,1,0,2,2,1,5,NULL,202000012358,154 720 534,A01,1,1,1,1,1995,1,1,8,-1,-1," -1",-1,202000012358,4,NULL,0,NULL,2,1,0,2,0,0,2,NULL," -1",1,0,1,50
202000012358,20,11,2020,13:00:00,1,69,69389,2,3,1,3,"OBSERVANCE (DE L')                  (MO)","45,7692800","4,8100200",202000012358,154 720 535,B01,2,1,0,2,2,1,5,NULL,202000012358,154 720 535,B01,1,1,3,1,1966,9,2,8,-1,-1," -1",-1,202000012358,4,NULL,0,NULL,2,1,0,2,0,0,2,NULL," -1",1,0,1,50
202000013234,13,9,2020,02:00:00,3,40,40182,1,1,1,2,D66,"44,0704280"," -1,1726400",202000013234,154 719 022,A01,0,1,0,2,0,1,5,NULL,202000013234,154 719 022,A01,1,1,4,1,1997,5,0,-1,-1,0,0,-1,202000013234,3,66,-1,NULL,2,2,0,2,9,200,1,NULL," -1",1,0,1,-1
202000013234,13,9,2020,02:00:00,3,40,40182,1,1,1,2,D66,"44,0704280"," -1,1726400",202000013234,154 719 022,A01,0,1,0,2,0,1,5,NULL,202000013234,154 719 024,B01,1,1,1,1,1970,5,8,-1,-1,0,0,-1,202000013234,3,66,-1,NULL,2,2,0,2,9,200,1,NULL," -1",1,0,1,-1
202000013617,16,6,2020,15:15:00,1,70,70137,1,1,1,2,D49,"47,5162590","6,3577370",202000013617,154 718 333,B01,1,1,0,2,4,1,-1,NULL,202000013617,154 718 332,A01,1,1,2,1,1947,5,2,-1,-1,0,0,-1,202000013617,3,49,-1,NULL,2,2,0,1,13,850,1,NULL,"5,5",1,0,1,80
202000013617,16,6,2020,15:15:00,1,70,70137,1,1,1,2,D49,"47,5162590","6,3577370",202000013617,154 718 332,A01,1,1,0,2,1,1,5,NULL,202000013617,154 718 332,A01,1,1,2,1,1947,5,2,-1,-1,0,0,-1,202000013617,3,49,-1,NULL,2,2,0,1,13,850,1,NULL,"5,5",1,0,1,80
202000013617,16,6,2020,15:15:00,1,70,70137,1,1,1,2,D49,"47,5162590","6,3577370",202000013617,154 718 333,B01,1,1,0,2,4,1,-1,NULL,202000013617,154 718 333,B01,1,1,1,1,1937,-1,2,-1,-1,-1," -1",-1,202000013617,3,49,-1,NULL,2,2,0,1,13,850,1,NULL,"5,5",1,0,1,80
202000013617,16,6,2020,15:15:00,1,70,70137,1,1,1,2,D49,"47,5162590","6,3577370",202000013617,154 718 332,A01,1,1,0,2,1,1,5,NULL,202000013617,154 718 333,B01,1,1,1,1,1937,-1,2,-1,-1,-1," -1",-1,202000013617,3,49,-1,NULL,2,2,0,1,13,850,1,NULL,"5,5",1,0,1,80
202000013839,15,8,2020,16:30:00,1,31,31390,2,1,1,6,"Place de l'Orme","43,0843460","0,5741970",202000013839,154 717 940,A01,1,1,12,0,0,1,5,NULL,202000013839,154 717 940,A01,1,1,3,1,1947,5,6,-1,-1,0,0,-1,202000013839,3,825,-1,NULL,2,2,0,4,(1),(1),1,NULL," -1",2,0,4,30
202000013947,10,10,2020,07:15:00,5,69,69383,2,1,2,3,"FELIX FAURE                         (AV)","45,7537600","4,8598400",202000013947,154 717 766,B01,2,1,0,2,0,0,0,NULL,202000013947,154 717 766,B01,1,1,4,1,1996,0,2,0,-1,-1," -1",-1,202000013947,4,NULL,0,NULL,2,4,1,1,0,0,1,NULL," -1",2,0,1,50
202000013947,10,10,2020,07:15:00,5,69,69383,2,1,2,3,"FELIX FAURE                         (AV)","45,7537600","4,8598400",202000013947,154 717 766,B01,2,1,0,2,0,0,0,NULL,202000013947,154 717 767,A01,1,1,1,2,1985,0,1,0,-1,-1," -1",-1,202000013947,4,NULL,0,NULL,2,4,1,1,0,0,1,NULL," -1",2,0,1,50
202000014725,24,1,2020,15:00:00,1,972,97209,1,3,1,3,"MOI LAMINAIRE (RUE)","14,6001500"," -61,0430100",202000014725,154 716 460,B01,1,1,0,2,1,13,5,NULL,202000014725,154 716 460,B01,1,1,3,1,2005,5,8,0,-1,-1," -1",-1,202000014725,4,"MOI LAMINAIRE (RUE)",0,NULL,2,2,0,2,(1),(1),1,NULL," -1",1,0,1,30
202000014725,24,1,2020,15:00:00,1,972,97209,1,3,1,3,"MOI LAMINAIRE (RUE)","14,6001500"," -61,0430100",202000014725,154 716 460,B01,1,1,0,2,1,13,5,NULL,202000014725,154 716 461,A01,1,1,1,1,1967,1,1,0,-1,-1," -1",-1,202000014725,4,"MOI LAMINAIRE (RUE)",0,NULL,2,2,0,2,(1),(1),1,NULL," -1",1,0,1,30
202000015293,9,9,2020,14:40:00,1,01,01399,2,1,1,-1,"733 Route Blanche","46,2960690","6,0757940",202000015293,154 715 393,A01,1,1,0,2,0,25,5,NULL,202000015293,154 715 392,B01,1,1,1,1,1999,9,0,-1,-1,0,0,-1,202000015293,3,1005,-1,NULL,2,2,0,1,24,955,1,NULL," -1",1,0,1,50
202000015293,9,9,2020,14:40:00,1,01,01399,2,1,1,-1,"733 Route Blanche","46,2960690","6,0757940",202000015293,154 715 393,A01,1,1,0,2,0,25,5,NULL,202000015293,154 715 392,B01,2,2,1,1,1971,4,0,-1,-1,0,0,-1,202000015293,3,1005,-1,NULL,2,2,0,1,24,955,1,NULL," -1",1,0,1,50
202000015293,9,9,2020,14:40:00,1,01,01399,2,1,1,-1,"733 Route Blanche","46,2960690","6,0757940",202000015293,154 715 393,A01,1,1,0,2,0,25,5,NULL,202000015293,154 715 393,A01,1,1,4,1,2015,5,0,-1,-1,0,0,-1,202000015293,3,1005,-1,NULL,2,2,0,1,24,955,1,NULL," -1",1,0,1,50
202000015550,13,6,2020,16:15:00,1,75,75101,2,1,1,6,"VOIE GEORGES POMPIDOU","48,8588110","2,3400540",202000015550,154 714 938,A01,0,1,0,1,4,1,5,NULL,202000015550,154 714 938,A01,1,1,1,1,1993,9,2,0,-1,0,0,-1,202000015550,4,NULL,0,NULL,2,1,0,1,0,0,1,NULL," -1",1,6,1,50
202000015550,13,6,2020,16:15:00,1,75,75101,2,1,1,6,"VOIE GEORGES POMPIDOU","48,8588110","2,3400540",202000015550,154 714 938,A01,0,1,0,1,4,1,5,NULL,202000015550,154 714 938,A01,10,3,4,2,2001,9,0,-1,-1,1,1,2,202000015550,4,NULL,0,NULL,2,1,0,1,0,0,1,NULL," -1",1,6,1,50
202000016656,9,1,2020,23:25:00,5,36,36044,2,2,1,3,"AV DU PONT NEUF/ RUE CHATEAU RAOUL","46,8126548","1,6848028",202000016656,154 712 960,B01,1,1,0,2,1,1,5,NULL,202000016656,154 712 959,A01,1,1,1,1,1974,0,1,8,-1,0,0,-1,202000016656,4,NULL,0,NULL,2,2,0,2,0,0,1,NULL," -1",1,2,1,50
202000016656,9,1,2020,23:25:00,5,36,36044,2,2,1,3,"AV DU PONT NEUF/ RUE CHATEAU RAOUL","46,8126548","1,6848028",202000016656,154 712 960,B01,1,1,0,2,1,1,5,NULL,202000016656,154 712 960,B01,1,1,3,2,1989,1,8,8,-1,0,0,-1,202000016656,4,NULL,0,NULL,2,2,0,2,0,0,1,NULL," -1",1,2,1,50
202000017643,7,10,2020,11:05:00,1,86,86066,2,6,1,3,"RD 161 - ROCADE EST","46,8370800","0,5402900",202000017643,154 711 186,B01,2,1,0,2,5,1,5,NULL,202000017643,154 711 184,A01,1,1,1,1,1996,4,1,0,-1,-1," -1",-1,202000017643,3,161,0,NULL,-1,2,0,1,10,660,1,NULL," -1",1,0,1,90
202000017643,7,10,2020,11:05:00,1,86,86066,2,6,1,3,"RD 161 - ROCADE EST","46,8370800","0,5402900",202000017643,154 711 186,B01,2,1,0,2,5,1,5,NULL,202000017643,154 711 186,B01,1,1,4,2,1947,0,8,0,-1,-1," -1",-1,202000017643,3,161,0,NULL,-1,2,0,1,10,660,1,NULL," -1",1,0,1,90
202000017829,9,10,2020,16:45:00,1,68,68259,1,3,1,3,"Route de Kiffis","47,4672440","7,3473740",202000017829,154 710 856,B01,1,1,0,2,1,1,5,NULL,202000017829,154 710 856,B01,1,1,4,1,1965,5,0,-1,-1,0,0,-1,202000017829,3,21,2,NULL,2,2,0,2,11,(1),2,NULL," -1",1,0,1,80
202000017829,9,10,2020,16:45:00,1,68,68259,1,3,1,3,"Route de Kiffis","47,4672440","7,3473740",202000017829,154 710 856,B01,1,1,0,2,1,1,5,NULL,202000017829,154 710 857,A01,1,1,1,1,1955,3,1,-1,-1,0,0,-1,202000017829,3,21,2,NULL,2,2,0,2,11,(1),2,NULL," -1",1,0,1,80
202000019495,6,10,2020,07:40:00,5,64,64445,2,1,1,3,PAIX,"43,3141900"," -0,3332300",202000019495,154 707 895,B01,2,1,0,2,1,1,5,NULL,202000019495,154 707 894,A01,1,1,1,1,1971,1,2,6,-1,-1," -1",-1,202000019495,4,NULL,0,NULL,2,2,1,1,0,0,1,NULL," -1",1,0,1,50
202000019495,6,10,2020,07:40:00,5,64,64445,2,1,1,3,PAIX,"43,3141900"," -0,3332300",202000019495,154 707 895,B01,2,1,0,2,1,1,5,NULL,202000019495,154 707 895,B01,1,1,4,1,2001,2,8,0,-1,-1," -1",-1,202000019495,4,NULL,0,NULL,2,2,1,1,0,0,1,NULL," -1",1,0,1,50
202000020110,11,11,2020,14:45:00,1,86,86271,2,2,1,3,"5 Rue d'Abain","46,7674590","0,2415650",202000020110,154 706 821,A01,1,1,0,2,8,5,5,NULL,202000020110,154 706 821,A01,1,1,4,1,1981,5,0,-1,-1,0,0,-1,202000020110,3,42,-1,NULL,2,2,0,1,21,242,2,NULL," -1",1,0,1,50
202000020110,11,11,2020,14:45:00,1,86,86271,2,2,1,3,"5 Rue d'Abain","46,7674590","0,2415650",202000020110,154 706 821,A01,1,1,0,2,8,5,5,NULL,202000020110,154 706 822,B01,2,2,1,1,1968,1,1,-1,-1,0,0,-1,202000020110,3,42,-1,NULL,2,2,0,1,21,242,2,NULL," -1",1,0,1,50