Num_Acc,jour,mois,an,hrmn,lum,dep,com,agg,int,atm,col,adr,lat,long,Num_Acc,id_vehicule,num_veh,senc,catv,obs,obsm,choc,manv,motor,occutc,Num_Acc,id_vehicule,num_veh,place,catu,grav,sexe,an_nais,trajet,secu1,secu2,secu3,locp,actp,etatp,Num_Acc,catr,voie,v1,v2,circ,nbv,vosp,prof,pr,pr1,plan,lartpc,larrout,surf,infra,situ,vma
202000020110,11,11,2020,14:45:00,1,86,86271,2,2,1,3,"5 Rue d'Abain","46,7674590","0,2415650",202000020110,154 706 821,A01,1,1,0,2,8,5,5,NULL,202000020110,154 706 822,B01,1,1,1,2,1968,1,1,-1,-1,0,0,-1,202000020110,3,42,-1,NULL,2,2,0,1,21,242,2,NULL," -1",1,0,1,50
202000024883,6,9,2020,15:23:00,1,87,87085,2,2,1,3,"RUBEN (AVENUE ERNEST)","45,8235400","1,2511500",202000024883,154 698 447,B01,2,1,0,2,7,1,5,NULL,202000024883,154 698 446,A01,1,1,1,2,1971,5,1,0,-1,-1," -1",-1,202000024883,4,"RUBEN (AVENUE ERNEST)",0,NULL,3,2,0,2,0,0,1,NULL," -1",1,5,1,50
202000024883,6,9,2020,15:23:00,1,87,87085,2,2,1,3,"RUBEN (AVENUE ERNEST)","45,8235400","1,2511500",202000024883,154 698 447,B01,2,1,0,2,7,1,5,NULL,202000024883,154 698 447,B01,1,1,4,1,1964,5,2,0,-1,-1," -1",-1,202000024883,4,"RUBEN (AVENUE ERNEST)",0,NULL,3,2,0,2,0,0,1,NULL," -1",1,5,1,50
202000025945,10,4,2020,10:30:00,1,59,59648,2,2,1,3,"14 JUILLET AVENUE DU","50,5848100","3,0432900",202000025945,154 696 629,A01,2,1,0,2,1,19,5,NULL,202000025945,154 696 629,A01,1,1,3,1,2002,3,8,0,-1,-1," -1",-1,202000025945,4,"ARTS AVENUE DES",0,NULL,2,2,0,2,0,0,1,NULL," -1",1,0,1,50
202000025945,10,4,2020,10:30:00,1,59,59648,2,2,1,3,"14 JUILLET AVENUE DU","50,5848100","3,0432900",202000025945,154 696 629,A01,2,1,0,2,1,19,5,NULL,202000025945,154 696 630,B01,1,1,1,2,1997,3,1,0,-1,-1," -1",-1,202000025945,4,"ARTS AVENUE DES",0,NULL,2,2,0,2,0,0,1,NULL," -1",1,0,1,50
202000026397,8,7,2020,19:10:00,1,75,75107,2,1,1,3,"PONT DE L ALMA","48,8631690","2,3017380",202000026397,154 695 811,B01,3,1,0,2,1,1,5,NULL,202000026397,154 695 811,B01,1,1,4,1,1961,9,2,0,-1,0,0,-1,202000026397,4,NULL,0,NULL,1,4,1,1,0,0,1,NULL," -1",1,-1,5,50
202000026397,8,7,2020,19:10:00,1,75,75107,2,1,1,3,"PONT DE L ALMA","48,8631690","2,3017380",202000026397,154 695 811,B01,3,1,0,2,1,1,5,NULL,202000026397,154 695 812,A01,1,1,1,1,1968,4,1,0,-1,0,0,-1,202000026397,4,NULL,0,NULL,1,4,1,1,0,0,1,NULL," -1",1,-1,5,50
202000027233,5,11,2020,10:40:00,1,92,92040,2,9,1,7,"MAXIMILIEN ROBESPIERRE","48,8205213","2,2690952",202000027233,154 694 362,A01,0,1,0,0,0,15,5,NULL,202000027233,154 694 362,A01,1,1,4,1,1945,5,8,0,-1,-1," -1",-1,202000027233,4,"MAXIMILIEN ROBESPIERRE (RUE)",0,NULL,-1,0,0,2,0,0,1,NULL," -1",1,0,1,30
202000029093,3,8,2020,20:05:00,1,17,17461,2,6,1,3,"ROCHE (DE LA)","45,6489200"," -1,0472500",202000029093,154 691 128,A01,3,1,0,2,6,1,5,NULL,202000029093,154 691 128,A01,1,1,4,2,1967,5,0,-1,-1,-1," -1",-1,202000029093,4,"ROCHE (DE LA)",0,NULL,2,2,0,1,0,0,1,NULL," -1",1,5,1,50
202000030209,6,7,2020,18:30:00,1,75,75116,2,3,1,2,"RUE DE LONGCHAMP","48,8649850","2,2903320",202000030209,154 689 151,A01,2,1,0,2,1,1,5,NULL,202000030209,154 689 151,A01,1,1,4,1,1982,9,2,0,-1,0,0,-1,202000030209,4,NULL,0,NULL,1,1,0,2,0,0,1,NULL," -1",1,0,1,50
202000030209,6,7,2020,18:30:00,1,75,75116,2,3,1,2,"RUE DE LONGCHAMP","48,8649850","2,2903320",202000030209,154 689 151,A01,2,1,0,2,1,1,5,NULL,202000030209,154 689 152,B01,2,2,1,2,1996,9,1,0,-1,0,0,-1,202000030209,4,NULL,0,NULL,1,1,0,2,0,0,1,NULL," -1",1,0,1,50
202000030209,6,7,2020,18:30:00,1,75,75116,2,3,1,2,"RUE DE LONGCHAMP","48,8649850","2,2903320",202000030209,154 689 151,A01,2,1,0,2,1,1,5,NULL,202000030209,154 689 152,B01,1,1,1,2,1969,5,1,0,-1,0,0,-1,202000030209,4,NULL,0,NULL,1,1,0,2,0,0,1,NULL," -1",1,0,1,50
202000031502,1,6,2020,19:48:00,1,94,94069,2,1,1,3,"CHEMIN DE PRESLES (AV DU)","48,8158970","2,4622700",202000031502,154 686 988,B01,3,1,0,2,3,26,5,NULL,202000031502,154 686 988,B01,1,1,4,1,2008,5,2,8,-1,-1," -1",-1,202000031502,4,"CHEMIN DE PRESLES (AV DU)",0,NULL,-1,2,0,1,0,1,1,NULL," -1",1,0,1,30
202000031502,1,6,2020,19:48:00,1,94,94069,2,1,1,3,"CHEMIN DE PRESLES (AV DU)","48,8158970","2,4622700",202000031502,154 686 988,B01,3,1,0,2,3,26,5,NULL,202000031502,154 686 989,A01,1,1,1,2,1982,5,1,0,-1,-1," -1",-1,202000031502,4,"CHEMIN DE PRESLES (AV DU)",0,NULL,-1,2,0,1,0,1,1,NULL," -1",1,0,1,30
202000032036,15,1,2020,21:10:00,3,38,38348,1,1,1,3,"Avenue de la Vieille Borne","45,5884380","5,2974260",202000032036,154 686 060,A01,1,1,0,2,0,13,5,NULL,202000032036,154 686 059,B01,1,1,1,2,1999,1,1,-1,-1,0,0,-1,202000032036,3,54,-1,B,2,2,1,1,10,150,1,NULL," -1",1,0,1,70
202000032036,15,1,2020,21:10:00,3,38,38348,1,1,1,3,"Avenue de la Vieille Borne","45,5884380","5,2974260",202000032036,154 686 060,A01,1,1,0,2,0,13,5,NULL,202000032036,154 686 060,A01,1,1,4,1,1999,5,0,-1,-1,0,0,-1,202000032036,3,54,-1,B,2,2,1,1,10,150,1,NULL," -1",1,0,1,70
202000032600,13,2,2020,14:15:00,1,54,54274,2,6,3,-1,"REPUBLIQUE (RUE DE LA)","48,6682050","6,2086620",202000032600,154 685 128,B01,1,1,0,2,2,9,5,NULL,202000032600,154 685 128,B01,1,1,4,2,1968,1,8,0,-1,0,0,-1,202000032600,3,400,0,NULL,2,2,0,2,39,703,2,NULL," -1",2,0,1,50
202000032600,13,2,2020,14:15:00,1,54,54274,2,6,3,-1,"REPUBLIQUE (RUE DE LA)","48,6682050","6,2086620",202000032600,154 685 128,B01,1,1,0,2,2,9,5,NULL,202000032600,154 685 130,A01,1,1,1,1,1994,0,1,0,-1,0,0,-1,202000032600,3,400,0,NULL,2,2,0,2,39,703,2,NULL," -1",2,0,1,50
202000034513,2,9,2020,14:15:00,1,26,26362,2,1,1,3,"94 Avenue de Romans","44,9345000","4,9064000",202000034513,154 681 775,B01,3,1,0,2,1,1,5,NULL,202000034513,154 681 774,A01,1,1,1,1,2000,9,1,-1,-1,0,0,-1,202000034513,4,"94 Avenue de Romans",0,NULL,2,2,1,1,(1),(1),1,NULL," -1",1,0,1,50
202000034513,2,9,2020,14:15:00,1,26,26362,2,1,1,3,"94 Avenue de Romans","44,9345000","4,9064000",202000034513,154 681 775,B01,3,1,0,2,1,1,5,NULL,202000034513,154 681 775,B01,1,1,4,1,2003,9,8,-1,-1,0,0,-1,202000034513,4,"94 Avenue de Romans",0,NULL,2,2,1,1,(1),(1),1,NULL," -1",1,0,1,50
202000037695,26,9,2020,08:00:00,1,01,01451,2,6,8,2,"MAJORNAS ( RUE DE )","46,2274000","5,2193000",202000037695,154 676 113,B01,1,1,0,2,4,1,5,NULL,202000037695,154 676 109,A01,1,1,1,1,1993,9,8,0,-1,-1," -1",-1,202000037695,4,NULL,0,NULL,2,2,0,1,0,0,3,NULL," -1",1,0,1,50
202000037695,26,9,2020,08:00:00,1,01,01451,2,6,8,2,"MAJORNAS ( RUE DE )","46,2274000","5,2193000",202000037695,154 676 113,B01,1,1,0,2,4,1,5,NULL,202000037695,154 676 113,B01,1,1,4,1,1963,5,8,0,-1,-1," -1",-1,202000037695,4,NULL,0,NULL,2,2,0,1,0,0,3,NULL," -1",1,0,1,50
202000039494,29,6,2020,10:00:00,1,38,38151,2,1,1,-1,"Avenue de Grugliasco","45,1507000","5,7101000",202000039494,154 672 930,B01,3,1,0,2,8,1,5,NULL,202000039494,154 672 930,B01,1,1,3,2,1982,0,8,0,-1,-1," -1",-1,202000039494,4,NULL,0,NULL,2,2,0,1,(1),(1),1,NULL," -1",1,0,1,50
202000039494,29,6,2020,10:00:00,1,38,38151,2,1,1,-1,"Avenue de Grugliasco","45,1507000","5,7101000",202000039494,154 672 930,B01,3,1,0,2,8,1,5,NULL,202000039494,154 672 931,A01,1,1,1,1,1964,4,1,0,-1,-1," -1",-1,202000039494,4,NULL,0,NULL,2,2,0,1,(1),(1),1,NULL," -1",1,0,1,50
202000043392,24,5,2020,10:50:00,1,56,56121,2,1,1,6,"MONISTROL (RUE)","47,7387700"," -3,3812300",202000043392,154 665 979,A01,1,1,12,0,2,1,5,NULL,202000043392,154 665 979,A01,1,1,4,1,1967,5,2,8,-1,-1," -1",-1,202000043392,4,"MONISTROL (RUE)",0,NULL,2,2,1,2,0,0,2,NULL," -1",1,0,5,50
202000043577,23,10,2020,10:00:00,1,59,59440,2,3,1,3,"Residence au Dela de l'Eau","50,2853840","3,3928760",202000043577,154 665 662,B01,3,1,0,2,8,15,6,NULL,202000043577,154 665 661,A01,1,1,1,2,1951,3,8,-1,-1,0,0,-1,202000043577,4,"Rue du pont",-1,NULL,2,2,0,2,(1),(1),1,NULL," -1",1,0,1,50
202000043577,23,10,2020,10:00:00,1,59,59440,2,3,1,3,"Residence au Dela de l'Eau","50,2853840","3,3928760",202000043577,154 665 662,B01,3,1,0,2,8,15,6,NULL,202000043577,154 665 662,B01,1,1,4,2,1949,5,0,-1,-1,0,0,-1,202000043577,4,"Rue du pont",-1,NULL,2,2,0,2,(1),(1),1,NULL," -1",1,0,1,50
202000043731,4,12,2020,13:45:00,1,35,35238,2,1,1,3,"VOLCLAIR (BD LOUIS)","48,0883415"," -1,6665128",202000043731,154 665 390,A01,0,1,0,2,1,19,5,NULL,202000043731,154 665 390,A01,1,1,4,1,2005,2,8,0,-1,-1," -1",-1,202000043731,4,"VOLCLAIR (BD LOUIS)",0,NULL,3,2,2,1,0,0,1,NULL," -1",1,0,1,50
202000043731,4,12,2020,13:45:00,1,35,35238,2,1,1,3,"VOLCLAIR (BD LOUIS)","48,0883415"," -1,6665128",202000043731,154 665 390,A01,0,1,0,2,1,19,5,NULL,202000043731,154 665 391,B01,1,1,1,2,1997,3,1,0,-1,-1," -1",-1,202000043731,4,"VOLCLAIR (BD LOUIS)",0,NULL,3,2,2,1,0,0,1,NULL," -1",1,0,1,50
202000047181,24,7,2020,15:25:00,1,17,17300,2,1,1,1,"MOULIN   PONT JEAN","46,1539000"," -1,1393000",202000047181,154 659 347,B01,3,1,0,2,1,1,5,NULL,202000047181,154 659 346,A01,1,1,1,1,1987,5,2,0,-1,-1," -1",-1,202000047181,4,"MOULIN   PONT JEAN",0,NULL,2,1,1,2,0,0,1,NULL," -1",1,2,5,30
202000047181,24,7,2020,15:25:00,1,17,17300,2,1,1,1,"MOULIN   PONT JEAN","46,1539000"," -1,1393000",202000047181,154 659 346,A01,3,1,0,2,1,1,5,NULL,202000047181,154 659 346,A01,1,1,1,1,1987,5,2,0,-1,-1," -1",-1,202000047181,4,"MOULIN   PONT JEAN",0,NULL,2,1,1,2,0,0,1,NULL," -1",1,2,5,30
202000047181,24,7,2020,15:25:00,1,17,17300,2,1,1,1,"MOULIN   PONT JEAN","46,1539000"," -1,1393000",202000047181,154 659 347,B01,3,1,0,2,1,1,5,NULL,202000047181,154 659 347,B01,1,1,4,1,1969,1,2,0,-1,-1," -1",-1,202000047181,4,"MOULIN   PONT JEAN",0,NULL,2,1,1,2,0,0,1,NULL," -1",1,2,5,30
202000047181,24,7,2020,15:25:00,1,17,17300,2,1,1,1,"MOULIN   PONT JEAN","46,1539000"," -1,1393000",202000047181,154 659 346,A01,3,1,0,2,1,1,5,NULL,202000047181,154 659 347,B01,1,1,4,1,1969,1,2,0,-1,-1," -1",-1,202000047181,4,"MOULIN   PONT JEAN",0,NULL,2,1,1,2,0,0,1,NULL," -1",1,2,5,30
202000047513,20,10,2020,14:00:00,1,47,47325,1,2,1,3,D120,"44,3837780","0,2982620",202000047513,154 658 775,B01,1,1,0,2,8,15,5,NULL,202000047513,154 658 771,A01,1,1,1,1,1967,4,1,-1,-1,0,0,-1,202000047513,3,120,-1,NULL,2,2,0,1,20,450,1,NULL," -1",1,0,1,70
202000047513,20,10,2020,14:00:00,1,47,47325,1,2,1,3,D120,"44,3837780","0,2982620",202000047513,154 658 775,B01,1,1,0,2,8,15,5,NULL,202000047513,154 658 775,B01,1,1,2,1,1940,5,0,-1,-1,0,0,-1,202000047513,3,120,-1,NULL,2,2,0,1,20,450,1,NULL," -1",1,0,1,70
202000006706,14,11,2020,14:00:00,1,53,53062,2,9,1,6,"Chemin de terre rouge","47,8281840"," -0,6895560",202000006706,154 730 456,A01,3,1,0,1,1,2,5,NULL,202000006706,154 730 456,A01,10,3,3,1,1950,5,0,-1,-1,9,1,1,202000006706,4,1,-1,NULL,-1,1,0,2,1,0,1,NULL," -1",1,0,8,30
202000006706,14,11,2020,14:00:00,1,53,53062,2,9,1,6,"Chemin de terre rouge","47,8281840"," -0,6895560",202000006706,154 730 456,A01,3,1,0,1,1,2,5,NULL,202000006706,154 730 456,A01,1,1,4,1,2004,3,8,-1,-1,0,0,-1,202000006706,4,1,-1,NULL,-1,1,0,2,1,0,1,NULL," -1",1,0,8,30
202000007265,17,9,2020,11:30:00,1,42,42228,1,1,1,2,D5,"45,5633730","4,0938230",202000007265,154 729 480,B01,1,1,0,2,4,1,5,NULL,202000007265,154 729 479,A01,1,1,1,2,1997,1,1,-1,-1,0,0,-1,202000007265,3,5,0,NULL,2,2,0,1,19,700,1,NULL," -1",1,0,1,80
202000007265,17,9,2020,11:30:00,1,42,42228,1,1,1,2,D5,"45,5633730","4,0938230",202000007265,154 729 480,B01,1,1,0,2,4,1,5,NULL,202000007265,154 729 480,B01,1,1,3,1,1945,5,2,6,-1,0,0,-1,202000007265,3,5,0,NULL,2,2,0,1,19,700,1,NULL," -1",1,0,1,80
202000008222,19,8,2020,10:10:00,1,11,11262,1,4,1,5,"Route de Gruissan","43,1692640","3,0369790",202000008222,154 727 783,A01,1,1,0,2,2,1,5,NULL,202000008222,154 727 782,B01,1,1,1,2,1971,5,1,-1,-1,0,0,-1,202000008222,3,32,-1,NULL,2,2,0,1,3,0,3,NULL," -1",1,0,1,70
202000008222,19,8,2020,10:10:00,1,11,11262,1,4,1,5,"Route de Gruissan","43,1692640","3,0369790",202000008222,154 727 783,A01,1,1,0,2,2,1,5,NULL,202000008222,154 727 782,B01,2,2,1,2,1968,5,1,-1,-1,0,0,-1,202000008222,3,32,-1,NULL,2,2,0,1,3,0,3,NULL," -1",1,0,1,70
202000008222,19,8,2020,10:10:00,1,11,11262,1,4,1,5,"Route de Gruissan","43,1692640","3,0369790",202000008222,154 727 783,A01,1,1,0,2,2,1,5,NULL,202000008222,154 727 783,A01,1,1,3,2,1941,5,0,-1,-1,0,0,-1,202000008222,3,32,-1,NULL,2,2,0,1,3,0,3,NULL," -1",1,0,1,70
202000008222,19,8,2020,10:10:00,1,11,11262,1,4,1,5,"Route de Gruissan","43,1692640","3,0369790",202000008222,154 727 783,A01,1,1,0,2,2,1,5,NULL,202000008222,154 727 784,C01,1,1,1,2,1977,5,1,-1,-1,0,0,-1,202000008222,3,32,-1,NULL,2,2,0,1,3,0,3,NULL," -1",1,0,1,70
202000008222,19,8,2020,10:10:00,1,11,11262,1,4,1,5,"Route de Gruissan","43,1692640","3,0369790",202000008222,154 727 783,A01,1,1,0,2,2,1,5,NULL,202000008222,154 727 785,D01,2,2,1,1,1991,5,1,-1,-1,0,0,-1,202000008222,3,32,-1,NULL,2,2,0,1,3,0,3,NULL," -1",1,0,1,70
202000008222,19,8,2020,10:10:00,1,11,11262,1,4,1,5,"Route de Gruissan","43,1692640","3,0369790",202000008222,154 727 783,A01,1,1,0,2,2,1,5,NULL,202000008222,154 727 785,D01,1,1,1,1,1986,5,1,-1,-1,0,0,-1,202000008222,3,32,-1,NULL,2,2,0,1,3,0,3,NULL," -1",1,0,1,70
202000014588,7,5,2020,19:10:00,1,75,75112,2,2,1,6,"RUE HECTOR MALOT","48,8461370","2,3760540",202000014588,154 716 693,A01,1,1,0,0,3,21,5,NULL,202000014588,154 716 693,A01,1,1,4,1,1960,9,8,0,-1,0,0,-1,202000014588,4,NULL,0,NULL,1,1,0,1,0,0,1,NULL," -1",1,0,1,30
202000015353,12,9,2020,09:50:00,1,68,68135,1,6,1,3,D105,"47,5727760","7,5005940",202000015353,154 715 296,B01,2,1,0,0,4,1,5,NULL,202000015353,154 715 295,A01,1,1,3,1,1958,5,2,6,-1,0,0,-1,202000015353,3,431,0,NULL,2,2,0,2,9,600,1,NULL," -1",1,0,1,80
202000015353,12,9,2020,09:50:00,1,68,68135,1,6,1,3,D105,"47,5727760","7,5005940",202000015353,154 715 296,B01,2,1,0,0,4,1,5,NULL,202000015353,154 715 296,B01,1,1,1,1,1959,5,2,-1,-1,0,0,-1,202000015353,3,431,0,NULL,2,2,0,2,9,600,1,NULL," -1",1,0,1,80
202000015913,9,10,2020,15:30:00,1,75,75111,2,2,1,1,"RUE DU CHEMIN VERT","48,8610920","2,3811490",202000015913,154 714 272,B01,1,1,0,2,1,1,5,NULL,202000015913,154 714 271,A01,1,1,1,1,1970,5,2,6,-1,0,0,-1,202000015913,4,NULL,0,NULL,2,2,2,1,0,0,1,NULL," -1",1,0,1,50
202000015913,9,10,2020,15:30:00,1,75,75111,2,2,1,1,"RUE DU CHEMIN VERT","48,8610920","2,3811490",202000015913,154 714 272,B01,1,1,0,2,1,1,5,NULL,202000015913,154 714 272,B01,1,1,4,1,1975,5,8,0,-1,0,0,-1,202000015913,4,NULL,0,NULL,2,2,2,1,0,0,1,NULL," -1",1,0,1,50
202000015923,9,10,2020,08:56:00,1,93,93039,2,1,2,2,"MARINE (QUAI DE LA )","48,9451600","2,3324000",202000015923,154 714 253,A01,1,1,0,2,1,2,5,NULL,202000015923,154 714 253,A01,1,1,4,1,1989,9,8,0,-1,-1," -1",-1,202000015923,4,"MARINE (QUAI DE LA )",0,NULL,2,2,0,1,0,1,1,NULL," -1",2,0,1,50
202000015923,9,10,2020,08:56:00,1,93,93039,2,1,2,2,"MARINE (QUAI DE LA )","48,9451600","2,3324000",202000015923,154 714 253,A01,1,1,0,2,1,2,5,NULL,202000015923,154 714 254,B01,1,1,1,2,1992,4,1,8,-1,-1," -1",-1,202000015923,4,"MARINE (QUAI DE LA )",0,NULL,2,2,0,1,0,1,1,NULL," -1",2,0,1,50
202000015923,9,10,2020,08:56:00,1,93,93039,2,1,2,2,"MARINE (QUAI DE LA )","48,9451600","2,3324000",202000015923,154 714 253,A01,1,1,0,2,1,2,5,NULL,202000015923,154 714 254,B01,2,2,1,1,1964,4,1,8,-1,-1," -1",-1,202000015923,4,"MARINE (QUAI DE LA )",0,NULL,2,2,0,1,0,1,1,NULL," -1",2,0,1,50
202000017669,7,10,2020,15:40:00,1,65,65440,2,1,1,3,"AZEREIX (AVENUE D')","43,2235900","0,0498510",202000017669,154 711 139,A01,1,1,0,2,7,9,5,NULL,202000017669,154 711 137,B01,1,1,1,1,1980,4,1,0,-1,-1," -1",-1,202000017669,4,NULL,0,NULL,2,2,0,1,(1),(1),1,NULL," -1",1,0,1,50
202000017669,7,10,2020,15:40:00,1,65,65440,2,1,1,3,"AZEREIX (AVENUE D')","43,2235900","0,0498510",202000017669,154 711 139,A01,1,1,0,2,7,9,5,NULL,202000017669,154 711 139,A01,1,1,4,1,2005,5,8,0,-1,-1," -1",-1,202000017669,4,NULL,0,NULL,2,2,0,1,(1),(1),1,NULL," -1",1,0,1,50
202000017780,8,10,2020,18:45:00,1,75,75103,2,3,1,3,"RUE DE BRETAGNE","48,8634020","2,3615440",202000017780,154 710 936,Z01,1,1,0,2,1,1,5,NULL,202000017780,154 710 935,A01,1,1,4,1,1988,9,8,0,-1,0,0,-1,202000017780,4,NULL,0,NULL,1,2,0,1,0,0,1,NULL," -1",1,0,1,30
202000019699,10,8,2020,19:30:00,1,93,93051,2,9,1,3,"VERGERS (IMPASSE)","48,8442600","2,5515900",202000019699,154 707 540,B01,0,1,0,2,7,19,5,NULL,202000019699,154 707 540,B01,1,1,4,1,2008,5,8,0,-1,-1," -1",-1,202000019699,4,"VERGERS (IMPASSE)",0,NULL,1,1,0,1,0,0,1,NULL," -1",1,0,1,50
202000019699,10,8,2020,19:30:00,1,93,93051,2,9,1,3,"VERGERS (IMPASSE)","48,8442600","2,5515900",202000019699,154 707 540,B01,0,1,0,2,7,19,5,NULL,202000019699,154 707 541,A01,1,1,1,1,1988,5,1,0,-1,-1," -1",-1,202000019699,4,"VERGERS (IMPASSE)",0,NULL,1,1,0,1,0,0,1,NULL," -1",1,0,1,50
202000020383,24,4,2020,15:50:00,1,971,97113,2,1,1,6,"AMEDE CLARA","16,2055433"," -61,4925438",202000020383,154 706 378,B01,1,1,0,9,0,26,6,NULL,202000020383,154 706 378,B01,1,1,4,1,1976,0,8,8,-1,-1," -1",-1,202000020383,3,119,0,NULL,1,1,0,2,0,0,1,NULL," -1",1,0,1,50
202000020649,11,7,2020,13:20:00,1,92,92025,2,7,1,1,"GENERAL LECLERC (PLACE DU)","48,9227490","2,2524900",202000020649,154 705 906,B01,1,1,0,2,1,1,5,NULL,202000020649,154 705 905,A01,1,1,4,1,1997,0,1,0,-1,-1," -1",-1,202000020649,3,"GENERAL LECLERC (PLACE DU)",0,NULL,3,4,0,1,1,0,1,NULL," -1",1,0,1,50
202000020649,11,7,2020,13:20:00,1,92,92025,2,7,1,1,"GENERAL LECLERC (PLACE DU)","48,9227490","2,2524900",202000020649,154 705 906,B01,1,1,0,2,1,1,5,NULL,202000020649,154 705 906,B01,1,1,4,1,1982,0,8,0,-1,-1," -1",-1,202000020649,3,"GENERAL LECLERC (PLACE DU)",0,NULL,3,4,0,1,1,0,1,NULL," -1",1,0,1,50
202000021501,10,8,2020,11:30:00,1,68,68001,1,2,7,3,"Rue de l'Oberhardt","48,0027230","7,5512770",202000021501,154 704 375,A01,3,1,0,2,1,1,5,NULL,202000021501,154 704 374,B01,1,1,1,1,1992,1,1,-1,-1,0,0,-1,202000021501,4,NULL,-1,NULL,2,2,1,1,(1),(1),1,NULL," -1",1,0,1,-1
202000021501,10,8,2020,11:30:00,1,68,68001,1,2,7,3,"Rue de l'Oberhardt","48,0027230","7,5512770",202000021501,154 704 375,A01,3,1,0,2,1,1,5,NULL,202000021501,154 704 375,A01,1,1,3,1,1944,5,2,-1,-1,0,0,-1,202000021501,4,NULL,-1,NULL,2,2,1,1,(1),(1),1,NULL," -1",1,0,1,-1
202000021577,6,10,2020,14:35:00,1,75,75112,2,3,2,3,"AVENUE DU DOCTEUR ARNOLD NETTER","48,8415740","2,4048810",202000021577,154 704 246,B01,1,1,0,2,1,1,5,NULL,202000021577,154 704 244,A01,1,1,1,1,1980,4,1,0,-1,0,0,-1,202000021577,4,NULL,0,NULL,2,3,0,1,0,0,1,NULL," -1",2,0,1,30
202000021577,6,10,2020,14:35:00,1,75,75112,2,3,2,3,"AVENUE DU DOCTEUR ARNOLD NETTER","48,8415740","2,4048810",202000021577,154 704 246,B01,1,1,0,2,1,1,5,NULL,202000021577,154 704 246,B01,1,1,4,1,1964,1,2,0,-1,0,0,-1,202000021577,4,NULL,0,NULL,2,3,0,1,0,0,1,NULL," -1",2,0,1,30
202000022130,18,12,2020,19:45:00,5,92,92040,2,1,1,3,"GOUVERNEUR GAL EBOUE DU 02 AU 64","48,8277500","2,2736800",202000022130,154 703 266,B01,2,1,0,0,3,1,0,NULL,202000022130,154 703 265,A01,1,1,1,1,1948,1,1,0,-1,-1," -1",-1,202000022130,3,76,0,NULL,1,3,1,1,0,0,1,NULL," -1",1,0,1,30
202000022130,18,12,2020,19:45:00,5,92,92040,2,1,1,3,"GOUVERNEUR GAL EBOUE DU 02 AU 64","48,8277500","2,2736800",202000022130,154 703 266,B01,2,1,0,0,3,1,0,NULL,202000022130,154 703 266,B01,1,1,4,1,1987,1,8,0,-1,-1," -1",-1,202000022130,3,76,0,NULL,1,3,1,1,0,0,1,NULL," -1",1,0,1,30
202000023499,5,10,2020,21:45:00,5,75,75119,2,1,9,-1,"RUE MANIN","48,8850360","2,3926880",202000023499,154 700 893,Z01,1,1,0,2,3,13,0,NULL,202000023499,154 700 891,A01,1,1,1,1,1946,5,2,6,-1,0,0,-1,202000023499,4,NULL,0,NULL,2,2,0,1,0,0,1,NULL," -1",2,0,1,30
202000023499,5,10,2020,21:45:00,5,75,75119,2,1,9,-1,"RUE MANIN","48,8850360","2,3926880",202000023499,154 700 893,Z01,1,1,0,2,3,13,0,NULL,202000023499,154 700 891,A01,2,2,4,2,1964,9,2,6,-1,0,0,-1,202000023499,4,NULL,0,NULL,2,2,0,1,0,0,1,NULL," -1",2,0,1,30
202000024547,10,7,2020,12:50:00,1,55,55170,2,1,1,3,"57 Rue du Cygne","49,3626130","5,3463400",202000024547,154 699 065,B01,2,1,0,2,1,1,5,NULL,202000024547,154 699 065,B01,1,1,3,2,2003,5,0,-1,-1,0,0,-1,202000024547,3,102,-1,NULL,2,2,0,1,(1),(1),1,NULL," -1",1,0,1,50
202000024547,10,7,2020,12:50:00,1,55,55170,2,1,1,3,"57 Rue du Cygne","49,3626130","5,3463400",202000024547,154 699 065,B01,2,1,0,2,1,1,5,NULL,202000024547,154 699 066,A01,1,1,1,1,1955,5,1,-1,-1,0,0,-1,202000024547,3,102,-1,NULL,2,2,0,1,(1),(1),1,NULL," -1",1,0,1,50
202000027252,2,10,2020,08:30:00,1,974,97411,2,2,1,3,"Boulevard Jean Jaurès"," -20,8894420","55,4506480",202000027252,154 694 326,A01,1,1,0,2,3,1,5,NULL,202000027252,154 694 326,A01,1,1,4,1,1992,5,8,0,-1,-1," -1",-1,202000027252,2,6,0,NULL,1,1,1,1,0,0,1,NULL," -1",1,0,1,50
202000027252,2,10,2020,08:30:00,1,974,97411,2,2,1,3,"Boulevard Jean Jaurès"," -20,8894420","55,4506480",202000027252,154 694 326,A01,1,1,0,2,3,1,5,NULL,202000027252,154 694 327,B01,1,1,1,1,1956,0,1,8,-1,-1," -1",-1,202000027252,2,6,0,NULL,1,1,1,1,0,0,1,NULL," -1",1,0,1,50
202000027647,1,10,2020,20:30:00,5,94,94068,2,1,1,2,"FOCH (AV)","48,7983000","2,5017200",202000027647,154 693 653,B01,1,1,0,2,1,1,5,NULL,202000027647,154 693 651,A01,1,1,1,2,1987,0,1,0,-1,-1," -1",-1,202000027647,3,"FOCH (AV)",0,NULL,2,2,0,1,0,1,1,NULL," -1",1,0,1,50
202000027647,1,10,2020,20:30:00,5,94,94068,2,1,1,2,"FOCH (AV)","48,7983000","2,5017200",202000027647,154 693 653,B01,1,1,0,2,1,1,5,NULL,202000027647,154 693 653,B01,1,1,4,1,2005,5,2,0,-1,-1," -1",-1,202000027647,3,"FOCH (AV)",0,NULL,2,2,0,1,0,1,1,NULL," -1",1,0,1,50