Num_Acc,jour,mois,an,hrmn,lum,dep,com,agg,int,atm,col,adr,lat,long,Num_Acc,id_vehicule,num_veh,senc,catv,obs,obsm,choc,manv,motor,occutc,Num_Acc,id_vehicule,num_veh,place,catu,grav,sexe,an_nais,trajet,secu1,secu2,secu3,locp,actp,etatp,Num_Acc,catr,voie,v1,v2,circ,nbv,vosp,prof,pr,pr1,plan,lartpc,larrout,surf,infra,situ,vma
202000027818,6,6,2020,11:30:00,1,34,34226,1,2,1,3,D37,"43,3529490","2,9868010",202000027818,154 693 368,B01,3,1,0,2,6,9,5,NULL,202000027818,154 693 367,A01,1,1,1,1,2000,5,1,-1,-1,0,0,-1,202000027818,3,37,-1,NULL,2,1,0,1,4,416,3,NULL,"3,5",1,0,1,70
202000027818,6,6,2020,11:30:00,1,34,34226,1,2,1,3,D37,"43,3529490","2,9868010",202000027818,154 693 368,B01,3,1,0,2,6,9,5,NULL,202000027818,154 693 368,B01,1,1,3,1,1996,5,2,6,-1,0,0,-1,202000027818,3,37,-1,NULL,2,1,0,1,4,416,3,NULL,"3,5",1,0,1,70
202000031027,2,11,2020,16:00:00,1,68,68163,2,1,1,7,"Rue de l''Europe","47,6728290","7,4984480",202000031027,154 687 803,B01,1,1,1,0,1,1,5,NULL,202000031027,154 687 803,B01,1,1,4,1,1953,5,2,-1,-1,0,0,-1,202000031027,3,468,-1,NULL,2,2,0,1,4,250,1,NULL," -1",1,0,1,70
202000031400,2,6,2020,17:45:00,1,45,45234,2,1,1,3,"Avenue Montesquieu","47,8358953","1,9343571",202000031400,154 687 162,B01,0,1,0,2,1,1,5,NULL,202000031400,154 687 162,B01,1,1,4,2,1984,1,8,0,-1,0,0,-1,202000031400,4,NULL,0,NULL,3,4,-1,1,(1),(1),1,NULL," -1",1,0,1,50
202000031400,2,6,2020,17:45:00,1,45,45234,2,1,1,3,"Avenue Montesquieu","47,8358953","1,9343571",202000031400,154 687 162,B01,0,1,0,2,1,1,5,NULL,202000031400,154 687 164,A01,1,1,1,1,1998,5,1,4,-1,0,0,-1,202000031400,4,NULL,0,NULL,3,4,-1,1,(1),(1),1,NULL," -1",1,0,1,50
202000036341,13,3,2020,12:14:00,1,92,92007,2,1,1,6,"FOCH MARECHAL (AVENUE DU)","48,7928409","2,2983786",202000036341,154 678 489,A01,1,1,0,1,3,26,0,NULL,202000036341,154 678 489,A01,10,3,4,2,1962,9,0,-1,-1,8,3,1,202000036341,3,74,0,A,2,2,1,2,0,0,1,NULL,7,1,0,5,10
202000036341,13,3,2020,12:14:00,1,92,92007,2,1,1,6,"FOCH MARECHAL (AVENUE DU)","48,7928409","2,2983786",202000036341,154 678 489,A01,1,1,0,1,3,26,0,NULL,202000036341,154 678 489,A01,1,1,1,1,1962,0,2,8,-1,-1," -1",-1,202000036341,3,74,0,A,2,2,1,2,0,0,1,NULL,7,1,0,5,10
202000037061,29,5,2020,15:35:00,1,75,75104,2,1,1,6,"RUE SAINT ANTOINE","48,8536300","2,3670502",202000037061,154 677 236,A01,1,1,15,0,1,13,5,NULL,202000037061,154 677 236,A01,1,1,4,1,1962,5,8,2,-1,0,0,-1,202000037061,4,NULL,0,NULL,2,4,1,1,0,0,1,NULL," -1",1,-1,5,30
202000040744,30,11,2020,12:30:00,1,29,29019,2,5,1,3,"D205 - Boulevard de l’Europe","48,4161100"," -4,4680600",202000040744,154 670 752,B01,1,1,0,2,3,1,5,NULL,202000040744,154 670 752,B01,1,1,4,2,1982,1,2,8,-1,0," -1",-1,202000040744,4,"D205 - Boulevard de l’Europe",0,NULL,2,3,0,1,0,0,1,NULL," -1",1,0,1,50
202000040744,30,11,2020,12:30:00,1,29,29019,2,5,1,3,"D205 - Boulevard de l’Europe","48,4161100"," -4,4680600",202000040744,154 670 752,B01,1,1,0,2,3,1,5,NULL,202000040744,154 670 755,A01,1,1,1,2,2004,2,2,6,-1,0,0,-1,202000040744,4,"D205 - Boulevard de l’Europe",0,NULL,2,3,0,1,0,0,1,NULL," -1",1,0,1,50
202000041544,26,5,2020,08:00:00,1,33,33063,2,2,1,3,"PONT JACQUES CHABAN-DELMAS / QUAI DE BACALAN","44,8601600"," -0,5536000",202000041544,154 669 320,A01,0,1,0,2,1,19,5,NULL,202000041544,154 669 320,A01,1,1,4,2,1966,0,8,0,-1,-1," -1",-1,202000041544,4,"PONT Jacques CHABAN DELMAS",0,NULL,3,8,2,4,(1),(1),1,NULL," -1",1,5,1,50
202000041544,26,5,2020,08:00:00,1,33,33063,2,2,1,3,"PONT JACQUES CHABAN-DELMAS / QUAI DE BACALAN","44,8601600"," -0,5536000",202000041544,154 669 320,A01,0,1,0,2,1,19,5,NULL,202000041544,154 669 321,B01,1,1,1,1,1962,4,8,0,-1,-1," -1",-1,202000041544,4,"PONT Jacques CHABAN DELMAS",0,NULL,3,8,2,4,(1),(1),1,NULL," -1",1,5,1,50
202000044461,24,6,2020,13:10:00,1,24,24054,1,1,1,7,"le tuquet","44,7562950","0,5363670",202000044461,154 664 091,A01,3,1,0,0,0,1,5,NULL,202000044461,154 664 091,A01,1,1,2,1,1946,5,2,-1,-1,0,0,-1,202000044461,4,NULL,-1,NULL,2,2,0,2,(1),(1),1,NULL," -1",1,0,1,80
202000044742,25,8,2020,14:55:00,1,49,49007,2,1,1,6,"RALLIEMENT PLACE","47,4715000"," -0,5518600",202000044742,154 663 564,A01,1,1,0,1,1,1,5,NULL,202000044742,154 663 564,A01,10,3,4,2,1948,5,0,-1,-1,5,9,2,202000044742,4,"RALLIEMENT PLACE",0,NULL,-1,1,0,1,0,0,1,NULL," -1",1,6,1,30
202000044742,25,8,2020,14:55:00,1,49,49007,2,1,1,6,"RALLIEMENT PLACE","47,4715000"," -0,5518600",202000044742,154 663 564,A01,1,1,0,1,1,1,5,NULL,202000044742,154 663 564,A01,1,1,1,1,2002,5,8,0,-1,-1," -1",-1,202000044742,4,"RALLIEMENT PLACE",0,NULL,-1,1,0,1,0,0,1,NULL," -1",1,6,1,30
202000044896,24,5,2020,10:15:00,1,13,13086,2,1,1,1,"2 Rue Sainte Anne","43,3519770","5,6050780",202000044896,154 663 316,A01,2,1,0,2,1,5,5,NULL,202000044896,154 663 314,B01,1,1,1,1,1984,5,1,-1,-1,0,0,-1,202000044896,3,96,0,NULL,2,2,0,1,165,0,3,NULL," -1",1,0,1,50
202000044896,24,5,2020,10:15:00,1,13,13086,2,1,1,1,"2 Rue Sainte Anne","43,3519770","5,6050780",202000044896,154 663 316,A01,2,1,0,2,1,5,5,NULL,202000044896,154 663 316,A01,1,1,3,1,1946,5,2,-1,-1,0,0,-1,202000044896,3,96,0,NULL,2,2,0,1,165,0,3,NULL," -1",1,0,1,50
202000047380,24,7,2020,10:00:00,1,75,75119,2,3,1,3,"AVENUE JEAN JAURES","48,8887670","2,3930680",202000047380,154 658 994,B01,2,1,0,2,1,1,5,NULL,202000047380,154 658 994,B01,1,1,4,2,1989,1,2,0,-1,0,0,-1,202000047380,4,NULL,0,NULL,2,3,1,1,0,0,1,NULL," -1",1,-1,5,50
202000047380,24,7,2020,10:00:00,1,75,75119,2,3,1,3,"AVENUE JEAN JAURES","48,8887670","2,3930680",202000047380,154 658 994,B01,2,1,0,2,1,1,5,NULL,202000047380,154 658 996,A01,1,1,1,1,1967,1,1,0,-1,0,0,-1,202000047380,4,NULL,0,NULL,2,3,1,1,0,0,1,NULL," -1",1,-1,5,50
202000007120,1,3,2020,09:40:00,1,54,54339,2,4,1,1,"LION D'OR (RUE DU)","48,7090000","6,1811000",202000007120,154 729 747,C01,2,1,0,2,1,1,5,NULL,202000007120,154 729 746,A01,1,1,1,1,1946,3,1,0,-1,0,0,-1,202000007120,4,NULL,0,NULL,2,2,0,1,(1),(1),3,NULL," -1",1,0,1,50
202000007120,1,3,2020,09:40:00,1,54,54339,2,4,1,1,"LION D'OR (RUE DU)","48,7090000","6,1811000",202000007120,154 729 747,C01,2,1,0,2,1,1,5,NULL,202000007120,154 729 747,C01,1,1,4,1,1952,0,2,-1,-1,-1," -1",-1,202000007120,4,NULL,0,NULL,2,2,0,1,(1),(1),3,NULL," -1",1,0,1,50
202000009824,17,6,2020,11:50:00,1,75,75116,2,1,1,3,"AVENUE DU PRESIDENT WILSON","48,8648310","2,2966210",202000009824,154 724 975,B01,2,1,0,2,2,1,5,NULL,202000009824,154 724 974,A01,1,1,1,1,1963,9,1,0,-1,0,0,-1,202000009824,4,NULL,0,NULL,1,3,3,2,(1),0,1,NULL," -1",1,-1,5,50
202000009824,17,6,2020,11:50:00,1,75,75116,2,1,1,3,"AVENUE DU PRESIDENT WILSON","48,8648310","2,2966210",202000009824,154 724 975,B01,2,1,0,2,2,1,5,NULL,202000009824,154 724 975,B01,1,1,4,2,1963,3,8,0,-1,0,0,-1,202000009824,4,NULL,0,NULL,1,3,3,2,(1),0,1,NULL," -1",1,-1,5,50
202000010264,26,12,2020,17:42:00,2,29,29019,2,1,8,2,"Avenue Maréchal Foch","48,3929914"," -4,4878416",202000010264,154 724 194,B01,2,1,0,2,4,1,5,NULL,202000010264,154 724 194,B01,1,1,4,1,1985,3,2,4,-1,0," -1",-1,202000010264,4,"Avenue Maréchal Foch",0,NULL,2,4,3,2,0,0,1,NULL," -1",1,-1,5,30
202000010264,26,12,2020,17:42:00,2,29,29019,2,1,8,2,"Avenue Maréchal Foch","48,3929914"," -4,4878416",202000010264,154 724 194,B01,2,1,0,2,4,1,5,NULL,202000010264,154 724 194,B01,2,2,4,1,2019,3,3,4,-1,0," -1",-1,202000010264,4,"Avenue Maréchal Foch",0,NULL,2,4,3,2,0,0,1,NULL," -1",1,-1,5,30
202000010264,26,12,2020,17:42:00,2,29,29019,2,1,8,2,"Avenue Maréchal Foch","48,3929914"," -4,4878416",202000010264,154 724 194,B01,2,1,0,2,4,1,5,NULL,202000010264,154 724 195,A01,1,1,1,1,1989,5,8,0,-1,-1," -1",-1,202000010264,4,"Avenue Maréchal Foch",0,NULL,2,4,3,2,0,0,1,NULL," -1",1,-1,5,30
202000010665,15,5,2020,17:06:00,1,02,02750,2,1,1,7,"Rue du Mai","49,5217780","3,2351620",202000010665,154 723 506,A01,3,1,0,0,0,1,5,NULL,202000010665,154 723 506,A01,1,1,4,1,1966,5,0,-1,-1,0,0,-1,202000010665,4,NULL,0,NULL,2,2,0,1,(1),(1),1,NULL," -1",1,0,1,50
202000011221,14,9,2020,07:00:00,2,86,86194,2,6,1,3,"Rue de la Jambe à l’Ane","46,5706700","0,3498200",202000011221,154 722 514,B01,3,1,0,2,7,1,5,NULL,202000011221,154 722 513,A01,1,1,1,2,1976,1,1,0,-1,-1," -1",-1,202000011221,4," de la jambe à l'Ane",0,NULL,-1,2,0,1,(1),(1),1,NULL," -1",1,9,1,50
202000011221,14,9,2020,07:00:00,2,86,86194,2,6,1,3,"Rue de la Jambe à l’Ane","46,5706700","0,3498200",202000011221,154 722 514,B01,3,1,0,2,7,1,5,NULL,202000011221,154 722 514,B01,1,1,4,1,1971,0,8,0,-1,-1," -1",-1,202000011221,4," de la jambe à l'Ane",0,NULL,-1,2,0,1,(1),(1),1,NULL," -1",1,9,1,50
202000012104,15,8,2020,11:00:00,1,38,38285,2,1,1,2,D526,"45,0513400","5,9872000",202000012104,154 720 969,B01,2,1,0,2,1,1,5,NULL,202000012104,154 720 968,A01,1,1,1,1,1981,5,1,-1,-1,0,0,-1,202000012104,3,526,0,NULL,2,2,0,2,63,650,1,NULL," -1",1,9,1,70
202000012104,15,8,2020,11:00:00,1,38,38285,2,1,1,2,D526,"45,0513400","5,9872000",202000012104,154 720 969,B01,2,1,0,2,1,1,5,NULL,202000012104,154 720 969,B01,1,1,3,1,1998,5,2,-1,-1,0,0,-1,202000012104,3,526,0,NULL,2,2,0,2,63,650,1,NULL," -1",1,9,1,70
202000013526,15,6,2020,18:00:00,1,68,68224,2,1,2,1,"Rue de Thann","47,7495600","7,3065000",202000013526,154 718 499,B01,1,1,0,2,1,19,5,NULL,202000013526,154 718 498,A01,1,1,1,2,1957,1,1,8,-1,-1," -1",-1,202000013526,3,"THANN (RUE DE)",0,NULL,2,3,1,1,12,1200,1,NULL," -1",2,0,1,50
202000013526,15,6,2020,18:00:00,1,68,68224,2,1,2,1,"Rue de Thann","47,7495600","7,3065000",202000013526,154 718 499,B01,1,1,0,2,1,19,5,NULL,202000013526,154 718 499,B01,1,1,3,1,1976,9,8,0,-1,-1," -1",-1,202000013526,3,"THANN (RUE DE)",0,NULL,2,3,1,1,12,1200,1,NULL," -1",2,0,1,50
202000019398,9,6,2020,09:52:00,1,49,49007,2,1,1,7,"LAITERIE IMPASSE ET PLACE","47,4751300"," -0,5622900",202000019398,154 708 084,A01,1,1,0,0,0,0,5,NULL,202000019398,154 708 084,A01,1,1,4,1,1952,0,8,0,-1,-1," -1",-1,202000019398,4,"LAITERIE IMPASSE ET PLACE",0,NULL,2,2,0,1,0,0,1,NULL," -1",1,0,1,30
202000019597,7,10,2020,16:50:00,1,75,75110,2,1,1,7,"BOULEVARD DE LA CHAPELLE","48,8837690","2,3516930",202000019597,154 707 706,B01,2,1,0,0,0,21,5,NULL,202000019597,154 707 706,B01,1,1,4,1,1981,1,8,0,-1,0,0,-1,202000019597,4,NULL,0,NULL,1,2,1,1,0,0,1,NULL," -1",1,-1,5,30
202000019614,8,8,2020,19:15:00,1,59,59009,2,1,1,3,"PARMENTIER RUE","50,6430100","3,1354100",202000019614,154 707 682,B01,0,1,0,2,8,15,0,NULL,202000019614,154 707 680,A01,1,1,1,1,2001,5,1,0,-1,-1," -1",-1,202000019614,4,"RUE PARMENTIER ",0,NULL,-1,2,0,1,0,0,1,NULL," -1",1,0,1,50
202000019614,8,8,2020,19:15:00,1,59,59009,2,1,1,3,"PARMENTIER RUE","50,6430100","3,1354100",202000019614,154 707 682,B01,0,1,0,2,8,15,0,NULL,202000019614,154 707 680,A01,2,2,1,2,2002,5,1,0,-1,-1," -1",-1,202000019614,4,"RUE PARMENTIER ",0,NULL,-1,2,0,1,0,0,1,NULL," -1",1,0,1,50
202000019614,8,8,2020,19:15:00,1,59,59009,2,1,1,3,"PARMENTIER RUE","50,6430100","3,1354100",202000019614,154 707 682,B01,0,1,0,2,8,15,0,NULL,202000019614,154 707 682,B01,1,1,3,2,1976,0,8,0,-1,-1," -1",-1,202000019614,4,"RUE PARMENTIER ",0,NULL,-1,2,0,1,0,0,1,NULL," -1",1,0,1,50
202000021450,9,8,2020,16:21:00,1,93,93001,2,9,1,1,"LANDY (RUE DU) 34/29 =>","48,9154700","2,3708000",202000021450,154 704 460,B01,1,1,0,2,7,2,5,NULL,202000021450,154 704 460,B01,1,1,4,1,1994,9,8,0,-1,-1," -1",-1,202000021450,3,20,0,NULL,3,0,0,1,0,1,1,NULL," -1",1,9,1,50
202000021450,9,8,2020,16:21:00,1,93,93001,2,9,1,1,"LANDY (RUE DU) 34/29 =>","48,9154700","2,3708000",202000021450,154 704 460,B01,1,1,0,2,7,2,5,NULL,202000021450,154 704 461,A01,1,1,1,2,1997,5,1,0,-1,-1," -1",-1,202000021450,3,20,0,NULL,3,0,0,1,0,1,1,NULL," -1",1,9,1,50
202000023347,7,8,2020,08:28:00,1,75,75106,2,1,1,1,"QUAI DE CONTI","48,8576870","2,3371730",202000023347,154 701 157,B01,1,1,0,2,3,1,5,NULL,202000023347,154 701 155,A01,1,1,4,1,1987,9,2,0,-1,0,0,-1,202000023347,4,NULL,0,NULL,2,5,1,1,0,0,1,NULL," -1",1,-1,5,50
202000023347,7,8,2020,08:28:00,1,75,75106,2,1,1,1,"QUAI DE CONTI","48,8576870","2,3371730",202000023347,154 701 157,B01,1,1,0,2,3,1,5,NULL,202000023347,154 701 157,B01,1,1,4,1,1973,1,2,0,-1,0,0,-1,202000023347,4,NULL,0,NULL,2,5,1,1,0,0,1,NULL," -1",1,-1,5,50
202000024130,17,4,2020,20:50:00,2,75,75108,2,1,1,7,"COURS LA REINE","48,8646450","2,3118960",202000024130,154 699 778,A01,1,1,0,0,1,1,5,NULL,202000024130,154 699 778,A01,1,1,4,2,1968,4,2,0,-1,0,0,-1,202000024130,4,NULL,0,NULL,2,2,1,1,0,0,1,NULL," -1",1,0,1,50
202000027398,2,10,2020,17:10:00,1,56,56260,2,3,3,3,"Boulevard de la Paix","47,6594000"," -2,7502000",202000027398,154 694 081,B01,1,1,0,2,1,1,5,NULL,202000027398,154 694 081,B01,1,1,4,1,2004,5,8,0,-1,-1," -1",-1,202000027398,3,779,0,B,2,4,1,2,1,785,1,NULL," -1",2,5,5,50
202000027398,2,10,2020,17:10:00,1,56,56260,2,3,3,3,"Boulevard de la Paix","47,6594000"," -2,7502000",202000027398,154 694 081,B01,1,1,0,2,1,1,5,NULL,202000027398,154 694 083,A01,1,1,1,2,1982,1,1,0,-1,-1," -1",-1,202000027398,3,779,0,B,2,4,1,2,1,785,1,NULL," -1",2,5,5,50
202000033749,11,12,2020,14:10:00,1,75,75109,2,2,2,6,"RUE LA FAYETTE","48,8771840","2,3489890",202000033749,154 683 120,A01,2,1,0,1,1,1,5,NULL,202000033749,154 683 120,A01,1,1,1,2,1994,9,8,0,-1,0,0,-1,202000033749,4,NULL,0,NULL,1,3,1,1,0,0,1,NULL," -1",2,0,1,50
202000033749,11,12,2020,14:10:00,1,75,75109,2,2,2,6,"RUE LA FAYETTE","48,8771840","2,3489890",202000033749,154 683 120,A01,2,1,0,1,1,1,5,NULL,202000033749,154 683 120,A01,10,3,4,1,1937,5,0,-1,-1,2,3,1,202000033749,4,NULL,0,NULL,1,3,1,1,0,0,1,NULL," -1",2,0,1,50
202000035016,27,9,2020,23:45:00,5,75,75113,2,2,2,3,"BOULEVARD MASSENA","48,8222860","2,3716430",202000035016,154 680 884,B01,3,1,0,2,1,1,5,NULL,202000035016,154 680 883,A01,1,1,1,1,1965,5,1,0,-1,0,0,-1,202000035016,4,NULL,0,NULL,3,3,3,2,0,0,1,NULL," -1",2,0,1,50
202000035016,27,9,2020,23:45:00,5,75,75113,2,2,2,3,"BOULEVARD MASSENA","48,8222860","2,3716430",202000035016,154 680 884,B01,3,1,0,2,1,1,5,NULL,202000035016,154 680 884,B01,1,1,4,2,1999,5,8,0,-1,0,0,-1,202000035016,4,NULL,0,NULL,3,3,3,2,0,0,1,NULL," -1",2,0,1,50
202000035036,30,7,2020,22:40:00,5,69,69259,2,1,1,6,"CLOS VERGER (DU)                    (R )","45,7230500","4,8944300",202000035036,154 680 846,A01,1,1,14,0,1,1,5,NULL,202000035036,154 680 846,A01,1,1,4,1,1987,0,8,0,-1,-1," -1",-1,202000035036,4,"CLOS VERGER (DU)                    (R )",0,NULL,2,3,1,1,0,0,1,NULL," -1",1,0,1,30
202000036430,1,9,2020,19:00:00,1,75,75116,2,1,1,4,"ROUTE DES TRIBUNES","48,8628870","2,2311460",202000036430,154 678 337,A01,1,1,14,2,1,14,5,NULL,202000036430,154 678 334,B01,1,1,4,1,1985,5,2,0,-1,-1," -1",-1,202000036430,4,NULL,0,NULL,2,4,1,1,0,0,1,NULL," -1",1,8,5,50
202000036430,1,9,2020,19:00:00,1,75,75116,2,1,1,4,"ROUTE DES TRIBUNES","48,8628870","2,2311460",202000036430,154 678 336,D01,1,1,0,2,1,2,5,NULL,202000036430,154 678 334,B01,1,1,4,1,1985,5,2,0,-1,-1," -1",-1,202000036430,4,NULL,0,NULL,2,4,1,1,0,0,1,NULL," -1",1,8,5,50
202000036430,1,9,2020,19:00:00,1,75,75116,2,1,1,4,"ROUTE DES TRIBUNES","48,8628870","2,2311460",202000036430,154 678 335,C01,1,1,0,2,1,2,5,NULL,202000036430,154 678 334,B01,1,1,4,1,1985,5,2,0,-1,-1," -1",-1,202000036430,4,NULL,0,NULL,2,4,1,1,0,0,1,NULL," -1",1,8,5,50
202000036430,1,9,2020,19:00:00,1,75,75116,2,1,1,4,"ROUTE DES TRIBUNES","48,8628870","2,2311460",202000036430,154 678 334,B01,1,1,0,2,1,2,5,NULL,202000036430,154 678 334,B01,1,1,4,1,1985,5,2,0,-1,-1," -1",-1,202000036430,4,NULL,0,NULL,2,4,1,1,0,0,1,NULL," -1",1,8,5,50
202000036430,1,9,2020,19:00:00,1,75,75116,2,1,1,4,"ROUTE DES TRIBUNES","48,8628870","2,2311460",202000036430,154 678 337,A01,1,1,14,2,1,14,5,NULL,202000036430,154 678 335,C01,1,1,4,1,1976,5,2,0,-1,-1," -1",-1,202000036430,4,NULL,0,NULL,2,4,1,1,0,0,1,NULL," -1",1,8,5,50
202000036430,1,9,2020,19:00:00,1,75,75116,2,1,1,4,"ROUTE DES TRIBUNES","48,8628870","2,2311460",202000036430,154 678 336,D01,1,1,0,2,1,2,5,NULL,202000036430,154 678 335,C01,1,1,4,1,1976,5,2,0,-1,-1," -1",-1,202000036430,4,NULL,0,NULL,2,4,1,1,0,0,1,NULL," -1",1,8,5,50
202000036430,1,9,2020,19:00:00,1,75,75116,2,1,1,4,"ROUTE DES TRIBUNES","48,8628870","2,2311460",202000036430,154 678 335,C01,1,1,0,2,1,2,5,NULL,202000036430,154 678 335,C01,1,1,4,1,1976,5,2,0,-1,-1," -1",-1,202000036430,4,NULL,0,NULL,2,4,1,1,0,0,1,NULL," -1",1,8,5,50
202000036430,1,9,2020,19:00:00,1,75,75116,2,1,1,4,"ROUTE DES TRIBUNES","48,8628870","2,2311460",202000036430,154 678 334,B01,1,1,0,2,1,2,5,NULL,202000036430,154 678 335,C01,1,1,4,1,1976,5,2,0,-1,-1," -1",-1,202000036430,4,NULL,0,NULL,2,4,1,1,0,0,1,NULL," -1",1,8,5,50
202000036430,1,9,2020,19:00:00,1,75,75116,2,1,1,4,"ROUTE DES TRIBUNES","48,8628870","2,2311460",202000036430,154 678 337,A01,1,1,14,2,1,14,5,NULL,202000036430,154 678 336,D01,1,1,4,1,1990,5,2,0,-1,-1," -1",-1,202000036430,4,NULL,0,NULL,2,4,1,1,0,0,1,NULL," -1",1,8,5,50
202000036430,1,9,2020,19:00:00,1,75,75116,2,1,1,4,"ROUTE DES TRIBUNES","48,8628870","2,2311460",202000036430,154 678 336,D01,1,1,0,2,1,2,5,NULL,202000036430,154 678 336,D01,1,1,4,1,1990,5,2,0,-1,-1," -1",-1,202000036430,4,NULL,0,NULL,2,4,1,1,0,0,1,NULL," -1",1,8,5,50
202000036430,1,9,2020,19:00:00,1,75,75116,2,1,1,4,"ROUTE DES TRIBUNES","48,8628870","2,2311460",202000036430,154 678 335,C01,1,1,0,2,1,2,5,NULL,202000036430,154 678 336,D01,1,1,4,1,1990,5,2,0,-1,-1," -1",-1,202000036430,4,NULL,0,NULL,2,4,1,1,0,0,1,NULL," -1",1,8,5,50
202000036430,1,9,2020,19:00:00,1,75,75116,2,1,1,4,"ROUTE DES TRIBUNES","48,8628870","2,2311460",202000036430,154 678 334,B01,1,1,0,2,1,2,5,NULL,202000036430,154 678 336,D01,1,1,4,1,1990,5,2,0,-1,-1," -1",-1,202000036430,4,NULL,0,NULL,2,4,1,1,0,0,1,NULL," -1",1,8,5,50
202000036430,1,9,2020,19:00:00,1,75,75116,2,1,1,4,"ROUTE DES TRIBUNES","48,8628870","2,2311460",202000036430,154 678 337,A01,1,1,14,2,1,14,5,NULL,202000036430,154 678 337,A01,1,1,4,1,1980,5,2,0,-1,-1," -1",-1,202000036430,4,NULL,0,NULL,2,4,1,1,0,0,1,NULL," -1",1,8,5,50
202000036430,1,9,2020,19:00:00,1,75,75116,2,1,1,4,"ROUTE DES TRIBUNES","48,8628870","2,2311460",202000036430,154 678 336,D01,1,1,0,2,1,2,5,NULL,202000036430,154 678 337,A01,1,1,4,1,1980,5,2,0,-1,-1," -1",-1,202000036430,4,NULL,0,NULL,2,4,1,1,0,0,1,NULL," -1",1,8,5,50
202000036430,1,9,2020,19:00:00,1,75,75116,2,1,1,4,"ROUTE DES TRIBUNES","48,8628870","2,2311460",202000036430,154 678 335,C01,1,1,0,2,1,2,5,NULL,202000036430,154 678 337,A01,1,1,4,1,1980,5,2,0,-1,-1," -1",-1,202000036430,4,NULL,0,NULL,2,4,1,1,0,0,1,NULL," -1",1,8,5,50
202000036430,1,9,2020,19:00:00,1,75,75116,2,1,1,4,"ROUTE DES TRIBUNES","48,8628870","2,2311460",202000036430,154 678 334,B01,1,1,0,2,1,2,5,NULL,202000036430,154 678 337,A01,1,1,4,1,1980,5,2,0,-1,-1," -1",-1,202000036430,4,NULL,0,NULL,2,4,1,1,0,0,1,NULL," -1",1,8,5,50
202000037015,28,5,2020,19:45:00,1,42,42183,2,2,1,3,"Avenue Maurice Thorez","45,4055500","4,3666800",202000037015,154 677 310,B01,1,1,0,2,6,19,5,NULL,202000037015,154 677 310,B01,1,1,4,1,2013,9,8,0,-1,-1," -1",-1,202000037015,4,NULL,0,NULL,-1,2,0,1,(1),(1),1,NULL," -1",1,0,1,50
202000037015,28,5,2020,19:45:00,1,42,42183,2,2,1,3,"Avenue Maurice Thorez","45,4055500","4,3666800",202000037015,154 677 310,B01,1,1,0,2,6,19,5,NULL,202000037015,154 677 311,A01,1,1,1,2,1999,0,1,0,-1,-1," -1",-1,202000037015,4,NULL,0,NULL,-1,2,0,1,(1),(1),1,NULL," -1",1,0,1,50
202000038898,27,5,2020,07:30:00,1,85,85194,2,6,1,2,"Place de Strasbourg","46,4905100"," -1,7727600",202000038898,154 673 993,B01,3,1,0,2,4,9,5,NULL,202000038898,154 673 993,B01,1,1,3,1,1949,5,8,0,-1,-1," -1",-1,202000038898,4," PLACE DE STRASBOURG",0,NULL,1,1,0,1,0,0,2,NULL," -1",1,0,1,50
202000040172,13,3,2020,12:10:00,1,56,56125,1,1,1,6,Kergurhan,"48,0729750"," -3,0760860",202000040172,154 671 763,A01,3,1,16,0,0,0,5,NULL,202000040172,154 671 763,A01,1,1,3,1,1953,5,0,-1,-1,0,0,-1,202000040172,4,Kerhurgan,-1,NULL,2,2,0,4,(1),(1),2,NULL,4,1,0,3,80
202000041295,8,1,2020,07:00:00,3,34,34183,1,3,1,3,"cd 609","43,2909450","3,1188380",202000041295,154 669 779,A01,1,1,0,2,1,1,5,NULL,202000041295,154 669 779,A01,1,1,3,1,1964,1,2,-1,-1,0,0,-1,202000041295,3,609,-1,NULL,2,2,0,1,97,167,1,NULL," -1",1,0,1,-1
202000041295,8,1,2020,07:00:00,3,34,34183,1,3,1,3,"cd 609","43,2909450","3,1188380",202000041295,154 669 779,A01,1,1,0,2,1,1,5,NULL,202000041295,154 669 780,B01,1,1,1,1,1969,1,1,-1,-1,0,0,-1,202000041295,3,609,-1,NULL,2,2,0,1,97,167,1,NULL," -1",1,0,1,-1
202000041739,27,6,2020,22:00:00,2,75,75104,2,1,1,-1,"BOULEVARD DE SEBASTOPOL","48,8598700","2,3489750",202000041739,154 668 981,B01,1,1,0,2,1,1,5,NULL,202000041739,154 668 979,D01,1,1,4,2,1984,9,8,0,-1,0,0,-1,202000041739,4,NULL,0,NULL,1,3,1,1,(1),0,1,NULL," -1",1,-1,5,50
202000041739,27,6,2020,22:00:00,2,75,75104,2,1,1,-1,"BOULEVARD DE SEBASTOPOL","48,8598700","2,3489750",202000041739,154 668 980,C01,1,1,0,2,1,1,5,NULL,202000041739,154 668 979,D01,1,1,4,2,1984,9,8,0,-1,0,0,-1,202000041739,4,NULL,0,NULL,1,3,1,1,(1),0,1,NULL," -1",1,-1,5,50
202000041739,27,6,2020,22:00:00,2,75,75104,2,1,1,-1,"BOULEVARD DE SEBASTOPOL","48,8598700","2,3489750",202000041739,154 668 979,D01,1,1,0,2,1,1,5,NULL,202000041739,154 668 979,D01,1,1,4,2,1984,9,8,0,-1,0,0,-1,202000041739,4,NULL,0,NULL,1,3,1,1,(1),0,1,NULL," -1",1,-1,5,50