Num_Acc,jour,mois,an,hrmn,lum,dep,com,agg,int,atm,col,adr,lat,long,Num_Acc,id_vehicule,num_veh,senc,catv,obs,obsm,choc,manv,motor,occutc,Num_Acc,id_vehicule,num_veh,place,catu,grav,sexe,an_nais,trajet,secu1,secu2,secu3,locp,actp,etatp,Num_Acc,catr,voie,v1,v2,circ,nbv,vosp,prof,pr,pr1,plan,lartpc,larrout,surf,infra,situ,vma
202000041739,27,6,2020,22:00:00,2,75,75104,2,1,1,-1,"BOULEVARD DE SEBASTOPOL","48,8598700","2,3489750",202000041739,154 668 981,B01,1,1,0,2,1,1,5,NULL,202000041739,154 668 980,C01,1,1,4,2,2001,9,2,0,-1,0,0,-1,202000041739,4,NULL,0,NULL,1,3,1,1,(1),0,1,NULL," -1",1,-1,5,50
202000041739,27,6,2020,22:00:00,2,75,75104,2,1,1,-1,"BOULEVARD DE SEBASTOPOL","48,8598700","2,3489750",202000041739,154 668 980,C01,1,1,0,2,1,1,5,NULL,202000041739,154 668 980,C01,1,1,4,2,2001,9,2,0,-1,0,0,-1,202000041739,4,NULL,0,NULL,1,3,1,1,(1),0,1,NULL," -1",1,-1,5,50
202000041739,27,6,2020,22:00:00,2,75,75104,2,1,1,-1,"BOULEVARD DE SEBASTOPOL","48,8598700","2,3489750",202000041739,154 668 979,D01,1,1,0,2,1,1,5,NULL,202000041739,154 668 980,C01,1,1,4,2,2001,9,2,0,-1,0,0,-1,202000041739,4,NULL,0,NULL,1,3,1,1,(1),0,1,NULL," -1",1,-1,5,50
202000041739,27,6,2020,22:00:00,2,75,75104,2,1,1,-1,"BOULEVARD DE SEBASTOPOL","48,8598700","2,3489750",202000041739,154 668 981,B01,1,1,0,2,1,1,5,NULL,202000041739,154 668 981,B01,1,1,4,2,2001,9,2,0,-1,0,0,-1,202000041739,4,NULL,0,NULL,1,3,1,1,(1),0,1,NULL," -1",1,-1,5,50
202000041739,27,6,2020,22:00:00,2,75,75104,2,1,1,-1,"BOULEVARD DE SEBASTOPOL","48,8598700","2,3489750",202000041739,154 668 980,C01,1,1,0,2,1,1,5,NULL,202000041739,154 668 981,B01,1,1,4,2,2001,9,2,0,-1,0,0,-1,202000041739,4,NULL,0,NULL,1,3,1,1,(1),0,1,NULL," -1",1,-1,5,50
202000041739,27,6,2020,22:00:00,2,75,75104,2,1,1,-1,"BOULEVARD DE SEBASTOPOL","48,8598700","2,3489750",202000041739,154 668 979,D01,1,1,0,2,1,1,5,NULL,202000041739,154 668 981,B01,1,1,4,2,2001,9,2,0,-1,0,0,-1,202000041739,4,NULL,0,NULL,1,3,1,1,(1),0,1,NULL," -1",1,-1,5,50
202000041739,27,6,2020,22:00:00,2,75,75104,2,1,1,-1,"BOULEVARD DE SEBASTOPOL","48,8598700","2,3489750",202000041739,154 668 981,B01,1,1,0,2,1,1,5,NULL,202000041739,154 668 982,A01,1,1,1,1,1999,5,1,0,-1,0,0,-1,202000041739,4,NULL,0,NULL,1,3,1,1,(1),0,1,NULL," -1",1,-1,5,50
202000041739,27,6,2020,22:00:00,2,75,75104,2,1,1,-1,"BOULEVARD DE SEBASTOPOL","48,8598700","2,3489750",202000041739,154 668 980,C01,1,1,0,2,1,1,5,NULL,202000041739,154 668 982,A01,1,1,1,1,1999,5,1,0,-1,0,0,-1,202000041739,4,NULL,0,NULL,1,3,1,1,(1),0,1,NULL," -1",1,-1,5,50
202000041739,27,6,2020,22:00:00,2,75,75104,2,1,1,-1,"BOULEVARD DE SEBASTOPOL","48,8598700","2,3489750",202000041739,154 668 979,D01,1,1,0,2,1,1,5,NULL,202000041739,154 668 982,A01,1,1,1,1,1999,5,1,0,-1,0,0,-1,202000041739,4,NULL,0,NULL,1,3,1,1,(1),0,1,NULL," -1",1,-1,5,50
202000041739,27,6,2020,22:00:00,2,75,75104,2,1,1,-1,"BOULEVARD DE SEBASTOPOL","48,8598700","2,3489750",202000041739,154 668 981,B01,1,1,0,2,1,1,5,NULL,202000041739,154 668 982,A01,2,2,1,1,1999,9,1,0,-1,0,0,-1,202000041739,4,NULL,0,NULL,1,3,1,1,(1),0,1,NULL," -1",1,-1,5,50
202000041739,27,6,2020,22:00:00,2,75,75104,2,1,1,-1,"BOULEVARD DE SEBASTOPOL","48,8598700","2,3489750",202000041739,154 668 980,C01,1,1,0,2,1,1,5,NULL,202000041739,154 668 982,A01,2,2,1,1,1999,9,1,0,-1,0,0,-1,202000041739,4,NULL,0,NULL,1,3,1,1,(1),0,1,NULL," -1",1,-1,5,50
202000041739,27,6,2020,22:00:00,2,75,75104,2,1,1,-1,"BOULEVARD DE SEBASTOPOL","48,8598700","2,3489750",202000041739,154 668 979,D01,1,1,0,2,1,1,5,NULL,202000041739,154 668 982,A01,2,2,1,1,1999,9,1,0,-1,0,0,-1,202000041739,4,NULL,0,NULL,1,3,1,1,(1),0,1,NULL," -1",1,-1,5,50
202000044429,24,6,2020,16:55:00,1,71,71565,1,1,7,6,D325,"46,6223390","4,0679120",202000044429,154 664 134,A01,2,1,14,0,1,1,5,NULL,202000044429,154 664 134,A01,1,1,4,1,2006,5,2,-1,-1,0,0,-1,202000044429,3,325,0,NULL,2,2,0,1,0,800,2,NULL," -1",1,0,1,80
202000044642,24,5,2020,09:20:00,1,13,13005,2,7,1,3,"NATIONALE 8 DE PARIS A TOULON (ROUTE)","43,2839000","5,5935900",202000044642,154 663 742,B01,3,1,0,2,7,1,5,NULL,202000044642,154 663 742,B01,1,1,3,1,1943,5,2,8,-1,-1," -1",-1,202000044642,3,"NATIONALE 8 DE PARIS A TOULON (ROUTE)",0,NULL,1,2,0,2,48,900,2,NULL," -1",1,3,1,50
202000044642,24,5,2020,09:20:00,1,13,13005,2,7,1,3,"NATIONALE 8 DE PARIS A TOULON (ROUTE)","43,2839000","5,5935900",202000044642,154 663 742,B01,3,1,0,2,7,1,5,NULL,202000044642,154 663 743,A01,1,1,1,1,1959,0,1,8,-1,-1," -1",-1,202000044642,3,"NATIONALE 8 DE PARIS A TOULON (ROUTE)",0,NULL,1,2,0,2,48,900,2,NULL," -1",1,3,1,50
202000044647,24,5,2020,18:10:00,1,06,06027,2,1,1,3,"PLAGE BOULEVARD DE LA","43,6539510","7,1571770",202000044647,154 663 736,B01,0,1,0,0,0,0,0,NULL,202000044647,154 663 734,A01,1,1,4,1,2005,5,8,0,-1,-1," -1",-1,202000044647,9,"PLAGE BOULEVARD DE LA",0,NULL,2,2,1,1,0,0,1,NULL," -1",1,0,5,15
202000044647,24,5,2020,18:10:00,1,06,06027,2,1,1,3,"PLAGE BOULEVARD DE LA","43,6539510","7,1571770",202000044647,154 663 734,A01,3,1,0,2,5,2,5,NULL,202000044647,154 663 734,A01,1,1,4,1,2005,5,8,0,-1,-1," -1",-1,202000044647,9,"PLAGE BOULEVARD DE LA",0,NULL,2,2,1,1,0,0,1,NULL," -1",1,0,5,15
202000044647,24,5,2020,18:10:00,1,06,06027,2,1,1,3,"PLAGE BOULEVARD DE LA","43,6539510","7,1571770",202000044647,154 663 736,B01,0,1,0,0,0,0,0,NULL,202000044647,154 663 736,B01,1,1,1,1,2005,0,8,0,-1,-1," -1",-1,202000044647,9,"PLAGE BOULEVARD DE LA",0,NULL,2,2,1,1,0,0,1,NULL," -1",1,0,5,15
202000044647,24,5,2020,18:10:00,1,06,06027,2,1,1,3,"PLAGE BOULEVARD DE LA","43,6539510","7,1571770",202000044647,154 663 734,A01,3,1,0,2,5,2,5,NULL,202000044647,154 663 736,B01,1,1,1,1,2005,0,8,0,-1,-1," -1",-1,202000044647,9,"PLAGE BOULEVARD DE LA",0,NULL,2,2,1,1,0,0,1,NULL," -1",1,0,5,15
202000007139,15,9,2020,09:00:00,1,971,97101,1,1,1,1,"PETIT PEROU","16,2572696"," -61,5120398",202000007139,154 729 707,B01,1,1,0,2,0,0,5,NULL,202000007139,154 729 706,A01,1,1,1,1,1993,9,8,0,-1,-1," -1",-1,202000007139,2,"PETIT PEROU",0,NULL,1,4,0,1,0,0,1,NULL," -1",1,6,6,70
202000007139,15,9,2020,09:00:00,1,971,97101,1,1,1,1,"PETIT PEROU","16,2572696"," -61,5120398",202000007139,154 729 707,B01,1,1,0,2,0,0,5,NULL,202000007139,154 729 707,B01,1,1,4,1,1997,1,8,0,-1,0,0,-1,202000007139,2,"PETIT PEROU",0,NULL,1,4,0,1,0,0,1,NULL," -1",1,6,6,70
202000007409,29,1,2020,17:20:00,1,92,92036,2,3,1,5,"LOUISE MICHEL (PAIRS)","48,9226600","2,3206100",202000007409,154 729 211,C01,2,1,0,2,3,1,5,NULL,202000007409,154 729 210,B01,1,1,1,1,1976,0,1,8,-1,-1,0,-1,202000007409,3,9,0,NULL,2,2,0,1,0,0,1,NULL,7,1,0,1,50
202000007409,29,1,2020,17:20:00,1,92,92036,2,3,1,5,"LOUISE MICHEL (PAIRS)","48,9226600","2,3206100",202000007409,154 729 211,C01,2,1,0,2,3,1,5,NULL,202000007409,154 729 211,C01,1,1,4,2,1989,1,2,8,-1,-1,0,-1,202000007409,3,9,0,NULL,2,2,0,1,0,0,1,NULL,7,1,0,1,50
202000007409,29,1,2020,17:20:00,1,92,92036,2,3,1,5,"LOUISE MICHEL (PAIRS)","48,9226600","2,3206100",202000007409,154 729 211,C01,2,1,0,2,3,1,5,NULL,202000007409,154 729 212,A01,1,1,1,1,1986,4,1,8,-1,-1,0,-1,202000007409,3,9,0,NULL,2,2,0,1,0,0,1,NULL,7,1,0,1,50
202000008521,24,11,2020,19:05:00,5,75,75110,2,3,1,6,"BOULEVARD DE BONNE NOUVELLE","48,8703510","2,3495640",202000008521,154 727 262,A01,1,1,14,0,1,13,5,NULL,202000008521,154 727 262,A01,1,1,4,1,2002,5,2,0,-1,0,0,-1,202000008521,4,NULL,0,NULL,2,6,2,1,0,0,1,NULL," -1",1,-1,5,50
202000009127,15,9,2020,09:05:00,1,33,33063,2,3,1,3,"AVE DU GENERAL LECLERC CAUD","44,8529700"," -0,6092700",202000009127,154 726 201,B01,2,1,0,2,7,1,5,NULL,202000009127,154 726 201,B01,1,1,4,1,1966,1,8,0,-1,-1," -1",-1,202000009127,4,"AVE DU GENERAL LECLERC CAUD",0,NULL,2,4,2,1,(1),(1),1,NULL," -1",1,0,1,50
202000009127,15,9,2020,09:05:00,1,33,33063,2,3,1,3,"AVE DU GENERAL LECLERC CAUD","44,8529700"," -0,6092700",202000009127,154 726 201,B01,2,1,0,2,7,1,5,NULL,202000009127,154 726 202,A01,1,1,1,2,1994,0,8,0,-1,-1," -1",-1,202000009127,4,"AVE DU GENERAL LECLERC CAUD",0,NULL,2,4,2,1,(1),(1),1,NULL," -1",1,0,1,50
202000011003,28,1,2020,10:50:00,1,93,93005,2,3,2,2,"HAVRE (RUE DU)","48,9223300","2,4891900",202000011003,154 722 928,B01,3,1,0,0,4,0,0,NULL,202000011003,154 722 927,A01,1,1,1,1,1953,9,1,0,-1,-1," -1",-1,202000011003,4,"HAVRE (RUE DU)",0,NULL,1,1,0,1,0,0,1,NULL," -1",2,0,1,30
202000011003,28,1,2020,10:50:00,1,93,93005,2,3,2,2,"HAVRE (RUE DU)","48,9223300","2,4891900",202000011003,154 722 928,B01,3,1,0,0,4,0,0,NULL,202000011003,154 722 928,B01,1,1,4,1,2007,2,2,0,-1,0,0,-1,202000011003,4,"HAVRE (RUE DU)",0,NULL,1,1,0,1,0,0,1,NULL," -1",2,0,1,30
202000012041,11,10,2020,23:00:00,5,18,18033,2,1,1,2,"CHARITE (ROUTE DE LA)","47,0949400","2,4205900",202000012041,154 721 065,B01,2,1,0,2,4,23,6,NULL,202000012041,154 721 065,B01,1,1,4,1,1997,1,8,0,-1,-1," -1",-1,202000012041,4,"CHARITE (ROUTE DE LA)",0,NULL,2,1,0,1,(1),(1),1,NULL," -1",2,0,1,50
202000012041,11,10,2020,23:00:00,5,18,18033,2,1,1,2,"CHARITE (ROUTE DE LA)","47,0949400","2,4205900",202000012041,154 721 065,B01,2,1,0,2,4,23,6,NULL,202000012041,154 721 067,A01,1,1,1,2,1971,5,1,0,-1,-1," -1",-1,202000012041,4,"CHARITE (ROUTE DE LA)",0,NULL,2,1,0,1,(1),(1),1,NULL," -1",2,0,1,50
202000014735,24,1,2020,09:17:00,1,87,87085,1,2,1,3,"COUDERT (RUE DU)","45,8340500","1,2155100",202000014735,154 716 447,B01,1,1,0,2,7,9,0,NULL,202000014735,154 716 447,B01,1,1,4,1,2001,5,8,0,-1,-1," -1",-1,202000014735,4,"COUDERT (RUE DU)",0,NULL,2,2,0,1,0,0,1,NULL," -1",1,0,1,50
202000014735,24,1,2020,09:17:00,1,87,87085,1,2,1,3,"COUDERT (RUE DU)","45,8340500","1,2155100",202000014735,154 716 447,B01,1,1,0,2,7,9,0,NULL,202000014735,154 716 448,A01,1,1,1,2,1991,1,1,8,-1,-1," -1",-1,202000014735,4,"COUDERT (RUE DU)",0,NULL,2,2,0,1,0,0,1,NULL," -1",1,0,1,50
202000017757,8,10,2020,09:20:00,1,75,75118,2,5,1,3,"RUE CUSTINE","48,8884140","2,3480270",202000017757,154 710 978,B01,2,1,0,2,8,1,5,NULL,202000017757,154 710 977,A01,1,1,1,1,1987,9,1,8,-1,0,0,-1,202000017757,4,NULL,0,NULL,2,2,0,1,0,0,1,NULL," -1",1,0,1,50
202000017757,8,10,2020,09:20:00,1,75,75118,2,5,1,3,"RUE CUSTINE","48,8884140","2,3480270",202000017757,154 710 978,B01,2,1,0,2,8,1,5,NULL,202000017757,154 710 978,B01,1,1,4,1,1994,1,8,0,-1,0,0,-1,202000017757,4,NULL,0,NULL,2,2,0,1,0,0,1,NULL," -1",1,0,1,50
202000019061,9,9,2020,17:50:00,1,72,72181,2,3,1,3,"DEMORIEUX (BD) ENTRE HUISNE ET RD-POINT","47,9983000","0,1886900",202000019061,154 708 720,A01,1,1,0,2,1,19,5,NULL,202000019061,154 708 720,A01,1,1,4,2,2000,0,8,0,-1,-1," -1",-1,202000019061,4,"DEMORIEUX (BD) ENTRE HUISNE ET RD-POINT",0,NULL,2,3,0,2,0,0,1,NULL," -1",1,0,1,50
202000019061,9,9,2020,17:50:00,1,72,72181,2,3,1,3,"DEMORIEUX (BD) ENTRE HUISNE ET RD-POINT","47,9983000","0,1886900",202000019061,154 708 720,A01,1,1,0,2,1,19,5,NULL,202000019061,154 708 721,B01,1,1,1,1,1969,4,1,0,-1,-1," -1",-1,202000019061,4,"DEMORIEUX (BD) ENTRE HUISNE ET RD-POINT",0,NULL,2,3,0,2,0,0,1,NULL," -1",1,0,1,50
202000020748,9,7,2020,15:00:00,1,57,57647,2,1,1,1,"FAMECK (RUE DE)","49,3212700","6,0830000",202000020748,154 705 722,B01,2,1,0,2,1,9,5,NULL,202000020748,154 705 722,B01,1,1,4,1,2010,5,8,0,-1,-1," -1",-1,202000020748,3,"FAMECK (RUE DE)",0,NULL,2,2,0,2,0,0,1,NULL," -1",1,0,1,50
202000020748,9,7,2020,15:00:00,1,57,57647,2,1,1,1,"FAMECK (RUE DE)","49,3212700","6,0830000",202000020748,154 705 722,B01,2,1,0,2,1,9,5,NULL,202000020748,154 705 723,A01,1,1,1,1,1957,5,1,0,-1,-1," -1",-1,202000020748,3,"FAMECK (RUE DE)",0,NULL,2,2,0,2,0,0,1,NULL," -1",1,0,1,50
202000022512,10,7,2020,22:54:00,5,10,10387,2,9,1,7,"JULES GUESDE (RUE)","48,2882000","4,0810400",202000022512,154 702 624,A01,1,1,0,0,3,1,5,NULL,202000022512,154 702 624,A01,1,1,4,1,1993,0,8,0,-1,-1," -1",-1,202000022512,4,"JULES GUESDE (RUE)",0,NULL,1,1,0,1,0,0,3,NULL," -1",1,0,1,50
202000023307,8,6,2020,12:00:00,1,17,17300,2,6,1,3,"DOMPIERRE   RUE DE","46,1635000"," -1,1385600",202000023307,154 701 227,B01,0,1,0,2,1,2,5,NULL,202000023307,154 701 226,A01,1,1,1,2,1950,5,1,0,-1,-1," -1",-1,202000023307,4,"DOMPIERRE   RUE DE",0,NULL,-1,2,0,1,0,0,1,NULL," -1",1,0,1,30
202000023307,8,6,2020,12:00:00,1,17,17300,2,6,1,3,"DOMPIERRE   RUE DE","46,1635000"," -1,1385600",202000023307,154 701 227,B01,0,1,0,2,1,2,5,NULL,202000023307,154 701 227,B01,1,1,4,2,1970,5,0,0,-1,-1," -1",-1,202000023307,4,"DOMPIERRE   RUE DE",0,NULL,-1,2,0,1,0,0,1,NULL," -1",1,0,1,30
202000026136,17,12,2020,15:45:00,2,53,53266,1,1,1,2,"La Nivelaie","48,2954140"," -0,2867600",202000026136,154 696 278,B01,2,1,0,0,4,2,5,NULL,202000026136,154 696 277,A01,1,1,1,1,1959,4,1,-1,-1,0,0,-1,202000026136,3,149,0,D,2,2,0,2,8,400,1,NULL," -1",1,0,1,80
202000026136,17,12,2020,15:45:00,2,53,53266,1,1,1,2,"La Nivelaie","48,2954140"," -0,2867600",202000026136,154 696 278,B01,2,1,0,0,4,2,5,NULL,202000026136,154 696 278,B01,1,1,2,1,1957,5,2,4,-1,0,0,-1,202000026136,3,149,0,D,2,2,0,2,8,400,1,NULL," -1",1,0,1,80
202000028539,16,2,2020,06:18:00,1,988,98818,2,1,1,7,"MARTINET (RUE HENRI)"," -22,2595900","166,4748800",202000028539,154 692 057,A01,3,1,0,0,0,1,5,NULL,202000028539,154 692 057,A01,1,1,4,1,1967,5,2,0,-1,0,0,-1,202000028539,4,680,0,NULL,2,2,0,1,0,0,1,NULL," -1",9,0,1,50
202000029434,1,6,2020,18:25:00,1,75,75105,2,1,1,6,"RUE DES FOSSES SAINT BERNARD","48,8483330","2,3545920",202000029434,154 690 528,A01,1,1,0,1,1,1,5,NULL,202000029434,154 690 528,A01,1,1,1,1,1999,1,8,0,-1,0,0,-1,202000029434,4,NULL,0,NULL,2,2,0,1,0,0,1,NULL," -1",1,0,1,50
202000029434,1,6,2020,18:25:00,1,75,75105,2,1,1,6,"RUE DES FOSSES SAINT BERNARD","48,8483330","2,3545920",202000029434,154 690 528,A01,1,1,0,1,1,1,5,NULL,202000029434,154 690 528,A01,10,3,2,2,1947,5,0,-1,-1,2,3,1,202000029434,4,NULL,0,NULL,2,2,0,1,0,0,1,NULL," -1",1,0,1,50
202000029496,3,6,2020,15:40:00,1,22,22222,2,3,1,3,"17 Le Chêne Vert","48,6877360"," -2,9310830",202000029496,154 690 417,B01,1,1,0,2,1,1,5,NULL,202000029496,154 690 417,B01,1,1,4,1,1949,5,2,-1,-1,0,0,-1,202000029496,3,786,-1,NULL,2,2,0,1,(1),(1),1,NULL," -1",1,0,1,50
202000029496,3,6,2020,15:40:00,1,22,22222,2,3,1,3,"17 Le Chêne Vert","48,6877360"," -2,9310830",202000029496,154 690 417,B01,1,1,0,2,1,1,5,NULL,202000029496,154 690 419,A01,1,1,1,2,1960,3,1,-1,-1,0,0,-1,202000029496,3,786,-1,NULL,2,2,0,1,(1),(1),1,NULL," -1",1,0,1,50
202000030064,12,1,2020,10:00:00,1,92,92063,2,3,1,3,"BONAPARTE (AVENUE NAPOLEON) NORD","48,8684786","2,1484776",202000030064,154 689 419,A01,1,1,0,2,1,1,5,NULL,202000030064,154 689 418,B01,1,1,1,1,1965,5,1,8,-1,-1," -1",-1,202000030064,3,913,0,NULL,3,4,0,1,0,0,1,NULL," -1",1,5,1,50
202000030064,12,1,2020,10:00:00,1,92,92063,2,3,1,3,"BONAPARTE (AVENUE NAPOLEON) NORD","48,8684786","2,1484776",202000030064,154 689 419,A01,1,1,0,2,1,1,5,NULL,202000030064,154 689 419,A01,1,1,4,1,1989,5,8,8,-1,-1," -1",-1,202000030064,3,913,0,NULL,3,4,0,1,0,0,1,NULL," -1",1,5,1,50
202000031220,26,5,2020,17:25:00,1,01,01173,2,6,1,-1,D1005,"46,3340470","6,0597860",202000031220,154 687 470,A01,1,1,0,0,1,9,5,NULL,202000031220,154 687 469,B01,1,1,1,1,1969,5,1,-1,-1,0,0,-1,202000031220,3,1005,-1,NULL,-1,1,0,2,20,240,2,NULL," -1",1,5,1,50
202000031220,26,5,2020,17:25:00,1,01,01173,2,6,1,-1,D1005,"46,3340470","6,0597860",202000031220,154 687 470,A01,1,1,0,0,1,9,5,NULL,202000031220,154 687 470,A01,1,1,4,1,1972,5,2,-1,-1,0,0,-1,202000031220,3,1005,-1,NULL,-1,1,0,2,20,240,2,NULL," -1",1,5,1,50
202000031385,2,6,2020,09:50:00,1,65,65331,2,1,1,2,"LOURDES (AVENUE DE)","43,2107340","0,0478290",202000031385,154 687 188,B01,1,1,0,0,4,11,5,NULL,202000031385,154 687 188,B01,1,1,4,2,1976,9,8,0,-1,-1," -1",-1,202000031385,3,"LOURDES (AVENUE DE)",0,NULL,2,2,0,1,1,610,1,NULL," -1",1,0,1,50
202000032480,22,2,2020,12:58:00,1,974,97415,2,6,1,2,"106 Rue des Sables"," -21,0379770","55,2187216",202000032480,154 685 326,A01,1,1,0,2,6,1,5,NULL,202000032480,154 685 326,A01,1,1,4,2,1981,1,2,-1,-1,0,0,-1,202000032480,4,1,0,A,1,1,0,1,(1),(1),2,NULL," -1",1,0,1,50
202000033149,29,7,2020,21:15:00,2,75,75101,2,2,1,4,"BOULEVARD DE SEBASTOPOL","48,8600710","2,3490950",202000033149,154 684 180,B01,1,1,0,2,3,17,5,NULL,202000033149,154 684 178,C01,1,1,1,1,1984,1,1,0,-1,0,0,-1,202000033149,4,NULL,0,NULL,2,5,3,1,0,0,1,NULL," -1",1,-1,6,50
202000033149,29,7,2020,21:15:00,2,75,75101,2,2,1,4,"BOULEVARD DE SEBASTOPOL","48,8600710","2,3490950",202000033149,154 684 180,B01,1,1,0,2,3,17,5,NULL,202000033149,154 684 180,B01,1,1,4,1,1988,1,2,0,-1,0,0,-1,202000033149,4,NULL,0,NULL,2,5,3,1,0,0,1,NULL," -1",1,-1,6,50
202000033149,29,7,2020,21:15:00,2,75,75101,2,2,1,4,"BOULEVARD DE SEBASTOPOL","48,8600710","2,3490950",202000033149,154 684 180,B01,1,1,0,2,3,17,5,NULL,202000033149,154 684 181,A01,1,1,1,1,1983,4,1,0,-1,0,0,-1,202000033149,4,NULL,0,NULL,2,5,3,1,0,0,1,NULL," -1",1,-1,6,50
202000033349,29,9,2020,19:30:00,5,94,94021,2,1,1,2,"STALINGRAD (AV DE)","48,7698370","2,3678670",202000033349,154 683 823,A01,1,1,0,2,6,2,5,NULL,202000033349,154 683 823,A01,1,1,4,2,1967,1,2,8,-1,-1," -1",-1,202000033349,3,7,0,NULL,1,1,2,1,(1),(1),1,NULL," -1",1,0,5,50
202000037011,28,5,2020,13:25:00,1,53,53130,2,1,1,3,"CHAPLET ( BOULEVARD FREDERIC )","48,0661200"," -0,7825300",202000037011,154 677 317,B01,3,1,0,2,8,19,5,NULL,202000037011,154 677 317,B01,1,1,4,1,2011,5,2,8,-1,-1," -1",-1,202000037011,4,"CHAPLET ( BOULEVARD FREDERIC )",0,NULL,2,2,0,1,0,0,1,NULL," -1",1,0,1,50
202000037011,28,5,2020,13:25:00,1,53,53130,2,1,1,3,"CHAPLET ( BOULEVARD FREDERIC )","48,0661200"," -0,7825300",202000037011,154 677 317,B01,3,1,0,2,8,19,5,NULL,202000037011,154 677 318,A01,1,1,1,1,1978,4,8,0,-1,-1," -1",-1,202000037011,4,"CHAPLET ( BOULEVARD FREDERIC )",0,NULL,2,2,0,1,0,0,1,NULL," -1",1,0,1,50
202000038783,8,1,2020,13:50:00,1,45,45286,2,2,2,3,"Rue des Varennes - Rue de la cossonière","47,8832000","1,9225800",202000038783,154 674 198,B01,2,1,0,2,1,16,5,NULL,202000038783,154 674 198,B01,1,1,4,1,1965,9,2,8,-1,0,0,-1,202000038783,4,"RUE DES VARENNES",0,NULL,2,2,0,1,(1),(1),1,NULL," -1",2,0,1,50
202000038783,8,1,2020,13:50:00,1,45,45286,2,2,2,3,"Rue des Varennes - Rue de la cossonière","47,8832000","1,9225800",202000038783,154 674 198,B01,2,1,0,2,1,16,5,NULL,202000038783,154 674 199,A01,1,1,1,1,2001,5,8,8,-1,0,0,-1,202000038783,4,"RUE DES VARENNES",0,NULL,2,2,0,1,(1),(1),1,NULL," -1",2,0,1,50
202000041564,26,5,2020,11:50:00,1,06,06027,2,1,1,-1,"RENOIR AVENUE AUGUSTE","43,6640000","7,1520000",202000041564,154 669 284,A01,1,1,0,0,0,26,5,NULL,202000041564,154 669 283,B01,1,1,4,1,1944,5,2,0,-1,-1," -1",-1,202000041564,7,"RENOIR AVENUE AUGUSTE",0,NULL,1,2,0,1,1,0,1,NULL," -1",1,0,1,50
202000041564,26,5,2020,11:50:00,1,06,06027,2,1,1,-1,"RENOIR AVENUE AUGUSTE","43,6640000","7,1520000",202000041564,154 669 283,B01,1,1,0,0,0,0,5,NULL,202000041564,154 669 283,B01,1,1,4,1,1944,5,2,0,-1,-1," -1",-1,202000041564,7,"RENOIR AVENUE AUGUSTE",0,NULL,1,2,0,1,1,0,1,NULL," -1",1,0,1,50
202000041564,26,5,2020,11:50:00,1,06,06027,2,1,1,-1,"RENOIR AVENUE AUGUSTE","43,6640000","7,1520000",202000041564,154 669 284,A01,1,1,0,0,0,26,5,NULL,202000041564,154 669 284,A01,1,1,3,1,1952,5,2,0,-1,-1," -1",-1,202000041564,7,"RENOIR AVENUE AUGUSTE",0,NULL,1,2,0,1,1,0,1,NULL," -1",1,0,1,50
202000041564,26,5,2020,11:50:00,1,06,06027,2,1,1,-1,"RENOIR AVENUE AUGUSTE","43,6640000","7,1520000",202000041564,154 669 283,B01,1,1,0,0,0,0,5,NULL,202000041564,154 669 284,A01,1,1,3,1,1952,5,2,0,-1,-1," -1",-1,202000041564,7,"RENOIR AVENUE AUGUSTE",0,NULL,1,2,0,1,1,0,1,NULL," -1",1,0,1,50
202000043153,26,6,2020,16:50:00,1,76,76647,2,1,1,7,"Route de la Cerlangue","49,5235860","0,3673230",202000043153,154 666 413,A01,2,1,0,0,0,1,5,NULL,202000043153,154 666 413,A01,1,1,2,1,1955,5,2,-1,-1,0,0,-1,202000043153,3,39,-1,NULL,2,2,0,2,23,2500,1,NULL," -1",1,0,1,50
202000043201,27,6,2020,19:45:00,1,75,75104,2,4,2,7,"VOIE GEORGES POMPIDOU","48,8510330","2,3611270",202000043201,154 666 321,A01,3,1,12,0,7,14,5,NULL,202000043201,154 666 321,A01,1,1,4,1,1960,9,2,0,-1,0,0,-1,202000043201,4,NULL,0,NULL,2,1,1,1,0,0,2,NULL," -1",2,6,1,30
202000043314,26,5,2020,08:35:00,1,68,68020,2,6,1,3,"Rue de Mulhouse","47,8138460","7,5059370",202000043314,154 666 129,B01,1,1,0,2,1,1,5,NULL,202000043314,154 666 128,A01,1,1,1,2,1962,3,1,-1,-1,0,0,-1,202000043314,3,39,-1,NULL,1,1,0,1,(1),(1),1,NULL," -1",1,0,1,-1
202000043314,26,5,2020,08:35:00,1,68,68020,2,6,1,3,"Rue de Mulhouse","47,8138460","7,5059370",202000043314,154 666 129,B01,1,1,0,2,1,1,5,NULL,202000043314,154 666 129,B01,1,1,3,1,1952,5,0,-1,-1,0,0,-1,202000043314,3,39,-1,NULL,1,1,0,1,(1),(1),1,NULL," -1",1,0,1,-1
202000046631,1,1,2020,03:15:00,5,75,75120,2,3,1,3,"RUE DE MENILMONTANT","48,8691163","2,3914520",202000046631,154 660 294,B01,1,1,0,2,3,1,5,NULL,202000046631,154 660 294,B01,1,1,4,2,1993,5,8,2,-1,0,0,-1,202000046631,4,NULL,0,NULL,2,2,0,2,0,0,1,NULL,5,1,0,1,50
202000046631,1,1,2020,03:15:00,5,75,75120,2,3,1,3,"RUE DE MENILMONTANT","48,8691163","2,3914520",202000046631,154 660 294,B01,1,1,0,2,3,1,5,NULL,202000046631,154 660 296,A01,1,1,1,1,1985,5,1,0,-1,0,0,-1,202000046631,4,NULL,0,NULL,2,2,0,2,0,0,1,NULL,5,1,0,1,50