Num_Acc,jour,mois,an,hrmn,lum,dep,com,agg,int,atm,col,adr,lat,long,Num_Acc,id_vehicule,num_veh,senc,catv,obs,obsm,choc,manv,motor,occutc,Num_Acc,id_vehicule,num_veh,place,catu,grav,sexe,an_nais,trajet,secu1,secu2,secu3,locp,actp,etatp,Num_Acc,catr,voie,v1,v2,circ,nbv,vosp,prof,pr,pr1,plan,lartpc,larrout,surf,infra,situ,vma
202000023012,8,9,2020,13:30:00,1,14,14118,2,2,1,3,"MAZURETTES (RUE DES)","49,1875600"," -0,3934400",202000023012,154 701 737,A01,2,1,0,2,1,5,5,NULL,202000023012,154 701 736,B01,1,1,1,1,1984,4,1,0,-1,0,0,-1,202000023012,4,1,0,NULL,-1,2,0,4,1,0,3,NULL," -1",1,0,1,50
202000023012,8,9,2020,13:30:00,1,14,14118,2,2,1,3,"MAZURETTES (RUE DES)","49,1875600"," -0,3934400",202000023012,154 701 737,A01,2,1,0,2,1,5,5,NULL,202000023012,154 701 737,A01,1,1,4,1,1952,5,-1,0,-1,0,0,-1,202000023012,4,1,0,NULL,-1,2,0,4,1,0,3,NULL," -1",1,0,1,50
202000023333,8,6,2020,16:20:00,1,75,75113,2,3,1,2,"AVENUE D ITALIE","48,8204240","2,3590650",202000023333,154 701 178,A01,1,1,0,2,1,1,5,NULL,202000023333,154 701 178,A01,1,1,4,1,1987,5,8,0,-1,0,0,-1,202000023333,4,NULL,0,NULL,2,3,1,1,0,0,1,NULL," -1",1,0,1,50
202000023333,8,6,2020,16:20:00,1,75,75113,2,3,1,2,"AVENUE D ITALIE","48,8204240","2,3590650",202000023333,154 701 178,A01,1,1,0,2,1,1,5,NULL,202000023333,154 701 179,B01,2,2,1,1,1987,5,1,0,-1,0,0,-1,202000023333,4,NULL,0,NULL,2,3,1,1,0,0,1,NULL," -1",1,0,1,50
202000023333,8,6,2020,16:20:00,1,75,75113,2,3,1,2,"AVENUE D ITALIE","48,8204240","2,3590650",202000023333,154 701 178,A01,1,1,0,2,1,1,5,NULL,202000023333,154 701 179,B01,1,1,1,2,1953,5,1,0,-1,0,0,-1,202000023333,4,NULL,0,NULL,2,3,1,1,0,0,1,NULL," -1",1,0,1,50
202000023643,9,11,2020,16:20:00,1,94,94058,2,1,1,3,"PIERRE BROSSOLETTE (AV)","48,8348150","2,5062110",202000023643,154 700 633,B01,3,1,0,2,2,19,5,NULL,202000023643,154 700 633,B01,1,1,4,1,2006,2,8,0,-1,-1," -1",-1,202000023643,3,120,0,NULL,2,2,0,1,1,0,1,NULL," -1",1,0,8,30
202000023643,9,11,2020,16:20:00,1,94,94058,2,1,1,3,"PIERRE BROSSOLETTE (AV)","48,8348150","2,5062110",202000023643,154 700 633,B01,3,1,0,2,2,19,5,NULL,202000023643,154 700 634,A01,1,1,4,1,1975,5,2,8,-1,-1," -1",-1,202000023643,3,120,0,NULL,2,2,0,1,1,0,1,NULL," -1",1,0,8,30
202000025031,6,8,2020,21:15:00,2,44,44014,1,1,7,2,"route Départementale 137 lieu-dit "toufou"","47,1240490"," -1,4966780",202000025031,154 698 187,B01,1,1,13,0,4,2,6,NULL,202000025031,154 698 186,A01,1,1,1,1,1992,5,1,-1,-1,0,0,-1,202000025031,3,137,0,NULL,2,2,0,1,14,400,1,NULL," -1",1,0,1,80
202000025031,6,8,2020,21:15:00,2,44,44014,1,1,7,2,"route Départementale 137 lieu-dit "toufou"","47,1240490"," -1,4966780",202000025031,154 698 187,B01,1,1,13,0,4,2,6,NULL,202000025031,154 698 187,B01,1,1,2,1,1948,5,0,-1,-1,0,0,-1,202000025031,3,137,0,NULL,2,2,0,1,14,400,1,NULL," -1",1,0,1,80
202000025121,5,8,2020,11:20:00,1,67,67482,2,1,1,3,"PRESIDENT WILSON (BOULEVARD)","48,5891000","7,7405000",202000025121,154 698 015,A01,1,1,0,2,3,11,5,NULL,202000025121,154 698 015,A01,1,1,3,2,1997,9,8,0,-1,-1," -1",-1,202000025121,4,"PRESIDENT WILSON (BOULEVARD)",0,NULL,2,2,3,1,0,0,1,NULL," -1",1,0,1,50
202000025121,5,8,2020,11:20:00,1,67,67482,2,1,1,3,"PRESIDENT WILSON (BOULEVARD)","48,5891000","7,7405000",202000025121,154 698 015,A01,1,1,0,2,3,11,5,NULL,202000025121,154 698 016,B01,1,1,1,2,1981,0,1,0,-1,-1," -1",-1,202000025121,4,"PRESIDENT WILSON (BOULEVARD)",0,NULL,2,2,3,1,0,0,1,NULL," -1",1,0,1,50
202000027669,5,6,2020,20:35:00,1,75,75120,2,1,2,7,"AVENUE DE LA PORTE DE BAGNOLET","48,8649100","2,4107770",202000027669,154 693 617,A01,2,1,0,0,1,7,5,NULL,202000027669,154 693 617,A01,1,1,4,1,1992,5,8,0,-1,0,0,-1,202000027669,4,NULL,0,NULL,2,4,3,2,0,0,1,NULL," -1",2,-1,6,50
202000027961,15,12,2020,14:15:00,1,49,49007,2,1,2,3,"COUBERTIN BOULEVARD","47,4644800"," -0,5316100",202000027961,154 693 099,Y01,0,1,0,2,7,0,5,NULL,202000027961,154 693 099,Y01,1,1,4,2,1953,0,8,0,-1,-1," -1",-1,202000027961,4,NULL,0,NULL,2,2,2,1,1,0,1,NULL," -1",2,0,1,50
202000027961,15,12,2020,14:15:00,1,49,49007,2,1,2,3,"COUBERTIN BOULEVARD","47,4644800"," -0,5316100",202000027961,154 693 099,Y01,0,1,0,2,7,0,5,NULL,202000027961,154 693 100,A01,1,1,1,2,1972,0,1,4,-1,-1," -1",-1,202000027961,4,NULL,0,NULL,2,2,2,1,1,0,1,NULL," -1",2,0,1,50
202000027961,15,12,2020,14:15:00,1,49,49007,2,1,2,3,"COUBERTIN BOULEVARD","47,4644800"," -0,5316100",202000027961,154 693 099,Y01,0,1,0,2,7,0,5,NULL,202000027961,154 693 100,A01,2,2,1,2,1968,0,1,4,-1,-1," -1",-1,202000027961,4,NULL,0,NULL,2,2,2,1,1,0,1,NULL," -1",2,0,1,50
202000029637,1,10,2020,21:20:00,5,75,75107,2,2,8,3,"PONT ALEXANDRE III","48,8628280","2,3134660",202000029637,154 690 172,B01,2,1,0,2,7,1,5,NULL,202000029637,154 690 170,A01,1,1,1,1,1982,9,1,0,-1,0,0,-1,202000029637,4,NULL,0,NULL,2,5,1,1,0,0,1,NULL," -1",1,-1,5,50
202000029637,1,10,2020,21:20:00,5,75,75107,2,2,8,3,"PONT ALEXANDRE III","48,8628280","2,3134660",202000029637,154 690 172,B01,2,1,0,2,7,1,5,NULL,202000029637,154 690 172,B01,1,1,4,1,1962,1,2,0,-1,0,0,-1,202000029637,4,NULL,0,NULL,2,5,1,1,0,0,1,NULL," -1",1,-1,5,50
202000029988,13,12,2020,10:35:00,1,59,59378,2,6,1,3,"NATIONALE RUE","50,6629160","3,0750510",202000029988,154 689 553,B01,3,1,0,2,2,16,0,NULL,202000029988,154 689 553,B01,1,1,4,1,1979,0,8,0,-1,-1," -1",-1,202000029988,7,617,0,NULL,1,3,1,2,(1),(1),2,NULL," -1",2,5,1,50
202000029988,13,12,2020,10:35:00,1,59,59378,2,6,1,3,"NATIONALE RUE","50,6629160","3,0750510",202000029988,154 689 553,B01,3,1,0,2,2,16,0,NULL,202000029988,154 689 554,A01,1,1,1,2,1948,9,1,0,-1,-1," -1",-1,202000029988,7,617,0,NULL,1,3,1,2,(1),(1),2,NULL," -1",2,5,1,50
202000032287,5,7,2020,12:00:00,1,68,68343,1,1,1,1,"Chemin Rural","47,8697550","7,3023140",202000032287,154 685 636,A01,3,1,0,0,4,13,5,NULL,202000032287,154 685 635,B01,1,1,3,1,1954,5,2,-1,-1,0,0,-1,202000032287,9,NULL,-1,NULL,-1,2,1,1,(1),(1),1,NULL," -1",1,0,5,-1
202000032287,5,7,2020,12:00:00,1,68,68343,1,1,1,1,"Chemin Rural","47,8697550","7,3023140",202000032287,154 685 635,B01,3,1,0,2,1,1,5,NULL,202000032287,154 685 635,B01,1,1,3,1,1954,5,2,-1,-1,0,0,-1,202000032287,9,NULL,-1,NULL,-1,2,1,1,(1),(1),1,NULL," -1",1,0,5,-1
202000032287,5,7,2020,12:00:00,1,68,68343,1,1,1,1,"Chemin Rural","47,8697550","7,3023140",202000032287,154 685 636,A01,3,1,0,0,4,13,5,NULL,202000032287,154 685 636,A01,1,1,1,1,2014,5,2,-1,-1,0,0,-1,202000032287,9,NULL,-1,NULL,-1,2,1,1,(1),(1),1,NULL," -1",1,0,5,-1
202000032287,5,7,2020,12:00:00,1,68,68343,1,1,1,1,"Chemin Rural","47,8697550","7,3023140",202000032287,154 685 635,B01,3,1,0,2,1,1,5,NULL,202000032287,154 685 636,A01,1,1,1,1,2014,5,2,-1,-1,0,0,-1,202000032287,9,NULL,-1,NULL,-1,2,1,1,(1),(1),1,NULL," -1",1,0,5,-1
202000032372,26,2,2020,09:50:00,1,44,44109,2,1,1,3,"BOULEVARD DE CARDIFF","47,1990700"," -1,5830400",202000032372,154 685 504,B01,1,1,0,2,8,19,5,NULL,202000032372,154 685 503,A01,1,1,1,1,1994,0,1,0,-1,-1," -1",-1,202000032372,4,NULL,0,NULL,2,0,0,1,0,0,1,NULL," -1",1,0,1,50
202000032372,26,2,2020,09:50:00,1,44,44109,2,1,1,3,"BOULEVARD DE CARDIFF","47,1990700"," -1,5830400",202000032372,154 685 504,B01,1,1,0,2,8,19,5,NULL,202000032372,154 685 504,B01,1,1,3,2,1997,0,8,0,-1,0,0,-1,202000032372,4,NULL,0,NULL,2,0,0,1,0,0,1,NULL," -1",1,0,1,50
202000032812,3,9,2020,13:20:00,1,75,75108,2,3,1,-1,"RUE DE CONSTANTINOPLE","48,8806790","2,3182390",202000032812,154 684 774,B01,1,1,0,2,1,1,5,NULL,202000032812,154 684 773,A01,1,1,1,1,1970,9,1,0,-1,0,0,-1,202000032812,4,NULL,0,NULL,1,0,0,1,0,0,1,NULL," -1",1,0,1,50
202000032812,3,9,2020,13:20:00,1,75,75108,2,3,1,-1,"RUE DE CONSTANTINOPLE","48,8806790","2,3182390",202000032812,154 684 774,B01,1,1,0,2,1,1,5,NULL,202000032812,154 684 774,B01,2,2,4,1,2012,9,2,0,-1,0,0,-1,202000032812,4,NULL,0,NULL,1,0,0,1,0,0,1,NULL," -1",1,0,1,50
202000032812,3,9,2020,13:20:00,1,75,75108,2,3,1,-1,"RUE DE CONSTANTINOPLE","48,8806790","2,3182390",202000032812,154 684 774,B01,1,1,0,2,1,1,5,NULL,202000032812,154 684 774,B01,1,1,4,2,1975,9,2,0,-1,0,0,-1,202000032812,4,NULL,0,NULL,1,0,0,1,0,0,1,NULL," -1",1,0,1,50
202000033614,31,5,2020,15:30:00,1,18,18033,2,1,7,3,"AURON (PONT D')","47,0794600","2,3900000",202000033614,154 683 345,B01,1,1,0,2,2,19,6,NULL,202000033614,154 683 345,B01,1,1,3,1,1948,0,8,0,-1,-1," -1",-1,202000033614,4,"AURON (PONT D')",0,NULL,1,2,1,1,(1),(1),1,NULL," -1",1,0,1,50
202000033614,31,5,2020,15:30:00,1,18,18033,2,1,7,3,"AURON (PONT D')","47,0794600","2,3900000",202000033614,154 683 345,B01,1,1,0,2,2,19,6,NULL,202000033614,154 683 346,A01,1,1,1,1,1941,0,1,0,-1,-1," -1",-1,202000033614,4,"AURON (PONT D')",0,NULL,1,2,1,1,(1),(1),1,NULL," -1",1,0,1,50
202000034134,3,7,2020,17:50:00,1,59,59636,2,6,1,3,"MARQUETTE RUE DE","50,6849124","3,0608685",202000034134,154 682 436,B01,3,1,0,2,8,0,5,NULL,202000034134,154 682 435,A01,1,1,4,1,2001,0,2,6,-1,-1," -1",-1,202000034134,7,108,0,NULL,1,2,0,1,(1),(1),3,NULL," -1",1,0,8,50
202000034134,3,7,2020,17:50:00,1,59,59636,2,6,1,3,"MARQUETTE RUE DE","50,6849124","3,0608685",202000034134,154 682 436,B01,3,1,0,2,8,0,5,NULL,202000034134,154 682 436,B01,1,1,4,2,1972,0,8,0,-1,-1," -1",-1,202000034134,7,108,0,NULL,1,2,0,1,(1),(1),3,NULL," -1",1,0,8,50
202000034993,31,7,2020,11:10:00,1,44,44195,2,6,1,3,"Le Bas Matz","47,3705050"," -1,9518700",202000034993,154 680 919,B01,1,1,0,2,1,1,0,NULL,202000034993,154 680 919,B01,1,1,3,1,1974,5,2,-1,-1,0,0,-1,202000034993,3,93,0,NULL,2,2,0,1,23,300,1,NULL," -1",1,0,1,50
202000034993,31,7,2020,11:10:00,1,44,44195,2,6,1,3,"Le Bas Matz","47,3705050"," -1,9518700",202000034993,154 680 919,B01,1,1,0,2,1,1,0,NULL,202000034993,154 680 921,A01,1,1,1,1,1970,5,1,-1,-1,0,0,-1,202000034993,3,93,0,NULL,2,2,0,1,23,300,1,NULL," -1",1,0,1,50
202000035022,28,9,2020,16:30:00,1,75,75110,2,1,1,2,"BOULEVARD DE LA VILLETTE","48,8731590","2,3755690",202000035022,154 680 874,B01,2,1,0,2,3,1,5,NULL,202000035022,154 680 872,A01,1,1,1,1,1966,9,8,0,-1,0,0,-1,202000035022,4,NULL,0,NULL,1,2,1,1,0,0,1,NULL," -1",1,-1,5,50
202000035022,28,9,2020,16:30:00,1,75,75110,2,1,1,2,"BOULEVARD DE LA VILLETTE","48,8731590","2,3755690",202000035022,154 680 874,B01,2,1,0,2,3,1,5,NULL,202000035022,154 680 872,A01,2,2,1,1,1960,9,8,0,-1,0,0,-1,202000035022,4,NULL,0,NULL,1,2,1,1,0,0,1,NULL," -1",1,-1,5,50
202000035022,28,9,2020,16:30:00,1,75,75110,2,1,1,2,"BOULEVARD DE LA VILLETTE","48,8731590","2,3755690",202000035022,154 680 874,B01,2,1,0,2,3,1,5,NULL,202000035022,154 680 874,B01,1,1,4,1,1965,9,8,0,-1,0,0,-1,202000035022,4,NULL,0,NULL,1,2,1,1,0,0,1,NULL," -1",1,-1,5,50
202000035927,8,12,2020,17:25:00,5,67,67482,2,4,8,3,"BORDEAUX (PLACE DE)","48,5937041","7,7585271",202000035927,154 679 247,A01,1,1,0,2,8,1,5,NULL,202000035927,154 679 245,B01,1,1,1,1,1989,0,1,8,-1,-1," -1",-1,202000035927,4,NULL,0,NULL,2,3,3,1,0,0,1,NULL," -1",1,0,1,50
202000035927,8,12,2020,17:25:00,5,67,67482,2,4,8,3,"BORDEAUX (PLACE DE)","48,5937041","7,7585271",202000035927,154 679 247,A01,1,1,0,2,8,1,5,NULL,202000035927,154 679 247,A01,1,1,3,1,1965,4,8,0,-1,-1," -1",-1,202000035927,4,NULL,0,NULL,2,3,3,1,0,0,1,NULL," -1",1,0,1,50
202000038789,8,1,2020,07:45:00,5,35,35238,2,2,2,3,"PARIS (RUE DE)","48,1124700"," -1,6662100",202000038789,154 674 188,B01,2,1,0,2,1,1,5,NULL,202000038789,154 674 188,B01,1,1,4,1,1994,0,8,0,-1,-1,0,-1,202000038789,4,"PARIS (RUE DE)",0,NULL,2,2,1,1,0,0,1,NULL," -1",2,5,1,30
202000038789,8,1,2020,07:45:00,5,35,35238,2,2,2,3,"PARIS (RUE DE)","48,1124700"," -1,6662100",202000038789,154 674 188,B01,2,1,0,2,1,1,5,NULL,202000038789,154 674 189,A01,1,1,1,1,1945,0,1,8,-1,-1,0,-1,202000038789,4,"PARIS (RUE DE)",0,NULL,2,2,1,1,0,0,1,NULL," -1",2,5,1,30
202000038954,28,5,2020,17:20:00,1,75,75120,2,3,1,3,"RUE DES PYRENEES","48,8504930","2,4064030",202000038954,154 673 894,B01,2,1,0,2,1,1,5,NULL,202000038954,154 673 894,B01,1,1,4,1,1993,5,8,0,-1,0,0,-1,202000038954,4,NULL,0,NULL,2,2,0,2,0,0,1,NULL," -1",1,0,1,50
202000038954,28,5,2020,17:20:00,1,75,75120,2,3,1,3,"RUE DES PYRENEES","48,8504930","2,4064030",202000038954,154 673 894,B01,2,1,0,2,1,1,5,NULL,202000038954,154 673 895,A01,1,1,1,1,1967,5,1,0,-1,0,0,-1,202000038954,4,NULL,0,NULL,2,2,0,2,0,0,1,NULL," -1",1,0,1,50
202000040379,29,8,2020,17:00:00,1,17,17336,2,2,1,3,"Rue des Grands Maurices","45,7692740"," -0,7181350",202000040379,154 671 409,B01,0,1,0,0,8,19,5,NULL,202000040379,154 671 409,B01,1,1,3,1,1973,5,2,-1,-1,0,0,-1,202000040379,4,NULL,-1,NULL,2,2,0,1,(1),(1),1,NULL," -1",1,0,1,50
202000040379,29,8,2020,17:00:00,1,17,17336,2,2,1,3,"Rue des Grands Maurices","45,7692740"," -0,7181350",202000040379,154 671 409,B01,0,1,0,0,8,19,5,NULL,202000040379,154 671 410,A01,1,1,1,1,1973,3,1,-1,-1,0,0,-1,202000040379,4,NULL,-1,NULL,2,2,0,1,(1),(1),1,NULL," -1",1,0,1,50
202000040379,29,8,2020,17:00:00,1,17,17336,2,2,1,3,"Rue des Grands Maurices","45,7692740"," -0,7181350",202000040379,154 671 409,B01,0,1,0,0,8,19,5,NULL,202000040379,154 671 410,A01,2,2,1,2,1968,3,1,-1,-1,0,0,-1,202000040379,4,NULL,-1,NULL,2,2,0,1,(1),(1),1,NULL," -1",1,0,1,50
202000040586,7,2,2020,10:00:00,1,75,75119,2,1,1,3,"RUE DE CRIMEE","48,8883670","2,3793960",202000040586,154 671 031,B01,2,1,0,2,0,15,5,NULL,202000040586,154 671 030,A01,1,1,1,1,1964,5,1,0,-1,0,0,-1,202000040586,4,NULL,0,NULL,1,1,1,1,159,0,1,NULL," -1",1,2,1,50
202000040586,7,2,2020,10:00:00,1,75,75119,2,1,1,3,"RUE DE CRIMEE","48,8883670","2,3793960",202000040586,154 671 031,B01,2,1,0,2,0,15,5,NULL,202000040586,154 671 031,B01,1,1,4,1,1972,1,2,0,-1,0,0,-1,202000040586,4,NULL,0,NULL,1,1,1,1,159,0,1,NULL," -1",1,2,1,50
202000041300,26,7,2020,16:40:00,1,80,80021,2,1,1,3,"ILE DE FRANCE (RUE DE L')","49,9140100","2,2462700",202000041300,154 669 770,B01,0,1,0,2,1,15,5,NULL,202000041300,154 669 770,B01,1,1,1,1,2007,0,8,0,-1,-1," -1",-1,202000041300,4,"ILE DE FRANCE (RUE DE L')",0,NULL,2,2,0,3,0,0,1,NULL," -1",1,0,1,50
202000041300,26,7,2020,16:40:00,1,80,80021,2,1,1,3,"ILE DE FRANCE (RUE DE L')","49,9140100","2,2462700",202000041300,154 669 770,B01,0,1,0,2,1,15,5,NULL,202000041300,154 669 770,B01,2,2,4,1,2008,0,8,0,-1,-1," -1",-1,202000041300,4,"ILE DE FRANCE (RUE DE L')",0,NULL,2,2,0,3,0,0,1,NULL," -1",1,0,1,50
202000041300,26,7,2020,16:40:00,1,80,80021,2,1,1,3,"ILE DE FRANCE (RUE DE L')","49,9140100","2,2462700",202000041300,154 669 770,B01,0,1,0,2,1,15,5,NULL,202000041300,154 669 772,A01,1,1,1,1,1995,0,1,0,-1,-1," -1",-1,202000041300,4,"ILE DE FRANCE (RUE DE L')",0,NULL,2,2,0,3,0,0,1,NULL," -1",1,0,1,50
202000042439,22,9,2020,17:30:00,1,67,67482,2,1,1,1,"GERSTHEIM (RUE DE)","48,5667000","7,7810200",202000042439,154 667 703,B01,2,1,0,2,0,0,5,NULL,202000042439,154 667 703,B01,1,1,4,1,2015,5,8,0,-1,-1," -1",-1,202000042439,4,"GERSTHEIM (RUE DE)",0,NULL,2,2,0,1,0,0,3,NULL," -1",1,0,1,50
202000042439,22,9,2020,17:30:00,1,67,67482,2,1,1,1,"GERSTHEIM (RUE DE)","48,5667000","7,7810200",202000042439,154 667 703,B01,2,1,0,2,0,0,5,NULL,202000042439,154 667 704,A01,1,1,1,1,1987,0,1,8,-1,-1," -1",-1,202000042439,4,"GERSTHEIM (RUE DE)",0,NULL,2,2,0,1,0,0,3,NULL," -1",1,0,1,50
202000042676,27,7,2020,06:45:00,1,988,98818,2,1,1,1,"PROMENADE PIERRE VERNIER"," -22,2927000","166,4592700",202000042676,154 667 291,B01,3,1,0,2,1,1,5,NULL,202000042676,154 667 290,A01,1,1,4,1,1942,5,2,8,-1,-1," -1",-1,202000042676,4,622,0,NULL,2,2,1,1,0,0,3,NULL," -1",1,9,5,50
202000042676,27,7,2020,06:45:00,1,988,98818,2,1,1,1,"PROMENADE PIERRE VERNIER"," -22,2927000","166,4592700",202000042676,154 667 290,A01,3,1,0,2,1,1,5,NULL,202000042676,154 667 290,A01,1,1,4,1,1942,5,2,8,-1,-1," -1",-1,202000042676,4,622,0,NULL,2,2,1,1,0,0,3,NULL," -1",1,9,5,50
202000042676,27,7,2020,06:45:00,1,988,98818,2,1,1,1,"PROMENADE PIERRE VERNIER"," -22,2927000","166,4592700",202000042676,154 667 291,B01,3,1,0,2,1,1,5,NULL,202000042676,154 667 291,B01,1,1,3,1,1964,5,2,8,-1,-1," -1",-1,202000042676,4,622,0,NULL,2,2,1,1,0,0,3,NULL," -1",1,9,5,50
202000042676,27,7,2020,06:45:00,1,988,98818,2,1,1,1,"PROMENADE PIERRE VERNIER"," -22,2927000","166,4592700",202000042676,154 667 290,A01,3,1,0,2,1,1,5,NULL,202000042676,154 667 291,B01,1,1,3,1,1964,5,2,8,-1,-1," -1",-1,202000042676,4,622,0,NULL,2,2,1,1,0,0,3,NULL," -1",1,9,5,50
202000043194,27,6,2020,00:15:00,5,75,75117,2,4,2,3,"RUE GUY MOQUET","48,8921950","2,3235800",202000043194,154 666 335,B01,1,1,0,2,1,1,5,NULL,202000043194,154 666 334,A01,1,1,1,1,1981,3,8,0,-1,0,0,-1,202000043194,4,NULL,0,NULL,2,2,0,1,0,0,1,NULL," -1",2,0,1,30
202000043194,27,6,2020,00:15:00,5,75,75117,2,4,2,3,"RUE GUY MOQUET","48,8921950","2,3235800",202000043194,154 666 335,B01,1,1,0,2,1,1,5,NULL,202000043194,154 666 335,B01,1,1,4,1,1989,5,8,0,-1,0,0,-1,202000043194,4,NULL,0,NULL,2,2,0,1,0,0,1,NULL," -1",2,0,1,30
202000043420,25,5,2020,09:00:00,1,75,75108,2,2,1,3,"RUE LA BOETIE","48,8742070","2,3175330",202000043420,154 665 929,B01,1,1,0,2,3,7,5,NULL,202000043420,154 665 928,A01,1,1,1,1,1995,9,1,0,-1,0,0,-1,202000043420,4,NULL,0,NULL,1,3,3,1,0,0,1,NULL," -1",1,-1,6,50
202000043420,25,5,2020,09:00:00,1,75,75108,2,2,1,3,"RUE LA BOETIE","48,8742070","2,3175330",202000043420,154 665 929,B01,1,1,0,2,3,7,5,NULL,202000043420,154 665 929,B01,1,1,4,2,1994,1,2,0,-1,0,0,-1,202000043420,4,NULL,0,NULL,1,3,3,1,0,0,1,NULL," -1",1,-1,6,50
202000043468,23,10,2020,12:40:00,1,75,75118,2,1,1,7,"BOULEVARD NEY","48,8983690","2,3634470",202000043468,154 665 848,A01,2,1,0,0,0,1,5,NULL,202000043468,154 665 848,A01,1,1,4,2,1989,5,2,0,-1,0,0,-1,202000043468,4,NULL,0,NULL,2,4,1,1,0,0,1,NULL," -1",1,-1,5,50
202000043979,22,9,2020,09:05:00,1,75,75114,2,1,1,1,"AVENUE DE LA PORTE DE MONTROUGE","48,8214530","2,3216520",202000043979,154 664 959,B01,3,1,0,2,1,1,5,NULL,202000043979,154 664 959,B01,1,1,4,2,1977,1,8,0,-1,0,0,-1,202000043979,4,NULL,0,NULL,2,1,1,1,0,0,1,NULL," -1",1,-1,5,50
202000043979,22,9,2020,09:05:00,1,75,75114,2,1,1,1,"AVENUE DE LA PORTE DE MONTROUGE","48,8214530","2,3216520",202000043979,154 664 959,B01,3,1,0,2,1,1,5,NULL,202000043979,154 664 960,A01,1,1,1,1,2001,2,8,0,-1,0,0,-1,202000043979,4,NULL,0,NULL,2,1,1,1,0,0,1,NULL," -1",1,-1,5,50
202000044469,25,6,2020,17:19:00,1,974,97420,2,6,1,3,"Avenue Mahatma Gandhi"," -20,9271450","55,6318180",202000044469,154 664 078,A01,0,1,0,2,1,1,5,NULL,202000044469,154 664 077,B01,1,1,1,1,1952,0,1,-1,-1,0,0,-1,202000044469,2,2002,0,N,2,2,2,1,(1),(1),1,NULL," -1",1,0,1,50
202000044469,25,6,2020,17:19:00,1,974,97420,2,6,1,3,"Avenue Mahatma Gandhi"," -20,9271450","55,6318180",202000044469,154 664 078,A01,0,1,0,2,1,1,5,NULL,202000044469,154 664 078,A01,1,1,4,1,1971,1,2,-1,-1,0,0,-1,202000044469,2,2002,0,N,2,2,2,1,(1),(1),1,NULL," -1",1,0,1,50
202000008888,28,2,2020,19:00:00,5,37,37261,2,7,2,-1,"RABELAIS (PLACE)","47,3844262","0,6763303",202000008888,154 726 631,B01,1,1,0,2,8,1,5,NULL,202000008888,154 726 631,B01,1,1,4,2,1972,0,8,0,-1,-1," -1",-1,202000008888,4,NULL,0,NULL,3,3,0,1,0,0,1,NULL," -1",2,0,1,30
202000008888,28,2,2020,19:00:00,5,37,37261,2,7,2,-1,"RABELAIS (PLACE)","47,3844262","0,6763303",202000008888,154 726 631,B01,1,1,0,2,8,1,5,NULL,202000008888,154 726 632,A01,1,1,1,1,1970,0,1,0,-1,-1," -1",-1,202000008888,4,NULL,0,NULL,3,3,0,1,0,0,1,NULL," -1",2,0,1,30
202000009687,18,6,2020,16:20:00,1,60,60623,2,4,1,1,"Rue d'Hémécourt","49,5498301","1,8502810",202000009687,154 725 225,B01,0,1,0,2,8,5,5,NULL,202000009687,154 725 225,B01,1,1,3,1,2007,5,0,-1,-1,0,0,-1,202000009687,4,NULL,-1,NULL,2,2,0,1,(1),(1),1,NULL," -1",1,0,1,50
202000009687,18,6,2020,16:20:00,1,60,60623,2,4,1,1,"Rue d'Hémécourt","49,5498301","1,8502810",202000009687,154 725 225,B01,0,1,0,2,8,5,5,NULL,202000009687,154 725 226,A01,1,1,1,1,1991,1,1,-1,-1,0,0,-1,202000009687,4,NULL,-1,NULL,2,2,0,1,(1),(1),1,NULL," -1",1,0,1,50
202000009696,18,6,2020,22:05:00,5,83,83096,1,1,1,2,Dn7,"43,4702556","5,7758657",202000009696,154 725 203,B01,2,1,0,2,4,1,5,NULL,202000009696,154 725 203,B01,1,1,4,1,1961,1,8,-1,-1,0,0,-1,202000009696,3,7,-1,N,2,2,0,3,5,500,1,NULL," -1",1,0,1,80
202000009696,18,6,2020,22:05:00,5,83,83096,1,1,1,2,Dn7,"43,4702556","5,7758657",202000009696,154 725 203,B01,2,1,0,2,4,1,5,NULL,202000009696,154 725 204,A01,1,1,1,1,1988,5,8,-1,-1,0,0,-1,202000009696,3,7,-1,N,2,2,0,3,5,500,1,NULL," -1",1,0,1,80
202000009696,18,6,2020,22:05:00,5,83,83096,1,1,1,2,Dn7,"43,4702556","5,7758657",202000009696,154 725 203,B01,2,1,0,2,4,1,5,NULL,202000009696,154 725 204,A01,2,2,1,2,1990,5,8,-1,-1,0,0,-1,202000009696,3,7,-1,N,2,2,0,3,5,500,1,NULL," -1",1,0,1,80
202000009699,18,6,2020,17:30:00,1,80,80811,1,1,1,3,D417,"49,7614330","2,9945250",202000009699,154 725 197,A01,0,1,0,2,7,13,5,NULL,202000009699,154 725 197,A01,1,1,3,1,1951,0,0,-1,-1,0,0,-1,202000009699,3,D417,-1,NULL,2,2,0,1,(1),(1),1,NULL," -1",2,0,1,80
202000009699,18,6,2020,17:30:00,1,80,80811,1,1,1,3,D417,"49,7614330","2,9945250",202000009699,154 725 197,A01,0,1,0,2,7,13,5,NULL,202000009699,154 725 198,B01,1,1,1,2,1999,0,8,-1,-1,0,0,-1,202000009699,3,D417,-1,NULL,2,2,0,1,(1),(1),1,NULL," -1",2,0,1,80
202000009704,18,6,2020,16:30:00,1,25,25434,2,1,1,2,"RUE DE LA CORVÉE","47,1074330","6,1389540",202000009704,154 725 190,A01,3,1,1,2,1,2,5,NULL,202000009704,154 725 190,A01,1,1,4,1,1999,5,2,-1,-1,0,0,-1,202000009704,4,NULL,-1,NULL,2,2,0,1,(1),(1),1,NULL," -1",1,0,1,50