Num_Acc,jour,mois,an,hrmn,lum,dep,com,agg,int,atm,col,adr,lat,long,Num_Acc,id_vehicule,num_veh,senc,catv,obs,obsm,choc,manv,motor,occutc,Num_Acc,id_vehicule,num_veh,place,catu,grav,sexe,an_nais,trajet,secu1,secu2,secu3,locp,actp,etatp,Num_Acc,catr,voie,v1,v2,circ,nbv,vosp,prof,pr,pr1,plan,lartpc,larrout,surf,infra,situ,vma
202000038771,7,1,2020,10:25:00,1,56,56121,2,1,2,3,"MULLER ( DU COLONEL JEAN )","47,7663300"," -3,4012000",202000038771,154 674 218,B01,3,1,0,2,1,19,2,NULL,202000038771,154 674 216,A01,1,1,1,1,1995,5,1,8,-1,-1,0,-1,202000038771,4,"MULLER ( DU COLONEL JEAN )",0,NULL,3,4,0,2,0,0,1,NULL," -1",2,0,1,50
202000038771,7,1,2020,10:25:00,1,56,56121,2,1,2,3,"MULLER ( DU COLONEL JEAN )","47,7663300"," -3,4012000",202000038771,154 674 218,B01,3,1,0,2,1,19,2,NULL,202000038771,154 674 218,B01,1,1,4,1,1955,5,2,8,-1,-1,0,-1,202000038771,4,"MULLER ( DU COLONEL JEAN )",0,NULL,3,4,0,2,0,0,1,NULL," -1",2,0,1,50
202000039622,24,9,2020,14:30:00,1,14,14366,2,3,1,7,"HENRY CHERON (RUE)","49,1459600","0,2271700",202000039622,154 672 705,A01,3,1,15,0,1,21,5,NULL,202000039622,154 672 705,A01,1,1,3,1,1991,5,2,0,-1,-1," -1",-1,202000039622,4,NULL,0,NULL,-1,2,0,2,(1),(1),1,NULL," -1",1,0,8,30
202000039882,26,10,2020,08:45:00,1,75,75112,2,1,1,3,"AVENUE DAUMESNIL","48,8431240","2,3839860",202000039882,154 672 270,A01,2,1,0,2,1,1,5,NULL,202000039882,154 672 269,B01,1,1,1,1,1993,1,1,0,-1,0,0,-1,202000039882,4,NULL,0,NULL,2,4,0,1,0,0,1,NULL," -1",1,0,1,50
202000039882,26,10,2020,08:45:00,1,75,75112,2,1,1,3,"AVENUE DAUMESNIL","48,8431240","2,3839860",202000039882,154 672 270,A01,2,1,0,2,1,1,5,NULL,202000039882,154 672 270,A01,1,1,4,1,1983,1,2,0,-1,0,0,-1,202000039882,4,NULL,0,NULL,2,4,0,1,0,0,1,NULL," -1",1,0,1,50
202000040080,11,3,2020,13:35:00,1,80,80021,2,3,2,3,"GENERAL LECLERC (RUE DU )","49,8967200","2,2943300",202000040080,154 671 931,A01,0,1,0,2,0,25,5,NULL,202000040080,154 671 931,A01,1,1,4,1,1995,0,8,0,-1,0,0,-1,202000040080,4,"GENERAL LECLERC (RUE DU )",0,NULL,2,3,0,1,0,0,1,NULL," -1",2,0,1,30
202000040080,11,3,2020,13:35:00,1,80,80021,2,3,2,3,"GENERAL LECLERC (RUE DU )","49,8967200","2,2943300",202000040080,154 671 931,A01,0,1,0,2,0,25,5,NULL,202000040080,154 671 932,B01,1,1,1,1,1967,0,1,0,-1,0,0,-1,202000040080,4,"GENERAL LECLERC (RUE DU )",0,NULL,2,3,0,1,0,0,1,NULL," -1",2,0,1,30
202000040780,23,9,2020,18:15:00,1,74,74281,2,1,1,-1,"GENEVE (AVE DE) JUSQUE CROISEE ANTHY","46,3545624","6,4456523",202000040780,154 670 673,C01,1,1,0,0,7,19,5,NULL,202000040780,154 670 673,C01,1,1,3,2,1963,0,2,8,-1,-1," -1",-1,202000040780,3,"GENEVE (AVE DE) JUSQUE CROISEE ANTHY",0,NULL,2,2,0,1,1,500,1,NULL," -1",1,0,1,50
202000040780,23,9,2020,18:15:00,1,74,74281,2,1,1,-1,"GENEVE (AVE DE) JUSQUE CROISEE ANTHY","46,3545624","6,4456523",202000040780,154 670 673,C01,1,1,0,0,7,19,5,NULL,202000040780,154 670 675,A01,1,1,4,2,1958,5,1,0,-1,-1," -1",-1,202000040780,3,"GENEVE (AVE DE) JUSQUE CROISEE ANTHY",0,NULL,2,2,0,1,1,500,1,NULL," -1",1,0,1,50
202000040780,23,9,2020,18:15:00,1,74,74281,2,1,1,-1,"GENEVE (AVE DE) JUSQUE CROISEE ANTHY","46,3545624","6,4456523",202000040780,154 670 673,C01,1,1,0,0,7,19,5,NULL,202000040780,154 670 676,B01,1,1,3,1,1973,5,2,6,-1,-1," -1",-1,202000040780,3,"GENEVE (AVE DE) JUSQUE CROISEE ANTHY",0,NULL,2,2,0,1,1,500,1,NULL," -1",1,0,1,50
202000041129,29,7,2020,10:50:00,1,30,30346,1,3,1,3,"La Bégude Poulon (Restaurant)","43,9600620","4,5184030",202000041129,154 670 080,B01,1,1,0,2,3,1,5,NULL,202000041129,154 670 079,A01,1,1,1,1,1987,5,8,-1,-1,0,0,-1,202000041129,3,981,0,NULL,2,2,0,1,38,300,1,NULL," -1",9,5,1,80
202000041129,29,7,2020,10:50:00,1,30,30346,1,3,1,3,"La Bégude Poulon (Restaurant)","43,9600620","4,5184030",202000041129,154 670 080,B01,1,1,0,2,3,1,5,NULL,202000041129,154 670 080,B01,1,1,4,1,2003,5,2,-1,-1,0,0,-1,202000041129,3,981,0,NULL,2,2,0,1,38,300,1,NULL," -1",9,5,1,80
202000042169,5,2,2020,18:30:00,3,77,77186,1,1,1,3,"D606 de l'obélisque à limite MORET","48,3961716","2,7282894",202000042169,154 668 204,B01,2,1,0,2,3,2,5,NULL,202000042169,154 668 204,B01,1,1,4,1,1967,1,8,4,-1,-1,0,-1,202000042169,3,606,0,NULL,3,0,0,1,34,321,1,NULL,0,1,0,1,70
202000042169,5,2,2020,18:30:00,3,77,77186,1,1,1,3,"D606 de l'obélisque à limite MORET","48,3961716","2,7282894",202000042169,154 668 204,B01,2,1,0,2,3,2,5,NULL,202000042169,154 668 205,A01,1,1,1,1,1975,1,1,0,-1,-1,0,-1,202000042169,3,606,0,NULL,3,0,0,1,34,321,1,NULL,0,1,0,1,70
202000042220,11,3,2020,09:59:00,1,75,75107,2,2,1,3,"AVENUE DE LA MOTTE PICQUET","48,8572650","2,3099360",202000042220,154 668 106,A01,1,1,0,2,8,15,5,NULL,202000042220,154 668 106,A01,1,1,4,2,1977,1,8,0,-1,0,0,-1,202000042220,4,NULL,0,NULL,1,2,0,1,0,0,1,NULL," -1",1,0,1,30
202000042220,11,3,2020,09:59:00,1,75,75107,2,2,1,3,"AVENUE DE LA MOTTE PICQUET","48,8572650","2,3099360",202000042220,154 668 106,A01,1,1,0,2,8,15,5,NULL,202000042220,154 668 107,B01,1,1,4,1,1994,1,2,6,-1,0,0,-1,202000042220,4,NULL,0,NULL,1,2,0,1,0,0,1,NULL," -1",1,0,1,30
202000042878,24,9,2020,11:45:00,1,13,13073,2,4,1,3,"24 Route Nationale N 8 Bis","43,3853780","5,5594520",202000042878,154 666 931,A01,1,1,0,0,3,1,5,NULL,202000042878,154 666 931,A01,1,1,4,1,1950,5,2,-1,-1,0,0,-1,202000042878,3,7,0,NULL,3,2,0,3,5,500,1,NULL," -1",1,5,5,50
202000043116,30,5,2020,14:45:00,1,72,72289,1,1,1,3,antoigne,"48,1491380","0,1547530",202000043116,154 666 480,B01,1,1,0,2,7,1,5,NULL,202000043116,154 666 480,B01,1,1,1,1,1963,5,2,-1,-1,0,0,-1,202000043116,3,38,-1,NULL,2,2,0,3,(1),(1),2,NULL,5,1,0,1,80
202000043116,30,5,2020,14:45:00,1,72,72289,1,1,1,3,antoigne,"48,1491380","0,1547530",202000043116,154 666 480,B01,1,1,0,2,7,1,5,NULL,202000043116,154 666 481,A01,1,1,3,1,1983,5,2,-1,-1,0,0,-1,202000043116,3,38,-1,NULL,2,2,0,3,(1),(1),2,NULL,5,1,0,1,80
202000045648,24,7,2020,07:30:00,1,974,97416,2,1,1,3,"PASTEUR (RUE)"," -21,2829000","55,4725000",202000045648,154 662 055,B01,2,1,1,0,1,2,0,NULL,202000045648,154 662 053,A01,1,1,1,1,1997,1,1,8,-1,-1," -1",-1,202000045648,3,"PASTEUR (RUE)",0,NULL,2,2,0,1,1,320,1,NULL," -1",1,0,1,30
202000045648,24,7,2020,07:30:00,1,974,97416,2,1,1,3,"PASTEUR (RUE)"," -21,2829000","55,4725000",202000045648,154 662 055,B01,2,1,1,0,1,2,0,NULL,202000045648,154 662 055,B01,1,1,4,1,1991,1,2,8,-1,-1," -1",-1,202000045648,3,"PASTEUR (RUE)",0,NULL,2,2,0,1,1,320,1,NULL," -1",1,0,1,30
202000045854,21,9,2020,19:45:00,5,69,69389,2,1,1,2,"MARIETTON                           (R )","45,7750999","4,8066716",202000045854,154 661 694,A01,2,1,0,2,1,2,5,NULL,202000045854,154 661 694,A01,1,1,4,1,1998,4,8,0,-1,-1," -1",-1,202000045854,4,"MARIETTON                           (R )",0,NULL,2,2,0,1,0,0,1,NULL," -1",1,0,1,50
202000045854,21,9,2020,19:45:00,5,69,69389,2,1,1,2,"MARIETTON                           (R )","45,7750999","4,8066716",202000045854,154 661 694,A01,2,1,0,2,1,2,5,NULL,202000045854,154 661 695,B01,1,1,1,1,1988,0,1,0,-1,-1," -1",-1,202000045854,4,"MARIETTON                           (R )",0,NULL,2,2,0,1,0,0,1,NULL," -1",1,0,1,50
202000045856,21,9,2020,07:55:00,1,69,69149,2,1,1,3,"GRANDE RUE                          (GR)","45,7110800","4,8011800",202000045856,154 661 690,B01,2,1,0,2,1,1,6,NULL,202000045856,154 661 690,B01,1,1,4,1,1965,1,2,8,-1,-1," -1",-1,202000045856,4,"GRANDE RUE                          (GR)",0,NULL,2,2,2,2,0,0,1,NULL," -1",2,0,5,30
202000045856,21,9,2020,07:55:00,1,69,69149,2,1,1,3,"GRANDE RUE                          (GR)","45,7110800","4,8011800",202000045856,154 661 690,B01,2,1,0,2,1,1,6,NULL,202000045856,154 661 691,A01,1,1,1,1,1979,3,1,0,-1,-1," -1",-1,202000045856,4,"GRANDE RUE                          (GR)",0,NULL,2,2,2,2,0,0,1,NULL," -1",2,0,5,30
202000045999,20,9,2020,17:15:00,5,987,98745,1,1,1,5,Poutoru," -16,6308330"," -151,5040280",202000045999,154 661 424,A01,2,1,0,2,2,26,5,NULL,202000045999,154 661 424,A01,1,1,3,1,1998,5,0,-1,-1,0,0,-1,202000045999,4,RT1,0,NULL,2,2,0,2,23,100,2,NULL," -1",1,0,8,50
202000045999,20,9,2020,17:15:00,5,987,98745,1,1,1,5,Poutoru," -16,6308330"," -151,5040280",202000045999,154 661 424,A01,2,1,0,2,2,26,5,NULL,202000045999,154 661 425,C01,1,1,1,1,1977,1,8,-1,-1,0,0,-1,202000045999,4,RT1,0,NULL,2,2,0,2,23,100,2,NULL," -1",1,0,8,50
202000045999,20,9,2020,17:15:00,5,987,98745,1,1,1,5,Poutoru," -16,6308330"," -151,5040280",202000045999,154 661 424,A01,2,1,0,2,2,26,5,NULL,202000045999,154 661 426,B01,1,1,4,1,1993,5,2,-1,-1,0,0,-1,202000045999,4,RT1,0,NULL,2,2,0,2,23,100,2,NULL," -1",1,0,8,50
202000046242,22,6,2020,01:34:00,5,75,75106,2,1,1,1,"QUAI DE CONTI","48,8573260","2,3383290",202000046242,154 660 981,B01,2,1,0,2,1,1,5,NULL,202000046242,154 660 980,A01,1,1,4,1,1995,5,2,6,-1,0,0,-1,202000046242,4,NULL,0,NULL,1,2,1,1,0,0,2,NULL," -1",1,-1,5,50
202000046242,22,6,2020,01:34:00,5,75,75106,2,1,1,1,"QUAI DE CONTI","48,8573260","2,3383290",202000046242,154 660 981,B01,2,1,0,2,1,1,5,NULL,202000046242,154 660 980,A01,2,2,1,1,1998,9,2,0,-1,0,0,-1,202000046242,4,NULL,0,NULL,1,2,1,1,0,0,2,NULL," -1",1,-1,5,50
202000046242,22,6,2020,01:34:00,5,75,75106,2,1,1,1,"QUAI DE CONTI","48,8573260","2,3383290",202000046242,154 660 981,B01,2,1,0,2,1,1,5,NULL,202000046242,154 660 981,B01,1,1,4,1,1999,9,8,0,-1,0,0,-1,202000046242,4,NULL,0,NULL,1,2,1,1,0,0,2,NULL," -1",1,-1,5,50
202000046925,29,11,2020,15:20:00,1,25,25056,2,2,1,3,"DOLE RUE DE (sup 200)","47,2294300","5,9905600",202000046925,154 659 792,A01,1,1,0,2,2,26,5,NULL,202000046925,154 659 792,A01,1,1,4,1,1998,5,8,0,-1,-1," -1",-1,202000046925,4,NULL,0,NULL,2,2,1,1,(1),(1),1,NULL," -1",1,5,1,50
202000046925,29,11,2020,15:20:00,1,25,25056,2,2,1,3,"DOLE RUE DE (sup 200)","47,2294300","5,9905600",202000046925,154 659 792,A01,1,1,0,2,2,26,5,NULL,202000046925,154 659 794,B01,1,1,1,1,1970,0,1,0,-1,-1," -1",-1,202000046925,4,NULL,0,NULL,2,2,1,1,(1),(1),1,NULL," -1",1,5,1,50
202000047631,30,11,2020,18:55:00,5,67,67482,2,1,1,3,"4 Route d’Altenheim","48,5437845","7,7652556",202000047631,154 658 560,B01,1,1,0,2,2,1,5,NULL,202000047631,154 658 560,B01,1,1,4,1,1991,1,8,0,-1,-1," -1",-1,202000047631,4,NULL,0,NULL,2,2,0,1,0,0,1,NULL," -1",1,0,1,50
202000047631,30,11,2020,18:55:00,5,67,67482,2,1,1,3,"4 Route d’Altenheim","48,5437845","7,7652556",202000047631,154 658 560,B01,1,1,0,2,2,1,5,NULL,202000047631,154 658 561,A01,1,1,1,1,2004,0,1,0,-1,-1," -1",-1,202000047631,4,NULL,0,NULL,2,2,0,1,0,0,1,NULL," -1",1,0,1,50
202000011796,11,10,2020,15:53:00,1,49,49007,2,1,2,2,"PAUL BERT","47,4654500"," -0,5504700",202000011796,154 721 499,B01,3,1,0,2,0,0,5,NULL,202000011796,154 721 499,B01,1,1,4,2,1986,0,8,0,-1,-1," -1",-1,202000011796,4,NULL,0,NULL,2,2,0,1,1,0,1,NULL," -1",1,0,1,50
202000011796,11,10,2020,15:53:00,1,49,49007,2,1,2,2,"PAUL BERT","47,4654500"," -0,5504700",202000011796,154 721 499,B01,3,1,0,2,0,0,5,NULL,202000011796,154 721 500,A01,1,1,1,2,1993,0,1,0,-1,-1," -1",-1,202000011796,4,NULL,0,NULL,2,2,0,1,1,0,1,NULL," -1",1,0,1,50
202000012495,19,11,2020,13:15:00,1,69,69387,2,1,1,1,"GAMBETTA                            (CO)","45,7545900","4,8447500",202000012495,154 720 297,A01,2,1,0,2,1,13,5,NULL,202000012495,154 720 297,A01,1,1,4,1,1997,9,8,0,-1,-1," -1",-1,202000012495,4,NULL,0,NULL,2,4,1,1,0,0,1,NULL," -1",1,0,1,50
202000012495,19,11,2020,13:15:00,1,69,69387,2,1,1,1,"GAMBETTA                            (CO)","45,7545900","4,8447500",202000012495,154 720 297,A01,2,1,0,2,1,13,5,NULL,202000012495,154 720 298,B01,1,1,1,1,1985,1,1,0,-1,-1," -1",-1,202000012495,4,NULL,0,NULL,2,4,1,1,0,0,1,NULL," -1",1,0,1,50
202000012804,1,3,2020,11:00:00,1,34,34319,2,2,1,1,"Route de Fournols","43,5542400","3,3002700",202000012804,154 719 767,B01,2,1,0,2,8,1,5,NULL,202000012804,154 719 765,A01,2,2,1,1,1948,5,1,-1,-1,0,0,-1,202000012804,3,125,-1,E,2,2,0,2,0,423,3,NULL," -1",1,0,1,50
202000012804,1,3,2020,11:00:00,1,34,34319,2,2,1,1,"Route de Fournols","43,5542400","3,3002700",202000012804,154 719 767,B01,2,1,0,2,8,1,5,NULL,202000012804,154 719 765,A01,1,1,1,2,1978,5,1,-1,-1,0,0,-1,202000012804,3,125,-1,E,2,2,0,2,0,423,3,NULL," -1",1,0,1,50
202000012804,1,3,2020,11:00:00,1,34,34319,2,2,1,1,"Route de Fournols","43,5542400","3,3002700",202000012804,154 719 767,B01,2,1,0,2,8,1,5,NULL,202000012804,154 719 767,B01,1,1,3,1,1972,5,2,-1,-1,0,0,-1,202000012804,3,125,-1,E,2,2,0,2,0,423,3,NULL," -1",1,0,1,50
202000014134,24,12,2020,13:45:00,1,91,91434,2,6,3,3,"CORBEIL (ROUTE DE)","48,6620600","2,3406300",202000014134,154 717 442,B01,0,1,0,2,0,0,5,NULL,202000014134,154 717 442,B01,1,1,4,2,1976,4,2,0,-1,-1," -1",-1,202000014134,3,117,0,NULL,1,2,0,1,0,0,2,NULL," -1",2,0,1,50
202000014134,24,12,2020,13:45:00,1,91,91434,2,6,3,3,"CORBEIL (ROUTE DE)","48,6620600","2,3406300",202000014134,154 717 442,B01,0,1,0,2,0,0,5,NULL,202000014134,154 717 443,A01,1,1,1,1,1965,0,1,0,-1,-1," -1",-1,202000014134,3,117,0,NULL,1,2,0,1,0,0,2,NULL," -1",2,0,1,50
202000014232,25,12,2020,19:45:00,5,988,98805,2,1,1,3,"Avenue d'Auteuil"," -22,2054790","166,4766780",202000014232,154 717 280,B01,3,1,0,2,7,19,5,NULL,202000014232,154 717 279,A01,1,1,1,1,1960,5,1,-1,-1,0,0,-1,202000014232,4,4,0,NULL,2,2,0,1,(1),(1),3,NULL," -1",1,0,1,30
202000014232,25,12,2020,19:45:00,5,988,98805,2,1,1,3,"Avenue d'Auteuil"," -22,2054790","166,4766780",202000014232,154 717 280,B01,3,1,0,2,7,19,5,NULL,202000014232,154 717 280,B01,1,1,3,1,2013,5,0,-1,-1,0,0,-1,202000014232,4,4,0,NULL,2,2,0,1,(1),(1),3,NULL," -1",1,0,1,30
202000014851,14,7,2020,13:45:00,1,33,33009,2,1,1,3,"GAMBETTA (AVE) DU 01 AU 35","44,6623500"," -1,1685400",202000014851,154 716 235,B01,2,1,0,2,8,1,5,NULL,202000014851,154 716 235,B01,1,1,4,2,1987,5,8,-1,-1,-1," -1",-1,202000014851,4,"GAMBETTA (AVE) DU 01 AU 35",0,NULL,1,1,0,1,(1),(1),1,NULL," -1",1,0,1,30
202000014851,14,7,2020,13:45:00,1,33,33009,2,1,1,3,"GAMBETTA (AVE) DU 01 AU 35","44,6623500"," -1,1685400",202000014851,154 716 235,B01,2,1,0,2,8,1,5,NULL,202000014851,154 716 237,A01,1,1,1,2,1927,5,1,-1,-1,-1," -1",-1,202000014851,4,"GAMBETTA (AVE) DU 01 AU 35",0,NULL,1,1,0,1,(1),(1),1,NULL," -1",1,0,1,30
202000015621,13,8,2020,17:30:00,1,69,69386,2,3,2,1,"MARECHAL LYAUTEY (DU)               (PL)","45,7693000","4,8411000",202000015621,154 714 810,A01,2,1,0,2,1,1,5,NULL,202000015621,154 714 810,A01,1,1,4,1,1992,5,8,0,-1,-1," -1",-1,202000015621,4,"MARECHAL LYAUTEY (DU)               (PL)",0,NULL,1,2,0,2,(1),(1),2,NULL," -1",2,0,1,50
202000015621,13,8,2020,17:30:00,1,69,69386,2,3,2,1,"MARECHAL LYAUTEY (DU)               (PL)","45,7693000","4,8411000",202000015621,154 714 810,A01,2,1,0,2,1,1,5,NULL,202000015621,154 714 811,B01,1,1,1,1,1961,0,1,0,-1,-1," -1",-1,202000015621,4,"MARECHAL LYAUTEY (DU)               (PL)",0,NULL,1,2,0,2,(1),(1),2,NULL," -1",2,0,1,50
202000015668,10,8,2020,22:05:00,1,22,22360,2,1,1,2,"FONTENELLE (RUE DE LA)","48,4956400"," -2,7363900",202000015668,154 714 731,A01,1,1,0,2,4,15,5,NULL,202000015668,154 714 731,A01,1,1,4,1,2004,1,8,0,-1,-1," -1",-1,202000015668,4,"FONTENELLE (RUE DE LA)",0,NULL,2,2,0,2,1,0,1,NULL," -1",1,0,1,50
202000015668,10,8,2020,22:05:00,1,22,22360,2,1,1,2,"FONTENELLE (RUE DE LA)","48,4956400"," -2,7363900",202000015668,154 714 731,A01,1,1,0,2,4,15,5,NULL,202000015668,154 714 732,Z01,1,1,1,1,1951,5,8,-1,-1,0,0,-1,202000015668,4,"FONTENELLE (RUE DE LA)",0,NULL,2,2,0,2,1,0,1,NULL," -1",1,0,1,50
202000016109,23,12,2020,17:00:00,1,06,06128,1,1,1,1,"Route de Cagnes","43,6914560","7,1300410",202000016109,154 713 924,B01,0,1,0,2,0,0,5,NULL,202000016109,154 713 923,A01,1,1,1,2,1956,3,1,-1,-1,0,0,-1,202000016109,3,36,0,NULL,3,4,0,2,6,25,2,NULL," -1",1,0,3,70
202000016109,23,12,2020,17:00:00,1,06,06128,1,1,1,1,"Route de Cagnes","43,6914560","7,1300410",202000016109,154 713 924,B01,0,1,0,2,0,0,5,NULL,202000016109,154 713 924,B01,1,1,2,1,1957,5,2,6,-1,0,0,-1,202000016109,3,36,0,NULL,3,4,0,2,6,25,2,NULL," -1",1,0,3,70
202000019309,11,6,2020,07:40:00,2,93,93048,2,2,1,3,"CAILLOTS (RUE DES)","48,8648880","2,4394860",202000019309,154 708 256,B01,2,1,0,2,8,1,5,NULL,202000019309,154 708 255,A01,1,1,1,1,1972,1,1,0,-1,-1," -1",-1,202000019309,4,"CAILLOTS (RUE DES)",0,NULL,1,2,1,2,1,0,1,NULL," -1",1,0,1,50
202000019309,11,6,2020,07:40:00,2,93,93048,2,2,1,3,"CAILLOTS (RUE DES)","48,8648880","2,4394860",202000019309,154 708 256,B01,2,1,0,2,8,1,5,NULL,202000019309,154 708 256,B01,1,1,4,1,1975,1,2,0,-1,-1," -1",-1,202000019309,4,"CAILLOTS (RUE DES)",0,NULL,1,2,1,2,1,0,1,NULL," -1",1,0,1,50
202000019728,6,8,2020,18:45:00,1,19,19057,1,1,1,7,"Départementale 38","45,0575160","1,6638330",202000019728,154 707 495,A01,2,1,0,0,0,1,5,NULL,202000019728,154 707 495,A01,1,1,3,1,1949,5,0,-1,-1,0,0,-1,202000019728,3,38,-1,NULL,2,2,0,4,14,0,2,NULL," -1",1,0,1,90
202000021423,9,8,2020,10:40:00,1,33,33529,1,4,1,1,"BISCAROSSE (AVE) DUNE VERS BISCA","44,5745800"," -1,2161600",202000021423,154 704 512,B01,1,1,0,2,1,1,5,NULL,202000021423,154 704 511,A01,1,1,1,1,1944,0,2,-1,-1,-1," -1",-1,202000021423,3,804,0,NULL,2,2,-1,2,26,960,1,NULL," -1",1,-1,5,30
202000021423,9,8,2020,10:40:00,1,33,33529,1,4,1,1,"BISCAROSSE (AVE) DUNE VERS BISCA","44,5745800"," -1,2161600",202000021423,154 704 512,B01,1,1,0,2,1,1,5,NULL,202000021423,154 704 512,B01,1,1,4,1,1969,0,8,-1,-1,-1," -1",-1,202000021423,3,804,0,NULL,2,2,-1,2,26,960,1,NULL," -1",1,-1,5,30
202000024348,18,1,2020,20:00:00,5,75,75108,2,7,1,3,"PLACE DE LA CONCORDE","48,8658780","2,3220300",202000024348,154 699 418,B01,1,1,0,2,3,1,5,NULL,202000024348,154 699 417,A01,1,1,1,1,1956,5,1,0,-1,0,0,-1,202000024348,4,NULL,0,NULL,3,8,0,1,0,0,1,NULL,24,1,0,1,50
202000024348,18,1,2020,20:00:00,5,75,75108,2,7,1,3,"PLACE DE LA CONCORDE","48,8658780","2,3220300",202000024348,154 699 418,B01,1,1,0,2,3,1,5,NULL,202000024348,154 699 418,B01,1,1,4,1,1971,1,8,2,-1,0,0,-1,202000024348,4,NULL,0,NULL,3,8,0,1,0,0,1,NULL,24,1,0,1,50
202000024823,9,9,2020,15:00:00,1,08,08486,2,1,1,7,"74 Rue Carnot","50,0877240","4,7165850",202000024823,154 698 564,A01,3,1,0,0,0,1,5,NULL,202000024823,154 698 564,A01,1,1,2,1,1946,5,0,-1,-1,0,0,-1,202000024823,4,NULL,-1,NULL,2,2,0,3,(1),(1),1,NULL," -1",1,0,1,50
202000025385,6,11,2020,12:10:00,1,49,49328,2,6,1,1,"CARROUSEL (ROND-POINT DU)","47,2656900"," -0,0945100",202000025385,154 697 549,B01,3,1,0,2,1,1,5,NULL,202000025385,154 697 549,B01,1,1,3,1,1969,1,8,0,-1,-1," -1",-1,202000025385,3,161,0,NULL,2,2,1,1,0,0,3,NULL," -1",1,3,5,50
202000025385,6,11,2020,12:10:00,1,49,49328,2,6,1,1,"CARROUSEL (ROND-POINT DU)","47,2656900"," -0,0945100",202000025385,154 697 549,B01,3,1,0,2,1,1,5,NULL,202000025385,154 697 550,A01,1,1,1,1,2003,2,2,6,-1,-1," -1",-1,202000025385,3,161,0,NULL,2,2,1,1,0,0,3,NULL," -1",1,3,5,50
202000025567,6,6,2020,18:50:00,1,74,74159,2,3,2,1,"423 Route de Saxel","45,9915320","6,6233930",202000025567,154 697 251,B01,3,1,0,2,1,26,5,NULL,202000025567,154 697 243,A01,1,1,1,1,1993,5,1,-1,-1,0,0,-1,202000025567,4,415,0,V,-1,2,0,2,0,0,1,NULL," -1",2,0,1,-1
202000025567,6,6,2020,18:50:00,1,74,74159,2,3,2,1,"423 Route de Saxel","45,9915320","6,6233930",202000025567,154 697 251,B01,3,1,0,2,1,26,5,NULL,202000025567,154 697 251,B01,1,1,3,2,1989,5,0,-1,-1,0,0,-1,202000025567,4,415,0,V,-1,2,0,2,0,0,1,NULL," -1",2,0,1,-1
202000025870,14,4,2020,16:10:00,1,03,03084,2,9,1,7,"Route d’Herisson","46,4741217","2,8234217",202000025870,154 696 743,A01,1,1,0,0,1,0,5,NULL,202000025870,154 696 743,A01,1,1,4,1,1983,1,0,-1,-1,0,0,-1,202000025870,3,11,-1,NULL,2,2,0,2,27,278,1,NULL," -1",1,0,1,80
202000026382,7,7,2020,18:40:00,1,75,75117,2,2,1,1,"RUE FOURCROY","48,8804510","2,2964520",202000026382,154 695 840,B01,2,1,0,2,1,1,5,NULL,202000026382,154 695 840,B01,1,1,4,1,1968,1,2,0,-1,0,0,-1,202000026382,4,NULL,0,NULL,1,1,1,1,0,0,1,NULL," -1",1,-1,5,30
202000026508,7,7,2020,14:10:00,1,83,83069,2,1,1,3,"ALMANARRE (ROUTE DE L')","43,0847500","6,1116900",202000026508,154 695 619,A01,2,1,0,9,8,26,6,NULL,202000026508,154 695 618,B01,1,1,1,1,1970,0,2,8,-1,-1," -1",-1,202000026508,4,NC,0,NULL,2,2,1,2,0,0,4,NULL," -1",1,0,5,50
202000026508,7,7,2020,14:10:00,1,83,83069,2,1,1,3,"ALMANARRE (ROUTE DE L')","43,0847500","6,1116900",202000026508,154 695 618,B01,1,1,0,9,7,26,6,NULL,202000026508,154 695 618,B01,1,1,1,1,1970,0,2,8,-1,-1," -1",-1,202000026508,4,NC,0,NULL,2,2,1,2,0,0,4,NULL," -1",1,0,5,50
202000026508,7,7,2020,14:10:00,1,83,83069,2,1,1,3,"ALMANARRE (ROUTE DE L')","43,0847500","6,1116900",202000026508,154 695 619,A01,2,1,0,9,8,26,6,NULL,202000026508,154 695 619,A01,1,1,3,1,1995,9,2,8,-1,-1," -1",-1,202000026508,4,NC,0,NULL,2,2,1,2,0,0,4,NULL," -1",1,0,5,50
202000026508,7,7,2020,14:10:00,1,83,83069,2,1,1,3,"ALMANARRE (ROUTE DE L')","43,0847500","6,1116900",202000026508,154 695 618,B01,1,1,0,9,7,26,6,NULL,202000026508,154 695 619,A01,1,1,3,1,1995,9,2,8,-1,-1," -1",-1,202000026508,4,NC,0,NULL,2,2,1,2,0,0,4,NULL," -1",1,0,5,50
202000027477,1,10,2020,12:15:00,1,37,37261,2,9,1,-1,"BUFFON (RUE)","47,3930801","0,6908174",202000027477,154 693 949,A01,2,1,1,2,2,12,5,NULL,202000027477,154 693 946,B01,1,1,1,1,2003,0,2,8,-1,-1," -1",-1,202000027477,4,NULL,0,NULL,3,1,1,2,(1),(1),1,NULL," -1",2,0,1,50