Num_Acc,jour,mois,an,hrmn,lum,dep,com,agg,int,atm,col,adr,lat,long,Num_Acc,id_vehicule,num_veh,senc,catv,obs,obsm,choc,manv,motor,occutc,Num_Acc,id_vehicule,num_veh,place,catu,grav,sexe,an_nais,trajet,secu1,secu2,secu3,locp,actp,etatp,Num_Acc,catr,voie,v1,v2,circ,nbv,vosp,prof,pr,pr1,plan,lartpc,larrout,surf,infra,situ,vma
202000027477,1,10,2020,12:15:00,1,37,37261,2,9,1,-1,"BUFFON (RUE)","47,3930801","0,6908174",202000027477,154 693 949,A01,2,1,1,2,2,12,5,NULL,202000027477,154 693 949,A01,1,1,3,2,2002,0,8,8,-1,-1," -1",-1,202000027477,4,NULL,0,NULL,3,1,1,2,(1),(1),1,NULL," -1",2,0,1,50
202000028462,6,7,2020,18:35:00,1,33,33281,2,2,1,3,"AVE BON AIR / PISTE CYCLABLE LES ONTINES","44,8261300"," -0,6496700",202000028462,154 692 199,A01,0,1,0,2,8,9,5,NULL,202000028462,154 692 198,B01,1,1,1,2,1992,0,8,0,-1,-1," -1",-1,202000028462,4,"AVE BON AIR",0,NULL,2,4,2,1,(1),(1),1,NULL," -1",1,5,1,50
202000028462,6,7,2020,18:35:00,1,33,33281,2,2,1,3,"AVE BON AIR / PISTE CYCLABLE LES ONTINES","44,8261300"," -0,6496700",202000028462,154 692 199,A01,0,1,0,2,8,9,5,NULL,202000028462,154 692 199,A01,1,1,3,1,2006,0,8,0,-1,-1," -1",-1,202000028462,4,"AVE BON AIR",0,NULL,2,4,2,1,(1),(1),1,NULL," -1",1,5,1,50
202000031529,29,5,2020,16:30:00,1,74,74208,1,1,1,2,"2451 Route de Saint Gervais","45,9032740","6,7135350",202000031529,154 686 941,A01,2,1,0,2,1,2,5,NULL,202000031529,154 686 941,A01,1,1,3,1,1965,5,2,-1,-1,0,0,-1,202000031529,3,902,-1,D,-1,2,0,2,85,800,2,NULL," -1",1,0,1,80
202000031529,29,5,2020,16:30:00,1,74,74208,1,1,1,2,"2451 Route de Saint Gervais","45,9032740","6,7135350",202000031529,154 686 941,A01,2,1,0,2,1,2,5,NULL,202000031529,154 686 942,B01,1,1,1,1,1956,3,8,-1,-1,0,0,-1,202000031529,3,902,-1,D,-1,2,0,2,85,800,2,NULL," -1",1,0,1,80
202000032803,3,9,2020,18:10:00,1,75,75120,2,2,1,-1,"RUE LOUIS LUMIERE","48,8634540","2,4108630",202000032803,154 684 790,A01,1,1,0,2,1,1,5,NULL,202000032803,154 684 790,A01,1,1,4,1,1963,1,2,0,-1,0,0,-1,202000032803,4,NULL,0,NULL,2,2,1,1,0,0,1,NULL," -1",1,-1,5,50
202000036744,7,2,2020,07:07:00,5,49,49007,2,1,1,3,SCHWEITZER,"47,4818200"," -0,5230200",202000036744,154 677 764,B01,1,1,0,2,8,0,5,NULL,202000036744,154 677 764,B01,1,1,4,1,2001,1,8,0,-1,-1," -1",-1,202000036744,4,SCHWEITZER,0,NULL,2,2,0,1,0,0,1,NULL," -1",1,0,1,60
202000036744,7,2,2020,07:07:00,5,49,49007,2,1,1,3,SCHWEITZER,"47,4818200"," -0,5230200",202000036744,154 677 764,B01,1,1,0,2,8,0,5,NULL,202000036744,154 677 765,A01,1,1,1,2,1958,1,1,8,-1,-1," -1",-1,202000036744,4,SCHWEITZER,0,NULL,2,2,0,1,0,0,1,NULL," -1",1,0,1,60
202000037249,30,7,2020,18:05:00,1,11,11272,2,4,1,3,"Rue la Captorta","43,1733382","2,3886440",202000037249,154 676 904,B01,0,1,0,2,8,1,5,NULL,202000037249,154 676 904,B01,1,1,3,1,1974,0,2,-1,-1,0,0,-1,202000037249,3,NULL,-1,NULL,3,2,0,1,(1),(1),1,NULL," -1",1,0,1,50
202000037249,30,7,2020,18:05:00,1,11,11272,2,4,1,3,"Rue la Captorta","43,1733382","2,3886440",202000037249,154 676 904,B01,0,1,0,2,8,1,5,NULL,202000037249,154 676 906,A01,1,1,1,1,1975,3,1,-1,-1,0,0,-1,202000037249,3,NULL,-1,NULL,3,2,0,1,(1),(1),1,NULL," -1",1,0,1,50
202000037249,30,7,2020,18:05:00,1,11,11272,2,4,1,3,"Rue la Captorta","43,1733382","2,3886440",202000037249,154 676 904,B01,0,1,0,2,8,1,5,NULL,202000037249,154 676 906,A01,2,2,1,1,2006,5,1,-1,-1,0,0,-1,202000037249,3,NULL,-1,NULL,3,2,0,1,(1),(1),1,NULL," -1",1,0,1,50
202000037527,26,9,2020,15:50:00,1,91,91570,2,1,1,3,"GAMBETTA (RUE + PTT)","48,6337800","2,3096300",202000037527,154 676 413,B01,2,1,0,2,1,5,5,NULL,202000037527,154 676 413,B01,1,1,4,1,2007,5,8,0,-1,-1," -1",-1,202000037527,7,"GAMBETTA (RUE + PTT)",0,NULL,4,2,0,1,0,0,1,NULL," -1",1,9,1,30
202000037527,26,9,2020,15:50:00,1,91,91570,2,1,1,3,"GAMBETTA (RUE + PTT)","48,6337800","2,3096300",202000037527,154 676 413,B01,2,1,0,2,1,5,5,NULL,202000037527,154 676 415,A01,1,1,1,1,1982,5,1,8,-1,-1," -1",-1,202000037527,7,"GAMBETTA (RUE + PTT)",0,NULL,4,2,0,1,0,0,1,NULL," -1",1,9,1,30
202000039272,30,7,2020,09:45:00,1,27,27207,1,1,1,2,D138,"49,1312120","0,4671340",202000039272,154 673 312,B01,0,1,0,2,6,1,5,NULL,202000039272,154 673 312,B01,1,1,4,1,1953,5,0,-1,-1,0,0,-1,202000039272,3,138,0,NULL,1,1,0,1,11,0,1,NULL," -1",1,0,1,80
202000039272,30,7,2020,09:45:00,1,27,27207,1,1,1,2,D138,"49,1312120","0,4671340",202000039272,154 673 312,B01,0,1,0,2,6,1,5,NULL,202000039272,154 673 314,A01,1,1,1,1,1995,4,1,-1,-1,0,0,-1,202000039272,3,138,0,NULL,1,1,0,1,11,0,1,NULL," -1",1,0,1,80
202000041789,20,10,2020,16:30:00,1,25,25388,2,9,1,3,"HELVETIE (AVENUE D')","47,5087800","6,8088400",202000041789,154 668 895,B01,2,1,0,2,0,0,5,NULL,202000041789,154 668 895,B01,1,1,3,1,1930,9,8,0,-1,-1," -1",-1,202000041789,3,663,0,NULL,1,1,0,1,22,125,2,NULL," -1",1,5,1,50
202000041789,20,10,2020,16:30:00,1,25,25388,2,9,1,3,"HELVETIE (AVENUE D')","47,5087800","6,8088400",202000041789,154 668 895,B01,2,1,0,2,0,0,5,NULL,202000041789,154 668 896,A01,1,1,1,2,1981,9,1,8,-1,-1," -1",-1,202000041789,3,663,0,NULL,1,1,0,1,22,125,2,NULL," -1",1,5,1,50
202000044069,23,9,2020,15:40:00,1,31,31458,2,1,1,3,"20 Chemin des Cujalas","43,5040290","1,3471450",202000044069,154 664 795,B01,0,1,0,2,8,1,5,NULL,202000044069,154 664 794,A01,1,1,1,1,1961,4,1,-1,-1,0,0,-1,202000044069,4,NULL,0,NULL,2,2,0,1,(1),(1),1,NULL," -1",1,0,1,50
202000044069,23,9,2020,15:40:00,1,31,31458,2,1,1,3,"20 Chemin des Cujalas","43,5040290","1,3471450",202000044069,154 664 795,B01,0,1,0,2,8,1,5,NULL,202000044069,154 664 795,B01,1,1,3,2,2015,5,0,-1,-1,0,0,-1,202000044069,4,NULL,0,NULL,2,2,0,1,(1),(1),1,NULL," -1",1,0,1,50
202000047730,30,11,2020,16:30:00,1,19,19031,1,3,7,1,"SALOMON-A-CHANOUX (CHEMIN DE)","45,1733800","1,4917700",202000047730,154 658 376,B01,2,1,0,2,1,1,5,NULL,202000047730,154 658 376,B01,1,1,3,1,1957,5,2,0,-1,-1," -1",-1,202000047730,3,170,0,NULL,2,2,0,1,24,100,2,NULL," -1",1,0,1,90
202000047730,30,11,2020,16:30:00,1,19,19031,1,3,7,1,"SALOMON-A-CHANOUX (CHEMIN DE)","45,1733800","1,4917700",202000047730,154 658 376,B01,2,1,0,2,1,1,5,NULL,202000047730,154 658 377,A01,1,1,1,1,1992,4,1,0,-1,-1," -1",-1,202000047730,3,170,0,NULL,2,2,0,1,24,100,2,NULL," -1",1,0,1,90
202000009285,29,1,2020,18:00:00,2,75,75115,2,1,1,6,"BOULEVARD DE GRENELLE","48,8484781","2,2992479",202000009285,154 725 920,A01,1,1,0,1,1,1,5,NULL,202000009285,154 725 920,A01,1,1,1,1,1995,5,8,2,-1,0,0,-1,202000009285,4,NULL,0,NULL,2,2,1,2,146,0,1,NULL," -1",1,-1,5,50
202000009285,29,1,2020,18:00:00,2,75,75115,2,1,1,6,"BOULEVARD DE GRENELLE","48,8484781","2,2992479",202000009285,154 725 920,A01,1,1,0,1,1,1,5,NULL,202000009285,154 725 920,A01,10,3,4,2,1939,5,0,-1,-1,3,3,1,202000009285,4,NULL,0,NULL,2,2,1,2,146,0,1,NULL," -1",1,-1,5,50
202000013990,10,10,2020,14:40:00,1,75,75116,2,4,1,3,"ROUTE DE LA MUETTE A NEUILLY","48,8640350","2,2670390",202000013990,154 717 683,B01,1,1,0,2,1,1,5,NULL,202000013990,154 717 682,A01,1,1,1,2,1987,5,1,0,-1,0,0,-1,202000013990,4,NULL,0,NULL,2,2,0,1,0,0,2,NULL," -1",1,0,1,50
202000013990,10,10,2020,14:40:00,1,75,75116,2,4,1,3,"ROUTE DE LA MUETTE A NEUILLY","48,8640350","2,2670390",202000013990,154 717 683,B01,1,1,0,2,1,1,5,NULL,202000013990,154 717 683,B01,1,1,4,1,1989,5,2,6,-1,0,0,-1,202000013990,4,NULL,0,NULL,2,2,0,1,0,0,2,NULL," -1",1,0,1,50
202000016437,5,5,2020,09:10:00,1,75,75107,2,3,2,3,"QUAI D ORSAY","48,8628190","2,3134610",202000016437,154 713 330,A01,1,1,0,2,1,15,5,NULL,202000016437,154 713 329,B01,1,1,1,1,1967,1,1,0,-1,0,0,-1,202000016437,4,NULL,0,NULL,2,4,0,1,0,0,1,NULL," -1",2,0,1,50
202000016437,5,5,2020,09:10:00,1,75,75107,2,3,2,3,"QUAI D ORSAY","48,8628190","2,3134610",202000016437,154 713 330,A01,1,1,0,2,1,15,5,NULL,202000016437,154 713 330,A01,1,1,4,1,1994,5,2,0,-1,0,0,-1,202000016437,4,NULL,0,NULL,2,4,0,1,0,0,1,NULL," -1",2,0,1,50
202000019452,12,8,2020,09:40:00,1,29,29272,1,3,1,3,"Loch Ar Raor","47,9596977"," -3,9493138",202000019452,154 707 985,B01,0,1,0,2,1,1,6,NULL,202000019452,154 707 985,B01,1,1,3,1,1943,5,2,-1,-1,0,0,-1,202000019452,4,4,-1,NULL,2,2,0,1,(1),(1),1,NULL," -1",1,0,1,80
202000019452,12,8,2020,09:40:00,1,29,29272,1,3,1,3,"Loch Ar Raor","47,9596977"," -3,9493138",202000019452,154 707 985,B01,0,1,0,2,1,1,6,NULL,202000019452,154 707 986,A01,1,1,1,2,2000,5,1,-1,-1,0,0,-1,202000019452,4,4,-1,NULL,2,2,0,1,(1),(1),1,NULL," -1",1,0,1,80
202000019832,17,12,2020,16:40:00,1,65,65272,1,1,1,3,"RD 817 - PR036.500 sens Tournay / Tarbes","43,2004680","0,1958760",202000019832,154 707 314,B01,1,1,0,0,0,1,5,NULL,202000019832,154 707 313,A01,1,1,1,1,1984,5,1,-1,-1,0,0,-1,202000019832,3,817,0,NULL,2,2,0,1,36,500,1,NULL," -1",1,9,1,70
202000019832,17,12,2020,16:40:00,1,65,65272,1,1,1,3,"RD 817 - PR036.500 sens Tournay / Tarbes","43,2004680","0,1958760",202000019832,154 707 314,B01,1,1,0,0,0,1,5,NULL,202000019832,154 707 314,B01,1,1,4,1,1943,5,2,-1,-1,0,0,-1,202000019832,3,817,0,NULL,2,2,0,1,36,500,1,NULL," -1",1,9,1,70
202000026537,7,7,2020,16:40:00,1,33,33529,1,1,1,5,"PISTE 214","44,5769600"," -1,1981900",202000026537,154 695 562,B01,3,1,0,2,8,1,5,NULL,202000026537,154 695 561,C01,1,1,3,2,2012,5,8,-1,-1,-1," -1",-1,202000026537,4,"PISTE 214",0,NULL,2,2,0,2,(1),(1),2,NULL," -1",1,0,3,30
202000026537,7,7,2020,16:40:00,1,33,33529,1,1,1,5,"PISTE 214","44,5769600"," -1,1981900",202000026537,154 695 561,C01,3,1,0,2,8,1,5,NULL,202000026537,154 695 561,C01,1,1,3,2,2012,5,8,-1,-1,-1," -1",-1,202000026537,4,"PISTE 214",0,NULL,2,2,0,2,(1),(1),2,NULL," -1",1,0,3,30
202000026537,7,7,2020,16:40:00,1,33,33529,1,1,1,5,"PISTE 214","44,5769600"," -1,1981900",202000026537,154 695 562,B01,3,1,0,2,8,1,5,NULL,202000026537,154 695 562,B01,1,1,4,1,1982,5,8,-1,-1,-1," -1",-1,202000026537,4,"PISTE 214",0,NULL,2,2,0,2,(1),(1),2,NULL," -1",1,0,3,30
202000026537,7,7,2020,16:40:00,1,33,33529,1,1,1,5,"PISTE 214","44,5769600"," -1,1981900",202000026537,154 695 561,C01,3,1,0,2,8,1,5,NULL,202000026537,154 695 562,B01,1,1,4,1,1982,5,8,-1,-1,-1," -1",-1,202000026537,4,"PISTE 214",0,NULL,2,2,0,2,(1),(1),2,NULL," -1",1,0,3,30
202000026537,7,7,2020,16:40:00,1,33,33529,1,1,1,5,"PISTE 214","44,5769600"," -1,1981900",202000026537,154 695 562,B01,3,1,0,2,8,1,5,NULL,202000026537,154 695 563,A01,1,1,1,1,2002,5,1,-1,-1,-1," -1",-1,202000026537,4,"PISTE 214",0,NULL,2,2,0,2,(1),(1),2,NULL," -1",1,0,3,30
202000026537,7,7,2020,16:40:00,1,33,33529,1,1,1,5,"PISTE 214","44,5769600"," -1,1981900",202000026537,154 695 561,C01,3,1,0,2,8,1,5,NULL,202000026537,154 695 563,A01,1,1,1,1,2002,5,1,-1,-1,-1," -1",-1,202000026537,4,"PISTE 214",0,NULL,2,2,0,2,(1),(1),2,NULL," -1",1,0,3,30
202000027851,4,6,2020,07:30:00,1,91,91687,2,6,3,2,"LUNAIN (RUE DU)","48,6606460","2,3759810",202000027851,154 693 298,B01,3,1,0,2,4,1,0,NULL,202000027851,154 693 297,A01,1,1,1,1,1974,4,1,0,-1,-1," -1",-1,202000027851,4,NULL,0,NULL,2,2,0,1,0,0,1,NULL," -1",2,5,1,50
202000027851,4,6,2020,07:30:00,1,91,91687,2,6,3,2,"LUNAIN (RUE DU)","48,6606460","2,3759810",202000027851,154 693 298,B01,3,1,0,2,4,1,0,NULL,202000027851,154 693 298,B01,1,1,4,1,1970,1,8,0,-1,-1," -1",-1,202000027851,4,NULL,0,NULL,2,2,0,1,0,0,1,NULL," -1",2,5,1,50
202000027858,3,6,2020,08:00:00,1,73,73065,2,6,1,3,"CAFFE (PLACE)","45,5638467","5,9195330",202000027858,154 693 282,B01,3,1,0,2,1,1,5,NULL,202000027858,154 693 282,B01,1,1,3,2,1966,1,-1,0,-1,-1," -1",-1,202000027858,4,"CAFFE (PLACE)",0,NULL,1,2,0,1,(1),(1),2,NULL," -1",1,5,1,50
202000027858,3,6,2020,08:00:00,1,73,73065,2,6,1,3,"CAFFE (PLACE)","45,5638467","5,9195330",202000027858,154 693 282,B01,3,1,0,2,1,1,5,NULL,202000027858,154 693 283,A01,1,1,1,2,1972,0,1,0,-1,-1," -1",-1,202000027858,4,"CAFFE (PLACE)",0,NULL,1,2,0,1,(1),(1),2,NULL," -1",1,5,1,50
202000028332,7,7,2020,18:10:00,1,93,93047,2,1,1,2,"JEAN JAURES (AVENUE)","48,8982386","2,5554654",202000028332,154 692 438,B01,-1,1,1,0,1,0,0,NULL,202000028332,154 692 438,B01,1,1,4,1,1955,0,8,0,-1,-1," -1",-1,202000028332,3,117,0,NULL,2,2,1,1,0,1,1,NULL," -1",1,0,1,50
202000028332,7,7,2020,18:10:00,1,93,93047,2,1,1,2,"JEAN JAURES (AVENUE)","48,8982386","2,5554654",202000028332,154 692 438,B01,-1,1,1,0,1,0,0,NULL,202000028332,154 692 439,A01,2,2,1,1,1998,0,1,0,-1,-1," -1",-1,202000028332,3,117,0,NULL,2,2,1,1,0,1,1,NULL," -1",1,0,1,50
202000028332,7,7,2020,18:10:00,1,93,93047,2,1,1,2,"JEAN JAURES (AVENUE)","48,8982386","2,5554654",202000028332,154 692 438,B01,-1,1,1,0,1,0,0,NULL,202000028332,154 692 439,A01,1,1,1,1,1998,0,1,0,-1,-1," -1",-1,202000028332,3,117,0,NULL,2,2,1,1,0,1,1,NULL," -1",1,0,1,50
202000028864,2,1,2020,09:05:00,1,49,49007,2,1,1,-1,"BEL AIR","47,4672200"," -0,5637800",202000028864,154 691 486,B01,1,1,0,2,0,0,5,NULL,202000028864,154 691 486,B01,1,1,4,1,1955,0,8,8,-1,-1," -1",-1,202000028864,4,"BEL AIR",0,NULL,2,2,0,1,0,0,1,NULL," -1",1,0,1,60
202000028864,2,1,2020,09:05:00,1,49,49007,2,1,1,-1,"BEL AIR","47,4672200"," -0,5637800",202000028864,154 691 486,B01,1,1,0,2,0,0,5,NULL,202000028864,154 691 487,A01,1,1,1,2,1955,0,1,8,-1,-1," -1",-1,202000028864,4,"BEL AIR",0,NULL,2,2,0,1,0,0,1,NULL," -1",1,0,1,60
202000029170,5,8,2020,10:40:00,1,16,16213,1,1,7,2,"Lieu Dit Parpelat","45,7365900","0,5258310",202000029170,154 690 995,B01,2,1,0,2,4,1,5,NULL,202000029170,154 690 994,A01,1,1,1,1,1944,3,1,-1,-1,0,0,-1,202000029170,3,13,0,NULL,2,2,0,2,11,385,1,0,"6,4",1,0,1,80
202000029170,5,8,2020,10:40:00,1,16,16213,1,1,7,2,"Lieu Dit Parpelat","45,7365900","0,5258310",202000029170,154 690 995,B01,2,1,0,2,4,1,5,NULL,202000029170,154 690 995,B01,1,1,2,1,1945,5,2,6,9,0,0,-1,202000029170,3,13,0,NULL,2,2,0,2,11,385,1,0,"6,4",1,0,1,80
202000029553,1,10,2020,21:00:00,4,33,33063,2,3,2,2,"QUAI DE BRAZZA","44,8559600"," -0,5496500",202000029553,154 690 312,B01,2,1,0,2,4,1,5,NULL,202000029553,154 690 311,A01,1,1,1,1,1976,0,8,-1,-1,-1," -1",-1,202000029553,4,"QUAI DE BRAZZA",0,NULL,2,5,2,1,(1),(1),1,NULL," -1",2,5,1,50
202000029553,1,10,2020,21:00:00,4,33,33063,2,3,2,2,"QUAI DE BRAZZA","44,8559600"," -0,5496500",202000029553,154 690 312,B01,2,1,0,2,4,1,5,NULL,202000029553,154 690 312,B01,1,1,4,1,1989,0,8,-1,-1,-1," -1",-1,202000029553,4,"QUAI DE BRAZZA",0,NULL,2,5,2,1,(1),(1),1,NULL," -1",2,5,1,50
202000030967,2,9,2020,09:05:00,1,22,22343,2,6,1,3,"Rue de Lan Ar Cleis","48,7689335"," -3,5635727",202000030967,154 687 906,B01,1,1,0,2,7,1,5,NULL,202000030967,154 687 905,A01,1,1,1,1,1939,5,1,-1,-1,0,0,-1,202000030967,3,65,-1,NULL,2,2,0,1,22,(1),2,NULL," -1",1,5,1,50
202000030967,2,9,2020,09:05:00,1,22,22343,2,6,1,3,"Rue de Lan Ar Cleis","48,7689335"," -3,5635727",202000030967,154 687 906,B01,1,1,0,2,7,1,5,NULL,202000030967,154 687 906,B01,1,1,3,1,1949,5,2,-1,-1,0,0,-1,202000030967,3,65,-1,NULL,2,2,0,1,22,(1),2,NULL," -1",1,5,1,50
202000032064,13,1,2020,08:55:00,1,91,91122,2,2,1,3,"HARAS (RUE DES)","48,6976630","2,1556640",202000032064,154 686 010,B01,1,1,0,2,8,1,5,NULL,202000032064,154 686 009,A01,1,1,1,1,1973,1,1,0,-1,0,0,-1,202000032064,4,"HARAS (RUE DES)",0,NULL,2,2,0,1,0,0,2,NULL," -1",1,0,1,30
202000032064,13,1,2020,08:55:00,1,91,91122,2,2,1,3,"HARAS (RUE DES)","48,6976630","2,1556640",202000032064,154 686 010,B01,1,1,0,2,8,1,5,NULL,202000032064,154 686 010,B01,1,1,4,1,1979,0,2,0,-1,0,0,-1,202000032064,4,"HARAS (RUE DES)",0,NULL,2,2,0,1,0,0,2,NULL," -1",1,0,1,30
202000033338,1,6,2020,22:00:00,2,75,75116,2,3,1,6,"BOULEVARD MURAT","48,8444020","2,2570430",202000033338,154 683 843,A01,1,1,1,0,7,14,5,NULL,202000033338,154 683 843,A01,1,1,4,2,1984,9,8,0,-1,-1," -1",-1,202000033338,4,NULL,0,NULL,2,4,0,1,0,0,1,NULL," -1",1,0,1,50
202000033463,30,7,2020,09:15:00,1,83,83069,1,9,1,1,"MARINE (BOULEVARD DE LA)","43,0861000","6,1560000",202000033463,154 683 613,B01,2,1,0,2,1,1,5,NULL,202000033463,154 683 612,A01,1,1,3,1,1944,5,2,0,-1,-1," -1",-1,202000033463,3,NC,0,NULL,2,2,1,1,9,400,1,NULL," -1",1,5,1,50
202000033463,30,7,2020,09:15:00,1,83,83069,1,9,1,1,"MARINE (BOULEVARD DE LA)","43,0861000","6,1560000",202000033463,154 683 612,A01,1,1,0,2,1,5,5,NULL,202000033463,154 683 612,A01,1,1,3,1,1944,5,2,0,-1,-1," -1",-1,202000033463,3,NC,0,NULL,2,2,1,1,9,400,1,NULL," -1",1,5,1,50
202000033463,30,7,2020,09:15:00,1,83,83069,1,9,1,1,"MARINE (BOULEVARD DE LA)","43,0861000","6,1560000",202000033463,154 683 613,B01,2,1,0,2,1,1,5,NULL,202000033463,154 683 613,B01,1,1,1,1,1973,5,2,8,-1,-1," -1",-1,202000033463,3,NC,0,NULL,2,2,1,1,9,400,1,NULL," -1",1,5,1,50
202000033463,30,7,2020,09:15:00,1,83,83069,1,9,1,1,"MARINE (BOULEVARD DE LA)","43,0861000","6,1560000",202000033463,154 683 612,A01,1,1,0,2,1,5,5,NULL,202000033463,154 683 613,B01,1,1,1,1,1973,5,2,8,-1,-1," -1",-1,202000033463,3,NC,0,NULL,2,2,1,1,9,400,1,NULL," -1",1,5,1,50
202000033755,10,12,2020,12:45:00,1,75,75104,2,2,1,3,"RUE SAINT ANTOINE","48,8539510","2,3647260",202000033755,154 683 109,B01,2,1,0,2,0,1,5,NULL,202000033755,154 683 108,A01,1,1,1,2,1986,1,1,0,-1,0,0,-1,202000033755,4,NULL,0,NULL,2,3,1,1,0,0,1,NULL," -1",1,0,1,30
202000033755,10,12,2020,12:45:00,1,75,75104,2,2,1,3,"RUE SAINT ANTOINE","48,8539510","2,3647260",202000033755,154 683 109,B01,2,1,0,2,0,1,5,NULL,202000033755,154 683 109,B01,1,1,4,1,1988,5,8,0,-1,0,0,-1,202000033755,4,NULL,0,NULL,2,3,1,1,0,0,1,NULL," -1",1,0,1,30
202000035291,12,1,2020,10:05:00,1,75,75116,2,1,1,7,"RUE SPONTINI","48,8685964","2,2775696",202000035291,154 680 385,A01,2,1,0,0,0,1,5,NULL,202000035291,154 680 385,A01,1,1,4,1,1968,5,8,2,-1,0,0,-1,202000035291,4,NULL,0,NULL,1,1,0,1,40,0,1,NULL," -1",1,0,1,50
202000035666,1,1,2020,01:30:00,5,75,75107,2,2,1,6,"QUAI ANATOLE FRANCE","48,8595320","2,3292840",202000035666,154 679 710,Z01,2,1,0,1,1,1,5,NULL,202000035666,154 679 710,Z01,10,3,4,2,1985,5,0,-1,-1,2,1,1,202000035666,4,NULL,0,NULL,1,3,0,1,0,0,1,NULL,9,1,0,1,50
202000036092,2,7,2020,11:00:00,1,13,13208,2,1,1,3,"LOUIS BONNEFON (PLACE)","43,2543810","5,3821670",202000036092,154 678 945,B01,1,1,0,2,7,1,5,NULL,202000036092,154 678 944,A01,1,1,1,1,1935,0,1,8,-1,-1," -1",-1,202000036092,4,NULL,0,NULL,1,2,0,1,1,0,2,NULL,7,1,0,1,50
202000036092,2,7,2020,11:00:00,1,13,13208,2,1,1,3,"LOUIS BONNEFON (PLACE)","43,2543810","5,3821670",202000036092,154 678 945,B01,1,1,0,2,7,1,5,NULL,202000036092,154 678 945,B01,1,1,4,1,1970,5,8,0,-1,-1," -1",-1,202000036092,4,NULL,0,NULL,1,2,0,1,1,0,2,NULL,7,1,0,1,50
202000036219,15,3,2020,01:12:00,5,75,75105,2,2,1,3,"BOULEVARD SAINT MICHEL","48,8513851","2,3431960",202000036219,154 678 714,B01,2,1,0,2,8,7,5,NULL,202000036219,154 678 714,B01,1,1,4,1,1999,5,2,0,-1,0,0,-1,202000036219,4,NULL,0,NULL,1,4,3,2,0,0,1,NULL," -1",1,-1,6,50
202000036219,15,3,2020,01:12:00,5,75,75105,2,2,1,3,"BOULEVARD SAINT MICHEL","48,8513851","2,3431960",202000036219,154 678 714,B01,2,1,0,2,8,7,5,NULL,202000036219,154 678 715,A01,1,1,1,2,1984,1,1,0,-1,0,0,-1,202000036219,4,NULL,0,NULL,1,4,3,2,0,0,1,NULL," -1",1,-1,6,50
202000036603,1,9,2020,00:30:00,5,45,45234,2,2,1,3,"Route d’Olivet","47,8826300","1,9038000",202000036603,154 678 018,B01,0,1,0,9,8,19,0,NULL,202000036603,154 678 018,B01,1,1,4,1,1998,0,8,0,-1,-1," -1",-1,202000036603,4,"LEVY (RUE CLAUDE LEVY)",0,NULL,2,2,0,1,(1),(1),1,NULL," -1",1,0,1,50
202000036603,1,9,2020,00:30:00,5,45,45234,2,2,1,3,"Route d’Olivet","47,8826300","1,9038000",202000036603,154 678 018,B01,0,1,0,9,8,19,0,NULL,202000036603,154 678 019,A01,1,1,4,1,1984,0,8,8,-1,-1," -1",-1,202000036603,4,"LEVY (RUE CLAUDE LEVY)",0,NULL,2,2,0,1,(1),(1),1,NULL," -1",1,0,1,50
202000036813,11,1,2020,11:50:00,1,04,04166,2,3,1,3,"RD 11 / Rue Hilarion Bourret","43,8154557","6,0947581",202000036813,154 677 654,B01,2,1,0,2,8,1,5,NULL,202000036813,154 677 654,B01,1,1,4,1,1996,5,2,-1,-1,0,0,-1,202000036813,3,11,0,NULL,2,2,0,4,0,10,1,NULL," -1",1,0,1,50
202000036813,11,1,2020,11:50:00,1,04,04166,2,3,1,3,"RD 11 / Rue Hilarion Bourret","43,8154557","6,0947581",202000036813,154 677 654,B01,2,1,0,2,8,1,5,NULL,202000036813,154 677 655,A01,1,1,1,2,1994,4,1,-1,-1,0,0,-1,202000036813,3,11,0,NULL,2,2,0,4,0,10,1,NULL," -1",1,0,1,50
202000037032,28,5,2020,10:07:00,5,25,25056,2,9,1,6,"CASAMENE  CH. DE HALAGE DE","47,2308760","6,0337150",202000037032,154 677 283,A01,3,1,0,1,1,21,5,NULL,202000037032,154 677 283,A01,10,3,4,1,1951,5,0,-1,-1,6,2,1,202000037032,9,NULL,0,NULL,2,2,2,1,(1),(1),1,NULL," -1",1,1,6,20
202000037032,28,5,2020,10:07:00,5,25,25056,2,9,1,6,"CASAMENE  CH. DE HALAGE DE","47,2308760","6,0337150",202000037032,154 677 283,A01,3,1,0,1,1,21,5,NULL,202000037032,154 677 283,A01,1,1,1,1,1950,5,8,0,-1,-1," -1",-1,202000037032,9,NULL,0,NULL,2,2,2,1,(1),(1),1,NULL," -1",1,1,6,20
202000037204,9,12,2020,09:20:00,1,94,94021,2,1,1,2,"D'AVIGNON (RUE) MIN","48,7624900","2,3509700",202000037204,154 676 987,B01,3,1,0,2,7,5,5,NULL,202000037204,154 676 987,B01,1,1,4,1,1947,4,8,0,-1,-1," -1",-1,202000037204,5,"D'AVIGNON (RUE) MIN",0,NULL,1,2,0,1,0,0,1,NULL," -1",1,0,8,30
202000037204,9,12,2020,09:20:00,1,94,94021,2,1,1,2,"D'AVIGNON (RUE) MIN","48,7624900","2,3509700",202000037204,154 676 987,B01,3,1,0,2,7,5,5,NULL,202000037204,154 676 988,A01,1,1,1,1,1983,4,8,0,-1,-1," -1",-1,202000037204,5,"D'AVIGNON (RUE) MIN",0,NULL,1,2,0,1,0,0,1,NULL," -1",1,0,8,30