Num_Acc,jour,mois,an,hrmn,lum,dep,com,agg,int,atm,col,adr,lat,long,Num_Acc,id_vehicule,num_veh,senc,catv,obs,obsm,choc,manv,motor,occutc,Num_Acc,id_vehicule,num_veh,place,catu,grav,sexe,an_nais,trajet,secu1,secu2,secu3,locp,actp,etatp,Num_Acc,catr,voie,v1,v2,circ,nbv,vosp,prof,pr,pr1,plan,lartpc,larrout,surf,infra,situ,vma
202000037912,1,7,2020,08:05:00,1,92,92012,2,2,1,6,"ANDRE MORIZET (AVENUE) 1/47 - 2/52","48,8349139","2,2414108",202000037912,154 675 733,A01,2,1,0,1,8,0,5,NULL,202000037912,154 675 733,A01,1,1,1,1,1964,0,2,8,-1,-1," -1",-1,202000037912,3,50,0,NULL,-1,2,0,1,0,0,1,NULL," -1",1,0,1,30
202000037912,1,7,2020,08:05:00,1,92,92012,2,2,1,6,"ANDRE MORIZET (AVENUE) 1/47 - 2/52","48,8349139","2,2414108",202000037912,154 675 733,A01,2,1,0,1,8,0,5,NULL,202000037912,154 675 733,A01,10,3,4,1,1991,1,0,-1,-1,3,3,1,202000037912,3,50,0,NULL,-1,2,0,1,0,0,1,NULL," -1",1,0,1,30
202000039712,30,6,2020,18:50:00,1,09,09199,1,1,1,3,Montaut,"43,2133626","1,6312649",202000039712,154 672 567,B01,1,1,0,2,1,1,5,NULL,202000039712,154 672 565,A01,1,1,1,1,1952,5,1,-1,-1,0,0,-1,202000039712,3,624,-1,NULL,2,2,0,1,7,700,1,NULL," -1",1,0,1,80
202000039712,30,6,2020,18:50:00,1,09,09199,1,1,1,3,Montaut,"43,2133626","1,6312649",202000039712,154 672 567,B01,1,1,0,2,1,1,5,NULL,202000039712,154 672 567,B01,1,1,3,1,2004,5,2,-1,-1,0,0,-1,202000039712,3,624,-1,NULL,2,2,0,1,7,700,1,NULL," -1",1,0,1,80
202000040409,28,8,2020,12:30:00,1,83,83069,2,6,1,3,"DECUGIS (AVENUE ALFRED)","43,1163900","6,1467400",202000040409,154 671 355,Y01,1,1,0,0,1,9,0,NULL,202000040409,154 671 354,A01,1,1,1,2,1946,0,1,0,-1,-1," -1",-1,202000040409,4,NC,0,NULL,2,2,0,1,1,0,2,NULL," -1",1,5,1,50
202000040409,28,8,2020,12:30:00,1,83,83069,2,6,1,3,"DECUGIS (AVENUE ALFRED)","43,1163900","6,1467400",202000040409,154 671 355,Y01,1,1,0,0,1,9,0,NULL,202000040409,154 671 355,Y01,1,1,3,1,1966,0,0,-1,-1,0,0,-1,202000040409,4,NC,0,NULL,2,2,0,1,1,0,2,NULL," -1",1,5,1,50
202000042255,12,3,2020,14:15:00,1,79,79061,1,1,1,2,"2 Route de Melle","46,2556650"," -0,2077600",202000042255,154 668 043,B01,3,1,0,2,1,25,5,NULL,202000042255,154 668 042,A01,1,1,1,1,1962,4,0,-1,-1,0,0,-1,202000042255,6,NULL,-1,NULL,-1,-1,0,1,(1),(1),2,NULL," -1",1,0,1,-1
202000042255,12,3,2020,14:15:00,1,79,79061,1,1,1,2,"2 Route de Melle","46,2556650"," -0,2077600",202000042255,154 668 043,B01,3,1,0,2,1,25,5,NULL,202000042255,154 668 043,B01,1,1,3,1,1940,0,0,-1,-1,0,0,-1,202000042255,6,NULL,-1,NULL,-1,-1,0,1,(1),(1),2,NULL," -1",1,0,1,-1
202000042339,9,3,2020,08:00:00,1,34,34172,2,2,1,3,"DIACON (AVENUE EMILE)","43,6288359","3,8610533",202000042339,154 667 884,A01,0,1,0,4,6,19,5,NULL,202000042339,154 667 884,A01,1,1,4,2,2001,0,8,0,-1,0,0,-1,202000042339,4,NULL,0,NULL,2,2,0,1,(1),(1),1,NULL," -1",1,0,1,50
202000042339,9,3,2020,08:00:00,1,34,34172,2,2,1,3,"DIACON (AVENUE EMILE)","43,6288359","3,8610533",202000042339,154 667 884,A01,0,1,0,4,6,19,5,NULL,202000042339,154 667 885,B01,1,1,1,2,1960,4,1,0,-1,0,0,-1,202000042339,4,NULL,0,NULL,2,2,0,1,(1),(1),1,NULL," -1",1,0,1,50
202000043607,21,10,2020,16:35:00,1,64,64445,2,1,1,3,LYAUTEY,"43,3044000"," -0,3674000",202000043607,154 665 601,B01,1,1,0,2,8,19,5,NULL,202000043607,154 665 601,B01,1,1,4,2,2016,0,2,0,-1,-1," -1",-1,202000043607,4,LYAUTEY,0,NULL,1,1,0,1,0,0,3,NULL," -1",1,0,1,30
202000043607,21,10,2020,16:35:00,1,64,64445,2,1,1,3,LYAUTEY,"43,3044000"," -0,3674000",202000043607,154 665 601,B01,1,1,0,2,8,19,5,NULL,202000043607,154 665 602,A01,1,1,1,2,1995,1,1,0,-1,-1," -1",-1,202000043607,4,LYAUTEY,0,NULL,1,1,0,1,0,0,3,NULL," -1",1,0,1,30
202000045531,23,7,2020,09:40:00,1,83,83007,2,6,1,3,"Route de Salernes","43,6175340","6,2203970",202000045531,154 662 242,B01,2,1,0,2,4,1,5,NULL,202000045531,154 662 241,A01,1,1,1,1,1987,4,1,-1,-1,0,0,-1,202000045531,3,22,-1,NULL,1,1,0,1,0,300,2,NULL," -1",1,0,1,50
202000045531,23,7,2020,09:40:00,1,83,83007,2,6,1,3,"Route de Salernes","43,6175340","6,2203970",202000045531,154 662 242,B01,2,1,0,2,4,1,5,NULL,202000045531,154 662 242,B01,1,1,3,1,1952,5,2,-1,-1,0,0,-1,202000045531,3,22,-1,NULL,1,1,0,1,0,300,2,NULL," -1",1,0,1,50
202000045979,22,9,2020,07:30:00,1,49,49167,1,3,8,3,"17 Chemin du Tertreau","47,3935410"," -0,4506220",202000045979,154 661 463,A01,3,1,0,0,8,19,5,NULL,202000045979,154 661 463,A01,1,1,2,1,1957,1,0,-1,-1,0,0,-1,202000045979,3,232,-1,NULL,3,2,0,1,0,500,3,NULL," -1",1,0,1,80
202000045979,22,9,2020,07:30:00,1,49,49167,1,3,8,3,"17 Chemin du Tertreau","47,3935410"," -0,4506220",202000045979,154 661 463,A01,3,1,0,0,8,19,5,NULL,202000045979,154 661 464,B01,1,1,1,1,1985,1,1,-1,-1,0,0,-1,202000045979,3,232,-1,NULL,3,2,0,1,0,500,3,NULL," -1",1,0,1,80
202000046254,24,6,2020,19:30:00,1,75,75104,2,1,1,1,"RUE DE RIVOLI","48,8558570","2,3584120",202000046254,154 660 959,A01,1,1,0,2,3,1,5,NULL,202000046254,154 660 958,B01,1,1,1,1,1978,9,2,8,-1,0,0,-1,202000046254,4,NULL,0,NULL,2,4,1,1,(1),0,1,NULL," -1",1,-1,5,50
202000046254,24,6,2020,19:30:00,1,75,75104,2,1,1,1,"RUE DE RIVOLI","48,8558570","2,3584120",202000046254,154 660 958,B01,2,1,0,2,3,17,5,NULL,202000046254,154 660 958,B01,1,1,1,1,1978,9,2,8,-1,0,0,-1,202000046254,4,NULL,0,NULL,2,4,1,1,(1),0,1,NULL," -1",1,-1,5,50
202000046254,24,6,2020,19:30:00,1,75,75104,2,1,1,1,"RUE DE RIVOLI","48,8558570","2,3584120",202000046254,154 660 959,A01,1,1,0,2,3,1,5,NULL,202000046254,154 660 959,A01,1,1,4,2,1993,9,8,0,-1,0,0,-1,202000046254,4,NULL,0,NULL,2,4,1,1,(1),0,1,NULL," -1",1,-1,5,50
202000046254,24,6,2020,19:30:00,1,75,75104,2,1,1,1,"RUE DE RIVOLI","48,8558570","2,3584120",202000046254,154 660 958,B01,2,1,0,2,3,17,5,NULL,202000046254,154 660 959,A01,1,1,4,2,1993,9,8,0,-1,0,0,-1,202000046254,4,NULL,0,NULL,2,4,1,1,(1),0,1,NULL," -1",1,-1,5,50
202000046673,2,1,2020,16:25:00,1,94,94041,2,1,1,3,"ERNEST RENAN (R)","48,8112200","2,3981200",202000046673,154 660 223,B01,2,1,0,2,8,0,5,NULL,202000046673,154 660 223,B01,1,1,4,1,1989,0,2,0,-1,-1," -1",-1,202000046673,4,"ERNEST RENAN (R)",0,NULL,2,2,0,1,0,1,1,NULL," -1",2,0,4,50
202000046673,2,1,2020,16:25:00,1,94,94041,2,1,1,3,"ERNEST RENAN (R)","48,8112200","2,3981200",202000046673,154 660 223,B01,2,1,0,2,8,0,5,NULL,202000046673,154 660 225,A01,1,1,1,1,1980,0,1,0,-1,-1," -1",-1,202000046673,4,"ERNEST RENAN (R)",0,NULL,2,2,0,1,0,1,1,NULL," -1",2,0,4,50
202000006654,25,11,2020,18:23:00,5,17,17300,2,1,1,-1,"PRUNIER   QUAI LOUIS","46,1529500"," -1,1500500",202000006654,154 730 551,B01,3,1,0,2,1,1,5,NULL,202000006654,154 730 550,A01,1,1,1,2,1971,4,1,8,-1,-1," -1",-1,202000006654,4,"PRUNIER   QUAI LOUIS",0,NULL,2,2,3,1,0,0,1,NULL," -1",1,0,1,30
202000006654,25,11,2020,18:23:00,5,17,17300,2,1,1,-1,"PRUNIER   QUAI LOUIS","46,1529500"," -1,1500500",202000006654,154 730 551,B01,3,1,0,2,1,1,5,NULL,202000006654,154 730 551,B01,1,1,4,1,1992,9,8,0,-1,-1," -1",-1,202000006654,4,"PRUNIER   QUAI LOUIS",0,NULL,2,2,3,1,0,0,1,NULL," -1",1,0,1,30
202000006742,17,5,2020,13:55:00,1,53,53201,2,4,1,3,"LOGES ( BOULEVARD DES )","48,0601260"," -0,8111040",202000006742,154 730 396,A01,1,1,0,2,3,15,5,NULL,202000006742,154 730 395,B01,1,1,1,1,1961,5,1,0,-1,-1," -1",-1,202000006742,3,112,0,NULL,3,1,3,1,28,591,3,NULL," -1",1,9,1,50
202000006742,17,5,2020,13:55:00,1,53,53201,2,4,1,3,"LOGES ( BOULEVARD DES )","48,0601260"," -0,8111040",202000006742,154 730 396,A01,1,1,0,2,3,15,5,NULL,202000006742,154 730 396,A01,1,1,3,1,1937,5,2,0,-1,-1," -1",-1,202000006742,3,112,0,NULL,3,1,3,1,28,591,3,NULL," -1",1,9,1,50
202000007177,16,9,2020,06:40:00,5,31,31149,2,6,1,3,"RD POINT GASCOGNE","43,6085800","1,3267900",202000007177,154 729 637,B01,1,1,0,2,1,9,5,NULL,202000007177,154 729 637,B01,1,1,4,2,1973,1,2,8,-1,-1," -1",-1,202000007177,4,"RD POINT GASCOGNE",0,NULL,1,2,0,1,0,0,1,NULL," -1",1,0,1,50
202000007177,16,9,2020,06:40:00,5,31,31149,2,6,1,3,"RD POINT GASCOGNE","43,6085800","1,3267900",202000007177,154 729 637,B01,1,1,0,2,1,9,5,NULL,202000007177,154 729 638,A01,1,1,1,1,1982,1,1,8,-1,-1," -1",-1,202000007177,4,"RD POINT GASCOGNE",0,NULL,1,2,0,1,0,0,1,NULL," -1",1,0,1,50
202000007887,12,7,2020,20:00:00,1,62,62633,1,1,1,3,D101,"50,3535770","2,2192420",202000007887,154 728 374,B01,1,1,0,0,8,1,6,NULL,202000007887,154 728 374,B01,1,1,4,1,1963,5,0,-1,-1,0,0,-1,202000007887,3,101,-1,NULL,2,2,0,1,21,(1),1,NULL,5,1,0,1,80
202000008989,28,2,2020,07:30:00,1,75,75106,2,1,1,3,"QUAI MALAQUAIS","48,8580190","2,3343240",202000008989,154 726 449,A01,1,1,0,2,4,11,5,NULL,202000008989,154 726 449,A01,1,1,4,1,1987,9,2,0,-1,0,0,-1,202000008989,4,NULL,0,NULL,1,3,0,1,0,0,1,NULL," -1",1,0,1,50
202000008989,28,2,2020,07:30:00,1,75,75106,2,1,1,3,"QUAI MALAQUAIS","48,8580190","2,3343240",202000008989,154 726 449,A01,1,1,0,2,4,11,5,NULL,202000008989,154 726 450,B01,1,1,1,1,1991,9,1,0,-1,0,0,-1,202000008989,4,NULL,0,NULL,1,3,0,1,0,0,1,NULL," -1",1,0,1,50
202000009402,28,1,2020,12:25:00,1,33,33162,2,1,1,3,"IMP DU TAILLAN-MEDOC","44,8740800"," -0,6354400",202000009402,154 725 724,A01,0,1,0,2,0,26,5,NULL,202000009402,154 725 724,A01,1,1,4,1,2003,4,8,-1,-1,-1," -1",-1,202000009402,4,"IMP DU TAILLAN-MEDOC",0,NULL,2,1,0,1,(1),(1),1,NULL," -1",1,0,1,50
202000009402,28,1,2020,12:25:00,1,33,33162,2,1,1,3,"IMP DU TAILLAN-MEDOC","44,8740800"," -0,6354400",202000009402,154 725 724,A01,0,1,0,2,0,26,5,NULL,202000009402,154 725 725,B01,1,1,1,2,1966,1,1,-1,-1,-1," -1",-1,202000009402,4,"IMP DU TAILLAN-MEDOC",0,NULL,2,1,0,1,(1),(1),1,NULL," -1",1,0,1,50
202000014256,19,11,2020,18:23:00,5,17,17300,2,1,1,3,"MOULIN   AVENUE JEAN","46,1530500"," -1,1394500",202000014256,154 717 241,B01,3,1,0,2,8,19,5,NULL,202000014256,154 717 241,B01,1,1,3,1,2003,2,8,6,-1,-1," -1",-1,202000014256,4,"MOULIN   AVENUE JEAN",0,NULL,4,4,0,1,0,0,1,NULL," -1",1,0,1,50
202000016497,5,4,2020,15:02:00,1,91,91021,2,3,1,3,"Avenue de Verdun","48,5841500","2,2443500",202000016497,154 713 233,A01,2,1,0,2,1,1,5,NULL,202000016497,154 713 232,B01,1,1,1,1,1981,4,1,0,-1,-1," -1",-1,202000016497,3,193,0,NULL,1,1,0,1,(1),(1),1,NULL," -1",1,0,1,50
202000016497,5,4,2020,15:02:00,1,91,91021,2,3,1,3,"Avenue de Verdun","48,5841500","2,2443500",202000016497,154 713 233,A01,2,1,0,2,1,1,5,NULL,202000016497,154 713 232,B01,2,2,1,1,1982,4,1,0,-1,-1," -1",-1,202000016497,3,193,0,NULL,1,1,0,1,(1),(1),1,NULL," -1",1,0,1,50
202000016497,5,4,2020,15:02:00,1,91,91021,2,3,1,3,"Avenue de Verdun","48,5841500","2,2443500",202000016497,154 713 233,A01,2,1,0,2,1,1,5,NULL,202000016497,154 713 232,B01,4,2,1,1,1992,4,1,0,-1,-1," -1",-1,202000016497,3,193,0,NULL,1,1,0,1,(1),(1),1,NULL," -1",1,0,1,50
202000016497,5,4,2020,15:02:00,1,91,91021,2,3,1,3,"Avenue de Verdun","48,5841500","2,2443500",202000016497,154 713 233,A01,2,1,0,2,1,1,5,NULL,202000016497,154 713 233,A01,1,1,4,1,1980,5,2,0,-1,-1," -1",-1,202000016497,3,193,0,NULL,1,1,0,1,(1),(1),1,NULL," -1",1,0,1,50
202000017216,11,9,2020,19:00:00,1,93,93010,2,1,1,2,"AV PASTEUR","48,9051100","2,4860000",202000017216,154 711 961,B01,0,1,0,2,1,1,0,NULL,202000017216,154 711 960,A01,1,1,1,1,1983,0,1,0,-1,-1," -1",-1,202000017216,4,"AV PASTEUR",0,NULL,2,2,0,1,0,0,1,NULL," -1",1,0,1,50
202000017216,11,9,2020,19:00:00,1,93,93010,2,1,1,2,"AV PASTEUR","48,9051100","2,4860000",202000017216,154 711 961,B01,0,1,0,2,1,1,0,NULL,202000017216,154 711 961,B01,1,1,3,1,2005,5,8,0,-1,-1," -1",-1,202000017216,4,"AV PASTEUR",0,NULL,2,2,0,1,0,0,1,NULL," -1",1,0,1,50
202000018380,29,4,2020,15:45:00,1,75,75113,2,1,2,3,"RUE DE TOLBIAC","48,8283050","2,3726080",202000018380,154 709 930,A01,2,1,0,2,1,1,5,NULL,202000018380,154 709 930,A01,1,1,4,1,1982,3,8,0,-1,0,0,-1,202000018380,4,NULL,0,NULL,2,3,0,2,0,0,1,NULL," -1",2,0,1,50
202000020208,28,4,2020,05:10:00,5,26,26252,2,2,2,2,"980 Rue Louis Saillant","44,8885500","4,8636070",202000020208,154 706 650,B01,0,1,0,2,0,0,0,NULL,202000020208,154 706 649,A01,1,1,1,1,1976,4,1,-1,-1,0,0,-1,202000020208,4,"980 rue Louis Saillant  ",0,NULL,2,2,1,1,(1),(1),1,NULL," -1",2,0,1,50
202000020208,28,4,2020,05:10:00,5,26,26252,2,2,2,2,"980 Rue Louis Saillant","44,8885500","4,8636070",202000020208,154 706 650,B01,0,1,0,2,0,0,0,NULL,202000020208,154 706 650,B01,1,1,3,2,1976,0,8,-1,-1,0,0,-1,202000020208,4,"980 rue Louis Saillant  ",0,NULL,2,2,1,1,(1),(1),1,NULL," -1",2,0,1,50
202000020539,21,1,2020,10:30:00,1,38,38382,2,4,1,3,"Rue de la Biolle","45,2387790","5,6676040",202000020539,154 706 112,B01,3,1,0,0,1,1,5,NULL,202000020539,154 706 111,A01,1,1,1,1,1931,5,1,-1,-1,0,0,-1,202000020539,3,105,-1,F,1,2,1,1,(1),(1),1,NULL," -1",1,0,5,30
202000020539,21,1,2020,10:30:00,1,38,38382,2,4,1,3,"Rue de la Biolle","45,2387790","5,6676040",202000020539,154 706 112,B01,3,1,0,0,1,1,5,NULL,202000020539,154 706 112,B01,1,1,3,1,1959,0,0,-1,-1,0,0,-1,202000020539,3,105,-1,F,1,2,1,1,(1),(1),1,NULL," -1",1,0,5,30
202000021619,6,10,2020,20:50:00,5,92,92044,2,1,1,3,"DANTON(RUE) 1A73 ET 2A88","48,8925252","2,2815890",202000021619,154 704 170,B01,1,1,0,0,8,15,0,NULL,202000021619,154 704 169,A01,1,1,1,1,1982,0,8,0,-1,-1," -1",-1,202000021619,4,NULL,0,NULL,1,1,0,1,0,0,1,NULL," -1",1,0,1,50
202000021619,6,10,2020,20:50:00,5,92,92044,2,1,1,3,"DANTON(RUE) 1A73 ET 2A88","48,8925252","2,2815890",202000021619,154 704 170,B01,1,1,0,0,8,15,0,NULL,202000021619,154 704 170,B01,1,1,4,1,1982,0,8,0,-1,-1," -1",-1,202000021619,4,NULL,0,NULL,1,1,0,1,0,0,1,NULL," -1",1,0,1,50
202000023994,17,12,2020,15:00:00,1,75,75115,2,1,1,3,"AVENUE DE LA PORTE DE SEVRES","48,8351830","2,2777080",202000023994,154 700 000,B01,1,1,0,2,1,1,5,NULL,202000023994,154 699 999,A01,1,1,1,1,1953,9,1,0,-1,0,0,-1,202000023994,4,NULL,0,NULL,3,4,0,1,0,0,1,NULL," -1",1,0,1,50
202000023994,17,12,2020,15:00:00,1,75,75115,2,1,1,3,"AVENUE DE LA PORTE DE SEVRES","48,8351830","2,2777080",202000023994,154 700 000,B01,1,1,0,2,1,1,5,NULL,202000023994,154 700 000,B01,1,1,4,1,1983,9,8,0,-1,0,0,-1,202000023994,4,NULL,0,NULL,3,4,0,1,0,0,1,NULL," -1",1,0,1,50
202000025349,6,11,2020,12:10:00,1,74,74010,2,1,1,3,"RHONE (AVENUE DU)","45,8979690","6,1155360",202000025349,154 697 611,A01,1,1,0,2,1,19,5,NULL,202000025349,154 697 611,A01,1,1,4,1,1975,0,8,0,-1,-1," -1",-1,202000025349,3,"AVENUE DE CHAMBERY",0,NULL,2,4,0,1,0,400,1,NULL," -1",1,0,1,50
202000025349,6,11,2020,12:10:00,1,74,74010,2,1,1,3,"RHONE (AVENUE DU)","45,8979690","6,1155360",202000025349,154 697 611,A01,1,1,0,2,1,19,5,NULL,202000025349,154 697 612,B01,1,1,1,1,1969,4,1,8,-1,-1," -1",-1,202000025349,3,"AVENUE DE CHAMBERY",0,NULL,2,4,0,1,0,400,1,NULL," -1",1,0,1,50
202000030496,14,2,2020,08:05:00,2,69,69275,2,1,2,3,"ELISEE RECLUS                       (R )","45,7599000","4,9607000",202000030496,154 688 666,B01,3,1,0,2,1,19,5,NULL,202000030496,154 688 666,B01,1,1,4,1,1990,1,2,0,-1,-1,0,-1,202000030496,4,"ELISEE RECLUS                       (R )",0,NULL,3,2,0,1,0,0,1,NULL," -1",2,0,6,50
202000030496,14,2,2020,08:05:00,2,69,69275,2,1,2,3,"ELISEE RECLUS                       (R )","45,7599000","4,9607000",202000030496,154 688 666,B01,3,1,0,2,1,19,5,NULL,202000030496,154 688 667,A01,1,1,1,1,1961,0,8,0,-1,-1," -1",-1,202000030496,4,"ELISEE RECLUS                       (R )",0,NULL,3,2,0,1,0,0,1,NULL," -1",2,0,6,50
202000031298,3,6,2020,08:20:00,1,67,67300,1,6,1,3,D422,"48,5328280","7,5131920",202000031298,154 687 352,B01,2,1,0,0,3,2,5,NULL,202000031298,154 687 351,A01,1,1,1,1,1959,0,1,-1,-1,0,0,-1,202000031298,3,422,0,NULL,2,2,0,1,13,600,3,NULL,4,1,0,1,90
202000031298,3,6,2020,08:20:00,1,67,67300,1,6,1,3,D422,"48,5328280","7,5131920",202000031298,154 687 352,B01,2,1,0,0,3,2,5,NULL,202000031298,154 687 352,B01,1,1,4,1,1964,1,0,-1,-1,0,0,-1,202000031298,3,422,0,NULL,2,2,0,1,13,600,3,NULL,4,1,0,1,90
202000033875,13,1,2020,18:05:00,5,75,75106,2,4,2,6,"RUE DE RENNES","48,8445601","2,3245389",202000033875,154 682 902,A01,1,1,0,1,1,1,5,NULL,202000033875,154 682 902,A01,10,3,3,2,1969,1,0,-1,-1,4,3,1,202000033875,4,NULL,0,NULL,2,3,0,1,0,0,1,NULL,9,2,0,1,30
202000033875,13,1,2020,18:05:00,5,75,75106,2,4,2,6,"RUE DE RENNES","48,8445601","2,3245389",202000033875,154 682 902,A01,1,1,0,1,1,1,5,NULL,202000033875,154 682 902,A01,1,1,1,1,2002,2,8,2,-1,0,0,-1,202000033875,4,NULL,0,NULL,2,3,0,1,0,0,1,NULL,9,2,0,1,30
202000033918,14,1,2020,07:40:00,5,59,59107,2,1,2,2,"Rue Pierre Decock","51,0640070","2,5204350",202000033918,154 682 827,B01,3,1,0,2,4,2,5,NULL,202000033918,154 682 826,A01,1,1,1,1,1972,9,1,-1,-1,0,0,-1,202000033918,4,"Rue Pierre Decock",-1,NULL,2,2,0,1,(1),(1),1,NULL," -1",2,0,1,50
202000033918,14,1,2020,07:40:00,5,59,59107,2,1,2,2,"Rue Pierre Decock","51,0640070","2,5204350",202000033918,154 682 827,B01,3,1,0,2,4,2,5,NULL,202000033918,154 682 827,B01,1,1,2,2,1966,9,2,-1,-1,0,0,-1,202000033918,4,"Rue Pierre Decock",-1,NULL,2,2,0,1,(1),(1),1,NULL," -1",2,0,1,50
202000035935,10,1,2020,11:00:00,1,75,75115,2,1,8,7,"BOULEVARD VICTOR","48,8347270","2,2827659",202000035935,154 679 231,A01,1,1,0,0,1,12,5,NULL,202000035935,154 679 231,A01,1,1,4,1,1986,5,8,2,-1,0,0,-1,202000035935,4,NULL,0,NULL,3,2,1,1,28,0,1,NULL," -1",2,-1,5,50
202000037123,30,5,2020,15:15:00,1,88,88302,1,1,1,2,"4 La Roche des Chenes","47,9176870","6,7928820",202000037123,154 677 131,B01,1,1,0,0,4,2,5,NULL,202000037123,154 677 129,A01,1,1,1,2,1986,3,1,-1,-1,0,0,-1,202000037123,3,486,0,D,2,2,0,2,9,0,1,NULL," -1",1,0,3,80
202000037123,30,5,2020,15:15:00,1,88,88302,1,1,1,2,"4 La Roche des Chenes","47,9176870","6,7928820",202000037123,154 677 131,B01,1,1,0,0,4,2,5,NULL,202000037123,154 677 131,B01,1,1,2,1,1953,5,2,-1,-1,0,0,-1,202000037123,3,486,0,D,2,2,0,2,9,0,1,NULL," -1",1,0,3,80
202000038678,8,2,2020,05:30:00,5,39,39198,2,1,1,1,"15 Rue du Mont Roland","47,0919670","5,4906330",202000038678,154 674 384,B01,2,1,0,0,0,1,0,NULL,202000038678,154 674 384,B01,1,1,3,1,1980,1,8,-1,-1,0,0,-1,202000038678,4,NULL,0,NULL,1,2,1,1,(1),(1),1,NULL," -1",1,0,1,50
202000038678,8,2,2020,05:30:00,5,39,39198,2,1,1,1,"15 Rue du Mont Roland","47,0919670","5,4906330",202000038678,154 674 384,B01,2,1,0,0,0,1,0,NULL,202000038678,154 674 385,A01,1,1,1,1,1991,5,1,-1,-1,0,0,-1,202000038678,4,NULL,0,NULL,1,2,1,1,(1),(1),1,NULL," -1",1,0,1,50
202000038822,8,1,2020,08:35:00,2,75,75104,2,5,8,3,"QUAI DE L HOTEL DE VILLE","48,8543610","2,3549370",202000038822,154 674 129,A01,1,1,0,2,8,19,5,NULL,202000038822,154 674 128,B01,1,1,1,2,1997,1,2,6,-1,0,0,-1,202000038822,4,NULL,0,NULL,2,3,0,1,0,0,1,NULL,9,2,0,1,50
202000038822,8,1,2020,08:35:00,2,75,75104,2,5,8,3,"QUAI DE L HOTEL DE VILLE","48,8543610","2,3549370",202000038822,154 674 129,A01,1,1,0,2,8,19,5,NULL,202000038822,154 674 129,A01,1,1,4,1,1964,9,8,2,-1,0,0,-1,202000038822,4,NULL,0,NULL,2,3,0,1,0,0,1,NULL,9,2,0,1,50
202000041519,25,5,2020,16:35:00,1,87,87085,2,1,1,4,"BORIE (BOULEVARD DE LA)","45,8431400","1,2389100",202000041519,154 669 367,B01,2,1,0,2,8,25,5,NULL,202000041519,154 669 366,A01,1,1,4,1,2005,5,8,0,-1,-1," -1",-1,202000041519,4,"BORIE (BOULEVARD DE LA)",0,NULL,3,6,0,1,0,0,1,NULL," -1",1,0,1,50
202000041519,25,5,2020,16:35:00,1,87,87085,2,1,1,4,"BORIE (BOULEVARD DE LA)","45,8431400","1,2389100",202000041519,154 669 366,A01,2,1,0,2,8,25,5,NULL,202000041519,154 669 366,A01,1,1,4,1,2005,5,8,0,-1,-1," -1",-1,202000041519,4,"BORIE (BOULEVARD DE LA)",0,NULL,3,6,0,1,0,0,1,NULL," -1",1,0,1,50
202000041519,25,5,2020,16:35:00,1,87,87085,2,1,1,4,"BORIE (BOULEVARD DE LA)","45,8431400","1,2389100",202000041519,154 669 367,B01,2,1,0,2,8,25,5,NULL,202000041519,154 669 367,B01,1,1,4,1,2005,5,8,0,-1,-1," -1",-1,202000041519,4,"BORIE (BOULEVARD DE LA)",0,NULL,3,6,0,1,0,0,1,NULL," -1",1,0,1,50
202000041519,25,5,2020,16:35:00,1,87,87085,2,1,1,4,"BORIE (BOULEVARD DE LA)","45,8431400","1,2389100",202000041519,154 669 366,A01,2,1,0,2,8,25,5,NULL,202000041519,154 669 367,B01,1,1,4,1,2005,5,8,0,-1,-1," -1",-1,202000041519,4,"BORIE (BOULEVARD DE LA)",0,NULL,3,6,0,1,0,0,1,NULL," -1",1,0,1,50
202000041519,25,5,2020,16:35:00,1,87,87085,2,1,1,4,"BORIE (BOULEVARD DE LA)","45,8431400","1,2389100",202000041519,154 669 367,B01,2,1,0,2,8,25,5,NULL,202000041519,154 669 368,C01,2,1,1,2,1973,5,1,8,-1,-1," -1",-1,202000041519,4,"BORIE (BOULEVARD DE LA)",0,NULL,3,6,0,1,0,0,1,NULL," -1",1,0,1,50
202000041519,25,5,2020,16:35:00,1,87,87085,2,1,1,4,"BORIE (BOULEVARD DE LA)","45,8431400","1,2389100",202000041519,154 669 366,A01,2,1,0,2,8,25,5,NULL,202000041519,154 669 368,C01,2,1,1,2,1973,5,1,8,-1,-1," -1",-1,202000041519,4,"BORIE (BOULEVARD DE LA)",0,NULL,3,6,0,1,0,0,1,NULL," -1",1,0,1,50
202000006536,30,12,2020,16:00:00,1,54,54581,1,3,1,3,"carrefour RD952 et D132","49,1118640","5,8807160",202000006536,154 730 748,B01,1,1,0,2,7,1,5,NULL,202000006536,154 730 748,B01,1,1,4,1,1950,5,2,-1,-1,0,0,-1,202000006536,3,132,0,D,2,2,0,1,5,355,1,NULL," -1",1,0,1,80
202000006536,30,12,2020,16:00:00,1,54,54581,1,3,1,3,"carrefour RD952 et D132","49,1118640","5,8807160",202000006536,154 730 748,B01,1,1,0,2,7,1,5,NULL,202000006536,154 730 749,A01,1,1,1,1,1994,5,1,-1,-1,0,0,-1,202000006536,3,132,0,D,2,2,0,1,5,355,1,NULL," -1",1,0,1,80
202000006880,16,5,2020,17:50:00,1,75,75119,2,2,1,3,"AVENUE DE FLANDRE","48,8943030","2,3817260",202000006880,154 730 159,A01,3,1,0,2,1,19,5,NULL,202000006880,154 730 159,A01,1,1,4,1,1943,5,8,0,-1,0,0,-1,202000006880,4,NULL,0,NULL,1,0,1,1,0,0,1,NULL," -1",1,-1,5,50