Num_Acc,jour,mois,an,hrmn,lum,dep,com,agg,int,atm,col,adr,lat,long,Num_Acc,id_vehicule,num_veh,senc,catv,obs,obsm,choc,manv,motor,occutc,Num_Acc,id_vehicule,num_veh,place,catu,grav,sexe,an_nais,trajet,secu1,secu2,secu3,locp,actp,etatp,Num_Acc,catr,voie,v1,v2,circ,nbv,vosp,prof,pr,pr1,plan,lartpc,larrout,surf,infra,situ,vma
202000007359,29,1,2020,07:56:00,1,26,26198,2,6,1,3,"VILLEPRE (Rond point de)","44,5663650","4,7351430",202000007359,154 729 304,B01,2,1,0,2,1,0,5,NULL,202000007359,154 729 304,B01,1,1,4,2,1970,0,2,-1,-1,0,0,-1,202000007359,2,7,0,NULL,1,2,0,1,88,990,2,NULL," -1",1,5,1,50
202000007359,29,1,2020,07:56:00,1,26,26198,2,6,1,3,"VILLEPRE (Rond point de)","44,5663650","4,7351430",202000007359,154 729 304,B01,2,1,0,2,1,0,5,NULL,202000007359,154 729 305,A01,1,1,1,2,1997,1,1,-1,-1,0,0,-1,202000007359,2,7,0,NULL,1,2,0,1,88,990,2,NULL," -1",1,5,1,50
202000008065,13,10,2020,12:15:00,1,73,73097,2,1,1,1,D21,"45,5518680","6,0143600",202000008065,154 728 067,B01,2,1,0,2,1,1,5,NULL,202000008065,154 728 066,A01,1,1,1,1,1955,0,8,-1,-1,0,0,-1,202000008065,3,21,0,NULL,2,2,0,2,4,100,1,NULL," -1",1,0,1,50
202000008065,13,10,2020,12:15:00,1,73,73097,2,1,1,1,D21,"45,5518680","6,0143600",202000008065,154 728 067,B01,2,1,0,2,1,1,5,NULL,202000008065,154 728 067,B01,1,1,3,1,1968,5,2,-1,-1,0,0,-1,202000008065,3,21,0,NULL,2,2,0,2,4,100,1,NULL," -1",1,0,1,50
202000009048,28,2,2020,00:50:00,5,75,75111,2,3,1,5,"RUE DE LA ROQUETTE","48,8555250","2,3744380",202000009048,154 726 351,B01,1,1,0,2,4,1,5,NULL,202000009048,154 726 351,B01,1,1,4,1,1990,9,8,0,-1,0,0,-1,202000009048,4,NULL,0,NULL,1,2,0,1,0,0,1,NULL,4,1,0,1,30
202000009048,28,2,2020,00:50:00,5,75,75111,2,3,1,5,"RUE DE LA ROQUETTE","48,8555250","2,3744380",202000009048,154 726 351,B01,1,1,0,2,4,1,5,NULL,202000009048,154 726 352,A01,1,1,1,1,1986,9,1,0,-1,0,0,-1,202000009048,4,NULL,0,NULL,1,2,0,1,0,0,1,NULL,4,1,0,1,30
202000009048,28,2,2020,00:50:00,5,75,75111,2,3,1,5,"RUE DE LA ROQUETTE","48,8555250","2,3744380",202000009048,154 726 351,B01,1,1,0,2,4,1,5,NULL,202000009048,154 726 353,C01,1,1,1,1,1978,1,1,0,-1,0,0,-1,202000009048,4,NULL,0,NULL,1,2,0,1,0,0,1,NULL,4,1,0,1,30
202000013239,11,9,2020,12:00:00,1,14,14365,2,2,1,3,"Avenue Henri de Blagny","49,3014200"," -0,3295940",202000013239,154 719 016,A01,1,1,0,2,1,1,5,NULL,202000013239,154 719 015,B01,1,1,1,1,1968,0,1,-1,-1,0,0,-1,202000013239,3,221,-1,NULL,2,2,0,2,(1),(1),1,NULL," -1",1,0,1,30
202000013239,11,9,2020,12:00:00,1,14,14365,2,2,1,3,"Avenue Henri de Blagny","49,3014200"," -0,3295940",202000013239,154 719 016,A01,1,1,0,2,1,1,5,NULL,202000013239,154 719 016,A01,1,1,3,1,1949,5,2,-1,-1,0,0,-1,202000013239,3,221,-1,NULL,2,2,0,2,(1),(1),1,NULL," -1",1,0,1,30
202000013571,15,6,2020,16:10:00,1,75,75119,2,1,1,3,"AVENUE SIMON BOLIVAR","48,8761180","2,3807590",202000013571,154 718 418,B01,2,1,0,2,0,18,5,NULL,202000013571,154 718 418,B01,1,1,4,1,2001,5,2,0,-1,0,0,-1,202000013571,4,NULL,0,NULL,2,2,0,1,(1),0,1,NULL," -1",1,0,1,50
202000013571,15,6,2020,16:10:00,1,75,75119,2,1,1,3,"AVENUE SIMON BOLIVAR","48,8761180","2,3807590",202000013571,154 718 418,B01,2,1,0,2,0,18,5,NULL,202000013571,154 718 419,A01,1,1,1,1,1991,4,1,0,-1,0,0,-1,202000013571,4,NULL,0,NULL,2,2,0,1,(1),0,1,NULL," -1",1,0,1,50
202000016790,10,7,2020,18:39:00,1,91,91223,2,3,1,3,"PONT PERCE (CHEMIN DU)","48,4268200","2,1495600",202000016790,154 712 717,A01,0,1,0,2,1,9,5,NULL,202000016790,154 712 717,A01,1,1,4,1,2010,5,2,8,-1,-1," -1",-1,202000016790,4,"PONT PERCE (CHEMIN DU)",0,NULL,2,2,0,1,0,0,1,NULL," -1",1,5,1,50
202000016790,10,7,2020,18:39:00,1,91,91223,2,3,1,3,"PONT PERCE (CHEMIN DU)","48,4268200","2,1495600",202000016790,154 712 717,A01,0,1,0,2,1,9,5,NULL,202000016790,154 712 718,B01,1,1,1,2,1975,0,1,8,-1,-1," -1",-1,202000016790,4,"PONT PERCE (CHEMIN DU)",0,NULL,2,2,0,1,0,0,1,NULL," -1",1,5,1,50
202000019088,7,9,2020,14:30:00,1,49,49007,1,1,1,6,"EPINARD CHEMIN","47,5062500"," -0,5660200",202000019088,154 708 668,A01,0,1,0,2,1,1,5,NULL,202000019088,154 708 668,A01,1,1,3,1,1935,3,8,0,-1,-1," -1",-1,202000019088,4,"EPINARD CHEMIN",0,NULL,-1,2,0,1,1,0,1,NULL," -1",1,0,1,50
202000021286,8,6,2020,12:25:00,1,18,18033,2,1,1,3,"JOFFRE (BOULEVARD DU MARECHAL)","47,0754000","2,4051200",202000021286,154 704 757,B01,1,1,1,0,1,1,5,NULL,202000021286,154 704 756,A01,1,1,1,1,1973,4,8,0,-1,-1," -1",-1,202000021286,4,"JOFFRE (BOULEVARD DU MARECHAL)",0,NULL,2,2,0,1,0,0,1,NULL," -1",1,0,1,50
202000021286,8,6,2020,12:25:00,1,18,18033,2,1,1,3,"JOFFRE (BOULEVARD DU MARECHAL)","47,0754000","2,4051200",202000021286,154 704 757,B01,1,1,1,0,1,1,5,NULL,202000021286,154 704 757,B01,1,1,3,2,1968,9,2,8,-1,-1," -1",-1,202000021286,4,"JOFFRE (BOULEVARD DU MARECHAL)",0,NULL,2,2,0,1,0,0,1,NULL," -1",1,0,1,50
202000025749,2,10,2020,15:30:00,1,02,02684,2,9,2,3,"Rue Edmond Dormoy","49,9194400","4,1231880",202000025749,154 696 936,A01,2,1,0,2,1,16,5,NULL,202000025749,154 696 935,B01,1,1,1,1,2001,5,1,-1,-1,0,0,-1,202000025749,4,NULL,-1,NULL,2,2,0,2,(1),(1),1,NULL," -1",2,5,1,50
202000025749,2,10,2020,15:30:00,1,02,02684,2,9,2,3,"Rue Edmond Dormoy","49,9194400","4,1231880",202000025749,154 696 936,A01,2,1,0,2,1,16,5,NULL,202000025749,154 696 936,A01,1,1,3,1,1999,5,0,-1,-1,0,0,-1,202000025749,4,NULL,-1,NULL,2,2,0,2,(1),(1),1,NULL," -1",2,5,1,50
202000026707,19,2,2020,11:45:00,1,06,06105,1,1,1,3,"Route de la Colle sur Loup","43,6875380","7,0703310",202000026707,154 695 279,B01,2,1,0,2,8,2,5,NULL,202000026707,154 695 279,B01,1,1,3,1,1952,5,2,6,-1,0,0,-1,202000026707,3,7,0,NULL,2,2,0,2,4,90,4,NULL," -1",1,0,1,80
202000026707,19,2,2020,11:45:00,1,06,06105,1,1,1,3,"Route de la Colle sur Loup","43,6875380","7,0703310",202000026707,154 695 279,B01,2,1,0,2,8,2,5,NULL,202000026707,154 695 280,A01,1,1,1,1,1981,4,1,-1,-1,0,0,-1,202000026707,3,7,0,NULL,2,2,0,2,4,90,4,NULL," -1",1,0,1,80
202000027895,3,6,2020,16:30:00,1,07,07102,2,1,1,7,"RHONE (QUAI DU)","44,9299600","4,8788700",202000027895,154 693 213,A01,3,1,0,0,0,26,5,NULL,202000027895,154 693 213,A01,1,1,4,1,1956,5,8,0,-1,-1," -1",-1,202000027895,4,NULL,0,NULL,4,1,0,1,0,0,1,NULL," -1",1,9,8,10
202000028957,4,4,2020,11:23:00,1,75,75103,2,2,1,3,"RUE SAINT MARTIN","48,8684190","2,3552740",202000028957,154 691 351,A01,2,1,0,2,2,1,5,NULL,202000028957,154 691 351,A01,1,1,4,2,1978,1,8,0,-1,0,0,-1,202000028957,4,NULL,0,NULL,1,3,3,1,0,0,1,NULL,9,1,0,1,50
202000028957,4,4,2020,11:23:00,1,75,75103,2,2,1,3,"RUE SAINT MARTIN","48,8684190","2,3552740",202000028957,154 691 351,A01,2,1,0,2,2,1,5,NULL,202000028957,154 691 352,B01,1,1,1,1,1986,4,1,0,-1,0,0,-1,202000028957,4,NULL,0,NULL,1,3,3,1,0,0,1,NULL,9,1,0,1,50
202000030809,4,9,2020,07:13:00,2,51,51454,2,1,1,3,"Avenue du Président Kennedy","49,2352106","4,0078380",202000030809,154 688 170,B01,2,1,0,2,1,1,5,NULL,202000030809,154 688 170,B01,1,1,4,1,1985,1,8,-1,-1,-1," -1",-1,202000030809,4,NULL,0,NULL,2,2,0,1,(1),(1),1,NULL," -1",1,0,1,50
202000030809,4,9,2020,07:13:00,2,51,51454,2,1,1,3,"Avenue du Président Kennedy","49,2352106","4,0078380",202000030809,154 688 170,B01,2,1,0,2,1,1,5,NULL,202000030809,154 688 171,A01,1,1,1,2,1979,0,1,-1,-1,-1," -1",-1,202000030809,4,NULL,0,NULL,2,2,0,1,(1),(1),1,NULL," -1",1,0,1,50
202000032382,18,3,2020,09:00:00,1,68,68023,1,3,1,3,D3,"48,1611120","7,3411520",202000032382,154 685 489,B01,3,1,0,2,8,1,5,NULL,202000032382,154 685 488,A01,1,1,1,1,1971,4,1,-1,-1,0,0,-1,202000032382,3,3,-1,NULL,2,2,2,1,3,430,2,NULL," -1",1,0,1,80
202000032382,18,3,2020,09:00:00,1,68,68023,1,3,1,3,D3,"48,1611120","7,3411520",202000032382,154 685 489,B01,3,1,0,2,8,1,5,NULL,202000032382,154 685 489,B01,1,1,3,1,1988,5,0,-1,-1,0,0,-1,202000032382,3,3,-1,NULL,2,2,2,1,3,430,2,NULL," -1",1,0,1,80
202000033300,29,9,2020,09:00:00,2,75,75115,2,3,2,3,"BOULEVARD LEFEBVRE","48,8283630","2,3030460",202000033300,154 683 905,B01,2,1,0,2,8,1,5,NULL,202000033300,154 683 905,B01,1,1,4,2,1989,1,8,0,-1,0,0,-1,202000033300,4,NULL,0,NULL,3,4,1,1,0,0,1,NULL," -1",2,-1,5,50
202000033300,29,9,2020,09:00:00,2,75,75115,2,3,2,3,"BOULEVARD LEFEBVRE","48,8283630","2,3030460",202000033300,154 683 905,B01,2,1,0,2,8,1,5,NULL,202000033300,154 683 907,A01,1,1,1,1,1978,4,1,0,-1,0,0,-1,202000033300,4,NULL,0,NULL,3,4,1,1,0,0,1,NULL," -1",2,-1,5,50
202000034001,9,1,2020,19:30:00,5,67,67482,2,1,1,3,"ZURICH (RUE DE)","48,5808400","7,7573080",202000034001,154 682 680,B01,1,1,0,2,1,19,5,NULL,202000034001,154 682 680,B01,1,1,4,2,1999,0,8,0,-1,-1," -1",-1,202000034001,4,7a,0,NULL,1,2,0,1,0,0,3,NULL," -1",2,0,1,30
202000034596,9,2,2020,10:24:00,1,06,06152,1,1,1,-1,"Route de Biot","43,6427060","7,0252260",202000034596,154 681 633,A01,2,1,12,0,0,1,5,NULL,202000034596,154 681 633,A01,1,1,4,1,1981,5,2,-1,-1,0,0,-1,202000034596,3,4,-1,NULL,2,2,0,3,11,875,1,NULL," -1",1,0,1,50
202000034604,2,9,2020,16:45:00,1,15,15248,1,1,1,3,"Départementale 134","45,0541970","2,9211400",202000034604,154 681 620,B01,1,1,0,2,8,2,5,NULL,202000034604,154 681 619,A01,1,1,1,1,1996,4,1,-1,-1,0,0,-1,202000034604,3,134,0,NULL,2,2,0,1,1,0,1,NULL," -1",1,0,1,90
202000034604,2,9,2020,16:45:00,1,15,15248,1,1,1,3,"Départementale 134","45,0541970","2,9211400",202000034604,154 681 620,B01,1,1,0,2,8,2,5,NULL,202000034604,154 681 620,B01,1,1,3,2,1958,5,2,-1,-1,0,0,-1,202000034604,3,134,0,NULL,2,2,0,1,1,0,1,NULL," -1",1,0,1,90
202000035645,9,12,2020,13:00:00,1,93,93048,2,2,2,3,"CARNOT (RUE)","48,8571859","2,4411565",202000035645,154 679 751,A01,1,1,0,2,8,26,5,NULL,202000035645,154 679 751,A01,1,1,4,1,1970,0,2,0,-1,-1," -1",-1,202000035645,3,NULL,-1,NULL,2,3,1,1,0,1,1,NULL," -1",2,5,5,50
202000035645,9,12,2020,13:00:00,1,93,93048,2,2,2,3,"CARNOT (RUE)","48,8571859","2,4411565",202000035645,154 679 751,A01,1,1,0,2,8,26,5,NULL,202000035645,154 679 756,B01,1,1,1,1,1970,-1,8,-1,-1,-1," -1",-1,202000035645,3,NULL,-1,NULL,2,3,1,1,0,1,1,NULL," -1",2,5,5,50
202000036327,13,3,2020,04:10:00,5,75,75119,2,1,1,6,"AVENUE SIMON BOLIVAR","48,8763970","2,3788830",202000036327,154 678 511,A01,2,1,1,0,1,14,5,NULL,202000036327,154 678 511,A01,1,1,3,1,1989,5,8,0,-1,0,0,-1,202000036327,4,NULL,0,NULL,2,2,0,2,0,0,1,NULL," -1",1,0,1,50
202000036662,8,2,2020,09:30:00,1,83,83115,2,6,1,3,"Avenue Raoul Nordling","43,3005870","6,6254850",202000036662,154 677 920,B01,2,1,0,2,7,1,5,NULL,202000036662,154 677 919,A01,1,1,1,1,1945,0,1,-1,-1,0,0,-1,202000036662,3,559,0,D,2,2,0,1,94,800,1,NULL,"5,5",1,5,1,50
202000036662,8,2,2020,09:30:00,1,83,83115,2,6,1,3,"Avenue Raoul Nordling","43,3005870","6,6254850",202000036662,154 677 920,B01,2,1,0,2,7,1,5,NULL,202000036662,154 677 920,B01,1,1,3,1,1940,5,2,-1,-1,0,0,-1,202000036662,3,559,0,D,2,2,0,1,94,800,1,NULL,"5,5",1,5,1,50
202000036972,9,1,2020,08:00:00,5,75,75113,2,2,8,6,"AVENUE DES GOBELINS","48,8333963","2,3542124",202000036972,154 677 374,A01,1,1,0,1,1,7,5,NULL,202000036972,154 677 374,A01,10,3,4,2,1951,5,0,-1,-1,4,3,1,202000036972,4,NULL,0,NULL,2,4,3,2,0,0,1,NULL,12,2,-1,6,50
202000036972,9,1,2020,08:00:00,5,75,75113,2,2,8,6,"AVENUE DES GOBELINS","48,8333963","2,3542124",202000036972,154 677 374,A01,1,1,0,1,1,7,5,NULL,202000036972,154 677 374,A01,1,1,1,1,1995,1,8,2,-1,0,0,-1,202000036972,4,NULL,0,NULL,2,4,3,2,0,0,1,NULL,12,2,-1,6,50
202000037420,3,12,2020,14:58:00,1,73,73065,2,1,1,7,"BOISSE (AVENUE DE LA)","45,5749200","5,9164400",202000037420,154 676 620,A01,3,1,0,0,9,1,5,NULL,202000037420,154 676 620,A01,1,1,2,1,1955,5,8,0,-1,-1," -1",-1,202000037420,4,"BOISSE (AVENUE DE LA)",0,NULL,2,4,1,1,(1),(1),1,NULL," -1",1,-1,5,30
202000039562,25,9,2020,08:15:00,1,35,35238,2,1,2,3,"MONTS D'ARREE (AVENUE DES)","48,1356922"," -1,6601126",202000039562,154 672 816,B01,0,1,0,0,0,0,0,NULL,202000039562,154 672 815,A01,1,1,1,2,1994,0,1,0,-1,-1," -1",-1,202000039562,4,"MONTS D'ARREE (AVENUE DES)",0,NULL,1,2,1,2,0,0,1,NULL," -1",2,9,1,50
202000039562,25,9,2020,08:15:00,1,35,35238,2,1,2,3,"MONTS D'ARREE (AVENUE DES)","48,1356922"," -1,6601126",202000039562,154 672 816,B01,0,1,0,0,0,0,0,NULL,202000039562,154 672 816,B01,1,1,4,2,1973,1,8,0,-1,-1," -1",-1,202000039562,4,"MONTS D'ARREE (AVENUE DES)",0,NULL,1,2,1,2,0,0,1,NULL," -1",2,9,1,50
202000040130,12,3,2020,18:45:00,5,75,75116,2,7,1,3,"AVENUE MARCEAU","48,8661530","2,2996000",202000040130,154 671 834,A01,3,1,0,2,3,15,5,NULL,202000040130,154 671 833,B01,1,1,1,1,1990,9,2,6,-1,0,0,-1,202000040130,4,NULL,0,NULL,2,4,3,2,0,0,1,NULL," -1",1,0,1,50
202000040130,12,3,2020,18:45:00,5,75,75116,2,7,1,3,"AVENUE MARCEAU","48,8661530","2,2996000",202000040130,154 671 834,A01,3,1,0,2,3,15,5,NULL,202000040130,154 671 834,A01,1,1,4,2,1987,9,8,0,-1,0,0,-1,202000040130,4,NULL,0,NULL,2,4,3,2,0,0,1,NULL," -1",1,0,1,50
202000041290,27,7,2020,10:37:00,1,87,87085,2,2,1,3,"BABYLONE (RUE DE)","45,8199700","1,2664800",202000041290,154 669 790,B01,1,1,0,2,1,1,5,NULL,202000041290,154 669 790,B01,1,1,3,1,1953,5,2,0,-1,-1," -1",-1,202000041290,4,"BABYLONE (RUE DE)",0,NULL,3,3,0,1,0,0,1,NULL," -1",1,5,1,50
202000041290,27,7,2020,10:37:00,1,87,87085,2,2,1,3,"BABYLONE (RUE DE)","45,8199700","1,2664800",202000041290,154 669 790,B01,1,1,0,2,1,1,5,NULL,202000041290,154 669 791,A01,1,1,1,2,1943,5,1,0,-1,-1," -1",-1,202000041290,4,"BABYLONE (RUE DE)",0,NULL,3,3,0,1,0,0,1,NULL," -1",1,5,1,50
202000041852,23,10,2020,14:45:00,1,14,14389,1,1,1,3,D675,"49,0696630"," -0,6756230",202000041852,154 668 791,B01,3,1,0,2,8,1,5,NULL,202000041852,154 668 790,A01,1,1,1,1,1951,9,1,-1,-1,0,0,-1,202000041852,4,NULL,-1,NULL,2,2,0,1,(1),(1),1,NULL," -1",1,0,1,80
202000041852,23,10,2020,14:45:00,1,14,14389,1,1,1,3,D675,"49,0696630"," -0,6756230",202000041852,154 668 791,B01,3,1,0,2,8,1,5,NULL,202000041852,154 668 791,B01,1,1,3,1,1951,5,0,-1,-1,0,0,-1,202000041852,4,NULL,-1,NULL,2,2,0,1,(1),(1),1,NULL," -1",1,0,1,80
202000042311,9,3,2020,05:15:00,5,72,72181,2,2,1,3,"EICHTHAL (RUE D')","47,9997700","0,1858000",202000042311,154 667 930,B01,2,1,0,2,1,1,5,NULL,202000042311,154 667 929,A01,1,1,1,1,1963,4,1,0,-1,-1," -1",-1,202000042311,4,"EICHTHAL (RUE D')",0,NULL,1,2,2,1,0,0,1,NULL," -1",1,0,1,50
202000042311,9,3,2020,05:15:00,5,72,72181,2,2,1,3,"EICHTHAL (RUE D')","47,9997700","0,1858000",202000042311,154 667 930,B01,2,1,0,2,1,1,5,NULL,202000042311,154 667 930,B01,1,1,4,2,1961,0,8,0,-1,-1," -1",-1,202000042311,4,"EICHTHAL (RUE D')",0,NULL,1,2,2,1,0,0,1,NULL," -1",1,0,1,50
202000043480,23,10,2020,13:50:00,1,75,75111,2,5,1,3,"AVENUE LEDRU ROLLIN","48,8513030","2,3761490",202000043480,154 665 824,B01,2,1,0,2,1,7,5,NULL,202000043480,154 665 823,A01,1,1,1,1,1962,5,1,0,-1,0,0,-1,202000043480,4,NULL,0,NULL,2,3,3,1,0,0,1,NULL," -1",1,-1,6,50
202000043480,23,10,2020,13:50:00,1,75,75111,2,5,1,3,"AVENUE LEDRU ROLLIN","48,8513030","2,3761490",202000043480,154 665 824,B01,2,1,0,2,1,7,5,NULL,202000043480,154 665 823,A01,2,2,1,2,1958,5,1,0,-1,0,0,-1,202000043480,4,NULL,0,NULL,2,3,3,1,0,0,1,NULL," -1",1,-1,6,50
202000043480,23,10,2020,13:50:00,1,75,75111,2,5,1,3,"AVENUE LEDRU ROLLIN","48,8513030","2,3761490",202000043480,154 665 824,B01,2,1,0,2,1,7,5,NULL,202000043480,154 665 824,B01,1,1,4,1,1983,1,2,0,-1,0,0,-1,202000043480,4,NULL,0,NULL,2,3,3,1,0,0,1,NULL," -1",1,-1,6,50
202000044355,26,8,2020,22:20:00,5,75,75113,2,3,1,3,"RUE DARMESTETER","48,8233930","2,3750250",202000044355,154 664 272,B01,2,1,0,2,1,9,5,NULL,202000044355,154 664 272,B01,1,1,4,1,1994,9,2,0,-1,0,0,-1,202000044355,4,NULL,0,NULL,2,2,0,2,1,0,3,NULL," -1",1,0,1,50
202000044355,26,8,2020,22:20:00,5,75,75113,2,3,1,3,"RUE DARMESTETER","48,8233930","2,3750250",202000044355,154 664 272,B01,2,1,0,2,1,9,5,NULL,202000044355,154 664 273,A01,1,1,1,1,1968,4,1,0,-1,0,0,-1,202000044355,4,NULL,0,NULL,2,2,0,2,1,0,3,NULL," -1",1,0,1,50
202000046381,24,6,2020,21:15:00,1,69,69256,2,1,1,3,"VOLTAIRE                            (CH)","45,7755100","4,9243100",202000046381,154 660 732,B01,3,1,1,2,8,19,5,NULL,202000046381,154 660 731,A01,1,1,4,1,1995,5,8,0,-1,-1," -1",-1,202000046381,4,"VOLTAIRE                            (CH)",0,NULL,2,2,0,1,0,0,1,NULL," -1",1,0,1,50
202000046381,24,6,2020,21:15:00,1,69,69256,2,1,1,3,"VOLTAIRE                            (CH)","45,7755100","4,9243100",202000046381,154 660 732,B01,3,1,1,2,8,19,5,NULL,202000046381,154 660 732,B01,1,1,3,1,2015,5,8,0,-1,-1," -1",-1,202000046381,4,"VOLTAIRE                            (CH)",0,NULL,2,2,0,1,0,0,1,NULL," -1",1,0,1,50
202000007978,14,10,2020,20:08:00,5,75,75118,2,1,1,3,"RUE MARX DORMOY","48,8898720","2,3599330",202000007978,154 728 217,A01,1,1,0,2,0,1,5,NULL,202000007978,154 728 217,A01,1,1,3,2,1994,1,2,0,-1,0,0,-1,202000007978,4,NULL,0,NULL,2,4,0,1,0,0,1,NULL," -1",1,0,1,50
202000008668,17,5,2020,10:15:00,1,54,54045,1,3,1,-1,RD1,"48,5685920","6,3573930",202000008668,154 727 019,F01,1,1,0,2,1,2,-1,NULL,202000008668,154 727 017,A01,1,1,1,2,1987,1,8,-1,-1,0,0,-1,202000008668,3,140,-1,NULL,2,2,0,1,9,200,1,NULL," -1",1,0,1,80
202000008668,17,5,2020,10:15:00,1,54,54045,1,3,1,-1,RD1,"48,5685920","6,3573930",202000008668,154 727 018,D01,1,1,0,2,1,1,5,NULL,202000008668,154 727 017,A01,1,1,1,2,1987,1,8,-1,-1,0,0,-1,202000008668,3,140,-1,NULL,2,2,0,1,9,200,1,NULL," -1",1,0,1,80
202000008668,17,5,2020,10:15:00,1,54,54045,1,3,1,-1,RD1,"48,5685920","6,3573930",202000008668,154 727 019,F01,1,1,0,2,1,2,-1,NULL,202000008668,154 727 018,D01,1,1,3,1,1980,5,2,-1,-1,0,0,-1,202000008668,3,140,-1,NULL,2,2,0,1,9,200,1,NULL," -1",1,0,1,80
202000008668,17,5,2020,10:15:00,1,54,54045,1,3,1,-1,RD1,"48,5685920","6,3573930",202000008668,154 727 018,D01,1,1,0,2,1,1,5,NULL,202000008668,154 727 018,D01,1,1,3,1,1980,5,2,-1,-1,0,0,-1,202000008668,3,140,-1,NULL,2,2,0,1,9,200,1,NULL," -1",1,0,1,80
202000008668,17,5,2020,10:15:00,1,54,54045,1,3,1,-1,RD1,"48,5685920","6,3573930",202000008668,154 727 019,F01,1,1,0,2,1,2,-1,NULL,202000008668,154 727 019,F01,1,1,4,1,1975,5,2,-1,-1,0,0,-1,202000008668,3,140,-1,NULL,2,2,0,1,9,200,1,NULL," -1",1,0,1,80
202000008668,17,5,2020,10:15:00,1,54,54045,1,3,1,-1,RD1,"48,5685920","6,3573930",202000008668,154 727 018,D01,1,1,0,2,1,1,5,NULL,202000008668,154 727 019,F01,1,1,4,1,1975,5,2,-1,-1,0,0,-1,202000008668,3,140,-1,NULL,2,2,0,1,9,200,1,NULL," -1",1,0,1,80
202000009895,12,10,2020,19:03:00,2,75,75114,2,1,1,6,"RUE D ALESIA","48,8294180","2,3223330",202000009895,154 724 848,A01,2,1,0,1,1,1,5,NULL,202000009895,154 724 848,A01,10,3,3,1,1988,9,0,-1,-1,2,3,1,202000009895,4,NULL,0,NULL,2,3,2,1,0,0,1,NULL," -1",1,-1,5,50
202000009895,12,10,2020,19:03:00,2,75,75114,2,1,1,6,"RUE D ALESIA","48,8294180","2,3223330",202000009895,154 724 848,A01,2,1,0,1,1,1,5,NULL,202000009895,154 724 848,A01,1,1,4,1,1975,1,2,0,-1,0,0,-1,202000009895,4,NULL,0,NULL,2,3,2,1,0,0,1,NULL," -1",1,-1,5,50
202000009957,13,10,2020,09:45:00,1,13,13053,2,2,1,3,"7 Avenue Joliot-curie","43,7281020","5,1780610",202000009957,154 724 741,B01,1,1,0,2,3,1,5,NULL,202000009957,154 724 740,A01,1,1,1,2,1957,5,1,-1,-1,0,0,-1,202000009957,3,16,-1,NULL,2,2,0,1,(1),(1),1,NULL," -1",1,0,1,30
202000009957,13,10,2020,09:45:00,1,13,13053,2,2,1,3,"7 Avenue Joliot-curie","43,7281020","5,1780610",202000009957,154 724 741,B01,1,1,0,2,3,1,5,NULL,202000009957,154 724 741,B01,1,1,4,1,1991,5,2,-1,-1,0,0,-1,202000009957,3,16,-1,NULL,2,2,0,1,(1),(1),1,NULL," -1",1,0,1,30
202000011857,17,8,2020,12:55:00,1,75,75112,2,1,2,1,"QUAI DE BERCY","48,8300260","2,3866980",202000011857,154 721 400,A01,2,1,0,2,1,13,5,NULL,202000011857,154 721 398,B01,1,1,4,1,2000,9,2,0,-1,0,0,-1,202000011857,4,NULL,0,NULL,2,4,1,2,0,0,3,NULL," -1",2,-1,5,50
202000011857,17,8,2020,12:55:00,1,75,75112,2,1,2,1,"QUAI DE BERCY","48,8300260","2,3866980",202000011857,154 721 398,B01,1,1,0,2,1,1,5,NULL,202000011857,154 721 398,B01,1,1,4,1,2000,9,2,0,-1,0,0,-1,202000011857,4,NULL,0,NULL,2,4,1,2,0,0,3,NULL," -1",2,-1,5,50
202000011857,17,8,2020,12:55:00,1,75,75112,2,1,2,1,"QUAI DE BERCY","48,8300260","2,3866980",202000011857,154 721 400,A01,2,1,0,2,1,13,5,NULL,202000011857,154 721 400,A01,1,1,4,2,1966,5,2,0,-1,0,0,-1,202000011857,4,NULL,0,NULL,2,4,1,2,0,0,3,NULL," -1",2,-1,5,50
202000011857,17,8,2020,12:55:00,1,75,75112,2,1,2,1,"QUAI DE BERCY","48,8300260","2,3866980",202000011857,154 721 398,B01,1,1,0,2,1,1,5,NULL,202000011857,154 721 400,A01,1,1,4,2,1966,5,2,0,-1,0,0,-1,202000011857,4,NULL,0,NULL,2,4,1,2,0,0,3,NULL," -1",2,-1,5,50
202000012697,10,5,2020,22:35:00,5,33,33063,2,2,3,3,"RUE MALBEC / RUE BILLAUDEL","44,8246579"," -0,5638325",202000012697,154 719 954,B01,1,1,0,2,4,1,5,NULL,202000012697,154 719 953,A01,1,1,1,2,1991,0,8,-1,-1,-1," -1",-1,202000012697,4,"RUE MALBEC",0,NULL,1,2,1,1,(1),(1),1,NULL," -1",2,5,5,30
202000012697,10,5,2020,22:35:00,5,33,33063,2,2,3,3,"RUE MALBEC / RUE BILLAUDEL","44,8246579"," -0,5638325",202000012697,154 719 954,B01,1,1,0,2,4,1,5,NULL,202000012697,154 719 954,B01,1,1,4,1,1968,0,8,-1,-1,-1," -1",-1,202000012697,4,"RUE MALBEC",0,NULL,1,2,1,1,(1),(1),1,NULL," -1",2,5,5,30