Num_Acc,jour,mois,an,hrmn,lum,dep,com,agg,int,atm,col,adr,lat,long,Num_Acc,id_vehicule,num_veh,senc,catv,obs,obsm,choc,manv,motor,occutc,Num_Acc,id_vehicule,num_veh,place,catu,grav,sexe,an_nais,trajet,secu1,secu2,secu3,locp,actp,etatp,Num_Acc,catr,voie,v1,v2,circ,nbv,vosp,prof,pr,pr1,plan,lartpc,larrout,surf,infra,situ,vma
202000013540,14,6,2020,12:10:00,1,54,54328,2,6,1,3,"RD 570","48,6189122","6,1768306",202000013540,154 718 474,B01,1,1,0,2,7,0,5,NULL,202000013540,154 718 474,B01,1,1,4,1,1964,0,8,0,-1,0,0,-1,202000013540,3,570,0,NULL,1,1,0,1,41,570,3,NULL," -1",1,0,1,50
202000013540,14,6,2020,12:10:00,1,54,54328,2,6,1,3,"RD 570","48,6189122","6,1768306",202000013540,154 718 474,B01,1,1,0,2,7,0,5,NULL,202000013540,154 718 475,A01,2,2,1,2,1966,0,1,0,-1,0,0,-1,202000013540,3,570,0,NULL,1,1,0,1,41,570,3,NULL," -1",1,0,1,50
202000013540,14,6,2020,12:10:00,1,54,54328,2,6,1,3,"RD 570","48,6189122","6,1768306",202000013540,154 718 474,B01,1,1,0,2,7,0,5,NULL,202000013540,154 718 475,A01,1,1,1,1,1960,0,1,0,-1,0,0,-1,202000013540,3,570,0,NULL,1,1,0,1,41,570,3,NULL," -1",1,0,1,50
202000014820,21,1,2020,10:30:00,1,93,93039,2,3,1,1,"PONT DE SAINT OUEN / QU DU CHATELIER","48,9191800","2,3280200",202000014820,154 716 295,B01,1,1,0,2,1,1,5,NULL,202000014820,154 716 294,A01,1,1,1,2,1988,0,1,0,-1,-1," -1",-1,202000014820,3,20,0,NULL,2,2,2,2,0,1,1,NULL," -1",1,-1,1,50
202000014820,21,1,2020,10:30:00,1,93,93039,2,3,1,1,"PONT DE SAINT OUEN / QU DU CHATELIER","48,9191800","2,3280200",202000014820,154 716 295,B01,1,1,0,2,1,1,5,NULL,202000014820,154 716 295,B01,1,1,4,1,1994,0,2,0,-1,-1," -1",-1,202000014820,3,20,0,NULL,2,2,2,2,0,1,1,NULL," -1",1,-1,1,50
202000015063,12,7,2020,11:20:00,1,77,77132,1,1,1,-1,D934,"48,8814400","2,7882200",202000015063,154 715 805,A01,3,1,0,0,3,2,5,NULL,202000015063,154 715 805,A01,1,1,4,1,1988,5,2,8,-1,-1," -1",-1,202000015063,3,934,0,NULL,2,2,0,1,17,401,1,NULL," -1",1,0,1,70
202000017069,21,2,2020,21:37:00,3,25,25043,1,1,1,2,D438,"47,4845980","6,7713760",202000017069,154 712 231,B01,2,1,0,2,4,1,5,NULL,202000017069,154 712 231,B01,1,1,3,1,1949,5,4,9,-1,0,0,-1,202000017069,3,438,-1,NULL,2,2,0,1,8,900,1,NULL," -1",1,0,1,80
202000017069,21,2,2020,21:37:00,3,25,25043,1,1,1,2,D438,"47,4845980","6,7713760",202000017069,154 712 231,B01,2,1,0,2,4,1,5,NULL,202000017069,154 712 232,A01,1,1,1,1,1971,5,1,-1,-1,0,0,-1,202000017069,3,438,-1,NULL,2,2,0,1,8,900,1,NULL," -1",1,0,1,80
202000018755,12,7,2020,11:20:00,1,94,94038,2,2,1,3,"MARGUERITES (R DES)","48,7774320","2,3511080",202000018755,154 709 258,B01,3,1,0,2,1,16,5,NULL,202000018755,154 709 258,B01,1,1,4,1,1969,0,2,0,-1,-1," -1",-1,202000018755,4,"DAHLIAS (AV DES)",0,NULL,-1,1,0,1,0,1,1,NULL," -1",1,0,1,50
202000018755,12,7,2020,11:20:00,1,94,94038,2,2,1,3,"MARGUERITES (R DES)","48,7774320","2,3511080",202000018755,154 709 258,B01,3,1,0,2,1,16,5,NULL,202000018755,154 709 259,A01,1,1,1,1,1934,1,1,8,-1,-1," -1",-1,202000018755,4,"DAHLIAS (AV DES)",0,NULL,-1,1,0,1,0,1,1,NULL," -1",1,0,1,50
202000022150,25,4,2020,13:10:00,1,12,12253,1,1,1,3,"Hameau de JUILIAC","44,1677910","2,7650300",202000022150,154 703 231,A01,3,1,0,2,3,13,5,NULL,202000022150,154 703 230,B01,1,1,1,1,1956,4,1,-1,-1,0,0,-1,202000022150,4,Juillac,-1,NULL,2,2,0,2,(1),(1),3,NULL," -1",1,0,1,50
202000022150,25,4,2020,13:10:00,1,12,12253,1,1,1,3,"Hameau de JUILIAC","44,1677910","2,7650300",202000022150,154 703 231,A01,3,1,0,2,3,13,5,NULL,202000022150,154 703 231,A01,1,1,4,1,1964,5,0,-1,-1,0,0,-1,202000022150,4,Juillac,-1,NULL,2,2,0,2,(1),(1),3,NULL," -1",1,0,1,50
202000023318,7,8,2020,20:45:00,2,13,13001,2,1,1,7,"MARSEILLE (ROUTE DE )","43,4725980","5,4092440",202000023318,154 701 203,Y01,1,1,0,0,0,1,5,NULL,202000023318,154 701 203,Y01,1,1,3,1,1969,0,8,0,-1,-1," -1",-1,202000023318,3,8,0,N,3,4,0,1,6,800,1,NULL," -1",1,0,1,50
202000023998,17,12,2020,16:15:00,1,75,75111,2,3,1,3,"RUE DE MONTREUIL","48,8509640","2,3964660",202000023998,154 699 993,Z01,2,1,0,2,3,15,5,NULL,202000023998,154 699 994,B01,1,1,4,1,1973,5,2,6,-1,0,0,-1,202000023998,4,NULL,0,NULL,2,2,1,1,0,0,1,NULL," -1",1,0,1,50
202000025310,6,11,2020,07:00:00,2,973,97302,2,6,1,3,"BADUEL (ROND POINT DE)","4,9332500"," -52,3095900",202000025310,154 697 688,B01,1,1,0,2,4,16,0,NULL,202000025310,154 697 687,A01,1,1,1,1,1962,1,1,8,-1,-1," -1",-1,202000025310,3,0003,0,NULL,2,1,0,1,2,400,3,NULL," -1",1,0,1,50
202000025310,6,11,2020,07:00:00,2,973,97302,2,6,1,3,"BADUEL (ROND POINT DE)","4,9332500"," -52,3095900",202000025310,154 697 688,B01,1,1,0,2,4,16,0,NULL,202000025310,154 697 688,B01,1,1,4,1,1955,1,8,0,-1,-1," -1",-1,202000025310,3,0003,0,NULL,2,1,0,1,2,400,3,NULL," -1",1,0,1,50
202000025441,4,10,2020,13:15:00,1,04,04122,1,1,1,3,"RN 85","44,0410980","6,0707620",202000025441,154 697 454,B01,1,1,0,2,6,2,5,NULL,202000025441,154 697 454,B01,1,1,3,1,1973,5,2,-1,-1,0,0,-1,202000025441,2,85,0," -",2,2,2,1,30,60,1,NULL," -1",1,0,5,80
202000025441,4,10,2020,13:15:00,1,04,04122,1,1,1,3,"RN 85","44,0410980","6,0707620",202000025441,154 697 454,B01,1,1,0,2,6,2,5,NULL,202000025441,154 697 456,A01,1,1,1,1,1990,1,1,-1,-1,0,0,-1,202000025441,2,85,0," -",2,2,2,1,30,60,1,NULL," -1",1,0,5,80
202000027725,22,9,2020,09:40:00,1,92,92004,2,1,8,3,"ROBERT DUPONT","48,9195703","2,2808239",202000027725,154 693 520,B01,1,1,0,2,6,1,5,NULL,202000027725,154 693 518,A01,1,1,1,1,1980,1,1,0,-1,-1," -1",-1,202000027725,3,11,0,NULL,2,2,0,1,0,0,1,NULL," -1",1,0,1,50
202000027725,22,9,2020,09:40:00,1,92,92004,2,1,8,3,"ROBERT DUPONT","48,9195703","2,2808239",202000027725,154 693 520,B01,1,1,0,2,6,1,5,NULL,202000027725,154 693 520,B01,1,1,4,1,1974,0,2,0,-1,-1," -1",-1,202000027725,3,11,0,NULL,2,2,0,1,0,0,1,NULL," -1",1,0,1,50
202000029050,3,8,2020,18:15:00,1,91,91457,2,3,1,3,"RURAL N°22 (CHEMIN)","48,5830000","2,2600000",202000029050,154 691 206,B01,3,1,0,2,8,2,5,NULL,202000029050,154 691 205,A01,1,1,1,1,2003,0,8,0,-1,-1," -1",-1,202000029050,4,NULL,0,NULL,-1,2,1,1,0,0,1,NULL," -1",1,0,5,50
202000029050,3,8,2020,18:15:00,1,91,91457,2,3,1,3,"RURAL N°22 (CHEMIN)","48,5830000","2,2600000",202000029050,154 691 206,B01,3,1,0,2,8,2,5,NULL,202000029050,154 691 206,B01,1,1,4,1,1965,0,8,0,-1,-1," -1",-1,202000029050,4,NULL,0,NULL,-1,2,1,1,0,0,1,NULL," -1",1,0,5,50
202000029997,12,12,2020,11:00:00,1,13,13211,2,6,1,2,"JEAN LOMBARD (AVENUE)","43,2893246","5,4377567",202000029997,154 689 537,B01,0,1,0,2,4,15,5,NULL,202000029997,154 689 536,A01,1,1,1,2,1982,0,1,8,-1,-1," -1",-1,202000029997,4,NULL,0,NULL,2,2,1,1,1,0,1,NULL," -1",1,0,1,50
202000029997,12,12,2020,11:00:00,1,13,13211,2,6,1,2,"JEAN LOMBARD (AVENUE)","43,2893246","5,4377567",202000029997,154 689 537,B01,0,1,0,2,4,15,5,NULL,202000029997,154 689 537,B01,1,1,4,2,1960,5,2,8,-1,-1," -1",-1,202000029997,4,NULL,0,NULL,2,2,1,1,1,0,1,NULL," -1",1,0,1,50
202000030045,14,1,2020,20:50:00,5,75,75110,2,1,1,3,"RUE DE CHABROL","48,8767130","2,3542020",202000030045,154 689 449,B01,2,1,0,2,1,1,5,NULL,202000030045,154 689 449,B01,1,1,4,2,1983,9,8,2,-1,0,0,-1,202000030045,4,NULL,0,NULL,2,2,1,1,21,0,1,NULL," -1",1,-1,5,30
202000030045,14,1,2020,20:50:00,5,75,75110,2,1,1,3,"RUE DE CHABROL","48,8767130","2,3542020",202000030045,154 689 449,B01,2,1,0,2,1,1,5,NULL,202000030045,154 689 450,A01,1,1,1,2,1986,9,1,0,-1,0,0,-1,202000030045,4,NULL,0,NULL,2,2,1,1,21,0,1,NULL," -1",1,-1,5,30
202000030045,14,1,2020,20:50:00,5,75,75110,2,1,1,3,"RUE DE CHABROL","48,8767130","2,3542020",202000030045,154 689 449,B01,2,1,0,2,1,1,5,NULL,202000030045,154 689 450,A01,2,2,1,1,1989,9,1,0,-1,0,0,-1,202000030045,4,NULL,0,NULL,2,2,1,1,21,0,1,NULL," -1",1,-1,5,30
202000030473,14,2,2020,08:30:00,1,69,69386,2,2,2,6,"GARIBALDI                           (R )","45,7678412","4,8507298",202000030473,154 688 703,A01,1,1,0,1,1,1,5,NULL,202000030473,154 688 703,A01,1,1,1,1,1979,0,2,8,-1,-1," -1",-1,202000030473,4,"GARIBALDI                           (R )",0,NULL,1,3,0,1,0,0,1,NULL," -1",2,0,1,50
202000030473,14,2,2020,08:30:00,1,69,69386,2,2,2,6,"GARIBALDI                           (R )","45,7678412","4,8507298",202000030473,154 688 703,A01,1,1,0,1,1,1,5,NULL,202000030473,154 688 703,A01,10,3,4,2,1976,0,0,-1,-1,3,3,1,202000030473,4,"GARIBALDI                           (R )",0,NULL,1,3,0,1,0,0,1,NULL," -1",2,0,1,50
202000036907,9,1,2020,08:00:00,1,34,34172,2,4,1,3,"MAURIN (AVENUE DE","43,5874600","3,8720600",202000036907,154 677 482,B01,1,1,0,2,4,1,5,NULL,202000036907,154 677 482,B01,1,1,4,1,1977,1,8,8,-1,0,0,-1,202000036907,4,NULL,0,NULL,2,3,2,1,(1),(1),2,NULL," -1",1,5,5,50
202000036907,9,1,2020,08:00:00,1,34,34172,2,4,1,3,"MAURIN (AVENUE DE","43,5874600","3,8720600",202000036907,154 677 482,B01,1,1,0,2,4,1,5,NULL,202000036907,154 677 483,A01,1,1,1,1,1988,4,1,8,-1,0,0,-1,202000036907,4,NULL,0,NULL,2,3,2,1,(1),(1),2,NULL," -1",1,5,5,50
202000037530,29,7,2020,18:00:00,1,69,69382,2,1,1,2,"DENUZIERE                           (R )","45,7463000","4,8209000",202000037530,154 676 404,A01,2,1,1,0,1,1,5,NULL,202000037530,154 676 404,A01,1,1,4,1,1994,5,8,0,-1,-1," -1",-1,202000037530,4,"DENUZIERE                           (R )",0,NULL,2,2,0,1,0,1,1,NULL," -1",1,0,1,50
202000037530,29,7,2020,18:00:00,1,69,69382,2,1,1,2,"DENUZIERE                           (R )","45,7463000","4,8209000",202000037530,154 676 404,A01,2,1,1,0,1,1,5,NULL,202000037530,154 676 406,B01,1,1,1,1,1982,5,8,8,-1,-1," -1",-1,202000037530,4,"DENUZIERE                           (R )",0,NULL,2,2,0,1,0,1,1,NULL," -1",1,0,1,50
202000038966,28,5,2020,23:00:00,5,75,75107,2,2,1,1,"QUAI D ORSAY","48,8625650","2,3104160",202000038966,154 673 872,B01,1,1,0,2,1,1,5,NULL,202000038966,154 673 871,A01,1,1,1,1,1998,5,8,0,-1,0,0,-1,202000038966,4,NULL,0,NULL,2,12,1,1,0,0,1,NULL," -1",1,-1,5,50
202000038966,28,5,2020,23:00:00,5,75,75107,2,2,1,1,"QUAI D ORSAY","48,8625650","2,3104160",202000038966,154 673 871,A01,2,1,0,2,1,13,5,NULL,202000038966,154 673 871,A01,1,1,1,1,1998,5,8,0,-1,0,0,-1,202000038966,4,NULL,0,NULL,2,12,1,1,0,0,1,NULL," -1",1,-1,5,50
202000038966,28,5,2020,23:00:00,5,75,75107,2,2,1,1,"QUAI D ORSAY","48,8625650","2,3104160",202000038966,154 673 872,B01,1,1,0,2,1,1,5,NULL,202000038966,154 673 872,B01,1,1,4,1,1962,1,8,0,-1,0,0,-1,202000038966,4,NULL,0,NULL,2,12,1,1,0,0,1,NULL," -1",1,-1,5,50
202000038966,28,5,2020,23:00:00,5,75,75107,2,2,1,1,"QUAI D ORSAY","48,8625650","2,3104160",202000038966,154 673 871,A01,2,1,0,2,1,13,5,NULL,202000038966,154 673 872,B01,1,1,4,1,1962,1,8,0,-1,0,0,-1,202000038966,4,NULL,0,NULL,2,12,1,1,0,0,1,NULL," -1",1,-1,5,50
202000041832,24,10,2020,11:30:00,1,62,62015,2,1,1,1,"16 Rue du Pont","50,4365200","1,6512100",202000041832,154 668 820,A01,1,1,0,2,1,13,5,NULL,202000041832,154 668 820,A01,1,1,4,1,1964,5,2,-1,-1,0,0,-1,202000041832,4,NULL,0,P,2,2,0,2,8,0,3,NULL," -1",1,0,1,50
202000041832,24,10,2020,11:30:00,1,62,62015,2,1,1,1,"16 Rue du Pont","50,4365200","1,6512100",202000041832,154 668 820,A01,1,1,0,2,1,13,5,NULL,202000041832,154 668 821,B01,1,1,1,2,1957,5,1,-1,-1,0,0,-1,202000041832,4,NULL,0,P,2,2,0,2,8,0,3,NULL," -1",1,0,1,50
202000041976,28,8,2020,04:45:00,3,29,29019,2,1,1,6,"13 Rue Inkermann","48,4000608"," -4,4688461",202000041976,154 668 565,A01,1,1,1,0,7,1,5,NULL,202000041976,154 668 565,A01,1,1,3,1,1976,5,2,-1,-1,0," -1",-1,202000041976,4,"Rue Inkermann",0,NULL,2,2,0,2,0,0,1,NULL," -1",1,0,1,50
202000042061,28,8,2020,09:00:00,1,04,04031,2,1,1,7,"RD 8","43,9261870","6,1235740",202000042061,154 668 408,A01,1,1,2,0,3,1,5,NULL,202000042061,154 668 408,A01,1,1,3,1,1974,5,2,-1,-1,0,0,-1,202000042061,3,8,0,NULL,2,1,0,2,21,600,3,NULL," -1",9,0,3,50
202000042138,21,8,2020,19:30:00,1,33,33063,2,6,1,3,"RUE DE LADOUS / RUE CATULE MENDES","44,8120400"," -0,5700000",202000042138,154 668 264,B01,1,1,0,2,1,1,5,NULL,202000042138,154 668 264,B01,1,1,4,1,1978,5,8,-1,-1,-1," -1",-1,202000042138,4,"RUE DE LADOUS",0,NULL,2,2,0,2,(1),(1),1,NULL," -1",1,0,8,30
202000042138,21,8,2020,19:30:00,1,33,33063,2,6,1,3,"RUE DE LADOUS / RUE CATULE MENDES","44,8120400"," -0,5700000",202000042138,154 668 264,B01,1,1,0,2,1,1,5,NULL,202000042138,154 668 265,A01,1,1,4,2,1954,0,1,-1,-1,-1," -1",-1,202000042138,4,"RUE DE LADOUS",0,NULL,2,2,0,2,(1),(1),1,NULL," -1",1,0,8,30
202000043343,27,5,2020,17:10:00,1,38,38442,1,1,1,-1,"Les Bargettes","45,3359710","5,8072680",202000043343,154 666 075,B01,1,1,0,0,4,1,5,NULL,202000043343,154 666 074,A01,1,1,1,1,2002,1,1,-1,-1,0,0,-1,202000043343,3,512,0,NULL,2,2,0,2,14,600,1,NULL," -1",1,0,1,70
202000043343,27,5,2020,17:10:00,1,38,38442,1,1,1,-1,"Les Bargettes","45,3359710","5,8072680",202000043343,154 666 075,B01,1,1,0,0,4,1,5,NULL,202000043343,154 666 075,B01,1,1,4,1,1960,5,2,6,-1,0,0,-1,202000043343,3,512,0,NULL,2,2,0,2,14,600,1,NULL," -1",1,0,1,70
202000043800,4,12,2020,19:10:00,5,92,92044,2,2,2,3,"ARISTIDE BRIAND(RUE)1A49 ET 2A52","48,8904158","2,2836460",202000043800,154 665 279,A01,1,1,0,2,7,19,5,NULL,202000043800,154 665 279,A01,1,1,4,1,1997,1,8,0,-1,-1," -1",-1,202000043800,4,"ARISTIDE BRIAND (RUE)",0,NULL,1,2,0,1,0,0,1,NULL," -1",2,0,1,50
202000043800,4,12,2020,19:10:00,5,92,92044,2,2,2,3,"ARISTIDE BRIAND(RUE)1A49 ET 2A52","48,8904158","2,2836460",202000043800,154 665 279,A01,1,1,0,2,7,19,5,NULL,202000043800,154 665 280,B01,1,1,1,2,1992,1,8,0,-1,-1," -1",-1,202000043800,4,"ARISTIDE BRIAND (RUE)",0,NULL,1,2,0,1,0,0,1,NULL," -1",2,0,1,50
202000044094,10,3,2020,19:05:00,2,75,75112,2,2,1,2,"RUE DE BERCY","48,8421130","2,3764220",202000044094,154 664 753,A01,2,1,0,2,4,15,5,NULL,202000044094,154 664 753,A01,1,1,4,2,1996,5,8,0,-1,0,0,-1,202000044094,4,NULL,0,NULL,1,3,0,1,0,0,1,NULL," -1",1,0,1,30
202000044360,26,6,2020,06:00:00,2,75,75115,2,1,1,7,"BOULEVARD GENERAL MARTIAL VALIN","48,8379940","2,2716500",202000044360,154 664 263,A01,2,1,0,0,0,1,5,NULL,202000044360,154 664 263,A01,1,1,4,1,1990,4,8,0,-1,0,0,-1,202000044360,4,NULL,0,NULL,2,6,1,2,0,0,1,NULL," -1",1,-1,5,50
202000044402,27,8,2020,17:30:00,1,92,92024,2,2,1,5,"MARTRE (RUE) DE (1 A 41)","48,8988700","2,3099200",202000044402,154 664 186,C01,1,1,0,2,1,1,5,NULL,202000044402,154 664 185,B01,1,1,4,1,1978,0,8,0,-1,-1," -1",-1,202000044402,3,NULL,0,NULL,1,3,1,1,0,0,1,NULL," -1",1,0,5,50
202000044402,27,8,2020,17:30:00,1,92,92024,2,2,1,5,"MARTRE (RUE) DE (1 A 41)","48,8988700","2,3099200",202000044402,154 664 186,C01,1,1,0,2,1,1,5,NULL,202000044402,154 664 186,C01,1,1,4,1,1985,0,8,0,-1,-1," -1",-1,202000044402,3,NULL,0,NULL,1,3,1,1,0,0,1,NULL," -1",1,0,5,50
202000044402,27,8,2020,17:30:00,1,92,92024,2,2,1,5,"MARTRE (RUE) DE (1 A 41)","48,8988700","2,3099200",202000044402,154 664 186,C01,1,1,0,2,1,1,5,NULL,202000044402,154 664 187,A01,1,1,1,2,1980,4,1,0,-1,-1," -1",-1,202000044402,3,NULL,0,NULL,1,3,1,1,0,0,1,NULL," -1",1,0,5,50
202000009335,30,1,2020,18:25:00,5,48,48039,2,9,2,7,"Avenue du Triadou","44,4658752","3,3449372",202000009335,154 725 841,A01,2,1,16,0,1,15,5,NULL,202000009335,154 725 841,A01,1,1,2,1,1948,5,0,-1,-1,0,0,-1,202000009335,3,31,0,NULL,2,2,0,1,10,860,1,NULL," -1",2,0,1,50
202000011153,27,1,2020,19:36:00,5,75,75113,2,5,2,3,"RUE DE TOLBIAC","48,8261600","2,3599760",202000011153,154 722 652,B01,2,1,0,2,1,1,5,NULL,202000011153,154 722 652,B01,1,1,4,2,1976,1,2,8,-1,0,0,-1,202000011153,4,NULL,0,NULL,2,3,1,1,0,0,1,NULL,9,2,-1,5,50
202000011153,27,1,2020,19:36:00,5,75,75113,2,5,2,3,"RUE DE TOLBIAC","48,8261600","2,3599760",202000011153,154 722 652,B01,2,1,0,2,1,1,5,NULL,202000011153,154 722 653,A01,1,1,1,2,1964,1,1,0,-1,0,0,-1,202000011153,4,NULL,0,NULL,2,3,1,1,0,0,1,NULL,9,2,-1,5,50
202000011447,17,7,2020,11:15:00,1,75,75109,2,4,1,1,"RUE TRONCHET","48,8727600","2,3264760",202000011447,154 722 106,B01,1,1,0,2,1,1,5,NULL,202000011447,154 722 106,B01,1,1,4,2,1983,1,2,0,-1,0,0,-1,202000011447,4,NULL,0,NULL,2,4,1,2,0,0,1,NULL," -1",1,-1,5,50
202000011447,17,7,2020,11:15:00,1,75,75109,2,4,1,1,"RUE TRONCHET","48,8727600","2,3264760",202000011447,154 722 106,B01,1,1,0,2,1,1,5,NULL,202000011447,154 722 108,A01,1,1,1,1,1990,1,2,0,-1,0,0,-1,202000011447,4,NULL,0,NULL,2,4,1,2,0,0,1,NULL," -1",1,-1,5,50
202000014277,19,11,2020,10:00:00,1,75,75101,2,2,1,3,"QUAI DE LA MEGISSERIE","48,8572200","2,3470980",202000014277,154 717 207,B01,1,1,0,2,6,1,5,NULL,202000014277,154 717 206,A01,1,1,1,1,1981,1,1,0,-1,0,0,-1,202000014277,4,NULL,0,NULL,1,0,0,1,0,0,1,NULL," -1",1,-1,5,50
202000014277,19,11,2020,10:00:00,1,75,75101,2,2,1,3,"QUAI DE LA MEGISSERIE","48,8572200","2,3470980",202000014277,154 717 207,B01,1,1,0,2,6,1,5,NULL,202000014277,154 717 207,B01,1,1,4,1,1978,1,2,0,-1,0,0,-1,202000014277,4,NULL,0,NULL,1,0,0,1,0,0,1,NULL," -1",1,-1,5,50
202000016883,13,7,2020,18:25:00,1,92,92025,2,3,1,2,"ESTIENNE D'ORVES (RUE)","48,9099947","2,2334026",202000016883,154 712 548,A01,3,1,0,2,1,1,5,NULL,202000016883,154 712 548,A01,1,1,4,1,1984,5,8,0,-1,-1," -1",-1,202000016883,4,NULL,0,NULL,2,4,0,1,0,0,1,NULL," -1",1,0,1,50
202000016883,13,7,2020,18:25:00,1,92,92025,2,3,1,2,"ESTIENNE D'ORVES (RUE)","48,9099947","2,2334026",202000016883,154 712 548,A01,3,1,0,2,1,1,5,NULL,202000016883,154 712 549,B01,1,1,1,1,1976,1,1,0,-1,-1," -1",-1,202000016883,4,NULL,0,NULL,2,4,0,1,0,0,1,NULL," -1",1,0,1,50
202000017080,23,2,2020,16:55:00,1,69,69386,2,3,1,3,"MORELLET                            (R )","45,7746000","4,8485000",202000017080,154 712 211,B01,1,1,0,2,8,1,0,NULL,202000017080,154 712 211,B01,1,1,4,1,1975,5,2,0,-1,-1," -1",-1,202000017080,4,"MORELLET                            (R )",0,NULL,1,1,0,1,0,0,2,NULL," -1",1,0,1,50
202000017080,23,2,2020,16:55:00,1,69,69386,2,3,1,3,"MORELLET                            (R )","45,7746000","4,8485000",202000017080,154 712 211,B01,1,1,0,2,8,1,0,NULL,202000017080,154 712 212,A01,1,1,1,2,1965,5,1,0,-1,-1," -1",-1,202000017080,4,"MORELLET                            (R )",0,NULL,1,1,0,1,0,0,2,NULL," -1",1,0,1,50
202000018419,29,4,2020,09:00:00,1,81,81004,2,6,1,3,"MOISSAN (HENRI)","43,9240868","2,1892512",202000018419,154 709 863,B01,1,1,0,2,1,26,0,NULL,202000018419,154 709 862,A01,1,1,1,1,1947,5,1,0,-1,-1," -1",-1,202000018419,4,"MOISSAN (HENRI)",0,NULL,2,2,0,1,(1),(1),1,NULL," -1",1,0,1,50
202000018419,29,4,2020,09:00:00,1,81,81004,2,6,1,3,"MOISSAN (HENRI)","43,9240868","2,1892512",202000018419,154 709 863,B01,1,1,0,2,1,26,0,NULL,202000018419,154 709 863,B01,1,1,3,1,1951,3,0,0,-1,0,0,-1,202000018419,4,"MOISSAN (HENRI)",0,NULL,2,2,0,1,(1),(1),1,NULL," -1",1,0,1,50
202000018796,12,7,2020,08:30:00,1,18,18231,1,1,7,5,D951,"46,7312790","2,6244130",202000018796,154 709 189,B01,1,1,0,2,4,2,5,NULL,202000018796,154 709 187,A01,1,1,1,1,1995,1,8,-1,-1,0,0,-1,202000018796,3,951,-1,NULL,2,2,0,1,39,700,1,NULL," -1",1,0,1,80
202000018796,12,7,2020,08:30:00,1,18,18231,1,1,7,5,D951,"46,7312790","2,6244130",202000018796,154 709 188,C01,1,1,0,2,0,2,5,NULL,202000018796,154 709 187,A01,1,1,1,1,1995,1,8,-1,-1,0,0,-1,202000018796,3,951,-1,NULL,2,2,0,1,39,700,1,NULL," -1",1,0,1,80
202000018796,12,7,2020,08:30:00,1,18,18231,1,1,7,5,D951,"46,7312790","2,6244130",202000018796,154 709 189,B01,1,1,0,2,4,2,5,NULL,202000018796,154 709 188,C01,1,1,4,1,1939,5,2,-1,-1,0,0,-1,202000018796,3,951,-1,NULL,2,2,0,1,39,700,1,NULL," -1",1,0,1,80
202000018796,12,7,2020,08:30:00,1,18,18231,1,1,7,5,D951,"46,7312790","2,6244130",202000018796,154 709 188,C01,1,1,0,2,0,2,5,NULL,202000018796,154 709 188,C01,1,1,4,1,1939,5,2,-1,-1,0,0,-1,202000018796,3,951,-1,NULL,2,2,0,1,39,700,1,NULL," -1",1,0,1,80
202000018796,12,7,2020,08:30:00,1,18,18231,1,1,7,5,D951,"46,7312790","2,6244130",202000018796,154 709 189,B01,1,1,0,2,4,2,5,NULL,202000018796,154 709 189,B01,1,1,2,1,1939,5,2,-1,-1,0,0,-1,202000018796,3,951,-1,NULL,2,2,0,1,39,700,1,NULL," -1",1,0,1,80
202000018796,12,7,2020,08:30:00,1,18,18231,1,1,7,5,D951,"46,7312790","2,6244130",202000018796,154 709 188,C01,1,1,0,2,0,2,5,NULL,202000018796,154 709 189,B01,1,1,2,1,1939,5,2,-1,-1,0,0,-1,202000018796,3,951,-1,NULL,2,2,0,1,39,700,1,NULL," -1",1,0,1,80
202000019022,20,2,2020,20:45:00,5,91,91223,2,6,1,3,"VICTOIRE (ROND-POINT DE LA)","48,4373200","2,1631800",202000019022,154 708 790,B01,0,1,0,2,0,0,5,NULL,202000019022,154 708 790,B01,1,1,4,2,1975,0,8,4,-1,-1," -1",-1,202000019022,3,191,0,NULL,1,1,0,1,0,0,2,NULL," -1",1,5,1,50
202000019022,20,2,2020,20:45:00,5,91,91223,2,6,1,3,"VICTOIRE (ROND-POINT DE LA)","48,4373200","2,1631800",202000019022,154 708 790,B01,0,1,0,2,0,0,5,NULL,202000019022,154 708 791,A01,1,1,1,2,1977,0,1,8,-1,-1," -1",-1,202000019022,3,191,0,NULL,1,1,0,1,0,0,2,NULL," -1",1,5,1,50
202000019395,10,6,2020,18:10:00,1,51,51454,2,1,1,3,"Rue Joliot Curie","49,2230997","4,0140899",202000019395,154 708 087,A01,0,1,0,2,1,19,0,NULL,202000019395,154 708 087,A01,1,1,4,2,2009,5,8,-1,-1,-1," -1",-1,202000019395,4,NULL,0,NULL,2,2,0,1,(1),(1),1,NULL," -1",1,0,1,50
202000019395,10,6,2020,18:10:00,1,51,51454,2,1,1,3,"Rue Joliot Curie","49,2230997","4,0140899",202000019395,154 708 087,A01,0,1,0,2,1,19,0,NULL,202000019395,154 708 088,B01,1,1,1,1,1997,0,1,0,-1,-1," -1",-1,202000019395,4,NULL,0,NULL,2,2,0,1,(1),(1),1,NULL," -1",1,0,1,50