Num_Acc,jour,mois,an,hrmn,lum,dep,com,agg,int,atm,col,adr,lat,long,Num_Acc,id_vehicule,num_veh,senc,catv,obs,obsm,choc,manv,motor,occutc,Num_Acc,id_vehicule,num_veh,place,catu,grav,sexe,an_nais,trajet,secu1,secu2,secu3,locp,actp,etatp,Num_Acc,catr,voie,v1,v2,circ,nbv,vosp,prof,pr,pr1,plan,lartpc,larrout,surf,infra,situ,vma
202000019978,20,12,2020,17:00:00,5,92,92019,2,9,1,3,"SULLY PRU'DHOMME (AVENUE)","48,7670211","2,2897388",202000019978,154 707 055,B01,1,1,0,2,8,19,0,NULL,202000019978,154 707 055,B01,1,1,3,2,1970,0,8,0,-1,-1," -1",-1,202000019978,3,67,0,NULL,3,4,0,1,1,0,1,NULL," -1",1,0,1,50
202000019978,20,12,2020,17:00:00,5,92,92019,2,9,1,3,"SULLY PRU'DHOMME (AVENUE)","48,7670211","2,2897388",202000019978,154 707 055,B01,1,1,0,2,8,19,0,NULL,202000019978,154 707 056,A01,1,1,1,1,1995,5,2,6,-1,-1," -1",-1,202000019978,3,67,0,NULL,3,4,0,1,1,0,1,NULL," -1",1,0,1,50
202000021311,8,6,2020,19:55:00,1,75,75107,2,2,1,3,"RUE DE LILLE","48,8600360","2,3245890",202000021311,154 704 717,B01,2,1,0,2,7,1,5,NULL,202000021311,154 704 717,B01,1,1,4,2,1993,9,2,0,-1,0,0,-1,202000021311,4,NULL,0,NULL,1,1,0,1,0,0,1,NULL," -1",1,0,1,50
202000021311,8,6,2020,19:55:00,1,75,75107,2,2,1,3,"RUE DE LILLE","48,8600360","2,3245890",202000021311,154 704 717,B01,2,1,0,2,7,1,5,NULL,202000021311,154 704 718,A01,1,1,1,1,1971,1,1,0,-1,0,0,-1,202000021311,4,NULL,0,NULL,1,1,0,1,0,0,1,NULL," -1",1,0,1,50
202000021818,11,11,2020,11:20:00,1,75,75101,2,7,1,6,"RUE DE RIVOLI","48,8637950","2,3319550",202000021818,154 703 826,A01,1,1,14,0,1,14,5,NULL,202000021818,154 703 826,A01,1,1,4,1,1971,1,8,0,-1,0,0,-1,202000021818,4,NULL,0,NULL,1,3,1,1,0,0,1,NULL," -1",1,-1,5,50
202000021871,10,11,2020,19:18:00,5,64,64445,2,1,8,-1,"JEAN MERMOZ","43,3174600"," -0,3784300",202000021871,154 703 738,B01,2,1,1,0,1,1,5,NULL,202000021871,154 703 738,B01,1,1,4,1,1976,3,8,8,-1,-1," -1",-1,202000021871,4,NULL,0,NULL,2,2,0,1,0,0,1,NULL," -1",1,0,1,50
202000021871,10,11,2020,19:18:00,5,64,64445,2,1,8,-1,"JEAN MERMOZ","43,3174600"," -0,3784300",202000021871,154 703 738,B01,2,1,1,0,1,1,5,NULL,202000021871,154 703 739,A01,1,1,1,2,1989,4,1,0,-1,-1," -1",-1,202000021871,4,NULL,0,NULL,2,2,0,1,0,0,1,NULL," -1",1,0,1,50
202000022733,20,2,2020,06:35:00,5,06,06088,2,3,1,1,"LYAUTEY (AV. DU MAL)","43,7194500","7,2836800",202000022733,154 702 220,B01,1,1,0,2,1,1,5,NULL,202000022733,154 702 220,B01,1,1,4,1,1982,0,2,0,-1,-1," -1",-1,202000022733,4,"LYAUTEY (AV. DU MAL)",0,NULL,2,3,0,1,0,0,1,NULL," -1",1,5,1,50
202000022733,20,2,2020,06:35:00,5,06,06088,2,3,1,1,"LYAUTEY (AV. DU MAL)","43,7194500","7,2836800",202000022733,154 702 220,B01,1,1,0,2,1,1,5,NULL,202000022733,154 702 221,A01,1,1,1,1,1997,1,1,0,-1,-1," -1",-1,202000022733,4,"LYAUTEY (AV. DU MAL)",0,NULL,2,3,0,1,0,0,1,NULL," -1",1,5,1,50
202000024776,17,2,2020,17:35:00,1,64,64129,2,1,2,-1,"BAYONNE DE","43,3004300"," -0,3931700",202000024776,154 698 647,B01,1,1,0,2,1,1,5,NULL,202000024776,154 698 647,B01,1,1,4,1,1989,5,8,8,-1,-1," -1",-1,202000024776,4,"BAYONNE DE",0,NULL,2,3,2,1,0,0,1,NULL," -1",2,0,1,50
202000024776,17,2,2020,17:35:00,1,64,64129,2,1,2,-1,"BAYONNE DE","43,3004300"," -0,3931700",202000024776,154 698 647,B01,1,1,0,2,1,1,5,NULL,202000024776,154 698 648,A01,1,1,1,2,1996,9,1,8,-1,-1," -1",-1,202000024776,4,"BAYONNE DE",0,NULL,2,3,2,1,0,0,1,NULL," -1",2,0,1,50
202000024962,7,9,2020,09:30:00,1,75,75112,2,1,1,3,"AVENUE DE SAINT MANDE","48,8447800","2,4045080",202000024962,154 698 312,B01,2,1,0,2,1,1,5,NULL,202000024962,154 698 311,A01,1,1,1,2,1963,4,1,0,-1,0,0,-1,202000024962,4,NULL,0,NULL,2,4,1,2,0,0,1,NULL," -1",1,-1,5,50
202000024962,7,9,2020,09:30:00,1,75,75112,2,1,1,3,"AVENUE DE SAINT MANDE","48,8447800","2,4045080",202000024962,154 698 312,B01,2,1,0,2,1,1,5,NULL,202000024962,154 698 312,B01,1,1,4,1,1980,1,2,0,-1,0,0,-1,202000024962,4,NULL,0,NULL,2,4,1,2,0,0,1,NULL," -1",1,-1,5,50
202000025159,6,11,2020,21:30:00,3,34,34129,2,1,2,-1,"MAUGUIO (ROUTE DE)","43,5744520","3,9223390",202000025159,154 697 953,A01,1,1,0,2,4,1,5,NULL,202000025159,154 697 953,A01,1,1,3,1,1988,4,2,8,-1,-1," -1",-1,202000025159,3,172,0,NULL,3,2,0,3,1,594,1,NULL," -1",2,0,1,50
202000025383,5,11,2020,15:45:00,1,54,54184,2,2,7,3,"BRIGACHTAL (AVENUE DE)","48,7007680","6,2245599",202000025383,154 697 553,B01,3,1,0,2,1,1,5,NULL,202000025383,154 697 553,B01,1,1,4,1,1935,5,8,0,-1,-1," -1",-1,202000025383,4,NULL,0,NULL,2,4,0,1,0,0,1,NULL," -1",1,0,1,50
202000025383,5,11,2020,15:45:00,1,54,54184,2,2,7,3,"BRIGACHTAL (AVENUE DE)","48,7007680","6,2245599",202000025383,154 697 553,B01,3,1,0,2,1,1,5,NULL,202000025383,154 697 555,A01,1,1,1,1,1942,5,1,0,-1,0,0,-1,202000025383,4,NULL,0,NULL,2,4,0,1,0,0,1,NULL," -1",1,0,1,50
202000025812,14,4,2020,10:40:00,1,91,91549,2,9,1,3,"RD 117","48,6258800","2,3421000",202000025812,154 696 831,B01,3,1,0,2,8,19,6,NULL,202000025812,154 696 830,A01,1,1,1,1,1997,4,1,0,-1,-1," -1",-1,202000025812,3,117,0,NULL,1,1,0,1,0,0,1,NULL," -1",1,5,1,50
202000025812,14,4,2020,10:40:00,1,91,91549,2,9,1,3,"RD 117","48,6258800","2,3421000",202000025812,154 696 831,B01,3,1,0,2,8,19,6,NULL,202000025812,154 696 831,B01,1,1,4,1,1955,3,8,0,-1,-1," -1",-1,202000025812,3,117,0,NULL,1,1,0,1,0,0,1,NULL," -1",1,5,1,50
202000027757,4,6,2020,19:10:00,1,92,92004,2,3,1,2,MALAKOFF,"48,9146400","2,2855400",202000027757,154 693 464,A01,3,1,0,2,4,0,5,NULL,202000027757,154 693 464,A01,1,1,1,2,1980,1,2,8,-1,-1," -1",-1,202000027757,4,MALAKOFF,0,NULL,1,1,2,1,0,0,1,NULL," -1",1,0,1,50
202000027757,4,6,2020,19:10:00,1,92,92004,2,3,1,2,MALAKOFF,"48,9146400","2,2855400",202000027757,154 693 464,A01,3,1,0,2,4,0,5,NULL,202000027757,154 693 465,B01,1,1,4,2,1972,1,2,0,-1,-1," -1",-1,202000027757,4,MALAKOFF,0,NULL,1,1,2,1,0,0,1,NULL," -1",1,0,1,50
202000028237,14,1,2020,16:55:00,2,76,76217,2,9,1,3,"DUQUESNE (QUAI)","49,9251000","1,0804690",202000028237,154 692 615,A01,0,1,0,2,1,15,5,NULL,202000028237,154 692 615,A01,1,1,3,2,1949,0,8,0,-1,-1," -1",-1,202000028237,4,"DUQUESNE (QUAI)",0,NULL,1,2,0,1,0,0,2,NULL," -1",1,0,1,30
202000028237,14,1,2020,16:55:00,2,76,76217,2,9,1,3,"DUQUESNE (QUAI)","49,9251000","1,0804690",202000028237,154 692 615,A01,0,1,0,2,1,15,5,NULL,202000028237,154 692 616,B01,1,1,1,1,1978,9,1,8,-1,-1," -1",-1,202000028237,4,"DUQUESNE (QUAI)",0,NULL,1,2,0,1,0,0,2,NULL," -1",1,0,1,30
202000029453,4,6,2020,12:35:00,1,93,93077,2,2,2,3,"DETOUCHE (AVENUE)","48,8847100","2,5115600",202000029453,154 690 499,B01,2,1,0,2,8,16,5,NULL,202000029453,154 690 498,A01,1,1,1,1,1949,0,8,0,-1,-1," -1",-1,202000029453,4,"DETOUCHE (AVENUE)",0,NULL,-1,1,0,2,0,0,1,NULL," -1",2,0,1,50
202000029453,4,6,2020,12:35:00,1,93,93077,2,2,2,3,"DETOUCHE (AVENUE)","48,8847100","2,5115600",202000029453,154 690 499,B01,2,1,0,2,8,16,5,NULL,202000029453,154 690 499,B01,1,1,4,1,1990,0,2,0,-1,-1," -1",-1,202000029453,4,"DETOUCHE (AVENUE)",0,NULL,-1,1,0,2,0,0,1,NULL," -1",2,0,1,50
202000032615,13,2,2020,07:40:00,5,35,35238,2,6,2,3,"GRIMAULT (BD LEON)","48,0914500"," -1,6581500",202000032615,154 685 101,B01,0,1,0,2,5,1,0,NULL,202000032615,154 685 098,A01,1,1,1,1,1977,0,1,0,-1,-1," -1",-1,202000032615,4,"GRIMAULT (BD LEON)",0,NULL,2,2,1,1,0,0,1,NULL," -1",2,0,1,50
202000032615,13,2,2020,07:40:00,5,35,35238,2,6,2,3,"GRIMAULT (BD LEON)","48,0914500"," -1,6581500",202000032615,154 685 101,B01,0,1,0,2,5,1,0,NULL,202000032615,154 685 101,B01,1,1,4,1,1976,0,2,0,-1,-1," -1",-1,202000032615,4,"GRIMAULT (BD LEON)",0,NULL,2,2,1,1,0,0,1,NULL," -1",2,0,1,50
202000032820,3,9,2020,17:30:00,1,94,94067,2,9,1,1,"Rue de Lagny","48,8493180","2,4200320",202000032820,154 684 760,B01,2,1,0,2,1,1,6,NULL,202000032820,154 684 759,A01,1,1,1,2,1994,4,1,0,-1,-1," -1",-1,202000032820,3,143,0,NULL,1,2,1,1,0,1,1,NULL," -1",1,0,1,50
202000032820,3,9,2020,17:30:00,1,94,94067,2,9,1,1,"Rue de Lagny","48,8493180","2,4200320",202000032820,154 684 760,B01,2,1,0,2,1,1,6,NULL,202000032820,154 684 760,B01,1,1,4,2,1991,5,2,0,-1,-1," -1",-1,202000032820,3,143,0,NULL,1,2,1,1,0,1,1,NULL," -1",1,0,1,50
202000037671,30,6,2020,16:50:00,1,64,64129,2,6,1,3,PLAINE,"43,2997800"," -0,3989100",202000037671,154 676 154,B01,1,1,0,2,3,1,5,NULL,202000037671,154 676 153,A01,1,1,1,2,1939,1,1,0,-1,-1," -1",-1,202000037671,4,PLAINE,0,NULL,2,2,0,1,0,0,3,NULL," -1",1,9,1,50
202000037671,30,6,2020,16:50:00,1,64,64129,2,6,1,3,PLAINE,"43,2997800"," -0,3989100",202000037671,154 676 154,B01,1,1,0,2,3,1,5,NULL,202000037671,154 676 154,B01,1,1,4,1,1961,5,2,6,-1,-1," -1",-1,202000037671,4,PLAINE,0,NULL,2,2,0,1,0,0,3,NULL," -1",1,9,1,50
202000037882,26,10,2020,08:40:00,1,45,45315,1,2,1,3,"D120 PR 1 + 200","47,7624140","2,3337260",202000037882,154 675 778,A01,1,1,0,2,1,1,5,NULL,202000037882,154 675 777,B01,1,1,1,2,1971,1,1,-1,-1,0,0,-1,202000037882,3,120,-1,NULL,2,2,0,1,1,200,1,NULL," -1",1,0,1,70
202000037882,26,10,2020,08:40:00,1,45,45315,1,2,1,3,"D120 PR 1 + 200","47,7624140","2,3337260",202000037882,154 675 778,A01,1,1,0,2,1,1,5,NULL,202000037882,154 675 778,A01,1,1,3,1,1952,5,2,-1,-1,0,0,-1,202000037882,3,120,-1,NULL,2,2,0,1,1,200,1,NULL," -1",1,0,1,70
202000038096,29,6,2020,15:15:00,1,67,67482,2,3,3,-1,"SENGENWALD (RUE)","48,5773500","7,7521400",202000038096,154 675 382,B01,2,1,0,2,0,15,5,NULL,202000038096,154 675 382,B01,1,1,4,1,1976,0,8,0,-1,-1," -1",-1,202000038096,4,NULL,0,NULL,1,4,1,1,0,0,1,NULL," -1",2,0,1,50
202000038096,29,6,2020,15:15:00,1,67,67482,2,3,3,-1,"SENGENWALD (RUE)","48,5773500","7,7521400",202000038096,154 675 382,B01,2,1,0,2,0,15,5,NULL,202000038096,154 675 383,A01,1,1,1,1,1947,5,1,8,-1,-1," -1",-1,202000038096,4,NULL,0,NULL,1,4,1,1,0,0,1,NULL," -1",2,0,1,50
202000039517,25,9,2020,10:15:00,1,54,54395,2,1,1,2,"CHARLES V (BOULEVARD)","48,7000000","6,1761300",202000039517,154 672 896,B01,1,1,0,2,1,1,0,NULL,202000039517,154 672 896,B01,1,1,4,1,1932,0,2,0,-1,-1," -1",-1,202000039517,4,NULL,0,NULL,2,2,0,1,(1),(1),1,NULL," -1",1,0,1,30
202000042652,5,1,2020,11:40:00,1,80,80192,1,1,1,7,"Rue d'Etinehem","49,9157060","2,6591920",202000042652,154 667 332,A01,3,1,0,0,7,26,5,NULL,202000042652,154 667 332,A01,1,1,3,1,1955,5,2,-1,-1,0,0,-1,202000042652,4,107,-1,NULL,2,2,0,3,(1),(1),1,NULL," -1",1,0,1,80
202000043772,4,12,2020,11:00:00,1,75,75111,2,3,1,3,"BOULEVARD VOLTAIRE","48,8606650","2,3753210",202000043772,154 665 322,A01,1,1,0,2,1,1,5,NULL,202000043772,154 665 321,Z01,2,2,1,1,1957,9,1,0,-1,0,0,-1,202000043772,4,NULL,0,NULL,2,3,1,1,0,0,1,NULL," -1",1,-1,5,30
202000043772,4,12,2020,11:00:00,1,75,75111,2,3,1,3,"BOULEVARD VOLTAIRE","48,8606650","2,3753210",202000043772,154 665 322,A01,1,1,0,2,1,1,5,NULL,202000043772,154 665 322,A01,1,1,4,2,1977,9,2,0,-1,0,0,-1,202000043772,4,NULL,0,NULL,2,3,1,1,0,0,1,NULL," -1",1,-1,5,30
202000043989,22,9,2020,15:30:00,1,75,75108,2,2,1,7,"RUE ROYALE","48,8683870","2,3232500",202000043989,154 664 943,A01,2,1,0,0,7,1,5,NULL,202000043989,154 664 943,A01,1,1,4,2,1935,5,8,0,-1,0,0,-1,202000043989,4,NULL,0,NULL,2,2,0,1,0,0,1,NULL," -1",1,0,1,50
202000046075,7,3,2020,15:30:00,1,69,69259,2,6,1,3,"DOCTEUR COBLOD (DU)                 (BD)","45,7016900","4,8912400",202000046075,154 661 295,B01,3,1,0,2,1,2,5,NULL,202000046075,154 661 294,A01,1,1,1,1,2000,5,1,0,-1,-1," -1",-1,202000046075,4,"DOCTEUR COBLOD (DU)                 (BD)",0,NULL,1,0,0,1,0,0,2,NULL," -1",1,5,1,50
202000046075,7,3,2020,15:30:00,1,69,69259,2,6,1,3,"DOCTEUR COBLOD (DU)                 (BD)","45,7016900","4,8912400",202000046075,154 661 295,B01,3,1,0,2,1,2,5,NULL,202000046075,154 661 294,A01,10,3,4,2,1986,5,0,-1,-1,9,9,1,202000046075,4,"DOCTEUR COBLOD (DU)                 (BD)",0,NULL,1,0,0,1,0,0,2,NULL," -1",1,5,1,50
202000047383,24,7,2020,16:39:00,1,75,75118,2,1,1,6,"RUE DOUDEAUVILLE","48,8883850","2,3526410",202000047383,154 658 993,A01,1,1,0,1,8,1,5,NULL,202000047383,154 658 993,A01,1,1,1,1,1989,5,2,0,-1,0,0,-1,202000047383,4,NULL,0,NULL,2,2,1,1,0,0,1,NULL," -1",1,0,1,30
202000047383,24,7,2020,16:39:00,1,75,75118,2,1,1,6,"RUE DOUDEAUVILLE","48,8883850","2,3526410",202000047383,154 658 993,A01,1,1,0,1,8,1,5,NULL,202000047383,154 658 993,A01,10,3,4,1,1953,3,0,-1,-1,2,4,1,202000047383,4,NULL,0,NULL,2,2,1,1,0,0,1,NULL," -1",1,0,1,30
202000006904,16,5,2020,13:30:00,1,92,92049,2,1,1,3,"GINOUX AV. HENRI N°1 A 95 ET 2 A 104","48,8183910","2,3226370",202000006904,154 730 116,A01,2,1,0,2,2,2,0,NULL,202000006904,154 730 115,B01,1,1,1,1,1997,4,2,8,-1,-1,0,-1,202000006904,3,128,0,NULL,1,1,1,1,0,0,1,NULL," -1",1,0,5,50
202000006904,16,5,2020,13:30:00,1,92,92049,2,1,1,3,"GINOUX AV. HENRI N°1 A 95 ET 2 A 104","48,8183910","2,3226370",202000006904,154 730 115,B01,2,1,0,2,3,2,0,NULL,202000006904,154 730 115,B01,1,1,1,1,1997,4,2,8,-1,-1,0,-1,202000006904,3,128,0,NULL,1,1,1,1,0,0,1,NULL," -1",1,0,5,50
202000006904,16,5,2020,13:30:00,1,92,92049,2,1,1,3,"GINOUX AV. HENRI N°1 A 95 ET 2 A 104","48,8183910","2,3226370",202000006904,154 730 116,A01,2,1,0,2,2,2,0,NULL,202000006904,154 730 116,A01,1,1,4,1,1975,0,9,0,-1,-1,0,-1,202000006904,3,128,0,NULL,1,1,1,1,0,0,1,NULL," -1",1,0,5,50
202000006904,16,5,2020,13:30:00,1,92,92049,2,1,1,3,"GINOUX AV. HENRI N°1 A 95 ET 2 A 104","48,8183910","2,3226370",202000006904,154 730 115,B01,2,1,0,2,3,2,0,NULL,202000006904,154 730 116,A01,1,1,4,1,1975,0,9,0,-1,-1,0,-1,202000006904,3,128,0,NULL,1,1,1,1,0,0,1,NULL," -1",1,0,5,50
202000007179,15,9,2020,18:00:00,1,31,31069,2,4,1,3,"GINESTET (RUE)","43,6262600","1,3915900",202000007179,154 729 634,B01,1,1,0,2,1,1,5,NULL,202000007179,154 729 633,A01,1,1,1,2,1946,5,1,8,-1,-1," -1",-1,202000007179,4,"GINESTET (RUE)",0,NULL,2,2,0,1,0,0,4,NULL," -1",1,0,1,50
202000007179,15,9,2020,18:00:00,1,31,31069,2,4,1,3,"GINESTET (RUE)","43,6262600","1,3915900",202000007179,154 729 634,B01,1,1,0,2,1,1,5,NULL,202000007179,154 729 634,B01,1,1,4,1,1978,9,2,0,-1,-1," -1",-1,202000007179,4,"GINESTET (RUE)",0,NULL,2,2,0,1,0,0,4,NULL," -1",1,0,1,50
202000007335,29,1,2020,07:55:00,5,56,56121,2,7,1,5,"COSMAO-DUMANOIR ( BD )","47,7541200"," -3,3669500",202000007335,154 729 348,B01,3,1,0,2,8,19,5,NULL,202000007335,154 729 347,C01,1,1,1,1,1966,4,1,8,-1,0,0,-1,202000007335,4,"COSMAO-DUMANOIR ( BD )",0,NULL,2,-1,0,1,0,0,1,NULL," -1",1,9,1,30
202000007335,29,1,2020,07:55:00,5,56,56121,2,7,1,5,"COSMAO-DUMANOIR ( BD )","47,7541200"," -3,3669500",202000007335,154 729 348,B01,3,1,0,2,8,19,5,NULL,202000007335,154 729 348,B01,1,1,4,1,1999,2,2,0,-1,0,0,-1,202000007335,4,"COSMAO-DUMANOIR ( BD )",0,NULL,2,-1,0,1,0,0,1,NULL," -1",1,9,1,30
202000007335,29,1,2020,07:55:00,5,56,56121,2,7,1,5,"COSMAO-DUMANOIR ( BD )","47,7541200"," -3,3669500",202000007335,154 729 348,B01,3,1,0,2,8,19,5,NULL,202000007335,154 729 349,A01,1,1,1,1,1975,9,1,8,-1,0,0,-1,202000007335,4,"COSMAO-DUMANOIR ( BD )",0,NULL,2,-1,0,1,0,0,1,NULL," -1",1,9,1,30
202000009666,17,6,2020,19:10:00,1,75,75114,2,1,1,3,"RUE DU COMMANDANT RENE MOUCHOTTE","48,8388210","2,3204640",202000009666,154 725 262,B01,2,1,0,2,1,1,0,NULL,202000009666,154 725 262,B01,1,1,4,2,1994,9,8,0,-1,0,0,-1,202000009666,4,NULL,0,NULL,2,2,0,1,15,0,1,NULL," -1",1,8,1,50
202000009666,17,6,2020,19:10:00,1,75,75114,2,1,1,3,"RUE DU COMMANDANT RENE MOUCHOTTE","48,8388210","2,3204640",202000009666,154 725 262,B01,2,1,0,2,1,1,0,NULL,202000009666,154 725 263,A01,1,1,1,1,1973,9,1,0,-1,0,0,-1,202000009666,4,NULL,0,NULL,2,2,0,1,15,0,1,NULL," -1",1,8,1,50
202000010454,21,11,2020,11:20:00,1,06,06123,2,1,1,1,"MOATTI PASSAGE","43,6617100","7,1936100",202000010454,154 723 874,A01,3,1,0,2,1,5,5,NULL,202000010454,154 723 874,A01,1,1,4,1,1961,5,2,0,-1,-1," -1",-1,202000010454,4,"MOATTI PASSAGE",0,NULL,1,1,1,2,0,0,1,NULL," -1",1,0,1,50
202000010454,21,11,2020,11:20:00,1,06,06123,2,1,1,1,"MOATTI PASSAGE","43,6617100","7,1936100",202000010454,154 723 874,A01,3,1,0,2,1,5,5,NULL,202000010454,154 723 875,B01,1,1,1,1,1986,5,1,0,-1,-1," -1",-1,202000010454,4,"MOATTI PASSAGE",0,NULL,1,1,1,2,0,0,1,NULL," -1",1,0,1,50
202000011389,15,9,2020,09:40:00,1,2B,2B049,1,1,1,-1,D81,"42,4621570","8,7512110",202000011389,154 722 217,A01,2,1,0,2,0,2,5,NULL,202000011389,154 722 215,B01,1,1,3,1,1947,5,2,-1,-1,0,0,-1,202000011389,3,81,0,D,2,2,0,2,129,200,1,NULL," -1",1,0,1,80
202000011389,15,9,2020,09:40:00,1,2B,2B049,1,1,1,-1,D81,"42,4621570","8,7512110",202000011389,154 722 215,B01,2,1,0,2,0,0,5,NULL,202000011389,154 722 215,B01,1,1,3,1,1947,5,2,-1,-1,0,0,-1,202000011389,3,81,0,D,2,2,0,2,129,200,1,NULL," -1",1,0,1,80
202000011389,15,9,2020,09:40:00,1,2B,2B049,1,1,1,-1,D81,"42,4621570","8,7512110",202000011389,154 722 217,A01,2,1,0,2,0,2,5,NULL,202000011389,154 722 217,A01,1,1,3,1,1955,5,2,-1,-1,0,0,-1,202000011389,3,81,0,D,2,2,0,2,129,200,1,NULL," -1",1,0,1,80
202000011389,15,9,2020,09:40:00,1,2B,2B049,1,1,1,-1,D81,"42,4621570","8,7512110",202000011389,154 722 215,B01,2,1,0,2,0,0,5,NULL,202000011389,154 722 217,A01,1,1,3,1,1955,5,2,-1,-1,0,0,-1,202000011389,3,81,0,D,2,2,0,2,129,200,1,NULL," -1",1,0,1,80
202000011737,17,6,2020,15:50:00,1,2B,2B207,1,1,1,1,D206,"42,4633280","9,4607310",202000011737,154 721 600,B01,2,1,0,2,1,1,5,NULL,202000011737,154 721 599,A01,1,1,1,1,1988,4,8,-1,-1,0,0,-1,202000011737,3,206,-1,D,2,2,0,2,0,0,2,NULL," -1",1,0,1,80
202000011737,17,6,2020,15:50:00,1,2B,2B207,1,1,1,1,D206,"42,4633280","9,4607310",202000011737,154 721 600,B01,2,1,0,2,1,1,5,NULL,202000011737,154 721 600,B01,1,1,4,1,1971,5,2,6,-1,0,0,-1,202000011737,3,206,-1,D,2,2,0,2,0,0,2,NULL," -1",1,0,1,80
202000012547,12,5,2020,11:00:00,1,75,75110,2,3,1,2,"RUE DU BUISSON SAINT LOUIS","48,8732440","2,3747740",202000012547,154 720 207,B01,1,1,0,2,8,1,5,NULL,202000012547,154 720 207,B01,1,1,4,1,1980,9,8,0,-1,0,0,-1,202000012547,4,NULL,0,NULL,1,1,0,1,0,0,1,NULL," -1",1,-1,5,50
202000012547,12,5,2020,11:00:00,1,75,75110,2,3,1,2,"RUE DU BUISSON SAINT LOUIS","48,8732440","2,3747740",202000012547,154 720 207,B01,1,1,0,2,8,1,5,NULL,202000012547,154 720 208,A01,1,1,1,1,1972,4,8,8,-1,0,0,-1,202000012547,4,NULL,0,NULL,1,1,0,1,0,0,1,NULL," -1",1,-1,5,50
202000015277,12,9,2020,16:20:00,1,93,93047,2,1,1,3,"HENRI BARBUSSE  (RUE)","48,9005621","2,5679710",202000015277,154 715 422,B01,0,1,0,0,7,19,5,NULL,202000015277,154 715 421,A01,1,1,1,1,1960,0,1,0,-1,-1," -1",-1,202000015277,4,"HENRI BARBUSSE  (RUE)",0,NULL,1,1,0,1,0,0,1,NULL," -1",1,0,1,30
202000015277,12,9,2020,16:20:00,1,93,93047,2,1,1,3,"HENRI BARBUSSE  (RUE)","48,9005621","2,5679710",202000015277,154 715 422,B01,0,1,0,0,7,19,5,NULL,202000015277,154 715 422,B01,2,2,4,1,2009,0,0,-1,-1,-1," -1",-1,202000015277,4,"HENRI BARBUSSE  (RUE)",0,NULL,1,1,0,1,0,0,1,NULL," -1",1,0,1,30
202000015277,12,9,2020,16:20:00,1,93,93047,2,1,1,3,"HENRI BARBUSSE  (RUE)","48,9005621","2,5679710",202000015277,154 715 422,B01,0,1,0,0,7,19,5,NULL,202000015277,154 715 422,B01,1,1,4,1,2009,0,8,0,-1,-1," -1",-1,202000015277,4,"HENRI BARBUSSE  (RUE)",0,NULL,1,1,0,1,0,0,1,NULL," -1",1,0,1,30
202000016816,12,7,2020,00:10:00,5,67,67447,2,3,1,3,"CHARME (RUE DU)","48,6076381","7,7216592",202000016816,154 712 673,A01,1,1,0,2,0,1,5,NULL,202000016816,154 712 673,A01,1,1,4,1,1992,0,8,0,-1,-1," -1",-1,202000016816,7,120,0,NULL,2,3,0,1,1,950,1,NULL," -1",1,0,1,50
202000018307,2,5,2020,08:05:00,1,92,92044,2,2,1,3,"VIC. HUGO(RUE)069A075 ET 080A088","48,8955100","2,2968600",202000018307,154 710 042,A01,1,1,0,2,1,1,5,NULL,202000018307,154 710 041,B01,1,1,1,1,1962,0,1,0,-1,-1," -1",-1,202000018307,3,909,0,NULL,2,1,3,1,0,0,1,NULL," -1",1,0,1,50
202000018307,2,5,2020,08:05:00,1,92,92044,2,2,1,3,"VIC. HUGO(RUE)069A075 ET 080A088","48,8955100","2,2968600",202000018307,154 710 042,A01,1,1,0,2,1,1,5,NULL,202000018307,154 710 042,A01,1,1,4,1,1983,1,2,0,-1,-1," -1",-1,202000018307,3,909,0,NULL,2,1,3,1,0,0,1,NULL," -1",1,0,1,50
202000019922,18,12,2020,11:47:00,1,37,37233,2,6,1,-1,"PAUL (RUE MARCEL)","47,3950403","0,7263519",202000019922,154 707 158,B01,2,1,0,2,1,1,5,NULL,202000019922,154 707 157,A01,1,1,1,1,1997,5,1,0,-1,0,0,-1,202000019922,4,NULL,0,NULL,2,2,0,1,(1),(1),1,NULL," -1",1,0,1,50
202000019922,18,12,2020,11:47:00,1,37,37233,2,6,1,-1,"PAUL (RUE MARCEL)","47,3950403","0,7263519",202000019922,154 707 158,B01,2,1,0,2,1,1,5,NULL,202000019922,154 707 158,B01,1,1,4,2,1949,5,8,0,-1,-1," -1",-1,202000019922,4,NULL,0,NULL,2,2,0,1,(1),(1),1,NULL," -1",1,0,1,50
202000020019,12,11,2020,16:40:00,1,83,83129,1,9,1,2,"KENNEDY (AVENUE J.)N° IMPAIRS > ST VICTO","43,1085891","5,8277970",202000020019,154 706 972,B01,2,1,0,2,4,1,5,NULL,202000020019,154 706 972,B01,1,1,3,1,1955,5,2,0,-1,-1," -1",-1,202000020019,3,63,0,NULL,2,2,0,2,0,1181,2,NULL," -1",1,5,1,50
202000020019,12,11,2020,16:40:00,1,83,83129,1,9,1,2,"KENNEDY (AVENUE J.)N° IMPAIRS > ST VICTO","43,1085891","5,8277970",202000020019,154 706 972,B01,2,1,0,2,4,1,5,NULL,202000020019,154 706 973,A01,1,1,1,2,1992,1,1,0,-1,-1," -1",-1,202000020019,3,63,0,NULL,2,2,0,2,0,1181,2,NULL," -1",1,5,1,50
202000022141,24,4,2020,18:30:00,1,31,31269,1,1,1,-1,"Route de Labastidette","43,4853474","1,2687066",202000022141,154 703 247,B01,2,1,0,0,4,2,5,NULL,202000022141,154 703 247,B01,1,1,2,1,1969,5,0,-1,-1,0,0,-1,202000022141,3,23,0,D,2,2,0,1,52,500,2,NULL," -1",1,0,1,80