Num_Acc,jour,mois,an,hrmn,lum,dep,com,agg,int,atm,col,adr,lat,long,Num_Acc,id_vehicule,num_veh,senc,catv,obs,obsm,choc,manv,motor,occutc,Num_Acc,id_vehicule,num_veh,place,catu,grav,sexe,an_nais,trajet,secu1,secu2,secu3,locp,actp,etatp,Num_Acc,catr,voie,v1,v2,circ,nbv,vosp,prof,pr,pr1,plan,lartpc,larrout,surf,infra,situ,vma
202000022141,24,4,2020,18:30:00,1,31,31269,1,1,1,-1,"Route de Labastidette","43,4853474","1,2687066",202000022141,154 703 247,B01,2,1,0,0,4,2,5,NULL,202000022141,154 703 248,A01,1,1,1,1,1995,5,1,-1,-1,0,0,-1,202000022141,3,23,0,D,2,2,0,1,52,500,2,NULL," -1",1,0,1,80
202000022141,24,4,2020,18:30:00,1,31,31269,1,1,1,-1,"Route de Labastidette","43,4853474","1,2687066",202000022141,154 703 247,B01,2,1,0,0,4,2,5,NULL,202000022141,154 703 248,A01,10,3,3,2,1975,5,8,-1,-1,1,5,3,202000022141,3,23,0,D,2,2,0,1,52,500,2,NULL," -1",1,0,1,80
202000023339,8,6,2020,09:40:00,1,75,75111,2,4,8,1,"RUE SAINT MAUR","48,8594350","2,3827550",202000023339,154 701 168,B01,2,1,0,2,1,1,5,NULL,202000023339,154 701 166,A01,1,1,1,2,1960,9,1,8,-1,0,0,-1,202000023339,4,NULL,0,NULL,1,1,2,1,0,0,1,NULL," -1",1,-1,5,30
202000023339,8,6,2020,09:40:00,1,75,75111,2,4,8,1,"RUE SAINT MAUR","48,8594350","2,3827550",202000023339,154 701 168,B01,2,1,0,2,1,1,5,NULL,202000023339,154 701 168,B01,1,1,4,2,1993,1,2,8,-1,0,0,-1,202000023339,4,NULL,0,NULL,1,1,2,1,0,0,1,NULL," -1",1,-1,5,30
202000023368,5,6,2020,17:01:00,1,92,92063,2,6,1,3,"HUIT MAI 1945 (PLACE DU)","48,8714449","2,2032282",202000023368,154 701 121,B01,1,1,0,2,8,16,5,NULL,202000023368,154 701 121,B01,1,1,2,1,1941,5,8,0,-1,-1," -1",-1,202000023368,4,"8 MAI 1945 (PLACE DU)",0,NULL,1,2,0,1,0,0,3,NULL," -1",1,0,1,50
202000023368,5,6,2020,17:01:00,1,92,92063,2,6,1,3,"HUIT MAI 1945 (PLACE DU)","48,8714449","2,2032282",202000023368,154 701 121,B01,1,1,0,2,8,16,5,NULL,202000023368,154 701 122,A01,1,1,1,1,1981,4,1,8,-1,-1," -1",-1,202000023368,4,"8 MAI 1945 (PLACE DU)",0,NULL,1,2,0,1,0,0,3,NULL," -1",1,0,1,50
202000023799,8,11,2020,11:25:00,1,94,94041,2,9,1,3,"MAURICE THOREZ (AV)","48,8190200","2,3740800",202000023799,154 700 355,B01,1,1,0,2,1,26,6,NULL,202000023799,154 700 355,B01,1,1,4,1,1960,0,8,0,-1,-1," -1",-1,202000023799,3,156,0,A,2,2,1,1,0,0,1,NULL," -1",1,9,6,30
202000023799,8,11,2020,11:25:00,1,94,94041,2,9,1,3,"MAURICE THOREZ (AV)","48,8190200","2,3740800",202000023799,154 700 355,B01,1,1,0,2,1,26,6,NULL,202000023799,154 700 356,A01,1,1,1,1,1980,5,2,6,-1,-1," -1",-1,202000023799,3,156,0,A,2,2,1,1,0,0,1,NULL," -1",1,9,6,30
202000026074,16,10,2020,13:45:00,1,75,75119,2,3,1,6,"AVENUE DE FLANDRE","48,8911350","2,3775560",202000026074,154 696 384,A01,1,1,0,1,0,1,5,NULL,202000026074,154 696 384,A01,10,3,4,1,1948,5,0,-1,-1,3,3,1,202000026074,4,NULL,0,NULL,1,3,1,1,0,0,1,NULL," -1",1,-1,5,50
202000026074,16,10,2020,13:45:00,1,75,75119,2,3,1,6,"AVENUE DE FLANDRE","48,8911350","2,3775560",202000026074,154 696 384,A01,1,1,0,1,0,1,5,NULL,202000026074,154 696 384,A01,1,1,1,1,1984,1,8,0,-1,0,0,-1,202000026074,4,NULL,0,NULL,1,3,1,1,0,0,1,NULL," -1",1,-1,5,50
202000027194,5,11,2020,20:55:00,5,94,94018,2,1,1,3,"4 R DU PONT","48,8178500","2,4197700",202000027194,154 694 425,B01,3,1,0,2,7,1,5,NULL,202000027194,154 694 423,A01,1,1,1,1,1971,0,1,8,-1,-1," -1",-1,202000027194,4,"PONT (R DU)",0,NULL,-1,2,0,1,0,1,3,NULL," -1",1,0,1,50
202000027194,5,11,2020,20:55:00,5,94,94018,2,1,1,3,"4 R DU PONT","48,8178500","2,4197700",202000027194,154 694 425,B01,3,1,0,2,7,1,5,NULL,202000027194,154 694 425,B01,1,1,4,1,1987,0,0,0,-1,-1," -1",-1,202000027194,4,"PONT (R DU)",0,NULL,-1,2,0,1,0,1,3,NULL," -1",1,0,1,50
202000028437,6,7,2020,15:50:00,1,77,77482,2,1,1,2,D606,"48,3610619","2,9180472",202000028437,154 692 242,B01,1,1,0,2,8,1,0,NULL,202000028437,154 692 242,B01,1,1,2,1,1943,5,2,0,-1,0,0,-1,202000028437,3,606,0,NULL,3,4,0,1,49,500,1,NULL," -1",1,5,1,70
202000028437,6,7,2020,15:50:00,1,77,77482,2,1,1,2,D606,"48,3610619","2,9180472",202000028437,154 692 242,B01,1,1,0,2,8,1,0,NULL,202000028437,154 692 243,A01,1,1,1,1,1979,4,1,8,-1,-1," -1",-1,202000028437,3,606,0,NULL,3,4,0,1,49,500,1,NULL," -1",1,5,1,70
202000033888,13,1,2020,09:00:00,1,75,75115,2,3,1,3,"RUE LOUIS ARMAND","48,8325711","2,2792272",202000033888,154 682 879,B01,2,1,0,2,1,15,5,NULL,202000033888,154 682 879,B01,1,1,4,2,1985,1,8,2,-1,0,0,-1,202000033888,4,NULL,0,NULL,2,1,0,1,0,0,1,NULL,3,1,0,1,50
202000033888,13,1,2020,09:00:00,1,75,75115,2,3,1,3,"RUE LOUIS ARMAND","48,8325711","2,2792272",202000033888,154 682 879,B01,2,1,0,2,1,15,5,NULL,202000033888,154 682 880,A01,1,1,1,1,1981,1,2,6,-1,0,0,-1,202000033888,4,NULL,0,NULL,2,1,0,1,0,0,1,NULL,3,1,0,1,50
202000033997,10,1,2020,18:35:00,5,71,71270,2,1,1,3,"Cours Moreau","46,3091286","4,8333775",202000033997,154 682 684,B01,1,1,0,2,1,1,5,NULL,202000033997,154 682 684,B01,1,1,4,1,1992,1,2,8,-1,0,0,-1,202000033997,3,82,0,E,2,2,2,3,0,0,1,NULL," -1",1,0,1,50
202000033997,10,1,2020,18:35:00,5,71,71270,2,1,1,3,"Cours Moreau","46,3091286","4,8333775",202000033997,154 682 684,B01,1,1,0,2,1,1,5,NULL,202000033997,154 682 685,A01,1,1,1,2,1972,5,1,0,-1,0,0,-1,202000033997,3,82,0,E,2,2,2,3,0,0,1,NULL," -1",1,0,1,50
202000034133,2,7,2020,18:00:00,1,60,60159,2,1,1,3,"passage Frédéric Chopin","49,4091110","2,8060617",202000034133,154 682 437,B01,1,1,0,2,8,19,0,NULL,202000034133,154 682 437,B01,1,1,4,1,2015,5,8,0,-1,-1," -1",-1,202000034133,4,NULL,0,NULL,2,2,0,1,(1),(1),1,NULL," -1",1,0,1,30
202000034945,1,8,2020,10:20:00,1,35,35297,2,1,1,3,"8 Route de St Onen la Chapelle","48,1833030"," -2,1850400",202000034945,154 681 002,B01,2,1,0,2,8,15,5,NULL,202000034945,154 681 001,A01,2,2,1,1,2000,5,1,-1,-1,0,0,-1,202000034945,3,59,-1,NULL,2,2,0,1,7,1107,1,NULL," -1",1,0,1,50
202000034945,1,8,2020,10:20:00,1,35,35297,2,1,1,3,"8 Route de St Onen la Chapelle","48,1833030"," -2,1850400",202000034945,154 681 002,B01,2,1,0,2,8,15,5,NULL,202000034945,154 681 001,A01,1,1,1,1,2000,5,8,-1,-1,0,0,-1,202000034945,3,59,-1,NULL,2,2,0,1,7,1107,1,NULL," -1",1,0,1,50
202000034945,1,8,2020,10:20:00,1,35,35297,2,1,1,3,"8 Route de St Onen la Chapelle","48,1833030"," -2,1850400",202000034945,154 681 002,B01,2,1,0,2,8,15,5,NULL,202000034945,154 681 002,B01,1,1,2,1,1936,5,0,-1,-1,0,0,-1,202000034945,3,59,-1,NULL,2,2,0,1,7,1107,1,NULL," -1",1,0,1,50
202000036018,4,7,2020,13:00:00,1,60,60065,1,1,2,3,"Rue de Noailles","49,3399340","2,2099630",202000036018,154 679 085,B01,3,1,0,2,0,13,5,NULL,202000036018,154 679 085,B01,1,1,3,1,1962,5,2,9,-1,0,0,-1,202000036018,4,NULL,-1,NULL,-1,2,0,1,(1),(1),2,NULL," -1",2,0,1,80
202000036018,4,7,2020,13:00:00,1,60,60065,1,1,2,3,"Rue de Noailles","49,3399340","2,2099630",202000036018,154 679 085,B01,3,1,0,2,0,13,5,NULL,202000036018,154 679 086,A01,1,1,1,2,1982,5,1,-1,-1,0,0,-1,202000036018,4,NULL,-1,NULL,-1,2,0,1,(1),(1),2,NULL," -1",2,0,1,80
202000037196,30,7,2020,20:15:00,1,93,93005,2,1,1,3,"LEON JOUHAUX (RUE)","48,9534538","2,4829660",202000037196,154 677 001,A01,3,1,0,2,8,1,5,NULL,202000037196,154 677 001,A01,1,1,4,1,1993,3,2,0,-1,-1," -1",-1,202000037196,4,NULL,0,NULL,2,1,0,1,0,0,1,NULL," -1",1,0,1,50
202000037196,30,7,2020,20:15:00,1,93,93005,2,1,1,3,"LEON JOUHAUX (RUE)","48,9534538","2,4829660",202000037196,154 677 001,A01,3,1,0,2,8,1,5,NULL,202000037196,154 677 002,B01,1,1,1,1,1957,3,1,8,-1,-1," -1",-1,202000037196,4,NULL,0,NULL,2,1,0,1,0,0,1,NULL," -1",1,0,1,50
202000042472,23,9,2020,18:00:00,1,51,51454,2,1,1,1,"Rue du Colonel Fabien","49,2503813","4,0204256",202000042472,154 667 644,A01,3,1,0,9,1,1,5,NULL,202000042472,154 667 644,A01,1,1,1,1,2005,5,2,-1,-1,-1," -1",-1,202000042472,4,NULL,0,NULL,-1,2,3,2,(1),(1),1,NULL," -1",1,9,4,50
202000042472,23,9,2020,18:00:00,1,51,51454,2,1,1,1,"Rue du Colonel Fabien","49,2503813","4,0204256",202000042472,154 667 644,A01,3,1,0,9,1,1,5,NULL,202000042472,154 667 645,B01,1,1,4,1,1971,1,8,-1,-1,-1," -1",-1,202000042472,4,NULL,0,NULL,-1,2,3,2,(1),(1),1,NULL," -1",1,9,4,50
202000043179,23,6,2020,18:30:00,1,54,54431,2,3,1,3,"EUROPE (AVENUE DE L')","48,9169000","6,0653800",202000043179,154 666 359,B01,2,1,0,2,7,17,5,NULL,202000043179,154 666 359,B01,1,1,4,1,1996,0,2,0,-1,0,0,-1,202000043179,3," 910",0,NULL,2,3,0,2,(1),(1),1,NULL," -1",1,5,6,50
202000043179,23,6,2020,18:30:00,1,54,54431,2,3,1,3,"EUROPE (AVENUE DE L')","48,9169000","6,0653800",202000043179,154 666 359,B01,2,1,0,2,7,17,5,NULL,202000043179,154 666 360,A01,1,1,1,2,1963,0,8,0,-1,0,0,-1,202000043179,3," 910",0,NULL,2,3,0,2,(1),(1),1,NULL," -1",1,5,6,50
202000043403,24,5,2020,21:00:00,5,31,31555,2,1,1,3,"BD DES RECOLLETS","43,5839100","1,4443100",202000043403,154 665 960,A01,0,1,0,2,3,13,5,NULL,202000043403,154 665 960,A01,1,1,4,2,1997,9,8,0,-1,-1," -1",-1,202000043403,4,"BD DES RECOLLETS",0,NULL,2,2,1,1,0,0,1,NULL," -1",1,0,1,50
202000043403,24,5,2020,21:00:00,5,31,31555,2,1,1,3,"BD DES RECOLLETS","43,5839100","1,4443100",202000043403,154 665 960,A01,0,1,0,2,3,13,5,NULL,202000043403,154 665 961,B01,1,1,1,1,1997,9,1,0,-1,-1," -1",-1,202000043403,4,"BD DES RECOLLETS",0,NULL,2,2,1,1,0,0,1,NULL," -1",1,0,1,50
202000043689,4,12,2020,18:00:00,5,95,95218,2,6,2,3,"FR€NES (RUE DES)","49,0282700","2,1044000",202000043689,154 665 467,B01,3,1,0,2,1,1,0,NULL,202000043689,154 665 467,B01,1,1,4,1,2002,1,8,0,-1,-1,0,-1,202000043689,4,"FR€NES (RUE DES)",0,NULL,2,2,0,2,(1),(1),1,NULL," -1",2,5,1,50
202000044106,10,3,2020,09:15:00,1,93,93071,1,1,1,3,"VICTOR HUGO (AVENUE)","48,9329362","2,5334919",202000044106,154 664 734,B01,0,1,0,0,8,1,0,NULL,202000044106,154 664 734,B01,1,1,4,2,1952,5,8,0,-1,-1," -1",-1,202000044106,9,"VICTOR HUGO (AVENUE)",0,NULL,-1,0,0,1,0,0,1,NULL," -1",2,0,1,30
202000046951,20,8,2020,18:40:00,1,38,38053,2,6,1,3,"Route de Lyon","45,5892000","5,2469900",202000046951,154 659 739,B01,1,1,0,2,7,0,5,NULL,202000046951,154 659 739,B01,1,1,3,1,1972,3,2,0,-1,-1," -1",-1,202000046951,3,312,0,NULL,2,2,1,1,0,1,2,NULL," -1",1,9,1,70
202000046951,20,8,2020,18:40:00,1,38,38053,2,6,1,3,"Route de Lyon","45,5892000","5,2469900",202000046951,154 659 739,B01,1,1,0,2,7,0,5,NULL,202000046951,154 659 740,A01,1,1,1,2,1962,0,1,0,-1,-1," -1",-1,202000046951,3,312,0,NULL,2,2,1,1,0,1,2,NULL," -1",1,9,1,70
202000006826,16,5,2020,17:25:00,1,67,67464,1,2,7,3,"Rue de Strasbourg","48,3241537","7,5716773",202000006826,154 730 258,B01,2,1,0,2,1,1,5,NULL,202000006826,154 730 257,A01,1,1,1,1,1997,9,1,-1,-1,0,0,-1,202000006826,3,203,-1,NULL,2,2,0,1,20,953,1,NULL,4,1,0,1,80
202000006826,16,5,2020,17:25:00,1,67,67464,1,2,7,3,"Rue de Strasbourg","48,3241537","7,5716773",202000006826,154 730 258,B01,2,1,0,2,1,1,5,NULL,202000006826,154 730 258,B01,1,1,4,1,1962,5,2,-1,-1,0,0,-1,202000006826,3,203,-1,NULL,2,2,0,1,20,953,1,NULL,4,1,0,1,80
202000007408,29,1,2020,07:45:00,1,92,92050,2,9,1,1,"CHAMPS PIERREUX (AVENUE DES)","48,8893300","2,2135000",202000007408,154 729 213,B01,3,1,0,2,2,19,5,NULL,202000007408,154 729 213,B01,1,1,4,1,2006,2,8,0,-1,-1,0,-1,202000007408,4,"CHAMPS PIERREUX (AVENUE DES)",0,NULL,2,2,0,1,0,0,1,NULL," -1",1,0,1,50
202000007408,29,1,2020,07:45:00,1,92,92050,2,9,1,1,"CHAMPS PIERREUX (AVENUE DES)","48,8893300","2,2135000",202000007408,154 729 213,B01,3,1,0,2,2,19,5,NULL,202000007408,154 729 214,A01,1,1,1,1,1994,1,1,0,-1,-1,0,-1,202000007408,4,"CHAMPS PIERREUX (AVENUE DES)",0,NULL,2,2,0,1,0,0,1,NULL," -1",1,0,1,50
202000010680,14,5,2020,08:15:00,1,21,21209,2,6,1,3,"Rond point du 16 mars 1962","47,3377350","5,1544290",202000010680,154 723 481,B01,2,1,0,2,1,1,5,NULL,202000010680,154 723 480,A01,1,1,1,1,1980,1,1,-1,-1,0,0,-1,202000010680,3,108,-1,NULL,2,2,0,1,74,330,2,NULL," -1",1,5,1,50
202000010680,14,5,2020,08:15:00,1,21,21209,2,6,1,3,"Rond point du 16 mars 1962","47,3377350","5,1544290",202000010680,154 723 481,B01,2,1,0,2,1,1,5,NULL,202000010680,154 723 481,B01,1,1,3,2,1964,1,0,-1,-1,0,0,-1,202000010680,3,108,-1,NULL,2,2,0,1,74,330,2,NULL," -1",1,5,1,50
202000011865,16,8,2020,16:20:00,1,75,75110,2,1,1,-1,"RUE DU FAUBOURG SAINT DENIS","48,8817180","2,3583910",202000011865,154 721 387,B01,1,1,0,2,1,2,5,NULL,202000011865,154 721 386,A01,1,1,1,2,1962,9,1,0,-1,0,0,-1,202000011865,4,NULL,0,NULL,2,3,0,1,200,0,1,NULL," -1",1,0,1,50
202000011865,16,8,2020,16:20:00,1,75,75110,2,1,1,-1,"RUE DU FAUBOURG SAINT DENIS","48,8817180","2,3583910",202000011865,154 721 387,B01,1,1,0,2,1,2,5,NULL,202000011865,154 721 387,B01,1,1,4,1,1984,9,8,0,-1,0,0,-1,202000011865,4,NULL,0,NULL,2,3,0,1,200,0,1,NULL," -1",1,0,1,50
202000013731,13,8,2020,18:25:00,1,83,83034,2,9,1,3,"AVENUE DE FONT BRUN","43,0885000","6,0708000",202000013731,154 718 128,Y01,0,1,0,2,1,26,5,NULL,202000013731,154 718 128,Y01,1,1,4,1,1968,0,2,0,-1,-1," -1",-1,202000013731,4,NC,0,NULL,2,2,0,2,1,0,1,NULL," -1",1,8,1,30
202000013731,13,8,2020,18:25:00,1,83,83034,2,9,1,3,"AVENUE DE FONT BRUN","43,0885000","6,0708000",202000013731,154 718 128,Y01,0,1,0,2,1,26,5,NULL,202000013731,154 718 129,A01,1,1,1,1,1943,0,1,0,-1,-1," -1",-1,202000013731,4,NC,0,NULL,2,2,0,2,1,0,1,NULL," -1",1,8,1,30
202000014416,18,11,2020,10:52:00,1,75,75117,2,7,1,3,"AVENUE DE VILLIERS","48,8825080","2,3105270",202000014416,154 716 968,A01,2,1,0,2,8,15,5,NULL,202000014416,154 716 968,A01,1,1,3,1,1978,9,2,0,-1,0,0,-1,202000014416,4,NULL,0,NULL,2,4,0,1,0,0,2,NULL," -1",1,0,1,50
202000014863,23,2,2020,13:30:00,1,42,42094,2,1,1,3,"24 Rue de la République","45,7437600","4,2250910",202000014863,154 716 214,B01,2,1,0,2,1,1,5,NULL,202000014863,154 716 212,A01,1,1,1,2,1995,0,1,-1,-1,0,0,-1,202000014863,3,89,-1,NULL,2,2,0,1,13,950,1,NULL,"5,5",1,0,1,50
202000014863,23,2,2020,13:30:00,1,42,42094,2,1,1,3,"24 Rue de la République","45,7437600","4,2250910",202000014863,154 716 214,B01,2,1,0,2,1,1,5,NULL,202000014863,154 716 214,B01,1,1,4,1,2004,0,2,-1,-1,0,0,-1,202000014863,3,89,-1,NULL,2,2,0,1,13,950,1,NULL,"5,5",1,0,1,50
202000014900,28,2,2020,18:00:00,1,29,29124,2,1,8,1,"Rue Francis Guezennec","48,5774700"," -4,3122410",202000014900,154 716 136,B01,3,1,0,2,1,5,5,NULL,202000014900,154 716 134,A01,1,1,1,2,1968,1,1,-1,-1,0,0,-1,202000014900,4,NULL,0,NULL,2,2,0,1,(1),(1),3,NULL," -1",2,0,5,30
202000014900,28,2,2020,18:00:00,1,29,29124,2,1,8,1,"Rue Francis Guezennec","48,5774700"," -4,3122410",202000014900,154 716 136,B01,3,1,0,2,1,5,5,NULL,202000014900,154 716 136,B01,1,1,3,1,2007,5,0,-1,-1,0,0,-1,202000014900,4,NULL,0,NULL,2,2,0,1,(1),(1),3,NULL," -1",2,0,5,30
202000015909,8,10,2020,22:40:00,5,75,75115,2,2,1,3,"RUE DES ENTREPRENEURS","48,8456550","2,2879850",202000015909,154 714 280,A01,1,1,0,2,4,1,5,NULL,202000015909,154 714 280,A01,1,1,4,1,1994,9,8,0,-1,0,0,-1,202000015909,4,NULL,0,NULL,2,2,0,1,0,0,1,NULL," -1",1,0,1,50
202000015909,8,10,2020,22:40:00,5,75,75115,2,2,1,3,"RUE DES ENTREPRENEURS","48,8456550","2,2879850",202000015909,154 714 280,A01,1,1,0,2,4,1,5,NULL,202000015909,154 714 281,B01,1,1,4,1,1956,9,1,0,-1,0,0,-1,202000015909,4,NULL,0,NULL,2,2,0,1,0,0,1,NULL," -1",1,0,1,50
202000017618,11,8,2020,19:10:00,1,38,38205,1,1,1,-1,"La Chenevarie","45,1433900","5,6099200",202000017618,154 711 234,A01,1,1,0,2,1,1,5,NULL,202000017618,154 711 231,C01,1,1,1,1,1985,5,1,-1,-1,0,0,-1,202000017618,3,106,0,NULL,2,2,0,2,24,50,3,NULL," -1",1,0,1,70
202000017618,11,8,2020,19:10:00,1,38,38205,1,1,1,-1,"La Chenevarie","45,1433900","5,6099200",202000017618,154 711 232,B01,1,1,0,2,1,1,5,NULL,202000017618,154 711 231,C01,1,1,1,1,1985,5,1,-1,-1,0,0,-1,202000017618,3,106,0,NULL,2,2,0,2,24,50,3,NULL," -1",1,0,1,70
202000017618,11,8,2020,19:10:00,1,38,38205,1,1,1,-1,"La Chenevarie","45,1433900","5,6099200",202000017618,154 711 234,A01,1,1,0,2,1,1,5,NULL,202000017618,154 711 232,B01,1,1,4,1,1988,5,2,-1,-1,0,0,-1,202000017618,3,106,0,NULL,2,2,0,2,24,50,3,NULL," -1",1,0,1,70
202000017618,11,8,2020,19:10:00,1,38,38205,1,1,1,-1,"La Chenevarie","45,1433900","5,6099200",202000017618,154 711 232,B01,1,1,0,2,1,1,5,NULL,202000017618,154 711 232,B01,1,1,4,1,1988,5,2,-1,-1,0,0,-1,202000017618,3,106,0,NULL,2,2,0,2,24,50,3,NULL," -1",1,0,1,70
202000017618,11,8,2020,19:10:00,1,38,38205,1,1,1,-1,"La Chenevarie","45,1433900","5,6099200",202000017618,154 711 234,A01,1,1,0,2,1,1,5,NULL,202000017618,154 711 234,A01,1,1,4,1,1995,5,2,-1,-1,0,0,-1,202000017618,3,106,0,NULL,2,2,0,2,24,50,3,NULL," -1",1,0,1,70
202000017618,11,8,2020,19:10:00,1,38,38205,1,1,1,-1,"La Chenevarie","45,1433900","5,6099200",202000017618,154 711 232,B01,1,1,0,2,1,1,5,NULL,202000017618,154 711 234,A01,1,1,4,1,1995,5,2,-1,-1,0,0,-1,202000017618,3,106,0,NULL,2,2,0,2,24,50,3,NULL," -1",1,0,1,70
202000018952,22,2,2020,01:15:00,5,75,75119,2,2,1,6,"RUE DE BELLEVILLE","48,8728530","2,3798520",202000018952,154 708 910,A01,2,1,1,0,1,1,5,NULL,202000018952,154 708 910,A01,1,1,4,1,1976,9,8,0,-1,0,0,-1,202000018952,4,NULL,0,NULL,2,2,0,2,0,0,1,NULL,5,1,0,1,50
202000019442,11,8,2020,15:45:00,1,62,62297,2,1,1,3,"Rue de la Vosmette","50,8108200","2,1385680",202000019442,154 708 001,A01,3,1,0,2,1,19,5,NULL,202000019442,154 708 000,B01,1,1,1,1,1951,5,1,-1,-1,0,0,-1,202000019442,4,NULL,-1,NULL,2,2,0,1,(1),(1),1,NULL," -1",1,0,1,50
202000019442,11,8,2020,15:45:00,1,62,62297,2,1,1,3,"Rue de la Vosmette","50,8108200","2,1385680",202000019442,154 708 001,A01,3,1,0,2,1,19,5,NULL,202000019442,154 708 001,A01,1,1,3,1,2005,5,0,-1,-1,0,0,-1,202000019442,4,NULL,-1,NULL,2,2,0,1,(1),(1),1,NULL," -1",1,0,1,50
202000020038,13,11,2020,19:40:00,5,35,35278,2,6,2,3,"MELESSE (ROND POINT DE)","48,1616300"," -1,6899000",202000020038,154 706 944,B01,2,1,0,2,7,1,0,NULL,202000020038,154 706 944,B01,1,1,4,1,1989,1,2,8,-1,-1," -1",-1,202000020038,3,29,0,NULL,4,2,0,1,7,62,2,NULL," -1",2,5,1,50
202000020038,13,11,2020,19:40:00,5,35,35278,2,6,2,3,"MELESSE (ROND POINT DE)","48,1616300"," -1,6899000",202000020038,154 706 944,B01,2,1,0,2,7,1,0,NULL,202000020038,154 706 945,A01,1,1,1,1,1990,1,1,0,-1,-1," -1",-1,202000020038,3,29,0,NULL,4,2,0,1,7,62,2,NULL," -1",2,5,1,50
202000020840,20,2,2020,22:35:00,5,75,75116,2,1,8,3,"AVENUE DU PRESIDENT KENNEDY","48,8535590","2,2822240",202000020840,154 705 556,B01,2,1,0,2,8,19,5,NULL,202000020840,154 705 556,B01,1,1,1,1,1996,1,8,0,-1,0,0,-1,202000020840,4,NULL,0,NULL,3,4,0,1,0,0,1,NULL,12,2,0,1,50
202000020840,20,2,2020,22:35:00,5,75,75116,2,1,8,3,"AVENUE DU PRESIDENT KENNEDY","48,8535590","2,2822240",202000020840,154 705 556,B01,2,1,0,2,8,19,5,NULL,202000020840,154 705 557,A01,1,1,4,1,1971,1,2,6,-1,0,0,-1,202000020840,4,NULL,0,NULL,3,4,0,1,0,0,1,NULL,12,2,0,1,50
202000022565,11,7,2020,11:55:00,1,76,76152,1,1,1,2,D6,"49,5909030","1,2108190",202000022565,154 702 527,B01,2,1,0,2,8,2,5,NULL,202000022565,154 702 527,B01,1,1,4,1,1989,5,2,-1,-1,0,0,-1,202000022565,3,6,0,NULL,2,2,0,1,21,598,1,NULL," -1",1,0,1,80
202000022565,11,7,2020,11:55:00,1,76,76152,1,1,1,2,D6,"49,5909030","1,2108190",202000022565,154 702 527,B01,2,1,0,2,8,2,5,NULL,202000022565,154 702 528,A01,1,1,1,1,1931,5,1,-1,-1,0,0,-1,202000022565,3,6,0,NULL,2,2,0,1,21,598,1,NULL," -1",1,0,1,80
202000023078,8,9,2020,19:30:00,1,74,74180,2,6,1,3,"Route de Frize","46,3521750","6,2994310",202000023078,154 701 630,B01,2,1,0,2,7,2,5,NULL,202000023078,154 701 629,A01,1,1,1,2,1952,5,1,-1,-1,0,0,-1,202000023078,3,25,0,D,1,1,0,1,7,500,1,NULL," -1",1,0,1,50
202000023078,8,9,2020,19:30:00,1,74,74180,2,6,1,3,"Route de Frize","46,3521750","6,2994310",202000023078,154 701 630,B01,2,1,0,2,7,2,5,NULL,202000023078,154 701 630,B01,1,1,3,2,1950,9,0,-1,-1,0,0,-1,202000023078,3,25,0,D,1,1,0,1,7,500,1,NULL," -1",1,0,1,50
202000026225,17,1,2020,15:40:00,1,75,75113,2,3,8,3,"BOULEVARD ARAGO","48,8360490","2,3495330",202000026225,154 696 119,B01,1,1,0,2,1,1,5,NULL,202000026225,154 696 119,B01,1,1,4,2,1995,9,8,2,-1,0,0,-1,202000026225,4,NULL,0,NULL,2,1,1,1,0,0,1,NULL,3,1,-1,5,50
202000026225,17,1,2020,15:40:00,1,75,75113,2,3,8,3,"BOULEVARD ARAGO","48,8360490","2,3495330",202000026225,154 696 119,B01,1,1,0,2,1,1,5,NULL,202000026225,154 696 120,A01,1,1,1,1,1976,4,1,0,-1,0,0,-1,202000026225,4,NULL,0,NULL,2,1,1,1,0,0,1,NULL,3,1,-1,5,50
202000028248,14,1,2020,12:25:00,1,64,64445,2,1,1,3,PAIX,"43,3225057"," -0,3680742",202000028248,154 692 594,A01,2,1,0,2,8,2,5,NULL,202000028248,154 692 594,A01,1,1,4,1,2003,1,8,0,-1,-1," -1",-1,202000028248,4,PAIX,0,NULL,2,4,1,1,0,0,1,NULL," -1",1,0,1,50
202000028248,14,1,2020,12:25:00,1,64,64445,2,1,1,3,PAIX,"43,3225057"," -0,3680742",202000028248,154 692 594,A01,2,1,0,2,8,2,5,NULL,202000028248,154 692 595,B01,1,1,1,2,1960,5,1,8,-1,-1," -1",-1,202000028248,4,PAIX,0,NULL,2,4,1,1,0,0,1,NULL," -1",1,0,1,50
202000029447,2,6,2020,19:30:00,1,94,94041,2,3,1,3,"HOCHE (R)","48,8120700","2,3712700",202000029447,154 690 509,B01,1,1,0,2,1,19,0,NULL,202000029447,154 690 508,A01,1,1,1,1,1957,0,1,0,-1,-1," -1",-1,202000029447,3,"VERDUN (AV DE)",0,NULL,2,0,2,1,(1),(1),1,NULL," -1",1,0,1,50
202000029447,2,6,2020,19:30:00,1,94,94041,2,3,1,3,"HOCHE (R)","48,8120700","2,3712700",202000029447,154 690 509,B01,1,1,0,2,1,19,0,NULL,202000029447,154 690 509,B01,1,1,4,2,1997,0,8,0,-1,-1," -1",-1,202000029447,3,"VERDUN (AV DE)",0,NULL,2,0,2,1,(1),(1),1,NULL," -1",1,0,1,50