Num_Acc,jour,mois,an,hrmn,lum,dep,com,agg,int,atm,col,adr,lat,long,Num_Acc,id_vehicule,num_veh,senc,catv,obs,obsm,choc,manv,motor,occutc,Num_Acc,id_vehicule,num_veh,place,catu,grav,sexe,an_nais,trajet,secu1,secu2,secu3,locp,actp,etatp,Num_Acc,catr,voie,v1,v2,circ,nbv,vosp,prof,pr,pr1,plan,lartpc,larrout,surf,infra,situ,vma
202000029936,15,12,2020,19:00:00,5,02,02173,2,6,1,3,"Rue de la Paix","49,6150480","3,2158990",202000029936,154 689 645,B01,1,1,0,2,0,1,5,NULL,202000029936,154 689 645,B01,1,1,4,1,1983,3,0,-1,-1,0,0,-1,202000029936,3,338,0,D,2,1,0,1,3,10,1,NULL," -1",2,0,1,50
202000029936,15,12,2020,19:00:00,5,02,02173,2,6,1,3,"Rue de la Paix","49,6150480","3,2158990",202000029936,154 689 645,B01,1,1,0,2,0,1,5,NULL,202000029936,154 689 646,A01,1,1,1,1,1968,1,1,-1,-1,0,0,-1,202000029936,3,338,0,D,2,1,0,1,3,10,1,NULL," -1",2,0,1,50
202000031452,28,5,2020,18:30:00,1,13,13202,2,2,1,3,"DAMES (BOULEVARD DES)","43,3030760","5,3665670",202000031452,154 687 075,B01,1,1,0,2,8,1,0,NULL,202000031452,154 687 075,B01,1,1,4,1,1969,5,8,0,-1,-1," -1",-1,202000031452,4,"DAMES (BOULEVARD DES)",0,NULL,2,4,0,4,0,0,1,NULL," -1",1,0,1,50
202000031452,28,5,2020,18:30:00,1,13,13202,2,2,1,3,"DAMES (BOULEVARD DES)","43,3030760","5,3665670",202000031452,154 687 075,B01,1,1,0,2,8,1,0,NULL,202000031452,154 687 076,A01,1,1,1,2,1961,1,1,0,-1,-1," -1",-1,202000031452,4,"DAMES (BOULEVARD DES)",0,NULL,2,4,0,4,0,0,1,NULL," -1",1,0,1,50
202000031724,28,9,2020,17:30:00,1,83,83137,2,1,1,6,"VIENNE (RUE HENRI)","43,1294100","5,9220800",202000031724,154 686 598,A01,1,1,0,1,7,1,5,NULL,202000031724,154 686 598,A01,10,3,3,2,1945,3,0,-1,-1,1,3,1,202000031724,4,NC,0,NULL,1,1,0,1,0,0,2,NULL," -1",1,0,1,50
202000031724,28,9,2020,17:30:00,1,83,83137,2,1,1,6,"VIENNE (RUE HENRI)","43,1294100","5,9220800",202000031724,154 686 598,A01,1,1,0,1,7,1,5,NULL,202000031724,154 686 598,A01,1,1,4,1,1973,0,2,8,-1,-1," -1",-1,202000031724,4,NC,0,NULL,1,1,0,1,0,0,2,NULL," -1",1,0,1,50
202000031727,28,9,2020,07:30:00,2,80,80021,2,2,1,3,"SAGEBIEN (RUE)","49,8782700","2,2909900",202000031727,154 686 594,A01,0,1,0,2,1,1,0,NULL,202000031727,154 686 593,B01,1,1,1,1,1982,0,8,0,-1,0,0,-1,202000031727,4,"SAGEBIEN (RUE)",0,NULL,2,2,0,1,0,0,1,NULL," -1",1,0,1,50
202000031727,28,9,2020,07:30:00,2,80,80021,2,2,1,3,"SAGEBIEN (RUE)","49,8782700","2,2909900",202000031727,154 686 594,A01,0,1,0,2,1,1,0,NULL,202000031727,154 686 594,A01,1,1,4,1,2007,0,2,0,-1,0,0,-1,202000031727,4,"SAGEBIEN (RUE)",0,NULL,2,2,0,1,0,0,1,NULL," -1",1,0,1,50
202000031745,29,9,2020,18:55:00,1,51,51454,2,2,1,3,"Avenue du Général de Gaulle","49,2456586","4,0177865",202000031745,154 686 564,A01,0,1,0,2,1,19,5,NULL,202000031745,154 686 563,B01,1,1,1,1,1999,0,1,-1,-1,-1," -1",-1,202000031745,4,NULL,0,NULL,2,2,0,1,(1),(1),1,NULL," -1",1,0,1,30
202000031745,29,9,2020,18:55:00,1,51,51454,2,2,1,3,"Avenue du Général de Gaulle","49,2456586","4,0177865",202000031745,154 686 564,A01,0,1,0,2,1,19,5,NULL,202000031745,154 686 564,A01,1,1,4,2,1998,2,8,-1,-1,-1," -1",-1,202000031745,4,NULL,0,NULL,2,2,0,1,(1),(1),1,NULL," -1",1,0,1,30
202000032752,2,9,2020,19:38:00,1,66,66136,2,1,1,3,"REMPARTS-SAINT-JACQUES (DES)","42,6969400","2,9019700",202000032752,154 684 875,A01,1,1,0,2,1,5,5,NULL,202000032752,154 684 874,B01,1,1,1,2,2001,9,1,0,-1,-1," -1",-1,202000032752,4,"REMPARTS-SAINT-JACQUES (DES)",0,NULL,-1,1,0,1,0,0,1,NULL," -1",1,0,1,50
202000032752,2,9,2020,19:38:00,1,66,66136,2,1,1,3,"REMPARTS-SAINT-JACQUES (DES)","42,6969400","2,9019700",202000032752,154 684 875,A01,1,1,0,2,1,5,5,NULL,202000032752,154 684 875,A01,1,1,4,1,2004,9,8,0,-1,-1," -1",-1,202000032752,4,"REMPARTS-SAINT-JACQUES (DES)",0,NULL,-1,1,0,1,0,0,1,NULL," -1",1,0,1,50
202000033146,29,10,2020,09:15:00,1,92,92024,2,1,1,-1,"GEORGES BOISSEAU (RUE)","48,9065514","2,3136697",202000033146,154 684 185,A01,2,1,0,2,0,25,5,NULL,202000033146,154 684 185,A01,1,1,4,1,1966,0,8,0,-1,-1," -1",-1,202000033146,4,"GEORGES BOISSEAU (RUE)",0,NULL,2,1,0,1,0,0,1,NULL," -1",1,0,4,50
202000033310,29,9,2020,08:50:00,1,75,75112,2,7,2,7,"BOULEVARD DE BERCY","48,8404040","2,3789420",202000033310,154 683 892,A01,3,1,4,0,1,14,5,NULL,202000033310,154 683 892,A01,1,1,4,2,1964,9,2,8,-1,0,0,-1,202000033310,4,NULL,0,NULL,1,1,1,1,0,0,1,NULL," -1",2,-1,5,50
202000035794,31,5,2020,11:25:00,1,01,01105,1,1,1,2,D43,"45,9047100","4,8772850",202000035794,154 679 500,B01,1,1,0,2,4,2,5,NULL,202000035794,154 679 499,A01,1,1,1,1,1947,5,1,-1,-1,0,0,-1,202000035794,3,43,0,NULL,2,2,0,1,6,100,1,NULL," -1",1,0,1,80
202000035794,31,5,2020,11:25:00,1,01,01105,1,1,1,2,D43,"45,9047100","4,8772850",202000035794,154 679 500,B01,1,1,0,2,4,2,5,NULL,202000035794,154 679 500,B01,1,1,4,1,1987,5,2,-1,-1,0,0,-1,202000035794,3,43,0,NULL,2,2,0,1,6,100,1,NULL," -1",1,0,1,80
202000035856,11,1,2020,16:15:00,1,31,31420,1,6,7,3,D4,"43,4920610","1,4037430",202000035856,154 679 379,B01,1,1,0,0,5,15,6,NULL,202000035856,154 679 377,A01,1,1,1,1,1976,5,1,-1,-1,0,0,-1,202000035856,3,4,0,D,-1,1,0,1,21,530,1,NULL,3,1,0,1,80
202000035856,11,1,2020,16:15:00,1,31,31420,1,6,7,3,D4,"43,4920610","1,4037430",202000035856,154 679 379,B01,1,1,0,0,5,15,6,NULL,202000035856,154 679 379,B01,1,1,3,1,1937,5,2,-1,-1,0,0,-1,202000035856,3,4,0,D,-1,1,0,1,21,530,1,NULL,3,1,0,1,80
202000036060,1,7,2020,16:30:00,1,67,67482,2,1,1,3,"RENARDS (RUE DES)","48,5928124","7,7186699",202000036060,154 679 005,A01,1,1,0,2,1,9,5,NULL,202000036060,154 679 005,A01,1,1,4,2,1990,1,8,0,-1,-1," -1",-1,202000036060,4,8,0,NULL,1,2,1,1,0,0,1,NULL," -1",1,0,1,30
202000036060,1,7,2020,16:30:00,1,67,67482,2,1,1,3,"RENARDS (RUE DES)","48,5928124","7,7186699",202000036060,154 679 005,A01,1,1,0,2,1,9,5,NULL,202000036060,154 679 006,B01,1,1,1,1,1995,0,1,8,-1,-1," -1",-1,202000036060,4,8,0,NULL,1,2,1,1,0,0,1,NULL," -1",1,0,1,30
202000036110,2,7,2020,17:40:00,1,75,75113,2,3,1,2,"AVENUE D ITALIE","48,8283160","2,3566150",202000036110,154 678 913,B01,1,1,0,2,1,1,5,NULL,202000036110,154 678 912,A01,1,1,1,1,1999,3,1,0,-1,0,0,-1,202000036110,4,NULL,0,NULL,2,4,1,1,0,0,1,NULL," -1",1,-1,5,50
202000036110,2,7,2020,17:40:00,1,75,75113,2,3,1,2,"AVENUE D ITALIE","48,8283160","2,3566150",202000036110,154 678 913,B01,1,1,0,2,1,1,5,NULL,202000036110,154 678 913,B01,1,1,4,1,1978,1,2,0,-1,0,0,-1,202000036110,4,NULL,0,NULL,2,4,1,1,0,0,1,NULL," -1",1,-1,5,50
202000036452,10,1,2020,09:10:00,1,92,92044,2,2,1,3,"VIC. HUGO(RUE)069A075 ET 080A088","48,8955100","2,2968300",202000036452,154 678 303,B01,2,1,0,2,1,2,5,NULL,202000036452,154 678 302,A01,1,1,1,2,1982,0,1,0,-1,-1," -1",-1,202000036452,3,909,0,NULL,2,3,1,1,0,0,1,NULL," -1",2,0,1,50
202000036452,10,1,2020,09:10:00,1,92,92044,2,2,1,3,"VIC. HUGO(RUE)069A075 ET 080A088","48,8955100","2,2968300",202000036452,154 678 303,B01,2,1,0,2,1,2,5,NULL,202000036452,154 678 303,B01,1,1,4,1,1973,1,8,0,-1,-1," -1",-1,202000036452,3,909,0,NULL,2,3,1,1,0,0,1,NULL," -1",2,0,1,50
202000036483,1,9,2020,08:15:00,1,21,21633,1,1,7,2,"rd 108","47,3262100","4,4573650",202000036483,154 678 251,B01,1,1,0,0,4,2,5,NULL,202000036483,154 678 250,A01,1,1,1,2,1988,2,1,-1,-1,0,0,-1,202000036483,3,108,0,NULL,2,2,0,1,26,250,1,NULL," -1",1,0,1,80
202000036483,1,9,2020,08:15:00,1,21,21633,1,1,7,2,"rd 108","47,3262100","4,4573650",202000036483,154 678 251,B01,1,1,0,0,4,2,5,NULL,202000036483,154 678 251,B01,1,1,4,2,1972,1,0,-1,-1,0,0,-1,202000036483,3,108,0,NULL,2,2,0,1,26,250,1,NULL," -1",1,0,1,80
202000037459,8,12,2020,14:30:00,1,68,68224,2,1,1,3,"ILLBERG (RUE DE L')","47,7403000","7,3204100",202000037459,154 676 553,B01,3,1,0,2,1,19,0,NULL,202000037459,154 676 553,B01,1,1,3,2,1972,0,2,8,-1,-1," -1",-1,202000037459,4,"ILLBERG (RUE DE L')",0,NULL,2,2,3,1,0,0,3,NULL," -1",1,0,6,50
202000037459,8,12,2020,14:30:00,1,68,68224,2,1,1,3,"ILLBERG (RUE DE L')","47,7403000","7,3204100",202000037459,154 676 553,B01,3,1,0,2,1,19,0,NULL,202000037459,154 676 560,A01,1,1,1,1,1975,1,1,8,-1,-1," -1",-1,202000037459,4,"ILLBERG (RUE DE L')",0,NULL,2,2,3,1,0,0,3,NULL," -1",1,0,6,50
202000038076,30,6,2020,11:35:00,1,69,69386,2,2,1,3,"BOILEAU                             (R )","45,7676900","4,8492100",202000038076,154 675 418,B01,1,1,0,2,0,0,0,NULL,202000038076,154 675 417,A01,1,1,1,1,1945,5,1,0,-1,-1," -1",-1,202000038076,4,NULL,0,NULL,1,1,1,1,0,0,1,NULL," -1",1,0,1,50
202000038076,30,6,2020,11:35:00,1,69,69386,2,2,1,3,"BOILEAU                             (R )","45,7676900","4,8492100",202000038076,154 675 418,B01,1,1,0,2,0,0,0,NULL,202000038076,154 675 418,B01,1,1,3,1,2001,5,2,0,-1,-1," -1",-1,202000038076,4,NULL,0,NULL,1,1,1,1,0,0,1,NULL," -1",1,0,1,50
202000038454,29,8,2020,16:50:00,1,92,92025,2,2,2,1,"KLEBER (AV)","48,9343200","2,2558790",202000038454,154 674 774,Y01,3,1,0,2,2,19,5,NULL,202000038454,154 674 774,Y01,1,1,4,1,2005,5,0,-1,-1,0,0,-1,202000038454,3,13,0,NULL,2,4,0,1,0,0,1,NULL," -1",2,0,1,50
202000038454,29,8,2020,16:50:00,1,92,92025,2,2,2,1,"KLEBER (AV)","48,9343200","2,2558790",202000038454,154 674 774,Y01,3,1,0,2,2,19,5,NULL,202000038454,154 674 775,A01,1,1,1,1,1976,5,1,0,-1,-1," -1",-1,202000038454,3,13,0,NULL,2,4,0,1,0,0,1,NULL," -1",2,0,1,50
202000041125,24,9,2020,15:15:00,1,70,70232,1,1,2,2,D56,"47,6543460","5,9960890",202000041125,154 670 088,A01,2,1,0,2,1,1,5,NULL,202000041125,154 670 087,B01,1,1,1,1,1965,4,1,9,-1,0,0,-1,202000041125,3,56,0,NULL,2,2,0,1,2,200,1,NULL," -1",1,0,1,80
202000041125,24,9,2020,15:15:00,1,70,70232,1,1,2,2,D56,"47,6543460","5,9960890",202000041125,154 670 088,A01,2,1,0,2,1,1,5,NULL,202000041125,154 670 088,A01,1,1,3,1,1939,5,2,-1,-1,0,0,-1,202000041125,3,56,0,NULL,2,2,0,1,2,200,1,NULL," -1",1,0,1,80
202000042956,6,1,2020,07:35:00,3,14,14138,1,1,1,1,RD15,"49,2311312"," -1,0015590",202000042956,154 666 780,A01,2,1,0,2,0,21,5,NULL,202000042956,154 666 780,A01,1,1,3,1,1974,5,2,4,-1,0,0,-1,202000042956,3,15,-1,NULL,2,2,0,1,3,191,1,NULL,"5,5",1,0,1,70
202000044263,25,6,2020,20:45:00,5,64,64445,2,2,2,3,"ALSACE LORRAINE D'","43,3024000"," -0,3604400",202000044263,154 664 448,A01,2,1,0,2,7,5,5,NULL,202000044263,154 664 448,A01,1,1,4,1,1999,0,2,0,-1,-1," -1",-1,202000044263,4,NULL,0,NULL,2,2,1,1,0,0,1,NULL," -1",2,0,1,50
202000044263,25,6,2020,20:45:00,5,64,64445,2,2,2,3,"ALSACE LORRAINE D'","43,3024000"," -0,3604400",202000044263,154 664 448,A01,2,1,0,2,7,5,5,NULL,202000044263,154 664 449,B01,1,1,1,1,1964,0,1,8,-1,-1," -1",-1,202000044263,4,NULL,0,NULL,2,2,1,1,0,0,1,NULL," -1",2,0,1,50
202000044550,25,8,2020,13:08:00,1,67,67046,2,3,1,1,"Rue des Pharmaciens","48,7674508","7,8600098",202000044550,154 663 935,B01,2,1,0,2,1,1,5,NULL,202000044550,154 663 935,B01,1,1,4,2,1950,3,0,-1,-1,0,0,-1,202000044550,3,139,0,NULL,4,1,2,1,(1),(1),4,NULL," -1",1,0,5,30
202000044550,25,8,2020,13:08:00,1,67,67046,2,3,1,1,"Rue des Pharmaciens","48,7674508","7,8600098",202000044550,154 663 935,B01,2,1,0,2,1,1,5,NULL,202000044550,154 663 936,A01,1,1,1,1,1998,0,1,-1,-1,0,0,-1,202000044550,3,139,0,NULL,4,1,2,1,(1),(1),4,NULL," -1",1,0,5,30
202000045492,26,7,2020,10:45:00,1,44,44015,1,5,1,3,"st cloud","47,4621900"," -1,8795420",202000045492,154 662 303,B01,2,1,0,2,2,1,5,NULL,202000045492,154 662 303,B01,1,1,3,1,1969,5,2,-1,-1,0,0,-1,202000045492,3,NULL,-1,NULL,2,2,0,4,51,78,1,NULL," -1",1,5,1,70
202000045492,26,7,2020,10:45:00,1,44,44015,1,5,1,3,"st cloud","47,4621900"," -1,8795420",202000045492,154 662 303,B01,2,1,0,2,2,1,5,NULL,202000045492,154 662 307,A01,1,1,1,1,1981,5,1,-1,-1,0,0,-1,202000045492,3,NULL,-1,NULL,2,2,0,4,51,78,1,NULL," -1",1,5,1,70
202000046658,2,1,2020,12:15:00,1,75,75103,2,4,2,-1,"RUE DE TURBIGO","48,8662960","2,3597890",202000046658,154 660 248,A01,1,1,0,2,2,1,5,NULL,202000046658,154 660 248,A01,2,2,4,2,2015,9,8,2,-1,0,0,-1,202000046658,4,NULL,0,NULL,1,2,1,1,0,0,1,NULL,4,2,-1,5,50
202000046658,2,1,2020,12:15:00,1,75,75103,2,4,2,-1,"RUE DE TURBIGO","48,8662960","2,3597890",202000046658,154 660 248,A01,1,1,0,2,2,1,5,NULL,202000046658,154 660 248,A01,1,1,4,2,1980,5,8,2,-1,0,0,-1,202000046658,4,NULL,0,NULL,1,2,1,1,0,0,1,NULL,4,2,-1,5,50
202000008967,25,2,2020,14:20:00,1,05,05023,2,3,1,3,"DAUPHINE (AVENUE DU)","44,9034400","6,6301400",202000008967,154 726 496,B01,1,1,0,2,5,1,5,NULL,202000008967,154 726 496,B01,1,1,4,1,1975,1,2,8,-1,0,0,-1,202000008967,2,"DAUPHINE (AVENUE DU)",0,NULL,2,2,0,4,160,220,2,NULL," -1",1,0,1,50
202000008967,25,2,2020,14:20:00,1,05,05023,2,3,1,3,"DAUPHINE (AVENUE DU)","44,9034400","6,6301400",202000008967,154 726 496,B01,1,1,0,2,5,1,5,NULL,202000008967,154 726 497,A01,1,1,1,2,1995,0,1,0,-1,0,0,-1,202000008967,2,"DAUPHINE (AVENUE DU)",0,NULL,2,2,0,4,160,220,2,NULL," -1",1,0,1,50
202000011852,17,8,2020,17:45:00,1,75,75113,2,1,1,3,"BOULEVARD VINCENT AURIOL","48,8309850","2,3569580",202000011852,154 721 409,B01,2,1,0,2,1,1,5,NULL,202000011852,154 721 408,A01,1,1,1,1,1978,1,1,0,-1,0,0,-1,202000011852,4,NULL,0,NULL,3,2,3,2,0,0,1,NULL," -1",1,0,1,50
202000011852,17,8,2020,17:45:00,1,75,75113,2,1,1,3,"BOULEVARD VINCENT AURIOL","48,8309850","2,3569580",202000011852,154 721 409,B01,2,1,0,2,1,1,5,NULL,202000011852,154 721 409,B01,1,1,4,1,1989,5,2,0,-1,0,0,-1,202000011852,4,NULL,0,NULL,3,2,3,2,0,0,1,NULL," -1",1,0,1,50
202000012441,19,11,2020,17:00:00,1,93,93006,2,4,2,3,"PASTEUR AV.","48,8761600","2,4201900",202000012441,154 720 386,B01,1,1,0,2,1,2,5,NULL,202000012441,154 720 385,A01,1,1,1,2,1996,0,1,0,-1,-1," -1",-1,202000012441,3,20,0,A,2,2,0,1,1,0,1,NULL," -1",2,0,1,50
202000012441,19,11,2020,17:00:00,1,93,93006,2,4,2,3,"PASTEUR AV.","48,8761600","2,4201900",202000012441,154 720 386,B01,1,1,0,2,1,2,5,NULL,202000012441,154 720 386,B01,5,2,4,2,2016,0,2,0,-1,-1," -1",-1,202000012441,3,20,0,A,2,2,0,1,1,0,1,NULL," -1",2,0,1,50
202000012441,19,11,2020,17:00:00,1,93,93006,2,4,2,3,"PASTEUR AV.","48,8761600","2,4201900",202000012441,154 720 386,B01,1,1,0,2,1,2,5,NULL,202000012441,154 720 386,B01,1,1,4,1,1994,0,8,0,-1,-1," -1",-1,202000012441,3,20,0,A,2,2,0,1,1,0,1,NULL," -1",2,0,1,50
202000014770,23,1,2020,13:20:00,1,38,38185,2,1,1,2,"Rue de Stalingrad","45,1757900","5,7259100",202000014770,154 716 385,B01,3,1,0,2,8,15,5,NULL,202000014770,154 716 385,B01,1,1,4,2,1977,4,8,4,-1,-1," -1",-1,202000014770,4,NULL,0,NULL,2,4,1,1,(1),(1),1,NULL," -1",1,0,1,50
202000014770,23,1,2020,13:20:00,1,38,38185,2,1,1,2,"Rue de Stalingrad","45,1757900","5,7259100",202000014770,154 716 385,B01,3,1,0,2,8,15,5,NULL,202000014770,154 716 386,A01,1,1,1,2,1977,0,1,0,-1,-1," -1",-1,202000014770,4,NULL,0,NULL,2,4,1,1,(1),(1),1,NULL," -1",1,0,1,50
202000017678,7,10,2020,08:50:00,1,62,62846,2,6,7,3,"CD 943","50,4792600","2,7350200",202000017678,154 711 121,B01,1,1,0,2,7,1,5,NULL,202000017678,154 711 119,A01,1,1,1,1,1975,1,1,8,-1,-1," -1",-1,202000017678,3,943,0,NULL,3,8,0,1,2,0,1,NULL," -1",2,0,1,50
202000017678,7,10,2020,08:50:00,1,62,62846,2,6,7,3,"CD 943","50,4792600","2,7350200",202000017678,154 711 121,B01,1,1,0,2,7,1,5,NULL,202000017678,154 711 121,B01,1,1,3,1,1950,5,2,8,-1,-1," -1",-1,202000017678,3,943,0,NULL,3,8,0,1,2,0,1,NULL," -1",2,0,1,50
202000018509,22,1,2020,09:00:00,1,69,69386,2,1,1,-1,"TRONCHET                            (R )","45,7701600","4,8509600",202000018509,154 709 691,B01,2,1,1,0,1,1,5,NULL,202000018509,154 709 691,B01,1,1,4,2,1983,1,2,6,-1,-1,0,-1,202000018509,4,"TRONCHET                            (R )",0,NULL,2,2,1,1,0,0,1,NULL," -1",1,0,1,30
202000018509,22,1,2020,09:00:00,1,69,69386,2,1,1,-1,"TRONCHET                            (R )","45,7701600","4,8509600",202000018509,154 709 691,B01,2,1,1,0,1,1,5,NULL,202000018509,154 709 692,A01,1,1,1,2,1986,1,1,0,-1,-1,0,-1,202000018509,4,"TRONCHET                            (R )",0,NULL,2,2,1,1,0,0,1,NULL," -1",1,0,1,30
202000019294,11,6,2020,17:00:00,1,75,75120,2,3,1,3,"RUE DE LA MARE","48,8737850","2,3883180",202000019294,154 708 282,A01,2,1,0,2,8,1,5,NULL,202000019294,154 708 282,A01,1,1,4,1,1936,5,2,0,-1,0,0,-1,202000019294,4,NULL,0,NULL,2,2,0,2,0,0,1,NULL," -1",2,0,1,30
202000019369,11,6,2020,08:05:00,1,988,98818,2,3,1,3,"VE1/AVENUE BONAPARTE"," -22,2420200","166,4573000",202000019369,154 708 139,B01,3,1,0,2,1,1,5,NULL,202000019369,154 708 138,A01,1,1,1,1,1941,9,8,8,-1,0,0,-1,202000019369,4,80,0,NULL,2,2,0,1,0,0,1,NULL," -1",1,5,1,50
202000019369,11,6,2020,08:05:00,1,988,98818,2,3,1,3,"VE1/AVENUE BONAPARTE"," -22,2420200","166,4573000",202000019369,154 708 139,B01,3,1,0,2,1,1,5,NULL,202000019369,154 708 139,B01,1,1,3,1,1970,1,8,8,-1,0,0,-1,202000019369,4,80,0,NULL,2,2,0,1,0,0,1,NULL," -1",1,5,1,50
202000021028,8,9,2020,10:45:00,1,64,64445,2,1,1,3,CARNOT,"43,3009347"," -0,3694957",202000021028,154 705 208,B01,1,1,0,2,3,1,5,NULL,202000021028,154 705 208,B01,1,1,4,1,1999,5,8,0,-1,-1," -1",-1,202000021028,4,CARNOT,0,NULL,1,1,1,1,0,0,1,NULL," -1",1,0,1,50
202000021028,8,9,2020,10:45:00,1,64,64445,2,1,1,3,CARNOT,"43,3009347"," -0,3694957",202000021028,154 705 208,B01,1,1,0,2,3,1,5,NULL,202000021028,154 705 209,A01,1,1,1,1,1990,5,1,0,-1,-1," -1",-1,202000021028,4,CARNOT,0,NULL,1,1,1,1,0,0,1,NULL," -1",1,0,1,50
202000021028,8,9,2020,10:45:00,1,64,64445,2,1,1,3,CARNOT,"43,3009347"," -0,3694957",202000021028,154 705 208,B01,1,1,0,2,3,1,5,NULL,202000021028,154 705 209,A01,2,2,1,2,2003,5,1,0,-1,-1," -1",-1,202000021028,4,CARNOT,0,NULL,1,1,1,1,0,0,1,NULL," -1",1,0,1,50
202000021028,8,9,2020,10:45:00,1,64,64445,2,1,1,3,CARNOT,"43,3009347"," -0,3694957",202000021028,154 705 208,B01,1,1,0,2,3,1,5,NULL,202000021028,154 705 209,A01,4,2,1,1,2003,5,1,0,-1,-1," -1",-1,202000021028,4,CARNOT,0,NULL,1,1,1,1,0,0,1,NULL," -1",1,0,1,50
202000022043,18,12,2020,09:00:00,1,59,59152,2,9,1,1,"HURLUPIN (RUE D')","50,7640660","3,0099589",202000022043,154 703 421,B01,1,1,0,2,1,19,0,NULL,202000022043,154 703 421,B01,1,1,4,1,1949,5,8,0,-1,-1," -1",-1,202000022043,7,2945,0,NULL,2,2,0,1,(1),(1),3,NULL," -1",1,5,1,50
202000022043,18,12,2020,09:00:00,1,59,59152,2,9,1,1,"HURLUPIN (RUE D')","50,7640660","3,0099589",202000022043,154 703 421,B01,1,1,0,2,1,19,0,NULL,202000022043,154 703 422,A01,1,1,1,1,1965,5,1,0,-1,-1," -1",-1,202000022043,7,2945,0,NULL,2,2,0,1,(1),(1),3,NULL," -1",1,5,1,50
202000024001,17,12,2020,12:45:00,1,75,75108,2,2,1,7,"AVENUE FRANKLIN D ROOSEVELT","48,8668320","2,3102550",202000024001,154 699 988,A01,1,1,0,0,0,1,5,NULL,202000024001,154 699 988,A01,1,1,4,2,1993,4,8,0,-1,0,0,-1,202000024001,4,NULL,0,NULL,2,4,0,1,0,0,1,NULL," -1",2,0,1,50
202000024050,20,4,2020,10:45:00,1,75,75110,2,1,1,2,"RUE LA FAYETTE","48,8808810","2,3630040",202000024050,154 699 903,A01,2,1,0,2,1,1,5,NULL,202000024050,154 699 903,A01,1,1,4,1,1994,4,8,0,-1,0,0,-1,202000024050,4,NULL,0,NULL,-1,1,0,1,0,0,1,NULL," -1",1,0,1,50
202000024050,20,4,2020,10:45:00,1,75,75110,2,1,1,2,"RUE LA FAYETTE","48,8808810","2,3630040",202000024050,154 699 903,A01,2,1,0,2,1,1,5,NULL,202000024050,154 699 904,B01,1,1,1,2,1978,4,1,0,-1,0,0,-1,202000024050,4,NULL,0,NULL,-1,1,0,1,0,0,1,NULL," -1",1,0,1,50
202000026386,8,7,2020,18:10:00,1,75,75116,2,7,1,3,"AVENUE FOCH","48,8737550","2,2941040",202000026386,154 695 830,A01,0,1,0,2,5,19,5,NULL,202000026386,154 695 830,A01,1,1,4,1,2002,1,8,0,-1,0,0,-1,202000026386,4,NULL,0,NULL,2,1,0,1,0,0,1,NULL," -1",1,0,1,50
202000026386,8,7,2020,18:10:00,1,75,75116,2,7,1,3,"AVENUE FOCH","48,8737550","2,2941040",202000026386,154 695 830,A01,0,1,0,2,5,19,5,NULL,202000026386,154 695 831,B01,1,1,1,1,1981,1,2,6,-1,0,0,-1,202000026386,4,NULL,0,NULL,2,1,0,1,0,0,1,NULL," -1",1,0,1,50
202000029106,3,8,2020,16:55:00,1,09,09207,2,1,1,3,"ARIEGE (RUE DE L')","42,9349000","1,6335100",202000029106,154 691 103,B01,2,1,0,2,7,1,6,NULL,202000029106,154 691 102,A01,1,1,1,1,1986,5,1,8,-1,-1," -1",-1,202000029106,4,"ARIEGE (RUE DE L')",0,NULL,2,2,0,1,0,0,1,NULL," -1",1,0,1,50
202000029106,3,8,2020,16:55:00,1,09,09207,2,1,1,3,"ARIEGE (RUE DE L')","42,9349000","1,6335100",202000029106,154 691 103,B01,2,1,0,2,7,1,6,NULL,202000029106,154 691 103,B01,1,1,4,1,1965,0,2,-1,-1,-1," -1",-1,202000029106,4,"ARIEGE (RUE DE L')",0,NULL,2,2,0,1,0,0,1,NULL," -1",1,0,1,50
202000032764,28,8,2020,15:10:00,1,59,59122,2,6,1,3,"BART (BOULEVARD JEAN)","50,1824180","3,2275400",202000032764,154 684 855,A01,3,1,0,2,7,1,5,NULL,202000032764,154 684 855,A01,1,1,3,1,1974,5,2,0,-1,-1," -1",-1,202000032764,4,"BART (BOULEVARD JEAN)",0,NULL,1,1,0,1,(1),(1),2,NULL," -1",1,0,1,50
202000032764,28,8,2020,15:10:00,1,59,59122,2,6,1,3,"BART (BOULEVARD JEAN)","50,1824180","3,2275400",202000032764,154 684 855,A01,3,1,0,2,7,1,5,NULL,202000032764,154 684 856,B01,1,1,1,1,1934,5,1,0,-1,-1," -1",-1,202000032764,4,"BART (BOULEVARD JEAN)",0,NULL,1,1,0,1,(1),(1),2,NULL," -1",1,0,1,50
202000035465,10,12,2020,12:50:00,1,75,75112,2,2,1,3,"AVENUE LEDRU ROLLIN","48,8458730","2,3676710",202000035465,154 680 069,B01,2,1,0,2,1,1,5,NULL,202000035465,154 680 069,B01,1,1,4,1,1952,1,8,0,-1,0,0,-1,202000035465,4,NULL,0,NULL,1,3,1,2,0,0,1,NULL," -1",1,-1,5,50
202000035465,10,12,2020,12:50:00,1,75,75112,2,2,1,3,"AVENUE LEDRU ROLLIN","48,8458730","2,3676710",202000035465,154 680 069,B01,2,1,0,2,1,1,5,NULL,202000035465,154 680 080,A01,1,1,1,1,1952,5,8,0,-1,0,0,-1,202000035465,4,NULL,0,NULL,1,3,1,2,0,0,1,NULL," -1",1,-1,5,50