Num_Acc,jour,mois,an,hrmn,lum,dep,com,agg,int,atm,col,adr,lat,long,Num_Acc,id_vehicule,num_veh,senc,catv,obs,obsm,choc,manv,motor,occutc,Num_Acc,id_vehicule,num_veh,place,catu,grav,sexe,an_nais,trajet,secu1,secu2,secu3,locp,actp,etatp,Num_Acc,catr,voie,v1,v2,circ,nbv,vosp,prof,pr,pr1,plan,lartpc,larrout,surf,infra,situ,vma
202000037939,30,6,2020,18:20:00,1,74,74263,2,1,1,3,"Route de Pérrignier","46,3332780","6,3877860",202000037939,154 675 678,B01,1,1,0,2,8,15,5,NULL,202000037939,154 675 678,B01,1,1,3,1,1949,5,0,-1,-1,0,0,-1,202000037939,3,25,0,D,2,2,0,1,17,800,1,NULL," -1",1,0,8,50
202000037939,30,6,2020,18:20:00,1,74,74263,2,1,1,3,"Route de Pérrignier","46,3332780","6,3877860",202000037939,154 675 678,B01,1,1,0,2,8,15,5,NULL,202000037939,154 675 679,A01,1,1,1,2,1976,3,1,-1,-1,0,0,-1,202000037939,3,25,0,D,2,2,0,1,17,800,1,NULL," -1",1,0,8,50
202000040000,23,10,2020,14:00:00,1,14,14654,1,1,1,7,D102,"48,9640210"," -0,0022620",202000040000,154 672 079,A01,1,1,0,0,0,16,5,NULL,202000040000,154 672 079,A01,1,1,3,1,1945,5,2,6,-1,0,0,-1,202000040000,3,102A,-1,A,2,2,0,1,(1),(1),3,NULL," -1",9,0,1,80
202000040534,6,2,2020,19:55:00,5,31,31555,2,1,1,3,"66 BOULEVARD MATABIAU","43,6159300","1,4393300",202000040534,154 671 119,A01,1,1,0,2,0,11,5,NULL,202000040534,154 671 118,B01,1,1,1,1,1963,5,2,8,-1,-1,0,-1,202000040534,4,NULL,0,NULL,1,1,1,1,0,0,1,NULL,3,1,0,1,50
202000040534,6,2,2020,19:55:00,5,31,31555,2,1,1,3,"66 BOULEVARD MATABIAU","43,6159300","1,4393300",202000040534,154 671 119,A01,1,1,0,2,0,11,5,NULL,202000040534,154 671 119,A01,1,1,3,2,1953,5,2,0,-1,-1,0,-1,202000040534,4,NULL,0,NULL,1,1,1,1,0,0,1,NULL,3,1,0,1,50
202000042605,23,9,2020,07:50:00,1,75,75119,2,3,1,3,"AVENUE JEAN JAURES","48,8845440","2,3769120",202000042605,154 667 419,B01,2,1,0,2,1,1,5,NULL,202000042605,154 667 419,B01,1,1,4,2,1984,1,2,0,-1,0,0,-1,202000042605,4,NULL,0,NULL,2,4,1,1,0,0,1,NULL," -1",1,-1,5,30
202000042605,23,9,2020,07:50:00,1,75,75119,2,3,1,3,"AVENUE JEAN JAURES","48,8845440","2,3769120",202000042605,154 667 419,B01,2,1,0,2,1,1,5,NULL,202000042605,154 667 420,A01,1,1,1,2,1962,1,1,0,-1,0,0,-1,202000042605,4,NULL,0,NULL,2,4,1,1,0,0,1,NULL," -1",1,-1,5,30
202000043272,28,6,2020,10:15:00,1,83,83107,2,1,1,3,"Avenue du General de Gaulle","43,4450950","6,6380870",202000043272,154 666 207,B01,3,1,0,2,1,1,6,NULL,202000043272,154 666 206,A01,1,1,1,2,1952,5,1,-1,-1,0,0,-1,202000043272,4,NC,-1,NULL,2,2,0,2,(1),(1),1,NULL," -1",1,0,1,30
202000043272,28,6,2020,10:15:00,1,83,83107,2,1,1,3,"Avenue du General de Gaulle","43,4450950","6,6380870",202000043272,154 666 207,B01,3,1,0,2,1,1,6,NULL,202000043272,154 666 207,B01,1,1,3,1,1970,5,2,-1,-1,0,0,-1,202000043272,4,NC,-1,NULL,2,2,0,2,(1),(1),1,NULL," -1",1,0,1,30
202000043311,26,5,2020,07:15:00,1,92,92035,2,2,1,1,"Joffre ( avenue )","48,9098348","2,2418775",202000043311,154 666 135,B01,2,1,0,2,1,1,5,NULL,202000043311,154 666 134,A01,1,1,1,1,1967,0,1,0,-1,-1," -1",-1,202000043311,4,"Joffre ( avenue )",0,NULL,2,2,0,1,0,0,1,NULL," -1",1,0,1,50
202000043311,26,5,2020,07:15:00,1,92,92035,2,2,1,1,"Joffre ( avenue )","48,9098348","2,2418775",202000043311,154 666 135,B01,2,1,0,2,1,1,5,NULL,202000043311,154 666 135,B01,1,1,4,1,1988,9,8,0,-1,-1," -1",-1,202000043311,4,"Joffre ( avenue )",0,NULL,2,2,0,1,0,0,1,NULL," -1",1,0,1,50
202000043368,25,5,2020,17:10:00,1,91,91657,2,2,1,-1,"HENRI BARBUSSE (AVENUE)","48,7024820","2,4276030",202000043368,154 666 023,B01,2,1,0,2,1,2,0,NULL,202000043368,154 666 023,B01,1,1,4,2,1976,0,8,0,-1,-1," -1",-1,202000043368,4,"HENRI BARBUSSE (AVENUE)",0,NULL,2,2,0,1,0,0,1,NULL," -1",1,0,1,50
202000044519,28,8,2020,06:15:00,3,83,83029,1,1,1,3,"76 Route départementale 562","43,6064680","6,7506800",202000044519,154 663 976,B01,1,1,0,2,8,1,6,NULL,202000044519,154 663 974,A01,1,1,1,2,1955,1,1,-1,-1,0,0,-1,202000044519,3,562,0,NULL,2,2,0,1,73,550,1,NULL," -1",1,0,1,70
202000044519,28,8,2020,06:15:00,3,83,83029,1,1,1,3,"76 Route départementale 562","43,6064680","6,7506800",202000044519,154 663 976,B01,1,1,0,2,8,1,6,NULL,202000044519,154 663 976,B01,1,1,3,1,1984,1,0,-1,-1,0,0,-1,202000044519,3,562,0,NULL,2,2,0,1,73,550,1,NULL," -1",1,0,1,70
202000045647,21,10,2020,17:15:00,1,70,70311,2,1,1,3,"58 Avenue du Marechal Turenne","47,8122540","6,3642950",202000045647,154 662 059,A01,3,1,0,2,8,19,5,NULL,202000045647,154 662 057,B01,1,1,1,1,1997,1,8,-1,-1,0,0,-1,202000045647,4,6,-1,NULL,2,2,0,1,(1),(1),1,NULL," -1",1,0,1,50
202000045647,21,10,2020,17:15:00,1,70,70311,2,1,1,3,"58 Avenue du Marechal Turenne","47,8122540","6,3642950",202000045647,154 662 059,A01,3,1,0,2,8,19,5,NULL,202000045647,154 662 059,A01,1,1,3,1,2008,5,0,-1,-1,0,0,-1,202000045647,4,6,-1,NULL,2,2,0,1,(1),(1),1,NULL," -1",1,0,1,50
202000045713,4,12,2020,11:00:00,1,56,56036,1,1,1,3,"Lieu-Dit Kerihuet Nord","47,7937200"," -3,3102000",202000045713,154 661 956,B01,1,1,0,2,4,19,0,NULL,202000045713,154 661 955,A01,1,1,1,2,1963,9,1,-1,-1,0,0,-1,202000045713,2,165,-1,NULL,1,1,0,2,92,600,1,NULL," -1",1,3,1,80
202000045713,4,12,2020,11:00:00,1,56,56036,1,1,1,3,"Lieu-Dit Kerihuet Nord","47,7937200"," -3,3102000",202000045713,154 661 956,B01,1,1,0,2,4,19,0,NULL,202000045713,154 661 956,B01,1,1,2,1,1950,5,8,-1,-1,0,0,-1,202000045713,2,165,-1,NULL,1,1,0,2,92,600,1,NULL," -1",1,3,1,80
202000047542,24,7,2020,17:55:00,1,59,59653,2,3,1,3,"24 Rue Faidherbe","50,5743320","2,9417720",202000047542,154 658 717,A01,3,1,0,2,1,16,0,NULL,202000047542,154 658 715,B01,1,1,1,1,1975,0,8,-1,-1,0,0,-1,202000047542,4,NULL,-1,NULL,2,2,0,1,(1),(1),1,NULL,4,1,0,1,50
202000047542,24,7,2020,17:55:00,1,59,59653,2,3,1,3,"24 Rue Faidherbe","50,5743320","2,9417720",202000047542,154 658 717,A01,3,1,0,2,1,16,0,NULL,202000047542,154 658 717,A01,1,1,3,2,1964,5,0,-1,-1,0,0,-1,202000047542,4,NULL,-1,NULL,2,2,0,1,(1),(1),1,NULL,4,1,0,1,50
202000047714,1,12,2020,11:11:00,1,45,45285,2,3,1,3,"Rue Léon Foucault-rue Charles Coulomb","47,9126900","1,8640000",202000047714,154 658 417,B01,3,1,0,2,1,1,5,NULL,202000047714,154 658 417,B01,1,1,4,1,1954,5,8,0,-1,-1," -1",-1,202000047714,4,DE),0,NULL,2,2,0,1,(1),(1),1,NULL," -1",1,0,1,50
202000047714,1,12,2020,11:11:00,1,45,45285,2,3,1,3,"Rue Léon Foucault-rue Charles Coulomb","47,9126900","1,8640000",202000047714,154 658 417,B01,3,1,0,2,1,1,5,NULL,202000047714,154 658 434,A01,1,1,1,1,1971,4,1,0,-1,-1," -1",-1,202000047714,4,DE),0,NULL,2,2,0,1,(1),(1),1,NULL," -1",1,0,1,50
202000009040,27,2,2020,18:30:00,2,75,75113,2,3,1,3,"BOULEVARD MASSENA","48,8233650","2,3750370",202000009040,154 726 365,B01,2,1,0,2,7,1,5,NULL,202000009040,154 726 365,B01,1,1,4,1,1993,5,2,0,-1,0,0,-1,202000009040,4,NULL,0,NULL,3,2,1,4,0,0,1,NULL,5,1,-1,5,50
202000009040,27,2,2020,18:30:00,2,75,75113,2,3,1,3,"BOULEVARD MASSENA","48,8233650","2,3750370",202000009040,154 726 365,B01,2,1,0,2,7,1,5,NULL,202000009040,154 726 366,A01,1,1,1,1,1962,5,1,0,-1,0,0,-1,202000009040,4,NULL,0,NULL,3,2,1,4,0,0,1,NULL,5,1,-1,5,50
202000010039,15,8,2020,12:00:00,1,67,67098,1,3,1,3,D392,"48,5419972","7,4140884",202000010039,154 724 588,A01,2,1,0,2,8,13,5,NULL,202000010039,154 724 588,A01,1,1,4,1,2000,5,0,-1,-1,0,0,-1,202000010039,3,392,0,NULL,2,2,1,1,29,800,1,NULL," -1",1,5,1,80
202000010039,15,8,2020,12:00:00,1,67,67098,1,3,1,3,D392,"48,5419972","7,4140884",202000010039,154 724 588,A01,2,1,0,2,8,13,5,NULL,202000010039,154 724 589,B01,1,1,1,1,1954,5,1,-1,-1,0,0,-1,202000010039,3,392,0,NULL,2,2,1,1,29,800,1,NULL," -1",1,5,1,80
202000011329,12,9,2020,17:37:00,1,75,75107,2,1,1,1,"QUAI ANATOLE FRANCE","48,8617830","2,3218620",202000011329,154 722 322,A01,2,1,14,2,0,18,5,NULL,202000011329,154 722 322,A01,1,1,2,1,1971,9,0,0,-1,0,0,-1,202000011329,4,NULL,0,NULL,2,4,0,1,0,0,1,NULL," -1",1,0,1,50
202000011329,12,9,2020,17:37:00,1,75,75107,2,1,1,1,"QUAI ANATOLE FRANCE","48,8617830","2,3218620",202000011329,154 722 322,A01,2,1,14,2,0,18,5,NULL,202000011329,154 722 323,B01,2,2,1,2,2002,5,1,0,-1,0,0,-1,202000011329,4,NULL,0,NULL,2,4,0,1,0,0,1,NULL," -1",1,0,1,50
202000011329,12,9,2020,17:37:00,1,75,75107,2,1,1,1,"QUAI ANATOLE FRANCE","48,8617830","2,3218620",202000011329,154 722 322,A01,2,1,14,2,0,18,5,NULL,202000011329,154 722 323,B01,1,1,1,2,1959,5,1,0,-1,0,0,-1,202000011329,4,NULL,0,NULL,2,4,0,1,0,0,1,NULL," -1",1,0,1,50
202000013763,14,8,2020,11:55:00,1,33,33529,2,3,1,7,"PYLA (BD DU)","44,6335100"," -1,1621200",202000013763,154 718 072,A01,2,1,0,0,1,1,5,NULL,202000013763,154 718 072,A01,1,1,4,1,1956,5,8,-1,-1,-1," -1",-1,202000013763,3,217,0,NULL,2,2,1,1,2,770,1,NULL," -1",1,-1,5,30
202000014094,23,12,2020,13:55:00,1,12,12086,1,1,1,2,D512,"44,1776720","3,1258030",202000014094,154 717 517,B01,2,1,0,2,4,1,5,NULL,202000014094,154 717 516,A01,1,1,1,1,1948,3,1,-1,-1,0,0,-1,202000014094,3,512,-1,NULL,2,2,0,1,0,250,1,NULL," -1",1,2,1,80
202000014094,23,12,2020,13:55:00,1,12,12086,1,1,1,2,D512,"44,1776720","3,1258030",202000014094,154 717 517,B01,2,1,0,2,4,1,5,NULL,202000014094,154 717 517,B01,1,1,4,1,1970,5,2,-1,-1,0,0,-1,202000014094,3,512,-1,NULL,2,2,0,1,0,250,1,NULL," -1",1,2,1,80
202000018822,12,7,2020,14:20:00,1,05,05079,1,1,1,7,D902,"45,0605480","6,4112090",202000018822,154 709 134,A01,2,1,0,0,1,0,5,NULL,202000018822,154 709 134,A01,1,1,4,1,1990,5,0,-1,-1,0,0,-1,202000018822,3,902,0,D,2,2,0,4,1004,51,4,NULL," -1",1,0,8,80
202000020505,21,1,2020,15:50:00,2,51,51486,1,1,7,2,D19,"49,1550016","4,4055134",202000020505,154 706 175,B01,1,1,0,0,4,1,5,NULL,202000020505,154 706 174,A01,1,1,1,1,1966,1,1,-1,-1,0,0,-1,202000020505,3,19,0,NULL,2,2,0,1,44,680,1,NULL," -1",2,0,1,80
202000020505,21,1,2020,15:50:00,2,51,51486,1,1,7,2,D19,"49,1550016","4,4055134",202000020505,154 706 175,B01,1,1,0,0,4,1,5,NULL,202000020505,154 706 175,B01,1,1,3,1,1993,5,2,4,6,0,0,-1,202000020505,3,19,0,NULL,2,2,0,1,44,680,1,NULL," -1",2,0,1,80
202000023960,16,12,2020,14:47:00,1,49,49007,2,1,1,3,"GAIN ( LOUIS)","47,4694870"," -0,5415160",202000023960,154 700 060,B01,1,1,0,2,1,1,5,NULL,202000023960,154 700 059,A01,1,1,1,1,1980,1,1,0,-1,-1," -1",-1,202000023960,4,"GAIN ( LOUIS)",0,NULL,-1,2,0,1,1,0,1,NULL," -1",1,0,1,50
202000023960,16,12,2020,14:47:00,1,49,49007,2,1,1,3,"GAIN ( LOUIS)","47,4694870"," -0,5415160",202000023960,154 700 060,B01,1,1,0,2,1,1,5,NULL,202000023960,154 700 060,B01,1,1,4,1,2006,2,2,4,-1,-1," -1",-1,202000023960,4,"GAIN ( LOUIS)",0,NULL,-1,2,0,1,1,0,1,NULL," -1",1,0,1,50
202000024599,7,7,2020,20:30:00,1,80,80021,2,1,1,-1,"DEUXIEME DB (RUE DE LA)","49,8925800","2,2923800",202000024599,154 698 967,B01,0,1,0,2,0,1,5,NULL,202000024599,154 698 967,B01,1,1,4,1,1980,4,2,0,-1,-1," -1",-1,202000024599,4,"DEUXIEME DB (RUE DE LA)",0,NULL,2,2,0,1,0,0,1,NULL," -1",1,0,1,50
202000024599,7,7,2020,20:30:00,1,80,80021,2,1,1,-1,"DEUXIEME DB (RUE DE LA)","49,8925800","2,2923800",202000024599,154 698 967,B01,0,1,0,2,0,1,5,NULL,202000024599,154 698 968,A01,1,1,1,1,1985,0,8,0,-1,-1," -1",-1,202000024599,4,"DEUXIEME DB (RUE DE LA)",0,NULL,2,2,0,1,0,0,1,NULL," -1",1,0,1,50
202000025065,8,8,2020,11:20:00,1,38,38412,1,1,1,6,"RD 520 B","45,3578600","5,7565360",202000025065,154 698 128,A01,2,1,5,9,2,0,5,NULL,202000025065,154 698 128,A01,1,1,3,1,1954,5,2,6,-1,0,0,-1,202000025065,3,520,0,B,2,2,0,2,6,22,2,NULL," -1",1,0,8,70
202000027110,9,4,2020,14:00:00,1,13,13056,1,1,1,2,"ROUTE DU PORT DE LAVERA","43,3947500","5,0110100",202000027110,154 694 561,A01,1,1,0,2,0,0,0,NULL,202000027110,154 694 561,A01,1,1,4,1,1945,5,2,0,-1,-1," -1",-1,202000027110,3,49,0,F,1,2,1,1,0,0,2,NULL," -1",1,0,1,50
202000027110,9,4,2020,14:00:00,1,13,13056,1,1,1,2,"ROUTE DU PORT DE LAVERA","43,3947500","5,0110100",202000027110,154 694 561,A01,1,1,0,2,0,0,0,NULL,202000027110,154 694 563,B01,1,1,1,1,1978,1,1,0,-1,-1," -1",-1,202000027110,3,49,0,F,1,2,1,1,0,0,2,NULL," -1",1,0,1,50
202000027255,5,8,2020,20:50:00,1,75,75107,2,1,1,3,"QUAI BRANLY","48,8619250","2,2988400",202000027255,154 694 325,A01,1,1,0,2,8,10,5,NULL,202000027255,154 694 324,B01,1,1,1,1,1973,5,8,0,-1,0,0,-1,202000027255,4,NULL,0,NULL,2,4,1,1,0,0,1,NULL," -1",1,-1,5,50
202000027255,5,8,2020,20:50:00,1,75,75107,2,1,1,3,"QUAI BRANLY","48,8619250","2,2988400",202000027255,154 694 325,A01,1,1,0,2,8,10,5,NULL,202000027255,154 694 325,A01,1,1,4,2,1971,5,8,0,-1,0,0,-1,202000027255,4,NULL,0,NULL,2,4,1,1,0,0,1,NULL," -1",1,-1,5,50
202000030207,6,7,2020,12:45:00,1,75,75117,2,7,1,7,"AVENUE DE VILLIERS","48,8829150","2,3090440",202000030207,154 689 155,A01,1,1,0,0,1,1,5,NULL,202000030207,154 689 155,A01,1,1,4,1,2002,9,8,0,-1,0,0,-1,202000030207,4,NULL,0,NULL,2,2,1,1,0,0,1,NULL," -1",1,0,1,30
202000031122,29,10,2020,17:35:00,1,52,52121,2,1,1,2,"ASHTON UNDER LYNE (AVENUE D')","48,0922800","5,1453200",202000031122,154 687 641,B01,2,1,0,2,4,1,5,NULL,202000031122,154 687 641,B01,1,1,4,1,1999,5,8,0,-1,-1," -1",-1,202000031122,4,NULL,0,NULL,-1,1,0,1,0,0,2,NULL," -1",2,0,1,50
202000032989,28,10,2020,08:09:00,1,67,67482,2,3,2,3,"ARQUEBUSIERS (RUE DES)","48,5919708","7,7598091",202000032989,154 684 458,B01,2,1,0,2,1,1,5,NULL,202000032989,154 684 458,B01,1,1,4,1,1974,1,8,0,-1,-1," -1",-1,202000032989,4,"ARQUEBUSIERS (RUE DES)",0,NULL,2,2,1,1,0,0,1,NULL," -1",2,0,1,50
202000032989,28,10,2020,08:09:00,1,67,67482,2,3,2,3,"ARQUEBUSIERS (RUE DES)","48,5919708","7,7598091",202000032989,154 684 458,B01,2,1,0,2,1,1,5,NULL,202000032989,154 684 459,A01,1,1,1,1,1950,0,1,8,-1,-1," -1",-1,202000032989,4,"ARQUEBUSIERS (RUE DES)",0,NULL,2,2,1,1,0,0,1,NULL," -1",2,0,1,50
202000034199,3,7,2020,16:55:00,1,75,75115,2,1,1,6,"RUE MADEMOISELLE","48,8434010","2,2997730",202000034199,154 682 328,A01,1,1,0,1,1,5,5,NULL,202000034199,154 682 328,A01,1,1,1,1,1996,5,8,0,-1,0,0,-1,202000034199,4,NULL,0,NULL,1,1,0,1,(1),0,1,NULL," -1",1,0,1,50
202000034199,3,7,2020,16:55:00,1,75,75115,2,1,1,6,"RUE MADEMOISELLE","48,8434010","2,2997730",202000034199,154 682 328,A01,1,1,0,1,1,5,5,NULL,202000034199,154 682 328,A01,10,3,4,2,2009,5,0,-1,-1,2,3,2,202000034199,4,NULL,0,NULL,1,1,0,1,(1),0,1,NULL," -1",1,0,1,50
202000034203,3,7,2020,02:35:00,5,75,75111,2,2,1,-1,"BOULEVARD RICHARD LENOIR","48,8639990","2,3706780",202000034203,154 682 322,A01,2,1,0,2,1,1,5,NULL,202000034203,154 682 322,A01,1,1,4,1,1991,9,8,0,-1,0,0,-1,202000034203,4,NULL,0,NULL,1,3,1,1,0,0,1,NULL," -1",1,-1,5,50
202000035302,1,6,2020,14:45:00,1,08,08328,1,1,7,7,"voie verte","49,7978600","4,7593760",202000035302,154 680 389,A01,3,1,0,0,1,1,5,NULL,202000035302,154 680 389,A01,1,1,3,1,1962,5,6,-1,-1,0,0,-1,202000035302,9,sans,-1,NULL,2,2,0,1,(1),(1),1,NULL," -1",1,0,1,50
202000037820,26,9,2020,20:15:00,3,01,01419,1,1,2,2,D89,"46,2376100","6,0051440",202000037820,154 675 890,A01,1,1,0,2,6,1,5,NULL,202000037820,154 675 890,A01,1,1,4,1,1969,5,2,-1,-1,0,0,-1,202000037820,3,89K,0,K,2,2,0,2,1,670,1,NULL," -1",2,0,1,80
202000038240,13,3,2020,15:50:00,1,75,75104,2,3,1,3,"RUE SAINT ANTOINE","48,8539490","2,3647560",202000038240,154 675 140,B01,1,1,0,2,1,1,5,NULL,202000038240,154 675 140,B01,1,1,4,2,1977,9,2,0,-1,0,0,-1,202000038240,4,NULL,0,NULL,2,4,1,1,0,0,1,NULL," -1",1,0,5,50
202000038240,13,3,2020,15:50:00,1,75,75104,2,3,1,3,"RUE SAINT ANTOINE","48,8539490","2,3647560",202000038240,154 675 140,B01,1,1,0,2,1,1,5,NULL,202000038240,154 675 141,A01,1,1,1,1,1964,9,1,0,-1,0,0,-1,202000038240,4,NULL,0,NULL,2,4,1,1,0,0,1,NULL," -1",1,0,5,50
202000040803,24,9,2020,17:36:00,1,33,33063,2,1,3,3,"RUE DE LA BENAUGE","44,8395793"," -0,5585347",202000040803,154 670 637,A01,1,1,0,2,4,15,5,NULL,202000040803,154 670 637,A01,1,1,4,1,2012,0,8,0,-1,-1," -1",-1,202000040803,4,"RUE DE LA BENAUGE",0,NULL,2,2,0,1,(1),(1),1,NULL," -1",2,0,1,30
202000040803,24,9,2020,17:36:00,1,33,33063,2,1,3,3,"RUE DE LA BENAUGE","44,8395793"," -0,5585347",202000040803,154 670 637,A01,1,1,0,2,4,15,5,NULL,202000040803,154 670 638,B01,1,1,1,1,1994,5,8,0,-1,-1," -1",-1,202000040803,4,"RUE DE LA BENAUGE",0,NULL,2,2,0,1,(1),(1),1,NULL," -1",2,0,1,30
202000041570,26,5,2020,17:40:00,1,75,75116,2,1,1,3,"AVENUE DU PRESIDENT KENNEDY","48,8535320","2,2821600",202000041570,154 669 272,B01,3,1,0,2,6,7,5,NULL,202000041570,154 669 272,B01,1,1,4,1,1993,5,2,8,-1,0,0,-1,202000041570,4,NULL,0,NULL,2,2,3,1,0,0,1,NULL," -1",1,0,1,50
202000041570,26,5,2020,17:40:00,1,75,75116,2,1,1,3,"AVENUE DU PRESIDENT KENNEDY","48,8535320","2,2821600",202000041570,154 669 272,B01,3,1,0,2,6,7,5,NULL,202000041570,154 669 273,A01,1,1,1,1,1981,1,1,8,-1,0,0,-1,202000041570,4,NULL,0,NULL,2,2,3,1,0,0,1,NULL," -1",1,0,1,50
202000042376,6,1,2020,11:05:00,1,91,91114,2,9,1,3,"ROUTE NATIONALE 6","48,7126519","2,4422282",202000042376,154 667 818,B01,0,1,0,0,0,0,0,NULL,202000042376,154 667 817,A01,1,1,1,1,1976,9,1,0,-1,0,0,-1,202000042376,2,6,0,NULL,-1,0,0,1,1,0,1,NULL,0,1,0,1,5
202000042376,6,1,2020,11:05:00,1,91,91114,2,9,1,3,"ROUTE NATIONALE 6","48,7126519","2,4422282",202000042376,154 667 818,B01,0,1,0,0,0,0,0,NULL,202000042376,154 667 818,B01,1,1,4,1,1934,0,8,0,-1,0,0,-1,202000042376,2,6,0,NULL,-1,0,0,1,1,0,1,NULL,0,1,0,1,5
202000042892,26,7,2020,09:40:00,1,85,85143,1,1,1,7,"La Grande Perrure","46,5115200"," -0,7405800",202000042892,154 666 904,A01,2,1,0,0,0,1,5,NULL,202000042892,154 666 904,A01,1,1,3,1,1956,5,2,6,-1,0,0,-1,202000042892,3,116,0,NULL,2,2,0,2,6,785,3,NULL," -1",1,0,1,80
202000045693,3,12,2020,14:28:00,1,94,94022,2,6,2,3,"Avenue Louis Luc","48,7607511","2,4143624",202000045693,154 661 984,B01,3,1,14,2,1,14,5,NULL,202000045693,154 661 983,A01,1,1,1,2,1971,0,1,0,-1,-1," -1",-1,202000045693,4,"Avenue Louis Luc",0,NULL,1,1,0,1,0,1,1,NULL," -1",2,0,1,50
202000045693,3,12,2020,14:28:00,1,94,94022,2,6,2,3,"Avenue Louis Luc","48,7607511","2,4143624",202000045693,154 661 984,B01,3,1,14,2,1,14,5,NULL,202000045693,154 661 984,B01,1,1,4,1,1964,0,0,0,-1,-1," -1",-1,202000045693,4,"Avenue Louis Luc",0,NULL,1,1,0,1,0,1,1,NULL," -1",2,0,1,50
202000007608,19,6,2020,14:25:00,1,75,75108,2,7,1,7,"PLACE DE LA MADELEINE","48,8699890","2,3252480",202000007608,154 728 859,A01,1,1,0,0,0,21,5,NULL,202000007608,154 728 859,A01,1,1,4,1,1998,4,2,0,-1,0,0,-1,202000007608,4,NULL,0,NULL,1,2,0,1,(1),0,1,NULL," -1",1,0,1,50
202000009179,15,9,2020,18:50:00,1,75,75108,2,7,1,1,"AVENUE FRANKLIN D ROOSEVELT","48,8682830","2,3099960",202000009179,154 726 102,A01,1,1,0,2,0,1,5,NULL,202000009179,154 726 102,A01,1,1,4,1,1995,9,2,0,-1,0,0,-1,202000009179,4,NULL,0,NULL,2,6,1,1,0,0,1,NULL," -1",1,-1,5,50
202000011281,12,9,2020,10:10:00,1,31,31555,2,1,1,3,"AV PAUL SEJOURNE","43,6076600","1,4283400",202000011281,154 722 410,A01,0,1,0,2,1,19,5,NULL,202000011281,154 722 410,A01,1,1,4,2,1999,0,8,0,-1,-1," -1",-1,202000011281,4,"AV PAUL SEJOURNE",0,NULL,2,2,0,1,0,0,1,NULL," -1",1,0,1,50
202000011281,12,9,2020,10:10:00,1,31,31555,2,1,1,3,"AV PAUL SEJOURNE","43,6076600","1,4283400",202000011281,154 722 410,A01,0,1,0,2,1,19,5,NULL,202000011281,154 722 411,B01,1,1,1,1,1974,9,2,6,-1,-1," -1",-1,202000011281,4,"AV PAUL SEJOURNE",0,NULL,2,2,0,1,0,0,1,NULL," -1",1,0,1,50
202000013555,15,6,2020,07:55:00,1,31,31557,2,1,1,1,"MARQUISAT (AV DU)","43,5693500","1,3333600",202000013555,154 718 446,B01,2,1,0,2,8,19,5,NULL,202000013555,154 718 445,A01,1,1,1,2,1988,4,1,0,-1,-1," -1",-1,202000013555,3,50,0,NULL,2,2,0,1,30,521,1,NULL," -1",1,0,1,50
202000013555,15,6,2020,07:55:00,1,31,31557,2,1,1,1,"MARQUISAT (AV DU)","43,5693500","1,3333600",202000013555,154 718 446,B01,2,1,0,2,8,19,5,NULL,202000013555,154 718 446,B01,1,1,4,2,1959,4,8,0,-1,-1," -1",-1,202000013555,3,50,0,NULL,2,2,0,1,30,521,1,NULL," -1",1,0,1,50
202000016703,23,1,2020,19:30:00,5,75,75107,2,7,1,3,"PLACE JOFFRE","48,8526860","2,3030921",202000016703,154 712 875,B01,1,1,0,2,3,13,5,NULL,202000016703,154 712 875,B01,1,1,4,2,1996,9,8,2,-1,-1," -1",-1,202000016703,4,NULL,0,NULL,2,4,0,1,13,0,1,NULL," -1",1,0,1,50
202000016703,23,1,2020,19:30:00,5,75,75107,2,7,1,3,"PLACE JOFFRE","48,8526860","2,3030921",202000016703,154 712 875,B01,1,1,0,2,3,13,5,NULL,202000016703,154 712 876,A01,1,1,4,1,1991,1,2,6,-1,0,0,-1,202000016703,4,NULL,0,NULL,2,4,0,1,13,0,1,NULL," -1",1,0,1,50
202000017513,12,8,2020,07:35:00,2,45,45147,2,6,1,2,"Rue Fernand et Marcelle Rivière","47,9379900","1,8948900",202000017513,154 711 426,B01,0,1,0,2,6,19,5,NULL,202000017513,154 711 426,B01,1,1,4,1,1975,1,2,0,-1,-1," -1",-1,202000017513,4,NULL,0,NULL,2,2,2,1,(1),(1),1,NULL," -1",1,0,1,50
202000017513,12,8,2020,07:35:00,2,45,45147,2,6,1,2,"Rue Fernand et Marcelle Rivière","47,9379900","1,8948900",202000017513,154 711 426,B01,0,1,0,2,6,19,5,NULL,202000017513,154 711 427,A01,1,1,1,1,1964,1,1,0,-1,-1," -1",-1,202000017513,4,NULL,0,NULL,2,2,2,1,(1),(1),1,NULL," -1",1,0,1,50
202000019905,18,12,2020,15:20:00,1,76,76540,2,1,1,2,"GAMBETTA. BOULEVARD","49,4414300","1,1126700",202000019905,154 707 188,A01,0,1,0,2,1,13,5,NULL,202000019905,154 707 187,B01,1,1,1,1,1985,0,1,0,-1,-1," -1",-1,202000019905,2,"GAMBETTA. BOULEVARD",0,NULL,3,6,3,2,0,0,1,NULL," -1",1,-1,1,50