Num_Acc,jour,mois,an,hrmn,lum,dep,com,agg,int,atm,col,adr,lat,long,Num_Acc,id_vehicule,num_veh,senc,catv,obs,obsm,choc,manv,motor,occutc,Num_Acc,id_vehicule,num_veh,place,catu,grav,sexe,an_nais,trajet,secu1,secu2,secu3,locp,actp,etatp,Num_Acc,catr,voie,v1,v2,circ,nbv,vosp,prof,pr,pr1,plan,lartpc,larrout,surf,infra,situ,vma
202000019905,18,12,2020,15:20:00,1,76,76540,2,1,1,2,"GAMBETTA. BOULEVARD","49,4414300","1,1126700",202000019905,154 707 188,A01,0,1,0,2,1,13,5,NULL,202000019905,154 707 188,A01,1,1,4,1,1994,4,2,4,-1,-1," -1",-1,202000019905,2,"GAMBETTA. BOULEVARD",0,NULL,3,6,3,2,0,0,1,NULL," -1",1,-1,1,50
202000020959,20,2,2020,06:55:00,5,88,88160,2,3,8,3,"BLUM (AV. LEON)","48,1890900","6,4626100",202000020959,154 705 343,B01,1,1,0,2,1,1,0,NULL,202000020959,154 705 342,A01,1,1,1,1,1992,4,1,8,-1,-1," -1",-1,202000020959,4,"BLUM (AV. LEON)",0,NULL,2,2,0,2,0,0,1,NULL," -1",2,0,1,50
202000020959,20,2,2020,06:55:00,5,88,88160,2,3,8,3,"BLUM (AV. LEON)","48,1890900","6,4626100",202000020959,154 705 343,B01,1,1,0,2,1,1,0,NULL,202000020959,154 705 343,B01,1,1,3,1,2002,1,2,0,-1,-1," -1",-1,202000020959,4,"BLUM (AV. LEON)",0,NULL,2,2,0,2,0,0,1,NULL," -1",2,0,1,50
202000021259,8,6,2020,08:05:00,1,67,67482,2,1,1,-1,"ROBERTSAU (ALLEE DE LA)","48,5905200","7,7685100",202000021259,154 704 810,B01,1,1,1,0,2,1,5,NULL,202000021259,154 704 809,A01,1,1,1,1,1971,4,1,8,-1,-1," -1",-1,202000021259,4,"ROBERTSAU (ALLEE DE LA)",0,NULL,3,2,0,1,0,0,1,NULL," -1",1,0,1,50
202000021259,8,6,2020,08:05:00,1,67,67482,2,1,1,-1,"ROBERTSAU (ALLEE DE LA)","48,5905200","7,7685100",202000021259,154 704 810,B01,1,1,1,0,2,1,5,NULL,202000021259,154 704 810,B01,1,1,4,1,1996,1,8,0,-1,-1," -1",-1,202000021259,4,"ROBERTSAU (ALLEE DE LA)",0,NULL,3,2,0,1,0,0,1,NULL," -1",1,0,1,50
202000021425,9,8,2020,12:00:00,1,17,17300,1,1,1,3,"GUITON   AVENUE JEAN (9-165 et 4)","46,1598500"," -1,1665900",202000021425,154 704 507,B01,2,1,0,2,1,1,5,NULL,202000021425,154 704 507,B01,1,1,4,1,1975,5,8,0,-1,-1," -1",-1,202000021425,4,"GUITON   AVENUE JEAN (9-165 et 4)",0,NULL,2,2,1,2,0,0,1,NULL," -1",1,0,1,30
202000021425,9,8,2020,12:00:00,1,17,17300,1,1,1,3,"GUITON   AVENUE JEAN (9-165 et 4)","46,1598500"," -1,1665900",202000021425,154 704 507,B01,2,1,0,2,1,1,5,NULL,202000021425,154 704 508,A01,1,1,1,1,1965,5,1,0,-1,-1," -1",-1,202000021425,4,"GUITON   AVENUE JEAN (9-165 et 4)",0,NULL,2,2,1,2,0,0,1,NULL," -1",1,0,1,30
202000022528,10,7,2020,12:20:00,1,75,75115,2,2,1,3,"RUE DE LA FEDERATION","48,8537980","2,2941660",202000022528,154 702 597,A01,1,1,0,2,1,1,5,NULL,202000022528,154 702 597,A01,1,1,4,1,1971,1,2,0,-1,0,0,-1,202000022528,4,NULL,0,NULL,1,1,0,1,0,0,1,NULL," -1",1,0,1,50
202000022528,10,7,2020,12:20:00,1,75,75115,2,2,1,3,"RUE DE LA FEDERATION","48,8537980","2,2941660",202000022528,154 702 597,A01,1,1,0,2,1,1,5,NULL,202000022528,154 702 598,B01,1,1,1,2,1982,9,1,0,-1,0,0,-1,202000022528,4,NULL,0,NULL,1,1,0,1,0,0,1,NULL," -1",1,0,1,50
202000022812,20,2,2020,16:40:00,1,62,62003,2,1,2,3,"Rue Roger Marechal","50,3828870","2,8842310",202000022812,154 702 095,A01,2,1,0,2,2,1,0,NULL,202000022812,154 702 095,A01,1,1,4,1,1947,5,8,-1,-1,0,0,-1,202000022812,3,33,0,D,2,2,0,1,19,820,1,NULL," -1",2,0,4,50
202000024209,16,4,2020,19:10:00,1,94,94075,2,1,1,2,"MANDRES (R DE)","48,7153860","2,5372570",202000024209,154 699 661,A01,2,1,0,2,1,1,5,NULL,202000024209,154 699 660,B01,1,1,1,2,1984,5,1,0,-1,-1," -1",-1,202000024209,3,253,0,NULL,-1,2,0,2,0,1,1,NULL," -1",1,0,1,50
202000024209,16,4,2020,19:10:00,1,94,94075,2,1,1,2,"MANDRES (R DE)","48,7153860","2,5372570",202000024209,154 699 661,A01,2,1,0,2,1,1,5,NULL,202000024209,154 699 661,A01,1,1,4,1,1959,5,2,0,-1,-1," -1",-1,202000024209,3,253,0,NULL,-1,2,0,2,0,1,1,NULL," -1",1,0,1,50
202000025477,6,11,2020,18:20:00,2,94,94079,2,2,1,3,"MONTRICHARD (AV)","48,8307500","2,5485100",202000025477,154 697 396,A01,3,1,1,2,1,15,0,NULL,202000025477,154 697 396,A01,1,1,4,1,1996,0,8,0,-1,-1," -1",-1,202000025477,4,"MONTRICHARD (AV)",0,NULL,1,1,3,1,0,0,1,NULL," -1",1,0,1,50
202000025477,6,11,2020,18:20:00,2,94,94079,2,2,1,3,"MONTRICHARD (AV)","48,8307500","2,5485100",202000025477,154 697 396,A01,3,1,1,2,1,15,0,NULL,202000025477,154 697 398,B01,7,2,4,2,1970,0,1,0,-1,-1," -1",-1,202000025477,4,"MONTRICHARD (AV)",0,NULL,1,1,3,1,0,0,1,NULL," -1",1,0,1,50
202000025477,6,11,2020,18:20:00,2,94,94079,2,2,1,3,"MONTRICHARD (AV)","48,8307500","2,5485100",202000025477,154 697 396,A01,3,1,1,2,1,15,0,NULL,202000025477,154 697 398,B01,1,1,1,1,1971,4,1,0,-1,-1," -1",-1,202000025477,4,"MONTRICHARD (AV)",0,NULL,1,1,3,1,0,0,1,NULL," -1",1,0,1,50
202000027558,2,6,2020,09:25:00,1,56,56121,2,4,1,3,"PERRIERE ( AV DE LA )","47,7344100"," -3,3653500",202000027558,154 693 810,B01,1,1,0,2,1,1,5,NULL,202000027558,154 693 808,A01,1,1,1,1,1957,4,1,8,-1,-1," -1",-1,202000027558,4,"PERRIERE ( AV DE LA )",0,NULL,2,2,0,1,0,0,3,NULL," -1",1,0,5,50
202000027558,2,6,2020,09:25:00,1,56,56121,2,4,1,3,"PERRIERE ( AV DE LA )","47,7344100"," -3,3653500",202000027558,154 693 810,B01,1,1,0,2,1,1,5,NULL,202000027558,154 693 810,B01,1,1,4,1,1976,1,2,8,-1,-1," -1",-1,202000027558,4,"PERRIERE ( AV DE LA )",0,NULL,2,2,0,1,0,0,3,NULL," -1",1,0,5,50
202000028757,5,9,2020,18:00:00,1,92,92049,2,3,1,3,"BROSSOLETTE AVENUE PIERRE","48,8128230","2,3015910",202000028757,154 691 678,B01,2,1,0,0,0,0,6,NULL,202000028757,154 691 678,B01,1,1,4,1,1957,5,8,0,-1,-1," -1",-1,202000028757,3,906,0,NULL,3,4,1,1,0,1,1,NULL," -1",1,0,5,50
202000028757,5,9,2020,18:00:00,1,92,92049,2,3,1,3,"BROSSOLETTE AVENUE PIERRE","48,8128230","2,3015910",202000028757,154 691 678,B01,2,1,0,0,0,0,6,NULL,202000028757,154 691 679,A01,2,2,1,1,1982,5,2,0,-1,-1," -1",-1,202000028757,3,906,0,NULL,3,4,1,1,0,1,1,NULL," -1",1,0,5,50
202000028757,5,9,2020,18:00:00,1,92,92049,2,3,1,3,"BROSSOLETTE AVENUE PIERRE","48,8128230","2,3015910",202000028757,154 691 678,B01,2,1,0,0,0,0,6,NULL,202000028757,154 691 679,A01,1,1,1,1,1984,0,2,0,-1,-1," -1",-1,202000028757,3,906,0,NULL,3,4,1,1,0,1,1,NULL," -1",1,0,5,50
202000029155,5,8,2020,10:40:00,1,42,42204,2,6,1,3,"Rue Chevalier","45,4213920","4,0631600",202000029155,154 691 027,B01,2,1,0,2,7,2,5,NULL,202000029155,154 691 026,A01,1,1,1,1,1962,3,1,-1,-1,0,0,-1,202000029155,3,498,0,NULL,1,2,0,1,20,550,2,NULL," -1",1,0,1,50
202000029155,5,8,2020,10:40:00,1,42,42204,2,6,1,3,"Rue Chevalier","45,4213920","4,0631600",202000029155,154 691 027,B01,2,1,0,2,7,2,5,NULL,202000029155,154 691 027,B01,1,1,4,1,1979,5,2,-1,-1,0,0,-1,202000029155,3,498,0,NULL,1,2,0,1,20,550,2,NULL," -1",1,0,1,50
202000029309,3,11,2020,17:20:00,5,92,92040,2,1,1,3,GUYNEMER,"48,8299100","2,2773300",202000029309,154 690 737,B01,1,1,0,2,1,1,5,NULL,202000029309,154 690 737,B01,1,1,3,1,1972,1,2,0,-1,-1," -1",-1,202000029309,3,76,0,NULL,1,2,0,1,0,0,1,NULL," -1",1,0,1,50
202000029309,3,11,2020,17:20:00,5,92,92040,2,1,1,3,GUYNEMER,"48,8299100","2,2773300",202000029309,154 690 737,B01,1,1,0,2,1,1,5,NULL,202000029309,154 690 738,A01,1,1,1,1,1965,4,1,0,-1,-1," -1",-1,202000029309,3,76,0,NULL,1,2,0,1,0,0,1,NULL," -1",1,0,1,50
202000029830,13,12,2020,08:20:00,1,83,83069,1,1,1,2,"GIENS (ROUTE DE )","43,0686900","6,1472400",202000029830,154 689 826,B01,1,1,0,2,4,2,5,NULL,202000029830,154 689 826,B01,1,1,2,1,1943,5,2,0,-1,-1," -1",-1,202000029830,3,197,0,NULL,2,2,0,1,4,300,1,NULL," -1",1,0,1,70
202000029830,13,12,2020,08:20:00,1,83,83069,1,1,1,2,"GIENS (ROUTE DE )","43,0686900","6,1472400",202000029830,154 689 826,B01,1,1,0,2,4,2,5,NULL,202000029830,154 689 827,A01,1,1,1,1,1939,5,8,0,-1,-1," -1",-1,202000029830,3,197,0,NULL,2,2,0,1,4,300,1,NULL," -1",1,0,1,70
202000030037,14,1,2020,09:40:00,1,75,75119,2,1,8,3,"AVENUE MATHURIN MOREAU","48,8781380","2,3717810",202000030037,154 689 464,B01,2,1,0,2,1,1,5,NULL,202000030037,154 689 463,A01,1,1,1,1,1958,9,1,0,-1,0,0,-1,202000030037,4,NULL,0,NULL,2,2,0,2,9,0,1,NULL," -1",1,0,1,50
202000030037,14,1,2020,09:40:00,1,75,75119,2,1,8,3,"AVENUE MATHURIN MOREAU","48,8781380","2,3717810",202000030037,154 689 464,B01,2,1,0,2,1,1,5,NULL,202000030037,154 689 464,B01,1,1,4,1,1992,1,8,2,-1,0,0,-1,202000030037,4,NULL,0,NULL,2,2,0,2,9,0,1,NULL," -1",1,0,1,50
202000032080,11,1,2020,07:45:00,5,73,73065,2,3,1,3,"SAINT ANTOINE (RUE)","45,5680400","5,9209700",202000032080,154 685 981,B01,3,1,0,2,7,19,5,NULL,202000032080,154 685 980,A01,1,1,1,1,1959,3,1,0,-1,0,0,-1,202000032080,4,"SAINT ANTOINE (RUE)",0,NULL,1,3,0,1,(1),(1),1,NULL," -1",1,5,1,50
202000032080,11,1,2020,07:45:00,5,73,73065,2,3,1,3,"SAINT ANTOINE (RUE)","45,5680400","5,9209700",202000032080,154 685 981,B01,3,1,0,2,7,19,5,NULL,202000032080,154 685 981,B01,1,1,4,1,2001,1,8,0,-1,0,0,-1,202000032080,4,"SAINT ANTOINE (RUE)",0,NULL,1,3,0,1,(1),(1),1,NULL," -1",1,5,1,50
202000033069,28,10,2020,10:55:00,1,13,13028,2,9,1,6,"PUITS DE BRUNET (CHEMIN DU)","43,1863190","5,6002220",202000033069,154 684 315,A01,1,1,0,1,1,26,5,NULL,202000033069,154 684 315,A01,1,1,3,2,1972,0,8,-1,-1,-1," -1",-1,202000033069,3,141,0,NULL,1,1,1,1,12,800,1,NULL," -1",1,0,5,50
202000033069,28,10,2020,10:55:00,1,13,13028,2,9,1,6,"PUITS DE BRUNET (CHEMIN DU)","43,1863190","5,6002220",202000033069,154 684 315,A01,1,1,0,1,1,26,5,NULL,202000033069,154 684 315,A01,10,3,4,2,1954,0,0,-1,-1,2,3,1,202000033069,3,141,0,NULL,1,1,1,1,12,800,1,NULL," -1",1,0,5,50
202000033884,13,1,2020,13:05:00,1,75,75118,2,2,2,3,"RUE LABAT","48,8894850","2,3496000",202000033884,154 682 887,B01,1,1,0,2,1,1,5,NULL,202000033884,154 682 887,B01,1,1,4,2,1960,9,8,2,-1,0,0,-1,202000033884,4,NULL,0,NULL,1,4,1,2,0,0,1,NULL,12,2,-1,5,50
202000033884,13,1,2020,13:05:00,1,75,75118,2,2,2,3,"RUE LABAT","48,8894850","2,3496000",202000033884,154 682 887,B01,1,1,0,2,1,1,5,NULL,202000033884,154 682 888,A01,1,1,1,1,1969,4,1,0,-1,0,0,-1,202000033884,4,NULL,0,NULL,1,4,1,2,0,0,1,NULL,12,2,-1,5,50
202000036342,14,3,2020,11:25:00,1,92,92012,2,2,2,6,"CHARLES DE GAULLE (AVENUE) - COTE PAIR","48,8503190","2,2378190",202000036342,154 678 488,A01,1,1,0,1,1,15,5,NULL,202000036342,154 678 488,A01,10,3,4,2,1956,0,0,-1,-1,4,3,1,202000036342,3,2,0,NULL,2,2,0,1,0,0,1,NULL," -1",2,0,1,50
202000036342,14,3,2020,11:25:00,1,92,92012,2,2,2,6,"CHARLES DE GAULLE (AVENUE) - COTE PAIR","48,8503190","2,2378190",202000036342,154 678 488,A01,1,1,0,1,1,15,5,NULL,202000036342,154 678 488,A01,1,1,4,1,1962,5,8,0,-1,-1," -1",-1,202000036342,3,2,0,NULL,2,2,0,1,0,0,1,NULL," -1",2,0,1,50
202000037542,27,10,2020,23:34:00,5,29,29232,2,1,1,7,"29 Rue du Frugy","47,9880347"," -4,1066001",202000037542,154 676 378,A01,0,1,12,0,0,1,5,NULL,202000037542,154 676 378,A01,1,1,3,1,2003,1,8,0,-1,0," -1",-1,202000037542,4,"Rue du Frugy",0,NULL,2,2,0,2,0,0,1,NULL," -1",2,0,1,50
202000037959,2,7,2020,07:45:00,1,42,42134,1,1,1,2,D8,"45,6823370","4,0368370",202000037959,154 675 639,B01,1,1,0,2,4,1,5,NULL,202000037959,154 675 639,B01,1,1,3,1,1957,5,2,-1,-1,0,0,-1,202000037959,3,8,0,NULL,2,2,0,1,69,900,1,NULL,7,1,0,1,80
202000037959,2,7,2020,07:45:00,1,42,42134,1,1,1,2,D8,"45,6823370","4,0368370",202000037959,154 675 639,B01,1,1,0,2,4,1,5,NULL,202000037959,154 675 640,A01,1,1,1,1,1992,1,8,-1,-1,0,0,-1,202000037959,3,8,0,NULL,2,2,0,1,69,900,1,NULL,7,1,0,1,80
202000038043,2,7,2020,19:30:00,1,81,81105,2,3,1,3,"28 bis Rue Cardinal Roques","43,7615974","2,0136646",202000038043,154 675 487,B01,3,1,0,2,1,9,5,NULL,202000038043,154 675 487,B01,1,1,3,1,2009,5,0,-1,-1,0,0,-1,202000038043,4,NULL,-1,NULL,1,1,0,1,(1),(1),1,NULL," -1",1,0,1,50
202000038043,2,7,2020,19:30:00,1,81,81105,2,3,1,3,"28 bis Rue Cardinal Roques","43,7615974","2,0136646",202000038043,154 675 487,B01,3,1,0,2,1,9,5,NULL,202000038043,154 675 488,A01,1,1,1,1,1994,5,1,-1,-1,0,0,-1,202000038043,4,NULL,-1,NULL,1,1,0,1,(1),(1),1,NULL," -1",1,0,1,50
202000042592,26,7,2020,11:15:00,1,67,67324,1,9,1,7,"Rue du Sandholz","48,9362870","7,6269150",202000042592,154 667 437,A01,0,1,0,0,0,0,5,NULL,202000042592,154 667 437,A01,1,1,3,1,1962,5,2,-1,-1,0,0,-1,202000042592,9,NULL,0,NULL,-1,2,0,1,0,0,3,NULL," -1",1,0,3,30
202000043550,24,10,2020,16:45:00,1,05,05130,1,1,1,1,"2133 Rue du Rocher","44,5562430","6,3633370",202000043550,154 665 708,B01,2,1,0,9,0,1,5,NULL,202000043550,154 665 707,A01,1,1,1,1,1947,5,2,6,-1,0,0,-1,202000043550,3,9,0,D,2,2,0,1,18,0,4,NULL," -1",1,0,3,80
202000043550,24,10,2020,16:45:00,1,05,05130,1,1,1,1,"2133 Rue du Rocher","44,5562430","6,3633370",202000043550,154 665 708,B01,2,1,0,9,0,1,5,NULL,202000043550,154 665 708,B01,1,1,4,2,1989,5,0,-1,-1,0,0,-1,202000043550,3,9,0,D,2,2,0,1,18,0,4,NULL," -1",1,0,3,80
202000043889,22,9,2020,18:40:00,1,69,69387,2,1,1,3,"YVES FARGES                         (BD)","45,7431200","4,8340300",202000043889,154 665 115,A01,2,1,0,2,1,1,5,NULL,202000043889,154 665 115,A01,1,1,4,1,1988,0,2,8,-1,-1," -1",-1,202000043889,4,"YVES FARGES                         (BD)",0,NULL,2,2,0,1,0,0,1,NULL," -1",1,0,1,50
202000043889,22,9,2020,18:40:00,1,69,69387,2,1,1,3,"YVES FARGES                         (BD)","45,7431200","4,8340300",202000043889,154 665 115,A01,2,1,0,2,1,1,5,NULL,202000043889,154 665 116,B01,1,1,1,1,1998,0,1,8,-1,-1," -1",-1,202000043889,4,"YVES FARGES                         (BD)",0,NULL,2,2,0,1,0,0,1,NULL," -1",1,0,1,50
202000044533,26,8,2020,14:30:00,1,21,21714,1,1,1,1,"14 Route de Boncourt-le-bois","47,1530150","4,9641360",202000044533,154 663 954,B01,1,1,0,2,3,1,5,NULL,202000044533,154 663 952,A01,1,1,1,1,1998,0,8,-1,-1,0,0,-1,202000044533,3,109,-1,G,2,2,0,1,0,450,3,NULL," -1",1,0,1,80
202000044533,26,8,2020,14:30:00,1,21,21714,1,1,1,1,"14 Route de Boncourt-le-bois","47,1530150","4,9641360",202000044533,154 663 954,B01,1,1,0,2,3,1,5,NULL,202000044533,154 663 954,B01,1,1,4,1,1954,5,2,-1,-1,0,0,-1,202000044533,3,109,-1,G,2,2,0,1,0,450,3,NULL," -1",1,0,1,80
202000045885,19,9,2020,12:15:00,1,64,64284,2,1,1,7,MASSENET,"43,2911100"," -0,3866200",202000045885,154 661 635,A01,1,1,1,0,1,14,5,NULL,202000045885,154 661 635,A01,1,1,4,1,1987,5,2,8,-1,-1," -1",-1,202000045885,4,MASSENET,0,NULL,2,2,0,1,0,0,1,NULL," -1",1,0,1,30
202000047246,23,7,2020,07:30:00,1,13,13211,2,2,1,3,"MILLIERE (BOULEVARD DE LA )","43,2835000","5,4994000",202000047246,154 659 251,A01,1,1,0,2,8,17,5,NULL,202000047246,154 659 240,B01,1,1,1,1,1976,1,1,8,-1,-1," -1",-1,202000047246,4,"MILLIERE (BOULEVARD DE LA )",0,NULL,2,2,0,1,1,0,1,NULL," -1",1,0,1,50
202000047246,23,7,2020,07:30:00,1,13,13211,2,2,1,3,"MILLIERE (BOULEVARD DE LA )","43,2835000","5,4994000",202000047246,154 659 251,A01,1,1,0,2,8,17,5,NULL,202000047246,154 659 251,A01,1,1,4,1,1945,5,2,0,-1,-1," -1",-1,202000047246,4,"MILLIERE (BOULEVARD DE LA )",0,NULL,2,2,0,1,1,0,1,NULL," -1",1,0,1,50
202000006690,25,11,2020,11:50:00,1,26,26133,1,1,1,7,"20 Chemin des Achards","45,2131110","4,9055740",202000006690,154 730 482,A01,0,1,0,0,0,0,5,NULL,202000006690,154 730 482,A01,1,1,3,1,1979,5,2,-1,-1,0,0,-1,202000006690,4,VC,-1,NULL,2,2,0,2,(1),(1),1,NULL," -1",1,0,1,80
202000006784,16,5,2020,15:15:00,1,82,82176,1,1,1,7,D8,"43,9655310","1,5455530",202000006784,154 730 326,A01,1,1,0,0,0,2,5,NULL,202000006784,154 730 326,A01,1,1,3,1,1998,5,0,-1,-1,0,0,-1,202000006784,3,8,-1,NULL,2,2,0,1,18,65,1,NULL,7,1,0,1,80
202000008122,19,8,2020,20:20:00,2,83,83034,1,1,1,-1,"RUE DES 3 PINS","43,0990000","6,0620000",202000008122,154 727 955,B01,2,1,0,2,3,1,5,NULL,202000008122,154 727 955,B01,1,1,4,1,1961,5,2,0,-1,-1," -1",-1,202000008122,4,NC,0,NULL,2,2,0,1,0,0,1,NULL," -1",1,0,5,70
202000008122,19,8,2020,20:20:00,2,83,83034,1,1,1,-1,"RUE DES 3 PINS","43,0990000","6,0620000",202000008122,154 727 955,B01,2,1,0,2,3,1,5,NULL,202000008122,154 727 956,A01,1,1,1,1,1997,4,1,0,-1,-1," -1",-1,202000008122,4,NC,0,NULL,2,2,0,1,0,0,1,NULL," -1",1,0,5,70
202000009476,19,7,2020,10:00:00,1,78,78601,1,2,7,1,"Le Coin du Bois","48,6120800","1,8728470",202000009476,154 725 592,A01,3,1,0,2,1,16,5,NULL,202000009476,154 725 591,B01,1,1,1,2,1978,5,1,-1,-1,0,0,-1,202000009476,4,NULL,0,NULL,2,2,0,1,(1),(1),1,NULL," -1",1,0,1,80
202000009476,19,7,2020,10:00:00,1,78,78601,1,2,7,1,"Le Coin du Bois","48,6120800","1,8728470",202000009476,154 725 592,A01,3,1,0,2,1,16,5,NULL,202000009476,154 725 591,B01,2,2,1,2,1979,5,1,-1,-1,0,0,-1,202000009476,4,NULL,0,NULL,2,2,0,1,(1),(1),1,NULL," -1",1,0,1,80
202000009476,19,7,2020,10:00:00,1,78,78601,1,2,7,1,"Le Coin du Bois","48,6120800","1,8728470",202000009476,154 725 592,A01,3,1,0,2,1,16,5,NULL,202000009476,154 725 592,A01,1,1,3,1,1972,5,2,-1,-1,0,0,-1,202000009476,4,NULL,0,NULL,2,2,0,1,(1),(1),1,NULL," -1",1,0,1,80
202000010352,19,12,2020,17:45:00,5,91,91103,2,1,1,3,"RUE DU COLONEL HUSSENOT","48,6022400","2,3074100",202000010352,154 724 042,A01,3,1,0,2,7,19,5,NULL,202000010352,154 724 042,A01,1,1,4,1,2010,5,8,0,-1,-1," -1",-1,202000010352,4,NULL,0,NULL,2,2,0,1,0,0,1,NULL," -1",1,0,1,30
202000010352,19,12,2020,17:45:00,5,91,91103,2,1,1,3,"RUE DU COLONEL HUSSENOT","48,6022400","2,3074100",202000010352,154 724 042,A01,3,1,0,2,7,19,5,NULL,202000010352,154 724 043,B01,1,1,1,2,1979,0,1,0,-1,-1," -1",-1,202000010352,4,NULL,0,NULL,2,2,0,1,0,0,1,NULL," -1",1,0,1,30
202000011569,17,6,2020,17:35:00,1,94,94067,2,3,1,2,"EUGENE RINGUET (R)","48,8380800","2,4171900",202000011569,154 721 893,A01,2,1,0,2,1,2,5,NULL,202000011569,154 721 893,A01,1,1,4,1,2007,5,8,0,-1,-1," -1",-1,202000011569,4,"EUGENE RINGUET (R)",0,NULL,1,1,0,1,0,0,1,NULL," -1",1,0,1,50
202000011569,17,6,2020,17:35:00,1,94,94067,2,3,1,2,"EUGENE RINGUET (R)","48,8380800","2,4171900",202000011569,154 721 893,A01,2,1,0,2,1,2,5,NULL,202000011569,154 721 894,B01,1,1,1,2,1980,5,1,0,-1,-1," -1",-1,202000011569,4,"EUGENE RINGUET (R)",0,NULL,1,1,0,1,0,0,1,NULL," -1",1,0,1,50
202000012680,12,5,2020,17:10:00,1,69,69122,1,4,1,-1,"Chemin de la Poyat","45,9076710","4,7079080",202000012680,154 719 982,A01,0,1,0,2,1,14,5,NULL,202000012680,154 719 980,C01,1,1,1,1,1966,4,8,-1,-1,0,0,-1,202000012680,4,0,0,A,2,2,0,1,0,0,1,NULL," -1",1,0,1,80
202000012680,12,5,2020,17:10:00,1,69,69122,1,4,1,-1,"Chemin de la Poyat","45,9076710","4,7079080",202000012680,154 719 981,B01,0,1,0,2,1,15,5,NULL,202000012680,154 719 980,C01,1,1,1,1,1966,4,8,-1,-1,0,0,-1,202000012680,4,0,0,A,2,2,0,1,0,0,1,NULL," -1",1,0,1,80
202000012680,12,5,2020,17:10:00,1,69,69122,1,4,1,-1,"Chemin de la Poyat","45,9076710","4,7079080",202000012680,154 719 982,A01,0,1,0,2,1,14,5,NULL,202000012680,154 719 981,B01,1,1,3,1,2009,5,2,-1,-1,0,0,-1,202000012680,4,0,0,A,2,2,0,1,0,0,1,NULL," -1",1,0,1,80
202000012680,12,5,2020,17:10:00,1,69,69122,1,4,1,-1,"Chemin de la Poyat","45,9076710","4,7079080",202000012680,154 719 981,B01,0,1,0,2,1,15,5,NULL,202000012680,154 719 981,B01,1,1,3,1,2009,5,2,-1,-1,0,0,-1,202000012680,4,0,0,A,2,2,0,1,0,0,1,NULL," -1",1,0,1,80
202000012680,12,5,2020,17:10:00,1,69,69122,1,4,1,-1,"Chemin de la Poyat","45,9076710","4,7079080",202000012680,154 719 982,A01,0,1,0,2,1,14,5,NULL,202000012680,154 719 982,A01,1,1,4,1,2009,5,2,-1,-1,0,0,-1,202000012680,4,0,0,A,2,2,0,1,0,0,1,NULL," -1",1,0,1,80
202000012680,12,5,2020,17:10:00,1,69,69122,1,4,1,-1,"Chemin de la Poyat","45,9076710","4,7079080",202000012680,154 719 981,B01,0,1,0,2,1,15,5,NULL,202000012680,154 719 982,A01,1,1,4,1,2009,5,2,-1,-1,0,0,-1,202000012680,4,0,0,A,2,2,0,1,0,0,1,NULL," -1",1,0,1,80
202000016309,9,11,2020,07:45:00,1,80,80021,2,1,2,3,"RAINNEVILLE CD11  (ROUTE DE)","49,9148500","2,3102300",202000016309,154 713 552,B01,0,1,0,2,7,19,0,NULL,202000016309,154 713 552,B01,1,1,4,1,1972,0,2,0,-1,-1," -1",-1,202000016309,3,"RAINNEVILLE CD11  (ROUTE DE)",0,NULL,2,2,0,1,0,0,3,NULL," -1",2,0,1,50
202000016309,9,11,2020,07:45:00,1,80,80021,2,1,2,3,"RAINNEVILLE CD11  (ROUTE DE)","49,9148500","2,3102300",202000016309,154 713 552,B01,0,1,0,2,7,19,0,NULL,202000016309,154 713 553,A01,1,1,1,2,1961,0,1,0,-1,-1," -1",-1,202000016309,3,"RAINNEVILLE CD11  (ROUTE DE)",0,NULL,2,2,0,1,0,0,3,NULL," -1",2,0,1,50
202000016317,13,11,2020,17:41:00,4,67,67482,2,3,1,3,"ROBERTSAU (ALLEE DE LA)","48,5863600","7,7632300",202000016317,154 713 540,B01,2,1,0,2,1,1,5,NULL,202000016317,154 713 540,B01,1,1,3,1,2000,1,8,0,-1,-1," -1",-1,202000016317,4,NULL,0,NULL,3,2,1,1,0,0,1,NULL," -1",1,0,5,50
202000016317,13,11,2020,17:41:00,4,67,67482,2,3,1,3,"ROBERTSAU (ALLEE DE LA)","48,5863600","7,7632300",202000016317,154 713 540,B01,2,1,0,2,1,1,5,NULL,202000016317,154 713 541,A01,1,1,1,1,1973,1,1,8,-1,-1," -1",-1,202000016317,4,NULL,0,NULL,3,2,1,1,0,0,1,NULL," -1",1,0,5,50
202000020046,16,10,2020,13:00:00,1,29,29019,2,1,1,2,"Boulevard Jean Moulin","48,3866048"," -4,4931132",202000020046,154 706 931,A01,1,1,0,2,1,1,5,NULL,202000020046,154 706 930,B01,1,1,1,2,1957,9,1,8,-1,-1,0,-1,202000020046,4,"Boulevard Jean Moulin",0,NULL,2,2,0,1,0,0,1,NULL," -1",1,0,1,50
202000020046,16,10,2020,13:00:00,1,29,29019,2,1,1,2,"Boulevard Jean Moulin","48,3866048"," -4,4931132",202000020046,154 706 931,A01,1,1,0,2,1,1,5,NULL,202000020046,154 706 931,A01,1,1,4,2,2000,9,2,0,-1,-1," -1",-1,202000020046,4,"Boulevard Jean Moulin",0,NULL,2,2,0,1,0,0,1,NULL," -1",1,0,1,50