Num_Acc,jour,mois,an,hrmn,lum,dep,com,agg,int,atm,col,adr,lat,long,Num_Acc,id_vehicule,num_veh,senc,catv,obs,obsm,choc,manv,motor,occutc,Num_Acc,id_vehicule,num_veh,place,catu,grav,sexe,an_nais,trajet,secu1,secu2,secu3,locp,actp,etatp,Num_Acc,catr,voie,v1,v2,circ,nbv,vosp,prof,pr,pr1,plan,lartpc,larrout,surf,infra,situ,vma
202000020759,10,7,2020,14:00:00,1,45,45068,2,1,1,3,"SAINT JUST (RUE)","48,0067700","2,7196500",202000020759,154 705 703,B01,0,1,0,2,1,10,0,NULL,202000020759,154 705 703,B01,1,1,4,2,1999,1,8,0,-1,-1," -1",-1,202000020759,4,"SAINT JUST (RUE)",0,NULL,1,1,0,1,1,0,1,NULL," -1",1,0,1,50
202000020759,10,7,2020,14:00:00,1,45,45068,2,1,1,3,"SAINT JUST (RUE)","48,0067700","2,7196500",202000020759,154 705 703,B01,0,1,0,2,1,10,0,NULL,202000020759,154 705 704,A01,1,1,4,1,1999,0,2,6,-1,-1," -1",-1,202000020759,4,"SAINT JUST (RUE)",0,NULL,1,1,0,1,1,0,1,NULL," -1",1,0,1,50
202000021354,10,8,2020,10:20:00,1,33,33165,1,3,1,3,"2 Route de l'Entre 2 Mers","44,8049770"," -0,4413150",202000021354,154 704 636,B01,1,1,0,2,1,1,5,NULL,202000021354,154 704 635,A01,1,1,1,1,1999,0,1,-1,-1,0,0,-1,202000021354,3,115,-1,NULL,2,2,0,4,59,95,1,NULL," -1",1,5,1,70
202000021354,10,8,2020,10:20:00,1,33,33165,1,3,1,3,"2 Route de l'Entre 2 Mers","44,8049770"," -0,4413150",202000021354,154 704 636,B01,1,1,0,2,1,1,5,NULL,202000021354,154 704 636,B01,1,1,3,1,1998,0,2,6,-1,0,0,-1,202000021354,3,115,-1,NULL,2,2,0,4,59,95,1,NULL," -1",1,5,1,70
202000021880,8,11,2020,10:10:00,1,40,40192,2,6,7,3,"HOUGA (AV DU)","43,8819900"," -0,4871900",202000021880,154 703 722,B01,0,1,0,2,4,15,6,NULL,202000021880,154 703 722,B01,1,1,4,1,1969,5,2,8,-1,-1," -1",-1,202000021880,3,"HOUGA (AV DU)",0,NULL,4,2,0,1,0,0,1,NULL," -1",1,0,1,50
202000021880,8,11,2020,10:10:00,1,40,40192,2,6,7,3,"HOUGA (AV DU)","43,8819900"," -0,4871900",202000021880,154 703 722,B01,0,1,0,2,4,15,6,NULL,202000021880,154 703 723,A01,1,1,1,1,1953,5,1,8,-1,-1," -1",-1,202000021880,3,"HOUGA (AV DU)",0,NULL,4,2,0,1,0,0,1,NULL," -1",1,0,1,50
202000022045,17,12,2020,09:15:00,1,59,59317,2,3,1,2,"HUGO  (RUE VICTOR)","50,6882000","2,8999600",202000022045,154 703 417,B01,1,1,0,2,8,15,5,NULL,202000022045,154 703 417,B01,1,1,4,2,2003,2,8,0,-1,-1," -1",-1,202000022045,7,945,0,A,2,2,0,1,(1),(1),1,NULL," -1",1,0,1,50
202000022045,17,12,2020,09:15:00,1,59,59317,2,3,1,2,"HUGO  (RUE VICTOR)","50,6882000","2,8999600",202000022045,154 703 417,B01,1,1,0,2,8,15,5,NULL,202000022045,154 703 418,A01,1,1,1,1,1995,1,1,8,-1,-1," -1",-1,202000022045,7,945,0,A,2,2,0,1,(1),(1),1,NULL," -1",1,0,1,50
202000022893,19,2,2020,18:00:00,3,75,75111,2,2,2,6,"BOULEVARD RICHARD LENOIR","48,8647130","2,3701440",202000022893,154 701 956,A01,2,1,0,1,1,15,5,NULL,202000022893,154 701 956,A01,1,1,1,1,1981,1,2,8,-1,0,0,-1,202000022893,4,NULL,0,NULL,1,4,1,1,0,0,1,NULL,12,2,0,1,50
202000022893,19,2,2020,18:00:00,3,75,75111,2,2,2,6,"BOULEVARD RICHARD LENOIR","48,8647130","2,3701440",202000022893,154 701 956,A01,2,1,0,1,1,15,5,NULL,202000022893,154 701 956,A01,10,3,4,1,1966,1,0,-1,-1,3,3,3,202000022893,4,NULL,0,NULL,1,4,1,1,0,0,1,NULL,12,2,0,1,50
202000024228,29,1,2020,09:25:00,1,14,14258,2,3,1,-1,"Route de Caen","48,8982070"," -0,2001520",202000024228,154 699 630,B01,2,1,0,2,7,19,5,NULL,202000024228,154 699 630,B01,1,1,3,1,2001,1,0,-1,-1,0,0,-1,202000024228,3,658,-1,NULL,2,2,0,2,(1),(1),1,NULL," -1",1,9,1,50
202000024228,29,1,2020,09:25:00,1,14,14258,2,3,1,-1,"Route de Caen","48,8982070"," -0,2001520",202000024228,154 699 630,B01,2,1,0,2,7,19,5,NULL,202000024228,154 699 631,A01,1,1,1,1,1935,5,1,-1,-1,0,0,-1,202000024228,3,658,-1,NULL,2,2,0,2,(1),(1),1,NULL," -1",1,9,1,50
202000025642,5,6,2020,07:45:00,1,69,69387,2,2,8,3,"GERLAND (DE)                        (R )","45,7368200","4,8397500",202000025642,154 697 115,B01,3,1,0,2,1,1,5,NULL,202000025642,154 697 115,B01,1,1,4,2,1981,1,8,0,-1,-1," -1",-1,202000025642,4,"GERLAND (DE)                        (R )",0,NULL,2,4,1,1,0,0,1,NULL," -1",2,5,1,50
202000025642,5,6,2020,07:45:00,1,69,69387,2,2,8,3,"GERLAND (DE)                        (R )","45,7368200","4,8397500",202000025642,154 697 115,B01,3,1,0,2,1,1,5,NULL,202000025642,154 697 117,A01,1,1,1,1,1982,4,1,0,-1,-1," -1",-1,202000025642,4,"GERLAND (DE)                        (R )",0,NULL,2,4,1,1,0,0,1,NULL," -1",2,5,1,50
202000027324,1,10,2020,11:30:00,1,83,83069,2,1,1,2,"MOULIN PREMIER (CHEMIN DU)","43,1288856","6,1551195",202000027324,154 694 209,Y01,1,1,0,2,4,1,5,NULL,202000027324,154 694 209,Y01,1,1,4,1,1937,5,0,-1,-1,0,0,-1,202000027324,4,NC,0,NULL,1,2,0,1,1,0,2,NULL," -1",1,0,1,50
202000027324,1,10,2020,11:30:00,1,83,83069,2,1,1,2,"MOULIN PREMIER (CHEMIN DU)","43,1288856","6,1551195",202000027324,154 694 209,Y01,1,1,0,2,4,1,5,NULL,202000027324,154 694 211,A01,1,1,1,1,1937,0,1,0,-1,-1," -1",-1,202000027324,4,NC,0,NULL,1,2,0,1,1,0,2,NULL," -1",1,0,1,50
202000027864,3,6,2020,17:25:00,1,64,64024,2,1,1,3,"ADOUR (AVENUE DE L')","43,5260600"," -1,5146000",202000027864,154 693 271,A01,1,1,0,2,1,1,5,NULL,202000027864,154 693 271,A01,1,1,4,1,1992,1,8,0,-1,-1," -1",-1,202000027864,4,NULL,0,NULL,-1,1,1,1,0,0,1,NULL," -1",1,0,5,30
202000027864,3,6,2020,17:25:00,1,64,64024,2,1,1,3,"ADOUR (AVENUE DE L')","43,5260600"," -1,5146000",202000027864,154 693 271,A01,1,1,0,2,1,1,5,NULL,202000027864,154 693 272,B01,1,1,1,1,1985,5,1,8,-1,-1," -1",-1,202000027864,4,NULL,0,NULL,-1,1,1,1,0,0,1,NULL," -1",1,0,5,30
202000028199,16,1,2020,18:35:00,2,973,97305,1,1,1,2,"RN 1 pk 14","4,9321293"," -52,3999712",202000028199,154 692 686,B01,1,1,0,0,4,1,5,NULL,202000028199,154 692 685,A01,2,2,1,2,1970,5,1,-1,-1,0,0,-1,202000028199,2,0001,-1,NULL,2,2,0,1,14,400,1,NULL," -1",2,0,1,80
202000028199,16,1,2020,18:35:00,2,973,97305,1,1,1,2,"RN 1 pk 14","4,9321293"," -52,3999712",202000028199,154 692 686,B01,1,1,0,0,4,1,5,NULL,202000028199,154 692 685,A01,9,2,1,2,1970,5,1,-1,-1,0,0,-1,202000028199,2,0001,-1,NULL,2,2,0,1,14,400,1,NULL," -1",2,0,1,80
202000028199,16,1,2020,18:35:00,2,973,97305,1,1,1,2,"RN 1 pk 14","4,9321293"," -52,3999712",202000028199,154 692 686,B01,1,1,0,0,4,1,5,NULL,202000028199,154 692 685,A01,1,1,1,1,1999,5,1,-1,-1,0,0,-1,202000028199,2,0001,-1,NULL,2,2,0,1,14,400,1,NULL," -1",2,0,1,80
202000028199,16,1,2020,18:35:00,2,973,97305,1,1,1,2,"RN 1 pk 14","4,9321293"," -52,3999712",202000028199,154 692 686,B01,1,1,0,0,4,1,5,NULL,202000028199,154 692 686,B01,1,1,3,1,2010,5,0,-1,-1,0,0,-1,202000028199,2,0001,-1,NULL,2,2,0,1,14,400,1,NULL," -1",2,0,1,80
202000032316,4,7,2020,13:15:00,1,06,06086,1,1,1,6,D2566,"43,9225140","7,4084060",202000032316,154 685 593,A01,2,1,4,0,1,1,6,NULL,202000032316,154 685 593,A01,1,1,2,1,1978,5,2,-1,-1,0,0,-1,202000032316,3,2566,0,NULL,-1,2,0,2,42,950,3,NULL," -1",1,0,1,80
202000035802,29,5,2020,09:58:00,1,31,31389,1,9,1,1,"16 Route de Toulouse","43,6328990","1,5201070",202000035802,154 679 475,B01,2,1,0,2,1,1,5,NULL,202000035802,154 679 474,A01,1,1,1,1,1947,3,1,-1,-1,0,0,-1,202000035802,3,66,0,D,2,2,3,1,2,100,3,NULL," -1",1,5,1,80
202000035802,29,5,2020,09:58:00,1,31,31389,1,9,1,1,"16 Route de Toulouse","43,6328990","1,5201070",202000035802,154 679 475,B01,2,1,0,2,1,1,5,NULL,202000035802,154 679 475,B01,1,1,3,1,1966,5,2,-1,-1,0,0,-1,202000035802,3,66,0,D,2,2,3,1,2,100,3,NULL," -1",1,5,1,80
202000036380,31,8,2020,19:40:00,1,76,76540,2,1,1,7,"JUIFS. RUE AUX","49,4420300","1,0923300",202000036380,154 678 425,A01,0,1,0,1,1,1,5,NULL,202000036380,154 678 425,A01,1,1,4,1,1999,1,2,0,-1,-1," -1",-1,202000036380,4,"JUIFS. RUE AUX",0,NULL,-1,0,3,1,0,0,1,NULL," -1",1,6,1,10
202000036380,31,8,2020,19:40:00,1,76,76540,2,1,1,7,"JUIFS. RUE AUX","49,4420300","1,0923300",202000036380,154 678 425,A01,0,1,0,1,1,1,5,NULL,202000036380,154 678 425,A01,10,3,4,1,1991,5,0,-1,-1,9,2,1,202000036380,4,"JUIFS. RUE AUX",0,NULL,-1,0,3,1,0,0,1,NULL," -1",1,6,1,10
202000038003,25,9,2020,19:40:00,5,69,69387,2,1,1,6,"DEBOURG                             (AV)","45,7315000","4,8297600",202000038003,154 675 559,B01,2,1,0,1,1,1,5,NULL,202000038003,154 675 559,B01,10,3,4,2,2003,0,0,-1,-1,4,3,1,202000038003,4,"DEBOURG                             (AV)",0,NULL,2,2,0,1,0,0,1,NULL," -1",1,0,1,50
202000038003,25,9,2020,19:40:00,5,69,69387,2,1,1,6,"DEBOURG                             (AV)","45,7315000","4,8297600",202000038003,154 675 559,B01,2,1,0,1,1,1,5,NULL,202000038003,154 675 559,B01,1,1,1,1,1966,1,2,0,-1,-1," -1",-1,202000038003,4,"DEBOURG                             (AV)",0,NULL,2,2,0,1,0,0,1,NULL," -1",1,0,1,50
202000038577,7,2,2020,17:00:00,2,25,25056,2,2,1,3,"ROUTE DE GRAY","47,2445600","5,9930300",202000038577,154 674 567,A01,3,1,0,2,1,19,5,NULL,202000038577,154 674 566,B01,1,1,1,2,1965,0,1,0,-1,-1," -1",-1,202000038577,3,70,0,NULL,3,2,0,1,11,0,1,NULL," -1",1,0,1,50
202000038577,7,2,2020,17:00:00,2,25,25056,2,2,1,3,"ROUTE DE GRAY","47,2445600","5,9930300",202000038577,154 674 567,A01,3,1,0,2,1,19,5,NULL,202000038577,154 674 567,A01,1,1,4,2,1999,0,8,0,-1,0,0,-1,202000038577,3,70,0,NULL,3,2,0,1,11,0,1,NULL," -1",1,0,1,50
202000045527,3,12,2020,13:25:00,1,30,30189,2,1,1,3,"LASSERRE JEAN (AVENUE)","43,8215600","4,3581100",202000045527,154 662 247,B01,3,1,0,2,3,26,5,NULL,202000045527,154 662 247,B01,1,1,4,2,1963,9,8,0,-1,-1," -1",-1,202000045527,4,"AVENUE LASSERRE JEAN",0,NULL,2,2,0,1,(1),(1),1,NULL," -1",1,0,1,50
202000045527,3,12,2020,13:25:00,1,30,30189,2,1,1,3,"LASSERRE JEAN (AVENUE)","43,8215600","4,3581100",202000045527,154 662 247,B01,3,1,0,2,3,26,5,NULL,202000045527,154 662 248,A01,1,1,1,1,1988,2,1,0,-1,-1," -1",-1,202000045527,4,"AVENUE LASSERRE JEAN",0,NULL,2,2,0,1,(1),(1),1,NULL," -1",1,0,1,50
202000047011,24,7,2020,07:53:00,1,37,37261,2,3,1,-1,"PROUDHON (AVENUE)","47,3942116","0,6672475",202000047011,154 659 635,B01,1,1,0,2,8,1,5,NULL,202000047011,154 659 635,B01,1,1,4,2,1938,5,8,0,-1,-1," -1",-1,202000047011,3,751,0,NULL,2,2,0,1,(1),(1),1,NULL," -1",1,0,1,50
202000047011,24,7,2020,07:53:00,1,37,37261,2,3,1,-1,"PROUDHON (AVENUE)","47,3942116","0,6672475",202000047011,154 659 635,B01,1,1,0,2,8,1,5,NULL,202000047011,154 659 637,A01,1,1,1,1,1960,5,1,0,-1,-1," -1",-1,202000047011,3,751,0,NULL,2,2,0,1,(1),(1),1,NULL," -1",1,0,1,50
202000047626,30,11,2020,12:13:00,1,72,72181,2,1,1,6,"MAILLETS (RUE DES) IMP 1 A 29","48,0123100","0,2056100",202000047626,154 658 569,A01,2,1,0,1,1,1,5,NULL,202000047626,154 658 569,A01,1,1,1,1,2004,0,8,0,-1,-1," -1",-1,202000047626,4,"MAILLETS (RUE DES) IMP 1 A 29",0,NULL,3,2,0,1,0,0,1,NULL," -1",1,0,1,50
202000047626,30,11,2020,12:13:00,1,72,72181,2,1,1,6,"MAILLETS (RUE DES) IMP 1 A 29","48,0123100","0,2056100",202000047626,154 658 569,A01,2,1,0,1,1,1,5,NULL,202000047626,154 658 569,A01,10,3,4,2,2003,0,8,8,-1,3,3,-1,202000047626,4,"MAILLETS (RUE DES) IMP 1 A 29",0,NULL,3,2,0,1,0,0,1,NULL," -1",1,0,1,50
202000008130,18,8,2020,10:01:00,1,64,64483,2,6,1,1,"PASSICOT JEAN MARTIN (BD DU COMMANDANT)","43,3863000"," -1,6618000",202000008130,154 727 940,B01,1,1,0,2,4,1,5,NULL,202000008130,154 727 940,B01,1,1,4,2,1967,0,2,0,-1,-1," -1",-1,202000008130,3,"PASSICOT JEAN MARTIN (BD DU COMMANDANT)",0,NULL,1,1,0,1,26,500,3,NULL," -1",1,0,1,50
202000008130,18,8,2020,10:01:00,1,64,64483,2,6,1,1,"PASSICOT JEAN MARTIN (BD DU COMMANDANT)","43,3863000"," -1,6618000",202000008130,154 727 940,B01,1,1,0,2,4,1,5,NULL,202000008130,154 727 941,A01,1,1,1,2,1931,0,1,0,-1,-1," -1",-1,202000008130,3,"PASSICOT JEAN MARTIN (BD DU COMMANDANT)",0,NULL,1,1,0,1,26,500,3,NULL," -1",1,0,1,50
202000009045,2,3,2020,09:55:00,1,75,75111,2,3,3,3,"RUE RICHARD LENOIR","48,8558330","2,3815920",202000009045,154 726 357,B01,1,1,0,2,1,1,5,NULL,202000009045,154 726 357,B01,1,1,4,2,1991,9,8,0,-1,0,0,-1,202000009045,4,NULL,0,NULL,1,2,1,1,0,0,1,NULL," -1",2,0,1,50
202000009045,2,3,2020,09:55:00,1,75,75111,2,3,3,3,"RUE RICHARD LENOIR","48,8558330","2,3815920",202000009045,154 726 357,B01,1,1,0,2,1,1,5,NULL,202000009045,154 726 358,A01,1,1,1,1,1977,9,8,0,-1,0,0,-1,202000009045,4,NULL,0,NULL,1,2,1,1,0,0,1,NULL," -1",2,0,1,50
202000009209,16,9,2020,14:00:00,1,41,41194,2,9,1,2,"Avenue de Villefranche","47,3400540","1,7494090",202000009209,154 726 046,B01,1,1,0,2,1,1,6,NULL,202000009209,154 726 045,A01,1,1,1,1,1969,5,8,-1,-1,0,0,-1,202000009209,4,NULL,0,NULL,2,2,0,1,154,(1),1,NULL," -1",1,5,1,50
202000009209,16,9,2020,14:00:00,1,41,41194,2,9,1,2,"Avenue de Villefranche","47,3400540","1,7494090",202000009209,154 726 046,B01,1,1,0,2,1,1,6,NULL,202000009209,154 726 046,B01,1,1,4,1,1968,1,2,-1,-1,0,0,-1,202000009209,4,NULL,0,NULL,2,2,0,1,154,(1),1,NULL," -1",1,5,1,50
202000010103,17,8,2020,15:25:00,1,13,13201,2,2,1,1,"CANEBIERE     1 A 79","43,2976000","5,3810000",202000010103,154 724 477,B01,2,1,0,2,8,1,5,NULL,202000010103,154 724 477,B01,1,1,3,1,1979,5,8,0,-1,-1," -1",-1,202000010103,4,"CANEBIERE     1 A 79",0,NULL,2,3,1,2,0,0,1,NULL," -1",1,0,1,50
202000010103,17,8,2020,15:25:00,1,13,13201,2,2,1,1,"CANEBIERE     1 A 79","43,2976000","5,3810000",202000010103,154 724 477,B01,2,1,0,2,8,1,5,NULL,202000010103,154 724 478,A01,1,1,1,1,1994,5,2,0,-1,-1," -1",-1,202000010103,4,"CANEBIERE     1 A 79",0,NULL,2,3,1,2,0,0,1,NULL," -1",1,0,1,50
202000011635,15,6,2020,17:13:00,1,974,97407,1,6,1,3,MARINE(BOULEVARD)," -20,9498900","55,2871900",202000011635,154 721 770,B01,1,1,0,2,4,0,5,NULL,202000011635,154 721 769,A01,1,1,1,2,1995,0,1,8,-1,-1," -1",-1,202000011635,4,MARINE(BOULEVARD),0,NULL,2,2,1,1,0,0,1,NULL," -1",1,0,5,50
202000011635,15,6,2020,17:13:00,1,974,97407,1,6,1,3,MARINE(BOULEVARD)," -20,9498900","55,2871900",202000011635,154 721 770,B01,1,1,0,2,4,0,5,NULL,202000011635,154 721 770,B01,1,1,4,1,1961,0,2,0,-1,-1," -1",-1,202000011635,4,MARINE(BOULEVARD),0,NULL,2,2,1,1,0,0,1,NULL," -1",1,0,5,50
202000012461,17,11,2020,14:30:00,1,44,44036,2,1,1,1,"rue du 08 mai 1945","47,7091050"," -1,3816810",202000012461,154 720 351,B01,2,1,0,2,1,5,5,NULL,202000012461,154 720 350,A01,1,1,1,1,1966,4,1,-1,-1,0,0,-1,202000012461,3,163,0,NULL,2,2,0,2,30,200,1,NULL," -1",1,0,1,50
202000012461,17,11,2020,14:30:00,1,44,44036,2,1,1,1,"rue du 08 mai 1945","47,7091050"," -1,3816810",202000012461,154 720 351,B01,2,1,0,2,1,5,5,NULL,202000012461,154 720 351,B01,1,1,3,1,1947,3,0,-1,-1,0,0,-1,202000012461,3,163,0,NULL,2,2,0,2,30,200,1,NULL," -1",1,0,1,50
202000012510,17,11,2020,09:00:00,1,87,87075,2,2,1,3,"BAYLES (AVENUE DES)","45,8133300","1,2278100",202000012510,154 720 273,B01,2,1,0,2,7,1,5,NULL,202000012510,154 720 272,A01,1,1,1,1,1992,5,1,0,-1,-1," -1",-1,202000012510,4,"BAYLES (AVENUE DES)",0,NULL,2,2,0,1,(1),(1),3,NULL," -1",1,5,1,50
202000012510,17,11,2020,09:00:00,1,87,87075,2,2,1,3,"BAYLES (AVENUE DES)","45,8133300","1,2278100",202000012510,154 720 273,B01,2,1,0,2,7,1,5,NULL,202000012510,154 720 273,B01,1,1,4,2,1967,1,8,0,-1,-1," -1",-1,202000012510,4,"BAYLES (AVENUE DES)",0,NULL,2,2,0,1,(1),(1),3,NULL," -1",1,5,1,50
202000012866,19,2,2020,16:30:00,1,03,03160,1,1,1,2,Caffière,"46,2274646","3,4007654",202000012866,154 719 667,A01,1,1,0,2,1,17,5,NULL,202000012866,154 719 666,B01,1,1,1,1,1949,5,2,-1,-1,0,0,-1,202000012866,3,142,-1,NULL,2,2,0,1,5,652,1,NULL," -1",1,0,1,70
202000012866,19,2,2020,16:30:00,1,03,03160,1,1,1,2,Caffière,"46,2274646","3,4007654",202000012866,154 719 666,B01,1,1,0,2,4,1,5,NULL,202000012866,154 719 666,B01,1,1,1,1,1949,5,2,-1,-1,0,0,-1,202000012866,3,142,-1,NULL,2,2,0,1,5,652,1,NULL," -1",1,0,1,70
202000012866,19,2,2020,16:30:00,1,03,03160,1,1,1,2,Caffière,"46,2274646","3,4007654",202000012866,154 719 667,A01,1,1,0,2,1,17,5,NULL,202000012866,154 719 667,A01,1,1,3,1,1952,5,2,-1,-1,0,0,-1,202000012866,3,142,-1,NULL,2,2,0,1,5,652,1,NULL," -1",1,0,1,70
202000012866,19,2,2020,16:30:00,1,03,03160,1,1,1,2,Caffière,"46,2274646","3,4007654",202000012866,154 719 666,B01,1,1,0,2,4,1,5,NULL,202000012866,154 719 667,A01,1,1,3,1,1952,5,2,-1,-1,0,0,-1,202000012866,3,142,-1,NULL,2,2,0,1,5,652,1,NULL," -1",1,0,1,70
202000014474,9,5,2020,19:30:00,1,75,75120,2,1,1,3,"BOULEVARD DE CHARONNE","48,8569920","2,3937260",202000014474,154 716 864,A01,1,1,0,2,7,1,5,NULL,202000014474,154 716 864,A01,1,1,4,2,1966,5,8,0,-1,0,0,-1,202000014474,4,NULL,0,NULL,1,1,0,1,0,0,1,NULL," -1",2,0,1,50
202000014474,9,5,2020,19:30:00,1,75,75120,2,1,1,3,"BOULEVARD DE CHARONNE","48,8569920","2,3937260",202000014474,154 716 864,A01,1,1,0,2,7,1,5,NULL,202000014474,154 716 865,B01,1,1,1,1,1994,5,1,0,-1,0,0,-1,202000014474,4,NULL,0,NULL,1,1,0,1,0,0,1,NULL," -1",2,0,1,50
202000015059,13,7,2020,01:00:00,3,83,83069,1,9,1,6,"SAINT LAZARE ( CHEMIN )","43,1118700","6,1789000",202000015059,154 715 809,A01,2,1,13,0,2,26,5,NULL,202000015059,154 715 809,A01,1,1,2,1,1973,9,8,0,-1,-1," -1",-1,202000015059,4,NC,0,NULL,2,1,0,1,1,0,2,NULL," -1",1,9,8,50
202000015843,8,10,2020,20:50:00,3,64,64483,2,3,1,2,"ITHURRALDE ANDRE (AVENUE)","43,3931500"," -1,6517300",202000015843,154 714 397,B01,2,1,0,2,4,2,5,NULL,202000015843,154 714 397,B01,1,1,4,2,1936,0,2,0,-1,-1," -1",-1,202000015843,3,810,0,NULL,2,2,0,1,25,215,1,NULL," -1",1,0,1,50
202000015843,8,10,2020,20:50:00,3,64,64483,2,3,1,2,"ITHURRALDE ANDRE (AVENUE)","43,3931500"," -1,6517300",202000015843,154 714 397,B01,2,1,0,2,4,2,5,NULL,202000015843,154 714 398,A01,1,1,1,1,1977,0,2,0,-1,-1," -1",-1,202000015843,3,810,0,NULL,2,2,0,1,25,215,1,NULL," -1",1,0,1,50
202000015854,9,10,2020,13:05:00,1,53,53130,2,1,1,3,"PARIS ( RUE DE )","48,0756250"," -0,7525900",202000015854,154 714 377,B01,2,1,0,2,8,2,5,NULL,202000015854,154 714 377,B01,1,1,3,1,1962,1,8,0,-1,-1," -1",-1,202000015854,4,"PARIS ( RUE DE )",0,NULL,-1,0,1,2,(1),(1),3,NULL," -1",1,0,5,30
202000015854,9,10,2020,13:05:00,1,53,53130,2,1,1,3,"PARIS ( RUE DE )","48,0756250"," -0,7525900",202000015854,154 714 377,B01,2,1,0,2,8,2,5,NULL,202000015854,154 714 378,A01,1,1,1,2,1977,4,1,0,-1,-1," -1",-1,202000015854,4,"PARIS ( RUE DE )",0,NULL,-1,0,1,2,(1),(1),3,NULL," -1",1,0,5,30
202000017375,10,6,2020,18:10:00,1,57,57672,2,3,1,3,"ALBERT 1ER (AVENUE) - IMPAIR","49,3598700","6,1709100",202000017375,154 711 666,B01,1,1,0,2,1,13,5,NULL,202000017375,154 711 665,A01,1,1,1,2,1968,5,1,0,-1,-1," -1",-1,202000017375,3,"ALBERT 1ER (AVENUE) - IMPAIR",0,NULL,4,3,0,1,(1),(1),2,NULL," -1",1,0,1,50
202000017375,10,6,2020,18:10:00,1,57,57672,2,3,1,3,"ALBERT 1ER (AVENUE) - IMPAIR","49,3598700","6,1709100",202000017375,154 711 666,B01,1,1,0,2,1,13,5,NULL,202000017375,154 711 666,B01,1,1,3,1,1976,5,8,0,-1,-1," -1",-1,202000017375,3,"ALBERT 1ER (AVENUE) - IMPAIR",0,NULL,4,3,0,1,(1),(1),2,NULL," -1",1,0,1,50
202000018180,16,11,2020,06:52:00,3,49,49101,1,1,1,3,"RD 938","47,6485060"," -0,0724410",202000018180,154 710 256,B01,1,1,0,0,8,2,5,NULL,202000018180,154 710 255,A01,1,1,1,1,1977,4,1,-1,-1,0,0,-1,202000018180,3,938,-1,NULL,2,2,0,1,32,830,1,NULL," -1",1,0,1,90
202000018180,16,11,2020,06:52:00,3,49,49101,1,1,1,3,"RD 938","47,6485060"," -0,0724410",202000018180,154 710 256,B01,1,1,0,0,8,2,5,NULL,202000018180,154 710 256,B01,1,1,4,1,1980,5,0,-1,-1,0,0,-1,202000018180,3,938,-1,NULL,2,2,0,1,32,830,1,NULL," -1",1,0,1,90
202000019084,7,9,2020,08:05:00,2,49,49007,2,1,7,3,"TROIS PAROISSES CHEMIN","47,4410600"," -0,5512000",202000019084,154 708 675,B01,1,1,0,2,0,0,0,NULL,202000019084,154 708 674,A01,1,1,1,1,1989,1,1,-1,-1,-1," -1",-1,202000019084,3,"TROIS PAROISSES CHEMIN",0,NULL,-1,2,0,1,1,0,1,NULL," -1",1,0,1,50
202000019084,7,9,2020,08:05:00,2,49,49007,2,1,7,3,"TROIS PAROISSES CHEMIN","47,4410600"," -0,5512000",202000019084,154 708 675,B01,1,1,0,2,0,0,0,NULL,202000019084,154 708 675,B01,1,1,4,1,2002,0,2,-1,-1,-1," -1",-1,202000019084,3,"TROIS PAROISSES CHEMIN",0,NULL,-1,2,0,1,1,0,1,NULL," -1",1,0,1,50
202000021904,10,11,2020,07:15:00,5,75,75120,2,7,2,3,"PLACE GAMBETTA","48,8651130","2,3983320",202000021904,154 703 681,B01,1,1,0,2,8,1,5,NULL,202000021904,154 703 680,A01,1,1,1,1,1968,9,2,6,-1,0,0,-1,202000021904,4,NULL,0,NULL,2,2,0,1,0,0,1,NULL," -1",2,0,1,50
202000021904,10,11,2020,07:15:00,5,75,75120,2,7,2,3,"PLACE GAMBETTA","48,8651130","2,3983320",202000021904,154 703 681,B01,1,1,0,2,8,1,5,NULL,202000021904,154 703 681,B01,1,1,4,2,1989,9,2,4,-1,0,0,-1,202000021904,4,NULL,0,NULL,2,2,0,1,0,0,1,NULL," -1",2,0,1,50
202000022376,20,1,2020,15:20:00,1,75,75103,2,2,1,3,"RUE DE TURBIGO","48,8668059","2,3620082",202000022376,154 702 856,B01,1,1,0,2,3,1,5,NULL,202000022376,154 702 855,A01,1,1,1,2,1987,9,1,0,-1,0,0,-1,202000022376,4,NULL,0,NULL,2,2,1,1,0,0,1,NULL,4,1,-1,5,50
202000022376,20,1,2020,15:20:00,1,75,75103,2,2,1,3,"RUE DE TURBIGO","48,8668059","2,3620082",202000022376,154 702 856,B01,1,1,0,2,3,1,5,NULL,202000022376,154 702 856,B01,1,1,4,1,1965,9,8,2,-1,0,0,-1,202000022376,4,NULL,0,NULL,2,2,1,1,0,0,1,NULL,4,1,-1,5,50
202000023509,5,10,2020,20:00:00,5,75,75110,2,2,2,3,"RUE DU CHATEAU D EAU","48,8704950","2,3595370",202000023509,154 700 878,B01,2,1,0,2,1,1,5,NULL,202000023509,154 700 877,A01,1,1,1,1,1962,5,8,0,-1,0,0,-1,202000023509,4,NULL,0,NULL,1,1,1,1,0,0,1,NULL," -1",2,-1,5,50
202000023509,5,10,2020,20:00:00,5,75,75110,2,2,2,3,"RUE DU CHATEAU D EAU","48,8704950","2,3595370",202000023509,154 700 878,B01,2,1,0,2,1,1,5,NULL,202000023509,154 700 878,B01,1,1,4,2,1993,5,8,0,-1,0,0,-1,202000023509,4,NULL,0,NULL,1,1,1,1,0,0,1,NULL," -1",2,-1,5,50