Num_Acc,jour,mois,an,hrmn,lum,dep,com,agg,int,atm,col,adr,lat,long,Num_Acc,id_vehicule,num_veh,senc,catv,obs,obsm,choc,manv,motor,occutc,Num_Acc,id_vehicule,num_veh,place,catu,grav,sexe,an_nais,trajet,secu1,secu2,secu3,locp,actp,etatp,Num_Acc,catr,voie,v1,v2,circ,nbv,vosp,prof,pr,pr1,plan,lartpc,larrout,surf,infra,situ,vma
202000024986,7,9,2020,07:40:00,1,92,92024,2,1,1,3,"JEAN JAURES (BD) DE 47 A 109)   (56 A 14","48,9039906","2,3029822",202000024986,154 698 265,A01,1,1,0,2,8,19,5,NULL,202000024986,154 698 264,B01,1,1,4,1,1991,1,2,6,-1,-1," -1",-1,202000024986,3,911,0,NULL,1,3,1,1,0,0,1,NULL," -1",1,0,1,50
202000024986,7,9,2020,07:40:00,1,92,92024,2,1,1,3,"JEAN JAURES (BD) DE 47 A 109)   (56 A 14","48,9039906","2,3029822",202000024986,154 698 265,A01,1,1,0,2,8,19,5,NULL,202000024986,154 698 265,A01,1,1,4,1,1991,9,8,0,-1,-1," -1",-1,202000024986,3,911,0,NULL,1,3,1,1,0,0,1,NULL," -1",1,0,1,50
202000025890,11,4,2020,09:50:00,1,29,29039,2,6,1,3,"Rond Point de Keriolet","47,8883900"," -3,9188700",202000025890,154 696 717,B01,2,1,0,2,4,9,6,NULL,202000025890,154 696 716,A01,1,1,1,1,1981,1,1,0,-1,0,0,-1,202000025890,4,"Route de Kergueres",0,NULL,-1,3,1,1,0,0,1,NULL," -1",1,0,5,50
202000025890,11,4,2020,09:50:00,1,29,29039,2,6,1,3,"Rond Point de Keriolet","47,8883900"," -3,9188700",202000025890,154 696 717,B01,2,1,0,2,4,9,6,NULL,202000025890,154 696 717,B01,1,1,4,2,1944,3,2,8,-1,0,0,-1,202000025890,4,"Route de Kergueres",0,NULL,-1,3,1,1,0,0,1,NULL," -1",1,0,5,50
202000026769,7,9,2020,18:00:00,1,38,38052,1,1,1,7,"Rue du Martinet","45,0729700","6,0129000",202000026769,154 695 152,A01,1,1,0,0,0,1,5,NULL,202000026769,154 695 152,A01,1,1,3,1,1953,5,2,-1,-1,0,0,-1,202000026769,3,526,0,NULL,2,2,0,1,68,250,1,NULL," -1",1,0,1,50
202000027068,11,4,2020,16:40:00,1,14,14384,2,1,1,7,"46 Avenue Pierre Laurent","49,3139880"," -0,3524960",202000027068,154 694 629,A01,1,1,0,0,9,1,5,NULL,202000027068,154 694 629,A01,1,1,2,1,1958,5,0,-1,-1,0,0,-1,202000027068,3,83,-1,NULL,2,2,0,1,37,(1),1,NULL," -1",1,0,1,30
202000027358,1,10,2020,15:30:00,1,67,67482,2,1,3,3,"PAUL DOPFF (RUE) ","48,5550000","7,7680600",202000027358,154 694 147,B01,2,1,0,2,3,19,5,NULL,202000027358,154 694 147,B01,1,1,4,1,1981,0,2,8,-1,-1," -1",-1,202000027358,4,NULL,0,NULL,2,3,3,1,0,0,1,NULL," -1",2,0,1,50
202000027358,1,10,2020,15:30:00,1,67,67482,2,1,3,3,"PAUL DOPFF (RUE) ","48,5550000","7,7680600",202000027358,154 694 147,B01,2,1,0,2,3,19,5,NULL,202000027358,154 694 151,A01,1,1,1,1,1955,0,1,8,-1,-1," -1",-1,202000027358,4,NULL,0,NULL,2,3,3,1,0,0,1,NULL," -1",2,0,1,50
202000027487,29,1,2020,05:40:00,5,18,18033,1,6,9,3,"DE GAULLE (AV DU GENERAL) N° PAIRS","47,1169000","2,4191910",202000027487,154 693 932,B01,2,1,0,2,2,14,0,NULL,202000027487,154 693 932,B01,1,1,3,1,1961,1,8,0,-1,-1," -1",-1,202000027487,3,"DE GAULLE (AV DU GENERAL) N° PAIRS",0,NULL,1,2,0,1,56,760,2,NULL," -1",2,0,1,50
202000027487,29,1,2020,05:40:00,5,18,18033,1,6,9,3,"DE GAULLE (AV DU GENERAL) N° PAIRS","47,1169000","2,4191910",202000027487,154 693 932,B01,2,1,0,2,2,14,0,NULL,202000027487,154 693 934,A01,1,1,1,2,1980,1,1,0,-1,-1," -1",-1,202000027487,3,"DE GAULLE (AV DU GENERAL) N° PAIRS",0,NULL,1,2,0,1,56,760,2,NULL," -1",2,0,1,50
202000029540,30,9,2020,12:14:00,1,49,49007,2,1,1,7,"MONTESQUIEU PASSAGE","47,4722300"," -0,5849600",202000029540,154 690 335,A01,1,1,0,0,0,0,5,NULL,202000029540,154 690 335,A01,1,1,4,2,2002,0,8,0,-1,-1," -1",-1,202000029540,4,"MONTESQUIEU PASSAGE",0,NULL,-1,2,0,1,1,0,1,NULL," -1",1,0,1,30
202000030647,30,3,2020,07:50:00,1,971,97101,2,6,1,3,"VIEUX BOURG","16,2501200"," -61,5292300",202000030647,154 688 420,B01,1,1,0,2,7,0,5,NULL,202000030647,154 688 419,A01,1,1,1,1,1991,4,1,0,-1,-1," -1",-1,202000030647,2,5,0,NULL,2,2,0,1,0,0,1,NULL," -1",1,9,1,50
202000030647,30,3,2020,07:50:00,1,971,97101,2,6,1,3,"VIEUX BOURG","16,2501200"," -61,5292300",202000030647,154 688 420,B01,1,1,0,2,7,0,5,NULL,202000030647,154 688 420,B01,1,1,4,1,1972,0,2,0,-1,-1," -1",-1,202000030647,2,5,0,NULL,2,2,0,1,0,0,1,NULL," -1",1,9,1,50
202000031207,2,8,2020,10:20:00,1,62,62233,1,9,1,3,D940,"50,3517076","1,6483892",202000031207,154 687 489,B01,1,1,0,2,1,1,6,NULL,202000031207,154 687 488,A01,1,1,1,1,1962,0,8,-1,-1,0,0,-1,202000031207,3,940,-1,NULL,2,2,1,1,(1),(1),1,NULL," -1",1,0,5,80
202000031207,2,8,2020,10:20:00,1,62,62233,1,9,1,3,D940,"50,3517076","1,6483892",202000031207,154 687 489,B01,1,1,0,2,1,1,6,NULL,202000031207,154 687 489,B01,1,1,4,1,1947,5,2,-1,-1,0,0,-1,202000031207,3,940,-1,NULL,2,2,1,1,(1),(1),1,NULL," -1",1,0,5,80
202000032406,14,2,2020,10:00:00,1,92,92050,2,3,8,3,"CROIX RUE DE LA/ LENINE VLADIMIR ILITCH AVENUE","48,8880000","2,1957700",202000032406,154 685 456,B01,3,1,0,2,8,19,5,NULL,202000032406,154 685 454,A01,1,1,1,1,1995,4,1,8,-1,-1,0,-1,202000032406,3,991,0,NULL,3,4,0,1,0,0,1,NULL," -1",1,0,1,50
202000032406,14,2,2020,10:00:00,1,92,92050,2,3,8,3,"CROIX RUE DE LA/ LENINE VLADIMIR ILITCH AVENUE","48,8880000","2,1957700",202000032406,154 685 456,B01,3,1,0,2,8,19,5,NULL,202000032406,154 685 456,B01,1,1,4,1,1988,4,2,8,-1,-1,0,-1,202000032406,3,991,0,NULL,3,4,0,1,0,0,1,NULL," -1",1,0,1,50
202000033112,29,10,2020,08:50:00,1,75,75104,2,3,1,1,"RUE SAINT ANTOINE","48,8547730","2,3624230",202000033112,154 684 246,B01,1,1,0,2,0,1,5,NULL,202000033112,154 684 246,B01,1,1,4,1,1997,1,8,0,-1,0,0,-1,202000033112,4,NULL,0,NULL,2,3,1,1,0,0,1,NULL," -1",1,-1,5,30
202000033112,29,10,2020,08:50:00,1,75,75104,2,3,1,1,"RUE SAINT ANTOINE","48,8547730","2,3624230",202000033112,154 684 246,B01,1,1,0,2,0,1,5,NULL,202000033112,154 684 247,A01,1,1,4,2,1972,1,8,0,-1,0,0,-1,202000033112,4,NULL,0,NULL,2,3,1,1,0,0,1,NULL," -1",1,-1,5,30
202000034554,2,9,2020,19:30:00,1,92,92073,2,1,1,3,"ROOSVELT (AVENUE FRANKLIN)","48,8733420","2,2214370",202000034554,154 681 698,B01,1,1,0,2,1,2,5,NULL,202000034554,154 681 698,B01,1,1,4,1,1977,0,2,0,-1,-1," -1",-1,202000034554,3,3,0,NULL,2,3,0,2,2,0,1,NULL," -1",1,0,1,50
202000034554,2,9,2020,19:30:00,1,92,92073,2,1,1,3,"ROOSVELT (AVENUE FRANKLIN)","48,8733420","2,2214370",202000034554,154 681 698,B01,1,1,0,2,1,2,5,NULL,202000034554,154 681 699,A01,1,1,1,1,1987,0,1,0,-1,-1," -1",-1,202000034554,3,3,0,NULL,2,3,0,2,2,0,1,NULL," -1",1,0,1,50
202000034785,10,2,2020,14:30:00,1,92,92025,2,2,2,3,"RENOUILLERS  (RUE DES)","48,9238960","2,2405570",202000034785,154 681 296,B01,0,1,0,2,8,19,5,NULL,202000034785,154 681 296,B01,1,1,4,2,1973,1,8,0,-1,-1,0,-1,202000034785,4,"RENOUILLERS  (RUE DES)",0,NULL,2,0,0,1,0,0,1,NULL," -1",2,6,1,50
202000034785,10,2,2020,14:30:00,1,92,92025,2,2,2,3,"RENOUILLERS  (RUE DES)","48,9238960","2,2405570",202000034785,154 681 296,B01,0,1,0,2,8,19,5,NULL,202000034785,154 681 297,A01,1,1,1,1,1963,5,1,0,-1,-1,0,-1,202000034785,4,"RENOUILLERS  (RUE DES)",0,NULL,2,0,0,1,0,0,1,NULL," -1",2,6,1,50
202000040475,7,2,2020,07:50:00,1,974,97409,2,3,1,3,"Avenue Ile de France"," -20,9581480","55,6497990",202000040475,154 671 229,B01,1,1,0,2,3,1,0,NULL,202000040475,154 671 229,B01,1,1,4,1,1948,0,8,0,-1,0,0,-1,202000040475,4,NULL,0,NULL,2,2,0,1,(1),(1),3,NULL," -1",1,0,1,20
202000040475,7,2,2020,07:50:00,1,974,97409,2,3,1,3,"Avenue Ile de France"," -20,9581480","55,6497990",202000040475,154 671 229,B01,1,1,0,2,3,1,0,NULL,202000040475,154 671 230,A01,1,1,1,2,1990,2,1,4,-1,0,0,-1,202000040475,4,NULL,0,NULL,2,2,0,1,(1),(1),3,NULL," -1",1,0,1,20
202000041116,15,8,2020,11:38:00,1,31,31092,1,1,1,7,Muna,"42,8991460","0,6309950",202000041116,154 670 106,A01,2,1,0,0,0,1,5,NULL,202000041116,154 670 106,A01,1,1,3,1,1962,5,0,-1,-1,0,0,-1,202000041116,3,125,-1,NULL,2,2,0,2,5,900,1,NULL," -1",1,0,1,80
202000041161,7,1,2020,15:50:00,1,75,75113,2,2,1,3,"BOULEVARD DU GENERAL JEAN SIMON","48,8240310","2,3770195",202000041161,154 670 021,B01,2,1,0,2,1,1,5,NULL,202000041161,154 670 021,B01,1,1,4,1,1996,1,8,2,-1,0,0,-1,202000041161,4,NULL,0,NULL,3,2,1,1,0,0,1,NULL,7,1,0,5,50
202000041161,7,1,2020,15:50:00,1,75,75113,2,2,1,3,"BOULEVARD DU GENERAL JEAN SIMON","48,8240310","2,3770195",202000041161,154 670 021,B01,2,1,0,2,1,1,5,NULL,202000041161,154 670 022,A01,1,1,1,1,1972,3,1,0,-1,0,0,-1,202000041161,4,NULL,0,NULL,3,2,1,1,0,0,1,NULL,7,1,0,5,50
202000042844,7,2,2020,21:00:00,3,57,57082,1,1,1,2,D24,"49,0584650","6,7943840",202000042844,154 666 993,A01,2,1,0,2,4,2,5,NULL,202000042844,154 666 992,B01,1,1,1,1,1965,1,1,-1,-1,0,0,-1,202000042844,3,24,-1,NULL,2,2,0,1,18,(1),1,NULL," -1",1,0,1,80
202000042844,7,2,2020,21:00:00,3,57,57082,1,1,1,2,D24,"49,0584650","6,7943840",202000042844,154 666 993,A01,2,1,0,2,4,2,5,NULL,202000042844,154 666 993,A01,1,1,3,1,1945,5,9,4,-1,0,0,-1,202000042844,3,24,-1,NULL,2,2,0,1,18,(1),1,NULL," -1",1,0,1,80
202000043063,6,2,2020,09:00:00,1,94,94041,2,1,1,3,"PAUL VAILLANT COUTURIER (BD)","48,8195279","2,3961668",202000043063,154 666 581,B01,1,1,0,2,1,0,5,NULL,202000043063,154 666 580,A01,1,1,1,1,1981,4,8,0,-1,-1," -1",-1,202000043063,3,"PAUL VAILLANT COUTURIER (BD)",0,NULL,2,3,0,1,(1),(1),1,NULL," -1",1,1,4,50
202000043063,6,2,2020,09:00:00,1,94,94041,2,1,1,3,"PAUL VAILLANT COUTURIER (BD)","48,8195279","2,3961668",202000043063,154 666 581,B01,1,1,0,2,1,0,5,NULL,202000043063,154 666 581,B01,1,1,4,1,1992,9,8,0,-1,-1," -1",-1,202000043063,3,"PAUL VAILLANT COUTURIER (BD)",0,NULL,2,3,0,1,(1),(1),1,NULL," -1",1,1,4,50
202000044692,23,5,2020,13:15:00,1,38,38035,1,1,3,7,"Chemin des Combes","45,5268800","5,0620400",202000044692,154 663 646,A01,3,1,0,0,0,1,5,NULL,202000044692,154 663 646,A01,1,1,2,1,1965,5,0,-1,-1,0,0,-1,202000044692,4,NULL,-1,NULL,-1,1,0,2,(1),(1),2,NULL," -1",6,0,1,50
202000045220,24,7,2020,17:30:00,1,06,06069,2,1,1,3,"SANS PEUR (RUE)","43,6590000","6,9256000",202000045220,154 662 757,A01,3,1,0,2,1,5,0,NULL,202000045220,154 662 755,B01,1,1,1,1,1968,0,2,8,-1,-1," -1",-1,202000045220,4,"SANS PEUR (RUE)",0,NULL,1,1,0,2,0,0,1,NULL," -1",1,0,1,30
202000045220,24,7,2020,17:30:00,1,06,06069,2,1,1,3,"SANS PEUR (RUE)","43,6590000","6,9256000",202000045220,154 662 757,A01,3,1,0,2,1,5,0,NULL,202000045220,154 662 757,A01,1,1,4,1,2015,0,2,0,-1,-1," -1",-1,202000045220,4,"SANS PEUR (RUE)",0,NULL,1,1,0,2,0,0,1,NULL," -1",1,0,1,30
202000045504,19,10,2020,20:30:00,5,75,75112,2,2,1,3,"RUE DE REUILLY","48,8473470","2,3867860",202000045504,154 662 284,A01,2,1,0,2,1,1,5,NULL,202000045504,154 662 284,A01,1,1,4,1,1971,9,8,0,-1,0,0,-1,202000045504,4,NULL,0,NULL,2,2,0,1,0,0,1,NULL," -1",1,0,1,50
202000045592,3,12,2020,07:48:00,1,04,04112,1,6,1,3,"RD 907 / Ch de la source","43,8332670","5,7690100",202000045592,154 662 144,C01,3,1,0,2,6,9,5,NULL,202000045592,154 662 144,C01,1,1,3,2,2008,2,2,4,-1,0,0,-1,202000045592,3,907,0,NULL,2,2,0,1,12,360,1,NULL," -1",1,5,1,50
202000045592,3,12,2020,07:48:00,1,04,04112,1,6,1,3,"RD 907 / Ch de la source","43,8332670","5,7690100",202000045592,154 662 144,C01,3,1,0,2,6,9,5,NULL,202000045592,154 662 146,A01,1,1,1,1,1965,4,1,-1,-1,-1," -1",-1,202000045592,3,907,0,NULL,2,2,0,1,12,360,1,NULL," -1",1,5,1,50
202000045876,14,9,2020,21:30:00,5,73,73008,2,6,1,6,"D913 COTES BOULEVARD DES","45,6899756","5,9190551",202000045876,154 661 650,A01,2,1,12,0,1,14,5,NULL,202000045876,154 661 650,A01,1,1,3,1,1988,5,8,0,-1,0,0,-1,202000045876,3,"COTES BOULEVARD DES",0,NULL,2,2,0,2,1,495,2,NULL," -1",1,0,1,50
202000047345,20,5,2020,19:59:00,1,64,64024,2,1,7,2,"BAB (BOULEVARD DU)","43,4976000"," -1,5044900",202000047345,154 659 056,B01,1,1,0,2,4,1,5,NULL,202000047345,154 659 056,B01,1,1,4,1,1992,5,2,6,-1,-1," -1",-1,202000047345,4,NULL,0,NULL,2,4,0,1,0,0,1,NULL," -1",1,0,1,50
202000047345,20,5,2020,19:59:00,1,64,64024,2,1,7,2,"BAB (BOULEVARD DU)","43,4976000"," -1,5044900",202000047345,154 659 056,B01,1,1,0,2,4,1,5,NULL,202000047345,154 659 065,A01,1,1,1,1,1946,4,1,4,-1,-1," -1",-1,202000047345,4,NULL,0,NULL,2,4,0,1,0,0,1,NULL," -1",1,0,1,50
202000047478,21,5,2020,00:15:00,5,75,75111,2,1,1,6,"BOULEVARD DE BELLEVILLE","48,8676900","2,3821520",202000047478,154 658 833,Z01,2,1,0,1,4,25,5,NULL,202000047478,154 658 833,Z01,10,3,4,2,1994,9,0,-1,-1,5,1,2,202000047478,4,NULL,0,NULL,3,2,0,1,0,0,1,NULL," -1",1,6,4,30
202000007535,18,6,2020,18:55:00,1,34,34172,2,9,1,3,"ASSAS (AVENUE D')","43,6199500","3,8589200",202000007535,154 728 983,B01,1,1,0,9,5,1,5,NULL,202000007535,154 728 983,B01,1,1,4,1,1946,0,2,8,-1,-1," -1",-1,202000007535,4,NULL,0,NULL,-1,2,0,1,0,0,3,NULL," -1",1,0,8,50
202000007535,18,6,2020,18:55:00,1,34,34172,2,9,1,3,"ASSAS (AVENUE D')","43,6199500","3,8589200",202000007535,154 728 983,B01,1,1,0,9,5,1,5,NULL,202000007535,154 728 984,A01,1,1,1,1,1958,0,1,8,-1,-1," -1",-1,202000007535,4,NULL,0,NULL,-1,2,0,1,0,0,3,NULL," -1",1,0,8,50
202000008513,24,11,2020,06:25:00,3,75,75120,2,2,1,3,"RUE DES PYRENEES","48,8739460","2,3853490",202000008513,154 727 276,B01,2,1,0,2,3,1,5,NULL,202000008513,154 727 275,A01,1,1,1,1,1977,4,1,0,-1,0,0,-1,202000008513,4,NULL,0,NULL,2,2,1,3,0,0,1,NULL," -1",1,0,1,50
202000008513,24,11,2020,06:25:00,3,75,75120,2,2,1,3,"RUE DES PYRENEES","48,8739460","2,3853490",202000008513,154 727 276,B01,2,1,0,2,3,1,5,NULL,202000008513,154 727 276,B01,1,1,4,1,1989,1,2,0,-1,0,0,-1,202000008513,4,NULL,0,NULL,2,2,1,3,0,0,1,NULL," -1",1,0,1,50
202000008800,15,5,2020,18:10:00,1,56,56131,2,3,1,3,Kerhoat,"48,0096415"," -3,4359950",202000008800,154 726 777,B01,2,1,12,2,1,1,5,NULL,202000008800,154 726 777,B01,1,1,3,1,1985,5,2,-1,-1,0,0,-1,202000008800,3,782,-1,NULL,2,2,0,1,32,230,3,NULL," -1",1,0,1,80
202000008800,15,5,2020,18:10:00,1,56,56131,2,3,1,3,Kerhoat,"48,0096415"," -3,4359950",202000008800,154 726 777,B01,2,1,12,2,1,1,5,NULL,202000008800,154 726 778,A01,1,1,1,1,1980,9,8,-1,-1,0,0,-1,202000008800,3,782,-1,NULL,2,2,0,1,32,230,3,NULL," -1",1,0,1,80
202000009188,14,9,2020,19:25:00,1,93,93066,2,1,1,2,"SAINT OUEN (QUAI DE )","48,9267483","2,3378244",202000009188,154 726 085,B01,1,1,0,2,4,2,5,NULL,202000009188,154 726 085,B01,1,1,3,1,1969,0,8,0,-1,-1," -1",-1,202000009188,3,1,0,NULL,2,3,0,1,0,1,1,NULL," -1",1,8,1,50
202000009188,14,9,2020,19:25:00,1,93,93066,2,1,1,2,"SAINT OUEN (QUAI DE )","48,9267483","2,3378244",202000009188,154 726 085,B01,1,1,0,2,4,2,5,NULL,202000009188,154 726 086,A01,1,1,2,1,1989,0,2,6,-1,-1," -1",-1,202000009188,3,1,0,NULL,2,3,0,1,0,1,1,NULL," -1",1,8,1,50
202000010549,21,11,2020,14:00:00,1,75,75118,2,1,1,6,"BOULEVARD ORNANO","48,8966390","2,3454430",202000010549,154 723 705,A01,2,1,0,1,1,1,5,NULL,202000010549,154 723 705,A01,10,3,4,2,1979,3,8,8,-1,1,3,1,202000010549,4,NULL,0,NULL,2,6,1,1,0,0,1,NULL," -1",1,-1,5,50
202000010549,21,11,2020,14:00:00,1,75,75118,2,1,1,6,"BOULEVARD ORNANO","48,8966390","2,3454430",202000010549,154 723 705,A01,2,1,0,1,1,1,5,NULL,202000010549,154 723 705,A01,1,1,1,2,1990,9,2,0,-1,0,0,-1,202000010549,4,NULL,0,NULL,2,6,1,1,0,0,1,NULL," -1",1,-1,5,50
202000012556,12,5,2020,15:15:00,1,93,93046,2,1,1,1,"AV DU CONSUL GENERAL NORDLING","48,9175610","2,5339720",202000012556,154 720 193,B01,0,1,0,2,3,19,5,NULL,202000012556,154 720 192,A01,1,1,4,1,1994,5,8,0,-1,-1," -1",-1,202000012556,3,933,0,NULL,3,4,0,1,1,0,1,NULL," -1",1,9,8,50
202000012556,12,5,2020,15:15:00,1,93,93046,2,1,1,1,"AV DU CONSUL GENERAL NORDLING","48,9175610","2,5339720",202000012556,154 720 193,B01,0,1,0,2,3,19,5,NULL,202000012556,154 720 193,B01,1,1,4,2,2001,0,8,0,-1,-1," -1",-1,202000012556,3,933,0,NULL,3,4,0,1,1,0,1,NULL," -1",1,9,8,50
202000012816,2,3,2020,15:36:00,1,44,44043,2,1,1,1,"11 Rue du Vivier","47,1091130"," -1,2432560",202000012816,154 719 747,B01,3,1,0,0,1,13,5,NULL,202000012816,154 719 746,A01,1,1,1,1,1994,5,1,-1,-1,0,0,-1,202000012816,4,NULL,0,NULL,2,1,0,1,(1),(1),1,NULL," -1",1,0,1,50
202000012816,2,3,2020,15:36:00,1,44,44043,2,1,1,1,"11 Rue du Vivier","47,1091130"," -1,2432560",202000012816,154 719 747,B01,3,1,0,0,1,13,5,NULL,202000012816,154 719 747,B01,1,1,4,1,1948,5,2,-1,-1,0,0,-1,202000012816,4,NULL,0,NULL,2,1,0,1,(1),(1),1,NULL," -1",1,0,1,50
202000013346,12,9,2020,11:00:00,1,75,75120,2,2,1,6,"BOULEVARD DAVOUT","48,8490620","2,4115360",202000013346,154 718 817,A01,1,1,0,1,1,1,5,NULL,202000013346,154 718 817,A01,10,3,4,1,1945,5,0,-1,-1,1,3,1,202000013346,4,NULL,0,NULL,1,1,1,1,0,0,1,NULL," -1",1,-1,5,30
202000013346,12,9,2020,11:00:00,1,75,75120,2,2,1,6,"BOULEVARD DAVOUT","48,8490620","2,4115360",202000013346,154 718 817,A01,1,1,0,1,1,1,5,NULL,202000013346,154 718 817,A01,1,1,1,2,1987,5,2,0,-1,0,0,-1,202000013346,4,NULL,0,NULL,1,1,1,1,0,0,1,NULL," -1",1,-1,5,30
202000014490,10,5,2020,15:45:00,1,68,68208,2,1,1,7,"15 Rue de la Liberté","47,5647570","7,4411070",202000014490,154 716 841,A01,2,1,0,0,9,1,5,NULL,202000014490,154 716 841,A01,1,1,3,2,1980,5,0,-1,-1,0,0,-1,202000014490,3,21.4,0,NULL,2,2,0,2,(1),(1),1,NULL," -1",1,0,1,50
202000014786,12,1,2020,14:05:00,1,07,07231,2,3,1,1,"Vieux Stade (Chemin du)","44,6028700","4,3822700",202000014786,154 716 357,A01,2,1,0,2,1,16,5,NULL,202000014786,154 716 357,A01,1,1,4,1,2005,5,2,0,-1,-1," -1",-1,202000014786,4,"Vieux Stade (Chemin du)",0,NULL,2,1,0,1,0,0,1,NULL," -1",1,0,1,30
202000014786,12,1,2020,14:05:00,1,07,07231,2,3,1,1,"Vieux Stade (Chemin du)","44,6028700","4,3822700",202000014786,154 716 357,A01,2,1,0,2,1,16,5,NULL,202000014786,154 716 358,B01,1,1,1,1,1973,5,1,0,-1,-1," -1",-1,202000014786,4,"Vieux Stade (Chemin du)",0,NULL,2,1,0,1,0,0,1,NULL," -1",1,0,1,30
202000015489,14,6,2020,13:30:00,1,50,50611,1,1,1,1,"chemin de gardier le vivier","49,6642040"," -1,7524590",202000015489,154 715 046,B01,3,1,0,2,1,1,5,NULL,202000015489,154 715 045,A01,1,1,1,1,1976,5,1,-1,-1,0,0,-1,202000015489,4,NULL,-1,NULL,2,2,0,2,(1),(1),2,NULL," -1",1,0,1,80
202000015489,14,6,2020,13:30:00,1,50,50611,1,1,1,1,"chemin de gardier le vivier","49,6642040"," -1,7524590",202000015489,154 715 046,B01,3,1,0,2,1,1,5,NULL,202000015489,154 715 045,A01,2,2,1,2,2000,5,1,-1,-1,0,0,-1,202000015489,4,NULL,-1,NULL,2,2,0,2,(1),(1),2,NULL," -1",1,0,1,80
202000015489,14,6,2020,13:30:00,1,50,50611,1,1,1,1,"chemin de gardier le vivier","49,6642040"," -1,7524590",202000015489,154 715 046,B01,3,1,0,2,1,1,5,NULL,202000015489,154 715 046,B01,1,1,3,1,1983,5,2,-1,-1,0,0,-1,202000015489,4,NULL,-1,NULL,2,2,0,2,(1),(1),2,NULL," -1",1,0,1,80
202000015577,13,6,2020,19:45:00,1,80,80415,2,2,1,1,D41,"49,7548420","2,6038300",202000015577,154 714 892,A01,0,1,0,2,8,19,6,NULL,202000015577,154 714 892,A01,1,1,3,2,2007,5,0,-1,-1,0,0,-1,202000015577,3,D41,-1,NULL,1,1,0,1,(1),(1),1,NULL," -1",1,0,1,-1
202000015577,13,6,2020,19:45:00,1,80,80415,2,2,1,1,D41,"49,7548420","2,6038300",202000015577,154 714 892,A01,0,1,0,2,8,19,6,NULL,202000015577,154 714 893,B01,1,1,1,1,1991,5,1,-1,-1,0,0,-1,202000015577,3,D41,-1,NULL,1,1,0,1,(1),(1),1,NULL," -1",1,0,1,-1
202000017288,11,9,2020,18:00:00,1,32,32200,1,1,1,5,"route departementale 943 Pk 5.300","43,6215610","0,5030860",202000017288,154 711 838,C01,1,1,0,2,1,1,5,NULL,202000017288,154 711 836,A01,1,1,1,1,2001,1,1,-1,-1,0,0,-1,202000017288,3,943,-1,NULL,2,2,0,1,5,300,1,NULL," -1",1,0,1,80
202000017288,11,9,2020,18:00:00,1,32,32200,1,1,1,5,"route departementale 943 Pk 5.300","43,6215610","0,5030860",202000017288,154 711 837,B01,1,1,0,2,1,1,5,NULL,202000017288,154 711 836,A01,1,1,1,1,2001,1,1,-1,-1,0,0,-1,202000017288,3,943,-1,NULL,2,2,0,1,5,300,1,NULL," -1",1,0,1,80
202000017288,11,9,2020,18:00:00,1,32,32200,1,1,1,5,"route departementale 943 Pk 5.300","43,6215610","0,5030860",202000017288,154 711 838,C01,1,1,0,2,1,1,5,NULL,202000017288,154 711 837,B01,1,1,2,1,2004,5,2,-1,-1,0,0,-1,202000017288,3,943,-1,NULL,2,2,0,1,5,300,1,NULL," -1",1,0,1,80
202000017288,11,9,2020,18:00:00,1,32,32200,1,1,1,5,"route departementale 943 Pk 5.300","43,6215610","0,5030860",202000017288,154 711 837,B01,1,1,0,2,1,1,5,NULL,202000017288,154 711 837,B01,1,1,2,1,2004,5,2,-1,-1,0,0,-1,202000017288,3,943,-1,NULL,2,2,0,1,5,300,1,NULL," -1",1,0,1,80
202000017288,11,9,2020,18:00:00,1,32,32200,1,1,1,5,"route departementale 943 Pk 5.300","43,6215610","0,5030860",202000017288,154 711 838,C01,1,1,0,2,1,1,5,NULL,202000017288,154 711 838,C01,1,1,2,1,1974,5,0,-1,-1,0,0,-1,202000017288,3,943,-1,NULL,2,2,0,1,5,300,1,NULL," -1",1,0,1,80
202000017288,11,9,2020,18:00:00,1,32,32200,1,1,1,5,"route departementale 943 Pk 5.300","43,6215610","0,5030860",202000017288,154 711 837,B01,1,1,0,2,1,1,5,NULL,202000017288,154 711 838,C01,1,1,2,1,1974,5,0,-1,-1,0,0,-1,202000017288,3,943,-1,NULL,2,2,0,1,5,300,1,NULL," -1",1,0,1,80
202000017651,11,8,2020,08:40:00,1,69,69383,2,1,1,6,"ARMENIE (D')                        (R )","45,7500000","4,8400000",202000017651,154 711 164,A01,1,1,0,1,1,5,5,NULL,202000017651,154 711 164,A01,1,1,1,1,1985,0,2,0,-1,-1," -1",-1,202000017651,4,"ARMENIE (D')                        (R )",0,NULL,1,1,0,1,(1),(1),1,NULL," -1",1,0,1,50
202000017651,11,8,2020,08:40:00,1,69,69383,2,1,1,6,"ARMENIE (D')                        (R )","45,7500000","4,8400000",202000017651,154 711 164,A01,1,1,0,1,1,5,5,NULL,202000017651,154 711 164,A01,10,3,4,2,1960,0,0,-1,-1,3,3,1,202000017651,4,"ARMENIE (D')                        (R )",0,NULL,1,1,0,1,(1),(1),1,NULL," -1",1,0,1,50