Num_Acc,jour,mois,an,hrmn,lum,dep,com,agg,int,atm,col,adr,lat,long,Num_Acc,id_vehicule,num_veh,senc,catv,obs,obsm,choc,manv,motor,occutc,Num_Acc,id_vehicule,num_veh,place,catu,grav,sexe,an_nais,trajet,secu1,secu2,secu3,locp,actp,etatp,Num_Acc,catr,voie,v1,v2,circ,nbv,vosp,prof,pr,pr1,plan,lartpc,larrout,surf,infra,situ,vma
202000017755,8,10,2020,15:29:00,1,75,75118,2,2,8,6,"BOULEVARD BARBES","48,8883640","2,3495970",202000017755,154 710 980,A01,1,1,0,1,0,21,5,NULL,202000017755,154 710 980,A01,1,1,4,1,1999,9,8,0,-1,0,0,-1,202000017755,4,NULL,0,NULL,3,4,1,1,0,0,1,NULL," -1",1,-1,5,50
202000017755,8,10,2020,15:29:00,1,75,75118,2,2,8,6,"BOULEVARD BARBES","48,8883640","2,3495970",202000017755,154 710 980,A01,1,1,0,1,0,21,5,NULL,202000017755,154 710 980,A01,10,3,1,1,1963,5,8,8,-1,5,3,1,202000017755,4,NULL,0,NULL,3,4,1,1,0,0,1,NULL," -1",1,-1,5,50
202000018283,13,11,2020,15:45:00,1,69,69387,2,2,1,1,"CHEVREUL                            (R )","45,7488800","4,8391100",202000018283,154 710 081,A01,2,1,0,2,1,1,5,NULL,202000018283,154 710 080,B01,1,1,1,1,1980,0,1,0,-1,-1," -1",-1,202000018283,4,NULL,0,NULL,1,1,1,1,0,0,1,NULL," -1",1,0,5,50
202000018283,13,11,2020,15:45:00,1,69,69387,2,2,1,1,"CHEVREUL                            (R )","45,7488800","4,8391100",202000018283,154 710 081,A01,2,1,0,2,1,1,5,NULL,202000018283,154 710 081,A01,1,1,4,2,1968,0,2,0,-1,-1," -1",-1,202000018283,4,NULL,0,NULL,1,1,1,1,0,0,1,NULL," -1",1,0,5,50
202000018459,12,1,2020,09:00:00,1,95,95509,1,1,7,3,D9,"49,0685670","2,4852960",202000018459,154 709 797,B01,1,1,0,2,8,1,5,NULL,202000018459,154 709 796,A01,1,1,1,1,1951,5,1,-1,-1,0,0,-1,202000018459,3,9,0,NULL,2,2,0,1,25,58,1,NULL," -1",1,0,1,90
202000018459,12,1,2020,09:00:00,1,95,95509,1,1,7,3,D9,"49,0685670","2,4852960",202000018459,154 709 797,B01,1,1,0,2,8,1,5,NULL,202000018459,154 709 797,B01,1,1,3,1,1959,5,2,-1,-1,0,0,-1,202000018459,3,9,0,NULL,2,2,0,1,25,58,1,NULL," -1",1,0,1,90
202000019121,9,9,2020,19:30:00,2,75,75115,2,5,1,3,"BOULEVARD LEFEBVRE","48,8297370","2,2956470",202000019121,154 708 601,B01,1,1,0,2,8,19,5,NULL,202000019121,154 708 600,A01,1,1,1,2,1986,1,1,0,-1,0,0,-1,202000019121,4,NULL,0,NULL,1,2,0,1,0,0,1,NULL," -1",1,0,1,50
202000019121,9,9,2020,19:30:00,2,75,75115,2,5,1,3,"BOULEVARD LEFEBVRE","48,8297370","2,2956470",202000019121,154 708 601,B01,1,1,0,2,8,19,5,NULL,202000019121,154 708 601,B01,1,1,4,2,1993,5,2,0,-1,0,0,-1,202000019121,4,NULL,0,NULL,1,2,0,1,0,0,1,NULL," -1",1,0,1,50
202000019581,7,10,2020,13:00:00,1,75,75120,2,4,1,2,"RUE DES COURONNES","48,8705650","2,3882410",202000019581,154 707 742,B01,3,1,0,2,1,1,5,NULL,202000019581,154 707 741,A01,1,1,1,1,1975,9,1,0,-1,0,0,-1,202000019581,4,NULL,0,NULL,1,1,0,2,0,0,2,NULL," -1",1,0,1,30
202000019581,7,10,2020,13:00:00,1,75,75120,2,4,1,2,"RUE DES COURONNES","48,8705650","2,3882410",202000019581,154 707 742,B01,3,1,0,2,1,1,5,NULL,202000019581,154 707 742,B01,1,1,4,2,1984,9,8,0,-1,0,0,-1,202000019581,4,NULL,0,NULL,1,1,0,2,0,0,2,NULL," -1",1,0,1,30
202000021072,29,7,2020,14:40:00,1,02,02722,2,7,1,2,"PORTE CROUY ( RUE )","49,3855600","3,3326900",202000021072,154 705 132,B01,2,1,0,2,0,0,5,NULL,202000021072,154 705 132,B01,1,1,3,1,1992,5,2,-1,-1,-1," -1",-1,202000021072,4,"PORTE CROUY ( RUE )",0,NULL,1,1,1,1,0,0,1,NULL," -1",1,0,1,50
202000021072,29,7,2020,14:40:00,1,02,02722,2,7,1,2,"PORTE CROUY ( RUE )","49,3855600","3,3326900",202000021072,154 705 132,B01,2,1,0,2,0,0,5,NULL,202000021072,154 705 133,A01,1,1,1,1,1957,5,1,-1,-1,-1," -1",-1,202000021072,4,"PORTE CROUY ( RUE )",0,NULL,1,1,1,1,0,0,1,NULL," -1",1,0,1,50
202000021359,9,6,2020,22:05:00,3,38,38190,1,1,2,2,D65,"45,8030580","5,2862640",202000021359,154 704 626,B01,1,1,0,0,4,1,5,NULL,202000021359,154 704 625,A01,1,1,1,1,1966,5,1,-1,-1,0,0,-1,202000021359,3,65,-1,NULL,2,2,0,1,15,300,1,NULL," -1",2,0,1,80
202000021359,9,6,2020,22:05:00,3,38,38190,1,1,2,2,D65,"45,8030580","5,2862640",202000021359,154 704 626,B01,1,1,0,0,4,1,5,NULL,202000021359,154 704 626,B01,1,1,3,1,1971,1,0,-1,-1,0,0,-1,202000021359,3,65,-1,NULL,2,2,0,1,15,300,1,NULL," -1",2,0,1,80
202000023483,5,10,2020,18:30:00,1,17,17300,2,2,1,3,"REPUBLIQUE   BOULEVARD DE LA","46,1410240"," -1,1412580",202000023483,154 700 922,A01,3,1,0,2,7,1,5,NULL,202000023483,154 700 921,B01,1,1,1,2,1982,1,1,0,-1,-1," -1",-1,202000023483,4,"REPUBLIQUE   BOULEVARD DE LA",0,NULL,2,2,1,2,0,0,2,NULL," -1",1,6,1,50
202000023483,5,10,2020,18:30:00,1,17,17300,2,2,1,3,"REPUBLIQUE   BOULEVARD DE LA","46,1410240"," -1,1412580",202000023483,154 700 922,A01,3,1,0,2,7,1,5,NULL,202000023483,154 700 922,A01,1,1,4,2,2000,1,8,0,-1,-1," -1",-1,202000023483,4,"REPUBLIQUE   BOULEVARD DE LA",0,NULL,2,2,1,2,0,0,2,NULL," -1",1,6,1,50
202000026054,15,12,2020,12:20:00,1,37,37195,2,1,1,-1,"MELIES (RUE GEORGES)","47,3897708","0,6550162",202000026054,154 696 419,A01,3,1,0,2,1,9,5,NULL,202000026054,154 696 419,A01,1,1,4,1,1986,4,8,0,-1,-1," -1",-1,202000026054,4,NULL,0,NULL,2,2,0,1,(1),(1),1,NULL," -1",1,0,1,50
202000026054,15,12,2020,12:20:00,1,37,37195,2,1,1,-1,"MELIES (RUE GEORGES)","47,3897708","0,6550162",202000026054,154 696 419,A01,3,1,0,2,1,9,5,NULL,202000026054,154 696 420,B01,1,1,1,2,1948,9,1,0,-1,-1," -1",-1,202000026054,4,NULL,0,NULL,2,2,0,1,(1),(1),1,NULL," -1",1,0,1,50
202000027467,3,11,2020,07:30:00,1,59,59350,2,3,1,3,"FAUBOURG DE BETHUNE RUE","50,6176800","3,0273200",202000027467,154 693 965,B01,3,1,0,2,7,15,5,NULL,202000027467,154 693 964,A01,1,1,1,1,1973,1,1,8,-1,-1," -1",-1,202000027467,7,941,0,NULL,2,2,1,1,(1),(1),1,NULL," -1",1,0,1,50
202000027467,3,11,2020,07:30:00,1,59,59350,2,3,1,3,"FAUBOURG DE BETHUNE RUE","50,6176800","3,0273200",202000027467,154 693 965,B01,3,1,0,2,7,15,5,NULL,202000027467,154 693 965,B01,1,1,4,2,1979,1,8,0,-1,-1," -1",-1,202000027467,7,941,0,NULL,2,2,1,1,(1),(1),1,NULL," -1",1,0,1,50
202000029806,31,5,2020,20:10:00,1,92,92024,2,3,1,3,"MARTRE DE (4 A 54)","48,8995598","2,3092693",202000029806,154 689 867,A01,1,1,0,2,1,1,5,NULL,202000029806,154 689 866,B01,1,1,1,2,1955,0,1,0,-1,-1," -1",-1,202000029806,3,19,0,NULL,1,3,1,1,0,0,1,NULL," -1",1,0,5,50
202000029806,31,5,2020,20:10:00,1,92,92024,2,3,1,3,"MARTRE DE (4 A 54)","48,8995598","2,3092693",202000029806,154 689 867,A01,1,1,0,2,1,1,5,NULL,202000029806,154 689 867,A01,1,1,3,1,1985,0,8,0,-1,-1," -1",-1,202000029806,3,19,0,NULL,1,3,1,1,0,0,1,NULL," -1",1,0,5,50
202000032257,4,7,2020,11:20:00,1,75,75101,2,1,8,7,"RUE DE RIVOLI","48,8649600","2,3283670",202000032257,154 685 688,A01,1,1,14,0,1,14,5,NULL,202000032257,154 685 688,A01,1,1,4,1,1963,9,2,0,-1,0,0,-1,202000032257,4,NULL,0,NULL,2,4,1,1,(1),0,1,NULL," -1",1,-1,5,50
202000033039,29,10,2020,18:00:00,1,33,33529,2,2,1,3,"MIQUELOTS (BD DES)","44,6095900"," -1,1355200",202000033039,154 684 387,B01,0,1,0,2,1,1,5,NULL,202000033039,154 684 387,B01,1,1,4,1,1960,5,2,-1,-1,-1," -1",-1,202000033039,4,"MIQUELOTS (BD DES)",0,NULL,2,2,0,1,(1),(1),1,NULL," -1",1,9,1,50
202000033039,29,10,2020,18:00:00,1,33,33529,2,2,1,3,"MIQUELOTS (BD DES)","44,6095900"," -1,1355200",202000033039,154 684 387,B01,0,1,0,2,1,1,5,NULL,202000033039,154 684 388,A01,1,1,1,1,1972,0,1,-1,-1,-1," -1",-1,202000033039,4,"MIQUELOTS (BD DES)",0,NULL,2,2,0,1,(1),(1),1,NULL," -1",1,9,1,50
202000034045,7,1,2020,17:20:00,5,22,22113,2,1,8,1,"PLACENN AR GUER (RUE DE)","48,7469300"," -3,4599500",202000034045,154 682 596,B01,3,1,0,2,1,0,5,NULL,202000034045,154 682 596,B01,1,1,4,1,2006,9,2,8,-1,0,0,-1,202000034045,4,"PLACENN AR GUER (RUE DE)",0,NULL,2,2,0,1,1,0,1,NULL," -1",1,0,5,50
202000034045,7,1,2020,17:20:00,5,22,22113,2,1,8,1,"PLACENN AR GUER (RUE DE)","48,7469300"," -3,4599500",202000034045,154 682 596,B01,3,1,0,2,1,0,5,NULL,202000034045,154 682 597,A01,1,1,1,2,1964,3,1,0,-1,0,0,-1,202000034045,4,"PLACENN AR GUER (RUE DE)",0,NULL,2,2,0,1,1,0,1,NULL," -1",1,0,5,50
202000034305,18,3,2020,17:00:00,1,60,60481,2,1,1,3,"Rue de la Forêt","49,2927140","2,8585960",202000034305,154 682 146,B01,3,1,0,2,1,26,5,NULL,202000034305,154 682 145,A01,1,1,1,1,1963,1,1,-1,-1,0,0,-1,202000034305,3,NULL,-1,F,2,2,0,1,(1),(1),1,NULL,4,1,0,1,50
202000034305,18,3,2020,17:00:00,1,60,60481,2,1,1,3,"Rue de la Forêt","49,2927140","2,8585960",202000034305,154 682 146,B01,3,1,0,2,1,26,5,NULL,202000034305,154 682 146,B01,1,1,3,1,2005,5,0,-1,-1,0,0,-1,202000034305,3,NULL,-1,F,2,2,0,1,(1),(1),1,NULL,4,1,0,1,50
202000035049,27,7,2020,08:35:00,1,81,81004,2,6,1,3,"TEYSSIER (AV DU COLONEL)","43,9212340","2,1676150",202000035049,154 680 820,B01,1,1,0,2,8,0,5,NULL,202000035049,154 680 820,B01,1,1,3,1,1962,5,8,0,-1,-1," -1",-1,202000035049,3,81,0,NULL,2,2,0,1,1,38,4,NULL," -1",1,9,1,50
202000035049,27,7,2020,08:35:00,1,81,81004,2,6,1,3,"TEYSSIER (AV DU COLONEL)","43,9212340","2,1676150",202000035049,154 680 820,B01,1,1,0,2,8,0,5,NULL,202000035049,154 680 821,A01,1,1,1,1,1962,4,1,8,-1,-1," -1",-1,202000035049,3,81,0,NULL,2,2,0,1,1,38,4,NULL," -1",1,9,1,50
202000035546,28,10,2020,19:05:00,3,74,74026,1,1,2,3,"RD 1508","45,9605550","6,0349920",202000035546,154 679 926,A01,1,1,0,0,0,2,5,NULL,202000035546,154 679 926,A01,1,1,3,2,1997,0,0,-1,-1,0,0,-1,202000035546,3,1508,-1,NULL,2,2,0,1,29,570,1,NULL," -1",2,0,1,80
202000036046,2,7,2020,08:25:00,1,69,69034,2,1,1,2,"GENERAL DE GAULLE                   (AV)","45,8083000","4,8564000",202000036046,154 679 031,A01,1,1,0,2,1,1,5,NULL,202000036046,154 679 030,B01,1,1,1,2,1978,0,1,0,-1,-1," -1",-1,202000036046,4,"GENERAL DE GAULLE (AV)",0,NULL,2,2,0,1,0,0,1,NULL," -1",1,0,1,50
202000036046,2,7,2020,08:25:00,1,69,69034,2,1,1,2,"GENERAL DE GAULLE                   (AV)","45,8083000","4,8564000",202000036046,154 679 031,A01,1,1,0,2,1,1,5,NULL,202000036046,154 679 031,A01,1,1,4,1,2006,0,8,8,-1,-1," -1",-1,202000036046,4,"GENERAL DE GAULLE (AV)",0,NULL,2,2,0,1,0,0,1,NULL," -1",1,0,1,50
202000038468,30,8,2020,11:55:00,1,63,63040,2,1,1,3,"D 997B - route de Clermont","45,7353958","3,3358100",202000038468,154 674 753,B01,1,1,0,2,8,2,5,NULL,202000038468,154 674 753,B01,1,1,4,1,1953,5,2,-1,-1,0,0,-1,202000038468,3,997,0,B,2,2,0,4,0,900,1,NULL," -1",1,0,1,50
202000039073,27,5,2020,19:25:00,1,64,64445,2,2,7,3,"GASTON PHOEBUS","43,2973207"," -0,3873378",202000039073,154 673 687,A01,2,1,0,2,8,1,5,NULL,202000039073,154 673 684,B01,1,1,1,2,1959,9,1,0,-1,-1," -1",-1,202000039073,4,"GASTON PHOEBUS",0,NULL,2,2,0,4,0,0,2,NULL," -1",1,0,1,50
202000039073,27,5,2020,19:25:00,1,64,64445,2,2,7,3,"GASTON PHOEBUS","43,2973207"," -0,3873378",202000039073,154 673 687,A01,2,1,0,2,8,1,5,NULL,202000039073,154 673 687,A01,1,1,3,1,1990,9,8,0,-1,-1," -1",-1,202000039073,4,"GASTON PHOEBUS",0,NULL,2,2,0,4,0,0,2,NULL," -1",1,0,1,50
202000040404,28,8,2020,18:00:00,1,69,69081,2,1,3,2,"PROFESSEUR PAUL SANTY (DU)   AL","45,7700000","4,7700000",202000040404,154 671 364,A01,1,1,14,0,1,1,5,NULL,202000040404,154 671 364,A01,1,1,4,1,1999,1,2,8,-1,-1," -1",-1,202000040404,4,"PROFESSEUR PAUL SANTY (DU)   AL",0,NULL,2,2,3,1,0,0,1,NULL," -1",2,0,1,50
202000040404,28,8,2020,18:00:00,1,69,69081,2,1,3,2,"PROFESSEUR PAUL SANTY (DU)   AL","45,7700000","4,7700000",202000040404,154 671 364,A01,1,1,14,0,1,1,5,NULL,202000040404,154 671 365,B01,1,1,1,1,1967,9,1,8,-1,-1," -1",-1,202000040404,4,"PROFESSEUR PAUL SANTY (DU)   AL",0,NULL,2,2,3,1,0,0,1,NULL," -1",2,0,1,50
202000041607,28,6,2020,12:27:00,1,75,75107,2,1,1,6,"RUE DE L UNIVERSITE","48,8611530","2,3061750",202000041607,154 669 211,A01,2,1,0,1,1,1,5,NULL,202000041607,154 669 211,A01,10,3,4,2,1942,5,0,-1,-1,1,4,1,202000041607,4,NULL,0,NULL,2,2,0,1,0,0,1,NULL," -1",1,0,1,30
202000041607,28,6,2020,12:27:00,1,75,75107,2,1,1,6,"RUE DE L UNIVERSITE","48,8611530","2,3061750",202000041607,154 669 211,A01,2,1,0,1,1,1,5,NULL,202000041607,154 669 211,A01,1,1,1,1,1959,9,2,6,-1,0,0,-1,202000041607,4,NULL,0,NULL,2,2,0,1,0,0,1,NULL," -1",1,0,1,30
202000042002,27,8,2020,16:40:00,1,75,75108,2,7,8,3,"PLACE CHARLES DE GAULLE","48,8732910","2,2955510",202000042002,154 668 513,B01,3,1,0,2,7,1,5,NULL,202000042002,154 668 513,B01,1,1,4,1,1954,5,2,0,-1,0,0,-1,202000042002,4,NULL,0,NULL,1,6,0,1,0,0,2,NULL," -1",1,0,1,50
202000042002,27,8,2020,16:40:00,1,75,75108,2,7,8,3,"PLACE CHARLES DE GAULLE","48,8732910","2,2955510",202000042002,154 668 513,B01,3,1,0,2,7,1,5,NULL,202000042002,154 668 514,A01,1,1,1,1,1975,4,1,0,-1,0,0,-1,202000042002,4,NULL,0,NULL,1,6,0,1,0,0,2,NULL," -1",1,0,1,50
202000043473,22,10,2020,17:30:00,1,75,75115,2,1,1,1,"QUAI DE GRENELLE","48,8524010","2,2862530",202000043473,154 665 839,A01,1,1,0,2,1,13,5,NULL,202000043473,154 665 838,B01,1,1,4,2,1983,9,2,0,-1,0,0,-1,202000043473,4,NULL,0,NULL,2,6,1,1,0,0,1,NULL," -1",1,-1,5,50
202000043473,22,10,2020,17:30:00,1,75,75115,2,1,1,1,"QUAI DE GRENELLE","48,8524010","2,2862530",202000043473,154 665 838,B01,2,1,0,2,1,17,5,NULL,202000043473,154 665 838,B01,1,1,4,2,1983,9,2,0,-1,0,0,-1,202000043473,4,NULL,0,NULL,2,6,1,1,0,0,1,NULL," -1",1,-1,5,50
202000043473,22,10,2020,17:30:00,1,75,75115,2,1,1,1,"QUAI DE GRENELLE","48,8524010","2,2862530",202000043473,154 665 839,A01,1,1,0,2,1,13,5,NULL,202000043473,154 665 839,A01,1,1,1,1,1988,5,2,0,-1,0,0,-1,202000043473,4,NULL,0,NULL,2,6,1,1,0,0,1,NULL," -1",1,-1,5,50
202000043473,22,10,2020,17:30:00,1,75,75115,2,1,1,1,"QUAI DE GRENELLE","48,8524010","2,2862530",202000043473,154 665 838,B01,2,1,0,2,1,17,5,NULL,202000043473,154 665 839,A01,1,1,1,1,1988,5,2,0,-1,0,0,-1,202000043473,4,NULL,0,NULL,2,6,1,1,0,0,1,NULL," -1",1,-1,5,50
202000043506,26,5,2020,19:15:00,1,69,69163,2,6,1,3,"1 Rue de la République","45,9168720","4,7749270",202000043506,154 665 780,B01,2,1,0,2,1,1,5,NULL,202000043506,154 665 779,A01,1,1,1,1,1992,1,1,-1,-1,0,0,-1,202000043506,3,51,-1,NULL,-1,2,1,1,20,0,2,NULL,8,1,0,1,50
202000043506,26,5,2020,19:15:00,1,69,69163,2,6,1,3,"1 Rue de la République","45,9168720","4,7749270",202000043506,154 665 780,B01,2,1,0,2,1,1,5,NULL,202000043506,154 665 780,B01,1,1,4,1,1980,5,2,6,-1,0,0,-1,202000043506,3,51,-1,NULL,-1,2,1,1,20,0,2,NULL,8,1,0,1,50
202000006995,28,2,2020,07:50:00,1,988,98818,2,1,1,2,"LAROQUE (PROMENADE ROGER)"," -22,3027600","166,4432100",202000006995,154 729 962,B01,3,1,0,2,7,1,5,NULL,202000006995,154 729 961,A01,1,1,1,1,1989,5,1,1,-1,0,0,-1,202000006995,4,358,0,NULL,3,4,0,1,0,0,1,NULL," -1",1,0,1,50
202000006995,28,2,2020,07:50:00,1,988,98818,2,1,1,2,"LAROQUE (PROMENADE ROGER)"," -22,3027600","166,4432100",202000006995,154 729 962,B01,3,1,0,2,7,1,5,NULL,202000006995,154 729 962,B01,1,1,4,1,1959,5,2,4,-1,-1," -1",-1,202000006995,4,358,0,NULL,3,4,0,1,0,0,1,NULL," -1",1,0,1,50
202000007807,18,6,2020,14:00:00,1,69,69388,2,2,1,2,"ETATS UNIS (DES)                    (BD)","45,7349034","4,8634163",202000007807,154 728 519,B01,2,1,0,2,4,15,0,NULL,202000007807,154 728 518,A01,1,1,4,1,1986,0,2,0,-1,-1," -1",-1,202000007807,4,"ETATS UNIS (DES)                    (BD)",0,NULL,3,6,2,1,0,0,1,NULL," -1",1,5,1,50
202000007807,18,6,2020,14:00:00,1,69,69388,2,2,1,2,"ETATS UNIS (DES)                    (BD)","45,7349034","4,8634163",202000007807,154 728 519,B01,2,1,0,2,4,15,0,NULL,202000007807,154 728 519,B01,1,1,1,1,1968,0,2,0,-1,-1," -1",-1,202000007807,4,"ETATS UNIS (DES)                    (BD)",0,NULL,3,6,2,1,0,0,1,NULL," -1",1,5,1,50
202000009670,18,6,2020,10:57:00,1,75,75111,2,7,1,-1,"BOULEVARD VOLTAIRE","48,8582420","2,3793750",202000009670,154 725 254,B01,1,1,0,2,1,1,5,NULL,202000009670,154 725 254,B01,1,1,4,2,1984,1,8,0,-1,0,0,-1,202000009670,4,NULL,0,NULL,3,2,1,1,0,0,1,NULL," -1",1,-1,5,50
202000009670,18,6,2020,10:57:00,1,75,75111,2,7,1,-1,"BOULEVARD VOLTAIRE","48,8582420","2,3793750",202000009670,154 725 254,B01,1,1,0,2,1,1,5,NULL,202000009670,154 725 255,A01,3,2,1,1,1969,5,1,0,-1,0,0,-1,202000009670,4,NULL,0,NULL,3,2,1,1,0,0,1,NULL," -1",1,-1,5,50
202000010254,20,12,2020,17:15:00,2,49,49007,2,1,1,3,"Boulevard du Bon Pasteur","47,4726700"," -0,5764900",202000010254,154 724 212,A01,1,1,0,2,1,1,5,NULL,202000010254,154 724 212,A01,1,1,4,2,2000,1,8,0,-1,-1," -1",-1,202000010254,4,"BON PASTEUR BOULEVARD",0,NULL,-1,2,0,1,(1),(1),1,NULL," -1",1,0,1,50
202000014204,18,12,2020,09:50:00,1,94,94017,2,6,1,6,"ALFRED GREVIN (R)","48,8149200","2,5199700",202000014204,154 717 327,A01,2,1,14,0,0,9,5,NULL,202000014204,154 717 327,A01,1,1,4,1,1946,0,2,8,-1,-1," -1",-1,202000014204,3,145,0,NULL,4,1,0,1,0,1,1,NULL," -1",2,0,8,50
202000017036,24,2,2020,05:50:00,5,93,93051,2,1,2,3,"LEVANT (BD)","48,8372300","2,5477000",202000017036,154 712 287,B01,-1,1,0,2,2,0,2,NULL,202000017036,154 712 286,A01,1,1,1,1,1978,1,8,0,-1,-1," -1",-1,202000017036,3,33,0,NULL,-1,2,0,2,0,1,2,NULL," -1",2,9,1,50
202000017036,24,2,2020,05:50:00,5,93,93051,2,1,2,3,"LEVANT (BD)","48,8372300","2,5477000",202000017036,154 712 287,B01,-1,1,0,2,2,0,2,NULL,202000017036,154 712 287,B01,1,1,4,1,1962,0,8,0,-1,-1," -1",-1,202000017036,3,33,0,NULL,-1,2,0,2,0,1,2,NULL," -1",2,9,1,50
202000019053,9,9,2020,08:37:00,1,91,91103,2,1,1,7,"REPUBLIQUE (BOULEVARD DE LA)","48,6078200","2,3059700",202000019053,154 708 736,A01,1,1,0,0,0,21,5,NULL,202000019053,154 708 736,A01,1,1,4,1,2004,2,2,0,-1,-1," -1",-1,202000019053,4,"REPUBLIQUE (BOULEVARD DE LA)",0,NULL,2,2,0,1,0,0,1,NULL," -1",1,0,4,50
202000020739,9,7,2020,17:30:00,1,67,67482,2,1,1,3,"ROMAINS (ROUTE DES)","48,5800500","7,7189200",202000020739,154 705 740,A01,3,1,0,2,0,1,5,NULL,202000020739,154 705 740,A01,1,1,4,2,2008,0,8,0,-1,-1," -1",-1,202000020739,4,NULL,0,NULL,1,2,2,1,0,0,1,NULL," -1",1,8,1,50
202000020739,9,7,2020,17:30:00,1,67,67482,2,1,1,3,"ROMAINS (ROUTE DES)","48,5800500","7,7189200",202000020739,154 705 740,A01,3,1,0,2,0,1,5,NULL,202000020739,154 705 741,Z01,1,1,1,1,1991,0,8,0,-1,-1," -1",-1,202000020739,4,NULL,0,NULL,1,2,2,1,0,0,1,NULL," -1",1,8,1,50
202000022101,18,12,2020,13:10:00,1,75,75105,2,1,1,2,"BOULEVARD SAINT MICHEL","48,8447940","2,3394530",202000022101,154 703 319,B01,2,1,0,2,1,18,5,NULL,202000022101,154 703 318,A01,3,2,1,1,1966,9,8,0,-1,0,0,-1,202000022101,4,NULL,0,NULL,2,3,1,2,0,0,1,NULL," -1",1,-1,6,50
202000022101,18,12,2020,13:10:00,1,75,75105,2,1,1,2,"BOULEVARD SAINT MICHEL","48,8447940","2,3394530",202000022101,154 703 319,B01,2,1,0,2,1,18,5,NULL,202000022101,154 703 318,A01,1,1,1,1,1972,4,1,8,-1,0,0,-1,202000022101,4,NULL,0,NULL,2,3,1,2,0,0,1,NULL," -1",1,-1,6,50
202000022101,18,12,2020,13:10:00,1,75,75105,2,1,1,2,"BOULEVARD SAINT MICHEL","48,8447940","2,3394530",202000022101,154 703 319,B01,2,1,0,2,1,18,5,NULL,202000022101,154 703 319,B01,1,1,4,2,1962,5,8,0,-1,0,0,-1,202000022101,4,NULL,0,NULL,2,3,1,2,0,0,1,NULL," -1",1,-1,6,50
202000024786,14,2,2020,18:18:00,1,63,63014,2,2,1,-1,"NOELLET (AVENUE JEAN)","45,7522800","3,1079300",202000024786,154 698 631,A01,0,1,0,2,1,1,5,NULL,202000024786,154 698 630,B01,1,1,1,1,1957,0,1,0,-1,-1," -1",-1,202000024786,7,805,0,NULL,2,2,0,1,(1),(1),1,NULL,4,1,0,1,50
202000024786,14,2,2020,18:18:00,1,63,63014,2,2,1,-1,"NOELLET (AVENUE JEAN)","45,7522800","3,1079300",202000024786,154 698 631,A01,0,1,0,2,1,1,5,NULL,202000024786,154 698 631,A01,1,1,3,2,2005,0,8,0,-1,0,0,-1,202000024786,7,805,0,NULL,2,2,0,1,(1),(1),1,NULL,4,1,0,1,50
202000025200,7,11,2020,18:10:00,5,92,92073,2,3,1,2,"ROOSVELT (AVENUE FRANKLIN)","48,8742058","2,2211385",202000025200,154 697 886,B01,2,1,0,2,4,14,5,NULL,202000025200,154 697 885,A01,1,1,1,1,2002,0,2,0,-1,-1," -1",-1,202000025200,3,3,0,NULL,-1,0,0,2,0,0,1,NULL," -1",1,0,8,50
202000025200,7,11,2020,18:10:00,5,92,92073,2,3,1,2,"ROOSVELT (AVENUE FRANKLIN)","48,8742058","2,2211385",202000025200,154 697 886,B01,2,1,0,2,4,14,5,NULL,202000025200,154 697 885,A01,2,2,1,1,2001,9,2,0,-1,-1," -1",-1,202000025200,3,3,0,NULL,-1,0,0,2,0,0,1,NULL," -1",1,0,8,50
202000025200,7,11,2020,18:10:00,5,92,92073,2,3,1,2,"ROOSVELT (AVENUE FRANKLIN)","48,8742058","2,2211385",202000025200,154 697 886,B01,2,1,0,2,4,14,5,NULL,202000025200,154 697 886,B01,1,1,4,2,1990,0,8,0,-1,-1," -1",-1,202000025200,3,3,0,NULL,-1,0,0,2,0,0,1,NULL," -1",1,0,8,50
202000026087,15,12,2020,16:00:00,1,75,75102,2,7,1,3,"BOULEVARD DES CAPUCINES","48,8706110","2,3320550",202000026087,154 696 366,B01,1,1,0,2,7,7,5,NULL,202000026087,154 696 365,A01,1,1,1,1,1979,4,1,0,-1,0,0,-1,202000026087,4,NULL,0,NULL,2,6,3,1,0,0,1,NULL," -1",1,-1,6,50
202000026087,15,12,2020,16:00:00,1,75,75102,2,7,1,3,"BOULEVARD DES CAPUCINES","48,8706110","2,3320550",202000026087,154 696 366,B01,1,1,0,2,7,7,5,NULL,202000026087,154 696 366,B01,1,1,4,2,1983,4,2,0,-1,0,0,-1,202000026087,4,NULL,0,NULL,2,6,3,1,0,0,1,NULL," -1",1,-1,6,50
202000028284,7,7,2020,18:30:00,1,07,07281,2,1,1,3,"ONZE NOVEMBRE (AVENUE DU)","44,9461000","4,8468000",202000028284,154 692 526,B01,3,1,0,2,7,19,0,NULL,202000028284,154 692 526,B01,1,1,4,1,1992,0,8,0,-1,-1," -1",-1,202000028284,3,86,0,NULL,2,2,0,1,51,400,3,NULL," -1",1,0,1,50