Num_Acc,jour,mois,an,hrmn,lum,dep,com,agg,int,atm,col,adr,lat,long,Num_Acc,id_vehicule,num_veh,senc,catv,obs,obsm,choc,manv,motor,occutc,Num_Acc,id_vehicule,num_veh,place,catu,grav,sexe,an_nais,trajet,secu1,secu2,secu3,locp,actp,etatp,Num_Acc,catr,voie,v1,v2,circ,nbv,vosp,prof,pr,pr1,plan,lartpc,larrout,surf,infra,situ,vma
202000028284,7,7,2020,18:30:00,1,07,07281,2,1,1,3,"ONZE NOVEMBRE (AVENUE DU)","44,9461000","4,8468000",202000028284,154 692 526,B01,3,1,0,2,7,19,0,NULL,202000028284,154 692 527,A01,1,1,1,1,1994,0,1,8,-1,-1," -1",-1,202000028284,3,86,0,NULL,2,2,0,1,51,400,3,NULL," -1",1,0,1,50
202000030292,2,7,2020,05:00:00,2,25,25632,2,1,2,6,"Chemin de la Passerelle","47,4764270","6,7706730",202000030292,154 689 017,A01,3,1,5,0,1,1,5,NULL,202000030292,154 689 017,A01,1,1,2,1,1978,5,0,-1,-1,0,0,-1,202000030292,9,NULL,-1,NULL,-1,1,1,2,(1),(1),1,NULL," -1",2,2,1,-1
202000030801,3,9,2020,12:35:00,1,63,63113,2,5,1,-1,"MOREL LADEUIL (RUE)","45,7737600","3,0753700",202000030801,154 688 186,B01,1,1,0,2,4,1,5,NULL,202000030801,154 688 186,B01,1,1,4,2,1995,1,2,-1,-1,0,0,-1,202000030801,4,NULL,0,NULL,1,2,0,1,(1),(1),2,NULL," -1",1,9,1,50
202000030801,3,9,2020,12:35:00,1,63,63113,2,5,1,-1,"MOREL LADEUIL (RUE)","45,7737600","3,0753700",202000030801,154 688 186,B01,1,1,0,2,4,1,5,NULL,202000030801,154 688 187,A01,1,1,1,2,1983,1,1,-1,-1,0,0,-1,202000030801,4,NULL,0,NULL,1,2,0,1,(1),(1),2,NULL," -1",1,9,1,50
202000033131,1,8,2020,20:00:00,1,75,75118,2,1,1,3,"RUE DE CHARTRES","48,8846850","2,3536200",202000033131,154 684 211,A01,2,1,0,2,1,14,5,NULL,202000033131,154 684 211,A01,1,1,4,1,1988,9,8,0,-1,0,0,-1,202000033131,4,NULL,0,NULL,1,1,0,1,0,0,1,NULL," -1",1,0,1,50
202000033131,1,8,2020,20:00:00,1,75,75118,2,1,1,3,"RUE DE CHARTRES","48,8846850","2,3536200",202000033131,154 684 211,A01,2,1,0,2,1,14,5,NULL,202000033131,154 684 213,B01,1,1,1,1,1988,4,1,0,-1,0,0,-1,202000033131,4,NULL,0,NULL,1,1,0,1,0,0,1,NULL," -1",1,0,1,50
202000033131,1,8,2020,20:00:00,1,75,75118,2,1,1,3,"RUE DE CHARTRES","48,8846850","2,3536200",202000033131,154 684 211,A01,2,1,0,2,1,14,5,NULL,202000033131,154 684 213,B01,2,2,1,1,1976,4,1,0,-1,0,0,-1,202000033131,4,NULL,0,NULL,1,1,0,1,0,0,1,NULL," -1",1,0,1,50
202000034618,3,9,2020,12:00:00,1,04,04217,2,3,1,3,"RD 17 / Place du mitan","44,1362570","6,1325760",202000034618,154 681 598,B01,2,1,0,0,1,21,5,NULL,202000034618,154 681 597,A01,1,1,4,1,1996,1,1,-1,-1,0,0,-1,202000034618,3,17,-1,NULL,2,2,0,1,61,200,1,NULL," -1",1,0,1,30
202000034618,3,9,2020,12:00:00,1,04,04217,2,3,1,3,"RD 17 / Place du mitan","44,1362570","6,1325760",202000034618,154 681 598,B01,2,1,0,0,1,21,5,NULL,202000034618,154 681 598,B01,1,1,4,1,1962,5,2,-1,-1,0,0,-1,202000034618,3,17,-1,NULL,2,2,0,1,61,200,1,NULL," -1",1,0,1,30
202000039767,28,6,2020,20:00:00,1,69,69034,2,1,1,3,"ST CLAIR (DE)                       (GR)","45,7865500","4,8496500",202000039767,154 672 466,B01,2,1,0,2,1,25,0,NULL,202000039767,154 672 465,A01,1,1,1,2,1974,5,1,0,-1,-1," -1",-1,202000039767,4,"ST CLAIR (DE)                       (GR)",0,NULL,1,1,0,1,0,0,1,NULL," -1",1,0,4,50
202000039767,28,6,2020,20:00:00,1,69,69034,2,1,1,3,"ST CLAIR (DE)                       (GR)","45,7865500","4,8496500",202000039767,154 672 466,B01,2,1,0,2,1,25,0,NULL,202000039767,154 672 466,B01,2,2,3,2,1994,5,8,0,-1,-1," -1",-1,202000039767,4,"ST CLAIR (DE)                       (GR)",0,NULL,1,1,0,1,0,0,1,NULL," -1",1,0,4,50
202000039767,28,6,2020,20:00:00,1,69,69034,2,1,1,3,"ST CLAIR (DE)                       (GR)","45,7865500","4,8496500",202000039767,154 672 466,B01,2,1,0,2,1,25,0,NULL,202000039767,154 672 466,B01,1,1,4,1,1983,5,8,0,-1,-1," -1",-1,202000039767,4,"ST CLAIR (DE)                       (GR)",0,NULL,1,1,0,1,0,0,1,NULL," -1",1,0,4,50
202000041573,26,5,2020,19:11:00,1,75,75114,2,1,7,3,"BOULEVARD BRUNE","48,8265910","2,3106570",202000041573,154 669 267,B01,2,1,0,2,3,1,5,NULL,202000041573,154 669 266,A01,1,1,1,1,1985,5,1,0,-1,0,0,-1,202000041573,4,NULL,0,NULL,3,2,0,1,0,0,1,NULL," -1",1,0,1,50
202000041573,26,5,2020,19:11:00,1,75,75114,2,1,7,3,"BOULEVARD BRUNE","48,8265910","2,3106570",202000041573,154 669 267,B01,2,1,0,2,3,1,5,NULL,202000041573,154 669 267,B01,1,1,4,1,1965,1,2,0,-1,0,0,-1,202000041573,4,NULL,0,NULL,3,2,0,1,0,0,1,NULL," -1",1,0,1,50
202000043475,20,10,2020,12:25:00,1,75,75115,2,1,2,3,"RUE DU COMMERCE","48,8457170","2,2947810",202000043475,154 665 836,A01,1,1,0,2,7,1,5,NULL,202000043475,154 665 834,B01,1,1,1,1,1979,9,8,0,-1,0,0,-1,202000043475,4,NULL,0,NULL,1,1,0,1,0,0,1,NULL," -1",2,0,1,50
202000043475,20,10,2020,12:25:00,1,75,75115,2,1,2,3,"RUE DU COMMERCE","48,8457170","2,2947810",202000043475,154 665 836,A01,1,1,0,2,7,1,5,NULL,202000043475,154 665 836,A01,1,1,4,2,1958,9,8,0,-1,0,0,-1,202000043475,4,NULL,0,NULL,1,1,0,1,0,0,1,NULL," -1",2,0,1,50
202000043724,1,12,2020,10:24:00,1,44,44109,2,3,8,3,"RUE FRANCOIS FARINEAU","47,2271900"," -1,5456400",202000043724,154 665 401,B01,3,1,0,2,1,1,0,NULL,202000043724,154 665 400,Z01,1,1,1,2,1983,5,8,0,-1,0,0,-1,202000043724,4,NULL,0,NULL,2,2,1,2,(1),(1),1,NULL," -1",2,0,1,50
202000043724,1,12,2020,10:24:00,1,44,44109,2,3,8,3,"RUE FRANCOIS FARINEAU","47,2271900"," -1,5456400",202000043724,154 665 401,B01,3,1,0,2,1,1,0,NULL,202000043724,154 665 401,B01,1,1,3,2,1938,3,2,0,-1,0,0,-1,202000043724,4,NULL,0,NULL,2,2,1,2,(1),(1),1,NULL," -1",2,0,1,50
202000007325,29,1,2020,18:00:00,5,67,67482,2,3,2,3,"REMPART (RUE DU)","48,5892780","7,7356370",202000007325,154 729 364,B01,2,1,0,2,0,19,5,NULL,202000007325,154 729 363,A01,1,1,1,1,1963,0,1,8,-1,-1,0,-1,202000007325,4,NULL,0,NULL,2,0,0,1,0,0,2,NULL,0,2,0,1,50
202000007325,29,1,2020,18:00:00,5,67,67482,2,3,2,3,"REMPART (RUE DU)","48,5892780","7,7356370",202000007325,154 729 364,B01,2,1,0,2,0,19,5,NULL,202000007325,154 729 364,B01,1,1,4,1,1961,0,8,0,-1,-1,0,-1,202000007325,4,NULL,0,NULL,2,0,0,1,0,0,2,NULL,0,2,0,1,50
202000008312,31,12,2020,13:45:00,1,64,64335,2,6,1,3,NOVELLA,"43,3232100"," -0,4204300",202000008312,154 727 631,B01,1,1,0,2,8,9,5,NULL,202000008312,154 727 631,B01,1,1,4,2,2006,5,8,0,-1,-1," -1",-1,202000008312,4,NULL,0,NULL,2,2,0,1,0,0,1,NULL," -1",1,0,1,50
202000008312,31,12,2020,13:45:00,1,64,64335,2,6,1,3,NOVELLA,"43,3232100"," -0,4204300",202000008312,154 727 631,B01,1,1,0,2,8,9,5,NULL,202000008312,154 727 632,A01,1,1,1,1,1933,5,1,8,-1,-1," -1",-1,202000008312,4,NULL,0,NULL,2,2,0,1,0,0,1,NULL," -1",1,0,1,50
202000008611,20,11,2020,08:20:00,1,62,62250,2,1,1,3,"LECLERC (AV. DU GAL)","50,4605800","2,9488400",202000008611,154 727 112,B01,2,1,0,2,8,1,5,NULL,202000008611,154 727 112,B01,1,1,3,2,1992,5,8,0,-1,-1," -1",-1,202000008611,4,NULL,0,NULL,2,2,0,1,0,0,1,NULL," -1",1,0,1,50
202000008611,20,11,2020,08:20:00,1,62,62250,2,1,1,3,"LECLERC (AV. DU GAL)","50,4605800","2,9488400",202000008611,154 727 112,B01,2,1,0,2,8,1,5,NULL,202000008611,154 727 113,A01,1,1,1,1,1992,2,1,0,-1,-1," -1",-1,202000008611,4,NULL,0,NULL,2,2,0,1,0,0,1,NULL," -1",1,0,1,50
202000008611,20,11,2020,08:20:00,1,62,62250,2,1,1,3,"LECLERC (AV. DU GAL)","50,4605800","2,9488400",202000008611,154 727 112,B01,2,1,0,2,8,1,5,NULL,202000008611,154 727 113,A01,3,2,1,1,2011,2,1,0,-1,-1," -1",-1,202000008611,4,NULL,0,NULL,2,2,0,1,0,0,1,NULL," -1",1,0,1,50
202000009005,29,2,2020,12:45:00,1,75,75118,2,7,2,6,"BOULEVARD DE CLICHY","48,8838800","2,3328180",202000009005,154 726 425,A01,1,1,0,1,7,1,5,NULL,202000009005,154 726 425,A01,10,3,4,2,1958,5,0,-1,-1,2,3,1,202000009005,4,NULL,0,NULL,1,1,0,1,0,0,1,NULL," -1",2,0,1,50
202000009005,29,2,2020,12:45:00,1,75,75118,2,7,2,6,"BOULEVARD DE CLICHY","48,8838800","2,3328180",202000009005,154 726 425,A01,1,1,0,1,7,1,5,NULL,202000009005,154 726 425,A01,1,1,1,2,1983,9,8,0,-1,0,0,-1,202000009005,4,NULL,0,NULL,1,1,0,1,0,0,1,NULL," -1",2,0,1,50
202000009094,15,9,2020,01:15:00,5,76,76351,2,1,1,7,"ALBERT 1ER","49,4960900","0,0934750",202000009094,154 726 265,A01,1,1,0,0,0,0,0,NULL,202000009094,154 726 265,A01,1,1,4,1,1974,0,8,0,-1,-1," -1",-1,202000009094,3,232,0,NULL,3,4,0,1,1,850,1,NULL," -1",1,0,1,50
202000011134,16,1,2020,16:30:00,2,18,18255,1,1,1,3,"RD 2151","47,0167000","2,3000000",202000011134,154 722 683,B01,1,1,0,2,0,0,5,NULL,202000011134,154 722 683,B01,1,1,3,1,1960,5,2,8,-1,-1," -1",-1,202000011134,3,"RD 2151",0,NULL,2,1,0,1,(1),(1),1,NULL," -1",1,0,1,70
202000011134,16,1,2020,16:30:00,2,18,18255,1,1,1,3,"RD 2151","47,0167000","2,3000000",202000011134,154 722 683,B01,1,1,0,2,0,0,5,NULL,202000011134,154 722 684,A01,1,1,1,2,1974,4,1,0,-1,-1," -1",-1,202000011134,3,"RD 2151",0,NULL,2,1,0,1,(1),(1),1,NULL," -1",1,0,1,70
202000011608,12,6,2020,10:20:00,1,40,40328,2,6,1,2,"27 Route des Lacs","43,7885460"," -1,3964870",202000011608,154 721 826,B01,0,1,0,2,4,16,5,NULL,202000011608,154 721 825,A01,1,1,1,2,1949,5,1,-1,-1,0,0,-1,202000011608,3,652,-1,NULL,-1,1,0,1,(1),(1),3,NULL," -1",1,0,1,50
202000011608,12,6,2020,10:20:00,1,40,40328,2,6,1,2,"27 Route des Lacs","43,7885460"," -1,3964870",202000011608,154 721 826,B01,0,1,0,2,4,16,5,NULL,202000011608,154 721 826,B01,1,1,4,2,1955,5,0,-1,-1,0,0,-1,202000011608,3,652,-1,NULL,-1,1,0,1,(1),(1),3,NULL," -1",1,0,1,50
202000013416,14,9,2020,08:40:00,1,88,88468,2,3,7,3,"35 Avenue de Verdun","47,8835820","6,7578420",202000013416,154 718 703,B01,2,1,0,2,1,1,5,NULL,202000013416,154 718 703,B01,1,1,3,1,1948,5,2,4,-1,0,0,-1,202000013416,2,66,0,NULL,2,2,0,1,25,900,1,NULL," -1",1,0,1,50
202000013416,14,9,2020,08:40:00,1,88,88468,2,3,7,3,"35 Avenue de Verdun","47,8835820","6,7578420",202000013416,154 718 703,B01,2,1,0,2,1,1,5,NULL,202000013416,154 718 704,A01,1,1,1,1,1990,9,1,-1,-1,0,0,-1,202000013416,2,66,0,NULL,2,2,0,1,25,900,1,NULL," -1",1,0,1,50
202000013852,14,8,2020,19:30:00,1,38,38530,1,1,7,2,"Rue de la Commanderie le Temple","45,6112640","5,2023700",202000013852,154 717 923,B01,0,1,0,0,4,1,5,NULL,202000013852,154 717 922,A01,1,1,1,1,1996,0,1,-1,-1,0,0,-1,202000013852,4,NULL,-1,NULL,2,2,0,1,(1),(1),1,NULL," -1",1,0,1,50
202000013852,14,8,2020,19:30:00,1,38,38530,1,1,7,2,"Rue de la Commanderie le Temple","45,6112640","5,2023700",202000013852,154 717 923,B01,0,1,0,0,4,1,5,NULL,202000013852,154 717 923,B01,1,1,4,1,1978,0,0,-1,-1,0,0,-1,202000013852,4,NULL,-1,NULL,2,2,0,1,(1),(1),1,NULL," -1",1,0,1,50
202000017191,11,9,2020,17:15:00,1,75,75106,2,2,1,2,"BOULEVARD RASPAIL","48,8467430","2,3283360",202000017191,154 712 001,A01,2,1,0,2,6,2,5,NULL,202000017191,154 712 000,B01,3,2,1,2,1968,9,1,0,-1,0,0,-1,202000017191,4,NULL,0,NULL,1,2,3,2,0,0,1,NULL," -1",1,0,1,50
202000017191,11,9,2020,17:15:00,1,75,75106,2,2,1,2,"BOULEVARD RASPAIL","48,8467430","2,3283360",202000017191,154 712 001,A01,2,1,0,2,6,2,5,NULL,202000017191,154 712 000,B01,1,1,1,1,1966,4,1,8,-1,0,0,-1,202000017191,4,NULL,0,NULL,1,2,3,2,0,0,1,NULL," -1",1,0,1,50
202000017191,11,9,2020,17:15:00,1,75,75106,2,2,1,2,"BOULEVARD RASPAIL","48,8467430","2,3283360",202000017191,154 712 001,A01,2,1,0,2,6,2,5,NULL,202000017191,154 712 001,A01,1,1,4,1,2002,5,8,0,-1,0,0,-1,202000017191,4,NULL,0,NULL,1,2,3,2,0,0,1,NULL," -1",1,0,1,50
202000023877,18,12,2020,16:45:00,1,61,61230,1,1,8,7,"La Véronnière","48,5706440","0,7587430",202000023877,154 700 213,A01,2,1,0,0,0,1,5,NULL,202000023877,154 700 213,A01,1,1,2,2,1955,1,0,-1,-1,0,0,-1,202000023877,3,609,0,NULL,2,2,0,2,3,400,3,NULL," -1",2,0,1,90
202000023999,17,12,2020,15:30:00,1,75,75109,2,5,1,3,"BOULEVARD HAUSSMANN","48,8729480","2,3332470",202000023999,154 699 991,B01,2,1,0,2,1,1,5,NULL,202000023999,154 699 991,B01,1,1,4,2,1975,3,2,0,-1,0,0,-1,202000023999,4,NULL,0,NULL,1,3,0,1,0,0,1,NULL," -1",1,0,1,50
202000023999,17,12,2020,15:30:00,1,75,75109,2,5,1,3,"BOULEVARD HAUSSMANN","48,8729480","2,3332470",202000023999,154 699 991,B01,2,1,0,2,1,1,5,NULL,202000023999,154 699 992,A01,1,1,1,1,1965,4,1,0,-1,0,0,-1,202000023999,4,NULL,0,NULL,1,3,0,1,0,0,1,NULL," -1",1,0,1,50
202000024817,20,8,2020,17:30:00,1,18,18145,2,1,1,6,"Rue de Fontbertrange","47,2280570","2,4860860",202000024817,154 698 577,A01,3,1,2,0,1,13,5,NULL,202000024817,154 698 577,A01,1,1,3,1,2005,5,0,-1,-1,0,0,-1,202000024817,4,NULL,-1,NULL,2,2,0,4,(1),(1),3,NULL," -1",1,0,3,50
202000026152,17,1,2020,08:49:00,1,77,77487,2,6,2,3,"SAINT JUST (AVENUE) - RD82E2","48,5342100","2,6839000",202000026152,154 696 252,B01,3,1,0,2,7,2,6,NULL,202000026152,154 696 251,A01,1,1,1,1,1982,1,1,0,-1,-1," -1",-1,202000026152,3,82E2,0,NULL,2,2,0,1,4,772,1,NULL," -1",2,0,1,50
202000026152,17,1,2020,08:49:00,1,77,77487,2,6,2,3,"SAINT JUST (AVENUE) - RD82E2","48,5342100","2,6839000",202000026152,154 696 252,B01,3,1,0,2,7,2,6,NULL,202000026152,154 696 252,B01,1,1,3,1,1980,1,8,0,-1,0,0,-1,202000026152,3,82E2,0,NULL,2,2,0,1,4,772,1,NULL," -1",2,0,1,50
202000028151,16,1,2020,22:20:00,5,75,75111,2,4,1,3,"AVENUE DE LA REPUBLIQUE","48,8658116","2,3715333",202000028151,154 692 769,B01,1,1,0,2,2,1,5,NULL,202000028151,154 692 769,B01,1,1,4,1,1988,5,8,2,-1,0,0,-1,202000028151,4,NULL,0,NULL,2,2,0,1,0,0,1,NULL,4,1,0,1,50
202000028151,16,1,2020,22:20:00,5,75,75111,2,4,1,3,"AVENUE DE LA REPUBLIQUE","48,8658116","2,3715333",202000028151,154 692 769,B01,1,1,0,2,2,1,5,NULL,202000028151,154 692 770,A01,1,1,1,1,1976,1,1,0,-1,0,0,-1,202000028151,4,NULL,0,NULL,2,2,0,1,0,0,1,NULL,4,1,0,1,50
202000031524,2,6,2020,20:45:00,2,68,68253,1,1,1,2,D52,"47,7748600","7,5170300",202000031524,154 686 950,B01,1,1,1,0,1,1,5,NULL,202000031524,154 686 949,A01,1,1,1,1,1975,1,0,-1,-1,0,0,-1,202000031524,3,52,0,D,2,2,1,1,9,400,1,NULL," -1",1,0,1,70
202000031524,2,6,2020,20:45:00,2,68,68253,1,1,1,2,D52,"47,7748600","7,5170300",202000031524,154 686 950,B01,1,1,1,0,1,1,5,NULL,202000031524,154 686 950,B01,1,1,4,1,1959,5,2,-1,-1,0,0,-1,202000031524,3,52,0,D,2,2,1,1,9,400,1,NULL," -1",1,0,1,70
202000032658,17,3,2020,13:45:00,1,94,94002,2,1,1,3,"BLANQUI (QU)","48,8009300","2,4223100",202000032658,154 685 028,B01,1,1,0,2,5,19,5,NULL,202000032658,154 685 026,A01,1,1,4,1,1979,5,2,0,-1,-1,0,-1,202000032658,3,138,0,NULL,1,2,0,1,(1),(1),1,NULL," -1",1,0,1,50
202000032658,17,3,2020,13:45:00,1,94,94002,2,1,1,3,"BLANQUI (QU)","48,8009300","2,4223100",202000032658,154 685 028,B01,1,1,0,2,5,19,5,NULL,202000032658,154 685 028,B01,1,1,3,2,1957,5,2,0,-1,-1,0,-1,202000032658,3,138,0,NULL,1,2,0,1,(1),(1),1,NULL," -1",1,0,1,50
202000034737,12,2,2020,12:30:00,1,14,14118,2,2,1,3,"LEROY (BOULEVARD)","49,1717900"," -0,3485700",202000034737,154 681 372,B01,1,1,0,2,8,12,5,NULL,202000034737,154 681 372,B01,1,1,4,1,2008,5,8,0,-1,0,0,-1,202000034737,4,40,0,NULL,2,0,0,1,1,0,1,NULL," -1",1,0,1,50
202000034737,12,2,2020,12:30:00,1,14,14118,2,2,1,3,"LEROY (BOULEVARD)","49,1717900"," -0,3485700",202000034737,154 681 372,B01,1,1,0,2,8,12,5,NULL,202000034737,154 681 373,A01,1,1,1,2,1954,5,1,0,-1,0,0,-1,202000034737,4,40,0,NULL,2,0,0,1,1,0,1,NULL," -1",1,0,1,50
202000035827,10,1,2020,16:10:00,1,974,97415,2,3,1,3,"Rue du Général de Gaulle"," -21,0520726","55,2277440",202000035827,154 679 427,B01,2,1,1,0,0,21,5,NULL,202000035827,154 679 427,B01,1,1,3,1,1964,0,0,-1,-1,0,0,-1,202000035827,2,2001,0,NULL,2,2,0,2,(1),(1),1,NULL," -1",1,0,1,50
202000035827,10,1,2020,16:10:00,1,974,97415,2,3,1,3,"Rue du Général de Gaulle"," -21,0520726","55,2277440",202000035827,154 679 427,B01,2,1,1,0,0,21,5,NULL,202000035827,154 679 431,A01,1,1,1,1,1979,0,1,-1,-1,0,0,-1,202000035827,2,2001,0,NULL,2,2,0,2,(1),(1),1,NULL," -1",1,0,1,50
202000037757,29,6,2020,18:35:00,1,30,30189,2,6,1,3,"LECLERC GENERAL (AVENUE)","43,8275900","4,3745800",202000037757,154 676 007,B01,3,1,0,2,7,19,0,NULL,202000037757,154 676 002,A01,1,1,1,2,1983,0,8,0,-1,-1," -1",-1,202000037757,4,"LECLERC GENERAL (AVENUE)",0,NULL,3,2,0,1,0,0,3,NULL," -1",1,0,1,50
202000037757,29,6,2020,18:35:00,1,30,30189,2,6,1,3,"LECLERC GENERAL (AVENUE)","43,8275900","4,3745800",202000037757,154 676 007,B01,3,1,0,2,7,19,0,NULL,202000037757,154 676 007,B01,1,1,3,1,1960,1,8,0,-1,-1," -1",-1,202000037757,4,"LECLERC GENERAL (AVENUE)",0,NULL,3,2,0,1,0,0,3,NULL," -1",1,0,1,50
202000037854,1,7,2020,09:35:00,1,75,75117,2,3,1,2,"BOULEVARD DES BATIGNOLLES","48,8835300","2,3268610",202000037854,154 675 832,B01,2,1,0,2,8,19,5,NULL,202000037854,154 675 831,A01,1,1,4,1,1993,1,8,0,-1,0,0,-1,202000037854,4,NULL,0,NULL,1,3,3,1,0,0,1,NULL," -1",1,0,1,30
202000037854,1,7,2020,09:35:00,1,75,75117,2,3,1,2,"BOULEVARD DES BATIGNOLLES","48,8835300","2,3268610",202000037854,154 675 831,A01,1,1,0,2,7,1,5,NULL,202000037854,154 675 831,A01,1,1,4,1,1993,1,8,0,-1,0,0,-1,202000037854,4,NULL,0,NULL,1,3,3,1,0,0,1,NULL," -1",1,0,1,30
202000037854,1,7,2020,09:35:00,1,75,75117,2,3,1,2,"BOULEVARD DES BATIGNOLLES","48,8835300","2,3268610",202000037854,154 675 832,B01,2,1,0,2,8,19,5,NULL,202000037854,154 675 832,B01,1,1,4,2,1968,9,2,0,-1,0,0,-1,202000037854,4,NULL,0,NULL,1,3,3,1,0,0,1,NULL," -1",1,0,1,30
202000037854,1,7,2020,09:35:00,1,75,75117,2,3,1,2,"BOULEVARD DES BATIGNOLLES","48,8835300","2,3268610",202000037854,154 675 831,A01,1,1,0,2,7,1,5,NULL,202000037854,154 675 832,B01,1,1,4,2,1968,9,2,0,-1,0,0,-1,202000037854,4,NULL,0,NULL,1,3,3,1,0,0,1,NULL," -1",1,0,1,30
202000038086,30,6,2020,16:09:00,1,87,87085,2,1,1,6,"AMPHITHEATRE (RUE DE)","45,8310800","1,2518100",202000038086,154 675 400,A01,1,1,0,0,1,1,5,NULL,202000038086,154 675 400,A01,1,1,4,1,2001,5,8,0,-1,-1," -1",-1,202000038086,4,"AMPHITHEATRE (RUE DE)",0,NULL,3,4,0,1,0,0,1,NULL," -1",1,0,1,50
202000038652,7,1,2020,15:45:00,1,32,32163,1,1,7,2,D373,"43,5853606","0,0288275",202000038652,154 674 430,B01,1,1,0,0,0,1,5,NULL,202000038652,154 674 428,A01,1,1,1,1,1989,4,1,-1,-1,0,0,-1,202000038652,3,373,-1,NULL,2,2,0,1,2,500,1,NULL," -1",1,0,1,80
202000038652,7,1,2020,15:45:00,1,32,32163,1,1,7,2,D373,"43,5853606","0,0288275",202000038652,154 674 430,B01,1,1,0,0,0,1,5,NULL,202000038652,154 674 430,B01,1,1,3,2,1954,0,0,-1,-1,0,0,-1,202000038652,3,373,-1,NULL,2,2,0,1,2,500,1,NULL," -1",1,0,1,80
202000039558,25,9,2020,22:20:00,5,35,35238,2,1,1,6,"BRETAGNE (PLACE DE)","48,1092930"," -1,6845560",202000039558,154 672 821,A01,1,1,0,1,1,1,5,NULL,202000039558,154 672 821,A01,10,3,4,2,1967,5,0,-1,-1,4,3,1,202000039558,4,"BRETAGNE (PLACE DE)",0,NULL,3,4,2,1,0,0,1,NULL," -1",1,5,1,50
202000039558,25,9,2020,22:20:00,5,35,35238,2,1,1,6,"BRETAGNE (PLACE DE)","48,1092930"," -1,6845560",202000039558,154 672 821,A01,1,1,0,1,1,1,5,NULL,202000039558,154 672 821,A01,1,1,1,1,1993,4,2,8,-1,-1," -1",-1,202000039558,4,"BRETAGNE (PLACE DE)",0,NULL,3,4,2,1,0,0,1,NULL," -1",1,5,1,50
202000042079,25,7,2020,21:00:00,2,84,84053,1,4,1,3,"Route de Grignan","44,3973330","4,9200300",202000042079,154 668 378,B01,0,1,0,2,8,1,5,NULL,202000042079,154 668 378,B01,1,1,3,1,1982,5,2,-1,-1,0,0,-1,202000042079,3,941,-1,NULL,3,1,0,2,(1),(1),2,NULL," -1",1,0,1,80
202000042079,25,7,2020,21:00:00,2,84,84053,1,4,1,3,"Route de Grignan","44,3973330","4,9200300",202000042079,154 668 378,B01,0,1,0,2,8,1,5,NULL,202000042079,154 668 379,A01,1,1,1,1,1955,5,1,-1,-1,0,0,-1,202000042079,3,941,-1,NULL,3,1,0,2,(1),(1),2,NULL," -1",1,0,1,80
202000043395,25,5,2020,13:45:00,1,51,51058,2,3,7,3,"Impasse des Alouettes","49,2266534","3,9939513",202000043395,154 665 974,B01,1,1,0,2,3,19,5,NULL,202000043395,154 665 974,B01,1,1,4,1,2001,1,8,-1,-1,-1," -1",-1,202000043395,4,NULL,0,NULL,2,2,0,1,(1),(1),1,NULL," -1",1,0,1,50
202000043395,25,5,2020,13:45:00,1,51,51058,2,3,7,3,"Impasse des Alouettes","49,2266534","3,9939513",202000043395,154 665 974,B01,1,1,0,2,3,19,5,NULL,202000043395,154 665 975,A01,1,1,1,2,1995,5,1,-1,-1,-1," -1",-1,202000043395,4,NULL,0,NULL,2,2,0,1,(1),(1),1,NULL," -1",1,0,1,50
202000044153,25,2,2020,11:30:00,1,83,83001,2,6,1,3,"Rond-point du Violon","43,5294040","6,8210400",202000044153,154 664 654,B01,1,1,0,2,1,15,5,NULL,202000044153,154 664 653,A01,1,1,1,1,1938,5,8,-1,-1,0,0,-1,202000044153,3,837,-1,NULL,2,2,0,1,0,(1),3,NULL,4,1,0,1,50
202000044153,25,2,2020,11:30:00,1,83,83001,2,6,1,3,"Rond-point du Violon","43,5294040","6,8210400",202000044153,154 664 654,B01,1,1,0,2,1,15,5,NULL,202000044153,154 664 654,B01,1,1,4,1,1952,5,2,-1,-1,0,0,-1,202000044153,3,837,-1,NULL,2,2,0,1,0,(1),3,NULL,4,1,0,1,50
202000045164,25,7,2020,03:15:00,5,33,33063,2,2,1,3,"BD PIERRE 1ER / RUE CROIX DE SEGUEY","44,8539340"," -0,5932920",202000045164,154 662 855,B01,1,1,0,2,1,1,5,NULL,202000045164,154 662 854,A01,1,1,1,1,1998,0,8,-1,-1,-1," -1",-1,202000045164,4,"BD PIERRE 1ER",0,NULL,3,6,2,1,(1),(1),1,NULL," -1",1,5,1,50
202000045164,25,7,2020,03:15:00,5,33,33063,2,2,1,3,"BD PIERRE 1ER / RUE CROIX DE SEGUEY","44,8539340"," -0,5932920",202000045164,154 662 855,B01,1,1,0,2,1,1,5,NULL,202000045164,154 662 855,B01,1,1,3,2,1994,0,8,-1,-1,-1," -1",-1,202000045164,4,"BD PIERRE 1ER",0,NULL,3,6,2,1,(1),(1),1,NULL," -1",1,5,1,50
202000045464,30,11,2020,14:00:00,1,50,50602,2,3,1,3,"BRIAND (RUE ARISTIDE)","49,6474300"," -1,5912500",202000045464,154 662 347,A01,0,1,0,2,1,19,5,NULL,202000045464,154 662 347,A01,1,1,4,1,1999,2,8,0,-1,-1," -1",-1,202000045464,4,"BRIAND (RUE ARISTIDE)",0,NULL,2,2,1,1,0,0,1,NULL," -1",1,0,1,50