Num_Acc,jour,mois,an,hrmn,lum,dep,com,agg,int,atm,col,adr,lat,long,Num_Acc,id_vehicule,num_veh,senc,catv,obs,obsm,choc,manv,motor,occutc,Num_Acc,id_vehicule,num_veh,place,catu,grav,sexe,an_nais,trajet,secu1,secu2,secu3,locp,actp,etatp,Num_Acc,catr,voie,v1,v2,circ,nbv,vosp,prof,pr,pr1,plan,lartpc,larrout,surf,infra,situ,vma
202000045464,30,11,2020,14:00:00,1,50,50602,2,3,1,3,"BRIAND (RUE ARISTIDE)","49,6474300"," -1,5912500",202000045464,154 662 347,A01,0,1,0,2,1,19,5,NULL,202000045464,154 662 348,B01,1,1,1,1,1998,5,1,0,-1,-1," -1",-1,202000045464,4,"BRIAND (RUE ARISTIDE)",0,NULL,2,2,1,1,0,0,1,NULL," -1",1,0,1,50
202000047397,24,7,2020,22:10:00,5,75,75112,2,3,1,3,"RUE DE LYON","48,8514360","2,3699140",202000047397,154 658 968,B01,1,1,0,2,1,14,5,NULL,202000047397,154 658 968,B01,1,1,4,1,1999,1,2,0,-1,0,0,-1,202000047397,4,NULL,0,NULL,2,6,3,1,0,0,1,NULL," -1",1,-1,6,50
202000047397,24,7,2020,22:10:00,5,75,75112,2,3,1,3,"RUE DE LYON","48,8514360","2,3699140",202000047397,154 658 968,B01,1,1,0,2,1,14,5,NULL,202000047397,154 658 969,A01,1,1,1,1,1970,4,1,0,-1,0,0,-1,202000047397,4,NULL,0,NULL,2,6,3,1,0,0,1,NULL," -1",1,-1,6,50
202000006598,24,11,2020,19:00:00,4,971,97122,2,2,1,1,"Rue Robert Loyson","16,4166350"," -61,5286360",202000006598,154 730 641,B01,3,1,0,2,1,13,5,NULL,202000006598,154 730 640,A01,1,1,1,1,1983,9,1,-1,-1,0,0,-1,202000006598,4,NULL,0,NULL,2,2,0,1,(1),(1),1,NULL," -1",1,5,1,50
202000006598,24,11,2020,19:00:00,4,971,97122,2,2,1,1,"Rue Robert Loyson","16,4166350"," -61,5286360",202000006598,154 730 641,B01,3,1,0,2,1,13,5,NULL,202000006598,154 730 641,B01,1,1,3,1,1970,5,0,-1,-1,0,0,-1,202000006598,4,NULL,0,NULL,2,2,0,1,(1),(1),1,NULL," -1",1,5,1,50
202000007601,20,7,2020,14:55:00,1,75,75109,2,2,1,3,"BOULEVARD DES ITALIENS","48,8712760","2,3359300",202000007601,154 728 869,A01,1,1,0,2,8,15,5,NULL,202000007601,154 728 869,A01,1,1,4,2,1989,9,2,0,-1,0,0,-1,202000007601,4,NULL,0,NULL,2,4,0,1,0,0,1,NULL," -1",1,0,1,50
202000007601,20,7,2020,14:55:00,1,75,75109,2,2,1,3,"BOULEVARD DES ITALIENS","48,8712760","2,3359300",202000007601,154 728 869,A01,1,1,0,2,8,15,5,NULL,202000007601,154 728 870,B01,1,1,1,1,1958,9,2,6,-1,0,0,-1,202000007601,4,NULL,0,NULL,2,4,0,1,0,0,1,NULL," -1",1,0,1,50
202000008765,15,5,2020,08:15:00,1,75,75116,2,4,1,3,"AVENUE DE LA PORTE DE SAINT CLOUD","48,8385930","2,2522660",202000008765,154 726 842,B01,1,1,0,2,3,1,5,NULL,202000008765,154 726 842,B01,1,1,4,1,1958,1,2,0,-1,0,0,-1,202000008765,4,NULL,0,NULL,2,6,0,1,0,0,1,NULL," -1",1,0,1,50
202000008765,15,5,2020,08:15:00,1,75,75116,2,4,1,3,"AVENUE DE LA PORTE DE SAINT CLOUD","48,8385930","2,2522660",202000008765,154 726 842,B01,1,1,0,2,3,1,5,NULL,202000008765,154 726 843,A01,1,1,1,2,1972,1,1,0,-1,0,0,-1,202000008765,4,NULL,0,NULL,2,6,0,1,0,0,1,NULL," -1",1,0,1,50
202000009889,13,10,2020,12:36:00,1,06,06069,2,1,1,7,"SIDI BRAHIM (AVENUE)","43,6498800","6,9309600",202000009889,154 724 858,A01,1,1,0,0,0,0,5,NULL,202000009889,154 724 858,A01,1,1,4,2,1966,0,8,0,-1,-1," -1",-1,202000009889,4,"SIDI BRAHIM (AVENUE)",0,NULL,2,2,0,2,0,0,1,NULL," -1",1,0,1,50
202000010115,10,8,2020,19:22:00,1,05,05061,2,1,2,7,"FAURE DU  SERRE ( RUE )","44,5614400","6,0814000",202000010115,154 724 457,A01,2,1,0,0,0,25,5,NULL,202000010115,154 724 457,A01,1,1,4,1,2005,5,0,-1,-1,0,0,-1,202000010115,3,994,0,NULL,1,2,0,1,70,115,1,NULL," -1",2,0,4,50
202000012515,18,11,2020,12:14:00,1,68,68066,2,1,1,2,"REY (AVENUE JOSEPH)","48,0945700","7,3642300",202000012515,154 720 264,B01,2,1,0,2,4,19,5,NULL,202000012515,154 720 263,A01,1,1,1,1,2000,9,1,0,-1,-1," -1",-1,202000012515,4,"REY (AVENUE JOSEPH)",0,NULL,3,4,1,1,(1),(1),1,NULL," -1",1,0,5,50
202000012515,18,11,2020,12:14:00,1,68,68066,2,1,1,2,"REY (AVENUE JOSEPH)","48,0945700","7,3642300",202000012515,154 720 264,B01,2,1,0,2,4,19,5,NULL,202000012515,154 720 264,B01,1,1,3,1,1960,0,2,0,-1,-1," -1",-1,202000012515,4,"REY (AVENUE JOSEPH)",0,NULL,3,4,1,1,(1),(1),1,NULL," -1",1,0,5,50
202000017160,11,9,2020,17:00:00,1,38,38421,2,1,1,1,"Rue Jules Flandrin","45,1879600","5,7479400",202000017160,154 712 062,B01,1,1,0,0,3,19,6,NULL,202000017160,154 712 062,B01,1,1,4,1,2000,0,2,0,-1,-1," -1",-1,202000017160,3,1087,0,NULL,2,4,0,1,2,625,1,NULL," -1",1,0,1,50
202000017160,11,9,2020,17:00:00,1,38,38421,2,1,1,1,"Rue Jules Flandrin","45,1879600","5,7479400",202000017160,154 712 062,B01,1,1,0,0,3,19,6,NULL,202000017160,154 712 063,A01,1,1,1,1,1960,4,8,0,-1,-1," -1",-1,202000017160,3,1087,0,NULL,2,4,0,1,2,625,1,NULL," -1",1,0,1,50
202000017366,12,6,2020,11:35:00,1,67,67204,2,1,1,1,"ROBERTSAU (IMPASSE DE LA)","48,6208640","7,7610110",202000017366,154 711 684,A01,1,1,0,2,3,13,5,NULL,202000017366,154 711 684,A01,1,1,1,1,1970,0,2,0,-1,-1," -1",-1,202000017366,4,NULL,0,NULL,2,2,1,1,0,0,1,NULL," -1",1,-1,5,35
202000017366,12,6,2020,11:35:00,1,67,67204,2,1,1,1,"ROBERTSAU (IMPASSE DE LA)","48,6208640","7,7610110",202000017366,154 711 684,A01,1,1,0,2,3,13,5,NULL,202000017366,154 711 685,B01,1,1,3,1,1960,0,8,0,-1,-1," -1",-1,202000017366,4,NULL,0,NULL,2,2,1,1,0,0,1,NULL," -1",1,-1,5,35
202000018240,14,11,2020,19:00:00,5,75,75105,2,1,1,3,"RUE DAUBENTON","48,8414960","2,3553170",202000018240,154 710 147,B01,1,1,0,2,8,1,5,NULL,202000018240,154 710 146,A01,1,1,4,1,1977,9,2,6,-1,0,0,-1,202000018240,4,NULL,0,NULL,2,2,0,1,0,0,1,NULL," -1",1,0,1,50
202000018240,14,11,2020,19:00:00,5,75,75105,2,1,1,3,"RUE DAUBENTON","48,8414960","2,3553170",202000018240,154 710 147,B01,1,1,0,2,8,1,5,NULL,202000018240,154 710 147,B01,1,1,1,1,2001,9,8,0,-1,0,0,-1,202000018240,4,NULL,0,NULL,2,2,0,1,0,0,1,NULL," -1",1,0,1,50
202000018750,12,7,2020,13:15:00,1,75,75107,2,2,1,3,"RUE DE SEVRES","48,8468460","2,3166980",202000018750,154 709 268,A01,1,1,0,2,1,1,5,NULL,202000018750,154 709 267,B01,1,1,4,2,1984,1,2,0,-1,0,0,-1,202000018750,4,NULL,0,NULL,2,4,1,1,0,0,3,NULL," -1",1,-1,5,50
202000018750,12,7,2020,13:15:00,1,75,75107,2,2,1,3,"RUE DE SEVRES","48,8468460","2,3166980",202000018750,154 709 268,A01,1,1,0,2,1,1,5,NULL,202000018750,154 709 268,A01,1,1,4,1,1991,9,2,0,-1,0,0,-1,202000018750,4,NULL,0,NULL,2,4,1,1,0,0,3,NULL," -1",1,-1,5,50
202000019077,22,8,2020,23:45:00,5,54,54395,2,1,1,2,"STANISLAS (RUE)","48,6913662","6,1761744",202000019077,154 708 686,B01,3,1,0,2,4,1,5,NULL,202000019077,154 708 686,B01,1,1,4,1,1989,0,2,0,-1,-1," -1",-1,202000019077,4,NULL,0,NULL,1,2,3,1,(1),(1),1,NULL," -1",1,0,1,50
202000019373,10,6,2020,09:05:00,1,973,97302,2,1,1,-1,"REPUBLIQUE (BD DE LA)","4,9384511"," -52,3211002",202000019373,154 708 130,B01,1,1,0,2,1,2,5,NULL,202000019373,154 708 130,B01,1,1,4,1,1999,0,8,0,-1,-1," -1",-1,202000019373,4,"Boulevard de la republique",0,NULL,1,1,0,1,(1),(1),2,NULL," -1",1,0,1,50
202000019373,10,6,2020,09:05:00,1,973,97302,2,1,1,-1,"REPUBLIQUE (BD DE LA)","4,9384511"," -52,3211002",202000019373,154 708 130,B01,1,1,0,2,1,2,5,NULL,202000019373,154 708 131,A01,1,1,1,2,1949,0,1,0,-1,-1," -1",-1,202000019373,4,"Boulevard de la republique",0,NULL,1,1,0,1,(1),(1),2,NULL," -1",1,0,1,50
202000019856,22,12,2020,14:15:00,1,40,40228,1,3,1,1,D15,"43,6291400"," -0,8207880",202000019856,154 707 271,B01,0,1,0,2,1,1,5,NULL,202000019856,154 707 271,B01,1,1,2,1,1960,5,2,-1,-1,0,0,-1,202000019856,3,15,-1,NULL,2,2,0,1,(1),(1),3,NULL," -1",1,0,1,80
202000019856,22,12,2020,14:15:00,1,40,40228,1,3,1,1,D15,"43,6291400"," -0,8207880",202000019856,154 707 271,B01,0,1,0,2,1,1,5,NULL,202000019856,154 707 272,A01,1,1,1,1,1942,5,1,-1,-1,0,0,-1,202000019856,3,15,-1,NULL,2,2,0,1,(1),(1),3,NULL," -1",1,0,1,80
202000023605,22,10,2020,10:45:00,1,22,22113,2,9,1,1,"FRERES LAGADEC (RUE DES)","48,7260083"," -3,4697388",202000023605,154 700 715,A01,3,1,0,2,1,26,5,NULL,202000023605,154 700 715,A01,1,1,4,2,2004,5,8,0,-1,-1," -1",-1,202000023605,4,"FRERES LAGADEC (RUE DES)",0,NULL,2,2,0,2,1,0,1,NULL," -1",2,0,1,50
202000023605,22,10,2020,10:45:00,1,22,22113,2,9,1,1,"FRERES LAGADEC (RUE DES)","48,7260083"," -3,4697388",202000023605,154 700 715,A01,3,1,0,2,1,26,5,NULL,202000023605,154 700 716,B01,1,1,1,1,1956,5,1,0,-1,-1," -1",-1,202000023605,4,"FRERES LAGADEC (RUE DES)",0,NULL,2,2,0,2,1,0,1,NULL," -1",2,0,1,50
202000024828,7,9,2020,17:45:00,1,68,68118,2,3,1,3,"2 Rue du Vorbourg","47,7315590","7,4168280",202000024828,154 698 554,B01,1,1,0,2,1,19,5,NULL,202000024828,154 698 554,B01,1,1,4,1,1962,1,2,-1,-1,0,0,-1,202000024828,3,201,0,NULL,2,2,1,1,43,450,1,NULL," -1",1,0,1,50
202000024828,7,9,2020,17:45:00,1,68,68118,2,3,1,3,"2 Rue du Vorbourg","47,7315590","7,4168280",202000024828,154 698 554,B01,1,1,0,2,1,19,5,NULL,202000024828,154 698 555,A01,1,1,1,2,1968,1,1,-1,-1,0,0,-1,202000024828,3,201,0,NULL,2,2,1,1,43,450,1,NULL," -1",1,0,1,50
202000025129,7,6,2020,10:20:00,1,31,31022,2,1,1,3,"46 Route de Fronton","43,6711270","1,4272890",202000025129,154 698 002,B01,1,1,0,2,1,11,5,NULL,202000025129,154 697 998,A01,1,1,1,1,1953,3,1,-1,-1,0,0,-1,202000025129,3,4,0,D,2,2,2,1,(1),(1),1,NULL," -1",1,0,1,50
202000025129,7,6,2020,10:20:00,1,31,31022,2,1,1,3,"46 Route de Fronton","43,6711270","1,4272890",202000025129,154 698 002,B01,1,1,0,2,1,11,5,NULL,202000025129,154 698 002,B01,1,1,3,1,1934,3,0,-1,-1,0,0,-1,202000025129,3,4,0,D,2,2,2,1,(1),(1),1,NULL," -1",1,0,1,50
202000027536,4,6,2020,10:05:00,1,63,63164,2,6,1,3,"Patural/sous les ors","45,8271374","3,1508780",202000027536,154 693 853,B01,2,1,0,2,2,1,5,NULL,202000027536,154 693 848,A01,1,1,1,2,1946,3,1,8,-1,0,0,-1,202000027536,4,NULL,0,NULL,2,2,0,1,(1),(1),1,NULL," -1",1,0,1,30
202000027536,4,6,2020,10:05:00,1,63,63164,2,6,1,3,"Patural/sous les ors","45,8271374","3,1508780",202000027536,154 693 853,B01,2,1,0,2,2,1,5,NULL,202000027536,154 693 853,B01,1,1,3,1,1950,5,2,8,-1,0,0,-1,202000027536,4,NULL,0,NULL,2,2,0,1,(1),(1),1,NULL," -1",1,0,1,30
202000028107,3,1,2020,14:00:00,1,33,33192,2,6,1,1,"RTE DE CANEJAN / CHEM D'ORNON","44,7657600"," -0,6388900",202000028107,154 692 849,B01,2,1,0,2,1,1,5,NULL,202000028107,154 692 848,A01,1,1,1,1,1983,0,1,-1,-1,-1,0,-1,202000028107,4,"RTE DE CANEJAN",0,NULL,2,2,0,1,(1),(1),3,NULL," -1",1,9,1,50
202000028107,3,1,2020,14:00:00,1,33,33192,2,6,1,1,"RTE DE CANEJAN / CHEM D'ORNON","44,7657600"," -0,6388900",202000028107,154 692 849,B01,2,1,0,2,1,1,5,NULL,202000028107,154 692 849,B01,1,1,4,1,1957,0,8,-1,-1,-1,0,-1,202000028107,4,"RTE DE CANEJAN",0,NULL,2,2,0,1,(1),(1),3,NULL," -1",1,9,1,50
202000028344,7,7,2020,09:20:00,1,92,92026,2,6,1,3,"JEAN MERMOZ (SQUARE ET PLACE)","48,9025731","2,2745776",202000028344,154 692 416,B01,2,1,0,2,8,0,5,NULL,202000028344,154 692 416,B01,1,1,4,2,1979,0,8,0,-1,-1," -1",-1,202000028344,3,9,0,NULL,2,4,0,1,0,0,1,NULL," -1",1,0,8,30
202000028344,7,7,2020,09:20:00,1,92,92026,2,6,1,3,"JEAN MERMOZ (SQUARE ET PLACE)","48,9025731","2,2745776",202000028344,154 692 416,B01,2,1,0,2,8,0,5,NULL,202000028344,154 692 417,A01,1,1,1,1,1966,1,1,5,-1,-1," -1",-1,202000028344,3,9,0,NULL,2,4,0,1,0,0,1,NULL," -1",1,0,8,30
202000028658,15,2,2020,11:35:00,1,14,14118,2,2,1,-1,"NOVEMBRE (RUE DU 11)","49,1777700"," -0,3575500",202000028658,154 691 851,B01,1,1,0,2,1,1,5,NULL,202000028658,154 691 851,B01,1,1,4,1,1971,1,8,0,-1,-1," -1",-1,202000028658,4,15,0,NULL,2,2,0,1,1,0,1,NULL," -1",2,0,1,50
202000028658,15,2,2020,11:35:00,1,14,14118,2,2,1,-1,"NOVEMBRE (RUE DU 11)","49,1777700"," -0,3575500",202000028658,154 691 851,B01,1,1,0,2,1,1,5,NULL,202000028658,154 691 852,A01,1,1,1,1,1989,5,1,0,-1,-1," -1",-1,202000028658,4,15,0,NULL,2,2,0,1,1,0,1,NULL," -1",2,0,1,50
202000029638,29,5,2020,15:45:00,1,76,76486,1,1,1,7,"RD 932 (AVENUE DU CIRCUIT)","49,3244100","0,9990600",202000029638,154 690 168,A01,1,1,0,0,0,1,5,NULL,202000029638,154 690 168,A01,1,1,3,1,1955,5,2,0,-1,-1," -1",-1,202000029638,3,"RD 938 ",0,NULL,2,2,0,2,3,800,4,NULL," -1",1,0,1,70
202000032125,11,1,2020,17:10:00,1,19,19031,2,3,1,3,"FENELON (RUE)","45,1591100","1,5091900",202000032125,154 685 906,A01,2,1,0,2,0,9,5,NULL,202000032125,154 685 906,A01,1,1,4,1,1992,9,2,4,-1,-1,0,-1,202000032125,4,"FENELON (RUE)",0,NULL,2,2,0,1,0,0,1,NULL," -1",1,0,1,50
202000032125,11,1,2020,17:10:00,1,19,19031,2,3,1,3,"FENELON (RUE)","45,1591100","1,5091900",202000032125,154 685 906,A01,2,1,0,2,0,9,5,NULL,202000032125,154 685 907,B01,1,1,1,1,2001,9,1,0,-1,-1," -1",-1,202000032125,4,"FENELON (RUE)",0,NULL,2,2,0,1,0,0,1,NULL," -1",1,0,1,50
202000033365,31,7,2020,19:15:00,1,06,06091,2,1,1,-1,"Boulevard Aristide Briand","43,8033100","7,4004020",202000033365,154 683 788,B01,0,1,1,0,1,0,5,NULL,202000033365,154 683 787,A01,1,1,1,2,1971,0,0,-1,-1,0,0,-1,202000033365,3,53,-1,NULL,2,2,0,2,6,515,1,NULL," -1",1,0,1,50
202000033365,31,7,2020,19:15:00,1,06,06091,2,1,1,-1,"Boulevard Aristide Briand","43,8033100","7,4004020",202000033365,154 683 788,B01,0,1,1,0,1,0,5,NULL,202000033365,154 683 788,B01,1,1,3,1,1950,5,2,-1,-1,0,0,-1,202000033365,3,53,-1,NULL,2,2,0,2,6,515,1,NULL," -1",1,0,1,50
202000034129,2,7,2020,19:50:00,1,67,67482,2,1,1,3,"SCHIRMECK (ROUTE DE)","48,5641680","7,7053830",202000034129,154 682 444,B01,1,1,1,0,1,1,0,NULL,202000034129,154 682 444,B01,1,1,4,1,1994,4,8,0,-1,-1," -1",-1,202000034129,7,392,0,NULL,2,3,1,1,53,700,1,NULL," -1",1,0,5,50
202000034129,2,7,2020,19:50:00,1,67,67482,2,1,1,3,"SCHIRMECK (ROUTE DE)","48,5641680","7,7053830",202000034129,154 682 444,B01,1,1,1,0,1,1,0,NULL,202000034129,154 682 445,A01,1,1,1,1,1972,0,8,0,-1,-1," -1",-1,202000034129,7,392,0,NULL,2,3,1,1,53,700,1,NULL," -1",1,0,5,50
202000035227,1,6,2020,10:25:00,1,16,16287,1,6,1,3,"Ld Chantoiseau","45,5775230","0,0339250",202000035227,154 680 510,B01,2,1,0,2,5,16,5,NULL,202000035227,154 680 508,A01,1,1,1,1,1941,3,1,-1,-1,0,0,-1,202000035227,3,7,-1,NULL,1,1,0,1,11,710,2,"8,8","7,8",1,5,1,50
202000035227,1,6,2020,10:25:00,1,16,16287,1,6,1,3,"Ld Chantoiseau","45,5775230","0,0339250",202000035227,154 680 510,B01,2,1,0,2,5,16,5,NULL,202000035227,154 680 510,B01,1,1,2,1,1954,5,2,-1,-1,0,0,-1,202000035227,3,7,-1,NULL,1,1,0,1,11,710,2,"8,8","7,8",1,5,1,50
202000040145,11,3,2020,23:20:00,5,75,75101,2,5,1,6,"RUE DE RIVOLI","48,8588008","2,3474576",202000040145,154 671 811,A01,2,1,12,0,2,14,5,NULL,202000040145,154 671 811,A01,1,1,4,1,1989,5,8,0,-1,0,0,-1,202000040145,4,NULL,0,NULL,2,3,2,1,0,0,1,NULL," -1",1,0,5,50
202000042030,28,8,2020,05:00:00,5,72,72008,2,1,3,2,"96 Boulevard Pierre Lefaucheux","47,9521960","0,1806740",202000042030,154 668 462,B01,1,1,0,0,4,1,5,NULL,202000042030,154 668 461,A01,1,1,1,1,1995,1,1,-1,-1,0,0,-1,202000042030,3,d147,-1,S,3,4,0,1,(1),(1),1,NULL," -1",2,0,1,70
202000042030,28,8,2020,05:00:00,5,72,72008,2,1,3,2,"96 Boulevard Pierre Lefaucheux","47,9521960","0,1806740",202000042030,154 668 462,B01,1,1,0,0,4,1,5,NULL,202000042030,154 668 462,B01,1,1,2,1,1998,1,0,-1,-1,0,0,-1,202000042030,3,d147,-1,S,3,4,0,1,(1),(1),1,NULL," -1",2,0,1,70
202000042126,26,8,2020,20:07:00,2,54,54482,2,2,1,3,"BARROIS (PLACE GERARD)","48,6995080","6,2043639",202000042126,154 668 286,A01,3,1,0,2,1,1,5,NULL,202000042126,154 668 286,A01,1,1,4,1,1995,1,8,0,-1,-1," -1",-1,202000042126,4,NULL,0,NULL,2,4,3,1,0,0,1,NULL," -1",1,0,1,50
202000042126,26,8,2020,20:07:00,2,54,54482,2,2,1,3,"BARROIS (PLACE GERARD)","48,6995080","6,2043639",202000042126,154 668 286,A01,3,1,0,2,1,1,5,NULL,202000042126,154 668 287,B01,1,1,1,1,1982,1,1,0,-1,0,0,-1,202000042126,4,NULL,0,NULL,2,4,3,1,0,0,1,NULL," -1",1,0,1,50
202000042329,9,3,2020,07:29:00,2,49,49007,2,1,1,3,RABELAIS,"47,4583500"," -0,5450400",202000042329,154 667 899,B01,2,1,0,2,0,0,5,NULL,202000042329,154 667 899,B01,1,1,4,1,1993,1,8,0,-1,-1," -1",-1,202000042329,4,RABELAIS,0,NULL,2,2,0,1,0,0,1,NULL," -1",1,0,1,60
202000042329,9,3,2020,07:29:00,2,49,49007,2,1,1,3,RABELAIS,"47,4583500"," -0,5450400",202000042329,154 667 899,B01,2,1,0,2,0,0,5,NULL,202000042329,154 667 900,A01,1,1,1,1,1996,0,1,8,-1,-1," -1",-1,202000042329,4,RABELAIS,0,NULL,2,2,0,1,0,0,1,NULL," -1",1,0,1,60
202000044920,5,2,2020,08:07:00,1,06,06105,2,6,1,3,"Route Departementale 2085","43,6650160","7,0526490",202000044920,154 663 277,B01,1,1,0,2,7,12,5,NULL,202000044920,154 663 277,B01,1,1,3,1,1970,5,2,-1,-1,0,0,-1,202000044920,3,2085,-1,NULL,1,2,0,1,14,620,2,NULL," -1",1,5,1,50
202000044920,5,2,2020,08:07:00,1,06,06105,2,6,1,3,"Route Departementale 2085","43,6650160","7,0526490",202000044920,154 663 277,B01,1,1,0,2,7,12,5,NULL,202000044920,154 663 284,A01,1,1,1,2,2000,1,1,-1,-1,0,0,-1,202000044920,3,2085,-1,NULL,1,2,0,1,14,620,2,NULL," -1",1,5,1,50
202000006717,25,11,2020,15:55:00,1,26,26084,1,1,1,7,"515 Route de Vialon","44,9921120","4,9173400",202000006717,154 730 439,A01,0,1,0,0,0,1,5,NULL,202000006717,154 730 439,A01,1,1,2,1,1938,5,2,-1,-1,0,0,-1,202000006717,4,"515 Route du Vialon",-1,NULL,-1,2,0,2,(1),(1),1,NULL," -1",1,0,1,50
202000007516,18,6,2020,15:55:00,1,66,66136,2,3,1,3,"DE BONNEFOY ( RUE LOUIS)","42,6763200","2,8806600",202000007516,154 729 014,A01,1,1,0,2,1,19,5,NULL,202000007516,154 729 014,A01,1,1,4,1,2004,5,8,0,-1,-1," -1",-1,202000007516,4,"DE BONNEFOY ( RUE LOUIS)",0,NULL,2,2,0,1,0,0,1,NULL," -1",1,0,1,50
202000007516,18,6,2020,15:55:00,1,66,66136,2,3,1,3,"DE BONNEFOY ( RUE LOUIS)","42,6763200","2,8806600",202000007516,154 729 014,A01,1,1,0,2,1,19,5,NULL,202000007516,154 729 015,B01,1,1,1,1,1989,5,1,0,-1,-1," -1",-1,202000007516,4,"DE BONNEFOY ( RUE LOUIS)",0,NULL,2,2,0,1,0,0,1,NULL," -1",1,0,1,50
202000009378,28,1,2020,17:00:00,1,83,83137,2,1,1,1,"15EME CORPS (AVE DU)","43,1285490","5,9128090",202000009378,154 725 762,B01,2,1,0,2,1,1,5,NULL,202000009378,154 725 762,B01,1,1,4,1,1965,0,2,8,-1,-1,0,-1,202000009378,3,8,0,NULL,2,2,0,1,27,600,1,NULL," -1",1,0,1,50
202000009378,28,1,2020,17:00:00,1,83,83137,2,1,1,1,"15EME CORPS (AVE DU)","43,1285490","5,9128090",202000009378,154 725 762,B01,2,1,0,2,1,1,5,NULL,202000009378,154 725 763,A01,10,3,4,1,2000,1,8,8,-1,4,3,1,202000009378,3,8,0,NULL,2,2,0,1,27,600,1,NULL," -1",1,0,1,50
202000009378,28,1,2020,17:00:00,1,83,83137,2,1,1,1,"15EME CORPS (AVE DU)","43,1285490","5,9128090",202000009378,154 725 762,B01,2,1,0,2,1,1,5,NULL,202000009378,154 725 763,A01,1,1,4,1,1996,5,2,6,-1,-1,0,-1,202000009378,3,8,0,NULL,2,2,0,1,27,600,1,NULL," -1",1,0,1,50
202000011420,17,7,2020,20:20:00,1,75,75118,2,3,1,2,"BOULEVARD BARBES","48,8841240","2,3494830",202000011420,154 722 157,A01,2,1,0,2,1,2,5,NULL,202000011420,154 722 157,A01,1,1,4,2,1991,9,2,0,-1,0,0,-1,202000011420,4,NULL,0,NULL,2,4,0,1,0,0,1,NULL," -1",1,0,1,50
202000013468,12,9,2020,09:10:00,1,69,69386,2,2,1,1,"BROTTEAUX (DES)                     (BD)","45,7691421","4,8570241",202000013468,154 718 613,B01,1,1,0,2,7,1,5,NULL,202000013468,154 718 612,A01,1,1,1,1,1965,0,1,0,-1,-1," -1",-1,202000013468,4,"BROTTEAUX (DES)                     (BD)",0,NULL,1,4,2,1,0,0,1,NULL," -1",1,0,1,50
202000013468,12,9,2020,09:10:00,1,69,69386,2,2,1,1,"BROTTEAUX (DES)                     (BD)","45,7691421","4,8570241",202000013468,154 718 613,B01,1,1,0,2,7,1,5,NULL,202000013468,154 718 613,B01,1,1,4,1,1969,0,8,0,-1,-1," -1",-1,202000013468,4,"BROTTEAUX (DES)                     (BD)",0,NULL,1,4,2,1,0,0,1,NULL," -1",1,0,1,50
202000015256,11,9,2020,23:30:00,5,75,75117,2,4,1,3,"AVENUE MAC MAHON","48,8779150","2,2943390",202000015256,154 715 456,B01,2,1,0,2,1,1,5,NULL,202000015256,154 715 455,A01,1,1,1,1,1987,9,1,0,-1,0,0,-1,202000015256,4,NULL,0,NULL,2,2,3,2,0,0,1,NULL," -1",1,0,1,50
202000015256,11,9,2020,23:30:00,5,75,75117,2,4,1,3,"AVENUE MAC MAHON","48,8779150","2,2943390",202000015256,154 715 456,B01,2,1,0,2,1,1,5,NULL,202000015256,154 715 456,B01,1,1,4,1,1987,9,8,0,-1,0,0,-1,202000015256,4,NULL,0,NULL,2,2,3,2,0,0,1,NULL," -1",1,0,1,50
202000021034,9,9,2020,10:15:00,1,59,59350,2,2,1,-1,"BEETHOVEN AVENUE","50,6206351","3,0343961",202000021034,154 705 197,Y01,1,1,0,2,8,1,-1,NULL,202000021034,154 705 197,Y01,1,1,4,1,2008,-1,0,-1,-1,0,0,-1,202000021034,7,941,0,NULL,3,3,3,1,(1),(1),1,NULL," -1",1,6,1,50
202000021034,9,9,2020,10:15:00,1,59,59350,2,2,1,-1,"BEETHOVEN AVENUE","50,6206351","3,0343961",202000021034,154 705 197,Y01,1,1,0,2,8,1,-1,NULL,202000021034,154 705 198,A01,1,1,1,1,1985,4,1,0,-1,-1," -1",-1,202000021034,7,941,0,NULL,3,3,3,1,(1),(1),1,NULL," -1",1,6,1,50
202000021198,10,6,2020,11:35:00,1,92,92012,2,1,1,3,"ROBERT SCHUMAN (AVENUE)","48,8417350","2,2483670",202000021198,154 704 922,B01,1,1,0,2,7,1,5,NULL,202000021198,154 704 921,A01,1,1,1,2,1946,0,8,0,-1,-1," -1",-1,202000021198,4,"ROBERT SCHUMAN (AVENUE)",0,NULL,-1,4,0,1,0,0,1,NULL," -1",1,0,1,50
202000021198,10,6,2020,11:35:00,1,92,92012,2,1,1,3,"ROBERT SCHUMAN (AVENUE)","48,8417350","2,2483670",202000021198,154 704 922,B01,1,1,0,2,7,1,5,NULL,202000021198,154 704 922,B01,1,1,4,1,1973,0,8,0,-1,-1," -1",-1,202000021198,4,"ROBERT SCHUMAN (AVENUE)",0,NULL,-1,4,0,1,0,0,1,NULL," -1",1,0,1,50
202000022097,17,12,2020,12:20:00,1,10,10387,2,1,8,3,"PIERRE BROSSOLETTE (RUE)","48,2914100","4,0750100",202000022097,154 703 325,A01,1,1,0,2,8,11,5,NULL,202000022097,154 703 325,A01,1,1,4,1,2005,2,8,0,-1,-1," -1",-1,202000022097,3,"PIERRE BROSSOLETTE (RUE)",0,NULL,2,4,0,1,0,0,1,NULL," -1",2,0,1,50