Num_Acc,jour,mois,an,hrmn,lum,dep,com,agg,int,atm,col,adr,lat,long,Num_Acc,id_vehicule,num_veh,senc,catv,obs,obsm,choc,manv,motor,occutc,Num_Acc,id_vehicule,num_veh,place,catu,grav,sexe,an_nais,trajet,secu1,secu2,secu3,locp,actp,etatp,Num_Acc,catr,voie,v1,v2,circ,nbv,vosp,prof,pr,pr1,plan,lartpc,larrout,surf,infra,situ,vma
202000022097,17,12,2020,12:20:00,1,10,10387,2,1,8,3,"PIERRE BROSSOLETTE (RUE)","48,2914100","4,0750100",202000022097,154 703 325,A01,1,1,0,2,8,11,5,NULL,202000022097,154 703 326,B01,1,1,1,2,1975,1,1,0,-1,-1," -1",-1,202000022097,3,"PIERRE BROSSOLETTE (RUE)",0,NULL,2,4,0,1,0,0,1,NULL," -1",2,0,1,50
202000023700,9,11,2020,07:33:00,2,29,29024,2,6,1,3,"Avenue victor hugo","48,2770880"," -3,5593830",202000023700,154 700 527,B01,1,1,0,2,7,1,5,NULL,202000023700,154 700 525,A01,1,1,1,2,1980,1,1,-1,-1,0,0,-1,202000023700,4,"Avenue victor hugo",-1,NULL,2,2,0,1,(1),(1),1,NULL," -1",1,5,1,50
202000023700,9,11,2020,07:33:00,2,29,29024,2,6,1,3,"Avenue victor hugo","48,2770880"," -3,5593830",202000023700,154 700 527,B01,1,1,0,2,7,1,5,NULL,202000023700,154 700 527,B01,1,1,3,1,2007,2,2,-1,-1,0,0,-1,202000023700,4,"Avenue victor hugo",-1,NULL,2,2,0,1,(1),(1),1,NULL," -1",1,5,1,50
202000023775,6,11,2020,17:55:00,5,34,34129,1,2,1,3,"EUROPE (AVENUE DE L')","43,5716300","3,8957400",202000023775,154 700 395,A01,1,1,0,2,8,19,5,NULL,202000023775,154 700 395,A01,1,1,4,1,1991,3,8,0,-1,-1," -1",-1,202000023775,3,132,0,NULL,2,2,1,1,5,519,1,NULL," -1",1,3,1,50
202000023775,6,11,2020,17:55:00,5,34,34129,1,2,1,3,"EUROPE (AVENUE DE L')","43,5716300","3,8957400",202000023775,154 700 395,A01,1,1,0,2,8,19,5,NULL,202000023775,154 700 396,B01,1,1,1,1,1969,1,1,8,-1,-1," -1",-1,202000023775,3,132,0,NULL,2,2,1,1,5,519,1,NULL," -1",1,3,1,50
202000024690,18,2,2020,20:15:00,3,69,69387,2,1,1,6,"BERGES DU RHONE","45,7388000","4,8251000",202000024690,154 698 797,B01,3,1,0,1,1,0,0,NULL,202000024690,154 698 797,B01,1,1,4,1,1997,5,8,0,-1,-1,0,-1,202000024690,9,"BERGES DU RHONE",0,NULL,-1,0,0,1,0,0,1,NULL," -1",1,9,8,20
202000024690,18,2,2020,20:15:00,3,69,69387,2,1,1,6,"BERGES DU RHONE","45,7388000","4,8251000",202000024690,154 698 797,B01,3,1,0,1,1,0,0,NULL,202000024690,154 698 797,B01,10,3,4,1,1985,5,8,8,-1,0,5,1,202000024690,9,"BERGES DU RHONE",0,NULL,-1,0,0,1,0,0,1,NULL," -1",1,9,8,20
202000026620,17,2,2020,16:17:00,1,10,10387,2,6,2,3,"DANTON (RUE)","48,3017000","4,0748000",202000026620,154 695 411,A01,2,1,0,2,8,19,5,NULL,202000026620,154 695 410,B01,3,2,1,1,2014,9,3,0,-1,-1,0,-1,202000026620,4,"DANTON (RUE)",0,NULL,2,6,1,1,0,0,1,NULL," -1",2,0,1,50
202000026620,17,2,2020,16:17:00,1,10,10387,2,6,2,3,"DANTON (RUE)","48,3017000","4,0748000",202000026620,154 695 411,A01,2,1,0,2,8,19,5,NULL,202000026620,154 695 410,B01,4,2,1,1,2019,9,3,0,-1,-1,0,-1,202000026620,4,"DANTON (RUE)",0,NULL,2,6,1,1,0,0,1,NULL," -1",2,0,1,50
202000026620,17,2,2020,16:17:00,1,10,10387,2,6,2,3,"DANTON (RUE)","48,3017000","4,0748000",202000026620,154 695 411,A01,2,1,0,2,8,19,5,NULL,202000026620,154 695 410,B01,1,1,1,2,1993,9,1,0,-1,-1,0,-1,202000026620,4,"DANTON (RUE)",0,NULL,2,6,1,1,0,0,1,NULL," -1",2,0,1,50
202000026620,17,2,2020,16:17:00,1,10,10387,2,6,2,3,"DANTON (RUE)","48,3017000","4,0748000",202000026620,154 695 411,A01,2,1,0,2,8,19,5,NULL,202000026620,154 695 410,B01,2,2,1,2,1991,9,1,0,-1,-1,0,-1,202000026620,4,"DANTON (RUE)",0,NULL,2,6,1,1,0,0,1,NULL," -1",2,0,1,50
202000026620,17,2,2020,16:17:00,1,10,10387,2,6,2,3,"DANTON (RUE)","48,3017000","4,0748000",202000026620,154 695 411,A01,2,1,0,2,8,19,5,NULL,202000026620,154 695 411,A01,1,1,4,1,2002,0,8,0,-1,-1,0,-1,202000026620,4,"DANTON (RUE)",0,NULL,2,6,1,1,0,0,1,NULL," -1",2,0,1,50
202000027227,5,8,2020,19:30:00,1,75,75117,2,2,1,6,"BOULEVARD PEREIRE","48,8773850","2,2840520",202000027227,154 694 374,Z01,2,1,0,1,1,1,5,NULL,202000027227,154 694 374,Z01,10,3,4,1,1953,5,8,8,-1,4,3,1,202000027227,4,NULL,0,NULL,1,1,0,1,0,0,1,NULL," -1",1,0,1,30
202000029866,13,12,2020,13:20:00,1,31,31555,2,1,1,3,"RUE DU FAUBOURG BONNEFOY","43,6159800","1,4531900",202000029866,154 689 761,B01,2,1,0,2,1,1,0,NULL,202000029866,154 689 761,B01,1,1,3,1,1994,9,2,0,-1,-1," -1",-1,202000029866,3,188,0,NULL,2,2,1,1,0,298,1,NULL," -1",1,0,1,50
202000029866,13,12,2020,13:20:00,1,31,31555,2,1,1,3,"RUE DU FAUBOURG BONNEFOY","43,6159800","1,4531900",202000029866,154 689 761,B01,2,1,0,2,1,1,0,NULL,202000029866,154 689 762,A01,1,1,1,2,1932,9,1,0,-1,-1," -1",-1,202000029866,3,188,0,NULL,2,2,1,1,0,298,1,NULL," -1",1,0,1,50
202000030815,31,8,2020,16:25:00,1,49,49007,2,1,1,3,"SAINT MICHEL BOULEVARD","47,4736600"," -0,5386500",202000030815,154 688 160,B01,1,1,0,2,0,0,5,NULL,202000030815,154 688 160,B01,2,2,4,2,2012,0,8,8,-1,-1," -1",-1,202000030815,4,"SAINT MICHEL BOULEVARD",0,NULL,2,2,3,1,0,0,1,NULL," -1",1,0,1,50
202000030815,31,8,2020,16:25:00,1,49,49007,2,1,1,3,"SAINT MICHEL BOULEVARD","47,4736600"," -0,5386500",202000030815,154 688 160,B01,1,1,0,2,0,0,5,NULL,202000030815,154 688 160,B01,1,1,4,1,1980,0,8,0,-1,-1," -1",-1,202000030815,4,"SAINT MICHEL BOULEVARD",0,NULL,2,2,3,1,0,0,1,NULL," -1",1,0,1,50
202000030815,31,8,2020,16:25:00,1,49,49007,2,1,1,3,"SAINT MICHEL BOULEVARD","47,4736600"," -0,5386500",202000030815,154 688 160,B01,1,1,0,2,0,0,5,NULL,202000030815,154 688 161,A01,1,1,1,2,1959,0,1,0,-1,-1," -1",-1,202000030815,4,"SAINT MICHEL BOULEVARD",0,NULL,2,2,3,1,0,0,1,NULL," -1",1,0,1,50
202000031492,2,6,2020,14:10:00,1,75,75108,2,1,1,1,"BOULEVARD DES BATIGNOLLES","48,8823840","2,3224740",202000031492,154 687 005,A01,2,1,0,2,1,13,5,NULL,202000031492,154 687 004,B01,1,1,4,1,1990,1,2,8,-1,-1," -1",-1,202000031492,4,NULL,0,NULL,2,6,1,1,0,0,3,NULL," -1",1,0,5,50
202000031492,2,6,2020,14:10:00,1,75,75108,2,1,1,1,"BOULEVARD DES BATIGNOLLES","48,8823840","2,3224740",202000031492,154 687 004,B01,1,1,0,2,1,1,5,NULL,202000031492,154 687 004,B01,1,1,4,1,1990,1,2,8,-1,-1," -1",-1,202000031492,4,NULL,0,NULL,2,6,1,1,0,0,3,NULL," -1",1,0,5,50
202000031492,2,6,2020,14:10:00,1,75,75108,2,1,1,1,"BOULEVARD DES BATIGNOLLES","48,8823840","2,3224740",202000031492,154 687 005,A01,2,1,0,2,1,13,5,NULL,202000031492,154 687 005,A01,1,1,4,2,1996,1,2,8,-1,-1," -1",-1,202000031492,4,NULL,0,NULL,2,6,1,1,0,0,3,NULL," -1",1,0,5,50
202000031492,2,6,2020,14:10:00,1,75,75108,2,1,1,1,"BOULEVARD DES BATIGNOLLES","48,8823840","2,3224740",202000031492,154 687 004,B01,1,1,0,2,1,1,5,NULL,202000031492,154 687 005,A01,1,1,4,2,1996,1,2,8,-1,-1," -1",-1,202000031492,4,NULL,0,NULL,2,6,1,1,0,0,3,NULL," -1",1,0,5,50
202000034029,10,1,2020,12:25:00,1,35,35238,2,2,1,2,"PORTUGAL (BD DU)","48,0835000"," -1,6620000",202000034029,154 682 628,B01,0,1,0,2,3,15,5,NULL,202000034029,154 682 627,A01,1,1,1,1,1977,1,1,0,-1,-1," -1",-1,202000034029,4,"PORTUGAL (BD DU)",0,NULL,3,2,2,1,0,0,1,NULL," -1",1,5,1,50
202000034029,10,1,2020,12:25:00,1,35,35238,2,2,1,2,"PORTUGAL (BD DU)","48,0835000"," -1,6620000",202000034029,154 682 628,B01,0,1,0,2,3,15,5,NULL,202000034029,154 682 628,B01,2,2,4,1,1963,0,-1,0,-1,-1," -1",-1,202000034029,4,"PORTUGAL (BD DU)",0,NULL,3,2,2,1,0,0,1,NULL," -1",1,5,1,50
202000034029,10,1,2020,12:25:00,1,35,35238,2,2,1,2,"PORTUGAL (BD DU)","48,0835000"," -1,6620000",202000034029,154 682 628,B01,0,1,0,2,3,15,5,NULL,202000034029,154 682 628,B01,1,1,1,1,1985,0,-1,0,-1,-1," -1",-1,202000034029,4,"PORTUGAL (BD DU)",0,NULL,3,2,2,1,0,0,1,NULL," -1",1,5,1,50
202000034119,28,6,2020,20:00:00,1,83,83129,2,3,1,3,"SEVERIN SAURIN (RUE)","43,0874900","5,8374600",202000034119,154 682 465,A01,1,1,0,2,7,1,6,NULL,202000034119,154 682 465,A01,1,1,4,1,1966,5,2,6,-1,-1," -1",-1,202000034119,4,NC,0,NULL,2,1,0,3,0,0,1,NULL," -1",1,0,1,50
202000035884,30,5,2020,19:30:00,1,45,45062,2,1,1,6,"D2020 - PR 19+200","47,9887639","1,8823745",202000035884,154 679 321,A01,2,1,8,0,1,0,5,NULL,202000035884,154 679 321,A01,1,1,3,1,2007,5,0,-1,-1,0,0,-1,202000035884,3,2020,-1,NULL,2,2,0,1,19,200,1,NULL," -1",1,0,1,50
202000037586,8,12,2020,08:25:00,1,35,35051,2,1,2,1,"PARES (RUE DES VAUX)","48,1126619"," -1,6269985",202000037586,154 676 311,A01,0,1,0,2,1,1,5,NULL,202000037586,154 676 310,B01,1,1,4,1,2004,0,2,0,-1,-1," -1",-1,202000037586,4,"PARES (RUE DES VAUX)",0,NULL,2,2,0,1,(1),(1),1,NULL," -1",2,0,4,50
202000037586,8,12,2020,08:25:00,1,35,35051,2,1,2,1,"PARES (RUE DES VAUX)","48,1126619"," -1,6269985",202000037586,154 676 310,B01,0,1,0,2,1,1,5,NULL,202000037586,154 676 310,B01,1,1,4,1,2004,0,2,0,-1,-1," -1",-1,202000037586,4,"PARES (RUE DES VAUX)",0,NULL,2,2,0,1,(1),(1),1,NULL," -1",2,0,4,50
202000037586,8,12,2020,08:25:00,1,35,35051,2,1,2,1,"PARES (RUE DES VAUX)","48,1126619"," -1,6269985",202000037586,154 676 311,A01,0,1,0,2,1,1,5,NULL,202000037586,154 676 311,A01,1,1,1,1,1968,0,2,0,-1,-1," -1",-1,202000037586,4,"PARES (RUE DES VAUX)",0,NULL,2,2,0,1,(1),(1),1,NULL," -1",2,0,4,50
202000037586,8,12,2020,08:25:00,1,35,35051,2,1,2,1,"PARES (RUE DES VAUX)","48,1126619"," -1,6269985",202000037586,154 676 310,B01,0,1,0,2,1,1,5,NULL,202000037586,154 676 311,A01,1,1,1,1,1968,0,2,0,-1,-1," -1",-1,202000037586,4,"PARES (RUE DES VAUX)",0,NULL,2,2,0,1,(1),(1),1,NULL," -1",2,0,4,50
202000038729,7,2,2020,21:30:00,5,94,94042,2,1,1,1,"GENERAL GALLIENI (AV DU)","48,8198900","2,4791600",202000038729,154 674 291,B01,3,1,0,2,0,0,5,NULL,202000038729,154 674 290,A01,1,1,1,1,1946,9,1,0,-1,-1," -1",-1,202000038729,3,"GENERAL GALLIENI (AV DU)",0,NULL,2,2,0,1,1,0,1,NULL," -1",1,0,1,50
202000038729,7,2,2020,21:30:00,5,94,94042,2,1,1,1,"GENERAL GALLIENI (AV DU)","48,8198900","2,4791600",202000038729,154 674 291,B01,3,1,0,2,0,0,5,NULL,202000038729,154 674 291,B01,1,1,4,2,1979,5,2,0,-1,-1," -1",-1,202000038729,3,"GENERAL GALLIENI (AV DU)",0,NULL,2,2,0,1,1,0,1,NULL," -1",1,0,1,50
202000038962,28,5,2020,07:30:00,1,75,75112,2,2,1,3,"QUAI DE BERCY","48,8337210","2,3824850",202000038962,154 673 880,B01,1,1,0,2,2,1,5,NULL,202000038962,154 673 879,A01,1,1,1,2,1996,9,8,0,-1,0,0,-1,202000038962,4,NULL,0,NULL,1,3,0,1,0,0,1,NULL," -1",1,-1,5,50
202000038962,28,5,2020,07:30:00,1,75,75112,2,2,1,3,"QUAI DE BERCY","48,8337210","2,3824850",202000038962,154 673 880,B01,1,1,0,2,2,1,5,NULL,202000038962,154 673 880,B01,1,1,4,1,1963,1,8,0,-1,0,0,-1,202000038962,4,NULL,0,NULL,1,3,0,1,0,0,1,NULL," -1",1,-1,5,50
202000038972,27,5,2020,12:50:00,1,94,94041,2,1,1,3,"GASTON CORNAVIN (R)","48,8103000","2,3819900",202000038972,154 673 857,B01,1,1,1,2,8,21,5,NULL,202000038972,154 673 857,B01,1,1,4,2,2001,0,0,0,-1,-1," -1",-1,202000038972,4,"GASTON CORNAVIN (R)",0,NULL,1,1,0,2,0,0,1,NULL," -1",1,0,1,50
202000038972,27,5,2020,12:50:00,1,94,94041,2,1,1,3,"GASTON CORNAVIN (R)","48,8103000","2,3819900",202000038972,154 673 857,B01,1,1,1,2,8,21,5,NULL,202000038972,154 673 858,A01,1,1,1,1,1971,0,1,0,-1,-1," -1",-1,202000038972,4,"GASTON CORNAVIN (R)",0,NULL,1,1,0,2,0,0,1,NULL," -1",1,0,1,50
202000040929,24,9,2020,20:10:00,5,94,94041,2,3,2,1,"REPUBLIQUE (AV DE LA)","48,8024300","2,3973500",202000040929,154 670 427,B01,2,1,0,2,1,1,5,NULL,202000040929,154 670 426,A01,1,1,1,2,1998,5,1,0,-1,-1," -1",-1,202000040929,3,"REPUBLIQUE (AV DE LA)",0,NULL,2,5,0,1,0,0,1,NULL," -1",2,0,1,50
202000040929,24,9,2020,20:10:00,5,94,94041,2,3,2,1,"REPUBLIQUE (AV DE LA)","48,8024300","2,3973500",202000040929,154 670 427,B01,2,1,0,2,1,1,5,NULL,202000040929,154 670 427,B01,1,1,4,1,1987,0,2,0,-1,-1," -1",-1,202000040929,3,"REPUBLIQUE (AV DE LA)",0,NULL,2,5,0,1,0,0,1,NULL," -1",2,0,1,50
202000042414,27,7,2020,20:20:00,2,75,75111,2,2,1,3,"AVENUE PARMENTIER","48,8616530","2,3773230",202000042414,154 667 755,A01,2,1,0,2,2,1,5,NULL,202000042414,154 667 751,B01,1,1,1,1,1995,5,1,0,-1,0,0,-1,202000042414,4,NULL,0,NULL,2,2,0,1,0,0,1,NULL," -1",1,0,1,50
202000042414,27,7,2020,20:20:00,2,75,75111,2,2,1,3,"AVENUE PARMENTIER","48,8616530","2,3773230",202000042414,154 667 755,A01,2,1,0,2,2,1,5,NULL,202000042414,154 667 755,A01,1,1,4,1,1998,9,2,0,-1,0,0,-1,202000042414,4,NULL,0,NULL,2,2,0,1,0,0,1,NULL," -1",1,0,1,50
202000042715,5,1,2020,08:17:00,4,05,05073,2,1,1,7,D942,"44,3200450","5,8280690",202000042715,154 667 226,A01,1,1,0,0,0,0,5,NULL,202000042715,154 667 226,A01,1,1,2,1,1981,5,0,-1,-1,0,0,-1,202000042715,3,942,0,NULL,2,2,0,2,22,150,1,NULL," -1",1,0,8,50
202000042763,26,7,2020,16:43:00,1,75,75107,2,3,1,2,"QUAI BRANLY","48,8605480","2,2956180",202000042763,154 667 133,B01,2,1,0,2,4,2,5,NULL,202000042763,154 667 133,B01,1,1,4,2,1999,5,2,0,-1,0,0,-1,202000042763,4,NULL,0,NULL,2,4,0,1,0,0,1,NULL," -1",1,0,1,50
202000042763,26,7,2020,16:43:00,1,75,75107,2,3,1,2,"QUAI BRANLY","48,8605480","2,2956180",202000042763,154 667 133,B01,2,1,0,2,4,2,5,NULL,202000042763,154 667 135,A01,1,1,1,1,1996,3,1,0,-1,0,0,-1,202000042763,4,NULL,0,NULL,2,4,0,1,0,0,1,NULL," -1",1,0,1,50
202000044518,24,6,2020,19:45:00,1,69,69386,2,2,1,3,"VITTON                              (CO)","45,7701600","4,8595800",202000044518,154 663 979,B01,0,1,0,2,7,0,5,NULL,202000044518,154 663 977,A01,1,1,1,2,1989,0,1,0,-1,-1," -1",-1,202000044518,4,"VITTON                              (CO)",0,NULL,1,3,0,1,0,0,1,NULL," -1",1,0,1,50
202000044518,24,6,2020,19:45:00,1,69,69386,2,2,1,3,"VITTON                              (CO)","45,7701600","4,8595800",202000044518,154 663 979,B01,0,1,0,2,7,0,5,NULL,202000044518,154 663 979,B01,1,1,4,2,1991,0,8,0,-1,-1," -1",-1,202000044518,4,"VITTON                              (CO)",0,NULL,1,3,0,1,0,0,1,NULL," -1",1,0,1,50
202000045202,25,7,2020,10:00:00,2,13,13208,2,1,1,-1,"BONNEVEINE (AVENUE)","43,2545430","5,3789010",202000045202,154 662 787,B01,1,1,0,2,1,0,0,NULL,202000045202,154 662 787,B01,1,1,3,1,1931,5,2,8,-1,-1," -1",-1,202000045202,4,NULL,0,NULL,3,2,1,1,1,0,1,NULL," -1",1,0,1,50
202000045202,25,7,2020,10:00:00,2,13,13208,2,1,1,-1,"BONNEVEINE (AVENUE)","43,2545430","5,3789010",202000045202,154 662 787,B01,1,1,0,2,1,0,0,NULL,202000045202,154 662 788,A01,1,1,3,1,1949,5,2,8,-1,-1," -1",-1,202000045202,4,NULL,0,NULL,3,2,1,1,1,0,1,NULL," -1",1,0,1,50
202000046247,25,6,2020,02:25:00,5,75,75111,2,3,1,3,"BOULEVARD DE MENILMONTANT","48,8598310","2,3887610",202000046247,154 660 971,B01,2,1,0,2,7,1,5,NULL,202000046247,154 660 971,B01,1,1,4,1,1987,9,8,0,-1,0,0,-1,202000046247,4,NULL,0,NULL,2,2,1,1,0,0,1,NULL," -1",1,-1,5,30
202000046247,25,6,2020,02:25:00,5,75,75111,2,3,1,3,"BOULEVARD DE MENILMONTANT","48,8598310","2,3887610",202000046247,154 660 971,B01,2,1,0,2,7,1,5,NULL,202000046247,154 660 972,A01,1,1,1,1,1980,4,1,0,-1,0,0,-1,202000046247,4,NULL,0,NULL,2,2,1,1,0,0,1,NULL," -1",1,-1,5,30
202000046247,25,6,2020,02:25:00,5,75,75111,2,3,1,3,"BOULEVARD DE MENILMONTANT","48,8598310","2,3887610",202000046247,154 660 971,B01,2,1,0,2,7,1,5,NULL,202000046247,154 660 972,A01,2,2,1,1,1993,4,1,0,-1,0,0,-1,202000046247,4,NULL,0,NULL,2,2,1,1,0,0,1,NULL," -1",1,-1,5,30
202000006796,15,5,2020,15:45:00,1,42,42043,2,1,1,7,"Route de Saint Bonnet les Oules","45,5764940","4,3166830",202000006796,154 730 312,A01,2,1,0,0,1,1,5,NULL,202000006796,154 730 312,A01,1,1,3,1,1966,5,2,-1,-1,0,0,-1,202000006796,3,10,-1,NULL,2,2,0,1,29,200,1,NULL,4,1,0,3,70
202000009858,12,10,2020,07:30:00,2,54,54395,2,3,8,3,"BEAUVAU (RUE DE)","48,6897316","6,1664428",202000009858,154 724 912,B01,1,1,0,2,1,1,5,NULL,202000009858,154 724 912,B01,1,1,4,2,1957,0,2,0,-1,-1," -1",-1,202000009858,4,NULL,0,NULL,1,1,0,1,(1),(1),1,NULL," -1",1,0,1,30
202000009858,12,10,2020,07:30:00,2,54,54395,2,3,8,3,"BEAUVAU (RUE DE)","48,6897316","6,1664428",202000009858,154 724 912,B01,1,1,0,2,1,1,5,NULL,202000009858,154 724 913,A01,1,1,1,1,1998,0,1,0,-1,0,0,-1,202000009858,4,NULL,0,NULL,1,1,0,1,(1),(1),1,NULL," -1",1,0,1,30
202000010357,26,12,2020,06:32:00,5,87,87085,2,1,1,7,"RUCHOUX (AVENUE DES)","45,8340400","1,2472200",202000010357,154 724 036,A01,1,1,0,0,0,1,5,NULL,202000010357,154 724 036,A01,1,1,4,1,1959,5,2,0,-1,-1," -1",-1,202000010357,4,"RUCHOUX (AVENUE DES)",0,NULL,2,2,0,1,0,0,1,NULL," -1",1,0,1,50
202000011291,15,7,2020,10:25:00,1,69,69386,2,3,1,3,"GARIBALDI                           (R )","45,7704550","4,8503389",202000011291,154 722 393,B01,1,1,0,2,2,1,5,NULL,202000011291,154 722 392,A01,2,2,1,2,1959,9,1,0,-1,-1," -1",-1,202000011291,4,NULL,0,NULL,1,1,0,1,0,0,1,NULL," -1",1,0,1,30
202000011291,15,7,2020,10:25:00,1,69,69386,2,3,1,3,"GARIBALDI                           (R )","45,7704550","4,8503389",202000011291,154 722 393,B01,1,1,0,2,2,1,5,NULL,202000011291,154 722 392,A01,1,1,1,1,1965,9,1,0,-1,-1," -1",-1,202000011291,4,NULL,0,NULL,1,1,0,1,0,0,1,NULL," -1",1,0,1,30
202000011291,15,7,2020,10:25:00,1,69,69386,2,3,1,3,"GARIBALDI                           (R )","45,7704550","4,8503389",202000011291,154 722 393,B01,1,1,0,2,2,1,5,NULL,202000011291,154 722 393,B01,1,1,4,1,1973,3,8,0,-1,-1," -1",-1,202000011291,4,NULL,0,NULL,1,1,0,1,0,0,1,NULL," -1",1,0,1,30
202000013195,16,7,2020,12:00:00,1,42,42092,2,2,1,3,"Rue du 8 Mai","45,4857930","4,3795060",202000013195,154 719 088,B01,2,1,0,2,1,1,5,NULL,202000013195,154 719 087,A01,1,1,1,1,1942,5,1,-1,-1,0,0,-1,202000013195,3,1498,-1,NULL,2,2,0,1,50,200,1,NULL," -1",1,0,1,30
202000013195,16,7,2020,12:00:00,1,42,42092,2,2,1,3,"Rue du 8 Mai","45,4857930","4,3795060",202000013195,154 719 088,B01,2,1,0,2,1,1,5,NULL,202000013195,154 719 088,B01,1,1,3,1,1979,5,2,-1,-1,0,0,-1,202000013195,3,1498,-1,NULL,2,2,0,1,50,200,1,NULL," -1",1,0,1,30
202000013319,13,7,2020,17:35:00,1,85,85191,2,2,1,3,"Boulevard Stéphane Moreau","46,6640300"," -1,4111600",202000013319,154 718 863,B01,2,1,0,2,1,1,6,NULL,202000013319,154 718 861,A01,1,1,1,1,1938,5,1,0,-1,-1," -1",-1,202000013319,3,88,0,NULL,2,3,1,1,0,620,1,NULL," -1",1,0,5,50
202000013319,13,7,2020,17:35:00,1,85,85191,2,2,1,3,"Boulevard Stéphane Moreau","46,6640300"," -1,4111600",202000013319,154 718 863,B01,2,1,0,2,1,1,6,NULL,202000013319,154 718 863,B01,1,1,4,2,1955,5,8,0,-1,-1," -1",-1,202000013319,3,88,0,NULL,2,3,1,1,0,620,1,NULL," -1",1,0,5,50
202000015135,14,7,2020,19:30:00,1,92,92023,2,1,1,7,"JEAN BAPTISTE CLEMENT (AVENUE)","48,7942324","2,2662775",202000015135,154 715 664,A01,2,1,1,0,1,1,0,NULL,202000015135,154 715 664,A01,1,1,4,2,2000,5,8,0,-1,-1," -1",-1,202000015135,3,130,0,NULL,3,3,0,2,0,0,1,NULL," -1",1,0,1,50
202000016815,12,7,2020,15:00:00,1,69,69282,2,2,7,3,"VERDUN (DE)                         (AV)","45,7794500","4,9969100",202000016815,154 712 676,B01,2,1,0,2,7,1,5,NULL,202000016815,154 712 675,A01,1,1,1,1,1999,0,1,0,-1,-1," -1",-1,202000016815,3,6,0,NULL,-1,2,0,1,9,850,1,NULL," -1",1,1,1,50
202000016815,12,7,2020,15:00:00,1,69,69282,2,2,7,3,"VERDUN (DE)                         (AV)","45,7794500","4,9969100",202000016815,154 712 676,B01,2,1,0,2,7,1,5,NULL,202000016815,154 712 676,B01,1,1,3,1,1974,0,2,0,-1,-1," -1",-1,202000016815,3,6,0,NULL,-1,2,0,1,9,850,1,NULL," -1",1,1,1,50
202000019103,10,9,2020,14:50:00,1,25,25056,2,1,1,3,BELFORT,"47,2586960","6,0449240",202000019103,154 708 640,B01,2,1,0,2,1,1,0,NULL,202000019103,154 708 639,A01,1,1,1,2,1989,0,1,0,-1,-1," -1",-1,202000019103,3,683,0,NULL,2,2,1,1,38,500,1,NULL," -1",1,0,1,50
202000019103,10,9,2020,14:50:00,1,25,25056,2,1,1,3,BELFORT,"47,2586960","6,0449240",202000019103,154 708 640,B01,2,1,0,2,1,1,0,NULL,202000019103,154 708 640,B01,1,1,4,1,1997,0,2,0,-1,-1," -1",-1,202000019103,3,683,0,NULL,2,2,1,1,38,500,1,NULL," -1",1,0,1,50
202000020651,12,7,2020,09:30:00,1,28,28088,2,4,1,1,"Route de Courtalain","48,0684620","1,3136230",202000020651,154 705 902,B01,1,1,0,2,1,1,6,NULL,202000020651,154 705 901,A01,1,1,1,2,1977,3,1,-1,-1,0,0,-1,202000020651,3,927,-1,NULL,2,2,0,2,52,900,1,NULL," -1",1,0,1,50
202000020651,12,7,2020,09:30:00,1,28,28088,2,4,1,1,"Route de Courtalain","48,0684620","1,3136230",202000020651,154 705 902,B01,1,1,0,2,1,1,6,NULL,202000020651,154 705 902,B01,1,1,4,1,1951,5,2,9,-1,0,0,-1,202000020651,3,927,-1,NULL,2,2,0,2,52,900,1,NULL," -1",1,0,1,50
202000021522,2,10,2020,16:25:00,1,49,49007,2,1,1,6,"TABARLY QUAI","47,4709300"," -0,5647300",202000021522,154 704 337,A01,0,1,0,1,1,1,5,NULL,202000021522,154 704 337,A01,1,1,3,1,1974,0,8,0,-1,-1," -1",-1,202000021522,4,"TABARLY QUAI",0,NULL,-1,0,3,1,1,0,1,NULL," -1",1,0,8,10
202000021522,2,10,2020,16:25:00,1,49,49007,2,1,1,6,"TABARLY QUAI","47,4709300"," -0,5647300",202000021522,154 704 337,A01,0,1,0,1,1,1,5,NULL,202000021522,154 704 337,A01,10,3,1,1,2005,0,0,-1,-1,0,1,2,202000021522,4,"TABARLY QUAI",0,NULL,-1,0,3,1,1,0,1,NULL," -1",1,0,8,10
202000022106,18,12,2020,11:30:00,1,75,75116,2,1,1,3,"QUAI SAINT EXUPERY","48,8360990","2,2634620",202000022106,154 703 309,B01,1,1,0,2,3,1,5,NULL,202000022106,154 703 308,A01,1,1,1,1,1980,4,1,0,-1,0,0,-1,202000022106,4,NULL,0,NULL,1,4,1,1,0,0,1,NULL," -1",1,-1,5,50
202000022106,18,12,2020,11:30:00,1,75,75116,2,1,1,3,"QUAI SAINT EXUPERY","48,8360990","2,2634620",202000022106,154 703 309,B01,1,1,0,2,3,1,5,NULL,202000022106,154 703 309,B01,1,1,4,2,1987,1,2,0,-1,0,0,-1,202000022106,4,NULL,0,NULL,1,4,1,1,0,0,1,NULL," -1",1,-1,5,50
202000022780,17,2,2020,15:30:00,1,35,35297,2,4,1,2,"10 Rue Louison Bobet","48,1872840"," -2,1909840",202000022780,154 702 149,B01,1,1,0,2,6,16,5,NULL,202000022780,154 702 149,B01,1,1,4,2,1998,1,0,-1,-1,0,0,-1,202000022780,3,"Rue Cottard",-1,NULL,2,2,-1,2,10,297,3,NULL," -1",1,5,1,50