Num_Acc,jour,mois,an,hrmn,lum,dep,com,agg,int,atm,col,adr,lat,long,Num_Acc,id_vehicule,num_veh,senc,catv,obs,obsm,choc,manv,motor,occutc,Num_Acc,id_vehicule,num_veh,place,catu,grav,sexe,an_nais,trajet,secu1,secu2,secu3,locp,actp,etatp,Num_Acc,catr,voie,v1,v2,circ,nbv,vosp,prof,pr,pr1,plan,lartpc,larrout,surf,infra,situ,vma
202000023828,9,11,2020,07:50:00,1,973,97309,2,1,1,3,"Route de Montjoly (rd1)","4,9131500"," -52,2730990",202000023828,154 700 302,B01,1,1,0,2,2,19,5,NULL,202000023828,154 700 300,A01,1,1,1,1,1945,5,1,-1,-1,0,0,-1,202000023828,3,1,-1,NULL,2,2,3,1,7,0,1,NULL," -1",1,9,8,50
202000023828,9,11,2020,07:50:00,1,973,97309,2,1,1,3,"Route de Montjoly (rd1)","4,9131500"," -52,2730990",202000023828,154 700 302,B01,1,1,0,2,2,19,5,NULL,202000023828,154 700 302,B01,1,1,3,1,2005,2,0,-1,-1,0,0,-1,202000023828,3,1,-1,NULL,2,2,3,1,7,0,1,NULL," -1",1,9,8,50
202000024588,8,7,2020,18:30:00,1,69,69142,2,1,1,6,"PIERRE SEMARD                       (QU)","45,7260300","4,8165700",202000024588,154 698 983,A01,1,1,0,1,1,1,5,NULL,202000024588,154 698 983,A01,1,1,1,1,1993,1,8,0,-1,-1," -1",-1,202000024588,3,"315                      (QU)",0,NULL,2,2,1,1,0,0,1,NULL," -1",1,0,1,50
202000024588,8,7,2020,18:30:00,1,69,69142,2,1,1,6,"PIERRE SEMARD                       (QU)","45,7260300","4,8165700",202000024588,154 698 983,A01,1,1,0,1,1,1,5,NULL,202000024588,154 698 983,A01,10,3,4,1,1947,5,0,-1,-1,3,3,1,202000024588,3,"315                      (QU)",0,NULL,2,2,1,1,0,0,1,NULL," -1",1,0,1,50
202000025072,8,8,2020,12:30:00,1,29,29181,1,1,1,1,"D770 - Route de Quimper","48,4707620"," -4,2788480",202000025072,154 698 116,B01,2,1,0,2,3,1,5,NULL,202000025072,154 698 115,A01,1,1,3,1,2003,1,2,6,-1,0,0,-1,202000025072,3,770,0,NULL,2,2,1,1,73,450,2,NULL," -1",1,-1,5,50
202000025072,8,8,2020,12:30:00,1,29,29181,1,1,1,1,"D770 - Route de Quimper","48,4707620"," -4,2788480",202000025072,154 698 116,B01,2,1,0,2,3,1,5,NULL,202000025072,154 698 116,B01,1,1,3,1,1962,5,2,4,6,0,0,-1,202000025072,3,770,0,NULL,2,2,1,1,73,450,2,NULL," -1",1,-1,5,50
202000026551,11,2,2020,08:45:00,1,45,45147,1,1,8,3,"333 Rue Marcelin Berthelot","47,9449300","1,9210000",202000026551,154 695 534,B01,1,1,0,2,8,1,5,NULL,202000026551,154 695 534,B01,1,1,4,2,1971,1,2,8,-1,0,0,-1,202000026551,3,97,0,NULL,2,2,1,1,5,770,1,NULL,"5,5",1,0,5,50
202000026551,11,2,2020,08:45:00,1,45,45147,1,1,8,3,"333 Rue Marcelin Berthelot","47,9449300","1,9210000",202000026551,154 695 534,B01,1,1,0,2,8,1,5,NULL,202000026551,154 695 535,A01,1,1,1,1,1985,4,1,8,-1,0,0,-1,202000026551,3,97,0,NULL,2,2,1,1,5,770,1,NULL,"5,5",1,0,5,50
202000026969,5,8,2020,08:05:00,1,83,83107,1,6,7,3,"Route Departementale N7","43,4631680","6,6357930",202000026969,154 694 814,B01,2,1,0,0,4,1,5,NULL,202000026969,154 694 813,A01,1,1,1,1,1995,1,1,-1,-1,0,0,-1,202000026969,3,N7,-1,NULL,2,4,0,1,0,50,2,NULL," -1",1,0,1,70
202000026969,5,8,2020,08:05:00,1,83,83107,1,6,7,3,"Route Departementale N7","43,4631680","6,6357930",202000026969,154 694 814,B01,2,1,0,0,4,1,5,NULL,202000026969,154 694 814,B01,1,1,3,2,1958,5,2,-1,-1,0,0,-1,202000026969,3,N7,-1,NULL,2,4,0,1,0,50,2,NULL," -1",1,0,1,70
202000031698,30,9,2020,19:00:00,1,69,69009,1,6,1,3,"Avenue de la 1ere Armee","45,9263080","4,7083930",202000031698,154 686 648,A01,3,1,0,2,5,2,5,NULL,202000031698,154 686 647,B01,1,1,1,2,1977,1,1,-1,-1,0,0,-1,202000031698,3,30,-1,NULL,-1,2,0,1,(1),(1),2,NULL," -1",1,5,1,70
202000031698,30,9,2020,19:00:00,1,69,69009,1,6,1,3,"Avenue de la 1ere Armee","45,9263080","4,7083930",202000031698,154 686 648,A01,3,1,0,2,5,2,5,NULL,202000031698,154 686 648,A01,1,1,4,2,1985,2,2,-1,-1,0,0,-1,202000031698,3,30,-1,NULL,-1,2,0,1,(1),(1),2,NULL," -1",1,5,1,70
202000032563,20,3,2020,14:40:00,1,72,72181,2,1,1,3,"COULOMB MICHEL (RUE)","47,9707000","0,2137000",202000032563,154 685 192,A01,3,1,0,2,2,26,5,NULL,202000032563,154 685 192,A01,1,1,4,1,2013,5,2,0,-1,0,0,-1,202000032563,4,"COULOMB MICHEL (RUE)",0,NULL,2,2,0,1,0,0,1,NULL," -1",1,0,1,50
202000032563,20,3,2020,14:40:00,1,72,72181,2,1,1,3,"COULOMB MICHEL (RUE)","47,9707000","0,2137000",202000032563,154 685 192,A01,3,1,0,2,2,26,5,NULL,202000032563,154 685 194,B01,1,1,1,1,1983,1,1,0,-1,0,0,-1,202000032563,4,"COULOMB MICHEL (RUE)",0,NULL,2,2,0,1,0,0,1,NULL," -1",1,0,1,50
202000033953,11,1,2020,07:35:00,1,971,97125,1,1,1,2,"La Pointe des Châteaux","16,2557640"," -61,2468940",202000033953,154 682 762,B01,1,1,0,2,4,0,5,NULL,202000033953,154 682 761,A01,1,1,1,1,1966,3,1,-1,-1,0,0,-1,202000033953,3,118,-1,NULL,2,1,0,1,(1),(1),1,NULL," -1",1,0,1,70
202000033953,11,1,2020,07:35:00,1,971,97125,1,1,1,2,"La Pointe des Châteaux","16,2557640"," -61,2468940",202000033953,154 682 762,B01,1,1,0,2,4,0,5,NULL,202000033953,154 682 762,B01,1,1,2,1,1942,5,0,-1,-1,0,0,-1,202000033953,3,118,-1,NULL,2,1,0,1,(1),(1),1,NULL," -1",1,0,1,70
202000036884,9,1,2020,08:45:00,1,67,67482,2,3,1,3,"BAN DE LA ROCHE (RUE DU)","48,5788000","7,7285100",202000036884,154 677 523,B01,2,1,0,2,1,1,5,NULL,202000036884,154 677 523,B01,1,1,4,2,1983,1,8,0,-1,-1,0,-1,202000036884,4,NULL,0,NULL,2,2,1,1,0,0,2,NULL,0,1,1,1,50
202000036884,9,1,2020,08:45:00,1,67,67482,2,3,1,3,"BAN DE LA ROCHE (RUE DU)","48,5788000","7,7285100",202000036884,154 677 523,B01,2,1,0,2,1,1,5,NULL,202000036884,154 677 525,A01,1,1,1,2,1946,0,1,8,-1,-1,0,-1,202000036884,4,NULL,0,NULL,2,2,1,1,0,0,2,NULL,0,1,1,1,50
202000040550,5,2,2020,08:00:00,1,21,21278,2,6,1,3,"MORVAN (DU) (RUE)","47,3406432","5,0344393",202000040550,154 671 091,B01,3,1,0,2,0,26,5,NULL,202000040550,154 671 091,B01,1,1,3,1,1964,0,2,8,-1,-1," -1",-1,202000040550,4,NULL,0,NULL,1,1,0,1,(1),(1),1,NULL," -1",2,0,1,50
202000040550,5,2,2020,08:00:00,1,21,21278,2,6,1,3,"MORVAN (DU) (RUE)","47,3406432","5,0344393",202000040550,154 671 091,B01,3,1,0,2,0,26,5,NULL,202000040550,154 671 092,A01,1,1,1,1,1967,2,1,8,-1,0," -1",-1,202000040550,4,NULL,0,NULL,1,1,0,1,(1),(1),1,NULL," -1",2,0,1,50
202000044875,18,5,2020,16:30:00,1,83,83071,1,1,1,2,"Route du Carrubier","43,1374140","6,2696740",202000044875,154 663 367,B01,3,1,0,2,4,1,5,NULL,202000044875,154 663 352,A01,1,1,1,1,1946,5,1,-1,-1,0,0,-1,202000044875,4,NC,-1,NULL,2,2,0,1,(1),(1),1,NULL," -1",1,0,1,80
202000044875,18,5,2020,16:30:00,1,83,83071,1,1,1,2,"Route du Carrubier","43,1374140","6,2696740",202000044875,154 663 367,B01,3,1,0,2,4,1,5,NULL,202000044875,154 663 367,B01,1,1,3,1,1950,5,2,-1,-1,0,0,-1,202000044875,4,NC,-1,NULL,2,2,0,1,(1),(1),1,NULL," -1",1,0,1,80
202000045152,25,7,2020,18:20:00,1,54,54395,2,2,1,3,"SAINT DIZIER (RUE 2","48,6884600","6,1842100",202000045152,154 662 880,Y01,1,1,0,2,7,1,5,NULL,202000045152,154 662 880,Y01,1,1,4,1,2002,0,8,0,-1,0," -1",-1,202000045152,4,NULL,0,NULL,1,1,0,1,0,0,1,NULL," -1",1,0,1,30
202000045152,25,7,2020,18:20:00,1,54,54395,2,2,1,3,"SAINT DIZIER (RUE 2","48,6884600","6,1842100",202000045152,154 662 880,Y01,1,1,0,2,7,1,5,NULL,202000045152,154 662 884,A01,1,1,1,1,1979,0,1,0,-1,-1," -1",-1,202000045152,4,NULL,0,NULL,1,1,0,1,0,0,1,NULL," -1",1,0,1,30
202000046426,9,1,2020,19:25:00,5,63,63113,2,2,1,3,"SABLON (COURS)","45,7735405","3,0901385",202000046426,154 660 652,B01,2,1,0,2,3,2,5,NULL,202000046426,154 660 650,A01,1,1,1,2,1984,9,1,0,-1,0,0,-1,202000046426,4,"SABLON (COURS)",0,NULL,1,4,0,1,(1),(1),1,NULL," -1",1,5,1,50
202000046426,9,1,2020,19:25:00,5,63,63113,2,2,1,3,"SABLON (COURS)","45,7735405","3,0901385",202000046426,154 660 652,B01,2,1,0,2,3,2,5,NULL,202000046426,154 660 652,B01,1,1,4,1,1995,9,2,0,-1,0,0,-1,202000046426,4,"SABLON (COURS)",0,NULL,1,4,0,1,(1),(1),1,NULL," -1",1,5,1,50
202000008232,18,8,2020,17:55:00,1,29,29140,1,2,1,3,"12 Rue de la Gare","48,3793794"," -4,3106913",202000008232,154 727 767,B01,0,1,0,2,2,1,5,NULL,202000008232,154 727 766,A01,1,1,1,1,1960,1,1,-1,-1,0,0,-1,202000008232,4,01,0,NULL,2,2,0,1,(1),(1),2,NULL," -1",1,0,1,50
202000008232,18,8,2020,17:55:00,1,29,29140,1,2,1,3,"12 Rue de la Gare","48,3793794"," -4,3106913",202000008232,154 727 767,B01,0,1,0,2,2,1,5,NULL,202000008232,154 727 767,B01,1,1,4,2,1961,5,2,4,-1,0,0,-1,202000008232,4,01,0,NULL,2,2,0,1,(1),(1),2,NULL," -1",1,0,1,50
202000008388,30,12,2020,12:10:00,1,973,97302,2,1,1,2,"PREVOT (ERNEST)","4,9340900"," -52,3330700",202000008388,154 727 493,A01,1,1,0,2,1,2,5,NULL,202000008388,154 727 492,B01,1,1,1,1,1945,0,1,8,-1,-1," -1",-1,202000008388,4,"PREVOT (ERNEST)",0,NULL,1,2,0,1,(1),(1),1,NULL," -1",1,0,1,50
202000008388,30,12,2020,12:10:00,1,973,97302,2,1,1,2,"PREVOT (ERNEST)","4,9340900"," -52,3330700",202000008388,154 727 493,A01,1,1,0,2,1,2,5,NULL,202000008388,154 727 493,A01,1,1,4,1,1952,0,8,0,-1,-1," -1",-1,202000008388,4,"PREVOT (ERNEST)",0,NULL,1,2,0,1,(1),(1),1,NULL," -1",1,0,1,50
202000008914,24,2,2020,18:15:00,1,33,33529,2,6,1,3,"GRAILLY (RUE JEAN DE) DU 02 ET +","44,6267400"," -1,1416400",202000008914,154 726 589,B01,2,1,0,2,5,1,5,NULL,202000008914,154 726 589,B01,1,1,4,1,1946,0,2,-1,-1,-1," -1",-1,202000008914,3,112,0,NULL,2,2,0,1,0,780,2,NULL," -1",1,5,1,50
202000008914,24,2,2020,18:15:00,1,33,33529,2,6,1,3,"GRAILLY (RUE JEAN DE) DU 02 ET +","44,6267400"," -1,1416400",202000008914,154 726 589,B01,2,1,0,2,5,1,5,NULL,202000008914,154 726 590,A01,1,1,1,1,1961,0,1,-1,-1,-1," -1",-1,202000008914,3,112,0,NULL,2,2,0,1,0,780,2,NULL," -1",1,5,1,50
202000009642,18,6,2020,08:55:00,1,10,10387,2,6,1,3,"MARIE DE CHAMPAGNE (RUE)","48,3070180","4,0596280",202000009642,154 725 305,A01,2,1,0,2,0,18,5,NULL,202000009642,154 725 305,A01,1,1,4,1,1983,1,8,0,-1,-1," -1",-1,202000009642,4,"MARIE DE CHAMPAGNE (RUE)",0,NULL,2,2,0,1,0,0,2,NULL," -1",1,5,1,50
202000009642,18,6,2020,08:55:00,1,10,10387,2,6,1,3,"MARIE DE CHAMPAGNE (RUE)","48,3070180","4,0596280",202000009642,154 725 305,A01,2,1,0,2,0,18,5,NULL,202000009642,154 725 306,B01,1,1,1,2,1977,1,1,0,-1,-1," -1",-1,202000009642,4,"MARIE DE CHAMPAGNE (RUE)",0,NULL,2,2,0,1,0,0,2,NULL," -1",1,5,1,50
202000009655,18,6,2020,09:10:00,1,75,75101,2,3,1,3,"RUE DE RIVOLI","48,8652960","2,3272950",202000009655,154 725 280,A01,1,1,0,2,7,15,5,NULL,202000009655,154 725 280,A01,1,1,3,1,1989,1,8,0,-1,0,0,-1,202000009655,4,NULL,0,NULL,2,5,1,1,0,0,1,NULL," -1",1,5,1,50
202000009655,18,6,2020,09:10:00,1,75,75101,2,3,1,3,"RUE DE RIVOLI","48,8652960","2,3272950",202000009655,154 725 280,A01,1,1,0,2,7,15,5,NULL,202000009655,154 725 281,B01,1,1,1,1,1978,4,2,0,-1,0,0,-1,202000009655,4,NULL,0,NULL,2,5,1,1,0,0,1,NULL," -1",1,5,1,50
202000011286,14,9,2020,15:45:00,1,27,27229,2,9,1,3,"GAMBETTA (BOULEVARD)","49,0193000","1,1520000",202000011286,154 722 400,Y01,0,1,0,0,0,0,5,NULL,202000011286,154 722 400,Y01,1,1,4,1,2002,0,2,0,-1,0,0,-1,202000011286,4,"GAMBETTA (BOULEVARD)",0,NULL,2,4,0,2,(1),(1),1,NULL," -1",1,0,1,50
202000011286,14,9,2020,15:45:00,1,27,27229,2,9,1,3,"GAMBETTA (BOULEVARD)","49,0193000","1,1520000",202000011286,154 722 400,Y01,0,1,0,0,0,0,5,NULL,202000011286,154 722 402,A01,1,1,1,2,1967,9,1,5,-1,0,0,-1,202000011286,4,"GAMBETTA (BOULEVARD)",0,NULL,2,4,0,2,(1),(1),1,NULL," -1",1,0,1,50
202000011860,12,10,2020,16:00:00,1,75,75112,2,3,1,3,"RUE DE REUILLY","48,8410220","2,3941110",202000011860,154 721 395,A01,1,1,0,2,2,15,5,NULL,202000011860,154 721 394,B01,1,1,1,1,1991,9,2,0,-1,0,0,-1,202000011860,4,NULL,0,NULL,2,2,0,1,0,0,1,NULL," -1",1,8,1,50
202000011860,12,10,2020,16:00:00,1,75,75112,2,3,1,3,"RUE DE REUILLY","48,8410220","2,3941110",202000011860,154 721 395,A01,1,1,0,2,2,15,5,NULL,202000011860,154 721 395,A01,1,1,4,1,2006,2,2,8,-1,0,0,-1,202000011860,4,NULL,0,NULL,2,2,0,1,0,0,1,NULL," -1",1,8,1,50
202000011962,9,10,2020,16:15:00,1,29,29147,1,1,1,7,"D765 - La Croix","47,8972400"," -3,5765220",202000011962,154 721 210,A01,2,1,0,0,9,1,5,NULL,202000011962,154 721 210,A01,1,1,4,1,1975,5,2,6,-1,0,0,-1,202000011962,3,765,-1,NULL,2,2,0,1,11,500,1,NULL," -1",1,0,1,80
202000013353,13,9,2020,17:00:00,1,75,75112,2,1,1,3,"AVENUE DE GRAVELLE","48,8240850","2,4267540",202000013353,154 718 806,B01,1,1,0,2,2,25,5,NULL,202000013353,154 718 805,A01,3,2,1,1,2007,9,1,0,-1,0,0,-1,202000013353,4,NULL,0,NULL,2,2,0,1,0,0,1,NULL," -1",1,0,4,50
202000013353,13,9,2020,17:00:00,1,75,75112,2,1,1,3,"AVENUE DE GRAVELLE","48,8240850","2,4267540",202000013353,154 718 806,B01,1,1,0,2,2,25,5,NULL,202000013353,154 718 805,A01,2,2,1,2,1972,9,1,0,-1,0,0,-1,202000013353,4,NULL,0,NULL,2,2,0,1,0,0,1,NULL," -1",1,0,4,50
202000013353,13,9,2020,17:00:00,1,75,75112,2,1,1,3,"AVENUE DE GRAVELLE","48,8240850","2,4267540",202000013353,154 718 806,B01,1,1,0,2,2,25,5,NULL,202000013353,154 718 805,A01,1,1,1,1,1968,9,1,0,-1,0,0,-1,202000013353,4,NULL,0,NULL,2,2,0,1,0,0,1,NULL," -1",1,0,4,50
202000013353,13,9,2020,17:00:00,1,75,75112,2,1,1,3,"AVENUE DE GRAVELLE","48,8240850","2,4267540",202000013353,154 718 806,B01,1,1,0,2,2,25,5,NULL,202000013353,154 718 806,B01,1,1,4,1,1949,5,2,0,-1,0,0,-1,202000013353,4,NULL,0,NULL,2,2,0,1,0,0,1,NULL," -1",1,0,4,50
202000013583,15,6,2020,15:15:00,1,94,94069,2,1,8,3,"MARECHAL LECLERC (R DU)","48,8171300","2,4536000",202000013583,154 718 398,A01,1,1,0,2,7,19,5,NULL,202000013583,154 718 398,A01,1,1,4,1,2002,5,8,0,-1,-1," -1",-1,202000013583,3,214,0,NULL,2,2,0,1,0,0,1,NULL,7,1,0,1,50
202000013583,15,6,2020,15:15:00,1,94,94069,2,1,8,3,"MARECHAL LECLERC (R DU)","48,8171300","2,4536000",202000013583,154 718 398,A01,1,1,0,2,7,19,5,NULL,202000013583,154 718 399,B01,1,1,1,1,1960,5,2,8,-1,-1," -1",-1,202000013583,3,214,0,NULL,2,2,0,1,0,0,1,NULL,7,1,0,1,50
202000016794,11,7,2020,12:05:00,1,87,87085,1,1,1,-1,"Georges GUINGOUIN(rue)","45,9238700","1,3024100",202000016794,154 712 710,A01,1,1,0,2,0,1,5,NULL,202000016794,154 712 709,B01,1,1,1,1,1983,5,1,0,-1,0," -1",-1,202000016794,3,"Georges GUINGOUIN(rue)",0,NULL,2,2,0,1,3,500,1,NULL," -1",1,0,1,80
202000016794,11,7,2020,12:05:00,1,87,87085,1,1,1,-1,"Georges GUINGOUIN(rue)","45,9238700","1,3024100",202000016794,154 712 710,A01,1,1,0,2,0,1,5,NULL,202000016794,154 712 710,A01,1,1,3,1,1967,5,2,0,-1,0," -1",-1,202000016794,3,"Georges GUINGOUIN(rue)",0,NULL,2,2,0,1,3,500,1,NULL," -1",1,0,1,80
202000017361,11,6,2020,10:20:00,1,76,76600,2,2,1,3,"HUIT MAI 1945","49,7418000","0,3680000",202000017361,154 711 696,B01,3,1,0,2,2,1,5,NULL,202000017361,154 711 695,A01,1,1,1,2,1947,0,1,0,-1,-1," -1",-1,202000017361,4,"HUIT MAI 1945",0,NULL,2,2,0,1,0,0,1,NULL," -1",1,5,1,50
202000017361,11,6,2020,10:20:00,1,76,76600,2,2,1,3,"HUIT MAI 1945","49,7418000","0,3680000",202000017361,154 711 696,B01,3,1,0,2,2,1,5,NULL,202000017361,154 711 696,B01,1,1,4,1,1992,0,2,0,-1,-1," -1",-1,202000017361,4,"HUIT MAI 1945",0,NULL,2,2,0,1,0,0,1,NULL," -1",1,5,1,50
202000020123,13,11,2020,19:30:00,3,987,98724,1,1,1,1,"Route de la Nasa District de FITII"," -16,7273840"," -151,0112500",202000020123,154 706 801,A01,2,1,0,2,1,13,5,NULL,202000020123,154 706 800,B01,1,1,4,1,1992,0,0,-1,-1,0,0,-1,202000020123,9,111,-1,NULL,2,2,0,2,(1),(1),1,NULL," -1",1,0,1,50
202000020123,13,11,2020,19:30:00,3,987,98724,1,1,1,1,"Route de la Nasa District de FITII"," -16,7273840"," -151,0112500",202000020123,154 706 800,B01,1,1,0,2,1,1,5,NULL,202000020123,154 706 800,B01,1,1,4,1,1992,0,0,-1,-1,0,0,-1,202000020123,9,111,-1,NULL,2,2,0,2,(1),(1),1,NULL," -1",1,0,1,50
202000020123,13,11,2020,19:30:00,3,987,98724,1,1,1,1,"Route de la Nasa District de FITII"," -16,7273840"," -151,0112500",202000020123,154 706 801,A01,2,1,0,2,1,13,5,NULL,202000020123,154 706 801,A01,1,1,2,1,1956,9,0,-1,-1,0,0,-1,202000020123,9,111,-1,NULL,2,2,0,2,(1),(1),1,NULL," -1",1,0,1,50
202000020123,13,11,2020,19:30:00,3,987,98724,1,1,1,1,"Route de la Nasa District de FITII"," -16,7273840"," -151,0112500",202000020123,154 706 800,B01,1,1,0,2,1,1,5,NULL,202000020123,154 706 801,A01,1,1,2,1,1956,9,0,-1,-1,0,0,-1,202000020123,9,111,-1,NULL,2,2,0,2,(1),(1),1,NULL," -1",1,0,1,50
202000021893,8,11,2020,13:40:00,1,22,22278,2,1,1,7,"LIGNERIES (DES)","48,5252800"," -2,7363300",202000021893,154 703 702,A01,1,1,0,0,0,1,5,NULL,202000021893,154 703 702,A01,1,1,3,1,1966,5,8,0,-1,0,0,-1,202000021893,4,"LIGNERIES (DES)",0,NULL,1,1,-1,4,(1),(1),2,NULL," -1",1,0,1,50
202000023600,6,11,2020,19:30:00,5,26,26198,2,6,1,3,"Rond Point des Présidents","44,5308940","4,7455910",202000023600,154 700 725,B01,1,1,0,2,4,2,5,NULL,202000023600,154 700 725,B01,1,1,4,1,1994,0,8,4,-1,0,0,-1,202000023600,2,7,0,NULL,1,2,0,1,0,92,3,NULL," -1",1,5,1,50
202000025210,6,11,2020,13:40:00,1,35,35120,1,1,1,3,"La Justice","48,2123680"," -1,7669180",202000025210,154 697 867,B01,1,1,0,2,8,2,0,NULL,202000025210,154 697 865,A01,1,1,1,1,1953,9,1,-1,-1,0,0,-1,202000025210,3,27,0,NULL,2,2,0,2,17,3,1,NULL," -1",1,0,1,80
202000025210,6,11,2020,13:40:00,1,35,35120,1,1,1,3,"La Justice","48,2123680"," -1,7669180",202000025210,154 697 867,B01,1,1,0,2,8,2,0,NULL,202000025210,154 697 867,B01,1,1,3,1,1970,5,0,-1,-1,0,0,-1,202000025210,3,27,0,NULL,2,2,0,2,17,3,1,NULL," -1",1,0,1,80
202000027048,4,11,2020,09:05:00,1,86,86194,2,6,1,3,"Route de Nouaille","46,5637633","0,3652270",202000027048,154 694 664,B01,2,1,0,2,2,1,5,NULL,202000027048,154 694 664,B01,1,1,4,1,1955,9,8,0,-1,-1," -1",-1,202000027048,3,12C,0,NULL,1,2,0,1,4,700,3,NULL," -1",1,0,1,50
202000027048,4,11,2020,09:05:00,1,86,86194,2,6,1,3,"Route de Nouaille","46,5637633","0,3652270",202000027048,154 694 664,B01,2,1,0,2,2,1,5,NULL,202000027048,154 694 665,A01,1,1,1,2,1984,9,1,8,-1,-1," -1",-1,202000027048,3,12C,0,NULL,1,2,0,1,4,700,3,NULL," -1",1,0,1,50
202000029799,30,9,2020,18:45:00,2,69,69387,2,2,1,1,"DOMER                               (R )","45,7476400","4,8502400",202000029799,154 689 876,A01,1,1,0,2,7,19,5,NULL,202000029799,154 689 876,A01,1,1,4,1,2010,5,0,0,-1,-1," -1",-1,202000029799,4,"DOMER  (R )",0,NULL,1,2,1,1,(1),(1),1,NULL," -1",1,0,1,50
202000029799,30,9,2020,18:45:00,2,69,69387,2,2,1,1,"DOMER                               (R )","45,7476400","4,8502400",202000029799,154 689 876,A01,1,1,0,2,7,19,5,NULL,202000029799,154 689 877,B01,1,1,4,1,1969,1,1,-1,-1,-1," -1",-1,202000029799,4,"DOMER  (R )",0,NULL,1,2,1,1,(1),(1),1,NULL," -1",1,0,1,50
202000030831,4,9,2020,14:20:00,1,35,35238,2,1,1,7,"BOSPHORE (DU)","48,0832000"," -1,6770000",202000030831,154 688 130,B01,0,1,0,0,1,26,5,NULL,202000030831,154 688 130,B01,1,1,4,2,1950,3,2,0,-1,-1," -1",-1,202000030831,9,"BOSPHORE (DU)",0,NULL,-1,0,0,1,0,0,1,NULL," -1",1,6,4,1
202000032775,2,9,2020,19:35:00,1,35,35238,2,6,1,3,"GAYEULLES (ROND POINT)","48,1274191"," -1,6524442",202000032775,154 684 834,B01,0,1,0,2,7,1,0,NULL,202000032775,154 684 834,B01,1,1,4,1,1989,1,2,8,-1,-1," -1",-1,202000032775,4,"GAYEULLES (ROND POINT)",0,NULL,1,1,1,1,0,0,1,NULL," -1",1,9,5,50
202000032775,2,9,2020,19:35:00,1,35,35238,2,6,1,3,"GAYEULLES (ROND POINT)","48,1274191"," -1,6524442",202000032775,154 684 834,B01,0,1,0,2,7,1,0,NULL,202000032775,154 684 835,A01,1,1,1,1,1964,3,1,8,-1,-1," -1",-1,202000032775,4,"GAYEULLES (ROND POINT)",0,NULL,1,1,1,1,0,0,1,NULL," -1",1,9,5,50
202000034556,1,9,2020,09:00:00,1,92,92050,2,5,1,3,"CLEMENCEAU GEORGES AVENUE N° PAIR","48,8865153","2,2089922",202000034556,154 681 694,B01,2,1,0,2,1,1,5,NULL,202000034556,154 681 694,B01,1,1,4,2,1975,1,2,0,-1,-1," -1",-1,202000034556,3,913,0,NULL,3,5,1,1,0,0,1,NULL," -1",1,0,1,50
202000034556,1,9,2020,09:00:00,1,92,92050,2,5,1,3,"CLEMENCEAU GEORGES AVENUE N° PAIR","48,8865153","2,2089922",202000034556,154 681 694,B01,2,1,0,2,1,1,5,NULL,202000034556,154 681 695,A01,1,1,1,2,1961,1,1,0,-1,-1," -1",-1,202000034556,3,913,0,NULL,3,5,1,1,0,0,1,NULL," -1",1,0,1,50
202000035394,28,10,2020,14:00:00,1,75,75108,2,7,8,3,"PLACE DE LA CONCORDE","48,8660650","2,3209740",202000035394,154 680 208,B01,3,1,0,2,8,1,5,NULL,202000035394,154 680 208,B01,1,1,4,2,1962,1,8,0,-1,0,0,-1,202000035394,4,NULL,0,NULL,4,8,0,1,0,0,2,NULL," -1",1,0,1,50
202000035394,28,10,2020,14:00:00,1,75,75108,2,7,8,3,"PLACE DE LA CONCORDE","48,8660650","2,3209740",202000035394,154 680 208,B01,3,1,0,2,8,1,5,NULL,202000035394,154 680 211,A01,1,1,1,1,1957,4,1,0,-1,0,0,-1,202000035394,4,NULL,0,NULL,4,8,0,1,0,0,2,NULL," -1",1,0,1,50
202000036404,31,8,2020,18:45:00,1,31,31555,2,3,1,3,"RUE DES FONTAINES","43,6030800","1,4107600",202000036404,154 678 386,B01,2,1,0,2,1,5,5,NULL,202000036404,154 678 386,B01,1,1,4,1,1991,9,2,0,-1,-1," -1",-1,202000036404,4,"RUE DES FONTAINES",0,NULL,1,1,0,1,0,0,1,NULL," -1",1,0,1,50
202000036404,31,8,2020,18:45:00,1,31,31555,2,3,1,3,"RUE DES FONTAINES","43,6030800","1,4107600",202000036404,154 678 386,B01,2,1,0,2,1,5,5,NULL,202000036404,154 678 387,A01,1,1,1,1,1989,9,1,8,-1,-1," -1",-1,202000036404,4,"RUE DES FONTAINES",0,NULL,1,1,0,1,0,0,1,NULL," -1",1,0,1,50
202000036551,24,2,2020,13:15:00,1,75,75117,2,1,1,6,"BOULEVARD BESSIERES","48,8962470","2,3186710",202000036551,154 678 121,A01,1,1,0,1,2,25,5,NULL,202000036551,154 678 121,A01,1,1,1,1,1997,1,2,8,-1,0,0,-1,202000036551,4,NULL,0,NULL,-1,2,0,1,0,0,1,NULL," -1",1,6,4,50