Num_Acc,jour,mois,an,hrmn,lum,dep,com,agg,int,atm,col,adr,lat,long,Num_Acc,id_vehicule,num_veh,senc,catv,obs,obsm,choc,manv,motor,occutc,Num_Acc,id_vehicule,num_veh,place,catu,grav,sexe,an_nais,trajet,secu1,secu2,secu3,locp,actp,etatp,Num_Acc,catr,voie,v1,v2,circ,nbv,vosp,prof,pr,pr1,plan,lartpc,larrout,surf,infra,situ,vma
202000036551,24,2,2020,13:15:00,1,75,75117,2,1,1,6,"BOULEVARD BESSIERES","48,8962470","2,3186710",202000036551,154 678 121,A01,1,1,0,1,2,25,5,NULL,202000036551,154 678 121,A01,10,3,4,2,2005,9,0,-1,-1,5,1,1,202000036551,4,NULL,0,NULL,-1,2,0,1,0,0,1,NULL," -1",1,6,4,50
202000036676,12,2,2020,16:00:00,1,01,01342,2,1,1,5,D61,"45,8940250","5,0501770",202000036676,154 677 897,B01,1,1,0,2,2,1,5,NULL,202000036676,154 677 895,A01,1,1,1,2,1951,0,8,-1,-1,0,0,-1,202000036676,3,61,0,C,2,2,0,2,0,260,1,NULL," -1",1,0,1,50
202000036676,12,2,2020,16:00:00,1,01,01342,2,1,1,5,D61,"45,8940250","5,0501770",202000036676,154 677 896,C01,1,1,0,2,2,1,5,NULL,202000036676,154 677 895,A01,1,1,1,2,1951,0,8,-1,-1,0,0,-1,202000036676,3,61,0,C,2,2,0,2,0,260,1,NULL," -1",1,0,1,50
202000036676,12,2,2020,16:00:00,1,01,01342,2,1,1,5,D61,"45,8940250","5,0501770",202000036676,154 677 897,B01,1,1,0,2,2,1,5,NULL,202000036676,154 677 896,C01,1,1,4,1,2003,5,2,-1,-1,0,0,-1,202000036676,3,61,0,C,2,2,0,2,0,260,1,NULL," -1",1,0,1,50
202000036676,12,2,2020,16:00:00,1,01,01342,2,1,1,5,D61,"45,8940250","5,0501770",202000036676,154 677 896,C01,1,1,0,2,2,1,5,NULL,202000036676,154 677 896,C01,1,1,4,1,2003,5,2,-1,-1,0,0,-1,202000036676,3,61,0,C,2,2,0,2,0,260,1,NULL," -1",1,0,1,50
202000036676,12,2,2020,16:00:00,1,01,01342,2,1,1,5,D61,"45,8940250","5,0501770",202000036676,154 677 897,B01,1,1,0,2,2,1,5,NULL,202000036676,154 677 897,B01,1,1,4,1,2004,5,2,-1,-1,0,0,-1,202000036676,3,61,0,C,2,2,0,2,0,260,1,NULL," -1",1,0,1,50
202000036676,12,2,2020,16:00:00,1,01,01342,2,1,1,5,D61,"45,8940250","5,0501770",202000036676,154 677 896,C01,1,1,0,2,2,1,5,NULL,202000036676,154 677 897,B01,1,1,4,1,2004,5,2,-1,-1,0,0,-1,202000036676,3,61,0,C,2,2,0,2,0,260,1,NULL," -1",1,0,1,50
202000037073,29,5,2020,17:15:00,1,93,93045,2,2,7,-1,"R DE PARIS / AV GEORGES CLEMENCEAU","48,8814600","2,4214900",202000037073,154 677 214,B01,3,1,0,0,0,0,5,NULL,202000037073,154 677 214,B01,1,1,4,1,1971,0,8,0,-1,-1,0,-1,202000037073,3,117,0,NULL,2,2,0,1,0,1,1,NULL," -1",1,0,1,50
202000037073,29,5,2020,17:15:00,1,93,93045,2,2,7,-1,"R DE PARIS / AV GEORGES CLEMENCEAU","48,8814600","2,4214900",202000037073,154 677 214,B01,3,1,0,0,0,0,5,NULL,202000037073,154 677 215,A01,1,1,1,2,1985,0,1,0,-1,-1,0,-1,202000037073,3,117,0,NULL,2,2,0,1,0,1,1,NULL," -1",1,0,1,50
202000038926,27,5,2020,08:10:00,1,34,34172,2,6,1,2,"MAS D'ASTRE (ROND-POINT DU)","43,5748900","3,8599300",202000038926,154 673 943,B01,1,1,0,2,4,1,5,NULL,202000038926,154 673 942,A01,1,1,1,2,1963,1,1,8,-1,0,0,-1,202000038926,4,NULL,0,NULL,1,2,0,1,0,0,2,NULL," -1",1,5,1,50
202000038926,27,5,2020,08:10:00,1,34,34172,2,6,1,2,"MAS D'ASTRE (ROND-POINT DU)","43,5748900","3,8599300",202000038926,154 673 943,B01,1,1,0,2,4,1,5,NULL,202000038926,154 673 943,B01,1,1,4,2,1981,5,2,0,-1,0,0,-1,202000038926,4,NULL,0,NULL,1,2,0,1,0,0,2,NULL," -1",1,5,1,50
202000039157,29,7,2020,17:55:00,1,75,75113,2,1,1,3,"AVENUE DES GOBELINS","48,8342050","2,3536560",202000039157,154 673 517,A01,2,1,0,2,3,10,5,NULL,202000039157,154 673 517,A01,1,1,4,1,2005,5,2,0,-1,0,0,-1,202000039157,4,NULL,0,NULL,2,4,3,2,0,0,1,NULL," -1",1,-1,6,50
202000039157,29,7,2020,17:55:00,1,75,75113,2,1,1,3,"AVENUE DES GOBELINS","48,8342050","2,3536560",202000039157,154 673 517,A01,2,1,0,2,3,10,5,NULL,202000039157,154 673 518,B01,1,1,1,1,1989,4,1,0,-1,0,0,-1,202000039157,4,NULL,0,NULL,2,4,3,2,0,0,1,NULL," -1",1,-1,6,50
202000039318,7,12,2020,15:15:00,1,2B,2B281,1,1,8,3,"RD 80","42,8015020","9,4904870",202000039318,154 673 237,B01,2,1,0,2,8,2,0,NULL,202000039318,154 673 235,A01,1,1,1,1,1963,3,1,-1,-1,0,0,-1,202000039318,3,80,0,NULL,2,2,0,1,13,150,1,NULL," -1",1,0,1,80
202000039318,7,12,2020,15:15:00,1,2B,2B281,1,1,8,3,"RD 80","42,8015020","9,4904870",202000039318,154 673 237,B01,2,1,0,2,8,2,0,NULL,202000039318,154 673 237,B01,1,1,4,1,1966,5,2,-1,-1,0,0,-1,202000039318,3,80,0,NULL,2,2,0,1,13,150,1,NULL," -1",1,0,1,80
202000041509,26,5,2020,16:30:00,1,69,69386,2,2,1,3,"MICHEL RAMBAUD                      (R )","45,7689600","4,8605700",202000041509,154 669 385,B01,3,1,0,2,1,19,5,NULL,202000041509,154 669 385,B01,1,1,4,2,1991,0,8,0,-1,-1," -1",-1,202000041509,4,"MICHEL RAMBAUD                      (R )",0,NULL,1,2,0,1,0,0,1,NULL," -1",1,0,1,50
202000041509,26,5,2020,16:30:00,1,69,69386,2,2,1,3,"MICHEL RAMBAUD                      (R )","45,7689600","4,8605700",202000041509,154 669 385,B01,3,1,0,2,1,19,5,NULL,202000041509,154 669 386,A01,1,1,1,1,1999,4,1,0,-1,-1," -1",-1,202000041509,4,"MICHEL RAMBAUD                      (R )",0,NULL,1,2,0,1,0,0,1,NULL," -1",1,0,1,50
202000042344,9,3,2020,10:30:00,1,27,27528,2,6,1,3,"VILLAGE (CHAUSSEE DU)","49,2632600","1,2115400",202000042344,154 667 877,B01,1,1,0,2,4,1,5,NULL,202000042344,154 667 876,A01,1,1,1,1,1974,4,1,0,-1,0,0,-1,202000042344,4,NULL,0,NULL,2,2,0,1,(1),(1),1,NULL," -1",1,9,1,50
202000042344,9,3,2020,10:30:00,1,27,27528,2,6,1,3,"VILLAGE (CHAUSSEE DU)","49,2632600","1,2115400",202000042344,154 667 877,B01,1,1,0,2,4,1,5,NULL,202000042344,154 667 877,B01,1,1,3,1,1950,0,8,0,-1,0,0,-1,202000042344,4,NULL,0,NULL,2,2,0,1,(1),(1),1,NULL," -1",1,9,1,50
202000044239,25,6,2020,13:40:00,1,77,77111,2,1,1,-1,"GRAND FOSSE ( BOULEVARD ) - D344","48,8550900","2,7712100",202000044239,154 664 492,B01,0,1,0,2,3,19,5,NULL,202000044239,154 664 492,B01,1,1,3,1,2005,5,8,0,-1,-1," -1",-1,202000044239,3,344,0,NULL,3,2,0,1,4,941,1,NULL," -1",1,0,1,50
202000044239,25,6,2020,13:40:00,1,77,77111,2,1,1,-1,"GRAND FOSSE ( BOULEVARD ) - D344","48,8550900","2,7712100",202000044239,154 664 492,B01,0,1,0,2,3,19,5,NULL,202000044239,154 664 493,A01,1,1,1,1,1962,0,1,0,-1,-1," -1",-1,202000044239,3,344,0,NULL,3,2,0,1,4,941,1,NULL," -1",1,0,1,50
202000007059,25,2,2020,20:00:00,5,80,80021,2,3,1,3,"ITALIE (AVENUE D')","49,8715300","2,2844700",202000007059,154 729 862,B01,0,1,0,2,1,16,0,NULL,202000007059,154 729 862,B01,1,1,4,2,1984,0,8,0,-1,0,0,-1,202000007059,4,"ITALIE (AVENUE D')",0,NULL,2,2,0,1,0,0,1,NULL," -1",1,0,1,50
202000007059,25,2,2020,20:00:00,5,80,80021,2,3,1,3,"ITALIE (AVENUE D')","49,8715300","2,2844700",202000007059,154 729 862,B01,0,1,0,2,1,16,0,NULL,202000007059,154 729 863,A01,1,1,1,1,1984,0,1,0,-1,0,0,-1,202000007059,4,"ITALIE (AVENUE D')",0,NULL,2,2,0,1,0,0,1,NULL," -1",1,0,1,50
202000007104,27,2,2020,12:35:00,1,64,64102,2,1,2,3,"BEYRIS (GIRATOIRE)","43,4780700"," -1,4920800",202000007104,154 729 771,B01,3,1,0,2,1,1,0,NULL,202000007104,154 729 771,B01,1,1,4,2,1988,0,8,8,-1,-1," -1",-1,202000007104,4,"BEYRIS (GIRATOIRE)",0,NULL,1,2,1,1,0,0,3,NULL," -1",2,5,5,50
202000007104,27,2,2020,12:35:00,1,64,64102,2,1,2,3,"BEYRIS (GIRATOIRE)","43,4780700"," -1,4920800",202000007104,154 729 771,B01,3,1,0,2,1,1,0,NULL,202000007104,154 729 772,A01,1,1,1,1,1983,4,1,0,-1,-1," -1",-1,202000007104,4,"BEYRIS (GIRATOIRE)",0,NULL,1,2,1,1,0,0,3,NULL," -1",2,5,5,50
202000008169,19,8,2020,16:45:00,1,75,75110,2,2,8,6,"RUE LOUIS BLANC","48,8810990","2,3651540",202000008169,154 727 876,A01,3,1,0,1,1,5,5,NULL,202000008169,154 727 876,A01,10,3,4,2,1933,3,0,-1,-1,4,3,1,202000008169,4,NULL,0,NULL,1,2,0,1,0,0,1,NULL," -1",1,0,1,50
202000008169,19,8,2020,16:45:00,1,75,75110,2,2,8,6,"RUE LOUIS BLANC","48,8810990","2,3651540",202000008169,154 727 876,A01,3,1,0,1,1,5,5,NULL,202000008169,154 727 876,A01,1,1,1,1,1994,1,8,0,-1,0,0,-1,202000008169,4,NULL,0,NULL,1,2,0,1,0,0,1,NULL," -1",1,0,1,50
202000009446,18,7,2020,10:40:00,1,44,44049,2,3,1,3,"Avenue de la Pierre Longue","47,2862600"," -2,5186960",202000009446,154 725 644,B01,2,1,0,2,1,17,0,NULL,202000009446,154 725 643,A01,1,1,1,1,2001,5,1,-1,-1,0,0,-1,202000009446,3,45,-1,NULL,2,2,0,1,9,0,1,NULL," -1",1,0,1,50
202000009446,18,7,2020,10:40:00,1,44,44049,2,3,1,3,"Avenue de la Pierre Longue","47,2862600"," -2,5186960",202000009446,154 725 644,B01,2,1,0,2,1,17,0,NULL,202000009446,154 725 644,B01,1,1,4,1,1959,5,0,-1,-1,0,0,-1,202000009446,3,45,-1,NULL,2,2,0,1,9,0,1,NULL," -1",1,0,1,50
202000009474,19,7,2020,09:25:00,1,77,77110,1,1,1,-1,D7,"48,1684167","2,6507413",202000009474,154 725 596,A01,3,1,0,0,8,26,5,NULL,202000009474,154 725 595,B01,1,1,4,1,1970,5,2,-1,-1,0,0,-1,202000009474,3,7,0,NULL,2,2,0,1,7,300,1,NULL," -1",1,0,1,80
202000009474,19,7,2020,09:25:00,1,77,77110,1,1,1,-1,D7,"48,1684167","2,6507413",202000009474,154 725 595,B01,3,1,0,0,7,2,5,NULL,202000009474,154 725 595,B01,1,1,4,1,1970,5,2,-1,-1,0,0,-1,202000009474,3,7,0,NULL,2,2,0,1,7,300,1,NULL," -1",1,0,1,80
202000009474,19,7,2020,09:25:00,1,77,77110,1,1,1,-1,D7,"48,1684167","2,6507413",202000009474,154 725 596,A01,3,1,0,0,8,26,5,NULL,202000009474,154 725 596,A01,1,1,3,1,1946,5,2,-1,-1,0,0,-1,202000009474,3,7,0,NULL,2,2,0,1,7,300,1,NULL," -1",1,0,1,80
202000009474,19,7,2020,09:25:00,1,77,77110,1,1,1,-1,D7,"48,1684167","2,6507413",202000009474,154 725 595,B01,3,1,0,0,7,2,5,NULL,202000009474,154 725 596,A01,1,1,3,1,1946,5,2,-1,-1,0,0,-1,202000009474,3,7,0,NULL,2,2,0,1,7,300,1,NULL," -1",1,0,1,80
202000009776,17,6,2020,09:15:00,1,68,68224,2,1,1,1,"NEPPERT (RUE)","47,7545000","7,3383600",202000009776,154 725 056,B01,1,1,0,2,0,1,0,NULL,202000009776,154 725 056,B01,1,1,3,1,1939,5,8,0,-1,-1," -1",-1,202000009776,4,"NEPPERT (RUE)",0,NULL,1,1,0,1,0,0,1,NULL," -1",1,0,1,50
202000009776,17,6,2020,09:15:00,1,68,68224,2,1,1,1,"NEPPERT (RUE)","47,7545000","7,3383600",202000009776,154 725 056,B01,1,1,0,2,0,1,0,NULL,202000009776,154 725 057,A01,1,1,1,1,1973,5,1,0,-1,-1," -1",-1,202000009776,4,"NEPPERT (RUE)",0,NULL,1,1,0,1,0,0,1,NULL," -1",1,0,1,50
202000010093,17,8,2020,10:54:00,1,49,49007,2,1,1,7,MOURIN,"47,4779600"," -0,5477100",202000010093,154 724 497,A01,1,1,0,0,0,1,5,NULL,202000010093,154 724 497,A01,1,1,4,1,2009,0,8,0,-1,-1," -1",-1,202000010093,4,MOURIN,0,NULL,1,1,0,1,0,0,1,NULL," -1",1,0,1,50
202000010777,12,5,2020,06:35:00,1,988,98818,2,1,2,6,"LAMARTINE (RUE)"," -22,2850700","166,4453300",202000010777,154 723 313,A01,1,1,12,0,1,1,5,NULL,202000010777,154 723 313,A01,1,1,4,1,1970,5,8,8,-1,-1," -1",-1,202000010777,4,353,0,NULL,2,2,0,2,(1),0,1,NULL," -1",2,0,1,50
202000012020,16,8,2020,17:16:00,1,75,75119,2,7,1,4,"PLACE DU COLONEL FABIEN","48,8784320","2,3704480",202000012020,154 721 104,B01,3,1,0,2,4,23,5,NULL,202000012020,154 721 101,A01,1,1,1,1,2000,9,1,8,-1,0,0,-1,202000012020,4,NULL,0,NULL,1,2,0,2,0,0,2,NULL," -1",1,0,1,50
202000012020,16,8,2020,17:16:00,1,75,75119,2,7,1,4,"PLACE DU COLONEL FABIEN","48,8784320","2,3704480",202000012020,154 721 104,B01,3,1,0,2,4,23,5,NULL,202000012020,154 721 103,C01,1,1,1,1,1994,9,1,0,-1,0,0,-1,202000012020,4,NULL,0,NULL,1,2,0,2,0,0,2,NULL," -1",1,0,1,50
202000012020,16,8,2020,17:16:00,1,75,75119,2,7,1,4,"PLACE DU COLONEL FABIEN","48,8784320","2,3704480",202000012020,154 721 104,B01,3,1,0,2,4,23,5,NULL,202000012020,154 721 104,B01,1,1,4,2,1982,9,8,0,-1,0,0,-1,202000012020,4,NULL,0,NULL,1,2,0,2,0,0,2,NULL," -1",1,0,1,50
202000012452,20,11,2020,10:43:00,1,92,92012,2,1,1,2,"JEAN JAURES (BOULEVARD) 1/61 - COTE IMPA","48,8409236","2,2393541",202000012452,154 720 366,A01,2,1,0,2,0,0,0,NULL,202000012452,154 720 366,A01,1,1,1,1,1950,0,2,0,-1,-1," -1",-1,202000012452,3,2,0,NULL,3,2,0,1,0,0,1,NULL," -1",1,0,1,50
202000012452,20,11,2020,10:43:00,1,92,92012,2,1,1,2,"JEAN JAURES (BOULEVARD) 1/61 - COTE IMPA","48,8409236","2,2393541",202000012452,154 720 366,A01,2,1,0,2,0,0,0,NULL,202000012452,154 720 367,B01,1,1,4,1,1987,4,2,0,-1,-1," -1",-1,202000012452,3,2,0,NULL,3,2,0,1,0,0,1,NULL," -1",1,0,1,50
202000013865,11,10,2020,13:20:00,1,75,75117,2,2,1,3,"BOULEVARD BESSIERES","48,8943440","2,3136480",202000013865,154 717 901,A01,1,1,0,2,1,1,5,NULL,202000013865,154 717 900,B01,1,1,1,1,1977,9,1,0,-1,0,0,-1,202000013865,4,NULL,0,NULL,2,2,0,1,0,0,1,NULL," -1",1,0,1,50
202000013865,11,10,2020,13:20:00,1,75,75117,2,2,1,3,"BOULEVARD BESSIERES","48,8943440","2,3136480",202000013865,154 717 901,A01,1,1,0,2,1,1,5,NULL,202000013865,154 717 901,A01,1,1,4,1,1957,5,8,8,-1,0,0,-1,202000013865,4,NULL,0,NULL,2,2,0,1,0,0,1,NULL," -1",1,0,1,50
202000016867,13,7,2020,16:00:00,1,75,75112,2,7,1,3,"PLACE FELIX EBOUE","48,8397940","2,3956060",202000016867,154 712 577,A01,3,1,0,2,1,1,5,NULL,202000016867,154 712 577,A01,1,1,4,1,1972,5,8,0,-1,0,0,-1,202000016867,4,NULL,0,NULL,-1,3,0,1,0,0,3,NULL," -1",1,0,1,50
202000016867,13,7,2020,16:00:00,1,75,75112,2,7,1,3,"PLACE FELIX EBOUE","48,8397940","2,3956060",202000016867,154 712 577,A01,3,1,0,2,1,1,5,NULL,202000016867,154 712 578,B01,1,1,1,1,1961,4,1,0,-1,0,0,-1,202000016867,4,NULL,0,NULL,-1,3,0,1,0,0,3,NULL," -1",1,0,1,50
202000017782,11,8,2020,17:05:00,1,75,75102,2,1,2,7,"RUE MONTORGUEIL","48,8653730","2,3469500",202000017782,154 710 932,A01,1,1,0,0,1,1,5,NULL,202000017782,154 710 932,A01,1,1,4,2,1964,5,2,0,-1,0,0,-1,202000017782,4,NULL,0,NULL,1,1,0,1,0,0,1,NULL," -1",2,6,1,50
202000018010,18,12,2020,20:40:00,5,974,97416,2,1,1,3,"HUBERT DE LISLE(BOULEVARD)"," -21,3423000","55,4735300",202000018010,154 710 538,B01,1,1,0,2,2,18,5,NULL,202000018010,154 710 538,B01,1,1,4,1,2000,9,8,0,-1,-1," -1",-1,202000018010,4,"HUBERT DE LISLE(BOULEVARD)",0,NULL,3,1,0,1,0,0,1,NULL," -1",1,0,1,50
202000018010,18,12,2020,20:40:00,5,974,97416,2,1,1,3,"HUBERT DE LISLE(BOULEVARD)"," -21,3423000","55,4735300",202000018010,154 710 538,B01,1,1,0,2,2,18,5,NULL,202000018010,154 710 539,A01,1,1,1,1,1996,0,1,0,-1,-1," -1",-1,202000018010,4,"HUBERT DE LISLE(BOULEVARD)",0,NULL,3,1,0,1,0,0,1,NULL," -1",1,0,1,50
202000018646,21,1,2020,13:50:00,1,69,69259,2,2,1,1,"FRANCIS DE PRESSENSE                (AV)","45,7267133","4,8624480",202000018646,154 709 449,B01,3,1,0,2,1,0,0,NULL,202000018646,154 709 448,A01,1,1,1,2,1976,0,1,-1,-1,-1,0,-1,202000018646,4,"FRANCIS DE PRESSENSE                (AV)",0,NULL,3,2,0,1,0,0,1,NULL," -1",1,0,6,50
202000018646,21,1,2020,13:50:00,1,69,69259,2,2,1,1,"FRANCIS DE PRESSENSE                (AV)","45,7267133","4,8624480",202000018646,154 709 449,B01,3,1,0,2,1,0,0,NULL,202000018646,154 709 449,B01,1,1,4,1,2008,0,0,-1,-1,-1,0,-1,202000018646,4,"FRANCIS DE PRESSENSE                (AV)",0,NULL,3,2,0,1,0,0,1,NULL," -1",1,0,6,50
202000019447,12,8,2020,08:40:00,1,76,76618,2,1,1,3,"24 rue du chateau","49,9403600","1,1423420",202000019447,154 707 995,B01,2,1,0,2,1,1,0,NULL,202000019447,154 707 994,A01,1,1,1,1,1946,4,1,-1,-1,0,0,-1,202000019447,3,113,0,NULL,2,2,0,1,4,470,1,NULL," -1",1,0,1,50
202000019447,12,8,2020,08:40:00,1,76,76618,2,1,1,3,"24 rue du chateau","49,9403600","1,1423420",202000019447,154 707 995,B01,2,1,0,2,1,1,0,NULL,202000019447,154 707 995,B01,1,1,4,1,1950,5,2,-1,-1,0,0,-1,202000019447,3,113,0,NULL,2,2,0,1,4,470,1,NULL," -1",1,0,1,50
202000019449,12,8,2020,15:30:00,1,68,68307,1,1,1,1,D466,"47,8160510","6,8659510",202000019449,154 707 991,B01,1,1,0,2,1,1,5,NULL,202000019449,154 707 990,A01,1,1,1,1,1980,1,1,-1,-1,0,0,-1,202000019449,3,466,-1,NULL,2,2,0,2,5,950,4,NULL," -1",1,0,1,80
202000019449,12,8,2020,15:30:00,1,68,68307,1,1,1,1,D466,"47,8160510","6,8659510",202000019449,154 707 991,B01,1,1,0,2,1,1,5,NULL,202000019449,154 707 991,B01,1,1,3,1,1961,5,2,-1,-1,0,0,-1,202000019449,3,466,-1,NULL,2,2,0,2,5,950,4,NULL," -1",1,0,1,80
202000021043,8,9,2020,07:20:00,2,49,49328,2,3,1,3,"Route d'Angers D952","47,2672400"," -0,0700500",202000021043,154 705 182,B01,1,1,0,2,7,1,5,NULL,202000021043,154 705 181,A01,1,1,1,1,1961,0,1,0,-1,-1," -1",-1,202000021043,3,"ANGERS (ROUTE D') D 952",0,NULL,-1,2,0,1,0,9,1,NULL," -1",1,0,1,50
202000021043,8,9,2020,07:20:00,2,49,49328,2,3,1,3,"Route d'Angers D952","47,2672400"," -0,0700500",202000021043,154 705 182,B01,1,1,0,2,7,1,5,NULL,202000021043,154 705 182,B01,1,1,4,1,2000,0,2,0,-1,-1," -1",-1,202000021043,3,"ANGERS (ROUTE D') D 952",0,NULL,-1,2,0,1,0,9,1,NULL," -1",1,0,1,50
202000021050,9,9,2020,12:30:00,1,35,35238,2,3,1,3,"3 Avenue Sir Winston Churchill","48,1170700"," -1,7080300",202000021050,154 705 171,B01,2,1,0,2,1,1,5,NULL,202000021050,154 705 171,B01,1,1,4,1,1975,1,8,0,-1,-1," -1",-1,202000021050,4,"CHURCHILL (AVENUE SIR WINSTON)",0,NULL,2,1,1,1,0,0,1,NULL," -1",1,0,5,50
202000021050,9,9,2020,12:30:00,1,35,35238,2,3,1,3,"3 Avenue Sir Winston Churchill","48,1170700"," -1,7080300",202000021050,154 705 171,B01,2,1,0,2,1,1,5,NULL,202000021050,154 705 172,A01,1,1,1,1,1980,1,1,0,-1,-1," -1",-1,202000021050,4,"CHURCHILL (AVENUE SIR WINSTON)",0,NULL,2,1,1,1,0,0,1,NULL," -1",1,0,5,50
202000022071,18,12,2020,16:50:00,2,33,33063,2,1,1,3,"RUE SUFFREN","44,8759700"," -0,5560300",202000022071,154 703 373,B01,0,1,0,2,8,19,5,NULL,202000022071,154 703 373,B01,1,1,4,1,1958,1,8,-1,-1,-1," -1",-1,202000022071,4,"RUE SUFFREN",0,NULL,2,2,0,1,(1),(1),1,NULL," -1",1,0,1,50
202000022071,18,12,2020,16:50:00,2,33,33063,2,1,1,3,"RUE SUFFREN","44,8759700"," -0,5560300",202000022071,154 703 373,B01,0,1,0,2,8,19,5,NULL,202000022071,154 703 374,A01,1,1,1,1,1979,1,1,-1,-1,-1," -1",-1,202000022071,4,"RUE SUFFREN",0,NULL,2,2,0,1,(1),(1),1,NULL," -1",1,0,1,50
202000024313,18,1,2020,18:00:00,5,35,35238,2,1,1,1,"VILLEBOIS MAREUIL (BD)","48,1065800"," -1,6508800",202000024313,154 699 478,B01,2,1,0,2,1,1,5,NULL,202000024313,154 699 477,A01,1,1,4,1,2005,9,8,0,-1,-1," -1",-1,202000024313,4,"VILLEBOIS MAREUIL (BD)",0,NULL,2,2,1,1,0,0,1,NULL," -1",1,9,4,50
202000024313,18,1,2020,18:00:00,5,35,35238,2,1,1,1,"VILLEBOIS MAREUIL (BD)","48,1065800"," -1,6508800",202000024313,154 699 478,B01,2,1,0,2,1,1,5,NULL,202000024313,154 699 478,B01,1,1,4,1,1994,9,8,0,-1,-1," -1",-1,202000024313,4,"VILLEBOIS MAREUIL (BD)",0,NULL,2,2,1,1,0,0,1,NULL," -1",1,9,4,50
202000024472,8,7,2020,07:45:00,1,94,94076,2,2,1,3,"PARIS (AV DE)","48,8057090","2,3637030",202000024472,154 699 194,B01,2,1,0,2,8,1,5,NULL,202000024472,154 699 193,A01,1,1,1,1,1950,1,8,0,-1,-1," -1",-1,202000024472,3,7,0,NULL,2,4,2,1,0,1,1,NULL," -1",1,5,5,50
202000024472,8,7,2020,07:45:00,1,94,94076,2,2,1,3,"PARIS (AV DE)","48,8057090","2,3637030",202000024472,154 699 194,B01,2,1,0,2,8,1,5,NULL,202000024472,154 699 194,B01,1,1,4,2,1950,1,8,8,-1,-1," -1",-1,202000024472,3,7,0,NULL,2,4,2,1,0,1,1,NULL," -1",1,5,5,50
202000025373,6,6,2020,15:00:00,1,33,33009,2,2,1,6,"HERICART DE THURY (CRS)","44,6607400"," -1,1661300",202000025373,154 697 574,A01,1,1,1,0,1,14,5,NULL,202000025373,154 697 574,A01,1,1,4,1,1967,0,8,-1,-1,-1," -1",-1,202000025373,4,"HERICART DE THURY (CRS)",0,NULL,1,1,0,1,(1),(1),1,NULL," -1",1,0,1,50
202000026978,7,8,2020,07:00:00,1,38,38565,1,1,1,1,"Rue Louis Neel","45,3082600","5,6123700",202000026978,154 694 794,A01,3,1,0,9,1,0,5,NULL,202000026978,154 694 793,B01,1,1,4,1,1963,1,2,-1,-1,0,0,-1,202000026978,4,NULL,-1,NULL,2,2,1,1,(1),(1),3,NULL," -1",1,0,5,50
202000026978,7,8,2020,07:00:00,1,38,38565,1,1,1,1,"Rue Louis Neel","45,3082600","5,6123700",202000026978,154 694 793,B01,3,1,0,9,1,0,5,NULL,202000026978,154 694 793,B01,1,1,4,1,1963,1,2,-1,-1,0,0,-1,202000026978,4,NULL,-1,NULL,2,2,1,1,(1),(1),3,NULL," -1",1,0,5,50
202000026978,7,8,2020,07:00:00,1,38,38565,1,1,1,1,"Rue Louis Neel","45,3082600","5,6123700",202000026978,154 694 794,A01,3,1,0,9,1,0,5,NULL,202000026978,154 694 794,A01,1,1,4,1,1970,1,2,-1,-1,0,0,-1,202000026978,4,NULL,-1,NULL,2,2,1,1,(1),(1),3,NULL," -1",1,0,5,50
202000026978,7,8,2020,07:00:00,1,38,38565,1,1,1,1,"Rue Louis Neel","45,3082600","5,6123700",202000026978,154 694 793,B01,3,1,0,9,1,0,5,NULL,202000026978,154 694 794,A01,1,1,4,1,1970,1,2,-1,-1,0,0,-1,202000026978,4,NULL,-1,NULL,2,2,1,1,(1),(1),3,NULL," -1",1,0,5,50
202000031736,28,9,2020,16:05:00,1,67,67482,2,3,8,3,"BRIGADE ALSACE LORRAINE (RUE DE LA)","48,5769900","7,7536600",202000031736,154 686 579,B01,2,1,0,2,1,1,5,NULL,202000031736,154 686 578,A01,1,1,1,2,1970,0,1,8,-1,-1," -1",-1,202000031736,4,"BRIGADE ALSACE LORRAINE (RUE DE LA)",0,NULL,3,3,1,1,0,0,1,NULL," -1",1,0,5,30
202000031736,28,9,2020,16:05:00,1,67,67482,2,3,8,3,"BRIGADE ALSACE LORRAINE (RUE DE LA)","48,5769900","7,7536600",202000031736,154 686 579,B01,2,1,0,2,1,1,5,NULL,202000031736,154 686 579,B01,1,1,4,1,2002,0,8,0,-1,-1," -1",-1,202000031736,4,"BRIGADE ALSACE LORRAINE (RUE DE LA)",0,NULL,3,3,1,1,0,0,1,NULL," -1",1,0,5,30
202000032053,11,1,2020,12:05:00,1,973,97302,2,2,1,5,"BARTHELEMY (RENE)","4,9336890"," -52,3304294",202000032053,154 686 030,A01,1,1,0,2,6,19,5,NULL,202000032053,154 686 027,D01,1,1,1,1,1970,5,8,0,-1,-1," -1",-1,202000032053,4,"BARTHELEMY (RENE)",0,NULL,2,2,0,1,(1),(1),1,NULL," -1",1,0,1,50
202000032053,11,1,2020,12:05:00,1,973,97302,2,2,1,5,"BARTHELEMY (RENE)","4,9336890"," -52,3304294",202000032053,154 686 030,A01,1,1,0,2,6,19,5,NULL,202000032053,154 686 028,C01,1,1,4,2,1977,0,1,0,-1,-1," -1",-1,202000032053,4,"BARTHELEMY (RENE)",0,NULL,2,2,0,1,(1),(1),1,NULL," -1",1,0,1,50