Num_Acc,jour,mois,an,hrmn,lum,dep,com,agg,int,atm,col,adr,lat,long,Num_Acc,id_vehicule,num_veh,senc,catv,obs,obsm,choc,manv,motor,occutc,Num_Acc,id_vehicule,num_veh,place,catu,grav,sexe,an_nais,trajet,secu1,secu2,secu3,locp,actp,etatp,Num_Acc,catr,voie,v1,v2,circ,nbv,vosp,prof,pr,pr1,plan,lartpc,larrout,surf,infra,situ,vma
202000032053,11,1,2020,12:05:00,1,973,97302,2,2,1,5,"BARTHELEMY (RENE)","4,9336890"," -52,3304294",202000032053,154 686 030,A01,1,1,0,2,6,19,5,NULL,202000032053,154 686 029,B01,1,1,4,2,1962,0,1,0,-1,-1," -1",-1,202000032053,4,"BARTHELEMY (RENE)",0,NULL,2,2,0,1,(1),(1),1,NULL," -1",1,0,1,50
202000032053,11,1,2020,12:05:00,1,973,97302,2,2,1,5,"BARTHELEMY (RENE)","4,9336890"," -52,3304294",202000032053,154 686 030,A01,1,1,0,2,6,19,5,NULL,202000032053,154 686 029,B01,10,3,1,1,1986,4,0,-1,-1,7,9,1,202000032053,4,"BARTHELEMY (RENE)",0,NULL,2,2,0,1,(1),(1),1,NULL," -1",1,0,1,50
202000032053,11,1,2020,12:05:00,1,973,97302,2,2,1,5,"BARTHELEMY (RENE)","4,9336890"," -52,3304294",202000032053,154 686 030,A01,1,1,0,2,6,19,5,NULL,202000032053,154 686 029,B01,10,3,4,1,1956,5,0,-1,-1,5,9,3,202000032053,4,"BARTHELEMY (RENE)",0,NULL,2,2,0,1,(1),(1),1,NULL," -1",1,0,1,50
202000032053,11,1,2020,12:05:00,1,973,97302,2,2,1,5,"BARTHELEMY (RENE)","4,9336890"," -52,3304294",202000032053,154 686 030,A01,1,1,0,2,6,19,5,NULL,202000032053,154 686 029,B01,10,3,4,1,1962,5,0,-1,-1,5,9,3,202000032053,4,"BARTHELEMY (RENE)",0,NULL,2,2,0,1,(1),(1),1,NULL," -1",1,0,1,50
202000032053,11,1,2020,12:05:00,1,973,97302,2,2,1,5,"BARTHELEMY (RENE)","4,9336890"," -52,3304294",202000032053,154 686 030,A01,1,1,0,2,6,19,5,NULL,202000032053,154 686 029,B01,10,3,4,1,1953,5,0,-1,-1,5,9,3,202000032053,4,"BARTHELEMY (RENE)",0,NULL,2,2,0,1,(1),(1),1,NULL," -1",1,0,1,50
202000032053,11,1,2020,12:05:00,1,973,97302,2,2,1,5,"BARTHELEMY (RENE)","4,9336890"," -52,3304294",202000032053,154 686 030,A01,1,1,0,2,6,19,5,NULL,202000032053,154 686 030,A01,1,1,4,2,2007,0,0,0,-1,-1," -1",-1,202000032053,4,"BARTHELEMY (RENE)",0,NULL,2,2,0,1,(1),(1),1,NULL," -1",1,0,1,50
202000032475,23,3,2020,08:10:00,1,69,69244,2,1,1,2,"42 Route de Paris","45,7661270","4,7649990",202000032475,154 685 334,B01,1,1,12,2,8,1,5,NULL,202000032475,154 685 334,B01,1,1,3,1,1995,1,2,9,-1,0,0,-1,202000032475,3,307,-1,NULL,2,2,0,2,(1),(1),1,NULL,6,1,0,1,50
202000032475,23,3,2020,08:10:00,1,69,69244,2,1,1,2,"42 Route de Paris","45,7661270","4,7649990",202000032475,154 685 334,B01,1,1,12,2,8,1,5,NULL,202000032475,154 685 336,A01,1,1,4,1,1987,1,0,-1,-1,0,0,-1,202000032475,3,307,-1,NULL,2,2,0,2,(1),(1),1,NULL,6,1,0,1,50
202000034846,31,7,2020,17:00:00,1,45,45068,2,1,1,6,"VIEUX RANG DE LANGLEE (RUE DU)","48,0219000","2,7202000",202000034846,154 681 179,A01,0,1,0,0,8,0,5,NULL,202000034846,154 681 179,A01,1,1,4,1,2004,5,8,0,-1,-1," -1",-1,202000034846,4,"VIEUX RANG DE LANGLEE (RUE DU)",0,NULL,2,2,0,1,0,0,2,NULL," -1",1,0,1,30
202000034884,31,7,2020,00:01:00,5,75,75117,2,3,1,1,"AVENUE DE CLICHY","48,8866080","2,3260020",202000034884,154 681 107,B01,2,1,0,2,1,1,5,NULL,202000034884,154 681 106,A01,1,1,1,1,1997,9,8,0,-1,0,0,-1,202000034884,4,NULL,0,NULL,2,3,1,1,0,0,1,NULL," -1",1,-1,5,30
202000034884,31,7,2020,00:01:00,5,75,75117,2,3,1,1,"AVENUE DE CLICHY","48,8866080","2,3260020",202000034884,154 681 107,B01,2,1,0,2,1,1,5,NULL,202000034884,154 681 107,B01,1,1,4,1,1989,9,8,0,-1,0,0,-1,202000034884,4,NULL,0,NULL,2,3,1,1,0,0,1,NULL," -1",1,-1,5,30
202000035980,9,12,2020,08:45:00,1,75,75112,2,2,1,3,"RUE DE LYON","48,8479980","2,3714330",202000035980,154 679 155,B01,1,1,0,2,8,19,5,NULL,202000035980,154 679 154,A01,1,1,1,1,1981,3,1,0,-1,0,0,-1,202000035980,4,NULL,0,NULL,2,3,3,1,0,0,1,NULL," -1",1,-1,6,50
202000035980,9,12,2020,08:45:00,1,75,75112,2,2,1,3,"RUE DE LYON","48,8479980","2,3714330",202000035980,154 679 155,B01,1,1,0,2,8,19,5,NULL,202000035980,154 679 155,B01,1,1,4,2,1992,1,8,0,-1,0,0,-1,202000035980,4,NULL,0,NULL,2,3,3,1,0,0,1,NULL," -1",1,-1,6,50
202000040135,12,3,2020,07:15:00,1,75,75113,2,2,2,3,"BOULEVARD VINCENT AURIOL","48,8363920","2,3713510",202000040135,154 671 825,B01,2,1,0,2,1,1,5,NULL,202000040135,154 671 825,B01,1,1,4,1,1967,9,2,6,-1,0,0,-1,202000040135,4,NULL,0,NULL,3,3,0,1,0,0,1,NULL," -1",2,0,1,50
202000040135,12,3,2020,07:15:00,1,75,75113,2,2,2,3,"BOULEVARD VINCENT AURIOL","48,8363920","2,3713510",202000040135,154 671 825,B01,2,1,0,2,1,1,5,NULL,202000040135,154 671 826,A01,1,1,1,1,1970,1,2,6,-1,0,0,-1,202000040135,4,NULL,0,NULL,3,3,0,1,0,0,1,NULL," -1",2,0,1,50
202000043192,27,6,2020,02:10:00,5,75,75120,2,1,2,3,"RUE D AVRON","48,8524770","2,4048700",202000043192,154 666 338,A01,1,1,0,2,7,10,5,NULL,202000043192,154 666 337,B01,1,1,3,1,2001,9,2,6,-1,-1,0,-1,202000043192,4,NULL,0,NULL,2,2,0,1,(1),0,1,NULL," -1",2,0,1,50
202000043192,27,6,2020,02:10:00,5,75,75120,2,1,2,3,"RUE D AVRON","48,8524770","2,4048700",202000043192,154 666 338,A01,1,1,0,2,7,10,5,NULL,202000043192,154 666 338,A01,1,1,3,1,1996,9,8,0,-1,0,0,-1,202000043192,4,NULL,0,NULL,2,2,0,1,(1),0,1,NULL," -1",2,0,1,50
202000043223,28,6,2020,10:50:00,1,35,35120,1,1,1,4,"Champ Pécor","48,2201120"," -1,8099760",202000043223,154 666 283,C01,2,1,0,2,4,1,5,NULL,202000043223,154 666 281,A01,1,1,1,1,1988,3,1,-1,-1,0,0,-1,202000043223,3,28,-1,NULL,2,2,0,1,19,836,1,NULL," -1",1,0,1,80
202000043223,28,6,2020,10:50:00,1,35,35120,1,1,1,4,"Champ Pécor","48,2201120"," -1,8099760",202000043223,154 666 282,B01,2,1,0,2,4,1,5,NULL,202000043223,154 666 281,A01,1,1,1,1,1988,3,1,-1,-1,0,0,-1,202000043223,3,28,-1,NULL,2,2,0,1,19,836,1,NULL," -1",1,0,1,80
202000043223,28,6,2020,10:50:00,1,35,35120,1,1,1,4,"Champ Pécor","48,2201120"," -1,8099760",202000043223,154 666 283,C01,2,1,0,2,4,1,5,NULL,202000043223,154 666 282,B01,1,1,3,1,1956,5,2,-1,-1,0,0,-1,202000043223,3,28,-1,NULL,2,2,0,1,19,836,1,NULL," -1",1,0,1,80
202000043223,28,6,2020,10:50:00,1,35,35120,1,1,1,4,"Champ Pécor","48,2201120"," -1,8099760",202000043223,154 666 282,B01,2,1,0,2,4,1,5,NULL,202000043223,154 666 282,B01,1,1,3,1,1956,5,2,-1,-1,0,0,-1,202000043223,3,28,-1,NULL,2,2,0,1,19,836,1,NULL," -1",1,0,1,80
202000043223,28,6,2020,10:50:00,1,35,35120,1,1,1,4,"Champ Pécor","48,2201120"," -1,8099760",202000043223,154 666 283,C01,2,1,0,2,4,1,5,NULL,202000043223,154 666 283,C01,1,1,4,1,1955,5,2,-1,-1,0,0,-1,202000043223,3,28,-1,NULL,2,2,0,1,19,836,1,NULL," -1",1,0,1,80
202000043223,28,6,2020,10:50:00,1,35,35120,1,1,1,4,"Champ Pécor","48,2201120"," -1,8099760",202000043223,154 666 282,B01,2,1,0,2,4,1,5,NULL,202000043223,154 666 283,C01,1,1,4,1,1955,5,2,-1,-1,0,0,-1,202000043223,3,28,-1,NULL,2,2,0,1,19,836,1,NULL," -1",1,0,1,80
202000043912,21,9,2020,08:30:00,1,72,72095,2,7,1,3,"GIRONDE (RUE DE LA)","48,0254300","0,2049600",202000043912,154 665 072,A01,1,1,0,2,1,5,5,NULL,202000043912,154 665 072,A01,1,1,4,1,2009,0,8,0,-1,-1," -1",-1,202000043912,4,"GIRONDE (RUE DE LA)",0,NULL,-1,2,0,1,0,0,1,NULL," -1",1,0,1,50
202000043912,21,9,2020,08:30:00,1,72,72095,2,7,1,3,"GIRONDE (RUE DE LA)","48,0254300","0,2049600",202000043912,154 665 072,A01,1,1,0,2,1,5,5,NULL,202000043912,154 665 073,B01,1,1,1,1,1970,1,1,0,-1,-1," -1",-1,202000043912,4,"GIRONDE (RUE DE LA)",0,NULL,-1,2,0,1,0,0,1,NULL," -1",1,0,1,50
202000044262,25,6,2020,21:35:00,1,66,66136,2,1,1,3,"JUIN (AVENUE DU MARECHAL)","42,6878800","2,8984500",202000044262,154 664 450,B01,1,1,0,2,1,17,2,NULL,202000044262,154 664 450,B01,1,1,4,2,1992,9,2,0,-1,-1," -1",-1,202000044262,4,"JUIN (AVENUE DU MARECHAL)",0,NULL,2,2,0,1,0,0,1,NULL," -1",1,0,1,50
202000044262,25,6,2020,21:35:00,1,66,66136,2,1,1,3,"JUIN (AVENUE DU MARECHAL)","42,6878800","2,8984500",202000044262,154 664 450,B01,1,1,0,2,1,17,2,NULL,202000044262,154 664 451,A01,1,1,1,2,1953,9,1,0,-1,-1," -1",-1,202000044262,4,"JUIN (AVENUE DU MARECHAL)",0,NULL,2,2,0,1,0,0,1,NULL," -1",1,0,1,50
202000044703,5,2,2020,17:50:00,2,35,35238,2,9,1,3,"CUCILLE (AVENUE DE)","48,1280800"," -1,7030200",202000044703,154 663 628,B01,3,1,0,2,1,1,5,NULL,202000044703,154 663 628,B01,1,1,4,1,1990,5,8,0,-1,-1," -1",-1,202000044703,4,"CUCILLE (AVENUE DE)",0,NULL,1,1,0,1,0,0,3,NULL," -1",1,9,1,50
202000044703,5,2,2020,17:50:00,2,35,35238,2,9,1,3,"CUCILLE (AVENUE DE)","48,1280800"," -1,7030200",202000044703,154 663 628,B01,3,1,0,2,1,1,5,NULL,202000044703,154 663 637,A01,1,1,1,1,1979,1,8,0,-1,-1," -1",-1,202000044703,4,"CUCILLE (AVENUE DE)",0,NULL,1,1,0,1,0,0,3,NULL," -1",1,9,1,50
202000006761,17,5,2020,15:00:00,1,75,75112,2,7,1,3,"AVENUE DU TREMBLAY","48,8271500","2,4646300",202000006761,154 730 366,A01,3,1,0,2,3,1,5,NULL,202000006761,154 730 366,A01,1,1,4,1,1970,5,2,8,-1,0,0,-1,202000006761,4,NULL,0,NULL,2,8,0,1,0,0,1,NULL," -1",1,0,1,50
202000006761,17,5,2020,15:00:00,1,75,75112,2,7,1,3,"AVENUE DU TREMBLAY","48,8271500","2,4646300",202000006761,154 730 366,A01,3,1,0,2,3,1,5,NULL,202000006761,154 730 367,B01,1,1,1,1,1972,1,1,0,-1,0,0,-1,202000006761,4,NULL,0,NULL,2,8,0,1,0,0,1,NULL," -1",1,0,1,50
202000007871,18,6,2020,20:50:00,1,29,29254,2,1,2,7,"Route de Saint-Germain","48,5863756"," -3,8402659",202000007871,154 728 402,A01,3,1,0,0,1,26,5,NULL,202000007871,154 728 402,A01,1,1,2,1,1952,5,8,0,-1,-1,0,-1,202000007871,4,"Route de Saint-Germain",0,NULL,2,2,0,2,10,0,1,NULL," -1",2,0,4,50
202000009293,29,1,2020,14:30:00,1,94,94003,2,1,1,1,"JEANNE D ARC (AV)","48,8107900","2,3343000",202000009293,154 725 906,B01,0,1,0,2,1,5,0,NULL,202000009293,154 725 906,B01,1,1,4,1,2005,0,0,0,-1,-1," -1",-1,202000009293,4,"JEANNE D ARC (AV)",0,NULL,1,1,1,1,0,1,1,NULL," -1",1,0,1,50
202000009293,29,1,2020,14:30:00,1,94,94003,2,1,1,1,"JEANNE D ARC (AV)","48,8107900","2,3343000",202000009293,154 725 906,B01,0,1,0,2,1,5,0,NULL,202000009293,154 725 907,A01,1,1,1,1,1992,9,1,0,-1,-1," -1",-1,202000009293,4,"JEANNE D ARC (AV)",0,NULL,1,1,1,1,0,1,1,NULL," -1",1,0,1,50
202000011704,16,6,2020,14:00:00,1,75,75110,2,2,1,6,"BOULEVARD DE MAGENTA","48,8836130","2,3494900",202000011704,154 721 657,A01,1,1,0,1,1,1,5,NULL,202000011704,154 721 657,A01,10,3,4,1,1978,5,8,8,-1,4,3,1,202000011704,4,NULL,0,NULL,1,2,1,1,0,0,1,NULL," -1",1,0,1,50
202000011704,16,6,2020,14:00:00,1,75,75110,2,2,1,6,"BOULEVARD DE MAGENTA","48,8836130","2,3494900",202000011704,154 721 657,A01,1,1,0,1,1,1,5,NULL,202000011704,154 721 657,A01,1,1,1,1,1970,9,8,0,-1,0,0,-1,202000011704,4,NULL,0,NULL,1,2,1,1,0,0,1,NULL," -1",1,0,1,50
202000011853,12,10,2020,13:20:00,1,75,75113,2,3,8,3,"QUAI DE LA GARE","48,8367570","2,3743670",202000011853,154 721 406,B01,2,1,0,2,1,1,5,NULL,202000011853,154 721 406,B01,1,1,4,1,1986,9,2,0,-1,0,0,-1,202000011853,4,NULL,0,NULL,2,2,1,1,0,0,1,NULL," -1",1,-1,5,50
202000011853,12,10,2020,13:20:00,1,75,75113,2,3,8,3,"QUAI DE LA GARE","48,8367570","2,3743670",202000011853,154 721 406,B01,2,1,0,2,1,1,5,NULL,202000011853,154 721 407,A01,1,1,1,1,1964,4,1,0,-1,0,0,-1,202000011853,4,NULL,0,NULL,2,2,1,1,0,0,1,NULL," -1",1,-1,5,50
202000012053,11,10,2020,12:30:00,1,75,75105,2,2,1,3,"BOULEVARD DE PORT ROYAL","48,8394210","2,3375400",202000012053,154 721 044,B01,1,1,0,2,1,7,5,NULL,202000012053,154 721 043,A01,1,1,1,1,1972,1,1,0,-1,0,0,-1,202000012053,4,NULL,0,NULL,2,4,3,1,0,0,1,NULL," -1",1,-1,6,50
202000012053,11,10,2020,12:30:00,1,75,75105,2,2,1,3,"BOULEVARD DE PORT ROYAL","48,8394210","2,3375400",202000012053,154 721 044,B01,1,1,0,2,1,7,5,NULL,202000012053,154 721 044,B01,1,1,4,1,1964,9,8,0,-1,0,0,-1,202000012053,4,NULL,0,NULL,2,4,3,1,0,0,1,NULL," -1",1,-1,6,50
202000013352,13,9,2020,10:45:00,1,75,75113,2,1,1,3,"QUAI D AUSTERLITZ","48,8402580","2,3702100",202000013352,154 718 808,A01,1,1,0,2,4,14,5,NULL,202000013352,154 718 807,B01,1,1,1,1,1947,5,2,0,-1,0,0,-1,202000013352,4,NULL,0,NULL,2,4,1,1,0,0,1,NULL," -1",1,-1,5,50
202000013352,13,9,2020,10:45:00,1,75,75113,2,1,1,3,"QUAI D AUSTERLITZ","48,8402580","2,3702100",202000013352,154 718 807,B01,1,1,0,2,1,18,5,NULL,202000013352,154 718 807,B01,1,1,1,1,1947,5,2,0,-1,0,0,-1,202000013352,4,NULL,0,NULL,2,4,1,1,0,0,1,NULL," -1",1,-1,5,50
202000013352,13,9,2020,10:45:00,1,75,75113,2,1,1,3,"QUAI D AUSTERLITZ","48,8402580","2,3702100",202000013352,154 718 808,A01,1,1,0,2,4,14,5,NULL,202000013352,154 718 808,A01,1,1,4,1,1945,5,2,0,-1,0,0,-1,202000013352,4,NULL,0,NULL,2,4,1,1,0,0,1,NULL," -1",1,-1,5,50
202000013352,13,9,2020,10:45:00,1,75,75113,2,1,1,3,"QUAI D AUSTERLITZ","48,8402580","2,3702100",202000013352,154 718 807,B01,1,1,0,2,1,18,5,NULL,202000013352,154 718 808,A01,1,1,4,1,1945,5,2,0,-1,0,0,-1,202000013352,4,NULL,0,NULL,2,4,1,1,0,0,1,NULL," -1",1,-1,5,50
202000015176,14,7,2020,20:15:00,1,73,73312,2,2,1,3,"Route des Collets","45,6530220","6,3153680",202000015176,154 715 597,B01,3,1,0,2,1,19,5,NULL,202000015176,154 715 595,A01,1,1,1,1,1981,5,1,-1,-1,0,0,-1,202000015176,4,NULL,0,NULL,2,2,0,2,(1),(1),1,NULL," -1",1,0,1,30
202000015176,14,7,2020,20:15:00,1,73,73312,2,2,1,3,"Route des Collets","45,6530220","6,3153680",202000015176,154 715 597,B01,3,1,0,2,1,19,5,NULL,202000015176,154 715 597,B01,1,1,3,1,2009,5,2,-1,-1,0,0,-1,202000015176,4,NULL,0,NULL,2,2,0,2,(1),(1),1,NULL," -1",1,0,1,30
202000018415,30,4,2020,06:30:00,1,988,98818,2,4,1,3,"ECHANGEUR BONAPARTE"," -22,2420200","166,4574400",202000018415,154 709 870,B01,3,1,0,2,5,1,5,NULL,202000018415,154 709 869,A01,2,2,1,1,1980,1,1,0,-1,0,0,-1,202000018415,4,80,0,NULL,2,2,0,3,0,0,1,NULL," -1",1,5,1,50
202000018415,30,4,2020,06:30:00,1,988,98818,2,4,1,3,"ECHANGEUR BONAPARTE"," -22,2420200","166,4574400",202000018415,154 709 870,B01,3,1,0,2,5,1,5,NULL,202000018415,154 709 869,A01,1,1,1,2,1982,1,1,8,-1,0,0,-1,202000018415,4,80,0,NULL,2,2,0,3,0,0,1,NULL," -1",1,5,1,50
202000018415,30,4,2020,06:30:00,1,988,98818,2,4,1,3,"ECHANGEUR BONAPARTE"," -22,2420200","166,4574400",202000018415,154 709 870,B01,3,1,0,2,5,1,5,NULL,202000018415,154 709 870,B01,1,1,4,1,1978,1,2,0,-1,0,0,-1,202000018415,4,80,0,NULL,2,2,0,3,0,0,1,NULL," -1",1,5,1,50
202000020689,12,7,2020,11:45:00,1,77,77104,1,1,7,-1,D144,"48,7029131","2,8117179",202000020689,154 705 835,B01,2,1,0,2,8,1,6,NULL,202000020689,154 705 834,A01,1,1,1,1,1939,5,1,-1,-1,0,0,-1,202000020689,3,144,0,NULL,2,2,0,1,0,950,1,NULL," -1",1,0,1,80
202000020689,12,7,2020,11:45:00,1,77,77104,1,1,7,-1,D144,"48,7029131","2,8117179",202000020689,154 705 835,B01,2,1,0,2,8,1,6,NULL,202000020689,154 705 835,B01,1,1,3,1,1952,5,0,-1,-1,0,0,-1,202000020689,3,144,0,NULL,2,2,0,1,0,950,1,NULL," -1",1,0,1,80
202000021806,11,11,2020,20:00:00,5,13,13203,2,1,1,5,"ROGER SALENGRO (AVENUE)","43,3195840","5,3674600",202000021806,154 703 846,B01,1,1,0,2,1,1,5,NULL,202000021806,154 703 846,B01,1,1,3,1,1986,0,0,-1,-1,-1," -1",-1,202000021806,4,NULL,0,NULL,2,1,0,1,1,0,3,NULL," -1",1,0,1,50
202000021806,11,11,2020,20:00:00,5,13,13203,2,1,1,5,"ROGER SALENGRO (AVENUE)","43,3195840","5,3674600",202000021806,154 703 846,B01,1,1,0,2,1,1,5,NULL,202000021806,154 703 848,A01,1,1,1,1,2000,0,8,-1,-1,-1," -1",-1,202000021806,4,NULL,0,NULL,2,1,0,1,1,0,3,NULL," -1",1,0,1,50
202000021806,11,11,2020,20:00:00,5,13,13203,2,1,1,5,"ROGER SALENGRO (AVENUE)","43,3195840","5,3674600",202000021806,154 703 846,B01,1,1,0,2,1,1,5,NULL,202000021806,154 703 848,A01,4,2,1,1,2002,9,8,-1,-1,-1," -1",-1,202000021806,4,NULL,0,NULL,2,1,0,1,1,0,3,NULL," -1",1,0,1,50
202000021806,11,11,2020,20:00:00,5,13,13203,2,1,1,5,"ROGER SALENGRO (AVENUE)","43,3195840","5,3674600",202000021806,154 703 846,B01,1,1,0,2,1,1,5,NULL,202000021806,154 703 848,A01,2,2,1,2,2000,0,1,-1,-1,-1," -1",-1,202000021806,4,NULL,0,NULL,2,1,0,1,1,0,3,NULL," -1",1,0,1,50
202000022341,14,1,2020,09:04:00,1,33,33063,2,1,1,3,"54 Boulevard du Président Wilson","44,8388600"," -0,5990800",202000022341,154 702 918,A01,1,1,1,2,7,1,5,NULL,202000022341,154 702 918,A01,1,1,4,2,1976,1,8,-1,-1,-1," -1",-1,202000022341,4,"BD DU PRESIDENT WILSON",0,NULL,3,6,2,1,(1),(1),1,NULL," -1",1,-1,5,50
202000022532,9,7,2020,12:25:00,1,75,75112,2,1,1,3,"AVENUE DE SAINT MANDE","48,8447450","2,4048820",202000022532,154 702 591,B01,2,1,0,2,8,1,5,NULL,202000022532,154 702 590,A01,1,1,1,1,1979,5,1,0,-1,0,0,-1,202000022532,4,NULL,0,NULL,2,2,1,2,(1),0,1,NULL," -1",1,-1,5,50
202000022532,9,7,2020,12:25:00,1,75,75112,2,1,1,3,"AVENUE DE SAINT MANDE","48,8447450","2,4048820",202000022532,154 702 591,B01,2,1,0,2,8,1,5,NULL,202000022532,154 702 591,B01,1,1,4,2,1984,5,2,0,-1,0,0,-1,202000022532,4,NULL,0,NULL,2,2,1,2,(1),0,1,NULL," -1",1,-1,5,50
202000023489,5,10,2020,12:05:00,1,13,13005,2,1,1,3,"BEAUDINARD (ROUTE DE)","43,3109100","5,5844800",202000023489,154 700 911,B01,2,1,0,2,1,1,5,NULL,202000023489,154 700 910,A01,1,1,1,1,1992,4,1,8,-1,-1," -1",-1,202000023489,4,"BEAUDINARD (ROUTE DE)",0,NULL,2,2,0,1,0,0,1,NULL," -1",1,0,1,50
202000023489,5,10,2020,12:05:00,1,13,13005,2,1,1,3,"BEAUDINARD (ROUTE DE)","43,3109100","5,5844800",202000023489,154 700 911,B01,2,1,0,2,1,1,5,NULL,202000023489,154 700 911,B01,1,1,4,1,1955,5,2,8,-1,-1," -1",-1,202000023489,4,"BEAUDINARD (ROUTE DE)",0,NULL,2,2,0,1,0,0,1,NULL," -1",1,0,1,50
202000024933,7,9,2020,17:00:00,1,27,27375,2,3,1,1,"PACY (ROUTE DE)","49,2009600","1,1857900",202000024933,154 698 358,B01,1,1,0,2,0,0,5,NULL,202000024933,154 698 357,A01,1,1,4,2,1965,2,1,4,-1,0,0,-1,202000024933,3,"PACY (ROUTE DE)",0,NULL,2,2,0,1,3,185,1,NULL," -1",1,0,1,50
202000024933,7,9,2020,17:00:00,1,27,27375,2,3,1,1,"PACY (ROUTE DE)","49,2009600","1,1857900",202000024933,154 698 358,B01,1,1,0,2,0,0,5,NULL,202000024933,154 698 357,A01,4,2,1,1,2007,2,1,4,-1,0,0,-1,202000024933,3,"PACY (ROUTE DE)",0,NULL,2,2,0,1,3,185,1,NULL," -1",1,0,1,50
202000024933,7,9,2020,17:00:00,1,27,27375,2,3,1,1,"PACY (ROUTE DE)","49,2009600","1,1857900",202000024933,154 698 358,B01,1,1,0,2,0,0,5,NULL,202000024933,154 698 358,B01,1,1,3,1,2002,5,2,8,-1,0,0,-1,202000024933,3,"PACY (ROUTE DE)",0,NULL,2,2,0,1,3,185,1,NULL," -1",1,0,1,50
202000024964,7,9,2020,18:25:00,1,75,75110,2,2,1,3,"BOULEVARD DE MAGENTA","48,8705280","2,3611960",202000024964,154 698 308,B01,1,1,0,2,1,1,5,NULL,202000024964,154 698 307,A01,1,1,1,1,1977,5,1,0,-1,0,0,-1,202000024964,4,NULL,0,NULL,2,6,1,1,0,0,1,NULL," -1",1,-1,5,50
202000024964,7,9,2020,18:25:00,1,75,75110,2,2,1,3,"BOULEVARD DE MAGENTA","48,8705280","2,3611960",202000024964,154 698 308,B01,1,1,0,2,1,1,5,NULL,202000024964,154 698 307,A01,2,2,1,1,1997,9,1,0,-1,0,0,-1,202000024964,4,NULL,0,NULL,2,6,1,1,0,0,1,NULL," -1",1,-1,5,50
202000024964,7,9,2020,18:25:00,1,75,75110,2,2,1,3,"BOULEVARD DE MAGENTA","48,8705280","2,3611960",202000024964,154 698 308,B01,1,1,0,2,1,1,5,NULL,202000024964,154 698 308,B01,1,1,4,1,1999,5,2,0,-1,0,0,-1,202000024964,4,NULL,0,NULL,2,6,1,1,0,0,1,NULL," -1",1,-1,5,50
202000035613,30,5,2020,15:00:00,1,35,35238,2,9,1,2,"ALMA (DE L')","48,1042700"," -1,6773300",202000035613,154 679 809,B01,3,1,0,2,2,2,5,NULL,202000035613,154 679 808,A01,1,1,1,2,1999,5,1,-1,-1,-1," -1",-1,202000035613,4,NULL,0,NULL,2,1,1,2,0,0,1,NULL," -1",1,0,1,50
202000035613,30,5,2020,15:00:00,1,35,35238,2,9,1,2,"ALMA (DE L')","48,1042700"," -1,6773300",202000035613,154 679 809,B01,3,1,0,2,2,2,5,NULL,202000035613,154 679 809,B01,1,1,3,1,1992,0,2,0,-1,-1," -1",-1,202000035613,4,NULL,0,NULL,2,1,1,2,0,0,1,NULL," -1",1,0,1,50
202000035943,9,1,2020,17:40:00,2,75,75112,2,2,2,3,"BOULEVARD PONIATOWSKI","48,8334763","2,4021119",202000035943,154 679 218,B01,1,1,0,2,7,19,5,NULL,202000035943,154 679 218,B01,1,1,4,2,1973,9,8,2,-1,0,0,-1,202000035943,4,NULL,0,NULL,3,2,0,1,0,0,1,NULL," -1",2,0,1,50
202000035943,9,1,2020,17:40:00,2,75,75112,2,2,2,3,"BOULEVARD PONIATOWSKI","48,8334763","2,4021119",202000035943,154 679 218,B01,1,1,0,2,7,19,5,NULL,202000035943,154 679 220,A01,1,1,4,1,1999,1,2,6,-1,0,0,-1,202000035943,4,NULL,0,NULL,3,2,0,1,0,0,1,NULL," -1",2,0,1,50
202000038420,30,8,2020,10:30:00,1,64,64024,2,1,2,3,"LAPORTE (AVENUE JEAN LEON)","43,4878629"," -1,5005148",202000038420,154 674 831,B01,1,1,0,2,8,1,5,NULL,202000038420,154 674 830,A01,1,1,1,2,1954,9,1,0,-1,-1," -1",-1,202000038420,4,"LAPORTE (AVENUE JEAN LEON)",0,NULL,3,4,3,1,0,0,1,NULL," -1",2,0,1,50
202000038420,30,8,2020,10:30:00,1,64,64024,2,1,2,3,"LAPORTE (AVENUE JEAN LEON)","43,4878629"," -1,5005148",202000038420,154 674 831,B01,1,1,0,2,8,1,5,NULL,202000038420,154 674 831,B01,1,1,4,2,1983,9,8,0,-1,-1," -1",-1,202000038420,4,"LAPORTE (AVENUE JEAN LEON)",0,NULL,3,4,3,1,0,0,1,NULL," -1",2,0,1,50
202000044918,26,8,2020,00:30:00,5,75,75108,2,3,1,3,"AVENUE DES CHAMPS ELYSEES","48,8710880","2,3034860",202000044918,154 663 271,B01,2,1,0,2,8,1,5,NULL,202000044918,154 663 268,A01,1,1,1,1,1995,9,1,0,-1,0,0,-1,202000044918,4,NULL,0,NULL,2,6,1,1,0,0,1,NULL," -1",1,-1,5,50
202000044918,26,8,2020,00:30:00,5,75,75108,2,3,1,3,"AVENUE DES CHAMPS ELYSEES","48,8710880","2,3034860",202000044918,154 663 271,B01,2,1,0,2,8,1,5,NULL,202000044918,154 663 271,B01,1,1,4,1,1994,9,2,0,-1,0,0,-1,202000044918,4,NULL,0,NULL,2,6,1,1,0,0,1,NULL," -1",1,-1,5,50
202000047115,2,12,2020,16:20:00,1,75,75113,2,4,8,1,"QUAI D IVRY","48,8257070","2,3869720",202000047115,154 659 476,B01,2,1,0,2,1,1,5,NULL,202000047115,154 659 474,A01,1,1,4,1,1961,9,2,0,-1,0,0,-1,202000047115,4,NULL,0,NULL,2,2,1,1,0,0,1,NULL," -1",1,-1,5,50