Num_Acc,jour,mois,an,hrmn,lum,dep,com,agg,int,atm,col,adr,lat,long,Num_Acc,id_vehicule,num_veh,senc,catv,obs,obsm,choc,manv,motor,occutc,Num_Acc,id_vehicule,num_veh,place,catu,grav,sexe,an_nais,trajet,secu1,secu2,secu3,locp,actp,etatp,Num_Acc,catr,voie,v1,v2,circ,nbv,vosp,prof,pr,pr1,plan,lartpc,larrout,surf,infra,situ,vma
202000010671,15,5,2020,15:00:00,1,28,28422,1,3,7,1,D137,"48,2787730","1,5768810",202000010671,154 723 496,A01,1,1,0,2,8,19,5,NULL,202000010671,154 723 496,A01,1,1,3,1,1998,5,2,-1,-1,0,0,-1,202000010671,3,137,0,NULL,2,2,0,1,3,400,1,NULL," -1",1,0,1,80
202000010671,15,5,2020,15:00:00,1,28,28422,1,3,7,1,D137,"48,2787730","1,5768810",202000010671,154 723 496,A01,1,1,0,2,8,19,5,NULL,202000010671,154 723 497,B01,1,1,1,1,2001,5,1,-1,-1,0,0,-1,202000010671,3,137,0,NULL,2,2,0,1,3,400,1,NULL," -1",1,0,1,80
202000010695,13,5,2020,13:55:00,1,69,69034,2,1,1,-1,"CURIE                               (R )","45,7923000","4,8412600",202000010695,154 723 453,B01,2,1,0,0,0,0,0,NULL,202000010695,154 723 452,A01,1,1,1,1,1988,3,8,0,-1,-1," -1",-1,202000010695,4,"CURIE                               (R )",0,NULL,1,1,0,1,0,1,1,NULL," -1",1,0,5,50
202000010695,13,5,2020,13:55:00,1,69,69034,2,1,1,-1,"CURIE                               (R )","45,7923000","4,8412600",202000010695,154 723 453,B01,2,1,0,0,0,0,0,NULL,202000010695,154 723 453,B01,1,1,4,1,2007,5,8,0,-1,-1," -1",-1,202000010695,4,"CURIE                               (R )",0,NULL,1,1,0,1,0,1,1,NULL," -1",1,0,5,50
202000010803,25,2,2020,15:40:00,1,75,75102,2,3,2,7,"BOULEVARD DE SEBASTOPOL","48,8670330","2,3529730",202000010803,154 723 269,A01,1,1,0,0,0,1,5,NULL,202000010803,154 723 269,A01,1,1,4,2,1975,5,2,8,-1,0,0,-1,202000010803,4,NULL,0,NULL,1,4,1,1,0,0,1,NULL,12,2,-1,5,50
202000011307,14,9,2020,16:45:00,1,17,17300,2,2,1,3,"SAINT-LOUIS   RUE","46,1609060"," -1,1456570",202000011307,154 722 370,B01,3,1,0,2,3,1,5,NULL,202000011307,154 722 370,B01,1,1,4,1,2001,2,8,0,-1,-1," -1",-1,202000011307,4,"SAINT-LOUIS   RUE",0,NULL,1,1,1,1,1,0,1,NULL," -1",1,0,5,30
202000011307,14,9,2020,16:45:00,1,17,17300,2,2,1,3,"SAINT-LOUIS   RUE","46,1609060"," -1,1456570",202000011307,154 722 370,B01,3,1,0,2,3,1,5,NULL,202000011307,154 722 380,A01,1,1,1,1,1986,1,1,0,-1,-1," -1",-1,202000011307,4,"SAINT-LOUIS   RUE",0,NULL,1,1,1,1,1,0,1,NULL," -1",1,0,5,30
202000011670,12,6,2020,20:40:00,1,50,50129,2,1,1,-1,"PLYMOUTH (AVENUE DE)","49,6298600"," -1,6229000",202000011670,154 721 713,A01,0,1,0,0,0,1,5,NULL,202000011670,154 721 713,A01,1,1,3,1,2000,4,8,0,-1,-1," -1",-1,202000011670,4,"PLYMOUTH (AVENUE DE)",0,NULL,2,2,2,2,0,0,1,NULL," -1",2,0,1,50
202000012634,11,5,2020,08:35:00,1,75,75119,2,7,2,3,"PLACE DE LA PORTE DE PANTIN","48,8897260","2,3966710",202000012634,154 720 056,B01,1,1,0,2,8,1,0,NULL,202000012634,154 720 056,B01,1,1,4,1,1989,1,2,0,-1,0,0,-1,202000012634,4,NULL,0,NULL,3,3,0,1,0,0,3,NULL," -1",2,0,1,50
202000012634,11,5,2020,08:35:00,1,75,75119,2,7,2,3,"PLACE DE LA PORTE DE PANTIN","48,8897260","2,3966710",202000012634,154 720 056,B01,1,1,0,2,8,1,0,NULL,202000012634,154 720 057,A01,1,1,1,1,1987,1,1,0,-1,0,0,-1,202000012634,4,NULL,0,NULL,3,3,0,1,0,0,3,NULL," -1",2,0,1,50
202000014524,8,5,2020,18:00:00,1,94,94068,2,1,1,7,"CHAMPIGNY (BD DE)","48,8062700","2,5089100",202000014524,154 716 798,A01,2,1,0,0,0,1,5,NULL,202000014524,154 716 798,A01,1,1,4,1,1973,5,8,0,-1,-1," -1",-1,202000014524,3,130,0,NULL,2,2,0,1,0,0,1,NULL,7,1,0,1,50
202000017420,12,6,2020,16:10:00,1,75,75112,2,2,1,3,"AVENUE DAUMESNIL","48,8349770","2,4198160",202000017420,154 711 594,B01,2,1,0,2,1,1,5,NULL,202000017420,154 711 593,A01,1,1,1,1,1957,9,1,8,-1,0,0,-1,202000017420,4,NULL,0,NULL,2,2,0,1,0,0,1,NULL," -1",1,5,1,50
202000017420,12,6,2020,16:10:00,1,75,75112,2,2,1,3,"AVENUE DAUMESNIL","48,8349770","2,4198160",202000017420,154 711 594,B01,2,1,0,2,1,1,5,NULL,202000017420,154 711 594,B01,1,1,4,1,1986,9,8,8,-1,0,0,-1,202000017420,4,NULL,0,NULL,2,2,0,1,0,0,1,NULL," -1",1,5,1,50
202000019055,9,9,2020,16:55:00,1,78,78646,2,2,1,3,"SAINT CLOUD (AVENUE DE)","48,8048900","2,1309300",202000019055,154 708 733,B01,2,1,0,2,2,1,5,NULL,202000019055,154 708 733,B01,1,1,3,1,1961,5,0,-1,-1,-1," -1",-1,202000019055,3,185,0,NULL,2,4,0,1,11,480,1,NULL," -1",1,5,5,50
202000019055,9,9,2020,16:55:00,1,78,78646,2,2,1,3,"SAINT CLOUD (AVENUE DE)","48,8048900","2,1309300",202000019055,154 708 733,B01,2,1,0,2,2,1,5,NULL,202000019055,154 708 734,A01,1,1,1,2,2002,5,1,0,-1,-1," -1",-1,202000019055,3,185,0,NULL,2,4,0,1,11,480,1,NULL," -1",1,5,5,50
202000019593,7,10,2020,07:35:00,2,75,75112,2,1,2,4,"AVENUE DE GRAVELLE","48,8240790","2,4208970",202000019593,154 707 715,A01,2,1,0,2,2,17,5,NULL,202000019593,154 707 711,B01,1,1,1,2,1986,1,1,8,-1,0,0,-1,202000019593,4,NULL,0,NULL,2,2,0,1,0,0,1,NULL," -1",2,0,1,50
202000019593,7,10,2020,07:35:00,2,75,75112,2,1,2,4,"AVENUE DE GRAVELLE","48,8240790","2,4208970",202000019593,154 707 715,A01,2,1,0,2,2,17,5,NULL,202000019593,154 707 713,C01,1,1,1,1,1975,1,1,0,-1,0,0,-1,202000019593,4,NULL,0,NULL,2,2,0,1,0,0,1,NULL," -1",2,0,1,50
202000019593,7,10,2020,07:35:00,2,75,75112,2,1,2,4,"AVENUE DE GRAVELLE","48,8240790","2,4208970",202000019593,154 707 715,A01,2,1,0,2,2,17,5,NULL,202000019593,154 707 715,A01,1,1,4,1,1972,1,2,4,-1,0,0,-1,202000019593,4,NULL,0,NULL,2,2,0,1,0,0,1,NULL," -1",2,0,1,50
202000022554,9,7,2020,19:40:00,1,92,92050,2,3,1,3,"CHAMPS PIERREUX AVENUE DES","48,8908159","2,2157970",202000022554,154 702 552,B01,3,1,0,2,1,19,5,NULL,202000022554,154 702 552,B01,1,1,4,2,1964,9,8,0,-1,0,0,-1,202000022554,4,NULL,0,NULL,2,2,0,1,0,0,1,NULL," -1",1,9,1,50
202000022554,9,7,2020,19:40:00,1,92,92050,2,3,1,3,"CHAMPS PIERREUX AVENUE DES","48,8908159","2,2157970",202000022554,154 702 552,B01,3,1,0,2,1,19,5,NULL,202000022554,154 702 553,A01,2,2,1,1,1995,0,1,0,-1,-1," -1",-1,202000022554,4,NULL,0,NULL,2,2,0,1,0,0,1,NULL," -1",1,9,1,50
202000022554,9,7,2020,19:40:00,1,92,92050,2,3,1,3,"CHAMPS PIERREUX AVENUE DES","48,8908159","2,2157970",202000022554,154 702 552,B01,3,1,0,2,1,19,5,NULL,202000022554,154 702 553,A01,1,1,1,1,1995,0,1,0,-1,-1," -1",-1,202000022554,4,NULL,0,NULL,2,2,0,1,0,0,1,NULL," -1",1,9,1,50
202000023412,3,6,2020,15:40:00,1,34,34056,1,1,1,1,D161,"43,4313100","3,4440100",202000023412,154 701 050,B01,1,1,0,2,8,1,5,NULL,202000023412,154 701 049,A01,1,1,1,1,1984,4,1,-1,-1,0,0,-1,202000023412,3,161,0,NULL,2,2,0,1,12,310,1,NULL,5,1,0,1,80
202000023412,3,6,2020,15:40:00,1,34,34056,1,1,1,1,D161,"43,4313100","3,4440100",202000023412,154 701 050,B01,1,1,0,2,8,1,5,NULL,202000023412,154 701 050,B01,1,1,4,1,1973,5,2,-1,-1,0,0,-1,202000023412,3,161,0,NULL,2,2,0,1,12,310,1,NULL,5,1,0,1,80
202000023493,5,10,2020,12:25:00,1,06,06088,1,3,1,3,"GARNIER (BD JOSEPH)","43,7100000","7,2563000",202000023493,154 700 906,B01,0,1,0,2,0,0,5,NULL,202000023493,154 700 904,A01,1,1,1,1,1975,4,1,0,-1,0,0,-1,202000023493,4,"GARNIER (BD JOSEPH)",0,NULL,-1,0,0,1,0,0,1,NULL," -1",1,0,1,50
202000023493,5,10,2020,12:25:00,1,06,06088,1,3,1,3,"GARNIER (BD JOSEPH)","43,7100000","7,2563000",202000023493,154 700 906,B01,0,1,0,2,0,0,5,NULL,202000023493,154 700 906,B01,1,1,3,1,1967,0,2,0,-1,0,0,-1,202000023493,4,"GARNIER (BD JOSEPH)",0,NULL,-1,0,0,1,0,0,1,NULL," -1",1,0,1,50
202000024920,7,9,2020,08:17:00,1,37,37261,2,1,1,3,"JEMMAPES (RUE)","47,4182324","0,6837280",202000024920,154 698 378,A01,3,1,0,4,2,19,5,NULL,202000024920,154 698 377,B01,1,1,1,1,1963,1,1,0,-1,-1," -1",-1,202000024920,4,NULL,0,NULL,2,3,2,1,(1),(1),1,NULL," -1",1,4,6,30
202000024920,7,9,2020,08:17:00,1,37,37261,2,1,1,3,"JEMMAPES (RUE)","47,4182324","0,6837280",202000024920,154 698 378,A01,3,1,0,4,2,19,5,NULL,202000024920,154 698 378,A01,1,1,4,2,1999,2,8,0,-1,-1," -1",-1,202000024920,4,NULL,0,NULL,2,3,2,1,(1),(1),1,NULL," -1",1,4,6,30
202000026057,1,12,2020,18:35:00,5,33,33063,2,2,1,3,"RUE POMME D'OR","44,8546900"," -0,5698300",202000026057,154 696 415,A01,2,1,0,2,1,26,5,NULL,202000026057,154 696 414,B01,1,1,1,2,1998,0,1,-1,-1,-1," -1",-1,202000026057,4,"RUE POMME D'OR",0,NULL,1,1,1,1,(1),(1),1,NULL," -1",2,0,1,30
202000026057,1,12,2020,18:35:00,5,33,33063,2,2,1,3,"RUE POMME D'OR","44,8546900"," -0,5698300",202000026057,154 696 415,A01,2,1,0,2,1,26,5,NULL,202000026057,154 696 415,A01,1,1,4,1,1997,0,8,-1,-1,-1," -1",-1,202000026057,4,"RUE POMME D'OR",0,NULL,1,1,1,1,(1),(1),1,NULL," -1",2,0,1,30
202000029213,14,7,2020,19:57:00,1,79,79081,2,1,1,5,"183 Boulevard des Tilleuls","46,3564400"," -0,3882300",202000029213,154 690 910,C01,1,1,0,9,8,2,5,NULL,202000029213,154 690 909,B01,1,1,4,1,1997,5,8,0,-1,-1," -1",-1,202000029213,4,NULL,0,NULL,2,2,0,1,(1),(1),1,"10,2","7,3",1,9,1,30
202000029213,14,7,2020,19:57:00,1,79,79081,2,1,1,5,"183 Boulevard des Tilleuls","46,3564400"," -0,3882300",202000029213,154 690 909,B01,1,1,0,2,4,2,5,NULL,202000029213,154 690 909,B01,1,1,4,1,1997,5,8,0,-1,-1," -1",-1,202000029213,4,NULL,0,NULL,2,2,0,1,(1),(1),1,"10,2","7,3",1,9,1,30
202000029213,14,7,2020,19:57:00,1,79,79081,2,1,1,5,"183 Boulevard des Tilleuls","46,3564400"," -0,3882300",202000029213,154 690 910,C01,1,1,0,9,8,2,5,NULL,202000029213,154 690 909,B01,2,2,4,2,2015,5,2,-1,-1,-1," -1",-1,202000029213,4,NULL,0,NULL,2,2,0,1,(1),(1),1,"10,2","7,3",1,9,1,30
202000029213,14,7,2020,19:57:00,1,79,79081,2,1,1,5,"183 Boulevard des Tilleuls","46,3564400"," -0,3882300",202000029213,154 690 909,B01,1,1,0,2,4,2,5,NULL,202000029213,154 690 909,B01,2,2,4,2,2015,5,2,-1,-1,-1," -1",-1,202000029213,4,NULL,0,NULL,2,2,0,1,(1),(1),1,"10,2","7,3",1,9,1,30
202000029213,14,7,2020,19:57:00,1,79,79081,2,1,1,5,"183 Boulevard des Tilleuls","46,3564400"," -0,3882300",202000029213,154 690 910,C01,1,1,0,9,8,2,5,NULL,202000029213,154 690 910,C01,1,1,4,2,1996,5,8,-1,-1,-1," -1",-1,202000029213,4,NULL,0,NULL,2,2,0,1,(1),(1),1,"10,2","7,3",1,9,1,30
202000029213,14,7,2020,19:57:00,1,79,79081,2,1,1,5,"183 Boulevard des Tilleuls","46,3564400"," -0,3882300",202000029213,154 690 909,B01,1,1,0,2,4,2,5,NULL,202000029213,154 690 910,C01,1,1,4,2,1996,5,8,-1,-1,-1," -1",-1,202000029213,4,NULL,0,NULL,2,2,0,1,(1),(1),1,"10,2","7,3",1,9,1,30
202000029213,14,7,2020,19:57:00,1,79,79081,2,1,1,5,"183 Boulevard des Tilleuls","46,3564400"," -0,3882300",202000029213,154 690 910,C01,1,1,0,9,8,2,5,NULL,202000029213,154 690 911,A01,1,1,1,1,1967,5,1,-1,-1,-1," -1",-1,202000029213,4,NULL,0,NULL,2,2,0,1,(1),(1),1,"10,2","7,3",1,9,1,30
202000029213,14,7,2020,19:57:00,1,79,79081,2,1,1,5,"183 Boulevard des Tilleuls","46,3564400"," -0,3882300",202000029213,154 690 909,B01,1,1,0,2,4,2,5,NULL,202000029213,154 690 911,A01,1,1,1,1,1967,5,1,-1,-1,-1," -1",-1,202000029213,4,NULL,0,NULL,2,2,0,1,(1),(1),1,"10,2","7,3",1,9,1,30
202000032165,2,7,2020,16:18:00,1,85,85234,2,6,1,3,"2 Place du Missenit","46,7910200"," -2,0561550",202000032165,154 685 848,B01,0,1,0,2,0,0,5,NULL,202000032165,154 685 848,B01,1,1,3,2,1938,3,0,-1,-1,0,0,-1,202000032165,4,NULL,-1,NULL,2,2,2,1,(1),(1),1,NULL," -1",1,0,1,50
202000032165,2,7,2020,16:18:00,1,85,85234,2,6,1,3,"2 Place du Missenit","46,7910200"," -2,0561550",202000032165,154 685 848,B01,0,1,0,2,0,0,5,NULL,202000032165,154 685 849,A01,1,1,1,2,1972,3,8,-1,-1,0,0,-1,202000032165,4,NULL,-1,NULL,2,2,2,1,(1),(1),1,NULL," -1",1,0,1,50
202000034227,3,7,2020,18:00:00,1,92,92024,2,1,1,3,"VICTOR HUGO (BD)","48,8980727","2,3115445",202000034227,154 682 277,B01,1,1,0,2,1,1,5,NULL,202000034227,154 682 276,A01,1,1,1,1,1954,1,1,0,-1,-1," -1",-1,202000034227,3,"VICTOR HUGO (BD)",0,NULL,2,2,0,1,0,0,1,NULL," -1",1,0,1,50
202000034227,3,7,2020,18:00:00,1,92,92024,2,1,1,3,"VICTOR HUGO (BD)","48,8980727","2,3115445",202000034227,154 682 277,B01,1,1,0,2,1,1,5,NULL,202000034227,154 682 277,B01,1,1,4,1,1971,1,2,8,-1,-1," -1",-1,202000034227,3,"VICTOR HUGO (BD)",0,NULL,2,2,0,1,0,0,1,NULL," -1",1,0,1,50
202000034694,11,2,2020,17:20:00,2,67,67482,2,1,6,3,"DROITS DE L HOMME (ALLEE DES)","48,5966450","7,7757140",202000034694,154 681 456,B01,2,1,0,2,1,1,5,NULL,202000034694,154 681 456,B01,1,1,4,1,1963,0,8,0,-1,-1,0,-1,202000034694,4,NULL,0,NULL,1,5,1,2,0,0,1,NULL," -1",1,0,5,50
202000034694,11,2,2020,17:20:00,2,67,67482,2,1,6,3,"DROITS DE L HOMME (ALLEE DES)","48,5966450","7,7757140",202000034694,154 681 456,B01,2,1,0,2,1,1,5,NULL,202000034694,154 681 457,A01,1,1,1,1,1974,4,1,8,-1,-1," -1",-1,202000034694,4,NULL,0,NULL,1,5,1,2,0,0,1,NULL," -1",1,0,5,50
202000034849,10,8,2020,17:12:00,1,38,38151,2,2,1,3,"Avenue Danielle Casanova","45,1473500","5,7013400",202000034849,154 681 175,B01,3,1,0,2,1,5,5,NULL,202000034849,154 681 174,A01,1,1,1,2,1963,0,1,0,-1,-1," -1",-1,202000034849,4,NULL,0,NULL,2,2,0,1,(1),(1),1,NULL," -1",1,0,1,30
202000034849,10,8,2020,17:12:00,1,38,38151,2,2,1,3,"Avenue Danielle Casanova","45,1473500","5,7013400",202000034849,154 681 175,B01,3,1,0,2,1,5,5,NULL,202000034849,154 681 175,B01,1,1,4,1,1980,9,8,0,-1,-1," -1",-1,202000034849,4,NULL,0,NULL,2,2,0,1,(1),(1),1,NULL," -1",1,0,1,30
202000036240,15,3,2020,16:08:00,1,92,92024,2,4,1,3,"MARTRE (RUE) DE (59 A 109)   (58 A 120)","48,9014000","2,3077000",202000036240,154 678 677,B01,1,1,0,2,8,7,5,NULL,202000036240,154 678 677,B01,1,1,4,1,1973,5,8,0,-1,-1,0,-1,202000036240,3,19,0,NULL,1,3,3,1,0,0,1,NULL,"10,5",1,0,1,50
202000036240,15,3,2020,16:08:00,1,92,92024,2,4,1,3,"MARTRE (RUE) DE (59 A 109)   (58 A 120)","48,9014000","2,3077000",202000036240,154 678 677,B01,1,1,0,2,8,7,5,NULL,202000036240,154 678 678,A01,1,1,1,2,1988,5,1,8,-1,-1,0,-1,202000036240,3,19,0,NULL,1,3,3,1,0,0,1,NULL,"10,5",1,0,1,50
202000036328,14,3,2020,15:05:00,1,75,75114,2,4,8,2,"RUE DE LA GAITE","48,8405240","2,3242770",202000036328,154 678 509,B01,2,1,0,2,1,2,5,NULL,202000036328,154 678 509,B01,1,1,4,1,2000,9,2,0,-1,0,0,-1,202000036328,4,NULL,0,NULL,2,2,0,1,0,0,1,NULL," -1",2,0,1,30
202000036328,14,3,2020,15:05:00,1,75,75114,2,4,8,2,"RUE DE LA GAITE","48,8405240","2,3242770",202000036328,154 678 509,B01,2,1,0,2,1,2,5,NULL,202000036328,154 678 510,A01,1,1,1,1,1960,5,1,0,-1,0,0,-1,202000036328,4,NULL,0,NULL,2,2,0,1,0,0,1,NULL," -1",2,0,1,30
202000036503,30,8,2020,09:30:00,1,33,33498,1,1,1,3,D108,"44,5670700"," -0,7955400",202000036503,154 678 214,B01,2,1,0,2,8,1,5,NULL,202000036503,154 678 213,A01,1,1,1,1,1930,3,1,-1,-1,0,0,-1,202000036503,3,108,0,NULL,2,2,0,1,38,500,1,NULL," -1",1,0,1,80
202000036503,30,8,2020,09:30:00,1,33,33498,1,1,1,3,D108,"44,5670700"," -0,7955400",202000036503,154 678 214,B01,2,1,0,2,8,1,5,NULL,202000036503,154 678 214,B01,1,1,3,1,1981,5,2,-1,-1,0,0,-1,202000036503,3,108,0,NULL,2,2,0,1,38,500,1,NULL," -1",1,0,1,80
202000036586,31,8,2020,16:40:00,1,74,74010,2,2,1,3,"BARATTES (AVENUE DES)","45,9071700","6,1407100",202000036586,154 678 052,B01,1,1,0,2,0,0,0,NULL,202000036586,154 678 050,A01,1,1,1,1,1970,1,1,0,-1,-1," -1",-1,202000036586,3,"BARATTES (AVENUE DES)",0,NULL,2,2,0,1,0,200,1,NULL," -1",1,5,1,30
202000036586,31,8,2020,16:40:00,1,74,74010,2,2,1,3,"BARATTES (AVENUE DES)","45,9071700","6,1407100",202000036586,154 678 052,B01,1,1,0,2,0,0,0,NULL,202000036586,154 678 052,B01,1,1,3,1,1936,0,8,0,-1,-1," -1",-1,202000036586,3,"BARATTES (AVENUE DES)",0,NULL,2,2,0,1,0,200,1,NULL," -1",1,5,1,30
202000036776,9,1,2020,13:55:00,1,92,92073,2,1,2,6,"JAURES (AVENUE JEAN)","48,8638653","2,2087348",202000036776,154 677 709,A01,3,1,5,2,0,11,6,NULL,202000036776,154 677 709,A01,1,1,4,1,1948,0,8,0,-1,-1," -1",-1,202000036776,3,39,0,NULL,2,2,0,1,0,0,1,NULL," -1",2,0,1,50
202000037847,1,7,2020,10:00:00,1,75,75119,2,1,1,-1,"AVENUE JEAN JAURES","48,8838700","2,3743830",202000037847,154 675 847,B01,2,1,0,2,7,1,5,NULL,202000037847,154 675 845,A01,1,1,1,2,1978,1,1,0,-1,0,0,-1,202000037847,4,NULL,0,NULL,2,4,1,1,(1),0,1,NULL," -1",1,-1,5,50
202000037847,1,7,2020,10:00:00,1,75,75119,2,1,1,-1,"AVENUE JEAN JAURES","48,8838700","2,3743830",202000037847,154 675 847,B01,2,1,0,2,7,1,5,NULL,202000037847,154 675 847,B01,1,1,4,2,1983,9,8,0,-1,0,0,-1,202000037847,4,NULL,0,NULL,2,4,1,1,(1),0,1,NULL," -1",1,-1,5,50
202000039568,22,9,2020,17:55:00,1,34,34172,2,3,1,1,"NIMES (AVENUE DE)","43,6235300","3,8922100",202000039568,154 672 805,B01,2,1,0,2,1,1,5,NULL,202000039568,154 672 805,B01,1,1,4,1,1999,5,8,0,-1,-1," -1",-1,202000039568,4,NULL,0,NULL,2,2,1,1,0,0,1,NULL," -1",1,5,1,50
202000039568,22,9,2020,17:55:00,1,34,34172,2,3,1,1,"NIMES (AVENUE DE)","43,6235300","3,8922100",202000039568,154 672 805,B01,2,1,0,2,1,1,5,NULL,202000039568,154 672 807,A01,1,1,1,1,1999,4,1,8,-1,-1," -1",-1,202000039568,4,NULL,0,NULL,2,2,1,1,0,0,1,NULL," -1",1,5,1,50
202000039831,29,6,2020,10:30:00,1,69,69264,2,1,1,3,"NATIONALE  R","45,9864100","4,7182000",202000039831,154 672 360,B01,2,1,0,2,1,1,5,NULL,202000039831,154 672 359,A01,1,1,1,2,1938,0,1,0,-1,-1," -1",-1,202000039831,4,"NATIONALE  R",0,NULL,1,1,0,2,0,0,1,NULL," -1",1,0,1,50
202000039831,29,6,2020,10:30:00,1,69,69264,2,1,1,3,"NATIONALE  R","45,9864100","4,7182000",202000039831,154 672 360,B01,2,1,0,2,1,1,5,NULL,202000039831,154 672 360,B01,1,1,3,1,2004,0,2,0,-1,-1," -1",-1,202000039831,4,"NATIONALE  R",0,NULL,1,1,0,2,0,0,1,NULL," -1",1,0,1,50
202000042330,8,3,2020,14:15:00,1,45,45208,2,6,8,3,"R RENEE DE FRANCE- R DU PORT","48,0003442","2,7304727",202000042330,154 667 897,B01,3,1,0,2,7,1,5,NULL,202000042330,154 667 897,B01,1,1,4,2,1985,0,8,0,-1,0,0,-1,202000042330,4,"RUE DU PORT",0,NULL,1,1,0,1,(1),(1),2,NULL," -1",1,0,1,50
202000042330,8,3,2020,14:15:00,1,45,45208,2,6,8,3,"R RENEE DE FRANCE- R DU PORT","48,0003442","2,7304727",202000042330,154 667 897,B01,3,1,0,2,7,1,5,NULL,202000042330,154 667 898,A01,1,1,1,1,1971,0,8,0,-1,0,0,-1,202000042330,4,"RUE DU PORT",0,NULL,1,1,0,1,(1),(1),2,NULL," -1",1,0,1,50
202000044247,26,6,2020,15:05:00,1,71,71486,2,1,1,7,"LOUIS AUBLANC (RUE)","46,6428043","4,3512498",202000044247,154 664 479,A01,1,1,0,0,1,0,5,NULL,202000044247,154 664 479,A01,1,1,3,1,2006,2,8,0,-1,-1," -1",-1,202000044247,4,NULL,0,NULL,2,2,0,1,1,0,1,NULL," -1",1,0,1,50
202000045107,3,2,2020,18:30:00,5,91,91434,2,1,2,1,"RENE CASSIN (AVENUE)","48,6568200","2,3399400",202000045107,154 662 956,B01,3,1,1,2,1,1,5,NULL,202000045107,154 662 956,B01,1,1,4,1,1973,5,2,4,-1,-1," -1",-1,202000045107,4,NULL,0,NULL,2,2,0,1,1,0,1,NULL," -1",2,0,1,50
202000045107,3,2,2020,18:30:00,5,91,91434,2,1,2,1,"RENE CASSIN (AVENUE)","48,6568200","2,3399400",202000045107,154 662 956,B01,3,1,1,2,1,1,5,NULL,202000045107,154 662 957,A01,1,1,1,1,1960,5,1,0,-1,-1," -1",-1,202000045107,4,NULL,0,NULL,2,2,0,1,1,0,1,NULL," -1",2,0,1,50
202000007591,19,6,2020,00:25:00,5,75,75116,2,1,1,2,"ALLEE DE LONGCHAMP","48,8644370","2,2418700",202000007591,154 728 888,A01,1,1,0,2,0,2,5,NULL,202000007591,154 728 888,A01,1,1,4,2,1984,4,2,0,-1,0,0,-1,202000007591,4,NULL,0,NULL,2,2,0,1,0,0,1,NULL," -1",1,0,1,50
202000008399,29,12,2020,15:15:00,1,69,69264,2,1,8,7,"EUROPE L'  AV DE","45,9980000","4,7393000",202000008399,154 727 473,A01,3,1,12,0,1,14,5,NULL,202000008399,154 727 473,A01,1,1,4,1,1983,0,2,6,-1,-1," -1",-1,202000008399,3,306,0,NULL,1,3,1,1,21,100,3,NULL," -1",1,9,5,50
202000008807,16,5,2020,15:45:00,1,35,35291,1,2,1,3,"Lieu Dit Colombel","48,5911618"," -1,6337816",202000008807,154 726 766,B01,1,1,0,2,8,19,5,NULL,202000008807,154 726 765,A01,1,1,1,2,1977,5,1,-1,-1,0,0,-1,202000008807,3,797,0,NULL,-1,2,0,1,9,266,1,NULL,7,1,0,1,50
202000008807,16,5,2020,15:45:00,1,35,35291,1,2,1,3,"Lieu Dit Colombel","48,5911618"," -1,6337816",202000008807,154 726 766,B01,1,1,0,2,8,19,5,NULL,202000008807,154 726 766,B01,1,1,2,2,1939,0,2,-1,-1,0,0,-1,202000008807,3,797,0,NULL,-1,2,0,1,9,266,1,NULL,7,1,0,1,50
202000010092,18,8,2020,18:00:00,1,51,51454,1,1,1,3,"Avenue de Champagne","49,2321142","4,0364602",202000010092,154 724 498,A01,1,1,0,2,8,11,5,NULL,202000010092,154 724 498,A01,1,1,4,1,1974,1,8,-1,-1,-1," -1",-1,202000010092,3,951,0,NULL,1,5,2,1,21,900,1,NULL," -1",1,3,1,50
202000010092,18,8,2020,18:00:00,1,51,51454,1,1,1,3,"Avenue de Champagne","49,2321142","4,0364602",202000010092,154 724 498,A01,1,1,0,2,8,11,5,NULL,202000010092,154 724 499,B01,1,1,1,1,1998,1,1,-1,-1,-1," -1",-1,202000010092,3,951,0,NULL,1,5,2,1,21,900,1,NULL," -1",1,3,1,50
202000010180,17,8,2020,08:40:00,1,87,87085,2,1,1,3,"COTY (AVENUE DU PRESIDENT RENE)","45,8427600","1,2308900",202000010180,154 724 332,A01,1,1,0,2,1,1,5,NULL,202000010180,154 724 332,A01,1,1,4,2,1991,4,8,0,-1,-1," -1",-1,202000010180,4,"COTY (AVENUE DU PRESIDENT RENE)",0,NULL,2,2,0,1,0,0,1,NULL," -1",1,0,1,50
202000011488,12,9,2020,09:50:00,1,78,78120,1,1,1,-1,D149,"48,6469170","1,9874950",202000011488,154 722 038,B01,1,1,0,9,4,1,5,NULL,202000011488,154 722 037,A01,1,1,3,1,1983,5,2,-1,-1,0,0,-1,202000011488,3,149,-1,NULL,2,2,0,1,10,0,1,NULL," -1",1,0,1,80
202000011488,12,9,2020,09:50:00,1,78,78120,1,1,1,-1,D149,"48,6469170","1,9874950",202000011488,154 722 037,A01,1,1,0,2,1,1,5,NULL,202000011488,154 722 037,A01,1,1,3,1,1983,5,2,-1,-1,0,0,-1,202000011488,3,149,-1,NULL,2,2,0,1,10,0,1,NULL," -1",1,0,1,80