Num_Acc,jour,mois,an,hrmn,lum,dep,com,agg,int,atm,col,adr,lat,long,Num_Acc,id_vehicule,num_veh,senc,catv,obs,obsm,choc,manv,motor,occutc,Num_Acc,id_vehicule,num_veh,place,catu,grav,sexe,an_nais,trajet,secu1,secu2,secu3,locp,actp,etatp,Num_Acc,catr,voie,v1,v2,circ,nbv,vosp,prof,pr,pr1,plan,lartpc,larrout,surf,infra,situ,vma
202000011488,12,9,2020,09:50:00,1,78,78120,1,1,1,-1,D149,"48,6469170","1,9874950",202000011488,154 722 038,B01,1,1,0,9,4,1,5,NULL,202000011488,154 722 038,B01,1,1,1,1,1978,5,2,-1,-1,0,0,-1,202000011488,3,149,-1,NULL,2,2,0,1,10,0,1,NULL," -1",1,0,1,80
202000011488,12,9,2020,09:50:00,1,78,78120,1,1,1,-1,D149,"48,6469170","1,9874950",202000011488,154 722 037,A01,1,1,0,2,1,1,5,NULL,202000011488,154 722 038,B01,1,1,1,1,1978,5,2,-1,-1,0,0,-1,202000011488,3,149,-1,NULL,2,2,0,1,10,0,1,NULL," -1",1,0,1,80
202000011568,17,6,2020,14:53:00,1,75,75104,2,2,1,7,"RUE DE RIVOLI","48,8578740","2,3502130",202000011568,154 721 895,A01,1,1,0,2,1,21,5,NULL,202000011568,154 721 895,A01,1,1,4,2,1963,9,8,0,-1,0,0,-1,202000011568,4,NULL,0,NULL,-1,0,1,1,0,0,1,NULL," -1",1,-1,5,50
202000011709,16,6,2020,15:45:00,1,75,75104,2,3,1,6,"QUAI DES CELESTINS","48,8523540","2,3604900",202000011709,154 721 648,A01,1,1,12,0,7,14,5,NULL,202000011709,154 721 648,A01,1,1,4,1,1958,1,8,0,-1,0,0,-1,202000011709,4,NULL,0,NULL,2,6,1,1,0,0,1,NULL," -1",1,-1,5,50
202000013305,14,7,2020,10:30:00,1,69,69381,2,1,1,2,"ST VINCENT                          (QU)","45,7679018","4,8208655",202000013305,154 718 884,B01,2,1,0,2,4,1,5,NULL,202000013305,154 718 884,B01,1,1,3,1,1960,0,2,0,-1,-1," -1",-1,202000013305,4,NULL,0,NULL,1,2,1,1,(1),(1),1,NULL," -1",1,8,1,50
202000019165,9,9,2020,16:20:00,1,68,68162,1,3,1,1,"chemin communal du fechtweg","48,1290130","7,3142709",202000019165,154 708 522,B01,3,1,0,0,1,1,5,NULL,202000019165,154 708 522,B01,1,1,4,1,1976,5,2,9,-1,0,0,-1,202000019165,3,10,-1,NULL,2,2,0,1,(1),(1),1,NULL," -1",1,0,8,90
202000019165,9,9,2020,16:20:00,1,68,68162,1,3,1,1,"chemin communal du fechtweg","48,1290130","7,3142709",202000019165,154 708 522,B01,3,1,0,0,1,1,5,NULL,202000019165,154 708 523,A01,1,1,1,1,1958,4,1,-1,-1,0,0,-1,202000019165,3,10,-1,NULL,2,2,0,1,(1),(1),1,NULL," -1",1,0,8,90
202000019382,9,6,2020,07:45:00,1,76,76231,2,1,1,3,"RD 840 (RUE DU NEUBOURG)","49,2832100","1,0082400",202000019382,154 708 115,B01,1,1,0,2,7,1,5,NULL,202000019382,154 708 115,B01,1,1,4,1,1958,1,2,0,-1,-1," -1",-1,202000019382,3,840,0,NULL,2,2,0,1,2,400,1,NULL," -1",1,0,1,50
202000022109,17,12,2020,21:00:00,5,75,75116,2,4,1,3,"PORTE DE PASSY","48,8580930","2,2620920",202000022109,154 703 301,A01,2,1,0,2,1,19,5,NULL,202000022109,154 703 300,B01,1,1,1,1,1965,4,1,0,-1,0,0,-1,202000022109,4,NULL,0,NULL,1,1,1,1,0,0,3,NULL," -1",2,-1,5,50
202000022109,17,12,2020,21:00:00,5,75,75116,2,4,1,3,"PORTE DE PASSY","48,8580930","2,2620920",202000022109,154 703 301,A01,2,1,0,2,1,19,5,NULL,202000022109,154 703 301,A01,1,1,4,1,1992,1,8,0,-1,0,0,-1,202000022109,4,NULL,0,NULL,1,1,1,1,0,0,3,NULL," -1",2,-1,5,50
202000022574,4,7,2020,15:00:00,1,49,49088,1,1,1,3,D771,"47,7770915"," -1,0973027",202000022574,154 702 510,B01,2,1,0,2,8,1,6,NULL,202000022574,154 702 509,A01,1,1,1,1,1987,1,1,-1,-1,0,0,-1,202000022574,3,771,0,NULL,2,2,0,2,0,650,1,NULL," -1",1,0,1,80
202000022574,4,7,2020,15:00:00,1,49,49088,1,1,1,3,D771,"47,7770915"," -1,0973027",202000022574,154 702 510,B01,2,1,0,2,8,1,6,NULL,202000022574,154 702 510,B01,1,1,4,1,1959,5,2,-1,-1,0,0,-1,202000022574,3,771,0,NULL,2,2,0,2,0,650,1,NULL," -1",1,0,1,80
202000023045,8,9,2020,09:55:00,1,75,75103,2,2,1,7,"RUE DE TURBIGO","48,8657710","2,3574720",202000023045,154 701 681,A01,1,1,0,0,1,21,5,NULL,202000023045,154 701 681,A01,1,1,4,2,1992,9,2,0,-1,0,0,-1,202000023045,4,NULL,0,NULL,2,4,1,1,0,0,1,NULL," -1",1,-1,5,30
202000026231,16,1,2020,20:55:00,5,75,75101,2,1,1,7,"PONT DES ARTS","48,8590450","2,3378750",202000026231,154 696 110,A01,3,1,0,0,1,25,5,NULL,202000026231,154 696 110,A01,1,1,4,2,1997,5,8,2,-1,0,0,-1,202000026231,4,NULL,0,NULL,-1,4,0,1,0,0,1,NULL,12,1,6,4,10
202000027210,4,11,2020,13:15:00,1,94,94002,2,1,1,1,"JEAN BAPTISTE CLEMENT (QU)","48,7961100","2,4220800",202000027210,154 694 396,B01,1,1,0,2,0,1,5,NULL,202000027210,154 694 396,B01,1,1,4,1,1975,1,8,0,-1,-1," -1",-1,202000027210,3,138,0,NULL,-1,2,1,1,0,1,1,NULL," -1",1,0,5,25
202000027210,4,11,2020,13:15:00,1,94,94002,2,1,1,1,"JEAN BAPTISTE CLEMENT (QU)","48,7961100","2,4220800",202000027210,154 694 396,B01,1,1,0,2,0,1,5,NULL,202000027210,154 694 399,A01,1,1,4,1,1994,1,8,0,-1,-1," -1",-1,202000027210,3,138,0,NULL,-1,2,1,1,0,1,1,NULL," -1",1,0,5,25
202000030219,5,7,2020,02:35:00,5,75,75101,2,2,1,1,"RUE DE RIVOLI","48,8590930","2,3464340",202000030219,154 689 132,B01,2,1,0,2,7,1,5,NULL,202000030219,154 689 132,B01,1,1,1,1,1994,5,8,0,-1,0,0,-1,202000030219,4,NULL,0,NULL,2,3,1,1,0,0,1,NULL," -1",1,-1,5,50
202000030219,5,7,2020,02:35:00,5,75,75101,2,2,1,1,"RUE DE RIVOLI","48,8590930","2,3464340",202000030219,154 689 132,B01,2,1,0,2,7,1,5,NULL,202000030219,154 689 133,A01,1,1,4,1,1980,5,8,0,-1,0,0,-1,202000030219,4,NULL,0,NULL,2,3,1,1,0,0,1,NULL," -1",1,-1,5,50
202000034536,2,9,2020,17:00:00,1,75,75113,2,2,1,3,"RUE DU CHATEAU DES RENTIERS","48,8251400","2,3698020",202000034536,154 681 730,A01,1,1,0,2,3,16,5,NULL,202000034536,154 681 730,A01,1,1,4,1,1971,5,2,0,-1,-1," -1",-1,202000034536,4,NULL,0,NULL,1,1,0,1,0,0,1,NULL," -1",1,0,1,50
202000034899,31,7,2020,10:50:00,1,94,94046,2,1,1,3,"REPUBLIQUE (AV DE LA)","48,8052800","2,4394400",202000034899,154 681 081,B01,2,1,1,0,1,2,0,NULL,202000034899,154 681 081,B01,1,1,4,1,1987,5,2,0,-1,-1," -1",-1,202000034899,3,"REPUBLIQUE (AV DE LA)",0,NULL,2,2,0,1,0,0,1,NULL," -1",1,0,1,50
202000034899,31,7,2020,10:50:00,1,94,94046,2,1,1,3,"REPUBLIQUE (AV DE LA)","48,8052800","2,4394400",202000034899,154 681 081,B01,2,1,1,0,1,2,0,NULL,202000034899,154 681 082,A01,1,1,1,1,1998,4,1,0,-1,-1," -1",-1,202000034899,3,"REPUBLIQUE (AV DE LA)",0,NULL,2,2,0,1,0,0,1,NULL," -1",1,0,1,50
202000035982,9,12,2020,20:00:00,5,75,75104,2,2,1,3,"BOULEVARD MORLAND","48,8489360","2,3645210",202000035982,154 679 150,A01,3,1,0,2,1,19,5,NULL,202000035982,154 679 150,A01,1,1,4,1,1962,1,8,0,-1,0,0,-1,202000035982,4,NULL,0,NULL,1,2,1,1,0,0,1,NULL," -1",1,-1,5,50
202000035982,9,12,2020,20:00:00,5,75,75104,2,2,1,3,"BOULEVARD MORLAND","48,8489360","2,3645210",202000035982,154 679 150,A01,3,1,0,2,1,19,5,NULL,202000035982,154 679 151,B01,1,1,1,1,1995,1,1,0,-1,0,0,-1,202000035982,4,NULL,0,NULL,1,2,1,1,0,0,1,NULL," -1",1,-1,5,50
202000038911,27,5,2020,12:00:00,1,63,63164,1,1,1,3,"CEBAZAT (ROUTE DE)","45,8242089","3,1332788",202000038911,154 673 970,B01,2,1,0,2,8,13,5,NULL,202000038911,154 673 969,A01,1,1,1,1,1978,4,1,8,-1,0,0,-1,202000038911,7,2,0,NULL,2,2,2,1,8,460,1,NULL,7,1,0,1,80
202000038911,27,5,2020,12:00:00,1,63,63164,1,1,1,3,"CEBAZAT (ROUTE DE)","45,8242089","3,1332788",202000038911,154 673 970,B01,2,1,0,2,8,13,5,NULL,202000038911,154 673 970,B01,1,1,2,1,1949,5,2,0,-1,0,0,-1,202000038911,7,2,0,NULL,2,2,2,1,8,460,1,NULL,7,1,0,1,80
202000039444,27,7,2020,16:12:00,1,31,31555,2,3,1,3,"AV DE GRANDE BRETAGNE","43,6038500","1,4070000",202000039444,154 673 020,B01,1,1,0,2,0,0,5,NULL,202000039444,154 673 020,B01,1,1,4,1,1976,5,2,0,-1,-1," -1",-1,202000039444,4,"AV DE GRANDE BRETAGNE",0,NULL,2,2,0,1,0,0,1,NULL," -1",1,0,1,50
202000039444,27,7,2020,16:12:00,1,31,31555,2,3,1,3,"AV DE GRANDE BRETAGNE","43,6038500","1,4070000",202000039444,154 673 020,B01,1,1,0,2,0,0,5,NULL,202000039444,154 673 021,A01,1,1,1,1,2000,9,1,7,-1,-1," -1",-1,202000039444,4,"AV DE GRANDE BRETAGNE",0,NULL,2,2,0,1,0,0,1,NULL," -1",1,0,1,50
202000040642,7,2,2020,09:05:00,1,93,93045,2,1,1,3,"Boulevard Eugène Decros","48,8822916","2,4149930",202000040642,154 670 929,B01,3,1,1,0,7,18,5,NULL,202000040642,154 670 929,B01,1,1,4,2,1981,5,8,0,-1,-1," -1",-1,202000040642,3,35,3,NULL,2,2,0,1,0,1,1,NULL," -1",1,0,1,50
202000040642,7,2,2020,09:05:00,1,93,93045,2,1,1,3,"Boulevard Eugène Decros","48,8822916","2,4149930",202000040642,154 670 929,B01,3,1,1,0,7,18,5,NULL,202000040642,154 670 930,A01,1,1,1,2,1965,0,8,0,-1,-1," -1",-1,202000040642,3,35,3,NULL,2,2,0,1,0,1,1,NULL," -1",1,0,1,50
202000042944,6,2,2020,06:00:00,2,974,97409,1,9,1,3,"Chemin Agenor"," -20,9527930","55,6877200",202000042944,154 666 801,B01,2,1,0,2,7,2,5,NULL,202000042944,154 666 798,A01,1,1,1,2,1954,9,1,0,-1,-1," -1",-1,202000042944,3,47,0,NULL,2,2,0,1,5,260,1,NULL," -1",1,0,1,70
202000042944,6,2,2020,06:00:00,2,974,97409,1,9,1,3,"Chemin Agenor"," -20,9527930","55,6877200",202000042944,154 666 801,B01,2,1,0,2,7,2,5,NULL,202000042944,154 666 801,B01,1,1,4,1,1954,9,8,0,-1,-1," -1",-1,202000042944,3,47,0,NULL,2,2,0,1,5,260,1,NULL," -1",1,0,1,70
202000043370,23,5,2020,15:54:00,1,86,86158,2,1,1,2,"Route de Poitiers","46,6259097","0,3069642",202000043370,154 666 016,B01,2,1,0,2,4,1,5,NULL,202000043370,154 666 016,B01,1,1,4,2,1943,5,8,0,-1,-1," -1",-1,202000043370,3,757,0,NULL,2,2,0,1,35,690,1,NULL," -1",1,0,1,50
202000046322,24,6,2020,07:05:00,1,971,97112,2,2,7,1,D203,"15,8702150"," -61,2813740",202000046322,154 660 845,B01,2,1,0,2,1,1,5,NULL,202000046322,154 660 845,B01,1,1,3,1,1958,5,2,-1,-1,0,0,-1,202000046322,3,203,0,D,2,2,0,1,3,700,1,NULL," -1",1,0,1,70
202000046322,24,6,2020,07:05:00,1,971,97112,2,2,7,1,D203,"15,8702150"," -61,2813740",202000046322,154 660 845,B01,2,1,0,2,1,1,5,NULL,202000046322,154 660 846,A01,1,1,1,1,1949,5,1,-1,-1,0,0,-1,202000046322,3,203,0,D,2,2,0,1,3,700,1,NULL," -1",1,0,1,70
202000047090,2,12,2020,10:00:00,1,75,75116,2,2,8,2,"AVENUE THEOPHILE GAUTIER","48,8482230","2,2699090",202000047090,154 659 518,Z01,1,1,0,2,0,2,5,NULL,202000047090,154 659 515,A01,1,1,4,1,1962,1,2,0,-1,0,0,-1,202000047090,4,NULL,0,NULL,2,2,0,1,0,0,1,NULL," -1",1,0,1,50
202000047179,21,7,2020,08:30:00,1,27,27229,2,3,1,3,"BUFFARDIERE (BOULEVARD DE LA)","49,0227000","1,1407000",202000047179,154 659 378,B01,0,1,0,2,3,1,5,NULL,202000047179,154 659 354,A01,1,1,1,1,1976,0,1,5,-1,0,0,-1,202000047179,3,"BRIAND (AVENUE ARISTIDE)",0,NULL,2,2,0,1,0,1,1,NULL," -1",1,0,1,50
202000047179,21,7,2020,08:30:00,1,27,27229,2,3,1,3,"BUFFARDIERE (BOULEVARD DE LA)","49,0227000","1,1407000",202000047179,154 659 378,B01,0,1,0,2,3,1,5,NULL,202000047179,154 659 378,B01,1,1,4,1,1956,0,2,4,-1,0,0,-1,202000047179,3,"BRIAND (AVENUE ARISTIDE)",0,NULL,2,2,0,1,0,1,1,NULL," -1",1,0,1,50
202000047371,24,7,2020,19:40:00,1,75,75120,2,7,1,3,"ECHANGEUR VINCENNES","48,8469180","2,4150830",202000047371,154 659 010,A01,2,1,0,2,7,5,5,NULL,202000047371,154 659 009,B01,1,1,4,1,1969,9,2,6,-1,0,0,-1,202000047371,4,NULL,0,NULL,1,1,1,1,0,0,1,NULL," -1",1,-1,5,50
202000047371,24,7,2020,19:40:00,1,75,75120,2,7,1,3,"ECHANGEUR VINCENNES","48,8469180","2,4150830",202000047371,154 659 010,A01,2,1,0,2,7,5,5,NULL,202000047371,154 659 010,A01,1,1,1,1,1996,5,2,0,-1,0,0,-1,202000047371,4,NULL,0,NULL,1,1,1,1,0,0,1,NULL," -1",1,-1,5,50
202000008236,15,8,2020,20:17:00,1,22,22135,2,1,1,7,"23 Rue du Manaty","48,5793150"," -3,3284870",202000008236,154 727 759,A01,3,1,0,0,1,0,5,NULL,202000008236,154 727 759,A01,1,1,3,1,2006,5,0,-1,-1,0,0,-1,202000008236,3,15,-1,NULL,-1,2,0,1,(1),(1),1,NULL," -1",1,0,4,5
202000008683,17,5,2020,17:00:00,1,42,42279,2,2,7,1,"167 Route de Saint Marcellin","45,4983310","4,2274640",202000008683,154 726 993,B01,3,1,0,2,1,1,0,NULL,202000008683,154 726 992,A01,1,1,1,1,1951,5,1,-1,-1,0,0,-1,202000008683,3,102,-1,NULL,2,2,0,1,27,250,1,NULL,"5,5",1,0,1,50
202000008683,17,5,2020,17:00:00,1,42,42279,2,2,7,1,"167 Route de Saint Marcellin","45,4983310","4,2274640",202000008683,154 726 993,B01,3,1,0,2,1,1,0,NULL,202000008683,154 726 993,B01,1,1,3,1,1992,5,2,-1,-1,0,0,-1,202000008683,3,102,-1,NULL,2,2,0,1,27,250,1,NULL,"5,5",1,0,1,50
202000009410,24,1,2020,16:15:00,1,22,22278,2,6,1,3,"WALDECK-ROUSSEAU (BD ET PT)","48,5102600"," -2,7570200",202000009410,154 725 707,B01,0,1,0,2,1,1,5,NULL,202000009410,154 725 707,B01,1,1,3,1,1998,9,2,0,-1,-1," -1",-1,202000009410,4,"WALDECK-ROUSSEAU (BD ET PT)",0,NULL,2,2,0,1,0,0,1,NULL," -1",1,0,1,30
202000009410,24,1,2020,16:15:00,1,22,22278,2,6,1,3,"WALDECK-ROUSSEAU (BD ET PT)","48,5102600"," -2,7570200",202000009410,154 725 707,B01,0,1,0,2,1,1,5,NULL,202000009410,154 725 708,A01,1,1,1,1,1953,9,1,8,-1,-1," -1",-1,202000009410,4,"WALDECK-ROUSSEAU (BD ET PT)",0,NULL,2,2,0,1,0,0,1,NULL," -1",1,0,1,30
202000011583,17,6,2020,00:12:00,5,92,92026,2,3,1,3,"BOULEVARD CIRCULAIRE","48,8904381","2,2488338",202000011583,154 721 868,B01,2,1,0,2,1,1,5,NULL,202000011583,154 721 868,B01,1,1,4,1,1992,9,8,0,-1,-1," -1",-1,202000011583,3,993,0,NULL,-1,2,2,1,0,0,1,NULL," -1",1,0,5,50
202000011583,17,6,2020,00:12:00,5,92,92026,2,3,1,3,"BOULEVARD CIRCULAIRE","48,8904381","2,2488338",202000011583,154 721 868,B01,2,1,0,2,1,1,5,NULL,202000011583,154 721 869,A01,1,1,1,1,1994,4,2,6,-1,-1," -1",-1,202000011583,3,993,0,NULL,-1,2,2,1,0,0,1,NULL," -1",1,0,5,50
202000011663,12,6,2020,17:00:00,1,64,64122,2,1,1,3,"GENERAL MAC CROSKEY (AV DU)","43,4925800"," -1,5474300",202000011663,154 721 725,B01,2,1,0,2,8,13,5,NULL,202000011663,154 721 724,A01,1,1,1,2,1993,1,1,8,-1,-1," -1",-1,202000011663,4,NULL,0,NULL,2,2,0,1,0,0,1,NULL," -1",1,0,1,30
202000011663,12,6,2020,17:00:00,1,64,64122,2,1,1,3,"GENERAL MAC CROSKEY (AV DU)","43,4925800"," -1,5474300",202000011663,154 721 725,B01,2,1,0,2,8,13,5,NULL,202000011663,154 721 725,B01,1,1,4,1,2006,2,8,0,-1,-1," -1",-1,202000011663,4,NULL,0,NULL,2,2,0,1,0,0,1,NULL," -1",1,0,1,30
202000011868,12,10,2020,20:15:00,5,75,75111,2,1,1,1,"RUE JEAN PIERRE TIMBAUD","48,8670660","2,3750290",202000011868,154 721 382,Z01,2,1,0,2,1,13,5,NULL,202000011868,154 721 381,A01,1,1,4,1,1986,1,2,4,-1,0,0,-1,202000011868,4,NULL,0,NULL,1,2,1,2,0,0,1,NULL," -1",1,-1,5,30
202000011868,12,10,2020,20:15:00,5,75,75111,2,1,1,1,"RUE JEAN PIERRE TIMBAUD","48,8670660","2,3750290",202000011868,154 721 381,A01,1,1,0,2,1,1,5,NULL,202000011868,154 721 381,A01,1,1,4,1,1986,1,2,4,-1,0,0,-1,202000011868,4,NULL,0,NULL,1,2,1,2,0,0,1,NULL," -1",1,-1,5,30
202000014520,8,5,2020,16:40:00,1,75,75119,2,1,1,7,"RUE DE CRIMEE","48,8805130","2,3884150",202000014520,154 716 803,A01,1,1,0,0,1,1,5,NULL,202000014520,154 716 803,A01,1,1,4,1,2004,9,2,0,-1,0,0,-1,202000014520,4,NULL,0,NULL,2,2,3,2,0,0,1,NULL," -1",1,-1,6,30
202000014739,22,1,2020,14:00:00,1,79,79191,2,3,1,3,"18 Avenue Salvador Allende","46,3268670"," -0,4880150",202000014739,154 716 439,B01,2,1,0,2,7,1,5,NULL,202000014739,154 716 438,A01,1,1,1,2,1935,5,1,8,-1,-1," -1",-1,202000014739,4,NULL,0,NULL,2,2,0,2,(1),(1),1,NULL,"5,7",1,0,1,50
202000014739,22,1,2020,14:00:00,1,79,79191,2,3,1,3,"18 Avenue Salvador Allende","46,3268670"," -0,4880150",202000014739,154 716 439,B01,2,1,0,2,7,1,5,NULL,202000014739,154 716 439,B01,1,1,4,2,1959,3,8,0,-1,-1," -1",-1,202000014739,4,NULL,0,NULL,2,2,0,2,(1),(1),1,NULL,"5,7",1,0,1,50
202000015476,15,6,2020,09:55:00,1,69,69244,2,6,1,3,"32 Avenue de la République","45,7640593","4,7816672",202000015476,154 715 074,B01,1,1,0,2,1,1,5,NULL,202000015476,154 715 073,A01,1,1,1,1,1996,4,0,-1,-1,0,0,-1,202000015476,9,NULL,-1,NULL,2,2,3,2,(1),(1),3,NULL,"5,5",1,0,1,50
202000015476,15,6,2020,09:55:00,1,69,69244,2,6,1,3,"32 Avenue de la République","45,7640593","4,7816672",202000015476,154 715 074,B01,1,1,0,2,1,1,5,NULL,202000015476,154 715 074,B01,1,1,3,2,1954,5,0,-1,-1,0,0,-1,202000015476,9,NULL,-1,NULL,2,2,3,2,(1),(1),3,NULL,"5,5",1,0,1,50
202000016355,16,11,2020,13:25:00,1,75,75108,2,2,1,7,"RUE DE COURCELLES","48,8750350","2,3092030",202000016355,154 713 469,A01,2,1,0,2,7,14,5,NULL,202000016355,154 713 469,A01,1,1,4,1,1982,9,2,0,-1,0,0,-1,202000016355,4,NULL,0,NULL,2,3,0,2,0,0,1,NULL," -1",1,0,1,50
202000017610,12,8,2020,18:12:00,1,68,68012,1,1,1,3,Rte,"47,7868790","7,1312210",202000017610,154 711 245,A01,1,1,0,0,8,1,5,NULL,202000017610,154 711 245,A01,1,1,4,1,1976,5,2,-1,-1,0,0,-1,202000017610,3,103,-1,NULL,2,2,0,1,2,650,1,NULL," -1",1,0,1,80
202000018130,15,11,2020,11:50:00,1,69,69383,2,1,1,6,"PAUL BERT                           (R )","45,7567641","4,8667030",202000018130,154 710 335,A01,1,1,0,1,1,1,5,NULL,202000018130,154 710 335,A01,10,3,4,2,1960,9,0,-1,-1,5,3,1,202000018130,4,NULL,0,NULL,1,1,0,2,0,0,1,NULL," -1",1,0,1,50
202000018130,15,11,2020,11:50:00,1,69,69383,2,1,1,6,"PAUL BERT                           (R )","45,7567641","4,8667030",202000018130,154 710 335,A01,1,1,0,1,1,1,5,NULL,202000018130,154 710 335,A01,1,1,4,1,1987,4,2,0,-1,-1," -1",-1,202000018130,4,NULL,0,NULL,1,1,0,2,0,0,1,NULL," -1",1,0,1,50
202000021467,13,7,2020,10:00:00,1,61,61442,1,1,1,6,D553,"48,5375720"," -0,3014370",202000021467,154 704 431,A01,2,1,8,0,2,21,5,NULL,202000021467,154 704 431,A01,1,1,3,1,1952,5,2,-1,-1,0,0,-1,202000021467,3,553,-1,NULL,2,2,0,2,2,620,4,NULL," -1",1,0,3,80
202000022074,18,12,2020,11:00:00,1,33,33249,2,9,1,3,"AVE CARNOT","44,8658100"," -0,5191400",202000022074,154 703 369,B01,3,1,0,2,1,0,5,NULL,202000022074,154 703 368,A01,1,1,1,1,1967,0,1,-1,-1,-1," -1",-1,202000022074,6,NULL,0,NULL,-1,-1,0,1,(1),(1),1,NULL," -1",1,9,1,30
202000022074,18,12,2020,11:00:00,1,33,33249,2,9,1,3,"AVE CARNOT","44,8658100"," -0,5191400",202000022074,154 703 369,B01,3,1,0,2,1,0,5,NULL,202000022074,154 703 369,B01,1,1,4,1,1973,0,8,-1,-1,-1," -1",-1,202000022074,6,NULL,0,NULL,-1,-1,0,1,(1),(1),1,NULL," -1",1,9,1,30
202000022075,18,12,2020,08:50:00,1,33,33318,2,1,1,3,"AVE DU DOCTEUR ALBERT SCHWEITZER","44,7993200"," -0,6189600",202000022075,154 703 367,B01,1,1,0,2,3,1,5,NULL,202000022075,154 703 366,A01,1,1,1,2,1972,0,1,-1,-1,-1," -1",-1,202000022075,4,"AVE DU DOCTEUR ALBERT SCHWEITZER",0,NULL,2,2,1,1,(1),(1),1,NULL," -1",1,0,1,50
202000022075,18,12,2020,08:50:00,1,33,33318,2,1,1,3,"AVE DU DOCTEUR ALBERT SCHWEITZER","44,7993200"," -0,6189600",202000022075,154 703 367,B01,1,1,0,2,3,1,5,NULL,202000022075,154 703 367,B01,1,1,4,2,1992,1,2,-1,-1,-1," -1",-1,202000022075,4,"AVE DU DOCTEUR ALBERT SCHWEITZER",0,NULL,2,2,1,1,(1),(1),1,NULL," -1",1,0,1,50
202000022784,20,2,2020,16:30:00,1,70,70119,2,2,7,3,"1 Rue du Chanois","47,3365250","5,9074260",202000022784,154 702 143,B01,2,1,0,2,1,1,5,NULL,202000022784,154 702 143,B01,1,1,4,1,1972,5,0,-1,-1,0,0,-1,202000022784,3,15,-1,NULL,2,2,0,2,34,650,1,NULL,"5,5",1,0,1,50
202000022784,20,2,2020,16:30:00,1,70,70119,2,2,7,3,"1 Rue du Chanois","47,3365250","5,9074260",202000022784,154 702 143,B01,2,1,0,2,1,1,5,NULL,202000022784,154 702 144,A01,1,1,1,1,1943,5,1,-1,-1,0,0,-1,202000022784,3,15,-1,NULL,2,2,0,2,34,650,1,NULL,"5,5",1,0,1,50
202000023522,4,10,2020,21:00:00,5,75,75108,2,1,2,2,"BOULEVARD MALESHERBES","48,8770320","2,3172050",202000023522,154 700 856,A01,1,1,0,2,1,1,5,NULL,202000023522,154 700 854,B01,1,1,1,1,1986,9,1,5,-1,0,0,-1,202000023522,4,NULL,0,NULL,3,4,1,1,0,0,1,NULL," -1",2,-1,5,50
202000023522,4,10,2020,21:00:00,5,75,75108,2,1,2,2,"BOULEVARD MALESHERBES","48,8770320","2,3172050",202000023522,154 700 856,A01,1,1,0,2,1,1,5,NULL,202000023522,154 700 856,A01,1,1,4,1,1999,1,8,0,-1,0,0,-1,202000023522,4,NULL,0,NULL,3,4,1,1,0,0,1,NULL," -1",2,-1,5,50
202000026036,16,12,2020,17:45:00,5,64,64445,2,1,1,3,"EMILE GARET","43,2990000"," -0,3636700",202000026036,154 696 453,B01,1,1,0,2,2,1,5,NULL,202000026036,154 696 453,B01,1,1,4,1,2000,0,8,0,-1,-1," -1",-1,202000026036,4,NULL,0,NULL,1,1,0,1,0,0,1,NULL," -1",1,0,1,30
202000026036,16,12,2020,17:45:00,5,64,64445,2,1,1,3,"EMILE GARET","43,2990000"," -0,3636700",202000026036,154 696 453,B01,1,1,0,2,2,1,5,NULL,202000026036,154 696 454,A01,1,1,1,1,1977,0,8,0,-1,-1," -1",-1,202000026036,4,NULL,0,NULL,1,1,0,1,0,0,1,NULL," -1",1,0,1,30
202000032254,4,7,2020,16:50:00,1,75,75107,2,2,1,2,"PONT DE L ALMA","48,8624290","2,3016050",202000032254,154 685 693,A01,1,1,0,2,2,2,5,NULL,202000032254,154 685 693,A01,1,1,4,2,1954,5,2,0,-1,0,0,-1,202000032254,4,NULL,0,NULL,2,5,1,1,0,0,1,NULL," -1",1,-1,5,50
202000032254,4,7,2020,16:50:00,1,75,75107,2,2,1,2,"PONT DE L ALMA","48,8624290","2,3016050",202000032254,154 685 693,A01,1,1,0,2,2,2,5,NULL,202000032254,154 685 694,B01,1,1,1,1,1999,9,2,0,-1,0,0,-1,202000032254,4,NULL,0,NULL,2,5,1,1,0,0,1,NULL," -1",1,-1,5,50
202000032889,4,9,2020,10:50:00,1,40,40328,2,3,1,5,"2 Avenue de la Foret","43,7861840"," -1,3943200",202000032889,154 684 648,C01,1,1,0,2,1,1,5,NULL,202000032889,154 684 646,A01,1,1,1,1,1982,4,1,-1,-1,0,0,-1,202000032889,4,NULL,-1,NULL,2,2,0,1,(1),(1),1,NULL," -1",1,0,1,50
202000032889,4,9,2020,10:50:00,1,40,40328,2,3,1,5,"2 Avenue de la Foret","43,7861840"," -1,3943200",202000032889,154 684 647,B01,1,1,0,2,1,1,5,NULL,202000032889,154 684 646,A01,1,1,1,1,1982,4,1,-1,-1,0,0,-1,202000032889,4,NULL,-1,NULL,2,2,0,1,(1),(1),1,NULL," -1",1,0,1,50
202000032889,4,9,2020,10:50:00,1,40,40328,2,3,1,5,"2 Avenue de la Foret","43,7861840"," -1,3943200",202000032889,154 684 648,C01,1,1,0,2,1,1,5,NULL,202000032889,154 684 647,B01,1,1,3,2,1966,5,2,-1,-1,0,0,-1,202000032889,4,NULL,-1,NULL,2,2,0,1,(1),(1),1,NULL," -1",1,0,1,50