Num_Acc,jour,mois,an,hrmn,lum,dep,com,agg,int,atm,col,adr,lat,long,Num_Acc,id_vehicule,num_veh,senc,catv,obs,obsm,choc,manv,motor,occutc,Num_Acc,id_vehicule,num_veh,place,catu,grav,sexe,an_nais,trajet,secu1,secu2,secu3,locp,actp,etatp,Num_Acc,catr,voie,v1,v2,circ,nbv,vosp,prof,pr,pr1,plan,lartpc,larrout,surf,infra,situ,vma
202000043874,3,12,2020,09:50:00,1,69,69389,2,1,1,3,"PIERRE SCIZE                        (QU)","45,7668000","4,8207000",202000043874,154 665 139,B01,2,1,0,0,3,13,5,NULL,202000043874,154 665 140,A01,1,1,4,2,1969,0,2,8,-1,-1," -1",-1,202000043874,4,"PIERRE SCIZE                        (QU)",0,NULL,2,1,1,1,0,1,1,NULL," -1",2,0,5,30
202000046549,3,2,2020,20:05:00,5,11,11262,2,1,1,-1,"AUGE (BOULEVARD DU DR LEON)","43,1877620","3,0031380",202000046549,154 660 436,B01,1,1,0,2,8,19,5,NULL,202000046549,154 660 436,B01,1,1,4,2,1998,9,2,8,-1,-1," -1",-1,202000046549,4,"AUGE (BOULEVARD DU DR LEON)",0,NULL,1,2,0,1,0,0,1,NULL," -1",1,0,1,50
202000046549,3,2,2020,20:05:00,5,11,11262,2,1,1,-1,"AUGE (BOULEVARD DU DR LEON)","43,1877620","3,0031380",202000046549,154 660 436,B01,1,1,0,2,8,19,5,NULL,202000046549,154 660 447,A01,1,1,1,1,1952,9,1,8,-1,-1," -1",-1,202000046549,4,"AUGE (BOULEVARD DU DR LEON)",0,NULL,1,2,0,1,0,0,1,NULL," -1",1,0,1,50
202000046554,3,2,2020,07:35:00,5,10,10387,2,6,2,3,"AUXERRE (RUE)","48,2786000","4,0667000",202000046554,154 660 426,B01,2,1,0,2,7,2,5,NULL,202000046554,154 660 423,A01,1,1,1,1,1954,9,1,0,-1,-1," -1",-1,202000046554,4,"AUXERRE (RUE)",0,NULL,1,2,1,1,0,0,2,NULL," -1",2,0,5,50
202000046554,3,2,2020,07:35:00,5,10,10387,2,6,2,3,"AUXERRE (RUE)","48,2786000","4,0667000",202000046554,154 660 426,B01,2,1,0,2,7,2,5,NULL,202000046554,154 660 426,B01,1,1,3,1,1988,1,8,0,-1,-1," -1",-1,202000046554,4,"AUXERRE (RUE)",0,NULL,1,2,1,1,0,0,2,NULL," -1",2,0,5,50
202000046612,22,5,2020,08:33:00,1,05,05061,2,9,1,3,"GEORGES POMPIDOU ( BD)","44,5574700","6,0815500",202000046612,154 660 328,B01,1,1,0,2,8,0,5,NULL,202000046612,154 660 328,B01,1,1,4,1,2006,9,-1,0,-1,0,0,-1,202000046612,4,"GEORGES POMPIDOU ( BD)",0,NULL,-1,3,0,1,0,1,1,NULL," -1",1,0,4,50
202000046612,22,5,2020,08:33:00,1,05,05061,2,9,1,3,"GEORGES POMPIDOU ( BD)","44,5574700","6,0815500",202000046612,154 660 328,B01,1,1,0,2,8,0,5,NULL,202000046612,154 660 329,A01,1,1,1,1,1968,9,1,0,-1,0,0,-1,202000046612,4,"GEORGES POMPIDOU ( BD)",0,NULL,-1,3,0,1,0,1,1,NULL," -1",1,0,4,50
202000006526,29,12,2020,09:15:00,1,35,35238,2,6,1,3,"ROUTE DE ST MALO","48,1323500"," -1,6911000",202000006526,154 730 766,A01,2,1,0,2,0,16,5,NULL,202000006526,154 730 766,A01,1,1,4,1,1998,1,2,0,-1,-1," -1",-1,202000006526,4,"ROUTE DE ST MALO",0,NULL,2,2,1,1,(1),(1),3,NULL," -1",1,0,1,50
202000007959,14,10,2020,08:35:00,1,16,16015,2,3,1,3,"route de Bordeaux","45,6371900","0,1285240",202000007959,154 728 246,B01,1,1,0,2,1,1,5,NULL,202000007959,154 728 246,B01,1,1,3,1,1982,1,2,4,-1,-1," -1",-1,202000007959,4,NULL,0,NULL,2,3,3,1,0,0,1,0,"10,5",1,5,1,50
202000007959,14,10,2020,08:35:00,1,16,16015,2,3,1,3,"route de Bordeaux","45,6371900","0,1285240",202000007959,154 728 246,B01,1,1,0,2,1,1,5,NULL,202000007959,154 728 247,A01,1,1,1,1,1982,4,1,0,-1,-1," -1",-1,202000007959,4,NULL,0,NULL,2,3,3,1,0,0,1,0,"10,5",1,5,1,50
202000011810,17,8,2020,09:50:00,1,33,33281,2,1,1,2,"AVE MARCEL DASSAULT","44,8422000"," -0,7442800",202000011810,154 721 478,B01,3,1,0,2,4,1,5,NULL,202000011810,154 721 477,A01,1,1,1,1,1999,0,8,-1,-1,-1," -1",-1,202000011810,4,"AVE MARCEL DASSAULT",0,NULL,2,4,2,1,(1),(1),1,NULL," -1",1,9,1,80
202000011810,17,8,2020,09:50:00,1,33,33281,2,1,1,2,"AVE MARCEL DASSAULT","44,8422000"," -0,7442800",202000011810,154 721 478,B01,3,1,0,2,4,1,5,NULL,202000011810,154 721 478,B01,1,1,3,1,1985,0,8,-1,-1,-1," -1",-1,202000011810,4,"AVE MARCEL DASSAULT",0,NULL,2,4,2,1,(1),(1),1,NULL," -1",1,9,1,80
202000011822,15,8,2020,07:40:00,1,31,31555,2,1,1,3,"AV DE LARDENNE","43,5933100","1,3930600",202000011822,154 721 457,B01,1,1,0,2,8,1,5,NULL,202000011822,154 721 457,B01,1,1,4,1,1965,0,8,0,-1,-1," -1",-1,202000011822,3,632,0,NULL,3,4,3,1,2,490,1,NULL," -1",1,0,1,50
202000011822,15,8,2020,07:40:00,1,31,31555,2,1,1,3,"AV DE LARDENNE","43,5933100","1,3930600",202000011822,154 721 457,B01,1,1,0,2,8,1,5,NULL,202000011822,154 721 459,A01,1,1,1,1,1996,0,1,0,-1,-1," -1",-1,202000011822,3,632,0,NULL,3,4,3,1,2,490,1,NULL," -1",1,0,1,50
202000011849,12,10,2020,09:10:00,1,75,75115,2,1,1,6,"RUE ANDRE GIDE","48,8378300","2,3139530",202000011849,154 721 414,A01,1,1,0,1,8,1,5,NULL,202000011849,154 721 414,A01,1,1,1,1,1982,1,2,0,-1,0,0,-1,202000011849,4,NULL,0,NULL,1,1,1,1,0,0,1,NULL," -1",1,-1,5,30
202000011849,12,10,2020,09:10:00,1,75,75115,2,1,1,6,"RUE ANDRE GIDE","48,8378300","2,3139530",202000011849,154 721 414,A01,1,1,0,1,8,1,5,NULL,202000011849,154 721 414,A01,10,3,4,2,1950,1,0,-1,-1,2,3,1,202000011849,4,NULL,0,NULL,1,1,1,1,0,0,1,NULL," -1",1,-1,5,30
202000013748,12,8,2020,11:19:00,1,54,54431,2,6,1,3,RD958a,"48,8926812","6,0519337",202000013748,154 718 099,B01,1,1,0,2,8,15,6,NULL,202000013748,154 718 099,B01,1,1,3,1,1950,5,2,0,-1,-1," -1",-1,202000013748,3,958,0,A,2,1,2,1,0,1,3,NULL," -1",1,0,5,50
202000013748,12,8,2020,11:19:00,1,54,54431,2,6,1,3,RD958a,"48,8926812","6,0519337",202000013748,154 718 099,B01,1,1,0,2,8,15,6,NULL,202000013748,154 718 100,A01,1,1,1,2,1965,4,1,0,-1,0,0,-1,202000013748,3,958,0,A,2,1,2,1,0,1,3,NULL," -1",1,0,5,50
202000014128,24,12,2020,11:15:00,1,69,69383,2,2,1,3,"LAFAYETTE                           (CO)","45,7635903","4,8429344",202000014128,154 717 452,A01,2,1,0,2,1,1,5,NULL,202000014128,154 717 452,A01,1,1,4,2,1994,1,8,0,-1,-1," -1",-1,202000014128,4,"LAFAYETTE                           (CO)",0,NULL,2,2,3,1,0,0,1,NULL," -1",1,0,1,50
202000014128,24,12,2020,11:15:00,1,69,69383,2,2,1,3,"LAFAYETTE                           (CO)","45,7635903","4,8429344",202000014128,154 717 452,A01,2,1,0,2,1,1,5,NULL,202000014128,154 717 453,B01,1,1,1,1,1965,4,1,8,-1,-1," -1",-1,202000014128,4,"LAFAYETTE                           (CO)",0,NULL,2,2,3,1,0,0,1,NULL," -1",1,0,1,50
202000014128,24,12,2020,11:15:00,1,69,69383,2,2,1,3,"LAFAYETTE                           (CO)","45,7635903","4,8429344",202000014128,154 717 452,A01,2,1,0,2,1,1,5,NULL,202000014128,154 717 453,B01,2,2,1,1,1976,4,1,0,-1,-1," -1",-1,202000014128,4,"LAFAYETTE                           (CO)",0,NULL,2,2,3,1,0,0,1,NULL," -1",1,0,1,50
202000014487,10,5,2020,08:40:00,1,71,71158,2,1,1,3,"Chemin du Colombier","46,5596106","4,9970774",202000014487,154 716 846,B01,0,1,0,2,8,2,5,NULL,202000014487,154 716 845,A01,1,1,1,1,1989,1,8,-1,-1,0,0,-1,202000014487,4,NULL,0,NULL,2,2,0,2,(1),(1),2,NULL," -1",1,0,1,50
202000014487,10,5,2020,08:40:00,1,71,71158,2,1,1,3,"Chemin du Colombier","46,5596106","4,9970774",202000014487,154 716 846,B01,0,1,0,2,8,2,5,NULL,202000014487,154 716 846,B01,1,1,4,1,1961,3,0,-1,-1,0,0,-1,202000014487,4,NULL,0,NULL,2,2,0,2,(1),(1),2,NULL," -1",1,0,1,50
202000017151,11,9,2020,10:00:00,1,56,56260,2,6,7,3,"MARE(GIRATOIRE DE LA)","47,6560600"," -2,7916800",202000017151,154 712 081,A01,1,1,0,2,7,12,5,NULL,202000017151,154 712 081,A01,1,1,4,2,1962,1,2,8,-1,-1," -1",-1,202000017151,4,NULL,0,NULL,1,2,0,1,0,0,3,NULL," -1",1,5,1,-1
202000017151,11,9,2020,10:00:00,1,56,56260,2,6,7,3,"MARE(GIRATOIRE DE LA)","47,6560600"," -2,7916800",202000017151,154 712 081,A01,1,1,0,2,7,12,5,NULL,202000017151,154 712 082,B01,1,1,1,1,1967,5,1,0,-1,-1," -1",-1,202000017151,4,NULL,0,NULL,1,2,0,1,0,0,3,NULL," -1",1,5,1,-1
202000017151,11,9,2020,10:00:00,1,56,56260,2,6,7,3,"MARE(GIRATOIRE DE LA)","47,6560600"," -2,7916800",202000017151,154 712 081,A01,1,1,0,2,7,12,5,NULL,202000017151,154 712 082,B01,2,2,1,1,1979,5,1,0,-1,-1," -1",-1,202000017151,4,NULL,0,NULL,1,2,0,1,0,0,3,NULL," -1",1,5,1,-1
202000018370,30,4,2020,19:50:00,1,35,35238,2,1,1,3,"Rue Saint-hélier","48,1027300"," -1,6614400",202000018370,154 709 946,B01,3,1,0,2,4,1,5,NULL,202000018370,154 709 946,B01,1,1,4,1,1969,9,2,0,-1,-1," -1",-1,202000018370,4,SAINT-HELIER,0,NULL,2,1,1,3,(1),(1),1,NULL," -1",1,0,5,30
202000018370,30,4,2020,19:50:00,1,35,35238,2,1,1,3,"Rue Saint-hélier","48,1027300"," -1,6614400",202000018370,154 709 946,B01,3,1,0,2,4,1,5,NULL,202000018370,154 709 947,A01,1,1,1,1,1953,1,1,0,-1,-1," -1",-1,202000018370,4,SAINT-HELIER,0,NULL,2,1,1,3,(1),(1),1,NULL," -1",1,0,5,30
202000020186,12,11,2020,09:02:00,1,75,75106,2,4,1,3,"BOULEVARD SAINT GERMAIN","48,8520930","2,3403100",202000020186,154 706 688,A01,2,1,0,2,8,7,5,NULL,202000020186,154 706 688,A01,1,1,4,2,1996,4,2,0,-1,0,0,-1,202000020186,4,NULL,0,NULL,1,3,3,1,0,0,1,NULL," -1",1,-1,6,50
202000020186,12,11,2020,09:02:00,1,75,75106,2,4,1,3,"BOULEVARD SAINT GERMAIN","48,8520930","2,3403100",202000020186,154 706 688,A01,2,1,0,2,8,7,5,NULL,202000020186,154 706 689,B01,1,1,1,1,1974,4,1,0,-1,0,0,-1,202000020186,4,NULL,0,NULL,1,3,3,1,0,0,1,NULL," -1",1,-1,6,50
202000021110,8,9,2020,16:30:00,1,93,93051,2,6,1,2,"CHAMPY RICHARDETS (BOULEVARD)","48,8379000","2,5817000",202000021110,154 705 064,B01,3,1,0,0,4,23,0,NULL,202000021110,154 705 063,A01,1,1,1,1,1975,0,1,0,-1,-1," -1",-1,202000021110,4,"CHAMPY RICHARDETS (BOULEVARD)",0,NULL,2,2,0,1,0,0,1,NULL," -1",1,0,1,50
202000021110,8,9,2020,16:30:00,1,93,93051,2,6,1,2,"CHAMPY RICHARDETS (BOULEVARD)","48,8379000","2,5817000",202000021110,154 705 064,B01,3,1,0,0,4,23,0,NULL,202000021110,154 705 064,B01,1,1,4,1,1977,0,2,0,-1,-1," -1",-1,202000021110,4,"CHAMPY RICHARDETS (BOULEVARD)",0,NULL,2,2,0,1,0,0,1,NULL," -1",1,0,1,50
202000021474,10,8,2020,10:05:00,1,25,25070,1,1,1,6,"PRES DITS","46,9972170","6,1185690",202000021474,154 704 422,A01,3,1,0,1,1,2,5,NULL,202000021474,154 704 422,A01,10,3,3,2,1948,5,0,-1,-1,1,1,2,202000021474,4,NULL,-1,NULL,2,2,0,2,(1),(1),3,NULL," -1",1,0,1,-1
202000021474,10,8,2020,10:05:00,1,25,25070,1,1,1,6,"PRES DITS","46,9972170","6,1185690",202000021474,154 704 422,A01,3,1,0,1,1,2,5,NULL,202000021474,154 704 422,A01,1,1,4,1,1973,5,2,-1,-1,0,0,-1,202000021474,4,NULL,-1,NULL,2,2,0,2,(1),(1),3,NULL," -1",1,0,1,-1
202000022060,18,12,2020,18:15:00,5,38,38423,2,1,1,1,"Chemin de l’Etang","45,2089000","5,7028200",202000022060,154 703 393,A01,3,1,0,9,1,17,5,NULL,202000022060,154 703 392,B01,1,1,3,1,1973,0,2,0,-1,-1," -1",-1,202000022060,4,NULL,0,NULL,2,1,1,1,(1),(1),1,NULL," -1",1,0,5,10
202000022060,18,12,2020,18:15:00,5,38,38423,2,1,1,1,"Chemin de l’Etang","45,2089000","5,7028200",202000022060,154 703 392,B01,3,1,0,9,1,0,5,NULL,202000022060,154 703 392,B01,1,1,3,1,1973,0,2,0,-1,-1," -1",-1,202000022060,4,NULL,0,NULL,2,1,1,1,(1),(1),1,NULL," -1",1,0,5,10
202000022060,18,12,2020,18:15:00,5,38,38423,2,1,1,1,"Chemin de l’Etang","45,2089000","5,7028200",202000022060,154 703 393,A01,3,1,0,9,1,17,5,NULL,202000022060,154 703 393,A01,1,1,3,1,1989,0,2,0,-1,-1," -1",-1,202000022060,4,NULL,0,NULL,2,1,1,1,(1),(1),1,NULL," -1",1,0,5,10
202000022060,18,12,2020,18:15:00,5,38,38423,2,1,1,1,"Chemin de l’Etang","45,2089000","5,7028200",202000022060,154 703 392,B01,3,1,0,9,1,0,5,NULL,202000022060,154 703 393,A01,1,1,3,1,1989,0,2,0,-1,-1," -1",-1,202000022060,4,NULL,0,NULL,2,1,1,1,(1),(1),1,NULL," -1",1,0,5,10
202000022124,18,12,2020,13:20:00,1,93,93048,2,2,1,3,"RESISTANCE (AVENUE DE LA)","48,8641400","2,4361900",202000022124,154 703 276,B01,1,1,0,2,8,1,0,NULL,202000022124,154 703 276,B01,1,1,3,1,2005,2,8,0,-1,-1," -1",-1,202000022124,3,"RESISTANCE (AVENUE DE LA)",0,NULL,2,2,1,2,0,1,1,NULL," -1",1,0,1,50
202000022135,23,4,2020,08:30:00,1,75,75115,2,2,1,3,"RUE DE LA CONVENTION","48,8367550","2,2980580",202000022135,154 703 256,B01,2,1,0,2,1,1,5,NULL,202000022135,154 703 256,B01,1,1,4,2,1989,5,8,0,-1,0,0,-1,202000022135,4,NULL,0,NULL,2,2,0,1,0,0,1,NULL," -1",1,0,1,50
202000022135,23,4,2020,08:30:00,1,75,75115,2,2,1,3,"RUE DE LA CONVENTION","48,8367550","2,2980580",202000022135,154 703 256,B01,2,1,0,2,1,1,5,NULL,202000022135,154 703 257,A01,1,1,1,1,1974,5,8,0,-1,0,0,-1,202000022135,4,NULL,0,NULL,2,2,0,1,0,0,1,NULL," -1",1,0,1,50
202000024230,15,4,2020,09:20:00,1,988,98818,2,1,1,7,"VALBONNE (RUE DE LA)"," -22,2748600","166,4481800",202000024230,154 699 628,A01,3,1,0,0,1,14,5,NULL,202000024230,154 699 628,A01,1,1,4,1,1980,1,8,0,-1,-1," -1",-1,202000024230,4,608,0,NULL,-1,1,0,2,0,0,2,NULL," -1",1,0,1,50
202000025773,15,4,2020,13:30:00,1,75,75109,2,1,1,6,"RUE DU FAUBOURG POISSONNIERE","48,8752050","2,3481120",202000025773,154 696 895,A01,3,1,0,1,8,5,5,NULL,202000025773,154 696 895,A01,10,3,4,1,1955,9,0,-1,-1,1,3,1,202000025773,4,NULL,0,NULL,1,1,0,1,0,0,1,NULL," -1",1,0,1,50
202000025773,15,4,2020,13:30:00,1,75,75109,2,1,1,6,"RUE DU FAUBOURG POISSONNIERE","48,8752050","2,3481120",202000025773,154 696 895,A01,3,1,0,1,8,5,5,NULL,202000025773,154 696 895,A01,1,1,1,1,1992,4,8,0,-1,0,0,-1,202000025773,4,NULL,0,NULL,1,1,0,1,0,0,1,NULL," -1",1,0,1,50
202000028298,7,7,2020,07:50:00,1,75,75108,2,1,1,3,"RUE CAMBACERES","48,8737610","2,3177160",202000028298,154 692 498,B01,1,1,0,2,4,1,5,NULL,202000028298,154 692 497,A01,1,1,1,1,1951,1,1,0,-1,0,0,-1,202000028298,4,NULL,0,NULL,1,1,0,1,(1),0,1,NULL," -1",1,0,1,50
202000028298,7,7,2020,07:50:00,1,75,75108,2,1,1,3,"RUE CAMBACERES","48,8737610","2,3177160",202000028298,154 692 498,B01,1,1,0,2,4,1,5,NULL,202000028298,154 692 498,B01,1,1,4,2,1971,9,2,4,-1,0,0,-1,202000028298,4,NULL,0,NULL,1,1,0,1,(1),0,1,NULL," -1",1,0,1,50
202000028711,5,9,2020,14:57:00,1,51,51454,2,6,1,3,"Rue Francis Garnier","49,2881068","4,0245083",202000028711,154 691 753,B01,0,1,0,2,2,1,5,NULL,202000028711,154 691 752,A01,1,1,1,1,1955,0,1,-1,-1,-1," -1",-1,202000028711,4,NULL,0,NULL,1,2,0,1,(1),(1),2,NULL," -1",1,0,1,50
202000028711,5,9,2020,14:57:00,1,51,51454,2,6,1,3,"Rue Francis Garnier","49,2881068","4,0245083",202000028711,154 691 753,B01,0,1,0,2,2,1,5,NULL,202000028711,154 691 753,B01,1,1,4,2,1955,0,8,-1,-1,-1," -1",-1,202000028711,4,NULL,0,NULL,1,2,0,1,(1),(1),2,NULL," -1",1,0,1,50
202000030503,11,2,2020,19:00:00,4,65,65440,2,1,1,2,"MAI 1945 (BOULEVARD DU 08)","43,2189200","0,0715910",202000030503,154 688 656,B01,3,1,0,2,7,19,5,NULL,202000030503,154 688 655,A01,1,1,1,2,1962,9,1,8,-1,0,0,-1,202000030503,2,"21 ",0,NULL,2,2,0,1,22,460,1,NULL," -1",1,0,1,50
202000030503,11,2,2020,19:00:00,4,65,65440,2,1,1,2,"MAI 1945 (BOULEVARD DU 08)","43,2189200","0,0715910",202000030503,154 688 656,B01,3,1,0,2,7,19,5,NULL,202000030503,154 688 656,B01,1,1,4,1,2002,9,8,0,-1,-1," -1",-1,202000030503,2,"21 ",0,NULL,2,2,0,1,22,460,1,NULL," -1",1,0,1,50
202000030845,3,9,2020,17:12:00,1,17,17300,2,2,7,3,"VERHAEREN   RUE EMILE","46,1699000"," -1,1334000",202000030845,154 688 103,A01,1,1,0,2,8,16,5,NULL,202000030845,154 688 103,A01,1,1,3,2,1960,3,8,0,-1,-1," -1",-1,202000030845,4,"VERHAEREN   RUE EMILE",0,NULL,-1,2,0,1,1,0,1,NULL," -1",1,0,1,30
202000030845,3,9,2020,17:12:00,1,17,17300,2,2,7,3,"VERHAEREN   RUE EMILE","46,1699000"," -1,1334000",202000030845,154 688 103,A01,1,1,0,2,8,16,5,NULL,202000030845,154 688 104,B01,1,1,1,1,1965,4,1,0,-1,-1," -1",-1,202000030845,4,"VERHAEREN   RUE EMILE",0,NULL,-1,2,0,1,1,0,1,NULL," -1",1,0,1,30
202000032913,30,10,2020,13:15:00,1,92,92002,2,1,1,2,"ARMAND GUILLEBAUD (AVENUE)","48,7479700","2,3092900",202000032913,154 684 604,A01,2,1,14,0,1,1,6,NULL,202000032913,154 684 603,B01,1,1,1,1,1968,1,8,0,-1,-1," -1",-1,202000032913,3,67,0,A,2,3,0,3,0,0,1,NULL," -1",1,0,1,50
202000032913,30,10,2020,13:15:00,1,92,92002,2,1,1,2,"ARMAND GUILLEBAUD (AVENUE)","48,7479700","2,3092900",202000032913,154 684 604,A01,2,1,14,0,1,1,6,NULL,202000032913,154 684 604,A01,1,1,4,1,1990,4,8,0,-1,-1," -1",-1,202000032913,3,67,0,A,2,3,0,3,0,0,1,NULL," -1",1,0,1,50
202000033591,1,6,2020,01:10:00,5,64,64024,2,1,1,7,"MONTBRUN (AVENUE DE)","43,5041000"," -1,5005500",202000033591,154 683 382,A01,2,1,12,0,7,26,0,NULL,202000033591,154 683 382,A01,1,1,4,1,1996,5,8,0,-1,-1," -1",-1,202000033591,4,"MONTBRUN (AVENUE DE)",0,NULL,2,2,0,1,0,0,1,NULL," -1",1,0,1,30
202000035148,28,9,2020,16:40:00,1,50,50210,1,1,1,3,"31 Rue du Château","49,2547780"," -1,3861980",202000035148,154 680 647,A01,3,1,0,9,3,1,5,NULL,202000035148,154 680 645,B01,1,1,1,1,1975,4,8,-1,-1,0,0,-1,202000035148,3,97,-1,NULL,2,2,0,1,(1),(1),1,NULL," -1",1,0,1,80
202000035148,28,9,2020,16:40:00,1,50,50210,1,1,1,3,"31 Rue du Château","49,2547780"," -1,3861980",202000035148,154 680 647,A01,3,1,0,9,3,1,5,NULL,202000035148,154 680 647,A01,1,1,2,1,1956,5,2,6,-1,0,0,-1,202000035148,3,97,-1,NULL,2,2,0,1,(1),(1),1,NULL," -1",1,0,1,80
202000035337,12,1,2020,12:15:00,1,93,93051,2,1,1,3,"MEDERIC (AVENUE)","48,8301300","2,5604500",202000035337,154 680 309,B01,-1,1,0,2,1,26,5,NULL,202000035337,154 680 309,B01,1,1,4,1,1942,5,2,8,-1,-1," -1",-1,202000035337,3,903,0,NULL,2,2,0,1,1,1,1,NULL," -1",1,0,3,50
202000035337,12,1,2020,12:15:00,1,93,93051,2,1,1,3,"MEDERIC (AVENUE)","48,8301300","2,5604500",202000035337,154 680 309,B01,-1,1,0,2,1,26,5,NULL,202000035337,154 680 310,A01,1,1,1,1,1962,5,1,8,-1,-1," -1",-1,202000035337,3,903,0,NULL,2,2,0,1,1,1,1,NULL," -1",1,0,3,50
202000035924,8,12,2020,17:45:00,5,67,67218,2,3,8,3,"LIXENBUHL (RUE)","48,5300800","7,7225900",202000035924,154 679 248,B01,2,1,0,2,2,1,5,NULL,202000035924,154 679 248,B01,1,1,4,2,1976,1,8,8,-1,-1," -1",-1,202000035924,4,NULL,0,NULL,2,3,1,1,0,0,1,NULL," -1",1,0,1,50
202000035924,8,12,2020,17:45:00,5,67,67218,2,3,8,3,"LIXENBUHL (RUE)","48,5300800","7,7225900",202000035924,154 679 248,B01,2,1,0,2,2,1,5,NULL,202000035924,154 679 249,A01,1,1,1,2,1964,0,1,8,-1,-1," -1",-1,202000035924,4,NULL,0,NULL,2,3,1,1,0,0,1,NULL," -1",1,0,1,50
202000036174,1,7,2020,14:30:00,1,13,13027,2,6,1,1,"Boulevard Joliot Curie","43,8828000","4,8625070",202000036174,154 678 800,B01,3,1,0,0,8,19,5,NULL,202000036174,154 678 799,A01,1,1,1,1,1987,4,1,-1,-1,0,0,-1,202000036174,3,32,-1,D,1,2,2,1,(1),(1),1,NULL," -1",1,0,6,50
202000036174,1,7,2020,14:30:00,1,13,13027,2,6,1,1,"Boulevard Joliot Curie","43,8828000","4,8625070",202000036174,154 678 800,B01,3,1,0,0,8,19,5,NULL,202000036174,154 678 800,B01,1,1,4,1,2006,5,0,-1,-1,0,0,-1,202000036174,3,32,-1,D,1,2,2,1,(1),(1),1,NULL," -1",1,0,6,50
202000039592,24,9,2020,16:25:00,1,31,31557,2,1,1,3,"LARRAMET (CH DE)","43,5607100","1,3516900",202000039592,154 672 763,B01,2,1,0,2,7,19,5,NULL,202000039592,154 672 761,A01,1,1,1,1,1994,4,1,0,-1,-1," -1",-1,202000039592,3,63,0,NULL,2,2,0,1,7,801,1,NULL," -1",1,0,1,50
202000039592,24,9,2020,16:25:00,1,31,31557,2,1,1,3,"LARRAMET (CH DE)","43,5607100","1,3516900",202000039592,154 672 763,B01,2,1,0,2,7,19,5,NULL,202000039592,154 672 763,B01,1,1,4,2,2009,2,2,0,-1,-1," -1",-1,202000039592,3,63,0,NULL,2,2,0,1,7,801,1,NULL," -1",1,0,1,50
202000039852,26,6,2020,16:35:00,1,31,31555,2,1,1,3,"RUE DE PERIOLE","43,6186500","1,4631100",202000039852,154 672 325,B01,1,1,0,2,1,1,5,NULL,202000039852,154 672 324,A01,1,1,1,1,1990,9,1,0,-1,-1," -1",-1,202000039852,4,"RUE DE PERIOLE",0,NULL,2,2,0,1,0,0,1,NULL," -1",1,0,1,50
202000039852,26,6,2020,16:35:00,1,31,31555,2,1,1,3,"RUE DE PERIOLE","43,6186500","1,4631100",202000039852,154 672 325,B01,1,1,0,2,1,1,5,NULL,202000039852,154 672 325,B01,1,1,4,2,1991,0,8,0,-1,-1," -1",-1,202000039852,4,"RUE DE PERIOLE",0,NULL,2,2,0,1,0,0,1,NULL," -1",1,0,1,50
202000041816,24,10,2020,19:10:00,5,75,75104,2,3,2,1,"RUE SAINT ANTOINE","48,8542650","2,3637630",202000041816,154 668 851,A01,2,1,0,2,1,9,5,NULL,202000041816,154 668 851,A01,1,1,4,1,1995,9,8,0,-1,0,0,-1,202000041816,4,NULL,0,NULL,2,4,1,1,0,0,1,NULL," -1",2,-1,5,30
202000041816,24,10,2020,19:10:00,5,75,75104,2,3,2,1,"RUE SAINT ANTOINE","48,8542650","2,3637630",202000041816,154 668 850,Z01,1,1,0,2,1,1,5,NULL,202000041816,154 668 851,A01,1,1,4,1,1995,9,8,0,-1,0,0,-1,202000041816,4,NULL,0,NULL,2,4,1,1,0,0,1,NULL," -1",2,-1,5,30
202000043180,27,6,2020,23:30:00,5,38,38185,2,1,1,3,"Boulevard Clemenceau","45,1837000","5,7386000",202000043180,154 666 357,B01,3,1,-1,-1,-1,1,-1,NULL,202000043180,154 666 356,A01,1,1,1,2,1949,5,1,0,-1,-1," -1",-1,202000043180,4,NULL,0,NULL,2,4,1,1,0,0,1,NULL," -1",1,0,1,50
202000043180,27,6,2020,23:30:00,5,38,38185,2,1,1,3,"Boulevard Clemenceau","45,1837000","5,7386000",202000043180,154 666 357,B01,3,1,-1,-1,-1,1,-1,NULL,202000043180,154 666 357,B01,1,1,3,2,1985,-1,2,-1,-1,-1," -1",-1,202000043180,4,NULL,0,NULL,2,4,1,1,0,0,1,NULL," -1",1,0,1,50
202000046698,24,1,2020,13:25:00,1,61,61168,2,1,1,7,"57 Avenue du Président Coty","48,6003220"," -0,3586590",202000046698,154 660 176,A01,2,1,0,0,0,1,5,NULL,202000046698,154 660 176,A01,1,1,2,2,1954,5,8,-1,-1,0," -1",-1,202000046698,3,19,-1,NULL,2,2,-1,1,0,180,1,NULL,"5,5",1,0,1,50
202000006666,25,11,2020,15:15:00,1,75,75105,2,1,1,3,"RUE DES BERNARDINS","48,8501020","2,3506650",202000006666,154 730 525,B01,2,1,0,2,1,18,5,NULL,202000006666,154 730 525,B01,1,1,4,2,1994,5,8,0,-1,0,0,-1,202000006666,4,NULL,0,NULL,1,2,0,1,0,0,1,NULL," -1",1,0,1,30
202000006666,25,11,2020,15:15:00,1,75,75105,2,1,1,3,"RUE DES BERNARDINS","48,8501020","2,3506650",202000006666,154 730 525,B01,2,1,0,2,1,18,5,NULL,202000006666,154 730 526,A01,2,2,1,1,1962,4,1,0,-1,0,0,-1,202000006666,4,NULL,0,NULL,1,2,0,1,0,0,1,NULL," -1",1,0,1,30