Num_Acc,jour,mois,an,hrmn,lum,dep,com,agg,int,atm,col,adr,lat,long,Num_Acc,id_vehicule,num_veh,senc,catv,obs,obsm,choc,manv,motor,occutc,Num_Acc,id_vehicule,num_veh,place,catu,grav,sexe,an_nais,trajet,secu1,secu2,secu3,locp,actp,etatp,Num_Acc,catr,voie,v1,v2,circ,nbv,vosp,prof,pr,pr1,plan,lartpc,larrout,surf,infra,situ,vma
202000006666,25,11,2020,15:15:00,1,75,75105,2,1,1,3,"RUE DES BERNARDINS","48,8501020","2,3506650",202000006666,154 730 525,B01,2,1,0,2,1,18,5,NULL,202000006666,154 730 526,A01,1,1,1,1,1997,4,1,0,-1,0,0,-1,202000006666,4,NULL,0,NULL,1,2,0,1,0,0,1,NULL," -1",1,0,1,30
202000006820,15,5,2020,15:45:00,1,95,95042,1,1,1,7,"RD 9","49,0683130","2,2826240",202000006820,154 730 270,A01,1,1,0,0,7,1,5,NULL,202000006820,154 730 270,A01,1,1,3,1,1947,5,2,-1,-1,0,0,-1,202000006820,3,9,0,NULL,2,2,0,1,7,500,2,NULL,5,1,0,1,50
202000007530,18,6,2020,14:45:00,1,51,51454,2,1,1,3,"Rue Ponsardin","49,2527287","4,0398722",202000007530,154 728 991,B01,1,1,0,2,8,1,5,NULL,202000007530,154 728 991,B01,1,1,4,2,1980,0,8,-1,-1,-1," -1",-1,202000007530,4,NULL,0,NULL,1,1,0,1,(1),(1),1,NULL," -1",1,0,1,30
202000008752,15,5,2020,08:50:00,1,33,33063,2,2,1,3,"RUE JULES FERRY / RUE DU MOULIN ROUGE / RUE OSCAR BALARESQUE CAUD","44,8420460"," -0,6028410",202000008752,154 726 866,B01,2,1,0,2,2,1,5,NULL,202000008752,154 726 866,B01,1,1,4,2,1981,1,8,-1,-1,-1," -1",-1,202000008752,4,"RUE JULES FERRY CAUD",0,NULL,1,3,2,1,(1),(1),1,NULL," -1",1,0,6,50
202000008752,15,5,2020,08:50:00,1,33,33063,2,2,1,3,"RUE JULES FERRY / RUE DU MOULIN ROUGE / RUE OSCAR BALARESQUE CAUD","44,8420460"," -0,6028410",202000008752,154 726 866,B01,2,1,0,2,2,1,5,NULL,202000008752,154 726 867,A01,1,1,1,1,1962,0,1,-1,-1,-1," -1",-1,202000008752,4,"RUE JULES FERRY CAUD",0,NULL,1,3,2,1,(1),(1),1,NULL," -1",1,0,6,50
202000009853,13,10,2020,08:25:00,1,64,64445,2,1,2,3,GRAMONT,"43,2962500"," -0,3750600",202000009853,154 724 923,B01,1,1,0,2,7,26,5,NULL,202000009853,154 724 923,B01,1,1,4,1,2012,2,8,0,-1,-1," -1",-1,202000009853,4,GRAMONT,0,NULL,1,0,0,1,0,0,1,NULL," -1",2,6,6,30
202000009853,13,10,2020,08:25:00,1,64,64445,2,1,2,3,GRAMONT,"43,2962500"," -0,3750600",202000009853,154 724 923,B01,1,1,0,2,7,26,5,NULL,202000009853,154 724 924,Z01,1,1,1,1,1982,4,1,8,-1,-1," -1",-1,202000009853,4,GRAMONT,0,NULL,1,0,0,1,0,0,1,NULL," -1",2,6,6,30
202000009903,13,10,2020,07:35:00,2,75,75112,2,2,2,3,"AVENUE DE LA PORTE DE CHARENTON","48,8316930","2,3978230",202000009903,154 724 833,B01,2,1,0,2,1,1,5,NULL,202000009903,154 724 832,A01,1,1,1,2,1963,5,1,0,-1,0,0,-1,202000009903,4,NULL,0,NULL,2,3,2,1,0,0,1,NULL," -1",2,-1,5,50
202000009903,13,10,2020,07:35:00,2,75,75112,2,2,2,3,"AVENUE DE LA PORTE DE CHARENTON","48,8316930","2,3978230",202000009903,154 724 833,B01,2,1,0,2,1,1,5,NULL,202000009903,154 724 833,B01,1,1,4,2,1986,1,8,0,-1,0,0,-1,202000009903,4,NULL,0,NULL,2,3,2,1,0,0,1,NULL," -1",2,-1,5,50
202000016861,13,7,2020,10:00:00,1,75,75120,2,2,1,2,"RUE D AVRON","48,8518580","2,4013710",202000016861,154 712 587,B01,2,1,0,2,1,1,5,NULL,202000016861,154 712 587,B01,1,1,4,1,1998,9,8,0,-1,0,0,-1,202000016861,4,NULL,0,NULL,2,2,0,1,0,0,1,NULL," -1",1,0,1,50
202000016861,13,7,2020,10:00:00,1,75,75120,2,2,1,2,"RUE D AVRON","48,8518580","2,4013710",202000016861,154 712 587,B01,2,1,0,2,1,1,5,NULL,202000016861,154 712 588,A01,1,1,1,1,1962,4,1,0,-1,0,0,-1,202000016861,4,NULL,0,NULL,2,2,0,1,0,0,1,NULL," -1",1,0,1,50
202000021761,11,11,2020,13:15:00,1,85,85282,2,1,1,6,L'Étrouflère,"46,7056120"," -0,9970410",202000021761,154 703 922,A01,3,1,6,0,1,1,5,NULL,202000021761,154 703 922,A01,1,1,2,1,1973,5,0,-1,-1,0,0,-1,202000021761,4,NULL,-1,NULL,2,2,0,4,(1),(1),2,NULL," -1",1,0,8,-1
202000022037,18,12,2020,15:57:00,1,64,64445,2,2,1,3,TOURASSE,"43,3093400"," -0,3442000",202000022037,154 703 431,A01,1,1,0,2,1,1,5,NULL,202000022037,154 703 431,A01,1,1,4,1,2004,0,8,8,-1,-1," -1",-1,202000022037,4,NULL,0,NULL,2,3,0,1,0,0,1,NULL," -1",1,0,1,50
202000022037,18,12,2020,15:57:00,1,64,64445,2,2,1,3,TOURASSE,"43,3093400"," -0,3442000",202000022037,154 703 431,A01,1,1,0,2,1,1,5,NULL,202000022037,154 703 432,B01,1,1,1,1,1984,0,1,0,-1,-1," -1",-1,202000022037,4,NULL,0,NULL,2,3,0,1,0,0,1,NULL," -1",1,0,1,50
202000022835,19,2,2020,10:35:00,1,77,77294,2,6,1,2,"PIERRE CURIE (RUE)","48,9604700","2,6010100",202000022835,154 702 052,B01,3,1,0,2,4,16,5,NULL,202000022835,154 702 052,B01,1,1,4,1,1976,0,8,0,-1,-1,0,-1,202000022835,4,"PIERRE CURIE (RUE)",0,NULL,-1,2,0,1,1,0,1,NULL," -1",1,0,1,50
202000022835,19,2,2020,10:35:00,1,77,77294,2,6,1,2,"PIERRE CURIE (RUE)","48,9604700","2,6010100",202000022835,154 702 052,B01,3,1,0,2,4,16,5,NULL,202000022835,154 702 053,A01,1,1,1,1,1975,5,1,8,-1,-1," -1",-1,202000022835,4,"PIERRE CURIE (RUE)",0,NULL,-1,2,0,1,1,0,1,NULL," -1",1,0,1,50
202000022999,8,9,2020,18:55:00,1,33,33075,2,6,1,3,"BD JACQUES CHABAN-DELMAS / RUE DU LAC","44,8855800"," -0,5862300",202000022999,154 701 760,B01,3,1,0,2,1,19,5,NULL,202000022999,154 701 759,A01,1,1,1,1,1956,5,1,0,-1,-1," -1",-1,202000022999,4,"Boulevard J. CHABAN DELMAS",0,NULL,2,2,0,1,0,0,1,NULL," -1",1,0,1,50
202000022999,8,9,2020,18:55:00,1,33,33075,2,6,1,3,"BD JACQUES CHABAN-DELMAS / RUE DU LAC","44,8855800"," -0,5862300",202000022999,154 701 760,B01,3,1,0,2,1,19,5,NULL,202000022999,154 701 760,B01,1,1,3,2,2002,5,2,0,-1,-1," -1",-1,202000022999,4,"Boulevard J. CHABAN DELMAS",0,NULL,2,2,0,1,0,0,1,NULL," -1",1,0,1,50
202000023010,8,9,2020,09:15:00,1,17,17333,2,6,1,-1,"DE GAULLE (DU GENERAL)","45,6125800"," -0,9984700",202000023010,154 701 740,B01,0,1,0,2,0,0,5,NULL,202000023010,154 701 740,B01,1,1,4,2,1995,5,8,0,-1,-1," -1",-1,202000023010,3,730,0,NULL,2,2,0,1,1,529,1,NULL," -1",1,5,1,50
202000023010,8,9,2020,09:15:00,1,17,17333,2,6,1,-1,"DE GAULLE (DU GENERAL)","45,6125800"," -0,9984700",202000023010,154 701 740,B01,0,1,0,2,0,0,5,NULL,202000023010,154 701 741,A01,1,1,1,1,1955,5,1,0,-1,-1," -1",-1,202000023010,3,730,0,NULL,2,2,0,1,1,529,1,NULL," -1",1,5,1,50
202000023311,8,6,2020,12:30:00,1,13,13201,2,1,1,3,"GRIGNAN (RUE)     12 A FIN","43,2917000","5,3749700",202000023311,154 701 216,B01,2,1,1,2,7,2,5,NULL,202000023311,154 701 216,B01,1,1,4,2,1960,0,8,8,-1,-1," -1",-1,202000023311,4,NULL,0,NULL,1,1,0,1,0,0,1,NULL," -1",1,0,1,50
202000023323,5,6,2020,11:55:00,1,05,05061,2,1,1,7,"EYSSAGNIERES ( ROUTE DES )","44,5379400","6,0516500",202000023323,154 701 197,A01,2,1,0,0,0,19,5,NULL,202000023323,154 701 197,A01,1,1,4,1,1957,9,8,0,-1,-1," -1",-1,202000023323,3,"EYSSAGNIERES ( ROUTE DES )",0,NULL,2,2,0,2,2,280,1,NULL," -1",1,0,1,50
202000023447,6,6,2020,20:00:00,1,44,44055,1,1,1,2,"Route de la Saudraie","47,3013870"," -2,3581880",202000023447,154 700 985,B01,1,1,0,2,4,2,0,NULL,202000023447,154 700 984,A01,1,1,1,1,1963,0,8,0,-1,-1," -1",-1,202000023447,4,NULL,0,NULL,2,2,0,4,(1),(1),1,NULL," -1",1,0,1,80
202000023447,6,6,2020,20:00:00,1,44,44055,1,1,1,2,"Route de la Saudraie","47,3013870"," -2,3581880",202000023447,154 700 985,B01,1,1,0,2,4,2,0,NULL,202000023447,154 700 985,B01,1,1,3,1,1957,0,8,0,-1,-1," -1",-1,202000023447,4,NULL,0,NULL,2,2,0,4,(1),(1),1,NULL," -1",1,0,1,80
202000027213,4,8,2020,23:10:00,5,75,75116,2,2,1,6,"AVENUE HENRI MARTIN","48,8638670","2,2719780",202000027213,154 694 397,A01,2,1,1,0,2,14,5,NULL,202000027213,154 694 397,A01,1,1,3,1,1993,9,8,0,-1,0,0,-1,202000027213,4,NULL,0,NULL,1,2,0,1,0,0,1,NULL," -1",1,0,1,50
202000030706,25,3,2020,20:30:00,5,75,75106,2,2,1,3,"QUAI DES GRANDS AUGUSTINS","48,8561060","2,3404140",202000030706,154 688 328,B01,1,1,0,2,7,1,5,NULL,202000030706,154 688 328,B01,1,1,4,2,1951,9,2,0,-1,0,0,-1,202000030706,4,NULL,0,NULL,2,5,1,1,0,0,1,NULL," -1",1,-1,5,50
202000030706,25,3,2020,20:30:00,5,75,75106,2,2,1,3,"QUAI DES GRANDS AUGUSTINS","48,8561060","2,3404140",202000030706,154 688 328,B01,1,1,0,2,7,1,5,NULL,202000030706,154 688 329,A01,1,1,1,1,1973,9,1,0,-1,0,0,-1,202000030706,4,NULL,0,NULL,2,5,1,1,0,0,1,NULL," -1",1,-1,5,50
202000033854,9,12,2020,08:55:00,1,56,56098,2,6,1,3,"NERUDA (AVENUE  PABLO )","47,7659700"," -3,3293400",202000033854,154 682 943,B01,1,1,0,2,7,1,5,NULL,202000033854,154 682 942,A01,1,1,1,2,1974,0,1,8,-1,-1," -1",-1,202000033854,3,326,0,NULL,2,2,0,1,1,948,1,NULL," -1",1,5,1,50
202000033854,9,12,2020,08:55:00,1,56,56098,2,6,1,3,"NERUDA (AVENUE  PABLO )","47,7659700"," -3,3293400",202000033854,154 682 943,B01,1,1,0,2,7,1,5,NULL,202000033854,154 682 943,B01,1,1,3,2,1985,1,2,0,-1,-1," -1",-1,202000033854,3,326,0,NULL,2,2,0,1,1,948,1,NULL," -1",1,5,1,50
202000035693,30,5,2020,14:35:00,1,75,75110,2,7,1,6,"PLACE JACQUES BONSERGENT","48,8710682","2,3611258",202000035693,154 679 660,A01,1,1,0,1,2,1,5,NULL,202000035693,154 679 660,A01,1,1,1,2,2002,5,8,2,-1,0,0,-1,202000035693,4,NULL,0,NULL,2,2,1,1,0,0,1,NULL," -1",1,-1,5,30
202000035693,30,5,2020,14:35:00,1,75,75110,2,7,1,6,"PLACE JACQUES BONSERGENT","48,8710682","2,3611258",202000035693,154 679 660,A01,1,1,0,1,2,1,5,NULL,202000035693,154 679 660,A01,10,3,4,1,1945,5,0,-1,-1,2,3,1,202000035693,4,NULL,0,NULL,2,2,1,1,0,0,1,NULL," -1",1,-1,5,30
202000037534,1,7,2020,15:10:00,1,974,97411,2,2,1,3,"ROSTAND (RUE EDMOND)"," -20,8863800","55,4698100",202000037534,154 676 412,A01,3,1,0,2,1,1,6,NULL,202000037534,154 676 403,B01,1,1,1,1,1959,1,1,0,-1,-1," -1",-1,202000037534,4,"ROSTAND (RUE EDMOND)",0,NULL,1,1,0,1,0,0,1,NULL," -1",1,0,6,50
202000037534,1,7,2020,15:10:00,1,974,97411,2,2,1,3,"ROSTAND (RUE EDMOND)"," -20,8863800","55,4698100",202000037534,154 676 412,A01,3,1,0,2,1,1,6,NULL,202000037534,154 676 412,A01,1,1,4,1,1974,5,2,0,-1,-1," -1",-1,202000037534,4,"ROSTAND (RUE EDMOND)",0,NULL,1,1,0,1,0,0,1,NULL," -1",1,0,6,50
202000039982,26,10,2020,09:40:00,1,17,17183,1,1,2,2,D730,"45,5868040"," -0,8535000",202000039982,154 672 107,B01,2,1,0,0,4,1,5,NULL,202000039982,154 672 107,B01,1,1,2,1,1940,5,2,4,-1,0,0,-1,202000039982,3,730,-1,NULL,2,2,0,1,13,270,1,NULL," -1",2,0,1,80
202000039982,26,10,2020,09:40:00,1,17,17183,1,1,2,2,D730,"45,5868040"," -0,8535000",202000039982,154 672 107,B01,2,1,0,0,4,1,5,NULL,202000039982,154 672 108,A01,1,1,1,1,1966,4,1,-1,-1,0,0,-1,202000039982,3,730,-1,NULL,2,2,0,1,13,270,1,NULL," -1",2,0,1,80
202000040893,24,9,2020,19:50:00,5,75,75111,2,2,3,6,"BOULEVARD VOLTAIRE","48,8637670","2,3701110",202000040893,154 670 498,A01,1,1,0,1,1,1,5,NULL,202000040893,154 670 498,A01,10,3,1,1,2001,5,0,-1,-1,2,3,1,202000040893,4,NULL,0,NULL,2,4,1,1,0,0,1,NULL," -1",2,-1,5,30
202000040893,24,9,2020,19:50:00,5,75,75111,2,2,3,6,"BOULEVARD VOLTAIRE","48,8637670","2,3701110",202000040893,154 670 498,A01,1,1,0,1,1,1,5,NULL,202000040893,154 670 498,A01,1,1,4,1,1980,5,2,8,-1,0,0,-1,202000040893,4,NULL,0,NULL,2,4,1,1,0,0,1,NULL," -1",2,-1,5,30
202000041463,28,5,2020,10:20:00,1,44,44069,1,6,1,7,"Chemin du Ros Madeleine","47,3134130"," -2,4054050",202000041463,154 669 473,A01,3,1,0,0,0,1,5,NULL,202000041463,154 669 473,A01,1,1,3,1,1948,5,0,-1,-1,0,0,-1,202000041463,4,NULL,-1,NULL,2,2,0,2,(1),(1),2,NULL," -1",1,5,1,50
202000011664,16,6,2020,11:10:00,1,64,64102,2,1,1,3,"LASSEGUETTE (CHEMIN DE)","43,4809200"," -1,4805600",202000011664,154 721 722,B01,3,1,0,2,1,15,5,NULL,202000011664,154 721 722,B01,1,1,4,1,1966,9,8,0,-1,-1," -1",-1,202000011664,4,NULL,0,NULL,2,2,0,1,0,0,2,NULL," -1",1,0,1,50
202000011664,16,6,2020,11:10:00,1,64,64102,2,1,1,3,"LASSEGUETTE (CHEMIN DE)","43,4809200"," -1,4805600",202000011664,154 721 722,B01,3,1,0,2,1,15,5,NULL,202000011664,154 721 723,A01,1,1,1,2,1952,9,1,0,-1,-1," -1",-1,202000011664,4,NULL,0,NULL,2,2,0,1,0,0,2,NULL," -1",1,0,1,50
202000015643,12,8,2020,15:45:00,1,67,67267,2,9,2,3,"PRESIDENT ROBERT SCHUMANN (AVENUE)","48,5603800","7,6929600",202000015643,154 714 775,B01,0,1,0,0,0,0,0,NULL,202000015643,154 714 774,A01,1,1,1,1,1964,9,1,0,-1,-1," -1",-1,202000015643,4,NULL,0,NULL,-1,1,0,1,0,0,1,NULL," -1",2,0,1,50
202000015643,12,8,2020,15:45:00,1,67,67267,2,9,2,3,"PRESIDENT ROBERT SCHUMANN (AVENUE)","48,5603800","7,6929600",202000015643,154 714 775,B01,0,1,0,0,0,0,0,NULL,202000015643,154 714 775,B01,1,1,4,1,1977,1,8,0,-1,-1," -1",-1,202000015643,4,NULL,0,NULL,-1,1,0,1,0,0,1,NULL," -1",2,0,1,50
202000016926,11,7,2020,15:05:00,1,06,06077,1,1,7,6,D73,"43,9317420","7,3179320",202000016926,154 712 476,A01,2,1,3,0,3,13,5,NULL,202000016926,154 712 476,A01,1,1,4,2,1958,5,2,6,-1,0,0,-1,202000016926,3,73,0,NULL,2,2,0,2,8,345,3,NULL," -1",1,0,1,80
202000018858,24,2,2020,14:40:00,1,42,42085,1,1,9,7,D76,"45,4178230","4,5635530",202000018858,154 709 068,A01,2,1,0,0,0,1,5,NULL,202000018858,154 709 068,A01,1,1,3,1,1976,5,2,-1,-1,0,0,-1,202000018858,3,76,0,NULL,2,2,0,2,5,668,2,NULL,4,2,0,1,80
202000019891,19,12,2020,10:40:00,1,971,97120,2,9,1,2,DUPLESSIS,"16,2360300"," -61,5338400",202000019891,154 707 214,B01,1,1,0,2,0,0,5,NULL,202000019891,154 707 213,A01,1,1,1,2,1994,0,1,0,-1,-1," -1",-1,202000019891,4,NULL,0,NULL,1,1,0,1,0,0,1,NULL," -1",1,0,4,50
202000019891,19,12,2020,10:40:00,1,971,97120,2,9,1,2,DUPLESSIS,"16,2360300"," -61,5338400",202000019891,154 707 214,B01,1,1,0,2,0,0,5,NULL,202000019891,154 707 214,B01,1,1,4,1,2006,0,2,0,-1,0,0,-1,202000019891,4,NULL,0,NULL,1,1,0,1,0,0,1,NULL," -1",1,0,4,50
202000019957,19,12,2020,17:15:00,5,94,94033,2,9,1,1,"DAME BLANCHE (AV DE LA)","48,8443500","2,4507000",202000019957,154 707 094,B01,3,1,0,2,8,19,5,NULL,202000019957,154 707 093,A01,1,1,1,1,1937,5,1,0,-1,-1," -1",-1,202000019957,4,"DAME BLANCHE (AV DE LA)",0,NULL,1,1,2,1,0,1,1,NULL," -1",1,0,1,50
202000019957,19,12,2020,17:15:00,5,94,94033,2,9,1,1,"DAME BLANCHE (AV DE LA)","48,8443500","2,4507000",202000019957,154 707 094,B01,3,1,0,2,8,19,5,NULL,202000019957,154 707 094,B01,1,1,4,1,2011,5,8,0,-1,0,0,-1,202000019957,4,"DAME BLANCHE (AV DE LA)",0,NULL,1,1,2,1,0,1,1,NULL," -1",1,0,1,50
202000023255,23,7,2020,11:00:00,1,57,57606,2,1,1,-1,"ALTMAYER (RUE DES GENERAUX)","49,1250834","6,7248012",202000023255,154 701 325,B01,2,1,0,2,0,25,5,NULL,202000023255,154 701 325,B01,1,1,3,1,1984,3,8,0,-1,-1," -1",-1,202000023255,4,"ALTMAYER (RUE DES GENERAUX)",0,NULL,2,2,0,1,0,0,1,NULL," -1",1,0,4,50
202000023255,23,7,2020,11:00:00,1,57,57606,2,1,1,-1,"ALTMAYER (RUE DES GENERAUX)","49,1250834","6,7248012",202000023255,154 701 325,B01,2,1,0,2,0,25,5,NULL,202000023255,154 701 326,A01,2,2,1,1,1956,3,8,0,-1,-1," -1",-1,202000023255,4,"ALTMAYER (RUE DES GENERAUX)",0,NULL,2,2,0,1,0,0,1,NULL," -1",1,0,4,50
202000023255,23,7,2020,11:00:00,1,57,57606,2,1,1,-1,"ALTMAYER (RUE DES GENERAUX)","49,1250834","6,7248012",202000023255,154 701 325,B01,2,1,0,2,0,25,5,NULL,202000023255,154 701 326,A01,1,1,1,1,1990,3,1,8,-1,-1," -1",-1,202000023255,4,"ALTMAYER (RUE DES GENERAUX)",0,NULL,2,2,0,1,0,0,1,NULL," -1",1,0,4,50
202000024936,6,9,2020,12:30:00,1,17,17333,2,1,1,4,"SUZAC (AVENUE DE)","45,5890900"," -0,9866000",202000024936,154 698 352,B01,0,1,0,2,1,1,5,NULL,202000024936,154 698 351,C01,1,1,1,1,1974,0,2,0,-1,-1," -1",-1,202000024936,4,"SUZAC (AVENUE DE)",0,NULL,-1,1,0,1,0,0,1,NULL," -1",1,0,1,50
202000024936,6,9,2020,12:30:00,1,17,17333,2,1,1,4,"SUZAC (AVENUE DE)","45,5890900"," -0,9866000",202000024936,154 698 351,C01,0,1,0,2,1,1,5,NULL,202000024936,154 698 351,C01,1,1,1,1,1974,0,2,0,-1,-1," -1",-1,202000024936,4,"SUZAC (AVENUE DE)",0,NULL,-1,1,0,1,0,0,1,NULL," -1",1,0,1,50
202000024936,6,9,2020,12:30:00,1,17,17333,2,1,1,4,"SUZAC (AVENUE DE)","45,5890900"," -0,9866000",202000024936,154 698 352,B01,0,1,0,2,1,1,5,NULL,202000024936,154 698 352,B01,1,1,4,1,1989,5,2,0,-1,-1," -1",-1,202000024936,4,"SUZAC (AVENUE DE)",0,NULL,-1,1,0,1,0,0,1,NULL," -1",1,0,1,50
202000024936,6,9,2020,12:30:00,1,17,17333,2,1,1,4,"SUZAC (AVENUE DE)","45,5890900"," -0,9866000",202000024936,154 698 351,C01,0,1,0,2,1,1,5,NULL,202000024936,154 698 352,B01,1,1,4,1,1989,5,2,0,-1,-1," -1",-1,202000024936,4,"SUZAC (AVENUE DE)",0,NULL,-1,1,0,1,0,0,1,NULL," -1",1,0,1,50
202000024936,6,9,2020,12:30:00,1,17,17333,2,1,1,4,"SUZAC (AVENUE DE)","45,5890900"," -0,9866000",202000024936,154 698 352,B01,0,1,0,2,1,1,5,NULL,202000024936,154 698 353,A01,1,1,1,1,1988,0,8,0,-1,-1," -1",-1,202000024936,4,"SUZAC (AVENUE DE)",0,NULL,-1,1,0,1,0,0,1,NULL," -1",1,0,1,50
202000024936,6,9,2020,12:30:00,1,17,17333,2,1,1,4,"SUZAC (AVENUE DE)","45,5890900"," -0,9866000",202000024936,154 698 351,C01,0,1,0,2,1,1,5,NULL,202000024936,154 698 353,A01,1,1,1,1,1988,0,8,0,-1,-1," -1",-1,202000024936,4,"SUZAC (AVENUE DE)",0,NULL,-1,1,0,1,0,0,1,NULL," -1",1,0,1,50
202000030877,4,9,2020,09:15:00,1,75,75101,2,7,7,7,"RUE DE RIVOLI","48,8624080","2,3362630",202000030877,154 688 051,A01,2,1,0,0,0,1,5,NULL,202000030877,154 688 051,A01,1,1,4,1,1989,1,8,0,-1,0,0,-1,202000030877,4,NULL,0,NULL,2,4,1,1,0,0,1,NULL," -1",1,-1,5,30
202000032428,23,3,2020,19:00:00,1,35,35091,1,1,7,3,"Les Champs","48,2058640"," -2,1456490",202000032428,154 685 412,B01,1,1,0,0,0,23,5,NULL,202000032428,154 685 410,A01,1,1,1,1,1966,9,1,-1,-1,0,0,-1,202000032428,3,59,-1,NULL,2,2,0,1,5,213,2,NULL," -1",1,0,1,80
202000032428,23,3,2020,19:00:00,1,35,35091,1,1,7,3,"Les Champs","48,2058640"," -2,1456490",202000032428,154 685 412,B01,1,1,0,0,0,23,5,NULL,202000032428,154 685 412,B01,1,1,4,1,1994,1,0,-1,-1,0,0,-1,202000032428,3,59,-1,NULL,2,2,0,1,5,213,2,NULL," -1",1,0,1,80
202000033293,1,6,2020,09:40:00,1,38,38185,2,1,1,-1,"Rue Auguste Ravier","45,1830600","5,7381900",202000033293,154 683 916,B01,3,1,0,2,1,1,5,NULL,202000033293,154 683 916,B01,1,1,4,2,1962,0,8,0,-1,-1," -1",-1,202000033293,4,NULL,0,NULL,2,2,0,1,(1),(1),1,NULL," -1",1,0,1,50
202000033293,1,6,2020,09:40:00,1,38,38185,2,1,1,-1,"Rue Auguste Ravier","45,1830600","5,7381900",202000033293,154 683 916,B01,3,1,0,2,1,1,5,NULL,202000033293,154 683 918,A01,1,1,4,1,1976,0,8,0,-1,-1," -1",-1,202000033293,4,NULL,0,NULL,2,2,0,1,(1),(1),1,NULL," -1",1,0,1,50
202000034136,2,7,2020,12:15:00,1,59,59350,2,3,1,3,"KENNEDY AVENUE","50,6328300","3,0722900",202000034136,154 682 432,Y01,0,1,0,0,0,0,5,NULL,202000034136,154 682 431,A01,1,1,1,1,1951,0,1,0,-1,-1,0,-1,202000034136,4,"KENNEDY AVENUE",0,NULL,3,1,1,1,0,0,1,NULL," -1",1,9,5,30
202000034136,2,7,2020,12:15:00,1,59,59350,2,3,1,3,"KENNEDY AVENUE","50,6328300","3,0722900",202000034136,154 682 432,Y01,0,1,0,0,0,0,5,NULL,202000034136,154 682 431,A01,2,2,4,2,1997,0,8,0,-1,-1," -1",-1,202000034136,4,"KENNEDY AVENUE",0,NULL,3,1,1,1,0,0,1,NULL," -1",1,9,5,30
202000034136,2,7,2020,12:15:00,1,59,59350,2,3,1,3,"KENNEDY AVENUE","50,6328300","3,0722900",202000034136,154 682 432,Y01,0,1,0,0,0,0,5,NULL,202000034136,154 682 432,Y01,1,1,3,1,2003,5,2,0,0,-1,0,-1,202000034136,4,"KENNEDY AVENUE",0,NULL,3,1,1,1,0,0,1,NULL," -1",1,9,5,30
202000034231,3,7,2020,08:45:00,1,92,92023,2,6,1,3,"JEAN BAPTISTE CLEMENT (AVENUE)","48,7989800","2,2680100",202000034231,154 682 271,A01,0,1,0,2,1,15,5,NULL,202000034231,154 682 271,A01,1,1,4,1,1996,5,2,0,-1,-1," -1",-1,202000034231,3,"JEAN BAPTISTE CLEMENT (AVENUE)",0,NULL,2,2,0,2,0,0,1,NULL," -1",1,5,1,50
202000035305,11,1,2020,23:35:00,5,75,75109,2,2,1,6,"RUE DU HELDER","48,8710783","2,3347968",202000035305,154 680 365,A01,1,1,0,1,1,1,5,NULL,202000035305,154 680 365,A01,1,1,4,1,1996,1,8,2,-1,0,0,-1,202000035305,4,NULL,0,NULL,2,5,-1,1,0,0,1,NULL,15,1,0,1,30
202000035305,11,1,2020,23:35:00,5,75,75109,2,2,1,6,"RUE DU HELDER","48,8710783","2,3347968",202000035305,154 680 365,A01,1,1,0,1,1,1,5,NULL,202000035305,154 680 365,A01,10,3,4,1,1992,5,0,-1,-1,4,3,1,202000035305,4,NULL,0,NULL,2,5,-1,1,0,0,1,NULL,15,1,0,1,30
202000035662,11,1,2020,20:15:00,5,75,75110,2,4,1,6,"BOULEVARD DE MAGENTA","48,8782962","2,3544157",202000035662,154 679 725,Z01,1,1,0,1,1,1,5,NULL,202000035662,154 679 725,Z01,10,3,4,2,1996,5,0,-1,-1,5,3,2,202000035662,4,NULL,0,NULL,2,2,1,1,0,0,1,NULL,4,1,-1,5,50
202000036981,9,1,2020,20:00:00,5,75,75101,2,3,1,6,"RUE DE RIVOLI","48,8643920","2,3301088",202000036981,154 677 363,A01,1,1,0,1,1,1,5,NULL,202000036981,154 677 363,A01,1,1,1,2,1970,9,8,2,-1,0,0,-1,202000036981,4,NULL,0,NULL,2,1,1,1,0,0,1,NULL,3,1,-1,5,50
202000036981,9,1,2020,20:00:00,5,75,75101,2,3,1,6,"RUE DE RIVOLI","48,8643920","2,3301088",202000036981,154 677 363,A01,1,1,0,1,1,1,5,NULL,202000036981,154 677 363,A01,10,3,4,2,1967,1,0,-1,-1,4,3,1,202000036981,4,NULL,0,NULL,2,1,1,1,0,0,1,NULL,3,1,-1,5,50
202000037175,30,7,2020,18:30:00,1,75,75106,2,3,1,3,"BOULEVARD DU MONTPARNASSE","48,8436240","2,3246420",202000037175,154 677 040,B01,1,1,0,2,6,11,5,NULL,202000037175,154 677 039,A01,1,1,1,1,1987,9,2,6,-1,0,0,-1,202000037175,4,NULL,0,NULL,3,6,0,1,0,0,1,NULL," -1",1,0,1,50
202000037175,30,7,2020,18:30:00,1,75,75106,2,3,1,3,"BOULEVARD DU MONTPARNASSE","48,8436240","2,3246420",202000037175,154 677 040,B01,1,1,0,2,6,11,5,NULL,202000037175,154 677 040,B01,1,1,4,2,1964,9,8,0,-1,0,0,-1,202000037175,4,NULL,0,NULL,3,6,0,1,0,0,1,NULL," -1",1,0,1,50
202000037589,28,7,2020,21:25:00,1,78,78361,2,7,1,7,"BOULEVARD SULLY 1","48,9968300","1,6764500",202000037589,154 676 303,A01,1,1,0,0,0,0,5,NULL,202000037589,154 676 303,A01,1,1,4,1,1960,9,8,0,-1,-1," -1",-1,202000037589,3,113,0,NULL,2,2,0,1,60,940,1,NULL," -1",1,0,1,50