Num_Acc,jour,mois,an,hrmn,lum,dep,com,agg,int,atm,col,adr,lat,long,Num_Acc,id_vehicule,num_veh,senc,catv,obs,obsm,choc,manv,motor,occutc,Num_Acc,id_vehicule,num_veh,place,catu,grav,sexe,an_nais,trajet,secu1,secu2,secu3,locp,actp,etatp,Num_Acc,catr,voie,v1,v2,circ,nbv,vosp,prof,pr,pr1,plan,lartpc,larrout,surf,infra,situ,vma
202000040315,29,8,2020,14:20:00,1,75,75110,2,1,3,2,"RUE DU FAUBOURG SAINT MARTIN","48,8831020","2,3676440",202000040315,154 671 510,B01,2,1,0,2,4,2,5,NULL,202000040315,154 671 510,B01,1,1,4,1,1981,9,8,0,-1,0,0,-1,202000040315,4,NULL,0,NULL,2,3,0,1,0,0,1,NULL," -1",2,0,1,50
202000041189,6,1,2020,12:10:00,1,94,94028,2,9,1,1,"MAURIAC.(RUE FRANCOIS)","48,7856375","2,4535840",202000041189,154 669 974,B01,1,1,0,1,1,1,5,NULL,202000041189,154 669 973,A01,1,1,1,1,1962,1,8,0,-1,0,0,-1,202000041189,4,"MAURIAC.(RUE FRANCOIS)",0,NULL,4,0,0,1,0,0,1,NULL," -1",1,0,1,50
202000041189,6,1,2020,12:10:00,1,94,94028,2,9,1,1,"MAURIAC.(RUE FRANCOIS)","48,7856375","2,4535840",202000041189,154 669 974,B01,1,1,0,1,1,1,5,NULL,202000041189,154 669 974,B01,10,3,4,1,2001,5,0,-1,-1,5,3,1,202000041189,4,"MAURIAC.(RUE FRANCOIS)",0,NULL,4,0,0,1,0,0,1,NULL," -1",1,0,1,50
202000041388,27,5,2020,15:52:00,1,34,34172,2,1,1,3,"COMEDIE (PLACE DE LA)","43,6091400","3,8802700",202000041388,154 669 609,B01,3,1,0,2,7,0,5,NULL,202000041388,154 669 609,B01,1,1,4,1,1991,5,2,0,-1,0,0,-1,202000041388,9,NULL,0,NULL,-1,0,0,1,(1),(1),1,NULL," -1",1,6,4,30
202000041388,27,5,2020,15:52:00,1,34,34172,2,1,1,3,"COMEDIE (PLACE DE LA)","43,6091400","3,8802700",202000041388,154 669 609,B01,3,1,0,2,7,0,5,NULL,202000041388,154 669 610,A01,1,1,1,1,2000,4,2,8,-1,0,0,-1,202000041388,9,NULL,0,NULL,-1,0,0,1,(1),(1),1,NULL," -1",1,6,4,30
202000043510,23,10,2020,08:00:00,1,92,92026,2,9,1,3,"BOULEVARD CIRCULAIRE","48,8895581","2,2500502",202000043510,154 665 772,B01,2,1,0,2,1,1,0,NULL,202000043510,154 665 770,A01,1,1,1,1,1970,1,1,8,-1,-1," -1",-1,202000043510,3,993,0,NULL,1,2,1,1,0,0,3,NULL," -1",1,0,5,50
202000043510,23,10,2020,08:00:00,1,92,92026,2,9,1,3,"BOULEVARD CIRCULAIRE","48,8895581","2,2500502",202000043510,154 665 772,B01,2,1,0,2,1,1,0,NULL,202000043510,154 665 772,B01,1,1,4,1,1984,0,8,0,-1,-1," -1",-1,202000043510,3,993,0,NULL,1,2,1,1,0,0,3,NULL," -1",1,0,5,50
202000044666,24,5,2020,17:50:00,1,94,94058,2,1,1,3,"ARGONNE (QU D)","48,8469167","2,5107711",202000044666,154 663 698,B01,3,1,1,0,7,1,5,NULL,202000044666,154 663 698,B01,1,1,4,2,2008,5,2,0,-1,-1," -1",-1,202000044666,4,"ARGONNE (QU D)",0,NULL,1,1,1,1,0,1,1,NULL," -1",1,0,1,30
202000044666,24,5,2020,17:50:00,1,94,94058,2,1,1,3,"ARGONNE (QU D)","48,8469167","2,5107711",202000044666,154 663 698,B01,3,1,1,0,7,1,5,NULL,202000044666,154 663 699,A01,1,1,1,2,1948,5,8,0,-1,-1," -1",-1,202000044666,4,"ARGONNE (QU D)",0,NULL,1,1,1,1,0,1,1,NULL," -1",1,0,1,30
202000044810,4,2,2020,05:40:00,5,94,94041,2,2,8,1,"JEAN LE GALLEU (R)","48,8152700","2,3756000",202000044810,154 663 454,A01,3,1,0,2,0,0,5,NULL,202000044810,154 663 454,A01,1,1,3,1,1995,1,2,0,-1,-1," -1",-1,202000044810,3,"JEAN LE GALLEU (R)",0,NULL,2,2,0,1,0,0,1,NULL," -1",2,5,1,50
202000044927,5,2,2020,15:40:00,1,90,90052,2,1,1,2,"44 Grande Rue","47,7415450","6,8265270",202000044927,154 663 257,A01,1,1,0,2,1,1,5,NULL,202000044927,154 663 257,A01,1,1,3,1,2001,5,0,-1,-1,0,0,-1,202000044927,3,465,0,NULL,2,2,0,2,16,600,1,NULL," -1",1,0,1,50
202000044927,5,2,2020,15:40:00,1,90,90052,2,1,1,2,"44 Grande Rue","47,7415450","6,8265270",202000044927,154 663 257,A01,1,1,0,2,1,1,5,NULL,202000044927,154 663 258,B01,2,2,1,2,1952,5,1,-1,-1,0,0,-1,202000044927,3,465,0,NULL,2,2,0,2,16,600,1,NULL," -1",1,0,1,50
202000044927,5,2,2020,15:40:00,1,90,90052,2,1,1,2,"44 Grande Rue","47,7415450","6,8265270",202000044927,154 663 257,A01,1,1,0,2,1,1,5,NULL,202000044927,154 663 258,B01,1,1,1,1,1951,5,1,-1,-1,0,0,-1,202000044927,3,465,0,NULL,2,2,0,2,16,600,1,NULL," -1",1,0,1,50
202000045966,8,9,2020,10:50:00,1,92,92009,2,1,1,-1,"BOIS COLOMBES ( RUE DE )","48,9064620","2,2661010",202000045966,154 661 488,B01,1,1,0,0,1,1,5,NULL,202000045966,154 661 487,A01,1,1,1,1,1965,1,8,0,-1,-1," -1",-1,202000045966,4,"BOIS COLOMBES ( RUE DE )",0,NULL,2,2,1,1,0,0,1,NULL," -1",1,0,1,50
202000045966,8,9,2020,10:50:00,1,92,92009,2,1,1,-1,"BOIS COLOMBES ( RUE DE )","48,9064620","2,2661010",202000045966,154 661 488,B01,1,1,0,0,1,1,5,NULL,202000045966,154 661 488,B01,1,1,4,2,1987,1,8,0,-1,-1," -1",-1,202000045966,4,"BOIS COLOMBES ( RUE DE )",0,NULL,2,2,1,1,0,0,1,NULL," -1",1,0,1,50
202000006713,26,11,2020,12:30:00,1,83,83099,2,1,1,1,"Boulevard Cavalier","43,4565330","6,6835770",202000006713,154 730 446,A01,0,1,0,2,1,9,6,NULL,202000006713,154 730 445,B01,1,1,1,2,1965,1,1,-1,-1,0,0,-1,202000006713,4,NULL,-1,NULL,2,2,0,1,(1),(1),1,NULL," -1",1,0,1,50
202000006713,26,11,2020,12:30:00,1,83,83099,2,1,1,1,"Boulevard Cavalier","43,4565330","6,6835770",202000006713,154 730 446,A01,0,1,0,2,1,9,6,NULL,202000006713,154 730 446,A01,1,1,3,1,2008,2,0,-1,-1,0,0,-1,202000006713,4,NULL,-1,NULL,2,2,0,1,(1),(1),1,NULL," -1",1,0,1,50
202000006885,16,5,2020,15:40:00,1,75,75114,2,1,1,6,"BOULEVARD ARAGO","48,8344700","2,3338510",202000006885,154 730 151,A01,2,1,0,1,1,25,5,NULL,202000006885,154 730 151,A01,10,3,4,2,1951,5,0,-1,-1,5,1,1,202000006885,4,NULL,0,NULL,-1,0,3,2,0,0,1,NULL," -1",1,0,4,50
202000006885,16,5,2020,15:40:00,1,75,75114,2,1,1,6,"BOULEVARD ARAGO","48,8344700","2,3338510",202000006885,154 730 151,A01,2,1,0,1,1,25,5,NULL,202000006885,154 730 151,A01,1,1,1,2,2011,5,2,8,-1,0,0,-1,202000006885,4,NULL,0,NULL,-1,0,3,2,0,0,1,NULL," -1",1,0,4,50
202000007285,2,9,2020,12:20:00,1,74,74010,2,3,1,-1,"44 Rue des Sports","45,8852730","6,0885560",202000007285,154 729 442,B01,3,1,0,2,1,25,5,NULL,202000007285,154 729 441,A01,1,1,1,1,1975,4,1,-1,-1,0,0,-1,202000007285,4,NULL,-1,NULL,-1,1,0,1,(1),(1),3,NULL," -1",1,0,4,50
202000007285,2,9,2020,12:20:00,1,74,74010,2,3,1,-1,"44 Rue des Sports","45,8852730","6,0885560",202000007285,154 729 442,B01,3,1,0,2,1,25,5,NULL,202000007285,154 729 442,B01,1,1,4,1,2007,2,0,-1,-1,0,0,-1,202000007285,4,NULL,-1,NULL,-1,1,0,1,(1),(1),3,NULL," -1",1,0,4,50
202000009429,28,1,2020,07:09:00,5,75,75119,2,2,1,3,"AVENUE DE FLANDRE","48,8944100","2,3815030",202000009429,154 725 671,B01,1,1,0,2,7,12,5,NULL,202000009429,154 725 670,A01,1,1,4,1,1988,1,2,6,-1,0,0,-1,202000009429,4,NULL,0,NULL,1,2,1,1,0,0,1,NULL,7,1,-1,5,30
202000009429,28,1,2020,07:09:00,5,75,75119,2,2,1,3,"AVENUE DE FLANDRE","48,8944100","2,3815030",202000009429,154 725 671,B01,1,1,0,2,7,12,5,NULL,202000009429,154 725 671,B01,1,1,4,1,1969,1,8,0,-1,0,0,-1,202000009429,4,NULL,0,NULL,1,2,1,1,0,0,1,NULL,7,1,-1,5,30
202000010043,18,8,2020,16:25:00,1,74,74056,2,9,1,3,"Route des Pélerins","45,9138360","6,8604200",202000010043,154 724 582,A01,3,1,0,2,3,15,5,NULL,202000010043,154 724 581,B01,1,1,1,2,1966,0,1,-1,-1,0,0,-1,202000010043,4,NULL,0,NULL,1,1,3,1,(1),(1),1,NULL," -1",1,0,1,30
202000010043,18,8,2020,16:25:00,1,74,74056,2,9,1,3,"Route des Pélerins","45,9138360","6,8604200",202000010043,154 724 582,A01,3,1,0,2,3,15,5,NULL,202000010043,154 724 582,A01,1,1,3,1,1931,5,0,-1,-1,0,0,-1,202000010043,4,NULL,0,NULL,1,1,3,1,(1),(1),1,NULL," -1",1,0,1,30
202000010281,28,12,2020,19:20:00,5,93,93006,2,3,2,-1,"CARNOT RUE SADI","48,8673678","2,4182453",202000010281,154 724 166,B01,3,1,0,2,0,0,5,NULL,202000010281,154 724 166,B01,1,1,4,1,1982,0,8,0,-1,-1," -1",-1,202000010281,3,38,0,NULL,2,2,0,2,1,1,1,NULL," -1",2,5,1,50
202000011929,4,9,2020,10:20:00,1,44,44126,2,3,1,1,"1 Boulevard de la Tara","47,1524640"," -2,2168830",202000011929,154 721 265,B01,0,1,0,2,2,1,5,NULL,202000011929,154 721 265,B01,1,1,3,1,1966,5,2,-1,-1,0,0,-1,202000011929,4,NULL,-1,NULL,1,1,1,1,(1),(1),3,NULL," -1",1,0,1,30
202000011929,4,9,2020,10:20:00,1,44,44126,2,3,1,1,"1 Boulevard de la Tara","47,1524640"," -2,2168830",202000011929,154 721 265,B01,0,1,0,2,2,1,5,NULL,202000011929,154 721 266,A01,1,1,1,2,1973,4,1,-1,-1,0,0,-1,202000011929,4,NULL,-1,NULL,1,1,1,1,(1),(1),3,NULL," -1",1,0,1,30
202000013379,14,9,2020,09:10:00,1,65,65272,1,1,1,2,"RD 817","43,1999480","0,1951900",202000013379,154 718 764,B01,2,1,0,0,6,1,5,NULL,202000013379,154 718 764,B01,1,1,4,1,1948,5,2,-1,-1,0,0,-1,202000013379,3,817,-1,NULL,2,3,0,2,(1),(1),1,NULL," -1",1,0,1,90
202000013379,14,9,2020,09:10:00,1,65,65272,1,1,1,2,"RD 817","43,1999480","0,1951900",202000013379,154 718 764,B01,2,1,0,0,6,1,5,NULL,202000013379,154 718 765,A01,1,1,1,1,1958,1,8,-1,-1,0,0,-1,202000013379,3,817,-1,NULL,2,3,0,2,(1),(1),1,NULL," -1",1,0,1,90
202000013425,13,9,2020,09:30:00,1,29,29233,1,1,1,2,"Gare de la Foret","47,8434970"," -3,5789900",202000013425,154 718 693,A01,2,1,0,2,4,1,5,NULL,202000013425,154 718 693,A01,1,1,3,1,1970,5,2,-1,-1,0,0,-1,202000013425,3,16,-1,NULL,3,2,0,2,3,800,1,NULL," -1",1,0,1,80
202000014157,24,12,2020,11:28:00,1,49,49007,2,1,1,3,"Rue de la Madeleine","47,4620300"," -0,5412900",202000014157,154 717 400,A01,1,1,0,2,1,1,5,NULL,202000014157,154 717 400,A01,1,1,4,1,2001,1,2,0,-1,-1," -1",-1,202000014157,4,MADELEINE,0,NULL,-1,2,0,1,1,0,1,NULL," -1",2,0,1,50
202000014157,24,12,2020,11:28:00,1,49,49007,2,1,1,3,"Rue de la Madeleine","47,4620300"," -0,5412900",202000014157,154 717 400,A01,1,1,0,2,1,1,5,NULL,202000014157,154 717 401,B01,1,1,1,2,1945,1,1,0,-1,-1," -1",-1,202000014157,4,MADELEINE,0,NULL,-1,2,0,1,1,0,1,NULL," -1",2,0,1,50
202000014772,24,1,2020,14:20:00,1,37,37261,2,6,1,-1,"LOUIS XI (ROND-POINT)","47,3748341","0,6712491",202000014772,154 716 382,B01,1,1,0,2,0,2,5,NULL,202000014772,154 716 382,B01,1,1,4,2,1957,5,8,0,-1,-1," -1",-1,202000014772,4,NULL,0,NULL,1,2,1,1,0,0,2,NULL," -1",1,0,1,50
202000015083,14,7,2020,22:50:00,5,45,45234,2,2,2,3,"Rue Royale","47,8980214","1,9042462",202000015083,154 715 766,B01,3,1,0,2,8,1,5,NULL,202000015083,154 715 765,A01,1,1,1,1,1998,5,1,0,-1,-1," -1",-1,202000015083,4,NULL,0,NULL,2,2,0,1,(1),(1),1,NULL," -1",2,5,1,50
202000015083,14,7,2020,22:50:00,5,45,45234,2,2,2,3,"Rue Royale","47,8980214","1,9042462",202000015083,154 715 766,B01,3,1,0,2,8,1,5,NULL,202000015083,154 715 766,B01,1,1,3,1,2002,5,8,0,-1,-1," -1",-1,202000015083,4,NULL,0,NULL,2,2,0,1,(1),(1),1,NULL," -1",2,5,1,50
202000017435,11,6,2020,22:35:00,5,93,93046,2,5,2,3,"BD JEAN JAURES / AV EMILE GERARD","48,9225400","2,5243000",202000017435,154 711 568,B01,0,1,0,2,8,26,5,NULL,202000017435,154 711 568,B01,1,1,4,1,1980,5,8,0,-1,-1," -1",-1,202000017435,3,970,0,NULL,3,2,1,1,1,0,1,NULL," -1",2,5,1,50
202000017435,11,6,2020,22:35:00,5,93,93046,2,5,2,3,"BD JEAN JAURES / AV EMILE GERARD","48,9225400","2,5243000",202000017435,154 711 568,B01,0,1,0,2,8,26,5,NULL,202000017435,154 711 569,A01,1,1,1,1,1991,0,1,0,-1,-1," -1",-1,202000017435,3,970,0,NULL,3,2,1,1,1,0,1,NULL," -1",2,5,1,50
202000017698,8,10,2020,17:10:00,1,44,44162,2,1,1,-1,"RUE DE L'HOTEL DE VILLE","47,2112200"," -1,6494200",202000017698,154 711 086,B01,0,1,0,2,1,2,5,NULL,202000017698,154 711 086,B01,1,1,4,2,1969,0,2,0,-1,-1," -1",-1,202000017698,4,NULL,0,NULL,2,0,0,2,(1),(1),1,NULL," -1",1,0,1,50
202000017698,8,10,2020,17:10:00,1,44,44162,2,1,1,-1,"RUE DE L'HOTEL DE VILLE","47,2112200"," -1,6494200",202000017698,154 711 086,B01,0,1,0,2,1,2,5,NULL,202000017698,154 711 088,A01,1,1,1,1,1988,0,8,0,-1,-1," -1",-1,202000017698,4,NULL,0,NULL,2,0,0,2,(1),(1),1,NULL," -1",1,0,1,50
202000017785,8,10,2020,09:25:00,1,75,75103,2,3,1,3,"RUE DE TURENNE","48,8599810","2,3645570",202000017785,154 710 928,B01,1,1,0,2,1,1,5,NULL,202000017785,154 710 928,B01,1,1,4,2,1992,9,2,0,-1,0,0,-1,202000017785,4,NULL,0,NULL,2,2,0,1,0,0,1,NULL," -1",2,0,1,30
202000017785,8,10,2020,09:25:00,1,75,75103,2,3,1,3,"RUE DE TURENNE","48,8599810","2,3645570",202000017785,154 710 928,B01,1,1,0,2,1,1,5,NULL,202000017785,154 710 929,A01,1,1,1,1,1977,4,1,0,-1,0,0,-1,202000017785,4,NULL,0,NULL,2,2,0,1,0,0,1,NULL," -1",2,0,1,30
202000020122,10,11,2020,14:00:00,1,973,97309,2,3,1,3,"Boulevard Edmard Lama","4,9046410"," -52,2733090",202000020122,154 706 803,B01,1,1,0,2,1,11,5,NULL,202000020122,154 706 802,A01,1,1,1,2,1993,1,1,-1,-1,0,0,-1,202000020122,3,0002,-1,NULL,2,2,0,1,10,150,2,NULL," -1",1,0,1,50
202000020122,10,11,2020,14:00:00,1,973,97309,2,3,1,3,"Boulevard Edmard Lama","4,9046410"," -52,2733090",202000020122,154 706 803,B01,1,1,0,2,1,11,5,NULL,202000020122,154 706 803,B01,1,1,4,2,1963,5,0,-1,-1,0,0,-1,202000020122,3,0002,-1,NULL,2,2,0,1,10,150,2,NULL," -1",1,0,1,50
202000020265,27,4,2020,11:32:00,1,69,69266,2,3,1,3,"ROGER SALENGRO     (Avenue)","45,7798500","4,8821300",202000020265,154 706 556,A01,3,1,0,2,1,19,5,NULL,202000020265,154 706 555,B01,1,1,1,2,1996,9,1,0,-1,-1," -1",-1,202000020265,4,NULL,0,NULL,3,3,3,1,0,0,1,NULL," -1",1,0,1,50
202000020265,27,4,2020,11:32:00,1,69,69266,2,3,1,3,"ROGER SALENGRO     (Avenue)","45,7798500","4,8821300",202000020265,154 706 556,A01,3,1,0,2,1,19,5,NULL,202000020265,154 706 556,A01,1,1,2,1,1939,0,8,0,-1,-1," -1",-1,202000020265,4,NULL,0,NULL,3,3,3,1,0,0,1,NULL," -1",1,0,1,50
202000020519,21,1,2020,07:45:00,2,40,40046,2,2,1,3,"Avenue de la Judée","44,3891650"," -1,1650580",202000020519,154 706 147,B01,1,1,0,2,8,19,5,NULL,202000020519,154 706 147,B01,1,1,3,1,2008,2,0,-1,-1,0,0,-1,202000020519,4,"Avenue de la Judée",0,NULL,2,2,0,1,117,30,1,NULL," -1",1,0,1,50
202000020519,21,1,2020,07:45:00,2,40,40046,2,2,1,3,"Avenue de la Judée","44,3891650"," -1,1650580",202000020519,154 706 147,B01,1,1,0,2,8,19,5,NULL,202000020519,154 706 148,A01,1,1,1,1,1999,0,1,-1,-1,0,0,-1,202000020519,4,"Avenue de la Judée",0,NULL,2,2,0,1,117,30,1,NULL," -1",1,0,1,50
202000022095,17,12,2020,09:05:00,1,11,11262,2,1,1,3,"SULLY (RUE)","43,1829400","3,0013100",202000022095,154 703 329,A01,0,1,0,2,1,19,0,NULL,202000022095,154 703 329,A01,1,1,4,2,1992,4,8,0,-1,-1," -1",-1,202000022095,6,"SULLY (RUE)",0,NULL,-1,-1,0,1,0,0,1,NULL," -1",1,9,1,30
202000022095,17,12,2020,09:05:00,1,11,11262,2,1,1,3,"SULLY (RUE)","43,1829400","3,0013100",202000022095,154 703 329,A01,0,1,0,2,1,19,0,NULL,202000022095,154 703 330,B01,1,1,1,1,1954,0,8,0,-1,-1," -1",-1,202000022095,6,"SULLY (RUE)",0,NULL,-1,-1,0,1,0,0,1,NULL," -1",1,9,1,30
202000022096,18,12,2020,08:55:00,1,11,11069,2,1,2,3,"CORPS EXPEDIT FRANCAIS D'ITALIE-ROND POI","43,2130000","2,3718000",202000022096,154 703 328,B01,3,1,0,2,5,1,5,NULL,202000022096,154 703 327,A01,1,1,1,2,1990,2,1,0,-1,-1," -1",-1,202000022096,4,"CORPS EXPEDIT FRANCAIS D'ITALIE-ROND POI",0,NULL,1,2,0,1,0,0,3,NULL," -1",2,0,1,50
202000022096,18,12,2020,08:55:00,1,11,11069,2,1,2,3,"CORPS EXPEDIT FRANCAIS D'ITALIE-ROND POI","43,2130000","2,3718000",202000022096,154 703 328,B01,3,1,0,2,5,1,5,NULL,202000022096,154 703 328,B01,1,1,4,1,1981,9,8,0,-1,-1," -1",-1,202000022096,4,"CORPS EXPEDIT FRANCAIS D'ITALIE-ROND POI",0,NULL,1,2,0,1,0,0,3,NULL," -1",2,0,1,50
202000023816,6,11,2020,18:50:00,3,29,29165,1,1,1,6,"Lieu dit LHent Mahat","47,8109210"," -4,2387060",202000023816,154 700 319,A01,3,1,0,1,1,1,5,NULL,202000023816,154 700 319,A01,10,3,4,1,1971,5,0,-1,-1,1,1,2,202000023816,4,"Route de Le Moustoir",-1,NULL,2,2,0,1,(1),(1),1,NULL," -1",1,0,1,80
202000023816,6,11,2020,18:50:00,3,29,29165,1,1,1,6,"Lieu dit LHent Mahat","47,8109210"," -4,2387060",202000023816,154 700 319,A01,3,1,0,1,1,1,5,NULL,202000023816,154 700 319,A01,1,1,4,1,1959,5,2,4,9,0,0,-1,202000023816,4,"Route de Le Moustoir",-1,NULL,2,2,0,1,(1),(1),1,NULL," -1",1,0,1,80
202000023949,16,12,2020,15:30:00,1,67,67482,2,4,1,3,"Rue Arthur Rimbaud","48,5888800","7,7140300",202000023949,154 700 080,B01,2,1,0,2,0,0,5,NULL,202000023949,154 700 080,B01,1,1,4,1,1938,0,8,0,-1,-1," -1",-1,202000023949,4,NULL,0,NULL,1,4,1,1,(1),(1),3,NULL," -1",1,0,1,50
202000023949,16,12,2020,15:30:00,1,67,67482,2,4,1,3,"Rue Arthur Rimbaud","48,5888800","7,7140300",202000023949,154 700 080,B01,2,1,0,2,0,0,5,NULL,202000023949,154 700 081,A01,1,1,1,1,1958,0,1,0,-1,-1," -1",-1,202000023949,4,NULL,0,NULL,1,4,1,1,(1),(1),3,NULL," -1",1,0,1,50
202000025462,21,9,2020,17:40:00,1,973,97309,2,1,1,3,"D'1 (rd1)","4,8939830"," -52,2581760",202000025462,154 697 426,B01,1,1,0,2,1,21,5,NULL,202000025462,154 697 421,A01,1,1,1,1,1996,0,1,-1,-1,0,0,-1,202000025462,3,1,0,NULL,2,2,0,1,9,900,1,NULL," -1",1,9,8,50
202000025462,21,9,2020,17:40:00,1,973,97309,2,1,1,3,"D'1 (rd1)","4,8939830"," -52,2581760",202000025462,154 697 426,B01,1,1,0,2,1,21,5,NULL,202000025462,154 697 426,B01,1,1,4,1,1956,0,0,-1,-1,0,0,-1,202000025462,3,1,0,NULL,2,2,0,1,9,900,1,NULL," -1",1,9,8,50
202000026459,9,7,2020,16:15:00,1,38,38289,1,4,1,3,Allemond,"45,1279860","6,0453990",202000026459,154 695 704,B01,1,1,0,2,1,1,5,NULL,202000026459,154 695 703,A01,1,1,1,2,2000,1,1,-1,-1,0,0,-1,202000026459,3,44,0,NULL,2,2,0,1,0,1,3,NULL," -1",1,5,1,70
202000026459,9,7,2020,16:15:00,1,38,38289,1,4,1,3,Allemond,"45,1279860","6,0453990",202000026459,154 695 704,B01,1,1,0,2,1,1,5,NULL,202000026459,154 695 704,B01,1,1,3,1,1984,5,2,-1,-1,0,0,-1,202000026459,3,44,0,NULL,2,2,0,1,0,1,3,NULL," -1",1,5,1,70
202000027892,3,6,2020,19:10:00,1,10,10387,2,1,1,3,"FOSSES PATRIS (RUE DES)","48,3002800","4,0637200",202000027892,154 693 217,B01,3,1,0,2,1,1,5,NULL,202000027892,154 693 217,B01,1,1,4,1,1998,0,8,0,-1,-1," -1",-1,202000027892,9,"FOSSES PATRIS (RUE DES)",0,NULL,3,2,0,1,0,0,3,NULL," -1",1,0,4,50
202000027892,3,6,2020,19:10:00,1,10,10387,2,1,1,3,"FOSSES PATRIS (RUE DES)","48,3002800","4,0637200",202000027892,154 693 217,B01,3,1,0,2,1,1,5,NULL,202000027892,154 693 218,A01,1,1,1,2,1999,1,1,0,-1,-1," -1",-1,202000027892,9,"FOSSES PATRIS (RUE DES)",0,NULL,3,2,0,1,0,0,3,NULL," -1",1,0,4,50
202000030876,4,9,2020,15:15:00,1,75,75102,2,2,1,6,"AVENUE DE L OPERA","48,8687740","2,3331310",202000030876,154 688 052,A01,1,1,0,1,7,1,5,NULL,202000030876,154 688 052,A01,1,1,1,2,2002,9,8,0,-1,0,0,-1,202000030876,4,NULL,0,NULL,2,4,1,1,0,0,1,NULL," -1",1,-1,5,50
202000030876,4,9,2020,15:15:00,1,75,75102,2,2,1,6,"AVENUE DE L OPERA","48,8687740","2,3331310",202000030876,154 688 052,A01,1,1,0,1,7,1,5,NULL,202000030876,154 688 052,A01,10,3,4,2,1925,9,0,-1,-1,4,3,1,202000030876,4,NULL,0,NULL,2,4,1,1,0,0,1,NULL," -1",1,-1,5,50
202000031140,28,10,2020,11:37:00,1,14,14118,2,2,8,3,"BRIAND (BOULEVARD ARISTIDE)","49,1784840"," -0,3614370",202000031140,154 687 600,B01,1,1,0,2,1,19,5,NULL,202000031140,154 687 600,B01,1,1,4,1,1997,0,-1,0,-1,0,0,-1,202000031140,4,sans,0,NULL,2,0,0,1,1,0,1,NULL," -1",1,0,1,50
202000031140,28,10,2020,11:37:00,1,14,14118,2,2,8,3,"BRIAND (BOULEVARD ARISTIDE)","49,1784840"," -0,3614370",202000031140,154 687 600,B01,1,1,0,2,1,19,5,NULL,202000031140,154 687 601,A01,1,1,1,2,1977,0,1,0,-1,0,0,-1,202000031140,4,sans,0,NULL,2,0,0,1,1,0,1,NULL," -1",1,0,1,50
202000031368,1,6,2020,18:20:00,1,74,74218,2,3,1,3,"DRANSE (RUE DU PONT DE)","46,3840600","6,5133800",202000031368,154 687 216,B01,3,1,0,2,7,9,5,NULL,202000031368,154 687 216,B01,1,1,3,1,1965,5,8,0,-1,-1," -1",-1,202000031368,3,1005,0,NULL,1,1,0,1,1,0,1,NULL," -1",1,0,1,50
202000031368,1,6,2020,18:20:00,1,74,74218,2,3,1,3,"DRANSE (RUE DU PONT DE)","46,3840600","6,5133800",202000031368,154 687 216,B01,3,1,0,2,7,9,5,NULL,202000031368,154 687 217,A01,1,1,1,1,1985,0,1,0,-1,-1," -1",-1,202000031368,3,1005,0,NULL,1,1,0,1,1,0,1,NULL," -1",1,0,1,50
202000032302,1,7,2020,11:15:00,1,12,12001,2,7,1,3,"Place Marc Robert","44,3575250","2,6802780",202000032302,154 685 615,B01,2,1,0,2,1,1,5,NULL,202000032302,154 685 614,A01,1,1,1,1,1955,1,1,-1,-1,0,0,-1,202000032302,3,56,-1,NULL,2,2,0,2,43,590,1,NULL," -1",1,0,1,50
202000032302,1,7,2020,11:15:00,1,12,12001,2,7,1,3,"Place Marc Robert","44,3575250","2,6802780",202000032302,154 685 615,B01,2,1,0,2,1,1,5,NULL,202000032302,154 685 615,B01,1,1,3,1,1955,5,2,-1,-1,0,0,-1,202000032302,3,56,-1,NULL,2,2,0,2,43,590,1,NULL," -1",1,0,1,50
202000034387,15,3,2020,20:45:00,5,972,97209,1,1,1,3,"AUTOROUTE (A1)","14,6181800"," -61,0366100",202000034387,154 682 004,A01,2,1,0,2,7,19,5,NULL,202000034387,154 682 004,A01,1,1,3,1,1965,0,8,4,-1,-1,0,-1,202000034387,1,1,0,NULL,3,2,0,2,1,400,1,NULL,10,1,0,1,90
202000037054,28,5,2020,14:05:00,1,75,75112,2,1,1,2,"BOULEVARD DIDEROT","48,8466300","2,3805480",202000037054,154 677 247,A01,2,1,0,2,1,1,5,NULL,202000037054,154 677 247,A01,1,1,4,1,1989,5,8,0,-1,0,0,-1,202000037054,4,NULL,0,NULL,2,3,3,1,0,0,1,NULL," -1",1,0,1,50
202000037054,28,5,2020,14:05:00,1,75,75112,2,1,1,2,"BOULEVARD DIDEROT","48,8466300","2,3805480",202000037054,154 677 247,A01,2,1,0,2,1,1,5,NULL,202000037054,154 677 248,B01,1,1,1,1,1963,9,1,0,-1,0,0,-1,202000037054,4,NULL,0,NULL,2,3,3,1,0,0,1,NULL," -1",1,0,1,50
202000039248,7,12,2020,10:40:00,1,06,06069,2,1,1,3,MADELEINE,"43,6552900","6,9382700",202000039248,154 673 355,B01,2,1,0,2,2,17,5,NULL,202000039248,154 673 355,B01,1,1,4,1,1973,1,2,0,-1,-1," -1",-1,202000039248,4,MADELEINE,0,NULL,2,1,0,4,0,0,1,NULL," -1",1,0,1,50