Num_Acc,jour,mois,an,hrmn,lum,dep,com,agg,int,atm,col,adr,lat,long,Num_Acc,id_vehicule,num_veh,senc,catv,obs,obsm,choc,manv,motor,occutc,Num_Acc,id_vehicule,num_veh,place,catu,grav,sexe,an_nais,trajet,secu1,secu2,secu3,locp,actp,etatp,Num_Acc,catr,voie,v1,v2,circ,nbv,vosp,prof,pr,pr1,plan,lartpc,larrout,surf,infra,situ,vma
202000039248,7,12,2020,10:40:00,1,06,06069,2,1,1,3,MADELEINE,"43,6552900","6,9382700",202000039248,154 673 355,B01,2,1,0,2,2,17,5,NULL,202000039248,154 673 356,A01,1,1,1,1,1976,0,1,0,-1,-1," -1",-1,202000039248,4,MADELEINE,0,NULL,2,1,0,4,0,0,1,NULL," -1",1,0,1,50
202000043321,27,5,2020,11:15:00,1,74,74165,1,4,7,3,"route de saint felix","45,8278870","5,9747010",202000043321,154 666 113,B01,1,1,0,0,1,1,5,NULL,202000043321,154 666 112,A01,1,1,1,1,1944,0,0,-1,-1,0,0,-1,202000043321,3,53,-1,D,-1,2,0,1,5,700,3,NULL," -1",1,0,1,70
202000043321,27,5,2020,11:15:00,1,74,74165,1,4,7,3,"route de saint felix","45,8278870","5,9747010",202000043321,154 666 113,B01,1,1,0,0,1,1,5,NULL,202000043321,154 666 113,B01,1,1,3,1,1973,5,2,6,-1,0,0,-1,202000043321,3,53,-1,D,-1,2,0,1,5,700,3,NULL," -1",1,0,1,70
202000043466,26,5,2020,19:55:00,2,50,50272,1,2,1,3,"8 Rue Jouvin","48,9414170"," -1,5376140",202000043466,154 665 851,A01,3,1,0,2,3,1,5,NULL,202000043466,154 665 851,A01,1,1,3,1,1965,5,0,-1,-1,0,0,-1,202000043466,4,NULL,-1,NULL,2,2,0,1,(1),(1),1,NULL," -1",1,0,1,80
202000043466,26,5,2020,19:55:00,2,50,50272,1,2,1,3,"8 Rue Jouvin","48,9414170"," -1,5376140",202000043466,154 665 851,A01,3,1,0,2,3,1,5,NULL,202000043466,154 665 853,B01,1,1,1,1,1955,5,1,-1,-1,0,0,-1,202000043466,4,NULL,-1,NULL,2,2,0,1,(1),(1),1,NULL," -1",1,0,1,80
202000043466,26,5,2020,19:55:00,2,50,50272,1,2,1,3,"8 Rue Jouvin","48,9414170"," -1,5376140",202000043466,154 665 851,A01,3,1,0,2,3,1,5,NULL,202000043466,154 665 853,B01,2,2,1,2,1956,5,1,-1,-1,0,0,-1,202000043466,4,NULL,-1,NULL,2,2,0,1,(1),(1),1,NULL," -1",1,0,1,80
202000044713,5,2,2020,11:40:00,1,33,33550,2,3,1,2,"91 AVE GEORGES CLEMENCEAU","44,7789400"," -0,5557700",202000044713,154 663 607,B01,1,1,0,2,1,1,5,NULL,202000044713,154 663 607,B01,1,1,4,1,1943,0,8,-1,-1,-1," -1",-1,202000044713,4,"AVE GEORGES CLEMENCEAU",0,NULL,2,2,0,1,(1),(1),1,NULL," -1",1,0,1,50
202000044713,5,2,2020,11:40:00,1,33,33550,2,3,1,2,"91 AVE GEORGES CLEMENCEAU","44,7789400"," -0,5557700",202000044713,154 663 607,B01,1,1,0,2,1,1,5,NULL,202000044713,154 663 608,A01,1,1,1,1,1934,0,8,-1,-1,-1," -1",-1,202000044713,4,"AVE GEORGES CLEMENCEAU",0,NULL,2,2,0,1,(1),(1),1,NULL," -1",1,0,1,50
202000044905,26,8,2020,17:20:00,1,75,75114,2,1,1,4,"RUE D ALESIA","48,8271190","2,3372290",202000044905,154 663 299,B01,2,1,0,2,1,1,5,NULL,202000044905,154 663 295,A01,1,1,1,1,1986,4,1,0,-1,0,0,-1,202000044905,4,NULL,0,NULL,2,3,1,2,0,0,1,NULL," -1",1,-1,5,50
202000044905,26,8,2020,17:20:00,1,75,75114,2,1,1,4,"RUE D ALESIA","48,8271190","2,3372290",202000044905,154 663 297,C01,2,1,0,2,1,1,5,NULL,202000044905,154 663 295,A01,1,1,1,1,1986,4,1,0,-1,0,0,-1,202000044905,4,NULL,0,NULL,2,3,1,2,0,0,1,NULL," -1",1,-1,5,50
202000044905,26,8,2020,17:20:00,1,75,75114,2,1,1,4,"RUE D ALESIA","48,8271190","2,3372290",202000044905,154 663 299,B01,2,1,0,2,1,1,5,NULL,202000044905,154 663 297,C01,1,1,4,2,1995,9,2,0,-1,0,0,-1,202000044905,4,NULL,0,NULL,2,3,1,2,0,0,1,NULL," -1",1,-1,5,50
202000044905,26,8,2020,17:20:00,1,75,75114,2,1,1,4,"RUE D ALESIA","48,8271190","2,3372290",202000044905,154 663 297,C01,2,1,0,2,1,1,5,NULL,202000044905,154 663 297,C01,1,1,4,2,1995,9,2,0,-1,0,0,-1,202000044905,4,NULL,0,NULL,2,3,1,2,0,0,1,NULL," -1",1,-1,5,50
202000044905,26,8,2020,17:20:00,1,75,75114,2,1,1,4,"RUE D ALESIA","48,8271190","2,3372290",202000044905,154 663 299,B01,2,1,0,2,1,1,5,NULL,202000044905,154 663 299,B01,1,1,4,2,1995,9,2,0,-1,0,0,-1,202000044905,4,NULL,0,NULL,2,3,1,2,0,0,1,NULL," -1",1,-1,5,50
202000044905,26,8,2020,17:20:00,1,75,75114,2,1,1,4,"RUE D ALESIA","48,8271190","2,3372290",202000044905,154 663 297,C01,2,1,0,2,1,1,5,NULL,202000044905,154 663 299,B01,1,1,4,2,1995,9,2,0,-1,0,0,-1,202000044905,4,NULL,0,NULL,2,3,1,2,0,0,1,NULL," -1",1,-1,5,50
202000045569,20,10,2020,20:30:00,5,92,92025,2,1,1,2,"AGENT SARRE (AV DE L')","48,9246610","2,2657260",202000045569,154 662 188,B01,1,1,0,2,4,2,5,NULL,202000045569,154 662 186,A01,1,1,4,1,1992,5,2,6,-1,-1," -1",-1,202000045569,3,986,0,NULL,2,2,0,1,0,0,1,NULL," -1",2,0,1,50
202000045569,20,10,2020,20:30:00,5,92,92025,2,1,1,2,"AGENT SARRE (AV DE L')","48,9246610","2,2657260",202000045569,154 662 188,B01,1,1,0,2,4,2,5,NULL,202000045569,154 662 188,B01,1,1,4,2,1991,5,8,0,-1,-1," -1",-1,202000045569,3,986,0,NULL,2,2,0,1,0,0,1,NULL," -1",2,0,1,50
202000045802,2,12,2020,15:25:00,1,59,59378,2,2,2,3,"DUCROQUET RUE DU DOC. N°24-170","50,6784130","3,0907030",202000045802,154 661 799,B01,1,1,0,2,1,0,5,NULL,202000045802,154 661 799,B01,1,1,4,1,1954,5,8,8,-1,-1," -1",-1,202000045802,4,"DUCROQUET RUE DU DOC. N°24-170",0,NULL,2,2,0,1,0,0,1,NULL," -1",2,0,1,50
202000045802,2,12,2020,15:25:00,1,59,59378,2,2,2,3,"DUCROQUET RUE DU DOC. N°24-170","50,6784130","3,0907030",202000045802,154 661 799,B01,1,1,0,2,1,0,5,NULL,202000045802,154 661 800,A01,1,1,1,1,1987,4,1,8,-1,-1," -1",-1,202000045802,4,"DUCROQUET RUE DU DOC. N°24-170",0,NULL,2,2,0,1,0,0,1,NULL," -1",2,0,1,50
202000047547,23,9,2020,17:35:00,1,971,97117,2,3,1,3,"Rue Joffre","16,3311360"," -61,3439120",202000047547,154 658 704,B01,3,1,0,2,1,5,5,NULL,202000047547,154 658 704,B01,1,1,3,1,1961,5,0,-1,-1,0,0,-1,202000047547,4,NULL,-1,NULL,1,1,0,1,(1),(1),1,NULL," -1",1,0,5,50
202000047547,23,9,2020,17:35:00,1,971,97117,2,3,1,3,"Rue Joffre","16,3311360"," -61,3439120",202000047547,154 658 704,B01,3,1,0,2,1,5,5,NULL,202000047547,154 658 705,A01,1,1,1,1,1960,3,1,-1,-1,0,0,-1,202000047547,4,NULL,-1,NULL,1,1,0,1,(1),(1),1,NULL," -1",1,0,5,50
202000007015,25,2,2020,19:15:00,5,69,69388,2,2,1,3,"JEAN XXIII                          (BD)","45,7422000","4,8776000",202000007015,154 729 928,A01,1,1,0,2,7,19,6,NULL,202000007015,154 729 928,A01,1,1,4,1,2001,5,2,0,-1,-1," -1",-1,202000007015,4,"JEAN XXIII                          (BD)",0,NULL,2,3,3,1,0,0,1,NULL," -1",2,5,1,50
202000007015,25,2,2020,19:15:00,5,69,69388,2,2,1,3,"JEAN XXIII                          (BD)","45,7422000","4,8776000",202000007015,154 729 928,A01,1,1,0,2,7,19,6,NULL,202000007015,154 729 929,B01,1,1,1,1,1960,1,1,0,-1,-1," -1",-1,202000007015,4,"JEAN XXIII                          (BD)",0,NULL,2,3,3,1,0,0,1,NULL," -1",2,5,1,50
202000007221,16,9,2020,14:55:00,1,75,75111,2,3,1,3,"BOULEVARD VOLTAIRE","48,8567020","2,3819590",202000007221,154 729 560,B01,1,1,0,2,1,1,5,NULL,202000007221,154 729 559,A01,1,1,1,1,1957,4,1,0,-1,0,0,-1,202000007221,4,NULL,0,NULL,2,4,1,1,0,0,1,NULL," -1",1,-1,5,30
202000007221,16,9,2020,14:55:00,1,75,75111,2,3,1,3,"BOULEVARD VOLTAIRE","48,8567020","2,3819590",202000007221,154 729 560,B01,1,1,0,2,1,1,5,NULL,202000007221,154 729 560,B01,1,1,4,1,1976,9,2,0,-1,0,0,-1,202000007221,4,NULL,0,NULL,2,4,1,1,0,0,1,NULL," -1",1,-1,5,30
202000008171,19,8,2020,13:20:00,1,75,75103,2,1,1,7,"BOULEVARD DE SEBASTOPOL","48,8623640","2,3503820",202000008171,154 727 873,A01,1,1,0,0,0,1,5,NULL,202000008171,154 727 873,A01,1,1,4,1,1984,5,8,0,-1,0,0,-1,202000008171,4,NULL,0,NULL,1,4,1,1,0,0,1,NULL," -1",1,-1,5,30
202000010173,17,8,2020,16:25:00,1,971,97101,1,1,1,1,"ACHILLE RENE BOISNEUF (RUE)","16,2658600"," -61,5099500",202000010173,154 724 342,A01,1,1,0,2,1,15,5,NULL,202000010173,154 724 341,B01,1,1,1,1,2000,1,2,8,-1,-1," -1",-1,202000010173,3,126,0,NULL,-1,2,0,1,0,0,1,NULL," -1",1,0,1,50
202000010173,17,8,2020,16:25:00,1,971,97101,1,1,1,1,"ACHILLE RENE BOISNEUF (RUE)","16,2658600"," -61,5099500",202000010173,154 724 342,A01,1,1,0,2,1,15,5,NULL,202000010173,154 724 342,A01,1,1,4,1,1999,5,8,0,-1,-1," -1",-1,202000010173,3,126,0,NULL,-1,2,0,1,0,0,1,NULL," -1",1,0,1,50
202000010779,12,5,2020,20:30:00,5,973,97302,1,1,2,3,"ZEPHIR (ROCADE)","4,9261800"," -52,3212719",202000010779,154 723 309,A01,1,1,0,2,1,14,5,NULL,202000010779,154 723 309,A01,1,1,3,1,1993,5,8,0,-1,-1," -1",-1,202000010779,3,0018,0,NULL,2,1,1,1,1,0,1,NULL," -1",2,0,1,50
202000010779,12,5,2020,20:30:00,5,973,97302,1,1,2,3,"ZEPHIR (ROCADE)","4,9261800"," -52,3212719",202000010779,154 723 309,A01,1,1,0,2,1,14,5,NULL,202000010779,154 723 310,B01,1,1,1,2,1980,5,1,0,-1,-1," -1",-1,202000010779,3,0018,0,NULL,2,1,1,1,1,0,1,NULL," -1",2,0,1,50
202000011707,13,6,2020,12:00:00,1,75,75107,2,1,1,6,"PORT DE SOLFERINO","48,8629140","2,3188070",202000011707,154 721 651,A01,3,1,0,1,1,1,5,NULL,202000011707,154 721 651,A01,1,1,1,1,2009,5,2,0,-1,0,0,-1,202000011707,4,NULL,0,NULL,2,2,0,1,0,0,1,NULL," -1",1,6,1,30
202000011707,13,6,2020,12:00:00,1,75,75107,2,1,1,6,"PORT DE SOLFERINO","48,8629140","2,3188070",202000011707,154 721 651,A01,3,1,0,1,1,1,5,NULL,202000011707,154 721 651,A01,10,3,4,2,1989,5,0,-1,-1,1,5,1,202000011707,4,NULL,0,NULL,2,2,0,1,0,0,1,NULL," -1",1,6,1,30
202000012538,12,5,2020,05:15:00,5,37,37261,2,1,1,7,"TRANCHEE (AVENUE DE LA)","47,4077446","0,6816152",202000012538,154 720 222,A01,2,1,0,0,1,1,5,NULL,202000012538,154 720 222,A01,1,1,3,1,1996,0,8,0,-1,-1," -1",-1,202000012538,3,910,0,NULL,2,2,1,2,(1),(1),1,NULL," -1",1,0,1,50
202000013108,13,7,2020,12:15:00,1,80,80021,2,1,1,3,"PAUL CLAUDEL (AVENUE)","49,8755200","2,2785400",202000013108,154 719 245,B01,0,1,0,2,1,1,5,NULL,202000013108,154 719 244,A01,1,1,1,2,1977,5,1,0,-1,-1," -1",-1,202000013108,4,"PAUL CLAUDEL (AVENUE)",0,NULL,2,2,0,1,0,0,1,NULL," -1",1,0,1,50
202000013108,13,7,2020,12:15:00,1,80,80021,2,1,1,3,"PAUL CLAUDEL (AVENUE)","49,8755200","2,2785400",202000013108,154 719 245,B01,0,1,0,2,1,1,5,NULL,202000013108,154 719 245,B01,1,1,4,1,1949,5,8,0,-1,-1," -1",-1,202000013108,4,"PAUL CLAUDEL (AVENUE)",0,NULL,2,2,0,1,0,0,1,NULL," -1",1,0,1,50
202000017120,21,2,2020,21:50:00,5,75,75109,2,1,1,3,"RUE CADET","48,8761240","2,3439670",202000017120,154 712 136,B01,1,1,0,2,3,18,5,NULL,202000017120,154 712 136,B01,1,1,4,1,1991,9,8,0,-1,0,0,-1,202000017120,4,NULL,0,NULL,1,1,0,1,17,0,1,NULL," -1",1,0,1,50
202000017120,21,2,2020,21:50:00,5,75,75109,2,1,1,3,"RUE CADET","48,8761240","2,3439670",202000017120,154 712 136,B01,1,1,0,2,3,18,5,NULL,202000017120,154 712 137,A01,3,2,1,1,1993,5,1,8,-1,0,0,-1,202000017120,4,NULL,0,NULL,1,1,0,1,17,0,1,NULL," -1",1,0,1,50
202000017120,21,2,2020,21:50:00,5,75,75109,2,1,1,3,"RUE CADET","48,8761240","2,3439670",202000017120,154 712 136,B01,1,1,0,2,3,18,5,NULL,202000017120,154 712 137,A01,1,1,1,1,1982,4,1,4,-1,0,0,-1,202000017120,4,NULL,0,NULL,1,1,0,1,17,0,1,NULL," -1",1,0,1,50
202000017415,12,6,2020,07:30:00,1,75,75117,2,7,2,7,"PLACE GENERAL CATROUX","48,8829160","2,3090400",202000017415,154 711 601,A01,1,1,0,0,0,1,5,NULL,202000017415,154 711 601,A01,1,1,4,1,1968,1,8,4,-1,0,0,-1,202000017415,4,NULL,0,NULL,2,4,0,1,0,0,1,NULL," -1",2,0,1,50
202000017746,28,7,2020,14:48:00,1,24,24037,2,9,1,3,"DE GAULLE (AVENUE DU GENERAL)","44,8343700","0,4490300",202000017746,154 710 998,B01,1,1,0,2,8,0,5,NULL,202000017746,154 710 998,B01,1,1,3,2,1948,0,8,0,-1,-1," -1",-1,202000017746,3,"DE GAULLE (AVENUE DU GENERAL)",0,NULL,1,2,0,1,0,1,3,NULL," -1",1,0,1,50
202000017746,28,7,2020,14:48:00,1,24,24037,2,9,1,3,"DE GAULLE (AVENUE DU GENERAL)","44,8343700","0,4490300",202000017746,154 710 998,B01,1,1,0,2,8,0,5,NULL,202000017746,154 710 999,A01,1,1,1,1,1950,5,1,0,-1,-1," -1",-1,202000017746,3,"DE GAULLE (AVENUE DU GENERAL)",0,NULL,1,2,0,1,0,1,3,NULL," -1",1,0,1,50
202000018292,2,5,2020,19:30:00,1,974,97407,2,6,1,3,"Rond point de l'étoile"," -20,9365360","55,2986530",202000018292,154 710 065,A01,1,1,0,2,1,26,5,NULL,202000018292,154 710 064,B01,1,1,1,2,1997,5,1,0,-1,-1," -1",-1,202000018292,4,4,0,NULL,1,1,0,1,0,0,1,NULL," -1",1,0,1,50
202000018292,2,5,2020,19:30:00,1,974,97407,2,6,1,3,"Rond point de l'étoile"," -20,9365360","55,2986530",202000018292,154 710 065,A01,1,1,0,2,1,26,5,NULL,202000018292,154 710 065,A01,1,1,3,1,1990,5,8,0,-1,-1," -1",-1,202000018292,4,4,0,NULL,1,1,0,1,0,0,1,NULL," -1",1,0,1,50
202000018745,12,7,2020,01:55:00,5,75,75113,2,1,1,3,"AVENUE DES GOBELINS","48,8352440","2,3529370",202000018745,154 709 277,B01,2,1,0,2,8,9,5,NULL,202000018745,154 709 276,A01,1,1,1,1,1977,1,2,6,-1,0,0,-1,202000018745,4,NULL,0,NULL,2,4,0,2,0,0,1,NULL," -1",1,0,1,50
202000018745,12,7,2020,01:55:00,5,75,75113,2,1,1,3,"AVENUE DES GOBELINS","48,8352440","2,3529370",202000018745,154 709 277,B01,2,1,0,2,8,9,5,NULL,202000018745,154 709 277,B01,1,1,4,1,2002,5,2,0,-1,0,0,-1,202000018745,4,NULL,0,NULL,2,4,0,2,0,0,1,NULL," -1",1,0,1,50
202000019138,10,9,2020,09:00:00,1,94,94075,2,1,1,2,"MANDRES (R DE)","48,7133690","2,5379300",202000019138,154 708 574,A01,1,1,0,2,1,18,5,NULL,202000019138,154 708 574,A01,1,1,4,1,1986,0,2,0,-1,-1," -1",-1,202000019138,3,253,0,NULL,2,2,0,2,(1),(1),1,NULL," -1",1,0,1,50
202000019138,10,9,2020,09:00:00,1,94,94075,2,1,1,2,"MANDRES (R DE)","48,7133690","2,5379300",202000019138,154 708 574,A01,1,1,0,2,1,18,5,NULL,202000019138,154 708 575,B01,1,1,1,1,1968,0,1,0,-1,-1," -1",-1,202000019138,3,253,0,NULL,2,2,0,2,(1),(1),1,NULL," -1",1,0,1,50
202000019251,11,6,2020,11:10:00,1,74,74010,2,2,1,3,SOMMEILLER,"45,9027000","6,1281000",202000019251,154 708 361,B01,2,1,0,2,0,15,5,NULL,202000019251,154 708 361,B01,1,1,4,2,1953,0,8,0,-1,-1," -1",-1,202000019251,4,SOMMEILLER,0,NULL,2,3,3,1,0,0,1,NULL," -1",1,0,6,30
202000019251,11,6,2020,11:10:00,1,74,74010,2,2,1,3,SOMMEILLER,"45,9027000","6,1281000",202000019251,154 708 361,B01,2,1,0,2,0,15,5,NULL,202000019251,154 708 362,A01,1,1,1,1,1972,4,1,0,-1,-1," -1",-1,202000019251,4,SOMMEILLER,0,NULL,2,3,3,1,0,0,1,NULL," -1",1,0,6,30
202000019976,19,12,2020,18:35:00,3,92,92026,2,1,2,3,"Place de la Défense","48,8910350","2,2419040",202000019976,154 707 060,B01,0,1,0,1,1,26,5,NULL,202000019976,154 707 059,P01,2,2,4,1,2017,5,0,-1,-1,0,0,-1,202000019976,5,"DEFENSE (PLACE DE LA)",0,NULL,-1,0,0,2,(1),(1),1,NULL," -1",2,6,8,5
202000019976,19,12,2020,18:35:00,3,92,92026,2,1,2,3,"Place de la Défense","48,8910350","2,2419040",202000019976,154 707 060,B01,0,1,0,1,1,26,5,NULL,202000019976,154 707 059,P01,1,1,1,2,1990,9,0,-1,-1,0,0,-1,202000019976,5,"DEFENSE (PLACE DE LA)",0,NULL,-1,0,0,2,(1),(1),1,NULL," -1",2,6,8,5
202000020230,21,4,2020,19:30:00,1,92,92063,2,1,1,1,"CHATEAU (RUE DU)","48,8744300","2,1810300",202000020230,154 706 609,A01,2,1,0,2,1,13,5,NULL,202000020230,154 706 608,B01,1,1,1,1,1987,5,2,8,-1,-1," -1",-1,202000020230,4,"CHATEAU (RUE DU)",0,NULL,1,1,2,2,0,0,1,NULL," -1",1,0,1,50
202000020230,21,4,2020,19:30:00,1,92,92063,2,1,1,1,"CHATEAU (RUE DU)","48,8744300","2,1810300",202000020230,154 706 609,A01,2,1,0,2,1,13,5,NULL,202000020230,154 706 609,A01,1,1,4,1,1977,5,8,8,-1,-1," -1",-1,202000020230,4,"CHATEAU (RUE DU)",0,NULL,1,1,2,2,0,0,1,NULL," -1",1,0,1,50
202000022529,9,7,2020,21:40:00,5,75,75115,2,1,1,3,"QUAI ANDRE CITROEN","48,8438580","2,2751360",202000022529,154 702 596,B01,1,1,0,2,8,1,5,NULL,202000022529,154 702 595,A01,1,1,1,1,1984,4,1,0,-1,0,0,-1,202000022529,4,NULL,0,NULL,2,4,0,1,0,0,1,NULL," -1",1,0,1,50
202000022529,9,7,2020,21:40:00,5,75,75115,2,1,1,3,"QUAI ANDRE CITROEN","48,8438580","2,2751360",202000022529,154 702 596,B01,1,1,0,2,8,1,5,NULL,202000022529,154 702 596,B01,1,1,4,2,1973,5,2,0,-1,0,0,-1,202000022529,4,NULL,0,NULL,2,4,0,1,0,0,1,NULL," -1",1,0,1,50
202000023402,8,6,2020,10:30:00,1,07,07304,1,1,1,7,"Départementale 579","44,3924880","4,3780520",202000023402,154 701 067,A01,0,1,0,0,0,1,5,NULL,202000023402,154 701 067,A01,1,1,3,1,1953,5,2,-1,-1,0,0,-1,202000023402,3,579,-1,NULL,2,2,0,2,32,500,3,NULL," -1",1,0,1,80
202000024017,17,12,2020,12:30:00,1,93,93005,2,6,2,3,"LEFEVRE (BOULEVARD)","48,9388540","2,4890616",202000024017,154 699 962,A01,2,1,0,2,0,0,0,NULL,202000024017,154 699 961,B01,1,1,1,2,1958,0,1,0,-1,-1," -1",-1,202000024017,4,NULL,0,NULL,2,2,0,1,0,0,2,NULL," -1",2,0,1,50
202000024017,17,12,2020,12:30:00,1,93,93005,2,6,2,3,"LEFEVRE (BOULEVARD)","48,9388540","2,4890616",202000024017,154 699 962,A01,2,1,0,2,0,0,0,NULL,202000024017,154 699 962,A01,1,1,4,2,2002,0,8,0,-1,-1," -1",-1,202000024017,4,NULL,0,NULL,2,2,0,1,0,0,2,NULL," -1",2,0,1,50
202000024041,17,12,2020,07:20:00,3,71,71310,1,6,1,1,"Rond Point du Pont Jeanne Rose","46,7486337","4,4932413",202000024041,154 699 916,B01,3,1,0,2,2,1,5,NULL,202000024041,154 699 916,B01,1,1,4,1,1969,1,2,4,9,0,0,-1,202000024041,2,80,-1,NULL,3,4,0,1,39,300,2,NULL," -1",1,9,1,80
202000024041,17,12,2020,07:20:00,3,71,71310,1,6,1,1,"Rond Point du Pont Jeanne Rose","46,7486337","4,4932413",202000024041,154 699 916,B01,3,1,0,2,2,1,5,NULL,202000024041,154 699 917,A01,1,1,1,1,1981,1,1,-1,-1,0,0,-1,202000024041,2,80,-1,NULL,3,4,0,1,39,300,2,NULL," -1",1,9,1,80
202000024463,9,7,2020,13:57:00,1,75,75112,2,2,1,3,"BOULEVARD DIDEROT","48,8464450","2,3789470",202000024463,154 699 210,B01,1,1,0,2,4,1,5,NULL,202000024463,154 699 210,B01,1,1,4,2,1975,5,2,0,-1,0,0,-1,202000024463,4,NULL,0,NULL,2,4,0,1,0,0,1,NULL," -1",1,0,1,50
202000024463,9,7,2020,13:57:00,1,75,75112,2,2,1,3,"BOULEVARD DIDEROT","48,8464450","2,3789470",202000024463,154 699 210,B01,1,1,0,2,4,1,5,NULL,202000024463,154 699 211,A01,1,1,1,1,1991,4,2,6,-1,0,0,-1,202000024463,4,NULL,0,NULL,2,4,0,1,0,0,1,NULL," -1",1,0,1,50
202000024508,9,7,2020,18:30:00,1,56,56185,2,6,1,3,"Rue de Gestel","47,7895670"," -3,4213130",202000024508,154 699 136,B01,3,1,0,2,1,1,5,NULL,202000024508,154 699 135,A01,1,1,1,2,1979,1,1,-1,-1,0,0,-1,202000024508,3,163,0,NULL,1,1,0,1,10,800,2,NULL," -1",1,5,1,50
202000024508,9,7,2020,18:30:00,1,56,56185,2,6,1,3,"Rue de Gestel","47,7895670"," -3,4213130",202000024508,154 699 136,B01,3,1,0,2,1,1,5,NULL,202000024508,154 699 136,B01,1,1,4,2,1973,3,2,-1,-1,0,0,-1,202000024508,3,163,0,NULL,1,1,0,1,10,800,2,NULL," -1",1,5,1,50
202000026340,10,1,2020,12:10:00,1,76,76351,2,2,1,3,"LOUIS BRINDEAU","49,4912200","0,1033600",202000026340,154 695 916,B01,2,1,0,2,2,1,5,NULL,202000026340,154 695 915,A01,1,1,1,1,1936,5,1,0,-1,0,0,-1,202000026340,4,"LOUIS BRINDEAU",0,NULL,1,2,0,1,0,0,1,NULL," -1",1,0,1,30
202000026340,10,1,2020,12:10:00,1,76,76351,2,2,1,3,"LOUIS BRINDEAU","49,4912200","0,1033600",202000026340,154 695 916,B01,2,1,0,2,2,1,5,NULL,202000026340,154 695 915,A01,2,2,1,2,1940,5,1,0,-1,0,0,-1,202000026340,4,"LOUIS BRINDEAU",0,NULL,1,2,0,1,0,0,1,NULL," -1",1,0,1,30
202000026340,10,1,2020,12:10:00,1,76,76351,2,2,1,3,"LOUIS BRINDEAU","49,4912200","0,1033600",202000026340,154 695 916,B01,2,1,0,2,2,1,5,NULL,202000026340,154 695 916,B01,1,1,4,1,2006,2,8,0,-1,0,0,-1,202000026340,4,"LOUIS BRINDEAU",0,NULL,1,2,0,1,0,0,1,NULL," -1",1,0,1,30
202000026783,8,9,2020,10:12:00,1,09,09282,2,1,1,3,D927,"43,2404550","1,5721070",202000026783,154 695 125,B01,1,1,0,2,8,1,-1,NULL,202000026783,154 695 124,A01,1,1,1,1,1970,4,1,8,8,0,0,-1,202000026783,3,927,0,NULL,2,2,0,1,(1),(1),1,NULL," -1",1,0,1,50
202000026783,8,9,2020,10:12:00,1,09,09282,2,1,1,3,D927,"43,2404550","1,5721070",202000026783,154 695 125,B01,1,1,0,2,8,1,-1,NULL,202000026783,154 695 125,B01,1,1,3,1,1947,5,2,-1,-1,0,0,-1,202000026783,3,927,0,NULL,2,2,0,1,(1),(1),1,NULL," -1",1,0,1,50
202000028015,15,12,2020,16:35:00,2,94,94080,2,1,1,6,"MIDI (R DU)","48,8472482","2,4350121",202000028015,154 693 009,A01,2,1,0,1,1,1,5,NULL,202000028015,154 693 009,A01,10,3,4,2,1957,5,0,-1,-1,1,3,1,202000028015,4,"MIDI (R DU)",0,NULL,1,1,0,1,0,1,1,NULL," -1",1,0,1,30
202000028015,15,12,2020,16:35:00,2,94,94080,2,1,1,6,"MIDI (R DU)","48,8472482","2,4350121",202000028015,154 693 009,A01,2,1,0,1,1,1,5,NULL,202000028015,154 693 009,A01,1,1,1,1,1994,1,8,0,-1,-1," -1",-1,202000028015,4,"MIDI (R DU)",0,NULL,1,1,0,1,0,1,1,NULL," -1",1,0,1,30
202000031174,2,8,2020,18:08:00,1,75,75116,2,1,1,1,"VOIE GEORGES POMPIDOU","48,8403010","2,2680420",202000031174,154 687 546,B01,2,1,0,2,1,1,5,NULL,202000031174,154 687 546,B01,1,1,4,1,1947,5,2,0,-1,0,0,-1,202000031174,4,NULL,0,NULL,2,2,1,1,0,0,1,NULL," -1",1,-1,5,30
202000031174,2,8,2020,18:08:00,1,75,75116,2,1,1,1,"VOIE GEORGES POMPIDOU","48,8403010","2,2680420",202000031174,154 687 546,B01,2,1,0,2,1,1,5,NULL,202000031174,154 687 547,A01,1,1,3,1,1971,5,2,0,-1,0,0,-1,202000031174,4,NULL,0,NULL,2,2,1,1,0,0,1,NULL," -1",1,-1,5,30
202000032616,18,3,2020,17:40:00,1,80,80021,2,1,1,3,"SAINT FUSCIEN (RUE)","49,8846300","2,3039600",202000032616,154 685 099,A01,0,1,0,2,8,25,5,NULL,202000032616,154 685 099,A01,1,1,4,2,2000,0,8,0,-1,-1," -1",-1,202000032616,4,"SAINT FUSCIEN (RUE)",0,NULL,2,2,0,1,0,0,1,NULL," -1",1,0,1,30
202000032616,18,3,2020,17:40:00,1,80,80021,2,1,1,3,"SAINT FUSCIEN (RUE)","49,8846300","2,3039600",202000032616,154 685 099,A01,0,1,0,2,8,25,5,NULL,202000032616,154 685 100,B01,1,1,1,1,1955,0,1,0,-1,0,0,-1,202000032616,4,"SAINT FUSCIEN (RUE)",0,NULL,2,2,0,1,0,0,1,NULL," -1",1,0,1,30
202000033355,29,9,2020,17:30:00,1,94,94069,2,9,2,3,"EUGENE DELACROIX (R)","48,8233240","2,4212080",202000033355,154 683 810,B01,1,1,0,2,3,9,5,NULL,202000033355,154 683 810,B01,1,1,4,1,1994,0,8,0,-1,-1," -1",-1,202000033355,4,"EUGENE DELACROIX (R)",0,NULL,1,0,0,1,0,574,1,NULL," -1",2,0,1,30