Num_Acc,jour,mois,an,hrmn,lum,dep,com,agg,int,atm,col,adr,lat,long,Num_Acc,id_vehicule,num_veh,senc,catv,obs,obsm,choc,manv,motor,occutc,Num_Acc,id_vehicule,num_veh,place,catu,grav,sexe,an_nais,trajet,secu1,secu2,secu3,locp,actp,etatp,Num_Acc,catr,voie,v1,v2,circ,nbv,vosp,prof,pr,pr1,plan,lartpc,larrout,surf,infra,situ,vma
202000033355,29,9,2020,17:30:00,1,94,94069,2,9,2,3,"EUGENE DELACROIX (R)","48,8233240","2,4212080",202000033355,154 683 810,B01,1,1,0,2,3,9,5,NULL,202000033355,154 683 812,A01,1,1,1,2,1959,0,1,0,-1,-1," -1",-1,202000033355,4,"EUGENE DELACROIX (R)",0,NULL,1,0,0,1,0,574,1,NULL," -1",2,0,1,30
202000034151,3,7,2020,10:00:00,1,34,34172,2,9,1,1,"ADAM (PLACE EDOUARD)","43,6067500","3,8759500",202000034151,154 682 406,A01,3,1,0,2,1,15,5,NULL,202000034151,154 682 406,A01,1,1,3,1,2004,0,8,0,-1,-1," -1",-1,202000034151,4,NULL,0,NULL,2,2,3,1,0,0,1,NULL," -1",1,0,6,50
202000034151,3,7,2020,10:00:00,1,34,34172,2,9,1,1,"ADAM (PLACE EDOUARD)","43,6067500","3,8759500",202000034151,154 682 406,A01,3,1,0,2,1,15,5,NULL,202000034151,154 682 407,B01,1,1,1,1,1967,4,1,8,-1,-1," -1",-1,202000034151,4,NULL,0,NULL,2,2,3,1,0,0,1,NULL," -1",1,0,6,50
202000034904,31,7,2020,13:40:00,1,94,94017,2,1,1,6,"LUCIE (QU)","48,8299220","2,5023820",202000034904,154 681 075,A01,3,1,14,0,1,1,5,NULL,202000034904,154 681 075,A01,1,1,4,1,1951,5,8,0,-1,-1," -1",-1,202000034904,4,"LUCIE (QU)",0,NULL,2,2,2,1,0,0,1,NULL," -1",1,9,1,30
202000037450,4,12,2020,20:00:00,5,68,68224,2,3,2,1,"BAN (RUE DU)","47,7768392","7,3194217",202000037450,154 676 600,B01,2,1,0,2,1,1,5,NULL,202000037450,154 676 600,B01,1,1,4,2,2001,4,8,8,-1,-1," -1",-1,202000037450,3,D429,0,NULL,2,4,2,1,0,0,1,NULL," -1",2,0,8,50
202000037450,4,12,2020,20:00:00,5,68,68224,2,3,2,1,"BAN (RUE DU)","47,7768392","7,3194217",202000037450,154 676 600,B01,2,1,0,2,1,1,5,NULL,202000037450,154 676 603,A01,1,1,1,1,2002,4,1,0,-1,-1," -1",-1,202000037450,3,D429,0,NULL,2,4,2,1,0,0,1,NULL," -1",2,0,8,50
202000037531,27,10,2020,13:00:00,1,33,33119,2,3,2,2,"BD ENTRE DEUX MERS","44,8465800"," -0,5366900",202000037531,154 676 400,B01,0,1,0,2,9,1,5,NULL,202000037531,154 676 400,B01,1,1,4,1,1991,0,8,-1,-1,-1," -1",-1,202000037531,4,"BD ENTRE DEUX MERS",0,NULL,3,7,0,1,(1),(1),1,NULL," -1",2,0,1,50
202000037531,27,10,2020,13:00:00,1,33,33119,2,3,2,2,"BD ENTRE DEUX MERS","44,8465800"," -0,5366900",202000037531,154 676 400,B01,0,1,0,2,9,1,5,NULL,202000037531,154 676 405,A01,1,1,4,2,2002,0,1,-1,-1,-1," -1",-1,202000037531,4,"BD ENTRE DEUX MERS",0,NULL,3,7,0,1,(1),(1),1,NULL," -1",2,0,1,50
202000039943,25,10,2020,17:10:00,2,971,97107,2,1,1,6,"ELIE CHAUFFREIN ( RUE )","16,0479440"," -61,5623200",202000039943,154 672 166,A01,3,1,0,2,3,16,0,NULL,202000039943,154 672 166,A01,1,1,4,1,2001,5,8,0,-1,-1," -1",-1,202000039943,4,NULL,0,NULL,2,2,0,2,1,0,3,NULL," -1",1,0,1,50
202000040098,11,3,2020,08:13:00,1,49,49246,2,1,1,3,"RD 112 - CHAUVIN AVENUE","47,4336100"," -0,5301400",202000040098,154 671 897,B01,1,1,0,2,1,0,5,NULL,202000040098,154 671 897,B01,1,1,4,1,2012,0,8,0,-1,-1," -1",-1,202000040098,3,112,0,NULL,2,2,0,1,6,430,1,NULL," -1",1,0,1,50
202000040098,11,3,2020,08:13:00,1,49,49246,2,1,1,3,"RD 112 - CHAUVIN AVENUE","47,4336100"," -0,5301400",202000040098,154 671 897,B01,1,1,0,2,1,0,5,NULL,202000040098,154 671 898,A01,1,1,1,1,1999,0,1,8,-1,-1," -1",-1,202000040098,3,112,0,NULL,2,2,0,1,6,430,1,NULL," -1",1,0,1,50
202000042457,23,9,2020,09:23:00,1,65,65417,2,1,1,2,"MITTERRAND (AVENUE FRANCOIS)","43,2297860","0,0956900",202000042457,154 667 684,B01,2,1,0,2,4,1,5,NULL,202000042457,154 667 671,A01,1,1,1,1,1933,3,1,-1,-1,-1," -1",-1,202000042457,4,NULL,-1,NULL,1,2,1,1,(1),(1),1,NULL," -1",1,-1,5,50
202000042457,23,9,2020,09:23:00,1,65,65417,2,1,1,2,"MITTERRAND (AVENUE FRANCOIS)","43,2297860","0,0956900",202000042457,154 667 684,B01,2,1,0,2,4,1,5,NULL,202000042457,154 667 684,B01,1,1,3,2,1938,3,8,-1,-1,-1," -1",-1,202000042457,4,NULL,-1,NULL,1,2,1,1,(1),(1),1,NULL," -1",1,-1,5,50
202000042490,23,9,2020,09:00:00,1,37,37208,2,1,1,-1,"DE GAULLE (AV. DU GAL)","47,3542540","0,7209468",202000042490,154 667 608,B01,3,1,0,0,0,0,5,NULL,202000042490,154 667 608,B01,1,1,4,1,2008,0,0,-1,-1,-1," -1",-1,202000042490,6,NULL,0,NULL,-1,-1,1,1,(1),(1),1,NULL," -1",1,9,5,50
202000042490,23,9,2020,09:00:00,1,37,37208,2,1,1,-1,"DE GAULLE (AV. DU GAL)","47,3542540","0,7209468",202000042490,154 667 608,B01,3,1,0,0,0,0,5,NULL,202000042490,154 667 614,A01,1,1,1,2,1980,3,1,-1,-1,-1," -1",-1,202000042490,6,NULL,0,NULL,-1,-1,1,1,(1),(1),1,NULL," -1",1,9,5,50
202000043287,28,6,2020,15:30:00,1,60,60282,2,1,1,7,"Voie de la Grande Serpentine","49,1870120","2,4378650",202000043287,154 666 183,A01,1,1,0,0,0,1,5,NULL,202000043287,154 666 183,A01,1,1,3,1,2007,5,0,-1,-1,0,0,-1,202000043287,4,NULL,-1,NULL,2,2,0,1,(1),(1),1,NULL," -1",1,0,4,30
202000043831,5,12,2020,13:30:00,1,38,38487,1,1,1,1,"Chemin des Combes","45,5686230","4,8373530",202000043831,154 665 227,A01,0,1,0,2,1,1,5,NULL,202000043831,154 665 226,B01,1,1,1,1,1994,5,2,-1,-1,0,0,-1,202000043831,4,NULL,0,NULL,2,2,0,2,(1),(1),3,NULL," -1",2,0,1,50
202000043831,5,12,2020,13:30:00,1,38,38487,1,1,1,1,"Chemin des Combes","45,5686230","4,8373530",202000043831,154 665 227,A01,0,1,0,2,1,1,5,NULL,202000043831,154 665 227,A01,1,1,3,1,1968,5,2,-1,-1,0,0,-1,202000043831,4,NULL,0,NULL,2,2,0,2,(1),(1),3,NULL," -1",2,0,1,50
202000044398,27,8,2020,17:45:00,1,92,92072,2,1,1,6,"GRANDE RUE","48,8258536","2,2175699",202000044398,154 664 193,A01,2,1,0,1,1,2,5,NULL,202000044398,154 664 193,A01,10,3,1,1,1999,5,0,-1,-1,1,3,2,202000044398,3,910,0,NULL,1,4,1,1,0,0,1,NULL," -1",1,0,5,50
202000044398,27,8,2020,17:45:00,1,92,92072,2,1,1,6,"GRANDE RUE","48,8258536","2,2175699",202000044398,154 664 193,A01,2,1,0,1,1,2,5,NULL,202000044398,154 664 193,A01,1,1,4,2,1972,1,2,0,-1,0,0,-1,202000044398,3,910,0,NULL,1,4,1,1,0,0,1,NULL," -1",1,0,5,50
202000044658,24,5,2020,09:55:00,1,75,75112,2,1,1,3,"AVENUE DE LA PORTE DE VINCENNES","48,8468960","2,4128560",202000044658,154 663 714,A01,1,1,0,2,7,1,5,NULL,202000044658,154 663 714,A01,1,1,4,1,1981,5,8,0,-1,0,0,-1,202000044658,4,NULL,0,NULL,-1,0,1,1,0,0,1,NULL," -1",1,-1,5,50
202000046391,4,1,2020,11:50:00,1,06,06074,1,1,1,7,M2565,"43,9587100","7,3007000",202000046391,154 660 715,A01,2,1,13,0,0,0,5,NULL,202000046391,154 660 715,A01,1,1,4,1,1944,5,2,6,-1,0,0,-1,202000046391,7,2565,0,M,2,2,0,2,16,0,1,NULL," -1",1,0,1,80
202000046633,4,2,2020,18:20:00,5,75,75102,2,2,1,3,"BOULEVARD DES ITALIENS","48,8710840","2,3348190",202000046633,154 660 290,B01,2,1,0,2,7,12,5,NULL,202000046633,154 660 290,B01,1,1,4,1,1973,1,8,0,-1,0,0,-1,202000046633,4,NULL,0,NULL,2,5,0,2,29,0,1,NULL,15,1,0,1,50
202000046633,4,2,2020,18:20:00,5,75,75102,2,2,1,3,"BOULEVARD DES ITALIENS","48,8710840","2,3348190",202000046633,154 660 290,B01,2,1,0,2,7,12,5,NULL,202000046633,154 660 291,A01,1,1,1,2,1982,1,2,8,-1,-1," -1",-1,202000046633,4,NULL,0,NULL,2,5,0,2,29,0,1,NULL,15,1,0,1,50
202000047248,20,10,2020,08:49:00,1,13,13206,2,2,1,2,"LIEUTAUD (COURS)","43,2891060","5,3841140",202000047248,154 659 241,Y01,1,1,0,2,1,9,0,NULL,202000047248,154 659 237,Z01,1,1,1,1,1990,0,8,-1,-1,-1," -1",-1,202000047248,4,NULL,0,NULL,1,1,0,1,(1),(1),1,NULL," -1",1,0,1,50
202000047248,20,10,2020,08:49:00,1,13,13206,2,2,1,2,"LIEUTAUD (COURS)","43,2891060","5,3841140",202000047248,154 659 241,Y01,1,1,0,2,1,9,0,NULL,202000047248,154 659 241,Y01,1,1,4,2,1990,1,0,-1,-1,0,0,-1,202000047248,4,NULL,0,NULL,1,1,0,1,(1),(1),1,NULL," -1",1,0,1,50
202000007071,24,2,2020,18:20:00,2,76,76540,2,1,1,3,"REPUBLIQUE. RUE DE LA","49,4380300","1,0964300",202000007071,154 729 832,B01,0,1,0,2,1,1,5,NULL,202000007071,154 729 831,A01,1,1,1,2,1975,1,1,0,-1,-1," -1",-1,202000007071,4,"REPUBLIQUE. RUE DE LA",0,NULL,1,2,3,1,(1),(1),1,NULL," -1",1,0,1,30
202000007071,24,2,2020,18:20:00,2,76,76540,2,1,1,3,"REPUBLIQUE. RUE DE LA","49,4380300","1,0964300",202000007071,154 729 832,B01,0,1,0,2,1,1,5,NULL,202000007071,154 729 832,B01,1,1,4,1,1997,2,8,0,-1,-1," -1",-1,202000007071,4,"REPUBLIQUE. RUE DE LA",0,NULL,1,2,3,1,(1),(1),1,NULL," -1",1,0,1,30
202000008792,16,5,2020,15:55:00,1,41,41194,2,6,1,3,"142 Avenue de Villefranche","47,3421450","1,7492080",202000008792,154 726 792,B01,1,1,0,2,7,12,5,NULL,202000008792,154 726 791,A01,1,1,1,1,1935,9,1,-1,-1,0,0,-1,202000008792,3,922,-1,NULL,-1,2,0,1,(1),(1),2,NULL," -1",1,5,1,-1
202000008792,16,5,2020,15:55:00,1,41,41194,2,6,1,3,"142 Avenue de Villefranche","47,3421450","1,7492080",202000008792,154 726 792,B01,1,1,0,2,7,12,5,NULL,202000008792,154 726 792,B01,1,1,4,1,1965,5,0,-1,-1,0,0,-1,202000008792,3,922,-1,NULL,-1,2,0,1,(1),(1),2,NULL," -1",1,5,1,-1
202000009199,15,9,2020,08:57:00,1,93,93029,2,1,1,3,SEDOV,"48,9222716","2,4211883",202000009199,154 726 064,B01,3,1,0,2,1,11,5,NULL,202000009199,154 726 064,B01,1,1,4,1,2008,2,8,0,-1,-1," -1",-1,202000009199,4,NULL,0,NULL,2,2,0,1,0,0,1,NULL," -1",1,0,1,50
202000009199,15,9,2020,08:57:00,1,93,93029,2,1,1,3,SEDOV,"48,9222716","2,4211883",202000009199,154 726 064,B01,3,1,0,2,1,11,5,NULL,202000009199,154 726 065,A01,1,1,1,2,1984,0,1,0,-1,-1," -1",-1,202000009199,4,NULL,0,NULL,2,2,0,1,0,0,1,NULL," -1",1,0,1,50
202000010531,21,11,2020,14:27:00,1,57,57119,2,6,7,3,DESSIRIER,"48,7369400","7,0768100",202000010531,154 723 739,B01,3,1,0,2,4,14,5,NULL,202000010531,154 723 739,B01,1,1,3,1,1964,5,8,0,-1,-1," -1",-1,202000010531,4,DESSIRIER,0,NULL,2,2,0,1,0,0,1,NULL," -1",1,5,1,50
202000010531,21,11,2020,14:27:00,1,57,57119,2,6,7,3,DESSIRIER,"48,7369400","7,0768100",202000010531,154 723 739,B01,3,1,0,2,4,14,5,NULL,202000010531,154 723 740,A01,1,1,1,2,1981,3,1,0,-1,-1," -1",-1,202000010531,4,DESSIRIER,0,NULL,2,2,0,1,0,0,1,NULL," -1",1,5,1,50
202000012577,13,5,2020,16:10:00,1,70,70154,1,4,2,1,D15,"47,4386180","6,1445390",202000012577,154 720 156,B01,1,1,0,2,1,1,5,NULL,202000012577,154 720 156,B01,1,1,4,1,1971,5,2,-1,-1,0,0,-1,202000012577,3,15,-1,NULL,2,2,0,1,9,500,3,NULL,"5,5",2,0,1,80
202000012577,13,5,2020,16:10:00,1,70,70154,1,4,2,1,D15,"47,4386180","6,1445390",202000012577,154 720 156,B01,1,1,0,2,1,1,5,NULL,202000012577,154 720 157,A01,1,1,1,1,1934,9,1,-1,-1,0,0,-1,202000012577,3,15,-1,NULL,2,2,0,1,9,500,3,NULL,"5,5",2,0,1,80
202000012679,12,5,2020,07:53:00,1,38,38133,1,1,1,7,"Route de Saint - Julien","45,3451880","5,6323390",202000012679,154 719 983,A01,2,1,0,0,2,0,5,NULL,202000012679,154 719 983,A01,1,1,3,1,1987,5,2,-1,-1,0,0,-1,202000012679,3,128,-1,NULL,2,2,0,2,(1),(1),3,NULL," -1",2,0,1,70
202000015718,8,8,2020,14:45:00,1,29,29015,1,1,1,7,D52,"48,4859510"," -4,4689460",202000015718,154 714 641,B01,1,1,0,0,9,1,5,NULL,202000015718,154 714 641,B01,1,1,3,1,1973,5,2,-1,-1,0,0,-1,202000015718,3,52,-1,NULL,2,2,0,1,(1),(1),4,NULL," -1",1,0,1,80
202000017279,7,9,2020,11:30:00,1,33,33527,2,6,1,3,"Rue de Boulange","44,6232930"," -1,0244860",202000017279,154 711 852,B01,1,1,0,2,7,1,5,NULL,202000017279,154 711 851,A01,1,1,1,1,1958,9,1,-1,-1,0,0,-1,202000017279,3,650E1,-1,E,2,2,0,1,(1),(1),1,NULL," -1",1,5,8,50
202000017279,7,9,2020,11:30:00,1,33,33527,2,6,1,3,"Rue de Boulange","44,6232930"," -1,0244860",202000017279,154 711 852,B01,1,1,0,2,7,1,5,NULL,202000017279,154 711 852,B01,1,1,3,1,1948,5,2,-1,-1,0,0,-1,202000017279,3,650E1,-1,E,2,2,0,1,(1),(1),1,NULL," -1",1,5,8,50
202000017483,12,6,2020,19:30:00,1,68,68040,1,1,1,7,"Rue Joffre","47,8212770","7,0749000",202000017483,154 711 478,A01,2,1,0,0,0,1,0,NULL,202000017483,154 711 478,A01,1,1,2,1,1948,5,2,-1,-1,0,0,-1,202000017483,3,14,0,D,2,2,0,2,14,600,1,NULL," -1",1,0,1,80
202000018195,16,11,2020,07:42:00,1,38,38565,2,1,1,3,"Avenue de Juin 1940","45,3027300","5,6263700",202000018195,154 710 230,B01,1,1,0,0,7,19,5,NULL,202000018195,154 710 229,A01,1,1,1,1,2001,1,1,-1,-1,0,0,-1,202000018195,3,1075,0,NULL,3,4,0,1,73,275,1,NULL," -1",1,0,1,70
202000018195,16,11,2020,07:42:00,1,38,38565,2,1,1,3,"Avenue de Juin 1940","45,3027300","5,6263700",202000018195,154 710 230,B01,1,1,0,0,7,19,5,NULL,202000018195,154 710 230,B01,1,1,3,1,1969,1,2,4,9,0,0,-1,202000018195,3,1075,0,NULL,3,4,0,1,73,275,1,NULL," -1",1,0,1,70
202000022469,19,1,2020,11:00:00,1,06,06027,2,1,1,6,"PLAGE BOULEVARD DE LA","43,6566500","7,1637200",202000022469,154 702 691,A01,1,1,0,1,1,1,5,NULL,202000022469,154 702 691,A01,1,1,4,2,1939,9,8,0,-1,-1," -1",-1,202000022469,9,"PLAGE BOULEVARD DE LA",0,NULL,1,0,1,1,0,0,1,NULL," -1",1,0,5,10
202000022469,19,1,2020,11:00:00,1,06,06027,2,1,1,6,"PLAGE BOULEVARD DE LA","43,6566500","7,1637200",202000022469,154 702 691,A01,1,1,0,1,1,1,5,NULL,202000022469,154 702 691,A01,10,3,2,1,1944,5,0,-1,-1,0,9,1,202000022469,9,"PLAGE BOULEVARD DE LA",0,NULL,1,0,1,1,0,0,1,NULL," -1",1,0,5,10
202000022974,7,9,2020,07:50:00,1,67,67482,2,2,1,3,"PRESIDENT POINCARE (BOULEVARD DU)","48,5900500","7,7423800",202000022974,154 701 806,B01,2,1,0,2,6,19,5,NULL,202000022974,154 701 805,A01,1,1,1,2,1972,1,1,8,-1,-1," -1",-1,202000022974,4,NULL,0,NULL,3,5,3,1,0,0,1,NULL," -1",1,0,1,50
202000022974,7,9,2020,07:50:00,1,67,67482,2,2,1,3,"PRESIDENT POINCARE (BOULEVARD DU)","48,5900500","7,7423800",202000022974,154 701 806,B01,2,1,0,2,6,19,5,NULL,202000022974,154 701 806,B01,1,1,4,2,2002,2,8,0,-1,-1," -1",-1,202000022974,4,NULL,0,NULL,3,5,3,1,0,0,1,NULL," -1",1,0,1,50
202000023296,8,6,2020,16:30:00,1,33,33318,2,3,1,3,"AVE JEANNE D'ARC / ALL DES GERANIUMS","44,8142700"," -0,6382300",202000023296,154 701 247,A01,0,1,0,2,1,1,5,NULL,202000023296,154 701 246,B01,1,1,1,1,1980,0,8,-1,-1,-1," -1",-1,202000023296,4,"AVE JEANNE D'ARC",0,NULL,2,2,0,1,(1),(1),1,NULL," -1",1,0,1,50
202000023296,8,6,2020,16:30:00,1,33,33318,2,3,1,3,"AVE JEANNE D'ARC / ALL DES GERANIUMS","44,8142700"," -0,6382300",202000023296,154 701 247,A01,0,1,0,2,1,1,5,NULL,202000023296,154 701 247,A01,1,1,4,1,2006,5,8,-1,-1,-1," -1",-1,202000023296,4,"AVE JEANNE D'ARC",0,NULL,2,2,0,1,(1),(1),1,NULL," -1",1,0,1,50
202000023313,7,6,2020,01:55:00,5,13,13201,2,1,1,-1,"CANEBIERE     70 A FIN","43,2977000","5,3813000",202000023313,154 701 211,C01,1,1,0,2,4,0,0,NULL,202000023313,154 701 211,C01,1,1,4,1,1970,0,8,0,-1,0,0,-1,202000023313,4,NULL,0,NULL,1,2,1,1,(1),(1),1,NULL,5,1,0,1,50
202000023313,7,6,2020,01:55:00,5,13,13201,2,1,1,-1,"CANEBIERE     70 A FIN","43,2977000","5,3813000",202000023313,154 701 211,C01,1,1,0,2,4,0,0,NULL,202000023313,154 701 212,A01,4,2,1,2,1997,0,1,0,-1,-1," -1",-1,202000023313,4,NULL,0,NULL,1,2,1,1,(1),(1),1,NULL,5,1,0,1,50
202000023313,7,6,2020,01:55:00,5,13,13201,2,1,1,-1,"CANEBIERE     70 A FIN","43,2977000","5,3813000",202000023313,154 701 211,C01,1,1,0,2,4,0,0,NULL,202000023313,154 701 212,A01,3,2,1,1,1993,0,1,0,-1,-1," -1",-1,202000023313,4,NULL,0,NULL,1,2,1,1,(1),(1),1,NULL,5,1,0,1,50
202000023313,7,6,2020,01:55:00,5,13,13201,2,1,1,-1,"CANEBIERE     70 A FIN","43,2977000","5,3813000",202000023313,154 701 211,C01,1,1,0,2,4,0,0,NULL,202000023313,154 701 212,A01,2,2,4,1,1992,0,1,0,-1,-1," -1",-1,202000023313,4,NULL,0,NULL,1,2,1,1,(1),(1),1,NULL,5,1,0,1,50
202000023313,7,6,2020,01:55:00,5,13,13201,2,1,1,-1,"CANEBIERE     70 A FIN","43,2977000","5,3813000",202000023313,154 701 211,C01,1,1,0,2,4,0,0,NULL,202000023313,154 701 212,A01,1,1,1,1,1991,0,1,5,-1,-1,0,-1,202000023313,4,NULL,0,NULL,1,2,1,1,(1),(1),1,NULL,5,1,0,1,50
202000023313,7,6,2020,01:55:00,5,13,13201,2,1,1,-1,"CANEBIERE     70 A FIN","43,2977000","5,3813000",202000023313,154 701 211,C01,1,1,0,2,4,0,0,NULL,202000023313,154 701 214,B01,1,1,4,1,1996,0,1,0,-1,-1," -1",-1,202000023313,4,NULL,0,NULL,1,2,1,1,(1),(1),1,NULL,5,1,0,1,50
202000025779,15,4,2020,08:50:00,1,92,92025,2,2,1,3,"VERDUN (RUE DE)","48,9240124","2,2525740",202000025779,154 696 887,B01,1,1,0,2,8,9,5,NULL,202000025779,154 696 886,A01,1,1,1,2,1991,1,1,0,-1,-1," -1",-1,202000025779,3,13,0,NULL,2,4,0,1,0,0,1,NULL," -1",1,0,1,50
202000025779,15,4,2020,08:50:00,1,92,92025,2,2,1,3,"VERDUN (RUE DE)","48,9240124","2,2525740",202000025779,154 696 887,B01,1,1,0,2,8,9,5,NULL,202000025779,154 696 887,B01,1,1,4,1,1973,1,8,0,-1,-1," -1",-1,202000025779,3,13,0,NULL,2,4,0,1,0,0,1,NULL," -1",1,0,1,50
202000027820,6,6,2020,10:20:00,1,13,13022,2,3,1,-1,"Avenue des Albizzi","43,2292970","5,5502200",202000027820,154 693 365,A01,2,1,0,2,3,19,5,NULL,202000027820,154 693 363,C01,1,1,4,1,1970,5,0,-1,-1,0,0,-1,202000027820,3,1,0,NULL,2,2,0,1,0,814,1,NULL,7,1,5,1,70
202000027820,6,6,2020,10:20:00,1,13,13022,2,3,1,-1,"Avenue des Albizzi","43,2292970","5,5502200",202000027820,154 693 364,B01,2,1,0,2,1,1,5,NULL,202000027820,154 693 363,C01,1,1,4,1,1970,5,0,-1,-1,0,0,-1,202000027820,3,1,0,NULL,2,2,0,1,0,814,1,NULL,7,1,5,1,70
202000027820,6,6,2020,10:20:00,1,13,13022,2,3,1,-1,"Avenue des Albizzi","43,2292970","5,5502200",202000027820,154 693 363,C01,2,1,0,2,1,1,5,NULL,202000027820,154 693 363,C01,1,1,4,1,1970,5,0,-1,-1,0,0,-1,202000027820,3,1,0,NULL,2,2,0,1,0,814,1,NULL,7,1,5,1,70
202000027820,6,6,2020,10:20:00,1,13,13022,2,3,1,-1,"Avenue des Albizzi","43,2292970","5,5502200",202000027820,154 693 365,A01,2,1,0,2,3,19,5,NULL,202000027820,154 693 364,B01,1,1,3,1,1974,5,0,-1,-1,0,0,-1,202000027820,3,1,0,NULL,2,2,0,1,0,814,1,NULL,7,1,5,1,70
202000027820,6,6,2020,10:20:00,1,13,13022,2,3,1,-1,"Avenue des Albizzi","43,2292970","5,5502200",202000027820,154 693 364,B01,2,1,0,2,1,1,5,NULL,202000027820,154 693 364,B01,1,1,3,1,1974,5,0,-1,-1,0,0,-1,202000027820,3,1,0,NULL,2,2,0,1,0,814,1,NULL,7,1,5,1,70
202000027820,6,6,2020,10:20:00,1,13,13022,2,3,1,-1,"Avenue des Albizzi","43,2292970","5,5502200",202000027820,154 693 363,C01,2,1,0,2,1,1,5,NULL,202000027820,154 693 364,B01,1,1,3,1,1974,5,0,-1,-1,0,0,-1,202000027820,3,1,0,NULL,2,2,0,1,0,814,1,NULL,7,1,5,1,70
202000027820,6,6,2020,10:20:00,1,13,13022,2,3,1,-1,"Avenue des Albizzi","43,2292970","5,5502200",202000027820,154 693 365,A01,2,1,0,2,3,19,5,NULL,202000027820,154 693 365,A01,1,1,4,2,2004,5,0,-1,-1,0,0,-1,202000027820,3,1,0,NULL,2,2,0,1,0,814,1,NULL,7,1,5,1,70
202000027820,6,6,2020,10:20:00,1,13,13022,2,3,1,-1,"Avenue des Albizzi","43,2292970","5,5502200",202000027820,154 693 364,B01,2,1,0,2,1,1,5,NULL,202000027820,154 693 365,A01,1,1,4,2,2004,5,0,-1,-1,0,0,-1,202000027820,3,1,0,NULL,2,2,0,1,0,814,1,NULL,7,1,5,1,70
202000027820,6,6,2020,10:20:00,1,13,13022,2,3,1,-1,"Avenue des Albizzi","43,2292970","5,5502200",202000027820,154 693 363,C01,2,1,0,2,1,1,5,NULL,202000027820,154 693 365,A01,1,1,4,2,2004,5,0,-1,-1,0,0,-1,202000027820,3,1,0,NULL,2,2,0,1,0,814,1,NULL,7,1,5,1,70
202000031062,31,10,2020,11:30:00,1,92,92077,2,1,1,1,"MARNES (RUE DE)","48,8278486","2,1843045",202000031062,154 687 739,B01,3,1,0,2,1,1,5,NULL,202000031062,154 687 739,B01,1,1,4,1,1980,5,8,0,-1,-1," -1",-1,202000031062,3,407,0,NULL,2,2,1,1,(1),(1),1,NULL," -1",1,0,1,50
202000031062,31,10,2020,11:30:00,1,92,92077,2,1,1,1,"MARNES (RUE DE)","48,8278486","2,1843045",202000031062,154 687 739,B01,3,1,0,2,1,1,5,NULL,202000031062,154 687 740,A01,1,1,1,2,1990,0,1,8,-1,-1," -1",-1,202000031062,3,407,0,NULL,2,2,1,1,(1),(1),1,NULL," -1",1,0,1,50
202000032157,4,7,2020,17:16:00,1,70,70103,2,1,1,6,"Rue de la Mairie","47,8099190","6,4568550",202000032157,154 685 861,A01,3,1,14,0,1,2,5,NULL,202000032157,154 685 861,A01,1,1,2,1,1954,5,6,-1,-1,0,0,-1,202000032157,4,0,0,NULL,2,2,0,2,0,0,1,NULL," -1",9,0,1,50
202000033638,28,9,2020,09:55:00,1,69,69386,2,2,2,3,"LAFAYETTE                           (CO)","45,7636800","4,8581100",202000033638,154 683 307,B01,2,1,0,2,1,1,5,NULL,202000033638,154 683 305,A01,1,1,1,1,1990,1,1,0,-1,-1," -1",-1,202000033638,4,"LAFAYETTE                           (CO)",0,NULL,2,4,2,1,0,0,1,NULL," -1",2,5,1,50
202000033638,28,9,2020,09:55:00,1,69,69386,2,2,2,3,"LAFAYETTE                           (CO)","45,7636800","4,8581100",202000033638,154 683 307,B01,2,1,0,2,1,1,5,NULL,202000033638,154 683 307,B01,1,1,4,1,1992,1,2,0,-1,-1," -1",-1,202000033638,4,"LAFAYETTE                           (CO)",0,NULL,2,4,2,1,0,0,1,NULL," -1",2,5,1,50
202000034452,3,9,2020,10:45:00,1,44,44195,2,6,1,3,"Giratoire de LAVAU","47,3608010"," -1,9557430",202000034452,154 681 893,B01,1,1,0,0,4,26,5,NULL,202000034452,154 681 892,A01,1,1,1,2,1947,3,1,-1,-1,0,0,-1,202000034452,3,17,0,NULL,2,2,0,1,24,100,4,NULL," -1",1,9,1,50
202000034452,3,9,2020,10:45:00,1,44,44195,2,6,1,3,"Giratoire de LAVAU","47,3608010"," -1,9557430",202000034452,154 681 893,B01,1,1,0,0,4,26,5,NULL,202000034452,154 681 893,B01,1,1,3,2,1953,3,2,-1,-1,0,0,-1,202000034452,3,17,0,NULL,2,2,0,1,24,100,4,NULL," -1",1,9,1,50
202000035111,30,7,2020,08:00:00,1,35,35238,2,2,1,1,"LORIENT (DE)","48,1079150"," -1,7029200",202000035111,154 680 712,B01,0,1,0,2,0,0,5,NULL,202000035111,154 680 708,A01,1,1,1,2,1989,0,1,0,-1,-1," -1",-1,202000035111,4,"LORIENT (DE)",0,NULL,2,2,0,1,(1),(1),1,NULL," -1",1,0,1,50
202000035111,30,7,2020,08:00:00,1,35,35238,2,2,1,1,"LORIENT (DE)","48,1079150"," -1,7029200",202000035111,154 680 712,B01,0,1,0,2,0,0,5,NULL,202000035111,154 680 712,B01,1,1,4,2,1992,0,2,0,-1,-1," -1",-1,202000035111,4,"LORIENT (DE)",0,NULL,2,2,0,1,(1),(1),1,NULL," -1",1,0,1,50