Num_Acc,jour,mois,an,hrmn,lum,dep,com,agg,int,atm,col,adr,lat,long,Num_Acc,id_vehicule,num_veh,senc,catv,obs,obsm,choc,manv,motor,occutc,Num_Acc,id_vehicule,num_veh,place,catu,grav,sexe,an_nais,trajet,secu1,secu2,secu3,locp,actp,etatp,Num_Acc,catr,voie,v1,v2,circ,nbv,vosp,prof,pr,pr1,plan,lartpc,larrout,surf,infra,situ,vma
202000035126,28,10,2020,14:10:00,1,974,97411,2,6,2,3,"Route de la Rivière des Pluies"," -20,9021110","55,5028010",202000035126,154 680 683,A01,2,1,0,2,1,9,0,NULL,202000035126,154 680 681,B01,1,1,1,2,1976,0,1,0,-1,-1," -1",-1,202000035126,2,102,0,NULL,1,0,1,2,0,0,1,NULL," -1",1,0,1,50
202000035126,28,10,2020,14:10:00,1,974,97411,2,6,2,3,"Route de la Rivière des Pluies"," -20,9021110","55,5028010",202000035126,154 680 683,A01,2,1,0,2,1,9,0,NULL,202000035126,154 680 683,A01,1,1,4,1,1995,0,8,0,-1,-1," -1",-1,202000035126,2,102,0,NULL,1,0,1,2,0,0,1,NULL," -1",1,0,1,50
202000036222,15,3,2020,21:00:00,5,75,75119,2,3,1,3,"AVENUE JEAN JAURES","48,8851730","2,3793700",202000036222,154 678 709,A01,2,1,0,2,3,15,5,NULL,202000036222,154 678 709,A01,1,1,4,1,1998,9,2,0,-1,0,0,-1,202000036222,4,NULL,0,NULL,2,6,0,1,0,100,1,NULL," -1",1,0,1,50
202000042036,28,8,2020,09:55:00,1,89,89246,2,3,1,3,"Rue du Vau Renard","47,6258060","3,9732530",202000042036,154 668 451,A01,2,1,0,2,3,16,5,NULL,202000042036,154 668 450,B01,2,2,1,2,1953,0,1,-1,-1,0,0,-1,202000042036,3,311,-1,NULL,2,2,0,2,0,140,1,NULL," -1",1,0,1,50
202000042036,28,8,2020,09:55:00,1,89,89246,2,3,1,3,"Rue du Vau Renard","47,6258060","3,9732530",202000042036,154 668 451,A01,2,1,0,2,3,16,5,NULL,202000042036,154 668 450,B01,1,1,1,1,1946,0,1,-1,-1,0,0,-1,202000042036,3,311,-1,NULL,2,2,0,2,0,140,1,NULL," -1",1,0,1,50
202000042036,28,8,2020,09:55:00,1,89,89246,2,3,1,3,"Rue du Vau Renard","47,6258060","3,9732530",202000042036,154 668 451,A01,2,1,0,2,3,16,5,NULL,202000042036,154 668 451,A01,1,1,3,1,1932,5,0,-1,-1,0,0,-1,202000042036,3,311,-1,NULL,2,2,0,2,0,140,1,NULL," -1",1,0,1,50
202000042130,27,8,2020,15:42:00,1,51,51474,2,2,1,3,"Rue du Moulin de l’Archeveque","49,2636101","3,9835122",202000042130,154 668 278,B01,3,1,0,2,8,1,5,NULL,202000042130,154 668 278,B01,1,1,4,2,1958,5,2,-1,-1,-1," -1",-1,202000042130,4,NULL,0,NULL,2,2,0,1,1,0,2,NULL," -1",1,0,1,50
202000042130,27,8,2020,15:42:00,1,51,51474,2,2,1,3,"Rue du Moulin de l’Archeveque","49,2636101","3,9835122",202000042130,154 668 278,B01,3,1,0,2,8,1,5,NULL,202000042130,154 668 279,A01,1,1,1,2,1986,9,1,-1,-1,-1," -1",-1,202000042130,4,NULL,0,NULL,2,2,0,1,1,0,2,NULL," -1",1,0,1,50
202000043817,3,12,2020,15:40:00,1,34,34084,1,1,1,7,"Chemin de la Medaille","43,3978140","3,2066020",202000043817,154 665 252,A01,3,1,17,0,0,1,5,NULL,202000043817,154 665 252,A01,1,1,3,1,1955,5,2,6,-1,0,0,-1,202000043817,4,NULL,0,NULL,2,1,0,2,0,0,2,NULL," -1",1,0,3,80
202000045665,22,7,2020,16:09:00,1,91,91103,2,1,1,7,"CAROUGE  (RUE DU)","48,6132400","2,2993800",202000045665,154 662 025,A01,1,1,0,0,0,1,5,NULL,202000045665,154 662 025,A01,1,1,4,1,1987,5,8,0,-1,-1," -1",-1,202000045665,4,"CAROUGE  (RUE DU)",0,NULL,2,2,0,4,0,0,1,NULL," -1",1,0,1,50
202000045690,3,12,2020,18:56:00,3,94,94046,2,1,2,3," PONT DE CHARENTON (RTE)","48,8165700","2,4196500",202000045690,154 661 987,B01,2,1,0,9,8,9,5,NULL,202000045690,154 661 987,B01,1,1,4,2,1965,0,2,0,-1,-1," -1",-1,202000045690,3,6,0,NULL,-1,0,0,1,0,1,1,NULL," -1",2,2,4,15
202000045690,3,12,2020,18:56:00,3,94,94046,2,1,2,3," PONT DE CHARENTON (RTE)","48,8165700","2,4196500",202000045690,154 661 987,B01,2,1,0,9,8,9,5,NULL,202000045690,154 661 988,A01,1,1,1,1,1981,0,2,0,-1,-1," -1",-1,202000045690,3,6,0,NULL,-1,0,0,1,0,1,1,NULL," -1",2,2,4,15
202000046537,14,5,2020,13:45:00,1,55,55043,2,1,1,2,"REPUBLIQUE ( DE LA )","49,1764000","5,3804000",202000046537,154 660 456,B01,0,1,0,2,1,1,0,NULL,202000046537,154 660 456,B01,1,1,4,1,1973,0,0,-1,-1,-1," -1",-1,202000046537,4,"REPUBLIQUE ( DE LA )",0,NULL,2,2,0,1,0,0,1,NULL," -1",1,0,1,30
202000046537,14,5,2020,13:45:00,1,55,55043,2,1,1,2,"REPUBLIQUE ( DE LA )","49,1764000","5,3804000",202000046537,154 660 456,B01,0,1,0,2,1,1,0,NULL,202000046537,154 660 458,A01,1,1,1,2,1938,0,1,-1,-1,-1," -1",-1,202000046537,4,"REPUBLIQUE ( DE LA )",0,NULL,2,2,0,1,0,0,1,NULL," -1",1,0,1,30
202000047101,8,6,2020,16:20:00,1,05,05061,2,1,1,6,"CONTRE ALLEE LATY","44,5539300","6,0733300",202000047101,154 659 501,A01,1,1,0,1,7,1,5,NULL,202000047101,154 659 501,A01,10,3,4,2,1953,5,0,-1,-1,8,3,1,202000047101,4,"CONTRE ALLEE LATY",0,NULL,2,3,1,1,0,1,1,NULL," -1",1,6,5,20
202000047101,8,6,2020,16:20:00,1,05,05061,2,1,1,6,"CONTRE ALLEE LATY","44,5539300","6,0733300",202000047101,154 659 501,A01,1,1,0,1,7,1,5,NULL,202000047101,154 659 501,A01,1,1,1,1,1975,1,2,0,-1,0,0,-1,202000047101,4,"CONTRE ALLEE LATY",0,NULL,2,3,1,1,0,1,1,NULL," -1",1,6,5,20
202000007551,17,6,2020,15:15:00,1,11,11262,2,3,1,3,"MISTRAL (BOULEVARD FREDERIC)","43,1850600","3,0005300",202000007551,154 728 960,B01,1,1,0,2,1,19,5,NULL,202000007551,154 728 958,A01,1,1,1,1,1979,0,8,8,-1,-1," -1",-1,202000007551,4,NULL,0,NULL,1,3,0,1,0,0,1,NULL," -1",1,2,1,50
202000007551,17,6,2020,15:15:00,1,11,11262,2,3,1,3,"MISTRAL (BOULEVARD FREDERIC)","43,1850600","3,0005300",202000007551,154 728 960,B01,1,1,0,2,1,19,5,NULL,202000007551,154 728 960,B01,1,1,4,1,2002,0,8,0,-1,-1," -1",-1,202000007551,4,NULL,0,NULL,1,3,0,1,0,0,1,NULL," -1",1,2,1,50
202000007944,13,10,2020,07:30:00,5,51,51454,1,6,1,3,"Rond-Point Porte Farman","49,2365355","4,0713448",202000007944,154 728 274,B01,1,1,0,2,5,1,5,NULL,202000007944,154 728 274,B01,1,1,4,1,1985,1,4,-1,-1,-1," -1",-1,202000007944,3,944,0,NULL,1,2,0,1,22,0,2,NULL," -1",2,0,1,50
202000007944,13,10,2020,07:30:00,5,51,51454,1,6,1,3,"Rond-Point Porte Farman","49,2365355","4,0713448",202000007944,154 728 274,B01,1,1,0,2,5,1,5,NULL,202000007944,154 728 275,A01,1,1,1,2,1977,1,1,-1,-1,-1," -1",-1,202000007944,3,944,0,NULL,1,2,0,1,22,0,2,NULL," -1",2,0,1,50
202000008743,14,5,2020,10:02:00,1,49,49007,2,1,1,3,GUINEL,"47,4427800"," -0,5349700",202000008743,154 726 882,B01,1,1,0,2,1,0,5,NULL,202000008743,154 726 881,A01,1,1,1,1,1954,5,1,8,-1,-1," -1",-1,202000008743,4,GUINEL,0,NULL,2,2,0,1,0,0,1,NULL," -1",1,0,1,60
202000008743,14,5,2020,10:02:00,1,49,49007,2,1,1,3,GUINEL,"47,4427800"," -0,5349700",202000008743,154 726 882,B01,1,1,0,2,1,0,5,NULL,202000008743,154 726 882,B01,1,1,3,1,1955,5,8,0,-1,-1," -1",-1,202000008743,4,GUINEL,0,NULL,2,2,0,1,0,0,1,NULL," -1",1,0,1,60
202000010557,21,11,2020,17:15:00,2,75,75101,2,3,1,6,"RUE DE RIVOLI","48,8653200","2,3273200",202000010557,154 723 694,A01,1,1,12,0,3,15,5,NULL,202000010557,154 723 694,A01,1,1,4,1,1993,5,8,0,-1,0,0,-1,202000010557,4,NULL,0,NULL,1,3,1,1,0,0,1,NULL," -1",1,-1,5,50
202000011855,17,8,2020,09:30:00,1,75,75113,2,2,1,3,"BOULEVARD MASSENA","48,8192230","2,3620740",202000011855,154 721 403,A01,2,1,0,2,7,13,5,NULL,202000011855,154 721 402,B01,1,1,4,1,1955,5,2,0,-1,0,0,-1,202000011855,4,NULL,0,NULL,3,2,0,1,0,0,1,NULL," -1",1,0,1,50
202000011855,17,8,2020,09:30:00,1,75,75113,2,2,1,3,"BOULEVARD MASSENA","48,8192230","2,3620740",202000011855,154 721 402,B01,2,1,0,2,8,1,5,NULL,202000011855,154 721 402,B01,1,1,4,1,1955,5,2,0,-1,0,0,-1,202000011855,4,NULL,0,NULL,3,2,0,1,0,0,1,NULL," -1",1,0,1,50
202000011855,17,8,2020,09:30:00,1,75,75113,2,2,1,3,"BOULEVARD MASSENA","48,8192230","2,3620740",202000011855,154 721 403,A01,2,1,0,2,7,13,5,NULL,202000011855,154 721 403,A01,1,1,1,1,1987,9,2,0,-1,0,0,-1,202000011855,4,NULL,0,NULL,3,2,0,1,0,0,1,NULL," -1",1,0,1,50
202000011855,17,8,2020,09:30:00,1,75,75113,2,2,1,3,"BOULEVARD MASSENA","48,8192230","2,3620740",202000011855,154 721 402,B01,2,1,0,2,8,1,5,NULL,202000011855,154 721 403,A01,1,1,1,1,1987,9,2,0,-1,0,0,-1,202000011855,4,NULL,0,NULL,3,2,0,1,0,0,1,NULL," -1",1,0,1,50
202000014562,3,5,2020,17:00:00,1,69,69034,2,1,1,3,"SOEUR VIALLY (DE LA)                (MO)","45,7866800","4,8451000",202000014562,154 716 734,B01,2,1,0,2,1,1,5,NULL,202000014562,154 716 733,A01,1,1,1,1,2001,1,1,0,-1,-1," -1",-1,202000014562,4,"SOEUR VIALLY (DE LA)                (MO)",0,NULL,2,2,0,2,0,1,3,NULL," -1",1,0,1,50
202000014562,3,5,2020,17:00:00,1,69,69034,2,1,1,3,"SOEUR VIALLY (DE LA)                (MO)","45,7866800","4,8451000",202000014562,154 716 734,B01,2,1,0,2,1,1,5,NULL,202000014562,154 716 734,B01,1,1,4,1,1975,5,8,0,-1,-1," -1",-1,202000014562,4,"SOEUR VIALLY (DE LA)                (MO)",0,NULL,2,2,0,2,0,1,3,NULL," -1",1,0,1,50
202000015529,13,6,2020,16:56:00,1,10,10387,2,4,2,3,"BAS TREVOIS (RUE DES)","48,2934500","4,0791000",202000015529,154 714 974,B01,2,1,0,2,1,1,5,NULL,202000015529,154 714 974,B01,1,1,4,1,1981,1,2,0,-1,-1," -1",-1,202000015529,4,"BAS TREVOIS (RUE DES)",0,NULL,2,2,0,1,0,0,1,NULL," -1",2,0,1,30
202000015529,13,6,2020,16:56:00,1,10,10387,2,4,2,3,"BAS TREVOIS (RUE DES)","48,2934500","4,0791000",202000015529,154 714 974,B01,2,1,0,2,1,1,5,NULL,202000015529,154 714 975,A01,1,1,1,1,1968,9,1,0,-1,-1," -1",-1,202000015529,4,"BAS TREVOIS (RUE DES)",0,NULL,2,2,0,1,0,0,1,NULL," -1",2,0,1,30
202000016854,13,7,2020,20:11:00,1,10,10387,2,1,1,3,"MAROTS (RUE DES)","48,3067600","4,0482600",202000016854,154 712 602,A01,1,1,0,2,3,11,5,NULL,202000016854,154 712 602,A01,1,1,4,1,2004,5,8,0,-1,-1," -1",-1,202000016854,4,"MAROTS (RUE DES)",0,NULL,2,2,0,2,0,0,1,NULL," -1",1,0,1,50
202000016854,13,7,2020,20:11:00,1,10,10387,2,1,1,3,"MAROTS (RUE DES)","48,3067600","4,0482600",202000016854,154 712 602,A01,1,1,0,2,3,11,5,NULL,202000016854,154 712 603,B01,1,1,4,1,1963,5,1,0,-1,-1," -1",-1,202000016854,4,"MAROTS (RUE DES)",0,NULL,2,2,0,2,0,0,1,NULL," -1",1,0,1,50
202000019738,10,8,2020,10:00:00,1,15,15026,1,1,1,7,"Route départementale 39","45,0132620","2,7802280",202000019738,154 707 479,A01,1,1,0,0,0,2,5,NULL,202000019738,154 707 479,A01,1,1,3,1,1968,5,2,-1,-1,0,0,-1,202000019738,3,39,-1,NULL,2,2,0,2,48,900,4,NULL," -1",1,0,1,-1
202000026009,16,12,2020,16:15:00,1,974,97411,2,1,1,3,"Rue Maurice Tomi"," -20,9076500","55,5004700",202000026009,154 696 505,B01,3,1,0,2,1,1,0,NULL,202000026009,154 696 504,A01,1,1,1,1,1964,1,1,0,-1,-1," -1",-1,202000026009,4,NULL,0,NULL,2,0,0,1,(1),(1),1,NULL," -1",1,0,1,20
202000026009,16,12,2020,16:15:00,1,974,97411,2,1,1,3,"Rue Maurice Tomi"," -20,9076500","55,5004700",202000026009,154 696 505,B01,3,1,0,2,1,1,0,NULL,202000026009,154 696 505,B01,1,1,4,1,2004,9,8,8,-1,0,0,-1,202000026009,4,NULL,0,NULL,2,0,0,1,(1),(1),1,NULL," -1",1,0,1,20
202000027971,3,12,2020,11:20:00,1,37,37261,2,9,1,-1,"LIBERTE (PLACE DE LA)","47,3795501","0,6931727",202000027971,154 693 082,B01,3,1,0,4,0,0,0,NULL,202000027971,154 693 082,B01,1,1,1,1,1974,4,8,0,-1,-1," -1",-1,202000027971,3,910,0,NULL,-1,0,3,1,(1),(1),1,NULL," -1",1,9,8,10
202000027971,3,12,2020,11:20:00,1,37,37261,2,9,1,-1,"LIBERTE (PLACE DE LA)","47,3795501","0,6931727",202000027971,154 693 082,B01,3,1,0,4,0,0,0,NULL,202000027971,154 693 083,A01,1,1,4,1,1985,1,8,0,-1,-1," -1",-1,202000027971,3,910,0,NULL,-1,0,3,1,(1),(1),1,NULL," -1",1,9,8,10
202000028042,16,12,2020,10:40:00,1,31,31157,2,3,1,3,"Rue du Huit Mai 1945","43,5446420","1,3455310",202000028042,154 692 962,B01,0,1,0,2,1,1,5,NULL,202000028042,154 692 961,A01,1,1,1,1,1979,1,1,-1,-1,0,0,-1,202000028042,4,NULL,-1,NULL,2,2,0,1,(1),(1),1,NULL," -1",1,9,5,30
202000028042,16,12,2020,10:40:00,1,31,31157,2,3,1,3,"Rue du Huit Mai 1945","43,5446420","1,3455310",202000028042,154 692 962,B01,0,1,0,2,1,1,5,NULL,202000028042,154 692 962,B01,1,1,4,1,2007,2,0,-1,-1,0,0,-1,202000028042,4,NULL,-1,NULL,2,2,0,1,(1),(1),1,NULL," -1",1,9,5,30
202000029094,4,8,2020,11:45:00,1,17,17028,2,6,1,3,"GRASSET   AVENUE EDMOND","46,1348690"," -1,1204560",202000029094,154 691 127,B01,1,1,0,2,8,1,5,NULL,202000029094,154 691 126,A01,1,1,1,2,2001,5,1,0,-1,-1," -1",-1,202000029094,4,"GRASSET   AVENUE EDMOND",0,NULL,1,2,0,1,0,0,3,NULL," -1",1,0,1,30
202000029094,4,8,2020,11:45:00,1,17,17028,2,6,1,3,"GRASSET   AVENUE EDMOND","46,1348690"," -1,1204560",202000029094,154 691 127,B01,1,1,0,2,8,1,5,NULL,202000029094,154 691 127,B01,1,1,4,1,2001,5,8,0,-1,-1," -1",-1,202000029094,4,"GRASSET   AVENUE EDMOND",0,NULL,1,2,0,1,0,0,3,NULL," -1",1,0,1,30
202000029742,3,6,2020,12:45:00,1,75,75119,2,2,1,3,"AVENUE DE LA PORTE DE LA VILLETTE","48,8982350","2,3862060",202000029742,154 689 983,Y01,1,1,0,2,3,1,5,NULL,202000029742,154 689 983,Y01,1,1,4,1,1997,4,8,-1,-1,0,0,-1,202000029742,4,NULL,0,NULL,2,2,2,1,0,0,1,NULL," -1",1,0,5,50
202000029742,3,6,2020,12:45:00,1,75,75119,2,2,1,3,"AVENUE DE LA PORTE DE LA VILLETTE","48,8982350","2,3862060",202000029742,154 689 983,Y01,1,1,0,2,3,1,5,NULL,202000029742,154 689 984,A01,1,1,4,1,1990,1,2,6,-1,-1," -1",-1,202000029742,4,NULL,0,NULL,2,2,2,1,0,0,1,NULL," -1",1,0,5,50
202000030833,4,9,2020,12:00:00,1,34,34172,2,1,1,3,"RIMBAUD (RUE PAUL)","43,6180600","3,8437000",202000030833,154 688 127,A01,2,1,0,2,1,25,5,NULL,202000030833,154 688 127,A01,1,1,4,2,1972,0,2,0,-1,-1," -1",-1,202000030833,4,NULL,0,NULL,2,4,0,2,0,0,1,NULL," -1",1,0,4,50
202000030833,4,9,2020,12:00:00,1,34,34172,2,1,1,3,"RIMBAUD (RUE PAUL)","43,6180600","3,8437000",202000030833,154 688 127,A01,2,1,0,2,1,25,5,NULL,202000030833,154 688 128,B01,1,1,1,1,2001,0,1,0,-1,-1," -1",-1,202000030833,4,NULL,0,NULL,2,4,0,2,0,0,1,NULL," -1",1,0,4,50
202000034023,10,1,2020,18:15:00,3,45,45338,2,1,1,1,"RUE DU VIEUX BOURG","47,9899300","2,7246200",202000034023,154 682 638,B01,2,1,0,2,1,1,5,NULL,202000034023,154 682 637,A01,1,1,1,1,1970,4,1,0,-1,0,0,-1,202000034023,3,42,0,NULL,2,2,0,4,0,465,2,NULL," -1",1,0,1,50
202000034023,10,1,2020,18:15:00,3,45,45338,2,1,1,1,"RUE DU VIEUX BOURG","47,9899300","2,7246200",202000034023,154 682 638,B01,2,1,0,2,1,1,5,NULL,202000034023,154 682 638,B01,1,1,4,1,2001,4,8,0,-1,0,0,-1,202000034023,3,42,0,NULL,2,2,0,4,0,465,2,NULL," -1",1,0,1,50
202000036078,2,7,2020,09:00:00,1,38,38185,2,2,1,3,"Rue Nicolas Chorier","45,1859400","5,7165300",202000036078,154 678 972,B01,1,1,0,2,7,1,5,NULL,202000036078,154 678 972,B01,1,1,4,1,1948,3,8,0,-1,-1," -1",-1,202000036078,4,NULL,0,NULL,1,2,1,1,(1),(1),1,NULL," -1",1,0,1,50
202000036078,2,7,2020,09:00:00,1,38,38185,2,2,1,3,"Rue Nicolas Chorier","45,1859400","5,7165300",202000036078,154 678 972,B01,1,1,0,2,7,1,5,NULL,202000036078,154 678 973,A01,1,1,1,1,1969,9,1,8,-1,-1," -1",-1,202000036078,4,NULL,0,NULL,1,2,1,1,(1),(1),1,NULL," -1",1,0,1,50
202000036641,12,2,2020,04:30:00,5,987,98734,2,1,1,1,"pk 34.200"," -17,7233790"," -149,5057300",202000036641,154 677 956,B01,2,1,0,2,4,13,5,NULL,202000036641,154 677 956,B01,1,1,2,1,1969,1,0,-1,-1,0,0,-1,202000036641,2,1,-1,NULL,2,2,0,1,34,200,1,NULL," -1",2,0,1,60
202000036641,12,2,2020,04:30:00,5,987,98734,2,1,1,1,"pk 34.200"," -17,7233790"," -149,5057300",202000036641,154 677 956,B01,2,1,0,2,4,13,5,NULL,202000036641,154 677 957,A01,1,1,1,1,1991,1,1,-1,-1,0,0,-1,202000036641,2,1,-1,NULL,2,2,0,1,34,200,1,NULL," -1",2,0,1,60
202000036714,10,2,2020,10:45:00,1,85,85194,2,3,1,3,"Sortie Parking","46,5141800"," -1,7882100",202000036714,154 677 815,B01,2,1,0,2,2,9,5,NULL,202000036714,154 677 815,B01,1,1,4,2,1957,3,8,0,-1,-1," -1",-1,202000036714,5,NULL,0,NULL,1,1,1,1,0,0,1,NULL," -1",1,0,5,50
202000036714,10,2,2020,10:45:00,1,85,85194,2,3,1,3,"Sortie Parking","46,5141800"," -1,7882100",202000036714,154 677 815,B01,2,1,0,2,2,9,5,NULL,202000036714,154 677 816,A01,1,1,1,2,1993,0,1,8,-1,-1," -1",-1,202000036714,5,NULL,0,NULL,1,1,1,1,0,0,1,NULL," -1",1,0,5,50
202000036743,8,2,2020,16:14:00,1,49,49007,2,1,2,-1,"PAUL BERT","47,4652463"," -0,5499714",202000036743,154 677 766,B01,1,1,0,2,0,0,5,NULL,202000036743,154 677 766,B01,1,1,4,1,1990,0,8,0,-1,-1," -1",-1,202000036743,4,"PAUL BERT",0,NULL,2,2,0,1,0,0,1,NULL," -1",2,0,1,60
202000036743,8,2,2020,16:14:00,1,49,49007,2,1,2,-1,"PAUL BERT","47,4652463"," -0,5499714",202000036743,154 677 766,B01,1,1,0,2,0,0,5,NULL,202000036743,154 677 767,A01,1,1,1,1,1997,0,1,8,-1,-1," -1",-1,202000036743,4,"PAUL BERT",0,NULL,2,2,0,1,0,0,1,NULL," -1",2,0,1,60
202000037533,7,12,2020,08:40:00,2,44,44184,2,3,2,1,"LEFERME (BOULEVARD PAUL)","47,2840300"," -2,2014600",202000037533,154 676 397,A01,3,1,0,2,8,19,5,NULL,202000037533,154 676 397,A01,1,1,3,1,1982,1,2,8,-1,-1," -1",-1,202000037533,4,NULL,0,NULL,2,2,0,1,(1),(1),1,NULL," -1",2,0,1,50
202000037533,7,12,2020,08:40:00,2,44,44184,2,3,2,1,"LEFERME (BOULEVARD PAUL)","47,2840300"," -2,2014600",202000037533,154 676 397,A01,3,1,0,2,8,19,5,NULL,202000037533,154 676 399,B01,1,1,3,1,1976,1,2,6,-1,-1," -1",-1,202000037533,4,NULL,0,NULL,2,2,0,1,(1),(1),1,NULL," -1",2,0,1,50
202000038174,13,3,2020,17:45:00,1,74,74012,2,6,1,3,"LEMAN (AVENUE DU)","46,1828030","6,2461970",202000038174,154 675 258,B01,1,1,0,2,8,1,0,NULL,202000038174,154 675 258,B01,1,1,4,1,2006,2,8,0,-1,-1," -1",-1,202000038174,3,"avenue charles de gaulle",0,NULL,2,2,0,1,32,400,1,NULL," -1",1,5,1,50
202000038174,13,3,2020,17:45:00,1,74,74012,2,6,1,3,"LEMAN (AVENUE DU)","46,1828030","6,2461970",202000038174,154 675 258,B01,1,1,0,2,8,1,0,NULL,202000038174,154 675 259,A01,1,1,1,2,1980,0,1,0,-1,-1," -1",-1,202000038174,3,"avenue charles de gaulle",0,NULL,2,2,0,1,32,400,1,NULL," -1",1,5,1,50
202000041566,26,5,2020,18:55:00,1,75,75120,2,1,1,7,"RUE DES PYRENEES","48,8578860","2,4036360",202000041566,154 669 279,A01,1,1,0,0,8,1,5,NULL,202000041566,154 669 279,A01,1,1,4,2,1992,9,8,0,-1,0,0,-1,202000041566,4,NULL,0,NULL,2,3,3,2,0,0,1,NULL," -1",1,0,1,50
202000041756,28,6,2020,18:15:00,1,92,92076,2,9,1,3,REPUBLIQUE,"48,8375000","2,1548940",202000041756,154 668 956,B01,2,1,0,2,1,17,5,NULL,202000041756,154 668 955,A01,1,1,1,2,1968,5,8,0,-1,-1," -1",-1,202000041756,3,907,0,NULL,2,1,0,1,0,0,1,NULL," -1",1,0,1,50
202000041756,28,6,2020,18:15:00,1,92,92076,2,9,1,3,REPUBLIQUE,"48,8375000","2,1548940",202000041756,154 668 956,B01,2,1,0,2,1,17,5,NULL,202000041756,154 668 956,B01,1,1,4,1,1989,5,2,4,-1,-1," -1",-1,202000041756,3,907,0,NULL,2,1,0,1,0,0,1,NULL," -1",1,0,1,50
202000043933,21,9,2020,14:40:00,1,49,49007,2,1,1,2,"Rue Saumuroise","47,4552700"," -0,5293500",202000043933,154 665 038,A01,1,1,0,2,1,2,5,NULL,202000043933,154 665 037,B01,1,1,1,1,1964,0,1,0,-1,-1," -1",-1,202000043933,4,NULL,0,NULL,2,3,0,1,(1),(1),1,NULL," -1",1,0,1,10
202000043933,21,9,2020,14:40:00,1,49,49007,2,1,1,2,"Rue Saumuroise","47,4552700"," -0,5293500",202000043933,154 665 038,A01,1,1,0,2,1,2,5,NULL,202000043933,154 665 038,A01,1,1,4,1,1950,0,8,0,-1,-1," -1",-1,202000043933,4,NULL,0,NULL,2,3,0,1,(1),(1),1,NULL," -1",1,0,1,10
202000045702,3,12,2020,18:20:00,5,92,92012,2,1,2,7,"SAUSSIERE (RUE DE LA)","48,8373030","2,2405380",202000045702,154 661 970,A01,2,1,0,0,0,1,5,NULL,202000045702,154 661 970,A01,1,1,4,1,1968,0,2,8,-1,-1," -1",-1,202000045702,4,"SAUSSIERE (RUE DE LA)",0,NULL,1,1,3,1,0,0,1,NULL," -1",2,0,1,30
202000006510,7,6,2020,09:10:00,1,49,49092,1,1,1,7,"La Planche de Cossé (cossé-d'Anjou)","47,1735170"," -0,6688460",202000006510,154 730 791,A01,0,1,0,0,0,0,5,NULL,202000006510,154 730 791,A01,1,1,2,1,1950,5,2,-1,-1,0,0,-1,202000006510,3,133,-1,NULL,2,2,0,1,11,717,2,NULL," -1",1,0,1,-1
202000007219,16,9,2020,18:10:00,1,75,75111,2,3,1,3,"PLACE DE LA REPUBLIQUE","48,8677580","2,3643920",202000007219,154 729 563,A01,2,1,0,2,8,15,5,NULL,202000007219,154 729 562,B01,1,1,4,2,2007,2,8,0,-1,0,0,-1,202000007219,4,NULL,0,NULL,2,3,0,1,0,0,1,NULL," -1",1,0,1,30
202000007219,16,9,2020,18:10:00,1,75,75111,2,3,1,3,"PLACE DE LA REPUBLIQUE","48,8677580","2,3643920",202000007219,154 729 562,B01,2,1,0,2,1,1,5,NULL,202000007219,154 729 562,B01,1,1,4,2,2007,2,8,0,-1,0,0,-1,202000007219,4,NULL,0,NULL,2,3,0,1,0,0,1,NULL," -1",1,0,1,30
202000007219,16,9,2020,18:10:00,1,75,75111,2,3,1,3,"PLACE DE LA REPUBLIQUE","48,8677580","2,3643920",202000007219,154 729 563,A01,2,1,0,2,8,15,5,NULL,202000007219,154 729 563,A01,1,1,1,1,1950,5,2,0,-1,0,0,-1,202000007219,4,NULL,0,NULL,2,3,0,1,0,0,1,NULL," -1",1,0,1,30
202000007219,16,9,2020,18:10:00,1,75,75111,2,3,1,3,"PLACE DE LA REPUBLIQUE","48,8677580","2,3643920",202000007219,154 729 562,B01,2,1,0,2,1,1,5,NULL,202000007219,154 729 563,A01,1,1,1,1,1950,5,2,0,-1,0,0,-1,202000007219,4,NULL,0,NULL,2,3,0,1,0,0,1,NULL," -1",1,0,1,30
202000013386,14,9,2020,11:30:00,1,80,80533,2,6,1,3,D925,"50,0599730","1,4089750",202000013386,154 718 752,B01,3,1,0,2,3,1,5,NULL,202000013386,154 718 751,A01,2,2,1,2,1936,5,1,-1,-1,0,0,-1,202000013386,3,925,-1,NULL,1,1,0,1,(1),(1),2,NULL," -1",1,0,1,50
202000013386,14,9,2020,11:30:00,1,80,80533,2,6,1,3,D925,"50,0599730","1,4089750",202000013386,154 718 752,B01,3,1,0,2,3,1,5,NULL,202000013386,154 718 751,A01,1,1,1,1,1928,5,1,-1,-1,0,0,-1,202000013386,3,925,-1,NULL,1,1,0,1,(1),(1),2,NULL," -1",1,0,1,50
202000013386,14,9,2020,11:30:00,1,80,80533,2,6,1,3,D925,"50,0599730","1,4089750",202000013386,154 718 752,B01,3,1,0,2,3,1,5,NULL,202000013386,154 718 752,B01,1,1,3,2,1958,5,0,-1,-1,0,0,-1,202000013386,3,925,-1,NULL,1,1,0,1,(1),(1),2,NULL," -1",1,0,1,50