Num_Acc,jour,mois,an,hrmn,lum,dep,com,agg,int,atm,col,adr,lat,long,Num_Acc,id_vehicule,num_veh,senc,catv,obs,obsm,choc,manv,motor,occutc,Num_Acc,id_vehicule,num_veh,place,catu,grav,sexe,an_nais,trajet,secu1,secu2,secu3,locp,actp,etatp,Num_Acc,catr,voie,v1,v2,circ,nbv,vosp,prof,pr,pr1,plan,lartpc,larrout,surf,infra,situ,vma
202000014271,18,11,2020,21:40:00,5,75,75115,2,2,1,3,"QUAI BRANLY","48,8545800","2,2888500",202000014271,154 717 219,A01,3,1,0,2,6,15,5,NULL,202000014271,154 717 219,A01,1,1,4,1,2001,9,2,0,-1,0,0,-1,202000014271,4,NULL,0,NULL,2,6,1,1,0,0,1,NULL," -1",1,-1,5,50
202000014332,19,11,2020,14:10:00,1,987,98729,1,1,2,2,"RT 91"," -17,4819310"," -149,8007995",202000014332,154 717 122,B01,0,1,0,2,4,19,5,NULL,202000014332,154 717 121,A01,1,1,1,1,1956,3,8,-1,-1,0,0,-1,202000014332,2,91,-1,NULL,2,2,0,1,4,9,1,NULL," -1",2,0,1,60
202000014332,19,11,2020,14:10:00,1,987,98729,1,1,2,2,"RT 91"," -17,4819310"," -149,8007995",202000014332,154 717 122,B01,0,1,0,2,4,19,5,NULL,202000014332,154 717 122,B01,1,1,3,1,1971,5,0,-1,-1,0,0,-1,202000014332,2,91,-1,NULL,2,2,0,1,4,9,1,NULL," -1",2,0,1,60
202000018791,12,7,2020,19:25:00,1,29,29225,1,1,1,6,"D40 - Route de Penhors","47,9383950"," -4,3998370",202000018791,154 709 194,A01,1,1,0,1,7,1,5,NULL,202000018791,154 709 194,A01,10,3,1,1,2016,5,0,-1,-1,2,5,2,202000018791,3,40,-1,NULL,2,2,0,1,23,600,1,NULL," -1",1,-1,1,30
202000018791,12,7,2020,19:25:00,1,29,29225,1,1,1,6,"D40 - Route de Penhors","47,9383950"," -4,3998370",202000018791,154 709 194,A01,1,1,0,1,7,1,5,NULL,202000018791,154 709 194,A01,1,1,3,1,1959,5,2,-1,-1,0,0,-1,202000018791,3,40,-1,NULL,2,2,0,1,23,600,1,NULL," -1",1,-1,1,30
202000019182,10,9,2020,18:10:00,2,81,81064,1,1,1,2,"Cante Merle","43,9572790","1,8581590",202000019182,154 708 492,B01,2,1,0,2,4,1,5,NULL,202000019182,154 708 491,A01,1,1,1,1,1997,1,1,-1,-1,0,0,-1,202000019182,3,964,-1,NULL,2,2,0,3,20,441,1,NULL," -1",1,0,1,80
202000019182,10,9,2020,18:10:00,2,81,81064,1,1,1,2,"Cante Merle","43,9572790","1,8581590",202000019182,154 708 492,B01,2,1,0,2,4,1,5,NULL,202000019182,154 708 492,B01,1,1,3,1,1964,5,2,-1,-1,0,0,-1,202000019182,3,964,-1,NULL,2,2,0,3,20,441,1,NULL," -1",1,0,1,80
202000020751,6,7,2020,18:32:00,1,54,54167,2,1,1,3,"GENERAL LECLERC (AVENUE)","48,6720850","5,9129270",202000020751,154 705 717,B01,3,1,1,0,1,1,0,NULL,202000020751,154 705 717,B01,1,1,4,1,1982,5,0,-1,-1,-1," -1",-1,202000020751,4,NULL,0,NULL,2,2,0,1,0,0,1,NULL," -1",1,0,1,50
202000020751,6,7,2020,18:32:00,1,54,54167,2,1,1,3,"GENERAL LECLERC (AVENUE)","48,6720850","5,9129270",202000020751,154 705 717,B01,3,1,1,0,1,1,0,NULL,202000020751,154 705 718,A01,1,1,1,1,1995,1,1,0,-1,0,0,-1,202000020751,4,NULL,0,NULL,2,2,0,1,0,0,1,NULL," -1",1,0,1,50
202000023936,17,12,2020,06:00:00,5,91,91326,2,3,1,1,"COUR DE FRANCE (AVENUE DE LA)","48,6980000","2,3719600",202000023936,154 700 109,A01,1,1,0,2,7,0,5,NULL,202000023936,154 700 108,B01,1,1,1,1,1988,1,8,0,-1,-1," -1",-1,202000023936,2,7,0,NULL,2,6,0,1,48,689,1,NULL," -1",2,0,1,50
202000023936,17,12,2020,06:00:00,5,91,91326,2,3,1,1,"COUR DE FRANCE (AVENUE DE LA)","48,6980000","2,3719600",202000023936,154 700 109,A01,1,1,0,2,7,0,5,NULL,202000023936,154 700 109,A01,1,1,4,2,1999,0,8,0,-1,-1," -1",-1,202000023936,2,7,0,NULL,2,6,0,1,48,689,1,NULL," -1",2,0,1,50
202000025439,6,6,2020,15:05:00,1,75,75111,2,1,1,3,"AVENUE PHILIPPE AUGUSTE","48,8513450","2,3940950",202000025439,154 697 463,B01,2,1,0,2,2,1,5,NULL,202000025439,154 697 462,A01,1,1,1,1,1982,9,8,0,-1,0,0,-1,202000025439,4,NULL,0,NULL,2,2,0,1,(1),0,1,NULL," -1",1,0,1,50
202000025439,6,6,2020,15:05:00,1,75,75111,2,1,1,3,"AVENUE PHILIPPE AUGUSTE","48,8513450","2,3940950",202000025439,154 697 463,B01,2,1,0,2,2,1,5,NULL,202000025439,154 697 463,B01,1,1,4,1,1984,5,2,0,-1,0,0,-1,202000025439,4,NULL,0,NULL,2,2,0,1,(1),0,1,NULL," -1",1,0,1,50
202000030337,5,7,2020,09:25:00,1,64,64348,1,6,7,3,"boulevard de l'Europe","43,3170300"," -0,3951900",202000030337,154 688 928,B01,3,1,0,2,5,1,5,NULL,202000030337,154 688 928,B01,1,1,4,1,1961,5,2,8,-1,-1," -1",-1,202000030337,3,834,0,NULL,1,1,0,1,34,410,2,NULL," -1",1,0,1,50
202000030337,5,7,2020,09:25:00,1,64,64348,1,6,7,3,"boulevard de l'Europe","43,3170300"," -0,3951900",202000030337,154 688 928,B01,3,1,0,2,5,1,5,NULL,202000030337,154 688 929,A01,1,1,1,2,1960,5,1,8,-1,-1," -1",-1,202000030337,3,834,0,NULL,1,1,0,1,34,410,2,NULL," -1",1,0,1,50
202000031956,15,1,2020,09:45:00,1,75,75116,2,1,1,2,"VOIE GEORGES POMPIDOU","48,8411230","2,2687950",202000031956,154 686 194,B01,1,1,0,2,4,2,5,NULL,202000031956,154 686 193,A01,1,1,1,1,1986,1,2,6,-1,0,0,-1,202000031956,4,NULL,0,NULL,1,1,1,2,0,0,1,NULL,3,1,-1,5,50
202000031956,15,1,2020,09:45:00,1,75,75116,2,1,1,2,"VOIE GEORGES POMPIDOU","48,8411230","2,2687950",202000031956,154 686 194,B01,1,1,0,2,4,2,5,NULL,202000031956,154 686 194,B01,1,1,4,1,1992,9,8,2,-1,0,0,-1,202000031956,4,NULL,0,NULL,1,1,1,2,0,0,1,NULL,3,1,-1,5,50
202000032482,15,2,2020,10:25:00,1,974,97415,1,3,2,3,"12 Chemin du Trou de Sable"," -21,0990818","55,2426606",202000032482,154 685 321,A01,1,1,0,2,8,25,6,NULL,202000032482,154 685 321,A01,1,1,4,1,2006,5,9,-1,-1,0,0,-1,202000032482,2,1,0,NULL,2,2,0,1,(1),(1),1,NULL," -1",1,0,1,70
202000032482,15,2,2020,10:25:00,1,974,97415,1,3,2,3,"12 Chemin du Trou de Sable"," -21,0990818","55,2426606",202000032482,154 685 321,A01,1,1,0,2,8,25,6,NULL,202000032482,154 685 323,B01,1,1,1,1,1959,5,1,-1,-1,0,0,-1,202000032482,2,1,0,NULL,2,2,0,1,(1),(1),1,NULL," -1",1,0,1,70
202000032625,13,2,2020,14:15:00,1,33,33039,1,1,1,3,"RUE DES FRERES LUMIERE","44,7933700"," -0,5348400",202000032625,154 685 082,B01,0,1,0,2,7,1,5,NULL,202000032625,154 685 082,B01,1,1,4,2,1966,0,2,-1,-1,-1," -1",-1,202000032625,4,"RUE DES FRERES LUMIERE",0,NULL,3,4,0,1,(1),(1),1,NULL," -1",1,0,1,50
202000032625,13,2,2020,14:15:00,1,33,33039,1,1,1,3,"RUE DES FRERES LUMIERE","44,7933700"," -0,5348400",202000032625,154 685 082,B01,0,1,0,2,7,1,5,NULL,202000032625,154 685 084,A01,1,1,1,1,1969,0,2,6,-1,-1," -1",-1,202000032625,4,"RUE DES FRERES LUMIERE",0,NULL,3,4,0,1,(1),(1),1,NULL," -1",1,0,1,50
202000035035,29,7,2020,21:50:00,5,973,97302,2,3,1,3,"STE THERESE(CITE ANATOLE)","4,9171904"," -52,3178172",202000035035,154 680 848,B01,3,1,0,2,1,15,0,NULL,202000035035,154 680 847,A01,1,1,1,2,1968,1,1,8,-1,-1," -1",-1,202000035035,4,"Cité sainte Rose",0,NULL,2,2,0,1,0,0,1,NULL," -1",1,0,1,50
202000035035,29,7,2020,21:50:00,5,973,97302,2,3,1,3,"STE THERESE(CITE ANATOLE)","4,9171904"," -52,3178172",202000035035,154 680 848,B01,3,1,0,2,1,15,0,NULL,202000035035,154 680 848,B01,1,1,4,2,2008,5,2,0,-1,-1," -1",-1,202000035035,4,"Cité sainte Rose",0,NULL,2,2,0,1,0,0,1,NULL," -1",1,0,1,50
202000035479,10,12,2020,07:55:00,2,75,75111,2,2,1,3,"BOULEVARD RICHARD LENOIR","48,8663450","2,3688560",202000035479,154 680 053,A01,2,1,0,2,3,1,5,NULL,202000035479,154 680 053,A01,1,1,4,1,1958,9,2,0,-1,0,0,-1,202000035479,4,NULL,0,NULL,2,4,1,1,0,0,1,NULL," -1",1,0,1,50
202000035479,10,12,2020,07:55:00,2,75,75111,2,2,1,3,"BOULEVARD RICHARD LENOIR","48,8663450","2,3688560",202000035479,154 680 053,A01,2,1,0,2,3,1,5,NULL,202000035479,154 680 064,B01,1,1,1,1,1994,1,2,6,-1,0,0,-1,202000035479,4,NULL,0,NULL,2,4,1,1,0,0,1,NULL," -1",1,0,1,50
202000035558,30,5,2020,19:15:00,1,83,83123,2,1,1,6,"LOUIS BLANC (RUE)","43,1183000","5,8016100",202000035558,154 679 920,A01,2,1,0,1,7,18,5,NULL,202000035558,154 679 920,A01,1,1,1,1,2007,5,8,0,-1,-1," -1",-1,202000035558,4,NC,0,NULL,2,1,3,1,0,0,1,NULL," -1",1,6,6,5
202000035558,30,5,2020,19:15:00,1,83,83123,2,1,1,6,"LOUIS BLANC (RUE)","43,1183000","5,8016100",202000035558,154 679 920,A01,2,1,0,1,7,18,5,NULL,202000035558,154 679 920,A01,10,3,3,2,1959,5,0,-1,-1,5,1,2,202000035558,4,NC,0,NULL,2,1,3,1,0,0,1,NULL," -1",1,6,6,5
202000035669,30,5,2020,18:20:00,1,75,75119,2,3,1,3,"RUE DE BELLEVILLE","48,8725342","2,3785561",202000035669,154 679 718,B01,2,1,0,2,1,1,5,NULL,202000035669,154 679 706,A01,1,1,1,1,1973,4,1,0,-1,0,0,-1,202000035669,4,12,0,NULL,2,2,0,2,0,0,1,NULL," -1",1,0,1,50
202000035669,30,5,2020,18:20:00,1,75,75119,2,3,1,3,"RUE DE BELLEVILLE","48,8725342","2,3785561",202000035669,154 679 718,B01,2,1,0,2,1,1,5,NULL,202000035669,154 679 718,B01,1,1,4,1,1942,5,8,2,-1,-1," -1",-1,202000035669,4,12,0,NULL,2,2,0,2,0,0,1,NULL," -1",1,0,1,50
202000037677,29,7,2020,18:30:00,1,62,62193,2,3,1,3,"DE GAULLE (BOULEVARD GENERAL)","50,9627100","1,8421000",202000037677,154 676 144,B01,1,1,0,2,7,15,5,NULL,202000037677,154 676 141,A01,1,1,1,2,1939,5,1,8,-1,-1," -1",-1,202000037677,4,NULL,0,NULL,2,2,0,1,0,0,1,NULL," -1",1,5,1,50
202000037677,29,7,2020,18:30:00,1,62,62193,2,3,1,3,"DE GAULLE (BOULEVARD GENERAL)","50,9627100","1,8421000",202000037677,154 676 144,B01,1,1,0,2,7,15,5,NULL,202000037677,154 676 144,B01,1,1,3,1,1998,5,8,0,-1,-1," -1",-1,202000037677,4,NULL,0,NULL,2,2,0,1,0,0,1,NULL," -1",1,5,1,50
202000037971,1,7,2020,18:25:00,1,68,68207,2,1,1,-1,"4 Rue de Lubbon","47,5928120","7,4652420",202000037971,154 675 621,B01,3,1,0,2,3,26,5,NULL,202000037971,154 675 619,A01,2,2,1,1,1958,5,1,-1,-1,0,0,-1,202000037971,4,NULL,0,NULL,2,2,0,1,(1),(1),1,NULL," -1",1,0,1,50
202000037971,1,7,2020,18:25:00,1,68,68207,2,1,1,-1,"4 Rue de Lubbon","47,5928120","7,4652420",202000037971,154 675 621,B01,3,1,0,2,3,26,5,NULL,202000037971,154 675 619,A01,1,1,1,2,1960,5,1,-1,-1,0,0,-1,202000037971,4,NULL,0,NULL,2,2,0,1,(1),(1),1,NULL," -1",1,0,1,50
202000037971,1,7,2020,18:25:00,1,68,68207,2,1,1,-1,"4 Rue de Lubbon","47,5928120","7,4652420",202000037971,154 675 621,B01,3,1,0,2,3,26,5,NULL,202000037971,154 675 621,B01,1,1,3,1,2016,5,0,-1,-1,0,0,-1,202000037971,4,NULL,0,NULL,2,2,0,1,(1),(1),1,NULL," -1",1,0,1,50
202000038327,31,8,2020,16:45:00,1,75,75115,2,2,1,3,"RUE LECOURBE","48,8404760","2,2957250",202000038327,154 674 993,B01,2,1,0,2,1,1,5,NULL,202000038327,154 674 992,A01,1,1,1,1,1997,4,1,0,-1,0,0,-1,202000038327,4,NULL,0,NULL,2,3,1,1,0,0,1,NULL," -1",1,-1,5,50
202000038327,31,8,2020,16:45:00,1,75,75115,2,2,1,3,"RUE LECOURBE","48,8404760","2,2957250",202000038327,154 674 993,B01,2,1,0,2,1,1,5,NULL,202000038327,154 674 993,B01,1,1,4,2,1994,1,2,0,-1,0,0,-1,202000038327,4,NULL,0,NULL,2,3,1,1,0,0,1,NULL," -1",1,-1,5,50
202000041490,28,5,2020,08:15:00,1,40,40283,1,3,1,3,"Route de Buglose","43,7632300"," -1,0023630",202000041490,154 669 423,B01,1,1,0,2,8,15,5,NULL,202000041490,154 669 422,A01,1,1,1,1,1997,1,1,-1,-1,0,0,-1,202000041490,3,27,0,NULL,2,2,0,1,2,431,1,NULL," -1",1,0,1,80
202000041490,28,5,2020,08:15:00,1,40,40283,1,3,1,3,"Route de Buglose","43,7632300"," -1,0023630",202000041490,154 669 423,B01,1,1,0,2,8,15,5,NULL,202000041490,154 669 423,B01,1,1,4,1,1947,5,2,-1,-1,0,0,-1,202000041490,3,27,0,NULL,2,2,0,1,2,431,1,NULL," -1",1,0,1,80
202000041995,28,8,2020,20:50:00,5,75,75118,2,5,1,3,"RUE SIMART","48,8904300","2,3484570",202000041995,154 668 526,B01,2,1,0,2,0,1,5,NULL,202000041995,154 668 525,A01,1,1,1,1,1982,5,1,0,-1,0,0,-1,202000041995,4,NULL,0,NULL,1,1,0,1,0,0,1,NULL," -1",2,0,1,30
202000041995,28,8,2020,20:50:00,5,75,75118,2,5,1,3,"RUE SIMART","48,8904300","2,3484570",202000041995,154 668 526,B01,2,1,0,2,0,1,5,NULL,202000041995,154 668 526,B01,1,1,4,1,1964,9,8,0,-1,0,0,-1,202000041995,4,NULL,0,NULL,1,1,0,1,0,0,1,NULL," -1",2,0,1,30
202000044328,25,6,2020,15:00:00,1,06,06029,2,1,1,3,"CARNOT (BOULEVARD)","43,5662800","6,9688800",202000044328,154 664 321,A01,1,1,0,2,1,1,0,NULL,202000044328,154 664 321,A01,1,1,4,1,1978,5,8,0,-1,-1," -1",-1,202000044328,4,"CARNOT (BOULEVARD)",0,NULL,3,2,0,1,0,0,1,NULL," -1",1,0,1,50
202000044811,26,8,2020,07:25:00,1,17,17300,2,1,1,3,"ROYALE  AVENUE DE LA PORTE","46,1631600"," -1,1392800",202000044811,154 663 448,B01,1,1,0,2,8,2,5,NULL,202000044811,154 663 448,B01,1,1,4,1,1970,1,2,0,-1,-1," -1",-1,202000044811,4,"ROYALE  AVENUE DE LA PORTE",0,NULL,2,2,0,1,1,0,3,NULL," -1",1,0,1,30
202000044811,26,8,2020,07:25:00,1,17,17300,2,1,1,3,"ROYALE  AVENUE DE LA PORTE","46,1631600"," -1,1392800",202000044811,154 663 448,B01,1,1,0,2,8,2,5,NULL,202000044811,154 663 449,A01,1,1,1,1,1982,1,1,8,-1,-1," -1",-1,202000044811,4,"ROYALE  AVENUE DE LA PORTE",0,NULL,2,2,0,1,1,0,3,NULL," -1",1,0,1,30
202000044980,27,7,2020,09:30:00,1,33,33227,2,3,7,1,"Rue Jules Ferry","44,5496800"," -0,2521500",202000044980,154 663 178,A01,1,1,0,2,8,1,5,NULL,202000044980,154 663 177,B01,1,1,1,2,1950,5,1,-1,-1,0,0,-1,202000044980,3,125E3,-1,NULL,2,2,0,1,5,630,1,NULL," -1",1,0,1,50
202000044980,27,7,2020,09:30:00,1,33,33227,2,3,7,1,"Rue Jules Ferry","44,5496800"," -0,2521500",202000044980,154 663 178,A01,1,1,0,2,8,1,5,NULL,202000044980,154 663 178,A01,1,1,3,1,1952,5,2,-1,-1,0,0,-1,202000044980,3,125E3,-1,NULL,2,2,0,1,5,630,1,NULL," -1",1,0,1,50
202000007170,16,9,2020,20:00:00,2,35,35238,2,9,1,3,"Boulevard d’Armorique","48,1296432"," -1,6792866",202000007170,154 729 649,B01,1,1,0,2,1,19,5,NULL,202000007170,154 729 649,B01,1,1,4,1,2002,5,8,0,-1,-1," -1",-1,202000007170,4,"ARMORIQUE (BD D')",0,NULL,4,2,1,1,(1),(1),1,NULL," -1",1,0,5,50
202000007170,16,9,2020,20:00:00,2,35,35238,2,9,1,3,"Boulevard d’Armorique","48,1296432"," -1,6792866",202000007170,154 729 649,B01,1,1,0,2,1,19,5,NULL,202000007170,154 729 650,A01,1,1,1,1,1979,5,1,0,-1,-1," -1",-1,202000007170,4,"ARMORIQUE (BD D')",0,NULL,4,2,1,1,(1),(1),1,NULL," -1",1,0,5,50
202000009253,25,1,2020,14:10:00,1,51,51230,2,2,1,7,"Boulevard de la Motte","49,0461025","3,9571292",202000009253,154 725 972,A01,1,1,0,2,5,1,6,NULL,202000009253,154 725 972,A01,1,1,3,1,1957,5,2,-1,-1,-1," -1",-1,202000009253,3,3,0,NULL,1,2,0,1,29,370,1,NULL," -1",1,0,1,50
202000010621,12,5,2020,12:28:00,1,34,34172,2,1,1,-1,"COURREAU FAUBOURG DU","43,6085070","3,8694670",202000010621,154 723 583,B01,1,1,0,2,1,5,5,NULL,202000010621,154 723 583,B01,1,1,4,1,2016,5,2,8,-1,0,0,-1,202000010621,4,NULL,0,NULL,1,1,0,1,(1),(1),1,NULL," -1",1,0,1,50
202000010621,12,5,2020,12:28:00,1,34,34172,2,1,1,-1,"COURREAU FAUBOURG DU","43,6085070","3,8694670",202000010621,154 723 583,B01,1,1,0,2,1,5,5,NULL,202000010621,154 723 584,A01,1,1,1,1,1972,4,1,0,-1,0,0,-1,202000010621,4,NULL,0,NULL,1,1,0,1,(1),(1),1,NULL," -1",1,0,1,50
202000011471,15,8,2020,09:50:00,1,30,30021,1,2,1,3,"D.136 / D.982","43,9922180","4,3340750",202000011471,154 722 065,B01,2,1,0,2,1,1,5,NULL,202000011471,154 722 065,B01,1,1,3,1,1943,5,2,-1,-1,0,0,-1,202000011471,3,982,-1,NULL,2,2,0,1,39,715,1,NULL," -1",2,0,1,-1
202000011471,15,8,2020,09:50:00,1,30,30021,1,2,1,3,"D.136 / D.982","43,9922180","4,3340750",202000011471,154 722 065,B01,2,1,0,2,1,1,5,NULL,202000011471,154 722 067,A01,1,1,1,1,1953,0,1,-1,-1,0,0,-1,202000011471,3,982,-1,NULL,2,2,0,1,39,715,1,NULL," -1",2,0,1,-1
202000013754,14,8,2020,08:45:00,1,38,38185,2,1,1,1,"Rue du 19 Mars 1962","45,1886800","5,7442100",202000013754,154 718 089,B01,3,1,0,-1,1,1,-1,NULL,202000013754,154 718 088,A01,1,1,1,1,1973,0,0,-1,-1,-1," -1",-1,202000013754,4,NULL,-1,NULL,2,-1,-1,1,(1),(1),1,NULL," -1",1,-1,1,-1
202000013754,14,8,2020,08:45:00,1,38,38185,2,1,1,1,"Rue du 19 Mars 1962","45,1886800","5,7442100",202000013754,154 718 089,B01,3,1,0,-1,1,1,-1,NULL,202000013754,154 718 089,B01,1,1,4,1,1997,0,0,-1,-1,-1," -1",-1,202000013754,4,NULL,-1,NULL,2,-1,-1,1,(1),(1),1,NULL," -1",1,-1,1,-1
202000013986,10,10,2020,19:40:00,5,75,75117,2,3,1,1,"AVENUE DE CLICHY","48,8850400","2,3267320",202000013986,154 717 690,A01,2,1,0,2,1,1,5,NULL,202000013986,154 717 690,A01,1,1,4,1,1994,9,2,0,-1,0,0,-1,202000013986,4,NULL,0,NULL,2,4,1,1,0,0,1,NULL," -1",1,-1,5,30
202000015686,13,8,2020,11:00:00,1,93,93005,2,1,1,1,"PAUL CEZANNE (RUE)","48,9524028","2,4898735",202000015686,154 714 696,B01,-1,1,0,2,7,19,5,NULL,202000015686,154 714 695,A01,1,1,1,2,1987,0,8,0,-1,-1," -1",-1,202000015686,3,932,0,NULL,1,2,0,1,0,1,1,NULL," -1",1,0,8,50
202000015686,13,8,2020,11:00:00,1,93,93005,2,1,1,1,"PAUL CEZANNE (RUE)","48,9524028","2,4898735",202000015686,154 714 696,B01,-1,1,0,2,7,19,5,NULL,202000015686,154 714 696,B01,1,1,4,1,1996,0,8,0,-1,-1," -1",-1,202000015686,3,932,0,NULL,1,2,0,1,0,1,1,NULL," -1",1,0,8,50
202000015946,9,10,2020,18:00:00,1,56,56032,2,3,1,3,"Rue du Clos Doris","47,9568850"," -2,2978110",202000015946,154 714 213,A01,3,1,0,2,8,19,5,NULL,202000015946,154 714 212,B01,1,1,1,2,1964,1,1,-1,-1,0,0,-1,202000015946,4,NULL,-1,NULL,2,2,0,1,(1),(1),1,NULL," -1",1,0,1,50
202000015946,9,10,2020,18:00:00,1,56,56032,2,3,1,3,"Rue du Clos Doris","47,9568850"," -2,2978110",202000015946,154 714 213,A01,3,1,0,2,8,19,5,NULL,202000015946,154 714 213,A01,1,1,3,1,2011,5,2,-1,-1,0,0,-1,202000015946,4,NULL,-1,NULL,2,2,0,1,(1),(1),1,NULL," -1",1,0,1,50
202000019231,11,9,2020,16:30:00,1,38,38170,2,1,1,1,"Route de Lyon","45,2485310","5,6665740",202000019231,154 708 407,A01,2,1,1,0,1,1,5,NULL,202000019231,154 708 407,A01,1,1,4,1,2004,5,2,-1,-1,0,0,-1,202000019231,3,1075,0,NULL,3,1,2,1,80,300,1,NULL," -1",1,0,5,50
202000019231,11,9,2020,16:30:00,1,38,38170,2,1,1,1,"Route de Lyon","45,2485310","5,6665740",202000019231,154 708 407,A01,2,1,1,0,1,1,5,NULL,202000019231,154 708 408,B01,10,3,1,1,1994,4,0,-1,-1,9,B,1,202000019231,3,1075,0,NULL,3,1,2,1,80,300,1,NULL," -1",1,0,5,50
202000024639,20,2,2020,10:30:00,1,43,43110,1,1,1,3,"Route d'Auzon","45,3225520","3,4101820",202000024639,154 698 898,B01,2,1,15,2,8,2,5,NULL,202000024639,154 698 897,A01,1,1,1,1,2002,4,8,-1,-1,0,0,-1,202000024639,3,16,0,D,2,2,0,1,14,300,1,NULL," -1",1,0,1,80
202000024639,20,2,2020,10:30:00,1,43,43110,1,1,1,3,"Route d'Auzon","45,3225520","3,4101820",202000024639,154 698 898,B01,2,1,15,2,8,2,5,NULL,202000024639,154 698 898,B01,1,1,3,1,1942,5,2,-1,-1,0,0,-1,202000024639,3,16,0,D,2,2,0,1,14,300,1,NULL," -1",1,0,1,80
202000025638,3,10,2020,18:14:00,1,10,10387,2,6,3,3,"GEORGES POMPIDOU (RUE)","48,2880410","4,0814160",202000025638,154 697 120,B01,3,1,0,2,2,1,5,NULL,202000025638,154 697 120,B01,1,1,4,2,1975,5,8,0,-1,-1," -1",-1,202000025638,4,"GEORGES POMPIDOU (RUE)",0,NULL,1,2,1,1,0,0,2,NULL," -1",2,0,1,50
202000025638,3,10,2020,18:14:00,1,10,10387,2,6,3,3,"GEORGES POMPIDOU (RUE)","48,2880410","4,0814160",202000025638,154 697 120,B01,3,1,0,2,2,1,5,NULL,202000025638,154 697 122,A01,1,1,1,2,1975,5,1,0,-1,-1," -1",-1,202000025638,4,"GEORGES POMPIDOU (RUE)",0,NULL,1,2,1,1,0,0,2,NULL," -1",2,0,1,50
202000031578,30,9,2020,18:10:00,1,67,67482,2,3,2,2,"HOPITAL (ROUTE DE L )","48,5723000","7,7504500",202000031578,154 686 858,A01,1,1,0,2,3,19,5,NULL,202000031578,154 686 857,B01,1,1,1,1,1985,1,1,0,-1,-1," -1",-1,202000031578,4,NULL,0,NULL,2,3,0,1,0,0,1,NULL," -1",2,2,1,50
202000031578,30,9,2020,18:10:00,1,67,67482,2,3,2,2,"HOPITAL (ROUTE DE L )","48,5723000","7,7504500",202000031578,154 686 858,A01,1,1,0,2,3,19,5,NULL,202000031578,154 686 858,A01,1,1,4,1,1963,0,8,0,-1,-1," -1",-1,202000031578,4,NULL,0,NULL,2,3,0,1,0,0,1,NULL," -1",2,2,1,50
202000035419,28,10,2020,18:45:00,3,75,75101,2,2,1,6,"RUE DE RIVOLI","48,8604340","2,3423240",202000035419,154 680 165,A01,2,1,14,0,0,17,5,NULL,202000035419,154 680 165,A01,1,1,4,2,1965,9,8,0,-1,0,0,-1,202000035419,4,NULL,0,NULL,1,1,1,1,0,0,1,NULL," -1",1,-1,5,50
202000035533,8,12,2020,20:15:00,5,94,94081,2,2,8,3,"MOULIN DE SAQUET (AV DU)","48,7907728","2,3809808",202000035533,154 679 961,A01,2,1,0,2,1,1,5,NULL,202000035533,154 679 961,A01,1,1,4,1,1987,0,0,0,-1,-1," -1",-1,202000035533,3,"MOULIN DE SAQUET (AV DU)",0,NULL,2,2,0,2,0,1,1,NULL," -1",1,0,1,50
202000035533,8,12,2020,20:15:00,5,94,94081,2,2,8,3,"MOULIN DE SAQUET (AV DU)","48,7907728","2,3809808",202000035533,154 679 961,A01,2,1,0,2,1,1,5,NULL,202000035533,154 679 963,B01,1,1,1,1,2000,0,1,0,-1,-1," -1",-1,202000035533,3,"MOULIN DE SAQUET (AV DU)",0,NULL,2,2,0,2,0,1,1,NULL," -1",1,0,1,50
202000036469,2,9,2020,10:40:00,1,47,47138,1,3,1,3,Bayssieres,"44,2930150","0,7523700",202000036469,154 678 272,A01,0,1,0,2,1,13,5,NULL,202000036469,154 678 272,A01,1,1,4,1,2009,5,2,-1,-1,0,0,-1,202000036469,4,NULL,-1,NULL,2,2,0,1,(1),(1),1,NULL," -1",1,0,1,30
202000036469,2,9,2020,10:40:00,1,47,47138,1,3,1,3,Bayssieres,"44,2930150","0,7523700",202000036469,154 678 272,A01,0,1,0,2,1,13,5,NULL,202000036469,154 678 273,B01,1,1,1,2,1962,4,1,-1,-1,0,0,-1,202000036469,4,NULL,-1,NULL,2,2,0,1,(1),(1),1,NULL," -1",1,0,1,30
202000037162,29,7,2020,20:23:00,5,08,08105,2,3,1,3,WARCQ,"49,7600000","4,7000000",202000037162,154 677 060,B01,0,1,0,2,1,1,5,NULL,202000037162,154 677 060,B01,1,1,4,2,1966,5,8,0,-1,-1," -1",-1,202000037162,4,NULL,0,NULL,2,0,0,1,0,0,1,NULL," -1",1,0,1,50
202000037162,29,7,2020,20:23:00,5,08,08105,2,3,1,3,WARCQ,"49,7600000","4,7000000",202000037162,154 677 060,B01,0,1,0,2,1,1,5,NULL,202000037162,154 677 061,A01,1,1,1,1,1962,5,1,8,-1,-1," -1",-1,202000037162,4,NULL,0,NULL,2,0,0,1,0,0,1,NULL," -1",1,0,1,50
202000038614,7,1,2020,16:20:00,1,92,92064,1,1,2,6,A13,"48,8494300","2,2181000",202000038614,154 674 497,A01,3,1,0,1,1,2,5,NULL,202000038614,154 674 497,A01,10,3,4,2,2004,0,8,0,-1,3,3,1,202000038614,3,39,0,NULL,3,2,0,1,(1),(1),1,NULL," -1",1,0,1,50