Num_Acc,jour,mois,an,hrmn,lum,dep,com,agg,int,atm,col,adr,lat,long,Num_Acc,id_vehicule,num_veh,senc,catv,obs,obsm,choc,manv,motor,occutc,Num_Acc,id_vehicule,num_veh,place,catu,grav,sexe,an_nais,trajet,secu1,secu2,secu3,locp,actp,etatp,Num_Acc,catr,voie,v1,v2,circ,nbv,vosp,prof,pr,pr1,plan,lartpc,larrout,surf,infra,situ,vma
202000038614,7,1,2020,16:20:00,1,92,92064,1,1,2,6,A13,"48,8494300","2,2181000",202000038614,154 674 497,A01,3,1,0,1,1,2,5,NULL,202000038614,154 674 497,A01,1,1,1,1,1986,0,8,0,-1,-1,0,-1,202000038614,3,39,0,NULL,3,2,0,1,(1),(1),1,NULL," -1",1,0,1,50
202000039508,23,9,2020,08:45:00,1,62,62193,2,6,2,3,"ST EXUPERY (AVENUE)","50,9464600","1,8936600",202000039508,154 672 912,B01,2,1,0,2,3,16,5,NULL,202000039508,154 672 912,B01,1,1,3,1,1989,0,8,0,-1,-1," -1",-1,202000039508,4,NULL,0,NULL,4,2,0,1,0,0,2,NULL," -1",2,0,1,50
202000039508,23,9,2020,08:45:00,1,62,62193,2,6,2,3,"ST EXUPERY (AVENUE)","50,9464600","1,8936600",202000039508,154 672 912,B01,2,1,0,2,3,16,5,NULL,202000039508,154 672 913,A01,1,1,1,1,1999,5,1,8,-1,-1," -1",-1,202000039508,4,NULL,0,NULL,4,2,0,1,0,0,2,NULL," -1",2,0,1,50
202000042774,26,7,2020,15:42:00,1,94,94073,2,1,1,2,"FONTAINEBLEAU - CAR BELLE EPINE (AV DE)","48,7585860","2,3688380",202000042774,154 667 114,B01,1,1,0,2,4,12,5,NULL,202000042774,154 667 112,A01,1,1,1,2,1999,5,1,0,-1,-1," -1",-1,202000042774,3,7,0,NULL,1,2,0,1,0,1,1,NULL," -1",1,3,1,70
202000042774,26,7,2020,15:42:00,1,94,94073,2,1,1,2,"FONTAINEBLEAU - CAR BELLE EPINE (AV DE)","48,7585860","2,3688380",202000042774,154 667 114,B01,1,1,0,2,4,12,5,NULL,202000042774,154 667 114,B01,1,1,4,1,1961,5,2,0,-1,-1," -1",-1,202000042774,3,7,0,NULL,1,2,0,1,0,1,1,NULL," -1",1,3,1,70
202000044003,22,9,2020,16:07:00,1,93,93070,2,1,1,2,"MICHELET(AV):N°1AU 103","48,9033618","2,3441244",202000044003,154 664 919,A01,2,1,0,2,1,1,5,NULL,202000044003,154 664 919,A01,1,1,4,1,1982,0,8,0,-1,-1," -1",-1,202000044003,3,"MICHELET(AV):N°1AU 103",0,NULL,2,2,1,1,0,1,1,NULL," -1",1,0,5,50
202000045083,5,1,2020,11:00:00,1,85,85280,1,3,1,3,"Chemin de la Croix Joslain","46,8737400"," -1,9138800",202000045083,154 663 024,A01,3,1,0,2,2,15,5,NULL,202000045083,154 663 021,B01,1,1,1,1,1998,5,1,-1,-1,0,0,-1,202000045083,4,NULL,-1,NULL,2,2,0,1,(1),(1),3,NULL," -1",1,0,1,80
202000045083,5,1,2020,11:00:00,1,85,85280,1,3,1,3,"Chemin de la Croix Joslain","46,8737400"," -1,9138800",202000045083,154 663 024,A01,3,1,0,2,2,15,5,NULL,202000045083,154 663 024,A01,1,1,3,1,1948,5,2,-1,-1,0,0,-1,202000045083,4,NULL,-1,NULL,2,2,0,1,(1),(1),3,NULL," -1",1,0,1,80
202000045313,24,5,2020,16:30:00,1,02,02619,1,9,1,3,D14,"49,5300831","3,4103107",202000045313,154 662 599,A01,2,1,0,2,1,9,5,NULL,202000045313,154 662 598,B01,1,1,1,1,1971,5,1,-1,-1,0,0,-1,202000045313,3,14,-1,NULL,2,2,0,1,6,160,1,NULL,5,1,0,1,80
202000045313,24,5,2020,16:30:00,1,02,02619,1,9,1,3,D14,"49,5300831","3,4103107",202000045313,154 662 599,A01,2,1,0,2,1,9,5,NULL,202000045313,154 662 599,A01,1,1,4,1,2004,5,0,-1,-1,0,0,-1,202000045313,3,14,-1,NULL,2,2,0,1,6,160,1,NULL,5,1,0,1,80
202000045942,21,9,2020,13:00:00,1,75,75116,2,1,1,2,"QUAI LOUIS BLERIOT","48,8448460","2,2722040",202000045942,154 661 530,B01,2,1,0,2,1,1,5,NULL,202000045942,154 661 530,B01,1,1,4,1,1968,9,2,0,-1,0,0,-1,202000045942,4,NULL,0,NULL,1,1,0,1,0,0,1,NULL," -1",1,0,1,50
202000045942,21,9,2020,13:00:00,1,75,75116,2,1,1,2,"QUAI LOUIS BLERIOT","48,8448460","2,2722040",202000045942,154 661 530,B01,2,1,0,2,1,1,5,NULL,202000045942,154 661 531,A01,1,1,1,2,1960,9,8,0,-1,0,0,-1,202000045942,4,NULL,0,NULL,1,1,0,1,0,0,1,NULL," -1",1,0,1,50
202000046250,23,6,2020,12:05:00,1,75,75108,2,1,1,3,"AVENUE FRANKLIN D ROOSEVELT","48,8677820","2,3099920",202000046250,154 660 965,A01,2,1,0,2,2,7,5,NULL,202000046250,154 660 965,A01,1,1,4,2,1980,5,2,0,-1,0,0,-1,202000046250,4,NULL,0,NULL,2,4,3,1,(1),0,1,NULL," -1",1,-1,6,50
202000046250,23,6,2020,12:05:00,1,75,75108,2,1,1,3,"AVENUE FRANKLIN D ROOSEVELT","48,8677820","2,3099920",202000046250,154 660 965,A01,2,1,0,2,2,7,5,NULL,202000046250,154 660 966,B01,1,1,1,1,1971,1,2,6,-1,0,0,-1,202000046250,4,NULL,0,NULL,2,4,3,1,(1),0,1,NULL," -1",1,-1,6,50
202000047511,21,5,2020,17:30:00,1,92,92072,2,1,1,7,"LECLERC (AVENUE DE LA DIVISION)","48,8231600","2,2233900",202000047511,154 658 772,A01,3,1,14,0,0,0,5,NULL,202000047511,154 658 772,A01,1,1,4,2,1994,5,2,0,-1,-1,0,-1,202000047511,3,406,0,NULL,2,2,0,2,0,0,2,NULL,7,1,0,1,50
202000008111,19,8,2020,18:00:00,5,988,98818,2,3,1,3,"PROMENADE PIERRE VERNIER/ ROUTE D'ACCES AU MERIDIEN"," -22,3096600","166,4526100",202000008111,154 727 976,B01,3,1,0,2,1,19,5,NULL,202000008111,154 727 976,B01,1,1,4,1,1963,5,2,8,-1,-1," -1",-1,202000008111,4,622,0,NULL,2,2,1,2,0,0,1,NULL," -1",1,5,1,50
202000008111,19,8,2020,18:00:00,5,988,98818,2,3,1,3,"PROMENADE PIERRE VERNIER/ ROUTE D'ACCES AU MERIDIEN"," -22,3096600","166,4526100",202000008111,154 727 976,B01,3,1,0,2,1,19,5,NULL,202000008111,154 727 977,A01,1,1,1,1,1978,5,1,8,-1,-1," -1",-1,202000008111,4,622,0,NULL,2,2,1,2,0,0,1,NULL," -1",1,5,1,50
202000009477,19,7,2020,11:10:00,1,78,78128,1,3,1,2,D906,"48,6764960","1,9871840",202000009477,154 725 589,B01,2,1,0,2,4,15,5,NULL,202000009477,154 725 589,B01,1,1,4,1,1962,5,2,-1,-1,0,0,-1,202000009477,3,906,0,NULL,2,2,0,1,24,600,1,NULL," -1",1,5,1,70
202000009477,19,7,2020,11:10:00,1,78,78128,1,3,1,2,D906,"48,6764960","1,9871840",202000009477,154 725 589,B01,2,1,0,2,4,15,5,NULL,202000009477,154 725 590,A01,1,1,3,1,1987,5,2,6,-1,0,0,-1,202000009477,3,906,0,NULL,2,2,0,1,24,600,1,NULL," -1",1,5,1,70
202000009477,19,7,2020,11:10:00,1,78,78128,1,3,1,2,D906,"48,6764960","1,9871840",202000009477,154 725 589,B01,2,1,0,2,4,15,5,NULL,202000009477,154 725 590,A01,2,2,1,1,1991,5,2,6,-1,0,0,-1,202000009477,3,906,0,NULL,2,2,0,1,24,600,1,NULL," -1",1,5,1,70
202000011705,16,6,2020,14:10:00,1,75,75109,2,3,1,3,"BOULEVARD HAUSSMANN","48,8734190","2,3296980",202000011705,154 721 656,A01,1,1,0,2,1,7,5,NULL,202000011705,154 721 655,B01,1,1,1,1,1998,4,1,8,-1,0,0,-1,202000011705,4,NULL,0,NULL,1,3,3,1,0,0,1,NULL," -1",1,-1,6,50
202000011705,16,6,2020,14:10:00,1,75,75109,2,3,1,3,"BOULEVARD HAUSSMANN","48,8734190","2,3296980",202000011705,154 721 656,A01,1,1,0,2,1,7,5,NULL,202000011705,154 721 656,A01,1,1,4,1,1989,9,2,8,-1,0,0,-1,202000011705,4,NULL,0,NULL,1,3,3,1,0,0,1,NULL," -1",1,-1,6,50
202000014587,7,5,2020,16:00:00,1,75,75116,2,7,1,3,"AVENUE FOCH","48,8737220","2,2940680",202000014587,154 716 694,A01,3,1,0,2,7,16,5,NULL,202000014587,154 716 694,A01,1,1,4,1,1951,9,8,0,-1,0,0,-1,202000014587,4,NULL,0,NULL,1,5,0,1,0,0,2,NULL," -1",1,9,1,50
202000014587,7,5,2020,16:00:00,1,75,75116,2,7,1,3,"AVENUE FOCH","48,8737220","2,2940680",202000014587,154 716 694,A01,3,1,0,2,7,16,5,NULL,202000014587,154 716 695,B01,1,1,1,2,1966,1,1,0,-1,0,0,-1,202000014587,4,NULL,0,NULL,1,5,0,1,0,0,2,NULL," -1",1,9,1,50
202000015536,13,6,2020,02:38:00,5,75,75119,2,1,1,6,"BOULEVARD DE LA VILLETTE","48,8792400","2,3704330",202000015536,154 714 963,A01,1,1,1,0,1,13,5,NULL,202000015536,154 714 963,A01,1,1,4,1,1990,9,2,0,-1,0,0,-1,202000015536,4,NULL,0,NULL,3,2,1,1,(1),0,1,NULL," -1",1,-1,5,50
202000016226,17,11,2020,17:23:00,2,17,17300,2,6,1,3,"MOULIN   AVENUE JEAN","46,1517900"," -1,1396600",202000016226,154 713 706,B01,1,1,0,2,2,0,5,NULL,202000016226,154 713 705,A01,1,1,1,1,1953,3,1,0,-1,-1," -1",-1,202000016226,4,"MOULIN   AVENUE JEAN",0,NULL,4,2,1,1,1,0,1,NULL," -1",1,5,1,50
202000016226,17,11,2020,17:23:00,2,17,17300,2,6,1,3,"MOULIN   AVENUE JEAN","46,1517900"," -1,1396600",202000016226,154 713 706,B01,1,1,0,2,2,0,5,NULL,202000016226,154 713 706,B01,1,1,4,2,1964,3,2,0,-1,-1," -1",-1,202000016226,4,"MOULIN   AVENUE JEAN",0,NULL,4,2,1,1,1,0,1,NULL," -1",1,5,1,50
202000016236,16,11,2020,10:15:00,1,05,05061,2,6,1,3,"CARREFOUR DE L'EUROPE","44,5548390","6,0751510",202000016236,154 713 690,B01,2,1,0,2,5,1,5,NULL,202000016236,154 713 690,B01,1,1,3,1,1948,5,2,8,-1,0,0,-1,202000016236,2,85,0,NULL,1,2,0,1,38,270,2,NULL," -1",2,0,1,50
202000016236,16,11,2020,10:15:00,1,05,05061,2,6,1,3,"CARREFOUR DE L'EUROPE","44,5548390","6,0751510",202000016236,154 713 690,B01,2,1,0,2,5,1,5,NULL,202000016236,154 713 691,C01,1,1,1,1,1945,5,1,-1,-1,0,0,-1,202000016236,2,85,0,NULL,1,2,0,1,38,270,2,NULL," -1",2,0,1,50
202000018287,3,5,2020,19:15:00,1,13,13038,2,1,1,1,"Rue Léo Lelée","43,7257550","4,7043070",202000018287,154 710 074,B01,2,1,0,1,6,1,0,NULL,202000018287,154 710 073,A01,1,1,1,1,1961,5,1,-1,-1,0,0,-1,202000018287,4,NULL,-1,NULL,2,2,0,1,(1),(1),1,NULL," -1",1,0,1,50
202000018287,3,5,2020,19:15:00,1,13,13038,2,1,1,1,"Rue Léo Lelée","43,7257550","4,7043070",202000018287,154 710 074,B01,2,1,0,1,6,1,0,NULL,202000018287,154 710 074,B01,10,3,3,1,1991,5,0,-1,-1,0,0,-1,202000018287,4,NULL,-1,NULL,2,2,0,1,(1),(1),1,NULL," -1",1,0,1,50
202000018287,3,5,2020,19:15:00,1,13,13038,2,1,1,1,"Rue Léo Lelée","43,7257550","4,7043070",202000018287,154 710 074,B01,2,1,0,1,6,1,0,NULL,202000018287,154 710 074,B01,1,1,4,1,2017,5,0,-1,-1,0,0,-1,202000018287,4,NULL,-1,NULL,2,2,0,1,(1),(1),1,NULL," -1",1,0,1,50
202000018588,21,1,2020,18:15:00,5,75,75101,2,3,1,4,"RUE DE RIVOLI","48,8660294","2,3250475",202000018588,154 709 556,B01,1,1,0,2,8,7,5,NULL,202000018588,154 709 554,A01,1,1,4,1,1964,1,2,6,-1,0,0,-1,202000018588,4,NULL,0,NULL,2,1,3,1,0,0,1,NULL,3,1,-1,6,50
202000018588,21,1,2020,18:15:00,5,75,75101,2,3,1,4,"RUE DE RIVOLI","48,8660294","2,3250475",202000018588,154 709 556,B01,1,1,0,2,8,7,5,NULL,202000018588,154 709 554,A01,2,2,4,2,1967,1,2,6,-1,0,0,-1,202000018588,4,NULL,0,NULL,2,1,3,1,0,0,1,NULL,3,1,-1,6,50
202000018588,21,1,2020,18:15:00,5,75,75101,2,3,1,4,"RUE DE RIVOLI","48,8660294","2,3250475",202000018588,154 709 556,B01,1,1,0,2,8,7,5,NULL,202000018588,154 709 556,B01,1,1,4,1,1968,1,8,2,-1,0,0,-1,202000018588,4,NULL,0,NULL,2,1,3,1,0,0,1,NULL,3,1,-1,6,50
202000019472,6,8,2020,08:50:00,1,27,27129,1,1,1,5,D131,"49,0787010","0,5600450",202000019472,154 707 954,B01,1,1,0,0,0,2,5,NULL,202000019472,154 707 948,A01,1,1,1,2,1944,1,1,-1,-1,0,0,-1,202000019472,3,131,0,NULL,2,2,0,1,2,454,1,NULL," -1",1,0,1,80
202000019472,6,8,2020,08:50:00,1,27,27129,1,1,1,5,D131,"49,0787010","0,5600450",202000019472,154 707 952,C01,1,1,0,2,6,2,5,NULL,202000019472,154 707 948,A01,1,1,1,2,1944,1,1,-1,-1,0,0,-1,202000019472,3,131,0,NULL,2,2,0,1,2,454,1,NULL," -1",1,0,1,80
202000019472,6,8,2020,08:50:00,1,27,27129,1,1,1,5,D131,"49,0787010","0,5600450",202000019472,154 707 950,D01,1,1,0,2,6,2,5,NULL,202000019472,154 707 948,A01,1,1,1,2,1944,1,1,-1,-1,0,0,-1,202000019472,3,131,0,NULL,2,2,0,1,2,454,1,NULL," -1",1,0,1,80
202000019472,6,8,2020,08:50:00,1,27,27129,1,1,1,5,D131,"49,0787010","0,5600450",202000019472,154 707 954,B01,1,1,0,0,0,2,5,NULL,202000019472,154 707 948,A01,2,2,1,2,2005,0,1,-1,-1,0,0,-1,202000019472,3,131,0,NULL,2,2,0,1,2,454,1,NULL," -1",1,0,1,80
202000019472,6,8,2020,08:50:00,1,27,27129,1,1,1,5,D131,"49,0787010","0,5600450",202000019472,154 707 952,C01,1,1,0,2,6,2,5,NULL,202000019472,154 707 948,A01,2,2,1,2,2005,0,1,-1,-1,0,0,-1,202000019472,3,131,0,NULL,2,2,0,1,2,454,1,NULL," -1",1,0,1,80
202000019472,6,8,2020,08:50:00,1,27,27129,1,1,1,5,D131,"49,0787010","0,5600450",202000019472,154 707 950,D01,1,1,0,2,6,2,5,NULL,202000019472,154 707 948,A01,2,2,1,2,2005,0,1,-1,-1,0,0,-1,202000019472,3,131,0,NULL,2,2,0,1,2,454,1,NULL," -1",1,0,1,80
202000019472,6,8,2020,08:50:00,1,27,27129,1,1,1,5,D131,"49,0787010","0,5600450",202000019472,154 707 954,B01,1,1,0,0,0,2,5,NULL,202000019472,154 707 950,D01,1,1,3,1,1989,5,2,-1,-1,0,0,-1,202000019472,3,131,0,NULL,2,2,0,1,2,454,1,NULL," -1",1,0,1,80
202000019472,6,8,2020,08:50:00,1,27,27129,1,1,1,5,D131,"49,0787010","0,5600450",202000019472,154 707 952,C01,1,1,0,2,6,2,5,NULL,202000019472,154 707 950,D01,1,1,3,1,1989,5,2,-1,-1,0,0,-1,202000019472,3,131,0,NULL,2,2,0,1,2,454,1,NULL," -1",1,0,1,80
202000019472,6,8,2020,08:50:00,1,27,27129,1,1,1,5,D131,"49,0787010","0,5600450",202000019472,154 707 950,D01,1,1,0,2,6,2,5,NULL,202000019472,154 707 950,D01,1,1,3,1,1989,5,2,-1,-1,0,0,-1,202000019472,3,131,0,NULL,2,2,0,1,2,454,1,NULL," -1",1,0,1,80
202000019472,6,8,2020,08:50:00,1,27,27129,1,1,1,5,D131,"49,0787010","0,5600450",202000019472,154 707 954,B01,1,1,0,0,0,2,5,NULL,202000019472,154 707 952,C01,1,1,4,1,1991,5,2,-1,-1,0,0,-1,202000019472,3,131,0,NULL,2,2,0,1,2,454,1,NULL," -1",1,0,1,80
202000019472,6,8,2020,08:50:00,1,27,27129,1,1,1,5,D131,"49,0787010","0,5600450",202000019472,154 707 952,C01,1,1,0,2,6,2,5,NULL,202000019472,154 707 952,C01,1,1,4,1,1991,5,2,-1,-1,0,0,-1,202000019472,3,131,0,NULL,2,2,0,1,2,454,1,NULL," -1",1,0,1,80
202000019472,6,8,2020,08:50:00,1,27,27129,1,1,1,5,D131,"49,0787010","0,5600450",202000019472,154 707 950,D01,1,1,0,2,6,2,5,NULL,202000019472,154 707 952,C01,1,1,4,1,1991,5,2,-1,-1,0,0,-1,202000019472,3,131,0,NULL,2,2,0,1,2,454,1,NULL," -1",1,0,1,80
202000019472,6,8,2020,08:50:00,1,27,27129,1,1,1,5,D131,"49,0787010","0,5600450",202000019472,154 707 954,B01,1,1,0,0,0,2,5,NULL,202000019472,154 707 954,B01,1,1,1,1,1986,5,2,-1,-1,0,0,-1,202000019472,3,131,0,NULL,2,2,0,1,2,454,1,NULL," -1",1,0,1,80
202000019472,6,8,2020,08:50:00,1,27,27129,1,1,1,5,D131,"49,0787010","0,5600450",202000019472,154 707 952,C01,1,1,0,2,6,2,5,NULL,202000019472,154 707 954,B01,1,1,1,1,1986,5,2,-1,-1,0,0,-1,202000019472,3,131,0,NULL,2,2,0,1,2,454,1,NULL," -1",1,0,1,80
202000019472,6,8,2020,08:50:00,1,27,27129,1,1,1,5,D131,"49,0787010","0,5600450",202000019472,154 707 950,D01,1,1,0,2,6,2,5,NULL,202000019472,154 707 954,B01,1,1,1,1,1986,5,2,-1,-1,0,0,-1,202000019472,3,131,0,NULL,2,2,0,1,2,454,1,NULL," -1",1,0,1,80
202000021200,10,6,2020,13:35:00,1,24,24139,1,2,1,3,"Route de la Petite Morinie","45,1215630","0,6442830",202000021200,154 704 918,B01,3,1,0,2,2,21,5,NULL,202000021200,154 704 918,B01,1,1,4,1,1956,5,2,-1,-1,0,0,-1,202000021200,3,202,0,NULL,2,2,0,1,(1),(1),2,NULL," -1",1,5,1,50
202000021200,10,6,2020,13:35:00,1,24,24139,1,2,1,3,"Route de la Petite Morinie","45,1215630","0,6442830",202000021200,154 704 918,B01,3,1,0,2,2,21,5,NULL,202000021200,154 704 919,A01,1,1,1,1,1965,0,8,-1,-1,0,0,-1,202000021200,3,202,0,NULL,2,2,0,1,(1),(1),2,NULL," -1",1,5,1,50
202000023715,3,10,2020,18:40:00,1,80,80001,2,3,1,7,"JEAN MENNESSON","50,1159400","1,8276500",202000023715,154 700 504,A01,1,1,0,0,0,1,5,NULL,202000023715,154 700 504,A01,1,1,3,1,1985,3,8,0,-1,0,0,-1,202000023715,4,NULL,0,NULL,1,1,0,2,0,0,1,NULL," -1",1,0,1,50
202000024432,9,7,2020,11:25:00,1,33,33529,1,1,1,3,"LIGNON (BD LOUIS)","44,6334500"," -1,1758400",202000024432,154 699 263,B01,2,1,0,2,8,2,5,NULL,202000024432,154 699 263,B01,1,1,4,1,1968,5,8,-1,-1,-1," -1",-1,202000024432,3,"LIGNON (BD LOUIS)",0,NULL,2,2,0,1,3,860,1,NULL," -1",1,0,1,80
202000024432,9,7,2020,11:25:00,1,33,33529,1,1,1,3,"LIGNON (BD LOUIS)","44,6334500"," -1,1758400",202000024432,154 699 263,B01,2,1,0,2,8,2,5,NULL,202000024432,154 699 264,A01,1,1,1,1,1948,5,1,-1,-1,-1," -1",-1,202000024432,3,"LIGNON (BD LOUIS)",0,NULL,2,2,0,1,3,860,1,NULL," -1",1,0,1,80
202000024975,7,9,2020,17:30:00,1,93,93064,2,3,1,3,"KENNEDY (AVENUE DU PRESIDENT)","48,8785900","2,4897200",202000024975,154 698 286,A01,2,1,0,2,1,1,5,NULL,202000024975,154 698 285,B01,1,1,1,2,2000,0,1,8,-1,-1," -1",-1,202000024975,3,902,0,NULL,2,2,0,1,1,1,1,NULL," -1",1,0,1,50
202000024975,7,9,2020,17:30:00,1,93,93064,2,3,1,3,"KENNEDY (AVENUE DU PRESIDENT)","48,8785900","2,4897200",202000024975,154 698 286,A01,2,1,0,2,1,1,5,NULL,202000024975,154 698 286,A01,1,1,3,1,2007,5,8,0,-1,-1," -1",-1,202000024975,3,902,0,NULL,2,2,0,1,1,1,1,NULL," -1",1,0,1,50
202000025254,5,8,2020,23:35:00,5,75,75113,2,2,1,3,"BOULEVARD MASSENA","48,8240390","2,3770070",202000025254,154 697 784,B01,2,1,0,2,1,1,5,NULL,202000025254,154 697 783,A01,1,1,1,1,1989,4,1,0,-1,0,0,-1,202000025254,4,NULL,0,NULL,1,2,1,2,0,0,1,NULL," -1",1,-1,5,50
202000025254,5,8,2020,23:35:00,5,75,75113,2,2,1,3,"BOULEVARD MASSENA","48,8240390","2,3770070",202000025254,154 697 784,B01,2,1,0,2,1,1,5,NULL,202000025254,154 697 784,B01,1,1,4,1,1995,9,8,0,-1,0,0,-1,202000025254,4,NULL,0,NULL,1,2,1,2,0,0,1,NULL," -1",1,-1,5,50
202000027244,4,8,2020,19:45:00,1,75,75112,2,2,1,3,"QUAI DE LA RAPEE","48,8434350","2,3707000",202000027244,154 694 342,Z01,2,1,0,2,8,20,5,NULL,202000027244,154 694 340,A01,1,1,4,1,1993,1,2,6,-1,0,0,-1,202000027244,4,NULL,0,NULL,2,3,1,1,0,0,1,NULL," -1",1,-1,5,50
202000027519,4,11,2020,08:55:00,1,17,17200,2,6,1,3,"LAGORD   AVENUE DE","46,1874569"," -1,1589104",202000027519,154 693 881,B01,3,1,0,2,1,1,5,NULL,202000027519,154 693 881,B01,1,1,4,2,1979,5,8,0,-1,-1," -1",-1,202000027519,4,"LAGORD   AVENUE DE",0,NULL,2,2,0,1,0,0,1,NULL," -1",1,5,1,30
202000027519,4,11,2020,08:55:00,1,17,17200,2,6,1,3,"LAGORD   AVENUE DE","46,1874569"," -1,1589104",202000027519,154 693 881,B01,3,1,0,2,1,1,5,NULL,202000027519,154 693 882,A01,1,1,1,1,1951,9,1,0,-1,-1," -1",-1,202000027519,4,"LAGORD   AVENUE DE",0,NULL,2,2,0,1,0,0,1,NULL," -1",1,5,1,30
202000030402,15,2,2020,04:15:00,5,75,75107,2,2,1,-1,"AVENUE DE BRETEUIL","48,8516530","2,3125440",202000030402,154 688 831,A01,2,1,0,2,3,16,5,NULL,202000030402,154 688 831,A01,1,1,4,1,1991,1,2,8,-1,0,0,-1,202000030402,4,NULL,0,NULL,1,2,0,1,0,0,1,NULL,5,1,0,1,50
202000031759,12,12,2020,17:40:00,5,92,92002,2,3,1,1,"AUGUSTE MOUNIE (RUE)","48,7537459","2,3034521",202000031759,154 686 539,A01,2,1,0,2,2,13,5,NULL,202000031759,154 686 539,A01,1,1,4,1,2003,5,8,0,-1,-1," -1",-1,202000031759,3,67,0,NULL,2,2,1,1,0,0,1,NULL," -1",2,0,1,30
202000031759,12,12,2020,17:40:00,5,92,92002,2,3,1,1,"AUGUSTE MOUNIE (RUE)","48,7537459","2,3034521",202000031759,154 686 539,A01,2,1,0,2,2,13,5,NULL,202000031759,154 686 540,B01,1,1,1,1,1999,5,1,0,-1,-1," -1",-1,202000031759,3,67,0,NULL,2,2,1,1,0,0,1,NULL," -1",2,0,1,30
202000031878,12,12,2020,12:29:00,1,68,68253,1,1,1,7,D52,"47,8040160","7,5328580",202000031878,154 686 326,A01,1,1,0,0,9,1,5,NULL,202000031878,154 686 326,A01,1,1,3,1,1959,5,2,-1,-1,0,0,-1,202000031878,3,52,0,NULL,2,2,1,1,13,0,1,NULL," -1",2,0,5,70
202000033699,31,5,2020,19:10:00,1,75,75104,2,3,1,1,"RUE DE RIVOLI","48,8552240","2,3611120",202000033699,154 683 206,B01,2,1,0,2,1,13,5,NULL,202000033699,154 683 202,A01,1,1,1,1,1994,9,2,0,-1,0,0,-1,202000033699,4,NULL,0,NULL,2,4,1,1,0,0,1,NULL," -1",1,-1,5,50
202000033699,31,5,2020,19:10:00,1,75,75104,2,3,1,1,"RUE DE RIVOLI","48,8552240","2,3611120",202000033699,154 683 202,A01,1,1,0,2,1,1,5,NULL,202000033699,154 683 202,A01,1,1,1,1,1994,9,2,0,-1,0,0,-1,202000033699,4,NULL,0,NULL,2,4,1,1,0,0,1,NULL," -1",1,-1,5,50
202000033699,31,5,2020,19:10:00,1,75,75104,2,3,1,1,"RUE DE RIVOLI","48,8552240","2,3611120",202000033699,154 683 206,B01,2,1,0,2,1,13,5,NULL,202000033699,154 683 206,B01,1,1,4,1,1972,9,2,0,-1,0,0,-1,202000033699,4,NULL,0,NULL,2,4,1,1,0,0,1,NULL," -1",1,-1,5,50
202000033699,31,5,2020,19:10:00,1,75,75104,2,3,1,1,"RUE DE RIVOLI","48,8552240","2,3611120",202000033699,154 683 202,A01,1,1,0,2,1,1,5,NULL,202000033699,154 683 206,B01,1,1,4,1,1972,9,2,0,-1,0,0,-1,202000033699,4,NULL,0,NULL,2,4,1,1,0,0,1,NULL," -1",1,-1,5,50
202000034088,5,7,2020,11:15:00,1,14,14047,2,6,2,3,"BD Maréchal LECLERC/ CD 572","49,2705450"," -0,7072770",202000034088,154 682 518,B01,2,1,0,2,7,1,5,NULL,202000034088,154 682 518,B01,1,1,3,1,1975,5,2,-1,-1,0,0,-1,202000034088,3,572,-1,NULL,2,2,0,1,(1),(1),1,NULL," -1",2,0,1,50
202000034088,5,7,2020,11:15:00,1,14,14047,2,6,2,3,"BD Maréchal LECLERC/ CD 572","49,2705450"," -0,7072770",202000034088,154 682 518,B01,2,1,0,2,7,1,5,NULL,202000034088,154 682 519,A01,1,1,1,1,1954,0,1,-1,-1,0,0,-1,202000034088,3,572,-1,NULL,2,2,0,1,(1),(1),1,NULL," -1",2,0,1,50
202000035732,27,5,2020,21:00:00,2,75,75104,2,7,1,3,"BOULEVARD BEAUMARCHAIS","48,8536186","2,3690504",202000035732,154 679 592,B01,1,1,0,2,1,1,5,NULL,202000035732,154 679 592,B01,1,1,4,1,1984,5,8,2,-1,0,0,-1,202000035732,4,NULL,0,NULL,2,6,1,1,0,0,1,NULL," -1",1,-1,5,50
202000035732,27,5,2020,21:00:00,2,75,75104,2,7,1,3,"BOULEVARD BEAUMARCHAIS","48,8536186","2,3690504",202000035732,154 679 592,B01,1,1,0,2,1,1,5,NULL,202000035732,154 679 593,A01,1,1,1,1,1962,3,1,0,-1,0,0,-1,202000035732,4,NULL,0,NULL,2,6,1,1,0,0,1,NULL," -1",1,-1,5,50
202000037058,17,5,2020,17:20:00,1,75,75107,2,5,1,3,"RUE DUPONT DES LOGES","48,8596570","2,3013390",202000037058,154 677 241,B01,1,1,0,2,4,1,5,NULL,202000037058,154 677 240,A01,1,1,1,2,1966,9,8,0,-1,0,0,-1,202000037058,4,NULL,0,NULL,-1,2,0,1,0,0,1,NULL," -1",1,0,1,50
202000037058,17,5,2020,17:20:00,1,75,75107,2,5,1,3,"RUE DUPONT DES LOGES","48,8596570","2,3013390",202000037058,154 677 240,A01,1,1,0,2,1,1,5,NULL,202000037058,154 677 240,A01,1,1,1,2,1966,9,8,0,-1,0,0,-1,202000037058,4,NULL,0,NULL,-1,2,0,1,0,0,1,NULL," -1",1,0,1,50
202000037058,17,5,2020,17:20:00,1,75,75107,2,5,1,3,"RUE DUPONT DES LOGES","48,8596570","2,3013390",202000037058,154 677 241,B01,1,1,0,2,4,1,5,NULL,202000037058,154 677 241,B01,1,1,4,2,1960,9,8,0,-1,0,0,-1,202000037058,4,NULL,0,NULL,-1,2,0,1,0,0,1,NULL," -1",1,0,1,50