Num_Acc,jour,mois,an,hrmn,lum,dep,com,agg,int,atm,col,adr,lat,long,Num_Acc,id_vehicule,num_veh,senc,catv,obs,obsm,choc,manv,motor,occutc,Num_Acc,id_vehicule,num_veh,place,catu,grav,sexe,an_nais,trajet,secu1,secu2,secu3,locp,actp,etatp,Num_Acc,catr,voie,v1,v2,circ,nbv,vosp,prof,pr,pr1,plan,lartpc,larrout,surf,infra,situ,vma
202000037058,17,5,2020,17:20:00,1,75,75107,2,5,1,3,"RUE DUPONT DES LOGES","48,8596570","2,3013390",202000037058,154 677 240,A01,1,1,0,2,1,1,5,NULL,202000037058,154 677 241,B01,1,1,4,2,1960,9,8,0,-1,0,0,-1,202000037058,4,NULL,0,NULL,-1,2,0,1,0,0,1,NULL," -1",1,0,1,50
202000040177,13,3,2020,14:40:00,1,80,80761,1,1,1,4,"Départementale 8","49,7628606","2,1663237",202000040177,154 671 754,C01,1,1,0,0,4,1,5,NULL,202000040177,154 671 752,A01,1,1,1,1,1926,9,1,-1,-1,0,0,-1,202000040177,3,8,-1,NULL,2,2,0,1,14,814,2,NULL," -1",1,0,1,80
202000040177,13,3,2020,14:40:00,1,80,80761,1,1,1,4,"Départementale 8","49,7628606","2,1663237",202000040177,154 671 753,B01,1,1,0,0,4,1,5,NULL,202000040177,154 671 752,A01,1,1,1,1,1926,9,1,-1,-1,0,0,-1,202000040177,3,8,-1,NULL,2,2,0,1,14,814,2,NULL," -1",1,0,1,80
202000040177,13,3,2020,14:40:00,1,80,80761,1,1,1,4,"Départementale 8","49,7628606","2,1663237",202000040177,154 671 754,C01,1,1,0,0,4,1,5,NULL,202000040177,154 671 753,B01,1,1,3,1,1945,5,2,-1,-1,0,0,-1,202000040177,3,8,-1,NULL,2,2,0,1,14,814,2,NULL," -1",1,0,1,80
202000040177,13,3,2020,14:40:00,1,80,80761,1,1,1,4,"Départementale 8","49,7628606","2,1663237",202000040177,154 671 753,B01,1,1,0,0,4,1,5,NULL,202000040177,154 671 753,B01,1,1,3,1,1945,5,2,-1,-1,0,0,-1,202000040177,3,8,-1,NULL,2,2,0,1,14,814,2,NULL," -1",1,0,1,80
202000040177,13,3,2020,14:40:00,1,80,80761,1,1,1,4,"Départementale 8","49,7628606","2,1663237",202000040177,154 671 754,C01,1,1,0,0,4,1,5,NULL,202000040177,154 671 754,C01,1,1,4,1,1940,5,2,-1,-1,0,0,-1,202000040177,3,8,-1,NULL,2,2,0,1,14,814,2,NULL," -1",1,0,1,80
202000040177,13,3,2020,14:40:00,1,80,80761,1,1,1,4,"Départementale 8","49,7628606","2,1663237",202000040177,154 671 753,B01,1,1,0,0,4,1,5,NULL,202000040177,154 671 754,C01,1,1,4,1,1940,5,2,-1,-1,0,0,-1,202000040177,3,8,-1,NULL,2,2,0,1,14,814,2,NULL," -1",1,0,1,80
202000041508,26,5,2020,22:30:00,5,69,69387,2,2,1,-1,"GAMBETTA                            (CO)","45,7544000","4,8455000",202000041508,154 669 388,B01,1,1,0,2,0,1,5,NULL,202000041508,154 669 387,A01,1,1,1,1,1981,0,1,8,-1,-1," -1",-1,202000041508,4,"GAMBETTA                            (CO)",0,NULL,1,4,1,1,0,0,1,NULL," -1",1,0,5,50
202000041508,26,5,2020,22:30:00,5,69,69387,2,2,1,-1,"GAMBETTA                            (CO)","45,7544000","4,8455000",202000041508,154 669 388,B01,1,1,0,2,0,1,5,NULL,202000041508,154 669 388,B01,1,1,4,1,1983,0,8,0,-1,-1," -1",-1,202000041508,4,"GAMBETTA                            (CO)",0,NULL,1,4,1,1,0,0,1,NULL," -1",1,0,5,50
202000042133,26,8,2020,12:15:00,1,45,45208,2,1,1,6,"Place de la République","47,9958800","2,7335700",202000042133,154 668 274,A01,3,1,0,1,1,5,5,NULL,202000042133,154 668 274,A01,1,1,4,1,1968,0,8,0,-1,-1," -1",-1,202000042133,4,NULL,0,NULL,1,1,0,1,(1),(1),1,NULL," -1",1,0,1,50
202000042133,26,8,2020,12:15:00,1,45,45208,2,1,1,6,"Place de la République","47,9958800","2,7335700",202000042133,154 668 274,A01,3,1,0,1,1,5,5,NULL,202000042133,154 668 274,A01,10,3,4,1,1966,9,0,-1,-1,2,3,1,202000042133,4,NULL,0,NULL,1,1,0,1,(1),(1),1,NULL," -1",1,0,1,50
202000042742,26,7,2020,00:30:00,5,75,75105,2,3,2,3,"BOULEVARD DE L HOPITAL","48,8418470","2,3631780",202000042742,154 667 177,B01,1,1,0,2,2,1,5,NULL,202000042742,154 667 177,B01,1,1,4,1,2001,5,2,0,-1,0,0,-1,202000042742,4,NULL,0,NULL,2,6,0,3,0,0,1,NULL," -1",2,0,1,50
202000042742,26,7,2020,00:30:00,5,75,75105,2,3,2,3,"BOULEVARD DE L HOPITAL","48,8418470","2,3631780",202000042742,154 667 177,B01,1,1,0,2,2,1,5,NULL,202000042742,154 667 180,A01,1,1,1,1,1969,9,1,0,-1,0,0,-1,202000042742,4,NULL,0,NULL,2,6,0,3,0,0,1,NULL," -1",2,0,1,50
202000043424,25,5,2020,09:00:00,1,75,75108,2,5,1,2,"AVENUE WINSTON CHURCHILL","48,8677260","2,3139960",202000043424,154 665 922,B01,1,1,0,2,1,18,0,NULL,202000043424,154 665 921,A01,2,2,1,2,1984,1,1,0,-1,0,0,-1,202000043424,4,NULL,0,NULL,2,4,0,1,0,0,1,NULL," -1",1,0,1,50
202000043424,25,5,2020,09:00:00,1,75,75108,2,5,1,2,"AVENUE WINSTON CHURCHILL","48,8677260","2,3139960",202000043424,154 665 922,B01,1,1,0,2,1,18,0,NULL,202000043424,154 665 921,A01,1,1,1,1,1982,9,8,0,-1,0,0,-1,202000043424,4,NULL,0,NULL,2,4,0,1,0,0,1,NULL," -1",1,0,1,50
202000043424,25,5,2020,09:00:00,1,75,75108,2,5,1,2,"AVENUE WINSTON CHURCHILL","48,8677260","2,3139960",202000043424,154 665 922,B01,1,1,0,2,1,18,0,NULL,202000043424,154 665 922,B01,1,1,4,1,1969,1,2,0,-1,0,0,-1,202000043424,4,NULL,0,NULL,2,4,0,1,0,0,1,NULL," -1",1,0,1,50
202000043983,22,9,2020,18:40:00,1,75,75112,2,1,1,6,"ROUTE DE LA TOURELLE","48,8245270","2,4322790",202000043983,154 664 953,A01,3,1,0,5,7,1,5,NULL,202000043983,154 664 953,A01,1,1,4,1,1945,5,8,0,-1,0,0,-1,202000043983,4,NULL,0,NULL,-1,1,0,1,0,0,1,NULL," -1",1,-1,5,50
202000044619,24,5,2020,17:33:00,1,33,33249,2,1,1,3,"1 Rue Saint Cricq","44,8697100"," -0,5313400",202000044619,154 663 790,B01,1,1,0,2,3,1,5,NULL,202000044619,154 663 790,B01,1,1,4,2,1987,5,8,0,-1,-1," -1",-1,202000044619,4,"RUE SAINT CRICQ",0,NULL,2,2,0,2,(1),(1),1,NULL," -1",1,0,1,30
202000044619,24,5,2020,17:33:00,1,33,33249,2,1,1,3,"1 Rue Saint Cricq","44,8697100"," -0,5313400",202000044619,154 663 790,B01,1,1,0,2,3,1,5,NULL,202000044619,154 663 791,A01,1,1,1,1,1993,0,8,0,-1,-1," -1",-1,202000044619,4,"RUE SAINT CRICQ",0,NULL,2,2,0,2,(1),(1),1,NULL," -1",1,0,1,30
202000007607,20,7,2020,17:40:00,1,75,75104,2,3,1,6,"RUE DE RIVOLI","48,8554560","2,3600900",202000007607,154 728 860,A01,1,1,0,1,2,1,5,NULL,202000007607,154 728 860,A01,1,1,1,1,2004,5,2,0,-1,0,0,-1,202000007607,4,NULL,0,NULL,2,5,1,1,0,0,1,NULL," -1",1,-1,5,50
202000007607,20,7,2020,17:40:00,1,75,75104,2,3,1,6,"RUE DE RIVOLI","48,8554560","2,3600900",202000007607,154 728 860,A01,1,1,0,1,2,1,5,NULL,202000007607,154 728 860,A01,10,3,3,2,1931,3,0,-1,-1,2,3,1,202000007607,4,NULL,0,NULL,2,5,1,1,0,0,1,NULL," -1",1,-1,5,50
202000009019,28,2,2020,15:00:00,1,75,75116,2,1,2,6,"RUE BOISSIERE","48,8690620","2,2862880",202000009019,154 726 401,A01,1,1,0,1,1,5,5,NULL,202000009019,154 726 401,A01,10,3,4,2,1982,5,0,-1,-1,1,3,1,202000009019,4,NULL,0,NULL,1,1,0,1,0,0,1,NULL," -1",2,0,1,50
202000009019,28,2,2020,15:00:00,1,75,75116,2,1,2,6,"RUE BOISSIERE","48,8690620","2,2862880",202000009019,154 726 401,A01,1,1,0,1,1,5,5,NULL,202000009019,154 726 401,A01,1,1,1,1,1983,1,2,0,-1,0,0,-1,202000009019,4,NULL,0,NULL,1,1,0,1,0,0,1,NULL," -1",2,0,1,50
202000009481,19,7,2020,13:00:00,1,05,05101,1,1,1,3,"Peyre Queyra (Pelvoux)","44,8957990","6,4447260",202000009481,154 725 583,B01,2,1,0,2,2,17,5,NULL,202000009481,154 725 583,B01,1,1,3,1,1976,5,2,-1,-1,0,0,-1,202000009481,3,204,0,T,2,2,0,2,(1),(1),1,NULL," -1",1,0,1,50
202000009481,19,7,2020,13:00:00,1,05,05101,1,1,1,3,"Peyre Queyra (Pelvoux)","44,8957990","6,4447260",202000009481,154 725 583,B01,2,1,0,2,2,17,5,NULL,202000009481,154 725 584,A01,1,1,1,1,1951,5,1,-1,-1,0,0,-1,202000009481,3,204,0,T,2,2,0,2,(1),(1),1,NULL," -1",1,0,1,50
202000009862,13,10,2020,08:00:00,1,45,45169,2,3,1,3,"Rue du Val d’Orléans - avenue de la coudraye ","47,9208370","1,8374470",202000009862,154 724 903,B01,3,1,0,2,7,19,5,NULL,202000009862,154 724 903,B01,1,1,4,1,2009,2,8,0,-1,-1," -1",-1,202000009862,4,NULL,0,NULL,2,2,1,1,(1),(1),1,NULL," -1",2,0,1,50
202000009862,13,10,2020,08:00:00,1,45,45169,2,3,1,3,"Rue du Val d’Orléans - avenue de la coudraye ","47,9208370","1,8374470",202000009862,154 724 903,B01,3,1,0,2,7,19,5,NULL,202000009862,154 724 904,A01,1,1,1,1,1984,1,1,0,-1,-1," -1",-1,202000009862,4,NULL,0,NULL,2,2,1,1,(1),(1),1,NULL," -1",2,0,1,50
202000010521,20,11,2020,11:20:00,1,69,69381,2,2,1,3,"REPUBLIQUE (DE LA)                  (R )","45,7661000","4,8359500",202000010521,154 723 762,B01,2,1,0,2,8,2,5,NULL,202000010521,154 723 761,A01,1,1,1,1,1995,4,1,8,-1,-1," -1",-1,202000010521,4,NULL,0,NULL,2,2,0,1,0,0,1,NULL," -1",1,0,1,30
202000010521,20,11,2020,11:20:00,1,69,69381,2,2,1,3,"REPUBLIQUE (DE LA)                  (R )","45,7661000","4,8359500",202000010521,154 723 762,B01,2,1,0,2,8,2,5,NULL,202000010521,154 723 762,B01,1,1,3,2,1995,4,8,8,-1,-1," -1",-1,202000010521,4,NULL,0,NULL,2,2,0,1,0,0,1,NULL," -1",1,0,1,30
202000014633,6,5,2020,19:27:00,1,69,69029,2,1,1,3,"GENAS (DE)                          (RO)","45,7486600","4,9159400",202000014633,154 716 619,B01,2,1,0,2,1,8,5,NULL,202000014633,154 716 619,B01,1,1,4,1,1989,0,2,0,-1,-1," -1",-1,202000014633,4,"GENAS (DE)                          (RO)",0,NULL,2,4,3,1,0,0,1,NULL," -1",1,0,1,50
202000016487,25,2,2020,17:45:00,1,66,66136,2,1,1,-1,"POINCARE (BOULEVARD HENRI)","42,6913200","2,8962600",202000016487,154 713 245,B01,1,1,0,2,7,19,5,NULL,202000016487,154 713 245,B01,1,1,4,1,1975,9,8,0,-1,0,0,-1,202000016487,4,"POINCARE (BOULEVARD HENRI)",0,NULL,2,1,0,1,0,0,1,NULL," -1",1,0,1,50
202000016487,25,2,2020,17:45:00,1,66,66136,2,1,1,-1,"POINCARE (BOULEVARD HENRI)","42,6913200","2,8962600",202000016487,154 713 245,B01,1,1,0,2,7,19,5,NULL,202000016487,154 713 246,A01,1,1,1,2,1945,0,1,8,-1,0,0,-1,202000016487,4,"POINCARE (BOULEVARD HENRI)",0,NULL,2,1,0,1,0,0,1,NULL," -1",1,0,1,50
202000017630,6,10,2020,19:25:00,5,972,97213,2,1,1,3,"ROUTE NATIONALE 5","14,5962000"," -60,9925000",202000017630,154 711 208,A01,2,1,0,2,2,19,5,NULL,202000017630,154 711 207,B01,1,1,1,1,1964,4,8,8,-1,-1," -1",-1,202000017630,2,"ROUTE NATIONALE 5",0,NULL,1,1,3,1,0,500,1,NULL," -1",1,9,6,60
202000017630,6,10,2020,19:25:00,5,972,97213,2,1,1,3,"ROUTE NATIONALE 5","14,5962000"," -60,9925000",202000017630,154 711 208,A01,2,1,0,2,2,19,5,NULL,202000017630,154 711 208,A01,1,1,3,1,1959,5,2,0,-1,-1," -1",-1,202000017630,2,"ROUTE NATIONALE 5",0,NULL,1,1,3,1,0,500,1,NULL," -1",1,9,6,60
202000019608,6,8,2020,09:10:00,1,60,60159,2,6,1,3,"Rue du Port à Bateaux","49,4156300","2,8194400",202000019608,154 707 692,B01,1,1,0,2,7,1,5,NULL,202000019608,154 707 692,B01,1,1,3,2,1995,4,2,4,-1,-1," -1",-1,202000019608,4,NULL,0,NULL,1,1,0,2,(1),(1),3,NULL," -1",1,5,1,30
202000019608,6,8,2020,09:10:00,1,60,60159,2,6,1,3,"Rue du Port à Bateaux","49,4156300","2,8194400",202000019608,154 707 692,B01,1,1,0,2,7,1,5,NULL,202000019608,154 707 694,A01,1,1,1,1,1966,5,1,0,-1,-1," -1",-1,202000019608,4,NULL,0,NULL,1,1,0,2,(1),(1),3,NULL," -1",1,5,1,30
202000020720,10,7,2020,08:30:00,1,69,69385,2,1,1,3,"GARDE (DE LA)                           ","45,7648300","4,7884500",202000020720,154 705 780,B01,1,1,0,2,1,1,5,NULL,202000020720,154 705 779,A01,1,1,1,1,1937,5,1,8,-1,-1," -1",-1,202000020720,4,"GARDE (DE LA)                           ",0,NULL,2,2,0,2,0,0,2,NULL," -1",1,0,1,5
202000020720,10,7,2020,08:30:00,1,69,69385,2,1,1,3,"GARDE (DE LA)                           ","45,7648300","4,7884500",202000020720,154 705 780,B01,1,1,0,2,1,1,5,NULL,202000020720,154 705 780,B01,1,1,4,1,1993,1,2,0,-1,-1," -1",-1,202000020720,4,"GARDE (DE LA)                           ",0,NULL,2,2,0,2,0,0,2,NULL," -1",1,0,1,5
202000020768,10,7,2020,18:40:00,1,34,34172,2,2,1,6,"LAVERUNE (ROUTE DE","43,5995480","3,8430640",202000020768,154 705 684,A01,1,1,0,1,1,1,5,NULL,202000020768,154 705 684,A01,1,1,4,1,1958,0,0,0,-1,-1," -1",-1,202000020768,4,NULL,0,NULL,2,2,0,2,0,0,1,NULL,4,1,0,1,50
202000020768,10,7,2020,18:40:00,1,34,34172,2,2,1,6,"LAVERUNE (ROUTE DE","43,5995480","3,8430640",202000020768,154 705 684,A01,1,1,0,1,1,1,5,NULL,202000020768,154 705 684,A01,10,3,4,1,1943,0,0,-1,-1,2,3,1,202000020768,4,NULL,0,NULL,2,2,0,2,0,0,1,NULL,4,1,0,1,50
202000021053,9,9,2020,07:30:00,2,31,31555,2,1,1,3,"BD DE LA MEDITERRANEE","43,5821400","1,4630500",202000021053,154 705 166,A01,0,1,0,2,1,19,5,NULL,202000021053,154 705 165,B01,1,1,1,1,1998,9,1,0,-1,-1," -1",-1,202000021053,4,"BD DE LA MEDITERRANEE",0,NULL,2,2,0,1,0,0,1,NULL," -1",1,0,1,50
202000021053,9,9,2020,07:30:00,2,31,31555,2,1,1,3,"BD DE LA MEDITERRANEE","43,5821400","1,4630500",202000021053,154 705 166,A01,0,1,0,2,1,19,5,NULL,202000021053,154 705 166,A01,1,1,3,2,1999,2,8,0,-1,-1," -1",-1,202000021053,4,"BD DE LA MEDITERRANEE",0,NULL,2,2,0,1,0,0,1,NULL," -1",1,0,1,50
202000021959,19,12,2020,14:55:00,1,67,67118,2,2,2,3,"Rue d'Oberhausbergen","48,5804860","7,6870390",202000021959,154 703 581,B01,0,1,0,2,1,1,5,NULL,202000021959,154 703 580,A01,1,1,1,1,1951,3,1,-1,-1,0,0,-1,202000021959,7,45,-1,NULL,2,-1,-1,1,0,50,1,NULL," -1",2,0,5,-1
202000021959,19,12,2020,14:55:00,1,67,67118,2,2,2,3,"Rue d'Oberhausbergen","48,5804860","7,6870390",202000021959,154 703 581,B01,0,1,0,2,1,1,5,NULL,202000021959,154 703 581,B01,1,1,3,2,1948,5,0,-1,-1,0,0,-1,202000021959,7,45,-1,NULL,2,-1,-1,1,0,50,1,NULL," -1",2,0,5,-1
202000024741,15,2,2020,09:20:00,1,79,79191,2,3,2,7,"5 Boulevard de la Liberté","46,3103600"," -0,4647600",202000024741,154 698 714,A01,2,1,0,0,0,1,5,NULL,202000024741,154 698 714,A01,1,1,4,1,1999,0,2,-1,-1,-1," -1",-1,202000024741,4,NULL,0,NULL,2,2,0,1,(1),(1),3,NULL,"5,7",2,0,1,50
202000024944,29,8,2020,23:45:00,5,11,11262,2,3,1,3,"FABRE (RUE D'EGLANTINE)","43,1808100","3,0099000",202000024944,154 698 339,B01,2,1,0,2,3,1,5,NULL,202000024944,154 698 339,B01,1,1,4,2,1977,1,8,8,-1,-1," -1",-1,202000024944,4,"FABRE (RUE D'EGLANTINE)",0,NULL,1,1,0,1,0,0,1,NULL," -1",1,0,1,30
202000024944,29,8,2020,23:45:00,5,11,11262,2,3,1,3,"FABRE (RUE D'EGLANTINE)","43,1808100","3,0099000",202000024944,154 698 339,B01,2,1,0,2,3,1,5,NULL,202000024944,154 698 340,A01,1,1,1,1,1938,5,8,0,-1,-1," -1",-1,202000024944,4,"FABRE (RUE D'EGLANTINE)",0,NULL,1,1,0,1,0,0,1,NULL," -1",1,0,1,30
202000025409,6,11,2020,13:16:00,1,31,31557,2,1,1,3,"NEOUVIELLE (RUE DU)","43,5795500","1,3149900",202000025409,154 697 507,B01,0,1,0,2,9,1,5,NULL,202000025409,154 697 507,B01,1,1,4,1,2005,0,8,0,-1,-1," -1",-1,202000025409,4,"NEOUVIELLE (RUE DU)",0,NULL,2,2,0,1,0,0,1,NULL," -1",1,0,1,50
202000025409,6,11,2020,13:16:00,1,31,31557,2,1,1,3,"NEOUVIELLE (RUE DU)","43,5795500","1,3149900",202000025409,154 697 507,B01,0,1,0,2,9,1,5,NULL,202000025409,154 697 509,A01,1,1,1,1,1997,1,1,0,-1,-1," -1",-1,202000025409,4,"NEOUVIELLE (RUE DU)",0,NULL,2,2,0,1,0,0,1,NULL," -1",1,0,1,50
202000028158,16,1,2020,09:30:00,1,75,75101,2,2,1,6,"BOULEVARD DE SEBASTOPOL","48,8605592","2,3493534",202000028158,154 692 759,A01,1,1,0,1,1,1,5,NULL,202000028158,154 692 759,A01,10,3,4,2,1974,3,0,-1,-1,4,3,1,202000028158,4,NULL,0,NULL,1,4,1,1,0,0,1,NULL,12,1,-1,5,50
202000028158,16,1,2020,09:30:00,1,75,75101,2,2,1,6,"BOULEVARD DE SEBASTOPOL","48,8605592","2,3493534",202000028158,154 692 759,A01,1,1,0,1,1,1,5,NULL,202000028158,154 692 759,A01,1,1,1,1,1993,1,8,2,-1,0,0,-1,202000028158,4,NULL,0,NULL,1,4,1,1,0,0,1,NULL,12,1,-1,5,50
202000028317,7,7,2020,14:30:00,1,94,94022,2,9,1,3,"ANATOLE FRANCE (AV)","48,7601800","2,4119200",202000028317,154 692 467,B01,1,1,0,2,1,19,0,NULL,202000028317,154 692 466,A01,1,1,1,1,1964,5,1,0,-1,-1," -1",-1,202000028317,4,"ANATOLE FRANCE (AV)",0,NULL,2,1,0,1,0,0,1,NULL," -1",1,0,8,50
202000028317,7,7,2020,14:30:00,1,94,94022,2,9,1,3,"ANATOLE FRANCE (AV)","48,7601800","2,4119200",202000028317,154 692 467,B01,1,1,0,2,1,19,0,NULL,202000028317,154 692 467,B01,1,1,4,1,1996,5,8,0,-1,-1," -1",-1,202000028317,4,"ANATOLE FRANCE (AV)",0,NULL,2,1,0,1,0,0,1,NULL," -1",1,0,8,50
202000028745,5,9,2020,10:35:00,1,75,75112,2,3,1,7,"AVENUE DAUMESNIL","48,8473440","2,3753230",202000028745,154 691 699,A01,1,1,0,0,0,21,5,NULL,202000028745,154 691 699,A01,1,1,4,2,1988,5,8,0,-1,0,0,-1,202000028745,4,NULL,0,NULL,2,1,1,1,0,0,1,NULL," -1",1,-1,5,50
202000029751,3,6,2020,21:35:00,5,75,75105,2,7,3,2,"PONT D AUSTERLITZ","48,8442300","2,3647680",202000029751,154 689 967,A01,2,1,0,2,8,15,5,NULL,202000029751,154 689 965,B01,1,1,4,1,1988,9,2,6,-1,-1," -1",-1,202000029751,4,NULL,0,NULL,1,5,0,1,0,0,1,NULL," -1",2,2,1,30
202000029751,3,6,2020,21:35:00,5,75,75105,2,7,3,2,"PONT D AUSTERLITZ","48,8442300","2,3647680",202000029751,154 689 967,A01,2,1,0,2,8,15,5,NULL,202000029751,154 689 967,A01,1,1,4,2,1994,5,8,0,-1,-1," -1",-1,202000029751,4,NULL,0,NULL,1,5,0,1,0,0,1,NULL," -1",2,2,1,30
202000030566,14,2,2020,08:50:00,1,75,75117,2,2,1,3,"RUE GUY MOQUET","48,8924420","2,3247890",202000030566,154 688 546,A01,2,1,0,2,0,15,5,NULL,202000030566,154 688 545,B01,1,1,1,1,1983,9,2,6,-1,0,0,-1,202000030566,4,NULL,0,NULL,2,2,1,1,0,0,1,NULL,7,1,-1,5,50
202000030566,14,2,2020,08:50:00,1,75,75117,2,2,1,3,"RUE GUY MOQUET","48,8924420","2,3247890",202000030566,154 688 546,A01,2,1,0,2,0,15,5,NULL,202000030566,154 688 546,A01,1,1,4,1,1988,1,8,0,-1,0,0,-1,202000030566,4,NULL,0,NULL,2,2,1,1,0,0,1,NULL,7,1,-1,5,50
202000031128,29,10,2020,18:00:00,2,35,35238,2,2,2,3,"LAENNEC (BD RENE)","48,1098100"," -1,6655700",202000031128,154 687 627,A01,3,1,0,2,1,1,5,NULL,202000031128,154 687 627,A01,1,1,4,2,1991,0,2,0,-1,-1," -1",-1,202000031128,4,"LAENNEC (BD RENE)",0,NULL,2,2,2,1,0,0,1,NULL," -1",2,5,5,50
202000031128,29,10,2020,18:00:00,2,35,35238,2,2,2,3,"LAENNEC (BD RENE)","48,1098100"," -1,6655700",202000031128,154 687 627,A01,3,1,0,2,1,1,5,NULL,202000031128,154 687 628,B01,1,1,1,2,1987,0,1,0,-1,-1," -1",-1,202000031128,4,"LAENNEC (BD RENE)",0,NULL,2,2,2,1,0,0,1,NULL," -1",2,5,5,50
202000031355,31,5,2020,12:20:00,1,80,80021,2,1,1,1,"DOULLENS (RUE DE)","49,9062900","2,3051400",202000031355,154 687 240,A01,0,1,0,2,1,25,5,NULL,202000031355,154 687 240,A01,1,1,4,1,2007,0,8,0,-1,-1," -1",-1,202000031355,4,"DOULLENS (RUE DE)",0,NULL,2,2,0,4,0,0,1,NULL," -1",1,0,1,50
202000031355,31,5,2020,12:20:00,1,80,80021,2,1,1,1,"DOULLENS (RUE DE)","49,9062900","2,3051400",202000031355,154 687 240,A01,0,1,0,2,1,25,5,NULL,202000031355,154 687 241,B01,1,1,1,1,1995,0,1,0,-1,-1," -1",-1,202000031355,4,"DOULLENS (RUE DE)",0,NULL,2,2,0,4,0,0,1,NULL," -1",1,0,1,50
202000031951,15,1,2020,10:20:00,1,75,75119,2,1,1,3,"RUE DE CRIMEE","48,8811921","2,3876247",202000031951,154 686 202,A01,1,1,0,2,8,9,5,NULL,202000031951,154 686 202,A01,1,1,1,1,1997,5,8,2,-1,0,0,-1,202000031951,4,NULL,0,NULL,2,2,3,2,64,0,1,NULL," -1",1,-1,6,50
202000031951,15,1,2020,10:20:00,1,75,75119,2,1,1,3,"RUE DE CRIMEE","48,8811921","2,3876247",202000031951,154 686 202,A01,1,1,0,2,8,9,5,NULL,202000031951,154 686 203,B01,1,1,4,2,1987,1,8,2,-1,0,0,-1,202000031951,4,NULL,0,NULL,2,2,3,2,64,0,1,NULL," -1",1,-1,6,50
202000032732,3,9,2020,18:20:00,1,69,69199,2,1,1,3,"JEAN JAURES                         (AV)","45,7115300","4,8551200",202000032732,154 684 902,A01,3,1,0,2,0,1,5,NULL,202000032732,154 684 902,A01,1,1,4,2,1993,1,2,0,-1,-1," -1",-1,202000032732,4,"JEAN JAURES      (AV)",0,NULL,2,2,0,1,0,0,1,NULL," -1",1,0,1,50
202000032732,3,9,2020,18:20:00,1,69,69199,2,1,1,3,"JEAN JAURES                         (AV)","45,7115300","4,8551200",202000032732,154 684 902,A01,3,1,0,2,0,1,5,NULL,202000032732,154 684 903,B01,1,1,1,1,1943,0,8,8,-1,-1," -1",-1,202000032732,4,"JEAN JAURES      (AV)",0,NULL,2,2,0,1,0,0,1,NULL," -1",1,0,1,50
202000032774,3,9,2020,16:10:00,1,35,35238,2,4,1,3,"DINAN (DE)","48,1172100"," -1,6823000",202000032774,154 684 836,B01,0,1,0,2,1,0,0,NULL,202000032774,154 684 836,B01,1,1,4,1,2000,5,8,0,-1,-1," -1",-1,202000032774,4,"DINAN (DE)",0,NULL,-1,1,0,1,0,0,1,NULL," -1",1,0,1,50
202000032774,3,9,2020,16:10:00,1,35,35238,2,4,1,3,"DINAN (DE)","48,1172100"," -1,6823000",202000032774,154 684 836,B01,0,1,0,2,1,0,0,NULL,202000032774,154 684 837,A01,1,1,1,2,1947,0,1,8,-1,-1," -1",-1,202000032774,4,"DINAN (DE)",0,NULL,-1,1,0,1,0,0,1,NULL," -1",1,0,1,50
202000034149,3,7,2020,08:40:00,1,35,35238,2,1,1,7,"LEROUX (BD OSCAR)","48,0915000"," -1,6647000",202000034149,154 682 410,A01,2,1,0,0,1,26,5,NULL,202000034149,154 682 410,A01,1,1,4,2,1987,9,2,4,-1,-1," -1",-1,202000034149,4,"LEROUX (BD OSCAR)",0,NULL,3,2,2,1,(1),(1),1,NULL," -1",1,0,1,50
202000034149,3,7,2020,08:40:00,1,35,35238,2,1,1,7,"LEROUX (BD OSCAR)","48,0915000"," -1,6647000",202000034149,154 682 410,A01,2,1,0,0,1,26,5,NULL,202000034149,154 682 410,A01,4,2,4,1,2017,0,3,0,-1,-1," -1",-1,202000034149,4,"LEROUX (BD OSCAR)",0,NULL,3,2,2,1,(1),(1),1,NULL," -1",1,0,1,50
202000035282,30,5,2020,14:05:00,1,78,78548,1,1,1,1,D91,"48,7108720","2,0017330",202000035282,154 680 410,B01,2,1,0,2,1,13,5,NULL,202000035282,154 680 407,A01,1,1,3,1,1994,5,2,-1,-1,0,0,-1,202000035282,3,91,0,NULL,2,2,0,1,15,680,1,NULL,7,1,0,1,80
202000035282,30,5,2020,14:05:00,1,78,78548,1,1,1,1,D91,"48,7108720","2,0017330",202000035282,154 680 410,B01,2,1,0,2,1,13,5,NULL,202000035282,154 680 410,B01,1,1,3,1,1957,5,2,-1,-1,0,0,-1,202000035282,3,91,0,NULL,2,2,0,1,15,680,1,NULL,7,1,0,1,80
202000037373,26,9,2020,14:15:00,1,17,17187,2,3,8,3,D148,"45,4405010"," -0,5135200",202000037373,154 676 706,B01,1,1,0,2,1,1,5,NULL,202000037373,154 676 705,A01,1,1,1,2,1954,5,1,-1,-1,0,0,-1,202000037373,3,148,-1,NULL,2,2,0,1,19,888,1,NULL," -1",2,0,1,50