Num_Acc,jour,mois,an,hrmn,lum,dep,com,agg,int,atm,col,adr,lat,long,Num_Acc,id_vehicule,num_veh,senc,catv,obs,obsm,choc,manv,motor,occutc,Num_Acc,id_vehicule,num_veh,place,catu,grav,sexe,an_nais,trajet,secu1,secu2,secu3,locp,actp,etatp,Num_Acc,catr,voie,v1,v2,circ,nbv,vosp,prof,pr,pr1,plan,lartpc,larrout,surf,infra,situ,vma
202000037373,26,9,2020,14:15:00,1,17,17187,2,3,8,3,D148,"45,4405010"," -0,5135200",202000037373,154 676 706,B01,1,1,0,2,1,1,5,NULL,202000037373,154 676 706,B01,1,1,4,1,2004,5,0,-1,-1,0,0,-1,202000037373,3,148,-1,NULL,2,2,0,1,19,888,1,NULL," -1",2,0,1,50
202000038036,1,7,2020,13:45:00,1,74,74080,2,1,1,3,"Route de l'Etale","45,8950150","6,4267500",202000038036,154 675 505,A01,2,1,0,2,2,5,5,NULL,202000038036,154 675 504,B01,1,1,1,1,1957,5,1,-1,-1,0,0,-1,202000038036,4,NULL,-1,NULL,2,2,0,2,(1),(1),2,NULL," -1",1,0,3,50
202000038036,1,7,2020,13:45:00,1,74,74080,2,1,1,3,"Route de l'Etale","45,8950150","6,4267500",202000038036,154 675 505,A01,2,1,0,2,2,5,5,NULL,202000038036,154 675 505,A01,1,1,3,2,2007,5,0,-1,-1,0,0,-1,202000038036,4,NULL,-1,NULL,2,2,0,2,(1),(1),2,NULL," -1",1,0,3,50
202000038399,31,8,2020,08:55:00,1,44,44172,2,6,1,3,"Rond Point des Bornes","47,2750470"," -1,4685820",202000038399,154 674 868,B01,1,1,0,2,2,1,5,NULL,202000038399,154 674 867,A01,1,1,1,2,1977,1,1,-1,-1,0,0,-1,202000038399,7,723,0,NULL,3,2,0,1,(1),(1),2,NULL," -1",1,5,1,80
202000038399,31,8,2020,08:55:00,1,44,44172,2,6,1,3,"Rond Point des Bornes","47,2750470"," -1,4685820",202000038399,154 674 868,B01,1,1,0,2,2,1,5,NULL,202000038399,154 674 868,B01,1,1,3,1,1991,1,0,-1,-1,0,0,-1,202000038399,7,723,0,NULL,3,2,0,1,(1),(1),2,NULL," -1",1,5,1,80
202000038894,28,5,2020,16:50:00,1,91,91174,2,1,1,2,"JEAN JAURES (BOULEVARD)","48,6068100","2,4657700",202000038894,154 674 001,A01,1,1,0,2,1,17,0,NULL,202000038894,154 674 000,B01,1,1,1,1,1996,0,1,0,-1,-1," -1",-1,202000038894,2,7,0,NULL,2,3,0,2,0,0,1,NULL," -1",1,0,1,50
202000038894,28,5,2020,16:50:00,1,91,91174,2,1,1,2,"JEAN JAURES (BOULEVARD)","48,6068100","2,4657700",202000038894,154 674 001,A01,1,1,0,2,1,17,0,NULL,202000038894,154 674 001,A01,1,1,4,1,1991,0,8,0,-1,-1," -1",-1,202000038894,2,7,0,NULL,2,3,0,2,0,0,1,NULL," -1",1,0,1,50
202000039484,25,9,2020,15:30:00,1,69,69266,2,3,1,3,"EMILE ZOLA     (Cours)","45,7667158","4,8947698",202000039484,154 672 947,B01,2,1,0,2,1,1,5,NULL,202000039484,154 672 947,B01,1,1,4,1,1984,5,2,8,-1,-1," -1",-1,202000039484,4,"EMILE ZOLA     (Cours)",0,NULL,2,4,1,1,313,0,1,NULL," -1",1,0,1,50
202000039484,25,9,2020,15:30:00,1,69,69266,2,3,1,3,"EMILE ZOLA     (Cours)","45,7667158","4,8947698",202000039484,154 672 947,B01,2,1,0,2,1,1,5,NULL,202000039484,154 672 949,A01,1,1,1,1,1992,3,1,0,-1,-1," -1",-1,202000039484,4,"EMILE ZOLA     (Cours)",0,NULL,2,4,1,1,313,0,1,NULL," -1",1,0,1,50
202000040698,5,12,2020,22:20:00,5,69,69266,2,1,1,2,"EMILE ZOLA     (Cours)","45,7708000","4,8660600",202000040698,154 670 831,B01,0,1,0,0,0,0,0,NULL,202000040698,154 670 831,B01,1,1,4,1,2002,1,2,0,-1,-1," -1",-1,202000040698,4,"EMILE ZOLA     (Cours)",0,NULL,2,2,2,1,(1),(1),1,NULL," -1",1,0,5,50
202000040698,5,12,2020,22:20:00,5,69,69266,2,1,1,2,"EMILE ZOLA     (Cours)","45,7708000","4,8660600",202000040698,154 670 831,B01,0,1,0,0,0,0,0,NULL,202000040698,154 670 832,A01,2,2,1,2,1994,0,1,0,-1,-1," -1",-1,202000040698,4,"EMILE ZOLA     (Cours)",0,NULL,2,2,2,1,(1),(1),1,NULL," -1",1,0,5,50
202000040698,5,12,2020,22:20:00,5,69,69266,2,1,1,2,"EMILE ZOLA     (Cours)","45,7708000","4,8660600",202000040698,154 670 831,B01,0,1,0,0,0,0,0,NULL,202000040698,154 670 832,A01,1,1,1,1,1993,5,1,0,-1,-1," -1",-1,202000040698,4,"EMILE ZOLA     (Cours)",0,NULL,2,2,2,1,(1),(1),1,NULL," -1",1,0,5,50
202000042120,27,8,2020,11:09:00,1,74,74200,2,2,1,3,"ABONDANCE (AVENUE D') A PARTIR DU CH DU","46,3979700","6,6147400",202000042120,154 668 296,B01,1,1,0,2,1,1,5,NULL,202000042120,154 668 296,B01,1,1,4,1,1948,5,2,0,-1,-1," -1",-1,202000042120,3,rd24,0,NULL,2,2,0,2,4,550,1,NULL," -1",1,0,1,50
202000042120,27,8,2020,11:09:00,1,74,74200,2,2,1,3,"ABONDANCE (AVENUE D') A PARTIR DU CH DU","46,3979700","6,6147400",202000042120,154 668 296,B01,1,1,0,2,1,1,5,NULL,202000042120,154 668 297,A01,1,1,1,1,1972,5,1,0,-1,-1," -1",-1,202000042120,3,rd24,0,NULL,2,2,0,2,4,550,1,NULL," -1",1,0,1,50
202000046500,20,5,2020,16:55:00,1,67,67482,2,3,1,2,"ARTHUR RIMBAUD (RUE)","48,5889130","7,7140690",202000046500,154 660 514,B01,2,1,0,2,2,1,5,NULL,202000046500,154 660 514,B01,1,1,4,2,1988,5,8,0,-1,-1," -1",-1,202000046500,4,NULL,0,NULL,1,1,0,1,0,0,1,NULL," -1",1,0,1,50
202000046500,20,5,2020,16:55:00,1,67,67482,2,3,1,2,"ARTHUR RIMBAUD (RUE)","48,5889130","7,7140690",202000046500,154 660 514,B01,2,1,0,2,2,1,5,NULL,202000046500,154 660 515,A01,1,1,1,1,1956,0,1,8,-1,-1," -1",-1,202000046500,4,NULL,0,NULL,1,1,0,1,0,0,1,NULL," -1",1,0,1,50
202000046502,26,8,2020,10:12:00,1,92,92026,2,1,1,2,"VERDUN (DE 62 A FIN)","48,9026600","2,2585600",202000046502,154 660 516,A01,1,1,0,2,8,7,5,NULL,202000046502,154 660 516,A01,1,1,4,2,1986,1,8,0,-1,-1," -1",-1,202000046502,3,908,0,NULL,1,4,3,1,0,0,1,NULL," -1",1,0,1,50
202000046502,26,8,2020,10:12:00,1,92,92026,2,1,1,2,"VERDUN (DE 62 A FIN)","48,9026600","2,2585600",202000046502,154 660 516,A01,1,1,0,2,8,7,5,NULL,202000046502,154 660 521,B01,1,1,1,1,1974,4,1,8,-1,-1," -1",-1,202000046502,3,908,0,NULL,1,4,3,1,0,0,1,NULL," -1",1,0,1,50
202000046655,2,1,2020,16:00:00,1,75,75107,2,1,1,7,"BOULEVARD RASPAIL","48,8535870","2,3263320",202000046655,154 660 252,A01,2,1,0,0,0,21,5,NULL,202000046655,154 660 252,A01,1,1,4,1,1978,9,8,2,-1,0,0,-1,202000046655,4,NULL,0,NULL,3,2,3,1,27,0,1,NULL," -1",1,-1,6,50
202000008211,11,8,2020,15:30:00,1,51,51507,1,1,7,3,D85,"49,1033334","4,9021969",202000008211,154 727 802,B01,1,1,0,2,3,2,5,NULL,202000008211,154 727 801,A01,1,1,1,1,1942,5,0,-1,-1,0,0,-1,202000008211,3,85,-1,NULL,2,2,0,2,15,400,1,NULL," -1",1,0,1,80
202000008211,11,8,2020,15:30:00,1,51,51507,1,1,7,3,D85,"49,1033334","4,9021969",202000008211,154 727 802,B01,1,1,0,2,3,2,5,NULL,202000008211,154 727 802,B01,1,1,4,1,1972,5,2,-1,-1,0,0,-1,202000008211,3,85,-1,NULL,2,2,0,2,15,400,1,NULL," -1",1,0,1,80
202000010080,15,8,2020,18:10:00,1,68,68297,2,1,1,-1,"HUNINGUE ( RUE DE )","47,5875600","7,5673900",202000010080,154 724 519,B01,1,1,1,2,1,2,6,NULL,202000010080,154 724 518,A01,1,1,1,2,1967,1,8,0,-1,-1," -1",-1,202000010080,4,"HUNINGUE ( RUE DE )",0,NULL,2,2,0,1,(1),(1),1,NULL," -1",1,0,1,50
202000010080,15,8,2020,18:10:00,1,68,68297,2,1,1,-1,"HUNINGUE ( RUE DE )","47,5875600","7,5673900",202000010080,154 724 519,B01,1,1,1,2,1,2,6,NULL,202000010080,154 724 519,B01,1,1,4,1,1966,5,8,0,-1,-1," -1",-1,202000010080,4,"HUNINGUE ( RUE DE )",0,NULL,2,2,0,1,(1),(1),1,NULL," -1",1,0,1,50
202000011330,14,9,2020,20:50:00,5,75,75118,2,3,1,3,"BOULEVARD NEY","48,8979920","2,3424000",202000011330,154 722 318,A01,3,1,0,2,7,19,5,NULL,202000011330,154 722 318,A01,1,1,4,1,1974,9,2,0,-1,0,0,-1,202000011330,4,NULL,0,NULL,3,7,0,1,0,0,1,NULL," -1",1,0,1,50
202000011870,30,7,2020,17:55:00,1,75,75103,2,3,1,3,"RUE DU VERTBOIS","48,8677040","2,3548690",202000011870,154 721 377,A01,1,1,0,2,1,1,5,NULL,202000011870,154 721 377,A01,1,1,4,1,1974,1,8,0,-1,0,0,-1,202000011870,4,NULL,0,NULL,1,2,0,1,0,0,1,NULL," -1",1,0,1,50
202000013082,24,1,2020,12:05:00,1,91,91479,2,2,1,3,"ALEXANDRE DUMAS (AVENUE)","48,7104100","2,3590200",202000013082,154 719 294,B01,1,1,0,2,8,2,0,NULL,202000013082,154 719 293,A01,1,1,1,2,1968,1,1,0,-1,-1," -1",-1,202000013082,4,"ALEXANDRE DUMAS (AVENUE)",0,NULL,2,2,0,1,0,0,1,NULL," -1",2,0,1,50
202000013082,24,1,2020,12:05:00,1,91,91479,2,2,1,3,"ALEXANDRE DUMAS (AVENUE)","48,7104100","2,3590200",202000013082,154 719 294,B01,1,1,0,2,8,2,0,NULL,202000013082,154 719 294,B01,1,1,4,1,1976,5,8,0,-1,-1," -1",-1,202000013082,4,"ALEXANDRE DUMAS (AVENUE)",0,NULL,2,2,0,1,0,0,1,NULL," -1",2,0,1,50
202000017717,10,8,2020,10:24:00,1,49,49007,2,2,1,3,CARNOT,"47,4753600"," -0,5485700",202000017717,154 711 053,B01,1,1,0,2,8,1,5,NULL,202000017717,154 711 053,B01,1,1,4,2,1969,1,8,0,-1,-1," -1",-1,202000017717,4,CARNOT,0,NULL,1,3,1,1,0,0,1,NULL," -1",1,0,5,50
202000017717,10,8,2020,10:24:00,1,49,49007,2,2,1,3,CARNOT,"47,4753600"," -0,5485700",202000017717,154 711 053,B01,1,1,0,2,8,1,5,NULL,202000017717,154 711 054,A01,1,1,1,1,2002,1,1,0,-1,-1," -1",-1,202000017717,4,CARNOT,0,NULL,1,3,1,1,0,0,1,NULL," -1",1,0,5,50
202000020092,13,11,2020,07:50:00,1,93,93057,2,2,1,3,"AUFFRET (AL. JULES) DE 62 A FIN","48,9094682","2,5112177",202000020092,154 706 850,B01,1,1,0,2,0,0,0,NULL,202000020092,154 706 849,A01,1,1,1,1,1982,4,8,0,-1,-1," -1",-1,202000020092,4,NULL,0,NULL,1,1,0,1,0,0,1,NULL," -1",1,0,1,50
202000020092,13,11,2020,07:50:00,1,93,93057,2,2,1,3,"AUFFRET (AL. JULES) DE 62 A FIN","48,9094682","2,5112177",202000020092,154 706 850,B01,1,1,0,2,0,0,0,NULL,202000020092,154 706 850,B01,1,1,4,1,1973,1,0,-1,-1,0,0,-1,202000020092,4,NULL,0,NULL,1,1,0,1,0,0,1,NULL," -1",1,0,1,50
202000020584,17,1,2020,07:55:00,2,67,67482,2,1,1,3,"BRUMATH (ROUTE DE)","48,5971830","7,7411110",202000020584,154 706 021,B01,1,1,0,2,8,1,5,NULL,202000020584,154 706 021,B01,1,1,4,1,1976,1,2,0,-1,-1,0,-1,202000020584,4,NULL,0,NULL,1,4,1,1,0,0,1,NULL," -1",1,0,1,50
202000020584,17,1,2020,07:55:00,2,67,67482,2,1,1,3,"BRUMATH (ROUTE DE)","48,5971830","7,7411110",202000020584,154 706 021,B01,1,1,0,2,8,1,5,NULL,202000020584,154 706 022,A01,1,1,1,1,1950,0,1,8,-1,-1,0,-1,202000020584,4,NULL,0,NULL,1,4,1,1,0,0,1,NULL," -1",1,0,1,50
202000022491,11,1,2020,11:10:00,1,47,47169,1,1,7,2,"Route Nationale 21","44,1560227","0,6273555",202000022491,154 702 661,B01,1,1,0,0,4,2,5,NULL,202000022491,154 702 660,A01,1,1,1,1,1933,5,1,-1,-1,0,0,-1,202000022491,2,21,0,NULL,2,2,0,4,74,100,1,NULL," -1",1,0,1,80
202000022491,11,1,2020,11:10:00,1,47,47169,1,1,7,2,"Route Nationale 21","44,1560227","0,6273555",202000022491,154 702 661,B01,1,1,0,0,4,2,5,NULL,202000022491,154 702 661,B01,1,1,3,1,1972,5,2,-1,-1,0,0,-1,202000022491,2,21,0,NULL,2,2,0,4,74,100,1,NULL," -1",1,0,1,80
202000024174,17,4,2020,18:15:00,1,22,22190,2,1,1,2,"Route de Langrolay","48,5391070"," -2,0481670",202000024174,154 699 710,B01,1,1,0,0,1,0,5,NULL,202000024174,154 699 710,B01,1,1,3,2,2003,5,0,-1,-1,0,0,-1,202000024174,3,28,-1,NULL,2,2,0,1,1,1800,3,NULL,4,1,0,1,50
202000026361,7,7,2020,18:20:00,2,18,18033,2,1,1,3,"TURLY (RUE DE)","47,0974000","2,4134000",202000026361,154 695 877,B01,2,1,0,2,8,0,5,NULL,202000026361,154 695 877,B01,1,1,3,1,1951,5,8,0,-1,-1," -1",-1,202000026361,4,"ORLEANS (ROUTE D')",0,NULL,1,1,3,1,0,0,3,NULL," -1",1,0,1,50
202000026361,7,7,2020,18:20:00,2,18,18033,2,1,1,3,"TURLY (RUE DE)","47,0974000","2,4134000",202000026361,154 695 877,B01,2,1,0,2,8,0,5,NULL,202000026361,154 695 878,A01,1,1,1,1,1958,4,1,0,-1,-1," -1",-1,202000026361,4,"ORLEANS (ROUTE D')",0,NULL,1,1,3,1,0,0,3,NULL," -1",1,0,1,50
202000028312,7,7,2020,18:25:00,1,94,94081,2,3,1,3,"MOULIN DE SAQUET (AV DU)","48,7907870","2,3809670",202000028312,154 692 476,B01,2,1,0,2,1,2,5,NULL,202000028312,154 692 476,B01,1,1,4,1,1994,1,2,0,-1,-1," -1",-1,202000028312,3,148,0,NULL,2,2,0,2,(1),(1),3,NULL," -1",1,5,1,50
202000028312,7,7,2020,18:25:00,1,94,94081,2,3,1,3,"MOULIN DE SAQUET (AV DU)","48,7907870","2,3809670",202000028312,154 692 476,B01,2,1,0,2,1,2,5,NULL,202000028312,154 692 477,A01,1,1,1,1,1988,4,8,0,-1,-1," -1",-1,202000028312,3,148,0,NULL,2,2,0,2,(1),(1),3,NULL," -1",1,5,1,50
202000028492,17,2,2020,10:00:00,1,93,93066,2,1,1,2,"CAQUET (PLACE)","48,9370500","2,3595600",202000028492,154 692 138,B01,0,1,0,2,4,15,5,NULL,202000028492,154 692 137,A01,1,1,1,1,1964,0,1,8,-1,-1," -1",-1,202000028492,4,"CAQUET (PLACE)",0,NULL,-1,2,0,1,0,1,1,NULL," -1",1,0,1,30
202000028492,17,2,2020,10:00:00,1,93,93066,2,1,1,2,"CAQUET (PLACE)","48,9370500","2,3595600",202000028492,154 692 138,B01,0,1,0,2,4,15,5,NULL,202000028492,154 692 138,B01,1,1,4,1,1994,0,8,0,-1,-1," -1",-1,202000028492,4,"CAQUET (PLACE)",0,NULL,-1,2,0,1,0,1,1,NULL," -1",1,0,1,30
202000031351,31,7,2020,19:10:00,1,83,83069,2,3,1,3,"MOULIN (AVENUE JEAN)","43,1136000","6,1290000",202000031351,154 687 251,B01,3,1,0,2,1,26,0,NULL,202000031351,154 687 249,A01,1,1,1,1,1983,0,8,0,-1,-1," -1",-1,202000031351,3,NC,0,NULL,1,3,0,1,11,200,1,NULL," -1",1,0,5,50
202000031351,31,7,2020,19:10:00,1,83,83069,2,3,1,3,"MOULIN (AVENUE JEAN)","43,1136000","6,1290000",202000031351,154 687 251,B01,3,1,0,2,1,26,0,NULL,202000031351,154 687 251,B01,1,1,4,2,1957,0,8,0,-1,-1," -1",-1,202000031351,3,NC,0,NULL,1,3,0,1,11,200,1,NULL," -1",1,0,5,50
202000031817,12,12,2020,08:55:00,1,974,97407,2,6,1,3,CARPAYE(AVENUE)," -20,9496300","55,3015800",202000031817,154 686 441,B01,3,1,0,2,1,19,5,NULL,202000031817,154 686 440,A01,1,1,1,1,1950,0,1,8,-1,-1," -1",-1,202000031817,2,CARPAYE(AVENUE),0,NULL,-1,2,1,1,0,0,3,NULL," -1",1,0,5,50
202000031817,12,12,2020,08:55:00,1,974,97407,2,6,1,3,CARPAYE(AVENUE)," -20,9496300","55,3015800",202000031817,154 686 441,B01,3,1,0,2,1,19,5,NULL,202000031817,154 686 441,B01,1,1,4,1,1958,0,8,8,-1,-1," -1",-1,202000031817,2,CARPAYE(AVENUE),0,NULL,-1,2,1,1,0,0,3,NULL," -1",1,0,5,50
202000032237,4,7,2020,01:30:00,5,06,06088,2,1,1,5,"RISSO (BD)","43,7038390","7,2809080",202000032237,154 685 722,C01,2,1,1,2,0,0,5,NULL,202000032237,154 685 722,C01,1,1,2,1,1988,5,8,8,-1,-1," -1",-1,202000032237,4,"RISSO (BD)",0,NULL,1,1,0,1,0,0,1,NULL," -1",1,9,1,50
202000032237,4,7,2020,01:30:00,5,06,06088,2,1,1,5,"RISSO (BD)","43,7038390","7,2809080",202000032237,154 685 722,C01,2,1,1,2,0,0,5,NULL,202000032237,154 685 723,B01,1,1,1,1,1997,5,8,6,-1,-1," -1",-1,202000032237,4,"RISSO (BD)",0,NULL,1,1,0,1,0,0,1,NULL," -1",1,9,1,50
202000032237,4,7,2020,01:30:00,5,06,06088,2,1,1,5,"RISSO (BD)","43,7038390","7,2809080",202000032237,154 685 722,C01,2,1,1,2,0,0,5,NULL,202000032237,154 685 724,A01,1,1,1,1,1997,5,2,6,-1,-1," -1",-1,202000032237,4,"RISSO (BD)",0,NULL,1,1,0,1,0,0,1,NULL," -1",1,9,1,50
202000032722,2,9,2020,06:25:00,1,988,98818,2,4,1,3,"BRETELLE BONAPARTE FOREST"," -22,2420200","166,4572900",202000032722,154 684 918,B01,3,1,0,2,2,1,5,NULL,202000032722,154 684 918,B01,1,1,4,1,1963,1,8,0,-1,-1," -1",-1,202000032722,4,80,0,NULL,2,2,0,1,0,0,1,NULL," -1",1,5,1,50
202000032722,2,9,2020,06:25:00,1,988,98818,2,4,1,3,"BRETELLE BONAPARTE FOREST"," -22,2420200","166,4572900",202000032722,154 684 918,B01,3,1,0,2,2,1,5,NULL,202000032722,154 684 919,A01,1,1,1,2,1951,1,1,8,-1,0,0,-1,202000032722,4,80,0,NULL,2,2,0,1,0,0,1,NULL," -1",1,5,1,50
202000033423,31,5,2020,10:25:00,1,51,51555,1,1,1,7,D12,"48,7418706","4,3089799",202000033423,154 683 689,A01,1,1,0,0,0,1,5,NULL,202000033423,154 683 689,A01,1,1,2,1,1958,5,2,-1,-1,0,0,-1,202000033423,3,12,0,NULL,2,2,0,3,(1),(1),1,NULL," -1",1,0,8,80
202000035146,27,10,2020,18:00:00,5,971,97120,2,3,1,-1,"NELSON MANDELA","16,2409912"," -61,5318114",202000035146,154 680 650,B01,3,1,0,2,1,9,5,NULL,202000035146,154 680 648,A01,1,1,1,2,1991,0,1,8,-1,-1," -1",-1,202000035146,4,"NELSON MANDELA",0,NULL,1,2,0,1,0,0,1,NULL," -1",1,0,1,50
202000035146,27,10,2020,18:00:00,5,971,97120,2,3,1,-1,"NELSON MANDELA","16,2409912"," -61,5318114",202000035146,154 680 650,B01,3,1,0,2,1,9,5,NULL,202000035146,154 680 650,B01,1,1,4,1,2003,5,8,0,-1,-1," -1",-1,202000035146,4,"NELSON MANDELA",0,NULL,1,2,0,1,0,0,1,NULL," -1",1,0,1,50
202000035703,30,5,2020,09:10:00,1,75,75110,2,2,1,3,"BOULEVARD DE LA VILLETTE","48,8736396","2,3750159",202000035703,154 679 653,B01,2,1,0,2,0,1,5,NULL,202000035703,154 679 653,B01,1,1,4,2,1981,4,8,2,-1,0,0,-1,202000035703,4,NULL,0,NULL,3,3,1,1,0,0,1,NULL," -1",1,-1,5,50
202000035703,30,5,2020,09:10:00,1,75,75110,2,2,1,3,"BOULEVARD DE LA VILLETTE","48,8736396","2,3750159",202000035703,154 679 653,B01,2,1,0,2,0,1,5,NULL,202000035703,154 679 654,A01,1,1,1,1,1998,4,1,0,-1,0,0,-1,202000035703,4,NULL,0,NULL,3,3,1,1,0,0,1,NULL," -1",1,-1,5,50
202000038967,28,5,2020,13:35:00,1,75,75101,2,7,1,3,"RUE DE RIVOLI","48,8626980","2,3353930",202000038967,154 673 870,A01,1,1,0,2,7,1,5,NULL,202000038967,154 673 870,A01,1,1,4,2,1987,1,8,0,-1,0,0,-1,202000038967,4,NULL,0,NULL,2,2,1,1,0,0,1,NULL," -1",1,-1,5,50
202000043330,24,5,2020,08:55:00,1,28,28078,1,1,7,2,D927,"48,1124040","0,8896710",202000043330,154 666 099,B01,1,1,0,2,4,2,5,NULL,202000043330,154 666 098,A01,1,1,1,1,1991,1,1,-1,-1,0,0,-1,202000043330,3,927,-1,NULL,2,2,0,1,90,171,1,NULL," -1",1,0,1,80
202000043330,24,5,2020,08:55:00,1,28,28078,1,1,7,2,D927,"48,1124040","0,8896710",202000043330,154 666 099,B01,1,1,0,2,4,2,5,NULL,202000043330,154 666 099,B01,1,1,3,1,1958,5,2,-1,-1,0,0,-1,202000043330,3,927,-1,NULL,2,2,0,1,90,171,1,NULL," -1",1,0,1,80
202000044216,11,1,2020,09:10:00,1,30,30011,2,6,1,3,"2EME DB (AVENUE DE LA)","43,9584500","4,7675100",202000044216,154 664 534,B01,2,1,0,0,0,0,5,NULL,202000044216,154 664 534,B01,1,1,3,1,1947,5,2,0,-1,-1," -1",-1,202000044216,3,900,0,NULL,3,2,0,1,1,750,1,NULL," -1",1,9,1,50
202000044359,27,8,2020,16:13:00,1,75,75110,2,1,1,3,"QUAI DE JEMMAPES","48,8714190","2,3656060",202000044359,154 664 266,Z01,1,1,0,2,3,9,5,NULL,202000044359,154 664 264,A01,1,1,4,2,1984,9,2,0,-1,0,0,-1,202000044359,4,NULL,0,NULL,1,2,1,1,0,0,1,NULL," -1",1,-1,5,50
202000044857,17,5,2020,11:30:00,1,91,91041,1,1,1,3,D19,"48,5731150","2,2472190",202000044857,154 663 374,A01,3,1,0,0,4,26,5,NULL,202000044857,154 663 373,B01,1,1,3,1,1961,5,0,-1,-1,0,0,-1,202000044857,9,19,0,D,2,2,1,2,10,650,1,NULL," -1",1,9,5,20
202000044857,17,5,2020,11:30:00,1,91,91041,1,1,1,3,D19,"48,5731150","2,2472190",202000044857,154 663 373,B01,0,1,0,0,1,26,5,NULL,202000044857,154 663 373,B01,1,1,3,1,1961,5,0,-1,-1,0,0,-1,202000044857,9,19,0,D,2,2,1,2,10,650,1,NULL," -1",1,9,5,20
202000044857,17,5,2020,11:30:00,1,91,91041,1,1,1,3,D19,"48,5731150","2,2472190",202000044857,154 663 374,A01,3,1,0,0,4,26,5,NULL,202000044857,154 663 374,A01,1,1,1,1,1966,5,0,-1,-1,0,0,-1,202000044857,9,19,0,D,2,2,1,2,10,650,1,NULL," -1",1,9,5,20
202000044857,17,5,2020,11:30:00,1,91,91041,1,1,1,3,D19,"48,5731150","2,2472190",202000044857,154 663 373,B01,0,1,0,0,1,26,5,NULL,202000044857,154 663 374,A01,1,1,1,1,1966,5,0,-1,-1,0,0,-1,202000044857,9,19,0,D,2,2,1,2,10,650,1,NULL," -1",1,9,5,20
202000046106,8,3,2020,13:55:00,1,75,75103,2,3,2,3,"RUE REAUMUR","48,8653450","2,3566330",202000046106,154 661 237,A01,1,1,0,2,8,13,5,NULL,202000046106,154 661 236,B01,1,1,4,2,1987,5,2,6,-1,0,0,-1,202000046106,4,NULL,0,NULL,1,2,0,1,0,0,1,NULL," -1",2,0,1,50
202000046106,8,3,2020,13:55:00,1,75,75103,2,3,2,3,"RUE REAUMUR","48,8653450","2,3566330",202000046106,154 661 237,A01,1,1,0,2,8,13,5,NULL,202000046106,154 661 237,A01,1,1,4,2,1967,5,2,0,-1,0,0,-1,202000046106,4,NULL,0,NULL,1,2,0,1,0,0,1,NULL," -1",2,0,1,50
202000046541,31,1,2020,16:00:00,1,13,13098,1,1,1,2,"COLLES CHEMIN DES","43,4410130","5,0206790",202000046541,154 660 452,A01,2,1,0,2,1,2,0,NULL,202000046541,154 660 452,A01,1,1,4,1,1980,3,8,0,-1,-1," -1",-1,202000046541,4,"COLLES CHEMIN DES",0,NULL,3,2,0,4,(1),(1),2,NULL," -1",1,5,1,50
202000046541,31,1,2020,16:00:00,1,13,13098,1,1,1,2,"COLLES CHEMIN DES","43,4410130","5,0206790",202000046541,154 660 452,A01,2,1,0,2,1,2,0,NULL,202000046541,154 660 461,B01,1,1,1,1,1963,3,1,8,-1,-1," -1",-1,202000046541,4,"COLLES CHEMIN DES",0,NULL,3,2,0,4,(1),(1),2,NULL," -1",1,5,1,50
202000046784,2,1,2020,11:15:00,1,56,56078,1,1,1,7,"Kerméné VC n° 12","47,7768480"," -3,4680190",202000046784,154 660 018,A01,0,1,0,0,0,1,5,NULL,202000046784,154 660 018,A01,1,1,2,1,1956,5,0,-1,-1,0,0,-1,202000046784,4,12,-1,NULL,2,2,0,2,(1),(1),1,NULL," -1",1,0,1,50
202000007251,16,9,2020,14:17:00,1,25,25370,2,3,1,3,"Rue de la Gare","47,4372410","6,7798630",202000007251,154 729 506,B01,1,1,0,2,3,15,5,NULL,202000007251,154 729 505,A01,1,1,1,1,1999,4,1,-1,-1,0,0,-1,202000007251,4,NULL,0,NULL,2,2,0,1,(1),(1),1,NULL," -1",1,0,1,50
202000007251,16,9,2020,14:17:00,1,25,25370,2,3,1,3,"Rue de la Gare","47,4372410","6,7798630",202000007251,154 729 506,B01,1,1,0,2,3,15,5,NULL,202000007251,154 729 506,B01,1,1,3,1,2008,5,0,-1,-1,0,0,-1,202000007251,4,NULL,0,NULL,2,2,0,1,(1),(1),1,NULL," -1",1,0,1,50
202000007525,18,6,2020,19:10:00,1,59,59009,2,2,1,-1,"DECUGIS YVES RUE         RESTE","50,6190770","3,1422490",202000007525,154 729 003,B01,3,1,0,2,8,2,5,NULL,202000007525,154 729 003,B01,1,1,4,2,1978,5,8,0,-1,-1," -1",-1,202000007525,7,941,0,NULL,2,0,1,1,(1),(1),1,NULL," -1",1,0,1,50
202000007525,18,6,2020,19:10:00,1,59,59009,2,2,1,-1,"DECUGIS YVES RUE         RESTE","50,6190770","3,1422490",202000007525,154 729 003,B01,3,1,0,2,8,2,5,NULL,202000007525,154 729 004,A01,1,1,1,1,2000,5,2,0,-1,-1," -1",-1,202000007525,7,941,0,NULL,2,0,1,1,(1),(1),1,NULL," -1",1,0,1,50
202000009192,15,9,2020,13:15:00,1,93,93055,2,3,1,3,"JULES AUFFRET (51/FIN ET 56/FIN)","48,8875000","2,4103000",202000009192,154 726 078,A01,2,1,0,2,1,26,5,NULL,202000009192,154 726 078,A01,1,1,4,1,1963,0,8,0,-1,-1," -1",-1,202000009192,3,"JULES AUFFRET (51/FIN ET 56/FIN)",0,NULL,2,2,0,2,0,1,1,NULL," -1",1,5,1,50