Num_Acc,jour,mois,an,hrmn,lum,dep,com,agg,int,atm,col,adr,lat,long,Num_Acc,id_vehicule,num_veh,senc,catv,obs,obsm,choc,manv,motor,occutc,Num_Acc,id_vehicule,num_veh,place,catu,grav,sexe,an_nais,trajet,secu1,secu2,secu3,locp,actp,etatp,Num_Acc,catr,voie,v1,v2,circ,nbv,vosp,prof,pr,pr1,plan,lartpc,larrout,surf,infra,situ,vma
202000009192,15,9,2020,13:15:00,1,93,93055,2,3,1,3,"JULES AUFFRET (51/FIN ET 56/FIN)","48,8875000","2,4103000",202000009192,154 726 078,A01,2,1,0,2,1,26,5,NULL,202000009192,154 726 079,B01,1,1,1,1,1989,4,8,0,-1,-1," -1",-1,202000009192,3,"JULES AUFFRET (51/FIN ET 56/FIN)",0,NULL,2,2,0,2,0,1,1,NULL," -1",1,5,1,50
202000009648,17,6,2020,15:30:00,1,05,05061,2,6,1,3,"Bernard GIVAUDAN (Avenue) D900B","44,5431000","6,0651300",202000009648,154 725 296,B01,2,1,0,2,7,1,5,NULL,202000009648,154 725 295,A01,1,1,1,1,1949,5,1,0,-1,-1," -1",-1,202000009648,3,"Bernard GIVAUDAN (Avenue) D900B",0,NULL,2,2,0,1,0,373,1,NULL," -1",1,5,1,50
202000009648,17,6,2020,15:30:00,1,05,05061,2,6,1,3,"Bernard GIVAUDAN (Avenue) D900B","44,5431000","6,0651300",202000009648,154 725 296,B01,2,1,0,2,7,1,5,NULL,202000009648,154 725 296,B01,1,1,4,1,2004,5,2,8,-1,-1," -1",-1,202000009648,3,"Bernard GIVAUDAN (Avenue) D900B",0,NULL,2,2,0,1,0,373,1,NULL," -1",1,5,1,50
202000013433,10,9,2020,11:30:00,1,71,71453,1,9,1,7,"les têtes","46,2476645","4,0527548",202000013433,154 718 679,A01,2,1,14,9,1,1,5,NULL,202000013433,154 718 679,A01,1,1,3,1,1962,5,2,-1,-1,0,0,-1,202000013433,9,NULL,-1,NULL,-1,2,1,1,3,(1),1,NULL," -1",1,0,5,-1
202000014378,18,11,2020,07:30:00,2,64,64348,2,1,1,3,"FREDERIC ET IRENE JOLIOT CURIE","43,3045432"," -0,4193580",202000014378,154 717 034,A01,1,1,0,2,3,15,5,NULL,202000014378,154 717 033,B01,1,1,1,1,1984,1,1,0,-1,-1," -1",-1,202000014378,4,NULL,0,NULL,2,2,0,1,0,0,1,NULL," -1",1,0,1,50
202000014378,18,11,2020,07:30:00,2,64,64348,2,1,1,3,"FREDERIC ET IRENE JOLIOT CURIE","43,3045432"," -0,4193580",202000014378,154 717 034,A01,1,1,0,2,3,15,5,NULL,202000014378,154 717 034,A01,1,1,4,1,2002,1,-1,0,-1,-1," -1",-1,202000014378,4,NULL,0,NULL,2,2,0,1,0,0,1,NULL," -1",1,0,1,50
202000014892,15,7,2020,09:07:00,1,75,75106,2,3,1,3,"PLACE SAINT SULPICE","48,8512590","2,3337920",202000014892,154 716 148,B01,1,1,0,2,6,1,5,NULL,202000014892,154 716 146,A01,1,1,1,1,1960,4,1,0,-1,0,0,-1,202000014892,4,NULL,0,NULL,1,2,1,1,0,0,1,NULL," -1",1,-1,5,30
202000014892,15,7,2020,09:07:00,1,75,75106,2,3,1,3,"PLACE SAINT SULPICE","48,8512590","2,3337920",202000014892,154 716 148,B01,1,1,0,2,6,1,5,NULL,202000014892,154 716 148,B01,1,1,4,1,1981,1,2,0,-1,0,0,-1,202000014892,4,NULL,0,NULL,1,2,1,1,0,0,1,NULL," -1",1,-1,5,30
202000015552,13,6,2020,11:00:00,1,94,94052,2,1,1,3,"JOINVILLE (AV DE)","48,8313522","2,4691608",202000015552,154 714 935,B01,1,1,0,2,1,26,5,NULL,202000015552,154 714 935,B01,1,1,4,1,1995,0,8,0,-1,-1," -1",-1,202000015552,3,86,0,NULL,1,0,1,1,0,1,1,NULL,0,1,0,5,50
202000015552,13,6,2020,11:00:00,1,94,94052,2,1,1,3,"JOINVILLE (AV DE)","48,8313522","2,4691608",202000015552,154 714 935,B01,1,1,0,2,1,26,5,NULL,202000015552,154 714 936,A01,1,1,1,2,1953,9,1,0,-1,-1," -1",-1,202000015552,3,86,0,NULL,1,0,1,1,0,1,1,NULL,0,1,0,5,50
202000020463,21,1,2020,10:40:00,1,75,75106,2,7,1,2,"PLACE DU DIX HUIT JUIN 1940","48,8440360","2,3233680",202000020463,154 706 248,B01,1,1,0,2,4,2,5,NULL,202000020463,154 706 248,B01,1,1,4,1,1948,5,8,2,-1,0,0,-1,202000020463,4,NULL,0,NULL,2,6,-1,1,0,0,1,NULL," -1",1,0,1,50
202000020463,21,1,2020,10:40:00,1,75,75106,2,7,1,2,"PLACE DU DIX HUIT JUIN 1940","48,8440360","2,3233680",202000020463,154 706 248,B01,1,1,0,2,4,2,5,NULL,202000020463,154 706 249,A01,1,1,1,2,1972,4,1,0,-1,0,0,-1,202000020463,4,NULL,0,NULL,2,6,-1,1,0,0,1,NULL," -1",1,0,1,50
202000021267,8,6,2020,14:25:00,1,56,56121,2,4,1,2,"JAURES ( AVE JEAN )","47,7452800"," -3,3706100",202000021267,154 704 795,A01,2,1,0,2,1,2,5,NULL,202000021267,154 704 795,A01,1,1,4,1,2002,5,2,8,-1,-1," -1",-1,202000021267,4,"JAURES ( AVE JEAN )",0,NULL,2,2,0,1,0,0,1,NULL," -1",1,0,1,30
202000021267,8,6,2020,14:25:00,1,56,56121,2,4,1,2,"JAURES ( AVE JEAN )","47,7452800"," -3,3706100",202000021267,154 704 795,A01,2,1,0,2,1,2,5,NULL,202000021267,154 704 796,B01,1,1,1,2,1963,5,1,8,-1,-1," -1",-1,202000021267,4,"JAURES ( AVE JEAN )",0,NULL,2,2,0,1,0,0,1,NULL," -1",1,0,1,30
202000021558,5,10,2020,11:45:00,1,04,04070,2,6,1,3,"RP Jean Jaure","44,0720369","6,1800402",202000021558,154 704 269,B01,3,1,0,2,8,1,5,NULL,202000021558,154 704 269,B01,1,1,3,1,1988,1,0,-1,-1,-1," -1",-1,202000021558,3,3,0,NULL,2,1,0,1,0,1,1,NULL," -1",1,5,1,50
202000021558,5,10,2020,11:45:00,1,04,04070,2,6,1,3,"RP Jean Jaure","44,0720369","6,1800402",202000021558,154 704 269,B01,3,1,0,2,8,1,5,NULL,202000021558,154 704 271,A01,1,1,1,1,1953,0,1,-1,-1,-1," -1",-1,202000021558,3,3,0,NULL,2,1,0,1,0,1,1,NULL," -1",1,5,1,50
202000022537,10,7,2020,14:35:00,1,75,75104,2,7,1,3,"RUE DES FRANCS BOURGEOIS","48,8563000","2,3649390",202000022537,154 702 582,A01,1,1,0,2,1,9,5,NULL,202000022537,154 702 582,A01,1,1,4,1,1946,5,2,0,-1,0,0,-1,202000022537,4,NULL,0,NULL,1,1,0,1,0,0,1,NULL," -1",1,0,1,30
202000022537,10,7,2020,14:35:00,1,75,75104,2,7,1,3,"RUE DES FRANCS BOURGEOIS","48,8563000","2,3649390",202000022537,154 702 582,A01,1,1,0,2,1,9,5,NULL,202000022537,154 702 583,B01,1,1,1,1,1966,4,1,0,-1,0,0,-1,202000022537,4,NULL,0,NULL,1,1,0,1,0,0,1,NULL," -1",1,0,1,30
202000025169,5,8,2020,19:15:00,1,49,49328,2,1,1,3,"DOLMEN (ROND-POINT DU)","47,2465900"," -0,0936000",202000025169,154 697 931,B01,2,1,0,2,1,2,5,NULL,202000025169,154 697 931,B01,1,1,4,2,1959,5,8,0,-1,-1," -1",-1,202000025169,4,"DOLMEN (ROND-POINT DU)",0,NULL,-1,1,0,2,0,0,1,NULL," -1",1,5,1,30
202000025169,5,8,2020,19:15:00,1,49,49328,2,1,1,3,"DOLMEN (ROND-POINT DU)","47,2465900"," -0,0936000",202000025169,154 697 931,B01,2,1,0,2,1,2,5,NULL,202000025169,154 697 935,A01,1,1,1,2,1971,5,1,0,-1,-1," -1",-1,202000025169,4,"DOLMEN (ROND-POINT DU)",0,NULL,-1,1,0,2,0,0,1,NULL," -1",1,5,1,30
202000025955,18,12,2020,11:00:00,1,72,72054,1,6,1,3,"Saint Hubert des Rochers","48,0076110","0,3381730",202000025955,154 696 612,B01,1,1,0,2,7,1,5,NULL,202000025955,154 696 611,A01,1,1,1,1,1950,5,8,-1,-1,0,0,-1,202000025955,3,357,-1,NULL,1,1,0,1,(1),(1),1,NULL," -1",1,0,1,80
202000025955,18,12,2020,11:00:00,1,72,72054,1,6,1,3,"Saint Hubert des Rochers","48,0076110","0,3381730",202000025955,154 696 612,B01,1,1,0,2,7,1,5,NULL,202000025955,154 696 612,B01,1,1,3,1,1975,5,2,9,-1,0,0,-1,202000025955,3,357,-1,NULL,1,1,0,1,(1),(1),1,NULL," -1",1,0,1,80
202000026509,7,7,2020,08:10:00,1,82,82121,2,6,7,3,"boulevard d' Occitanie","44,0444800","1,3789100",202000026509,154 695 617,B01,1,1,0,2,7,1,5,NULL,202000026509,154 695 616,A01,1,1,1,1,1995,5,1,8,-1,-1," -1",-1,202000026509,4,NULL,0,NULL,2,2,0,1,0,0,1,NULL," -1",1,0,1,50
202000026509,7,7,2020,08:10:00,1,82,82121,2,6,7,3,"boulevard d' Occitanie","44,0444800","1,3789100",202000026509,154 695 617,B01,1,1,0,2,7,1,5,NULL,202000026509,154 695 617,B01,1,1,3,1,1953,5,8,8,-1,-1," -1",-1,202000026509,4,NULL,0,NULL,2,2,0,1,0,0,1,NULL," -1",1,0,1,50
202000027142,5,8,2020,15:45:00,1,27,27229,2,1,1,2,"ROOSEVELT (RUE FRANKLIN DELANO)","49,0221000","1,1520000",202000027142,154 694 508,A01,0,1,0,2,1,1,5,NULL,202000027142,154 694 506,B01,1,1,1,1,1955,0,1,5,-1,0,0,-1,202000027142,4,"ROOSEVELT (RUE FRANKLIN DELANO)",0,NULL,1,1,0,1,(1),(1),4,NULL," -1",1,0,1,50
202000027142,5,8,2020,15:45:00,1,27,27229,2,1,1,2,"ROOSEVELT (RUE FRANKLIN DELANO)","49,0221000","1,1520000",202000027142,154 694 508,A01,0,1,0,2,1,1,5,NULL,202000027142,154 694 508,A01,1,1,4,1,2002,0,2,6,-1,0,0,-1,202000027142,4,"ROOSEVELT (RUE FRANKLIN DELANO)",0,NULL,1,1,0,1,(1),(1),4,NULL," -1",1,0,1,50
202000030375,5,7,2020,12:20:00,1,94,94068,2,1,8,1,"SCHAKEN (QU)","48,8092000","2,4618800",202000030375,154 688 872,A01,1,1,0,2,1,1,5,NULL,202000030375,154 688 871,B01,1,1,4,2,1985,5,8,0,-1,-1," -1",-1,202000030375,4,"SCHAKEN (QU)",0,NULL,2,2,0,1,0,0,1,NULL," -1",1,0,1,50
202000030375,5,7,2020,12:20:00,1,94,94068,2,1,8,1,"SCHAKEN (QU)","48,8092000","2,4618800",202000030375,154 688 871,B01,2,1,0,2,1,1,5,NULL,202000030375,154 688 871,B01,1,1,4,2,1985,5,8,0,-1,-1," -1",-1,202000030375,4,"SCHAKEN (QU)",0,NULL,2,2,0,1,0,0,1,NULL," -1",1,0,1,50
202000030375,5,7,2020,12:20:00,1,94,94068,2,1,8,1,"SCHAKEN (QU)","48,8092000","2,4618800",202000030375,154 688 872,A01,1,1,0,2,1,1,5,NULL,202000030375,154 688 872,A01,1,1,1,1,1996,5,8,0,-1,-1," -1",-1,202000030375,4,"SCHAKEN (QU)",0,NULL,2,2,0,1,0,0,1,NULL," -1",1,0,1,50
202000030375,5,7,2020,12:20:00,1,94,94068,2,1,8,1,"SCHAKEN (QU)","48,8092000","2,4618800",202000030375,154 688 871,B01,2,1,0,2,1,1,5,NULL,202000030375,154 688 872,A01,1,1,1,1,1996,5,8,0,-1,-1," -1",-1,202000030375,4,"SCHAKEN (QU)",0,NULL,2,2,0,1,0,0,1,NULL," -1",1,0,1,50
202000033334,31,5,2020,20:45:00,1,75,75119,2,1,1,3,"BOULEVARD SERURIER","48,8782234","2,4033518",202000033334,154 683 849,B01,1,1,0,2,3,1,5,NULL,202000033334,154 683 849,B01,1,1,4,2,1993,5,2,0,-1,0,0,-1,202000033334,4,NULL,0,NULL,2,4,0,2,0,0,1,NULL," -1",1,-1,5,50
202000033334,31,5,2020,20:45:00,1,75,75119,2,1,1,3,"BOULEVARD SERURIER","48,8782234","2,4033518",202000033334,154 683 849,B01,1,1,0,2,3,1,5,NULL,202000033334,154 683 852,A01,1,1,1,1,1977,4,1,0,-1,0,0,-1,202000033334,4,NULL,0,NULL,2,4,0,2,0,0,1,NULL," -1",1,-1,5,50
202000034015,8,1,2020,18:45:00,5,59,59165,2,1,2,3,"EGALITE (RUE DE L')","50,3770900","3,0511800",202000034015,154 682 653,B01,3,1,0,2,1,1,5,NULL,202000034015,154 682 653,B01,1,1,4,1,2004,2,8,0,-1,-1,0,-1,202000034015,4,"RUE DE L'EGALITE ",0,NULL,2,2,0,1,(1),(1),1,NULL," -1",2,0,1,50
202000034015,8,1,2020,18:45:00,5,59,59165,2,1,2,3,"EGALITE (RUE DE L')","50,3770900","3,0511800",202000034015,154 682 653,B01,3,1,0,2,1,1,5,NULL,202000034015,154 682 654,A01,1,1,1,2,1958,9,1,0,-1,-1,0,-1,202000034015,4,"RUE DE L'EGALITE ",0,NULL,2,2,0,1,(1),(1),1,NULL," -1",2,0,1,50
202000034332,15,3,2020,09:36:00,1,63,63113,2,3,1,-1,"FONTAINE DU LARGE (RUE DE LA)","45,7927900","3,0916600",202000034332,154 682 102,B01,3,1,0,2,8,15,5,NULL,202000034332,154 682 101,A01,1,1,1,2,1971,0,1,0,-1,0,0,-1,202000034332,4,"FONTAINE DU LARGE (RUE DE LA)",0,NULL,2,2,0,1,(1),(1),1,NULL," -1",1,0,1,50
202000034332,15,3,2020,09:36:00,1,63,63113,2,3,1,-1,"FONTAINE DU LARGE (RUE DE LA)","45,7927900","3,0916600",202000034332,154 682 102,B01,3,1,0,2,8,15,5,NULL,202000034332,154 682 102,B01,1,1,4,2,2007,0,2,6,-1,0,0,-1,202000034332,4,"FONTAINE DU LARGE (RUE DE LA)",0,NULL,2,2,0,1,(1),(1),1,NULL," -1",1,0,1,50
202000035757,30,5,2020,20:40:00,1,93,93072,2,2,1,1,"LOUIS BORDES (RUE)","48,9558000","2,3832200",202000035757,154 679 552,Y01,3,1,0,2,1,19,0,NULL,202000035757,154 679 552,Y01,1,1,1,1,2003,0,8,0,-1,-1," -1",-1,202000035757,3,901,0,NULL,3,4,0,1,0,1,1,NULL," -1",1,5,1,50
202000035757,30,5,2020,20:40:00,1,93,93072,2,2,1,1,"LOUIS BORDES (RUE)","48,9558000","2,3832200",202000035757,154 679 552,Y01,3,1,0,2,1,19,0,NULL,202000035757,154 679 552,Y01,2,2,4,2,2000,0,0,-1,-1,-1," -1",-1,202000035757,3,901,0,NULL,3,4,0,1,0,1,1,NULL," -1",1,5,1,50
202000035757,30,5,2020,20:40:00,1,93,93072,2,2,1,1,"LOUIS BORDES (RUE)","48,9558000","2,3832200",202000035757,154 679 552,Y01,3,1,0,2,1,19,0,NULL,202000035757,154 679 556,A01,1,1,1,1,1994,0,1,0,-1,-1," -1",-1,202000035757,3,901,0,NULL,3,4,0,1,0,1,1,NULL," -1",1,5,1,50
202000042131,27,8,2020,08:15:00,1,51,51454,2,1,1,3,"Rue Gaston Boyer","49,2605049","4,0220912",202000042131,154 668 277,B01,2,1,1,0,1,24,5,NULL,202000042131,154 668 276,A01,1,1,1,1,1956,9,8,-1,-1,-1," -1",-1,202000042131,4,NULL,0,NULL,2,2,0,1,(1),(1),1,NULL," -1",1,0,1,50
202000042131,27,8,2020,08:15:00,1,51,51454,2,1,1,3,"Rue Gaston Boyer","49,2605049","4,0220912",202000042131,154 668 277,B01,2,1,1,0,1,24,5,NULL,202000042131,154 668 277,B01,1,1,4,2,1995,1,8,-1,-1,-1," -1",-1,202000042131,4,NULL,0,NULL,2,2,0,1,(1),(1),1,NULL," -1",1,0,1,50
202000044001,22,9,2020,12:25:00,1,94,94018,2,1,1,5,"GRAVELLE (AV DE)","48,8249990","2,4105840",202000044001,154 664 923,C01,3,1,0,0,0,0,5,NULL,202000044001,154 664 922,B01,1,1,3,2,1992,5,2,8,-1,-1," -1",-1,202000044001,4,"GRAVELLE (AV DE)",0,NULL,2,1,0,1,0,574,1,NULL," -1",1,0,1,50
202000044001,22,9,2020,12:25:00,1,94,94018,2,1,1,5,"GRAVELLE (AV DE)","48,8249990","2,4105840",202000044001,154 664 922,B01,2,1,0,2,2,1,5,NULL,202000044001,154 664 922,B01,1,1,3,2,1992,5,2,8,-1,-1," -1",-1,202000044001,4,"GRAVELLE (AV DE)",0,NULL,2,1,0,1,0,574,1,NULL," -1",1,0,1,50
202000044001,22,9,2020,12:25:00,1,94,94018,2,1,1,5,"GRAVELLE (AV DE)","48,8249990","2,4105840",202000044001,154 664 923,C01,3,1,0,0,0,0,5,NULL,202000044001,154 664 923,C01,1,1,1,2,1980,5,2,8,-1,-1," -1",-1,202000044001,4,"GRAVELLE (AV DE)",0,NULL,2,1,0,1,0,574,1,NULL," -1",1,0,1,50
202000044001,22,9,2020,12:25:00,1,94,94018,2,1,1,5,"GRAVELLE (AV DE)","48,8249990","2,4105840",202000044001,154 664 922,B01,2,1,0,2,2,1,5,NULL,202000044001,154 664 923,C01,1,1,1,2,1980,5,2,8,-1,-1," -1",-1,202000044001,4,"GRAVELLE (AV DE)",0,NULL,2,1,0,1,0,574,1,NULL," -1",1,0,1,50
202000044001,22,9,2020,12:25:00,1,94,94018,2,1,1,5,"GRAVELLE (AV DE)","48,8249990","2,4105840",202000044001,154 664 923,C01,3,1,0,0,0,0,5,NULL,202000044001,154 664 924,A01,1,1,1,1,1998,4,8,0,-1,-1," -1",-1,202000044001,4,"GRAVELLE (AV DE)",0,NULL,2,1,0,1,0,574,1,NULL," -1",1,0,1,50
202000044001,22,9,2020,12:25:00,1,94,94018,2,1,1,5,"GRAVELLE (AV DE)","48,8249990","2,4105840",202000044001,154 664 922,B01,2,1,0,2,2,1,5,NULL,202000044001,154 664 924,A01,1,1,1,1,1998,4,8,0,-1,-1," -1",-1,202000044001,4,"GRAVELLE (AV DE)",0,NULL,2,1,0,1,0,574,1,NULL," -1",1,0,1,50
202000044194,6,3,2020,20:48:00,5,87,87085,2,2,1,3,"PONT NEUF","45,8260500","1,2679200",202000044194,154 664 573,B01,2,1,0,2,1,1,5,NULL,202000044194,154 664 573,B01,1,1,4,1,1995,5,8,0,-1,-1," -1",-1,202000044194,3,"PONT NEUF",0,NULL,2,5,0,1,(1),(1),1,NULL," -1",1,5,1,50
202000044194,6,3,2020,20:48:00,5,87,87085,2,2,1,3,"PONT NEUF","45,8260500","1,2679200",202000044194,154 664 573,B01,2,1,0,2,1,1,5,NULL,202000044194,154 664 574,A01,1,1,1,1,1977,4,1,0,-1,-1," -1",-1,202000044194,3,"PONT NEUF",0,NULL,2,5,0,1,(1),(1),1,NULL," -1",1,5,1,50
202000045627,25,7,2020,10:45:00,1,33,33297,2,1,1,3,"115 Route d'Avensan","45,0463440"," -0,7734280",202000045627,154 662 090,B01,1,1,0,2,3,13,5,NULL,202000045627,154 662 090,B01,1,1,3,1,1937,5,2,-1,-1,0,0,-1,202000045627,3,D208,-1,NULL,2,2,0,1,3,860,1,NULL," -1",1,0,1,50
202000045627,25,7,2020,10:45:00,1,33,33297,2,1,1,3,"115 Route d'Avensan","45,0463440"," -0,7734280",202000045627,154 662 090,B01,1,1,0,2,3,13,5,NULL,202000045627,154 662 092,A01,1,1,1,1,1987,5,1,-1,-1,0,0,-1,202000045627,3,D208,-1,NULL,2,2,0,1,3,860,1,NULL," -1",1,0,1,50
202000047048,2,12,2020,13:30:00,1,75,75120,2,3,1,3,"BOULEVARD DAVOUT","48,8512810","2,4110190",202000047048,154 659 575,A01,2,1,0,2,8,1,5,NULL,202000047048,154 659 575,A01,1,1,4,1,1998,9,2,0,-1,0,0,-1,202000047048,4,NULL,0,NULL,3,2,0,2,0,0,1,NULL," -1",1,0,1,50
202000047048,2,12,2020,13:30:00,1,75,75120,2,3,1,3,"BOULEVARD DAVOUT","48,8512810","2,4110190",202000047048,154 659 575,A01,2,1,0,2,8,1,5,NULL,202000047048,154 659 578,B01,1,1,1,2,1975,5,1,0,-1,0,0,-1,202000047048,4,NULL,0,NULL,3,2,0,2,0,0,1,NULL," -1",1,0,1,50
202000008697,16,5,2020,12:15:00,1,73,73253,1,2,1,1,D88,"45,5058790","6,5677747",202000008697,154 726 967,B01,0,1,0,2,8,1,5,NULL,202000008697,154 726 966,A01,1,1,1,2,1992,4,1,-1,-1,0,0,-1,202000008697,3,88,-1,NULL,2,2,0,2,(1),(1),2,NULL,4,1,0,1,80
202000008697,16,5,2020,12:15:00,1,73,73253,1,2,1,1,D88,"45,5058790","6,5677747",202000008697,154 726 967,B01,0,1,0,2,8,1,5,NULL,202000008697,154 726 967,B01,1,1,4,1,1955,5,0,-1,-1,0,0,-1,202000008697,3,88,-1,NULL,2,2,0,2,(1),(1),2,NULL,4,1,0,1,80
202000011772,12,10,2020,09:25:00,1,72,72181,2,6,1,1,"DEMORIEUX ENTRE PT CHEM DE FER ET HUISNE","47,9930000","0,1847900",202000011772,154 721 537,B01,1,1,0,2,7,19,0,NULL,202000011772,154 721 536,A01,1,1,1,1,1963,4,1,0,-1,-1," -1",-1,202000011772,4,"DEMORIEUX ENTRE PT CHEM DE FER ET HUISNE",0,NULL,3,2,0,1,0,0,1,NULL," -1",1,0,1,50
202000011772,12,10,2020,09:25:00,1,72,72181,2,6,1,1,"DEMORIEUX ENTRE PT CHEM DE FER ET HUISNE","47,9930000","0,1847900",202000011772,154 721 537,B01,1,1,0,2,7,19,0,NULL,202000011772,154 721 537,B01,1,1,4,2,1990,1,8,0,-1,-1," -1",-1,202000011772,4,"DEMORIEUX ENTRE PT CHEM DE FER ET HUISNE",0,NULL,3,2,0,1,0,0,1,NULL," -1",1,0,1,50
202000013998,10,10,2020,17:40:00,1,75,75107,2,2,1,3,"QUAI D ORSAY","48,8628230","2,3134590",202000013998,154 717 668,B01,2,1,0,2,0,1,5,NULL,202000013998,154 717 667,A01,1,1,1,1,1953,9,1,0,-1,0,0,-1,202000013998,4,NULL,0,NULL,2,6,1,1,0,0,3,NULL," -1",1,-1,5,50
202000013998,10,10,2020,17:40:00,1,75,75107,2,2,1,3,"QUAI D ORSAY","48,8628230","2,3134590",202000013998,154 717 668,B01,2,1,0,2,0,1,5,NULL,202000013998,154 717 668,B01,1,1,4,2,1945,5,2,0,-1,0,0,-1,202000013998,4,NULL,0,NULL,2,6,1,1,0,0,3,NULL," -1",1,-1,5,50
202000016378,6,5,2020,13:50:00,1,75,75115,2,2,1,3,"RUE DE LA CONVENTION","48,8372300","2,2964360",202000016378,154 713 433,A01,2,1,0,2,3,1,5,NULL,202000016378,154 713 433,A01,1,1,4,2,1982,1,2,0,-1,0,0,-1,202000016378,4,NULL,0,NULL,2,3,0,1,0,0,1,NULL," -1",1,0,1,50
202000016396,5,5,2020,16:00:00,1,63,63003,1,1,1,7,D269,"45,5223300","3,7412420",202000016396,154 713 402,A01,1,1,0,0,0,1,5,NULL,202000016396,154 713 402,A01,1,1,2,2,1954,3,0,-1,-1,0,0,-1,202000016396,3,269,-1,NULL,2,2,0,2,3,200,1,NULL,4,1,0,1,80
202000016420,4,5,2020,18:00:00,1,57,57283,2,1,1,3,"AVENUE DE FRANCE","49,2507200","6,1611800",202000016420,154 713 362,B01,1,1,0,2,7,17,0,NULL,202000016420,154 713 362,B01,1,1,4,1,1947,5,2,6,-1,-1," -1",-1,202000016420,4,"AVENUE DE FRANCE",0,NULL,3,0,0,2,0,0,1,NULL," -1",1,0,1,50
202000016420,4,5,2020,18:00:00,1,57,57283,2,1,1,3,"AVENUE DE FRANCE","49,2507200","6,1611800",202000016420,154 713 362,B01,1,1,0,2,7,17,0,NULL,202000016420,154 713 363,A01,1,1,1,1,1974,3,1,0,-1,-1," -1",-1,202000016420,4,"AVENUE DE FRANCE",0,NULL,3,0,0,2,0,0,1,NULL," -1",1,0,1,50
202000018211,14,11,2020,18:55:00,5,69,69386,2,2,1,3,"JEAN BROQUIN                        (R )","45,7681700","4,8632000",202000018211,154 710 200,B01,2,1,0,2,2,1,5,NULL,202000018211,154 710 200,B01,1,1,4,2,1983,0,8,0,-1,-1," -1",-1,202000018211,4,NULL,0,NULL,2,2,2,1,0,0,1,NULL," -1",1,0,5,50
202000018743,12,7,2020,09:30:00,1,75,75119,2,2,1,1,"BOULEVARD MACDONALD","48,8988520","2,3798490",202000018743,154 709 281,B01,1,1,0,2,1,1,5,NULL,202000018743,154 709 280,A01,1,1,4,2,1988,9,2,0,-1,0,0,-1,202000018743,4,NULL,0,NULL,1,4,1,1,0,0,1,NULL," -1",1,-1,5,50
202000018743,12,7,2020,09:30:00,1,75,75119,2,2,1,1,"BOULEVARD MACDONALD","48,8988520","2,3798490",202000018743,154 709 281,B01,1,1,0,2,1,1,5,NULL,202000018743,154 709 281,B01,1,1,1,1,1979,9,2,0,-1,0,0,-1,202000018743,4,NULL,0,NULL,1,4,1,1,0,0,1,NULL," -1",1,-1,5,50
202000019082,9,9,2020,16:20:00,1,50,50165,2,1,1,1,"EGLISE (RUE DE L')","48,8550100"," -1,5688500",202000019082,154 708 678,B01,3,1,0,2,0,1,5,NULL,202000019082,154 708 678,B01,1,1,3,1,1981,5,2,0,-1,-1," -1",-1,202000019082,4,"EGLISE (RUE DE L')",0,NULL,4,2,0,2,0,0,1,NULL," -1",1,0,1,30
202000019082,9,9,2020,16:20:00,1,50,50165,2,1,1,1,"EGLISE (RUE DE L')","48,8550100"," -1,5688500",202000019082,154 708 678,B01,3,1,0,2,0,1,5,NULL,202000019082,154 708 679,A01,1,1,1,2,1973,5,1,8,-1,-1," -1",-1,202000019082,4,"EGLISE (RUE DE L')",0,NULL,4,2,0,2,0,0,1,NULL," -1",1,0,1,30
202000021945,20,12,2020,16:27:00,1,17,17355,2,3,1,1,"La Motte","45,5306730"," -0,3664760",202000021945,154 703 608,B01,3,1,0,2,1,5,5,NULL,202000021945,154 703 607,A01,1,1,1,2,1970,5,1,-1,-1,0,0,-1,202000021945,4,NULL,-1,NULL,2,2,0,2,(1),(1),2,NULL," -1",1,0,1,50
202000021945,20,12,2020,16:27:00,1,17,17355,2,3,1,1,"La Motte","45,5306730"," -0,3664760",202000021945,154 703 608,B01,3,1,0,2,1,5,5,NULL,202000021945,154 703 608,B01,1,1,3,1,1945,0,2,-1,-1,0,0,-1,202000021945,4,NULL,-1,NULL,2,2,0,2,(1),(1),2,NULL," -1",1,0,1,50
202000023857,6,11,2020,16:00:00,1,988,98818,2,1,1,3,"VICTOIRE-HENRI LAFLEUR (AVENUE DE LA)"," -22,2744300","166,4467800",202000023857,154 700 250,B01,3,1,0,2,8,1,5,NULL,202000023857,154 700 250,B01,1,1,4,1,1964,0,2,8,-1,-1," -1",-1,202000023857,4,624,0,NULL,3,5,0,2,0,0,1,NULL," -1",1,0,1,50
202000023857,6,11,2020,16:00:00,1,988,98818,2,1,1,3,"VICTOIRE-HENRI LAFLEUR (AVENUE DE LA)"," -22,2744300","166,4467800",202000023857,154 700 250,B01,3,1,0,2,8,1,5,NULL,202000023857,154 700 251,A01,1,1,1,1,1988,0,1,8,-1,-1," -1",-1,202000023857,4,624,0,NULL,3,5,0,2,0,0,1,NULL," -1",1,0,1,50
202000024193,15,4,2020,16:53:00,1,76,76575,2,3,1,3,"VAL L'ABBE. RUE DU","49,3812200","1,1001400",202000024193,154 699 684,B01,1,1,0,2,2,0,5,NULL,202000024193,154 699 683,A01,1,1,1,1,1958,0,1,0,-1,-1,0,-1,202000024193,3,18,0,NULL,-1,2,0,1,5,800,1,NULL," -1",1,-1,1,50
202000024193,15,4,2020,16:53:00,1,76,76575,2,3,1,3,"VAL L'ABBE. RUE DU","49,3812200","1,1001400",202000024193,154 699 684,B01,1,1,0,2,2,0,5,NULL,202000024193,154 699 684,B01,1,1,4,2,1986,0,2,0,-1,-1,0,-1,202000024193,3,18,0,NULL,-1,2,0,1,5,800,1,NULL," -1",1,-1,1,50