Num_Acc,jour,mois,an,hrmn,lum,dep,com,agg,int,atm,col,adr,lat,long,Num_Acc,id_vehicule,num_veh,senc,catv,obs,obsm,choc,manv,motor,occutc,Num_Acc,id_vehicule,num_veh,place,catu,grav,sexe,an_nais,trajet,secu1,secu2,secu3,locp,actp,etatp,Num_Acc,catr,voie,v1,v2,circ,nbv,vosp,prof,pr,pr1,plan,lartpc,larrout,surf,infra,situ,vma
202000024346,18,1,2020,14:30:00,1,75,75111,2,2,1,3,"BOULEVARD RICHARD LENOIR","48,8629138","2,3715180",202000024346,154 699 421,B01,2,1,0,2,8,11,5,NULL,202000024346,154 699 420,A01,1,1,1,1,1992,4,2,6,-1,0,0,-1,202000024346,4,NULL,0,NULL,3,2,0,1,0,0,1,NULL," -1",1,0,1,50
202000024346,18,1,2020,14:30:00,1,75,75111,2,2,1,3,"BOULEVARD RICHARD LENOIR","48,8629138","2,3715180",202000024346,154 699 421,B01,2,1,0,2,8,11,5,NULL,202000024346,154 699 421,B01,1,1,4,1,1986,9,8,2,-1,0,0,-1,202000024346,4,NULL,0,NULL,3,2,0,1,0,0,1,NULL," -1",1,0,1,50
202000025164,6,11,2020,12:08:00,1,21,21054,2,1,1,3,"17 Rue Colbert","47,0259640","4,8466420",202000025164,154 697 941,B01,1,1,0,2,7,19,5,NULL,202000025164,154 697 939,A01,1,1,1,2,1957,3,1,0,-1,-1," -1",-1,202000025164,4,NULL,0,NULL,2,2,0,1,(1),(1),2,NULL," -1",1,9,1,50
202000025164,6,11,2020,12:08:00,1,21,21054,2,1,1,3,"17 Rue Colbert","47,0259640","4,8466420",202000025164,154 697 941,B01,1,1,0,2,7,19,5,NULL,202000025164,154 697 941,B01,1,1,3,1,2009,2,0,-1,-1,-1," -1",-1,202000025164,4,NULL,0,NULL,2,2,0,1,(1),(1),2,NULL," -1",1,9,1,50
202000025428,5,11,2020,13:00:00,1,10,10387,2,2,1,3,"PIERRE BROSSOLETTE (RUE)","48,2870000","4,0771000",202000025428,154 697 474,B01,2,1,0,2,1,1,5,NULL,202000025428,154 697 474,B01,1,1,4,1,1999,1,8,0,-1,-1," -1",-1,202000025428,4,"PIERRE BROSSOLETTE (RUE)",0,NULL,2,3,0,1,0,0,1,NULL," -1",1,0,1,50
202000025428,5,11,2020,13:00:00,1,10,10387,2,2,1,3,"PIERRE BROSSOLETTE (RUE)","48,2870000","4,0771000",202000025428,154 697 474,B01,2,1,0,2,1,1,5,NULL,202000025428,154 697 477,A01,1,1,1,2,1994,3,1,0,-1,-1," -1",-1,202000025428,4,"PIERRE BROSSOLETTE (RUE)",0,NULL,2,3,0,1,0,0,1,NULL," -1",1,0,1,50
202000030178,15,1,2020,15:10:00,1,33,33529,2,1,2,3,"JUILLET (RUE DU 14)","44,6308500"," -1,1475900",202000030178,154 689 206,A01,3,1,0,2,0,19,5,NULL,202000030178,154 689 206,A01,1,1,4,1,1937,0,8,-1,-1,-1," -1",-1,202000030178,4,"JUILLET (RUE DU 14)",0,NULL,1,1,0,1,(1),(1),1,NULL," -1",2,0,1,30
202000030178,15,1,2020,15:10:00,1,33,33529,2,1,2,3,"JUILLET (RUE DU 14)","44,6308500"," -1,1475900",202000030178,154 689 206,A01,3,1,0,2,0,19,5,NULL,202000030178,154 689 207,B01,1,1,1,2,2004,0,2,6,-1,-1," -1",-1,202000030178,4,"JUILLET (RUE DU 14)",0,NULL,1,1,0,1,(1),(1),1,NULL," -1",2,0,1,30
202000030237,6,7,2020,18:55:00,1,92,92046,1,3,1,3,"PIERRE BROSSOLETTE (AVENUE)","48,8177093","2,3078712",202000030237,154 689 102,A01,3,1,0,2,3,9,5,NULL,202000030237,154 689 102,A01,1,1,4,2,1990,1,9,0,-1,-1," -1",-1,202000030237,3,906,0,NULL,2,2,0,1,0,0,1,NULL," -1",1,0,1,50
202000030237,6,7,2020,18:55:00,1,92,92046,1,3,1,3,"PIERRE BROSSOLETTE (AVENUE)","48,8177093","2,3078712",202000030237,154 689 102,A01,3,1,0,2,3,9,5,NULL,202000030237,154 689 103,B01,2,2,1,1,1982,0,2,0,-1,-1," -1",-1,202000030237,3,906,0,NULL,2,2,0,1,0,0,1,NULL," -1",1,0,1,50
202000030237,6,7,2020,18:55:00,1,92,92046,1,3,1,3,"PIERRE BROSSOLETTE (AVENUE)","48,8177093","2,3078712",202000030237,154 689 102,A01,3,1,0,2,3,9,5,NULL,202000030237,154 689 103,B01,1,1,1,1,1975,1,2,8,-1,-1," -1",-1,202000030237,3,906,0,NULL,2,2,0,1,0,0,1,NULL," -1",1,0,1,50
202000031044,31,10,2020,16:30:00,1,45,45004,2,6,1,2,"Avenue d’Antibes","47,9783529","2,7336090",202000031044,154 687 769,B01,2,1,0,2,4,9,5,NULL,202000031044,154 687 768,A01,1,1,1,1,1950,3,1,0,-1,-1," -1",-1,202000031044,3,"ANTIBES (AVENUE D')",0,NULL,1,2,0,1,1,800,3,NULL," -1",1,0,1,50
202000031044,31,10,2020,16:30:00,1,45,45004,2,6,1,2,"Avenue d’Antibes","47,9783529","2,7336090",202000031044,154 687 769,B01,2,1,0,2,4,9,5,NULL,202000031044,154 687 769,B01,1,1,3,1,1950,0,2,0,-1,-1," -1",-1,202000031044,3,"ANTIBES (AVENUE D')",0,NULL,1,2,0,1,1,800,3,NULL," -1",1,0,1,50
202000031172,25,7,2020,17:30:00,1,75,75117,2,3,8,7,"BOULEVARD DES BATIGNOLLES","48,8818700","2,3187180",202000031172,154 687 549,A01,1,1,0,0,0,1,5,NULL,202000031172,154 687 549,A01,1,1,4,1,2014,5,2,0,-1,0,0,-1,202000031172,4,NULL,0,NULL,3,2,1,1,0,0,1,NULL," -1",1,-1,5,50
202000031624,30,9,2020,17:25:00,1,75,75119,2,3,1,6,"RUE SIGMUND FREUD","48,8846840","2,3988380",202000031624,154 686 783,A01,1,1,0,9,1,1,5,NULL,202000031624,154 686 783,A01,1,1,4,2,1970,1,2,8,-1,0,0,-1,202000031624,4,NULL,0,NULL,2,4,2,2,0,0,1,NULL," -1",1,-1,5,50
202000035499,9,12,2020,09:20:00,1,75,75109,2,2,1,3,"RUE DE TREVISE","48,8759400","2,3455480",202000035499,154 680 018,A01,2,1,0,2,8,1,5,NULL,202000035499,154 680 014,B01,1,1,1,2,1978,9,8,0,-1,0,0,-1,202000035499,4,NULL,0,NULL,1,2,0,1,0,0,1,NULL," -1",1,0,1,50
202000035499,9,12,2020,09:20:00,1,75,75109,2,2,1,3,"RUE DE TREVISE","48,8759400","2,3455480",202000035499,154 680 014,B01,2,1,0,2,1,1,5,NULL,202000035499,154 680 014,B01,1,1,1,2,1978,9,8,0,-1,0,0,-1,202000035499,4,NULL,0,NULL,1,2,0,1,0,0,1,NULL," -1",1,0,1,50
202000035499,9,12,2020,09:20:00,1,75,75109,2,2,1,3,"RUE DE TREVISE","48,8759400","2,3455480",202000035499,154 680 018,A01,2,1,0,2,8,1,5,NULL,202000035499,154 680 018,A01,1,1,4,1,1966,9,8,0,-1,0,0,-1,202000035499,4,NULL,0,NULL,1,2,0,1,0,0,1,NULL," -1",1,0,1,50
202000035499,9,12,2020,09:20:00,1,75,75109,2,2,1,3,"RUE DE TREVISE","48,8759400","2,3455480",202000035499,154 680 014,B01,2,1,0,2,1,1,5,NULL,202000035499,154 680 018,A01,1,1,4,1,1966,9,8,0,-1,0,0,-1,202000035499,4,NULL,0,NULL,1,2,0,1,0,0,1,NULL," -1",1,0,1,50
202000036042,2,7,2020,18:15:00,1,69,69383,2,9,1,3,"FEUILLAT                            (R )","45,7444600","4,8745900",202000036042,154 679 038,B01,2,1,0,2,4,15,5,NULL,202000036042,154 679 037,A01,1,1,1,1,1989,5,1,0,-1,-1," -1",-1,202000036042,4,"FEUILLAT (R )",0,NULL,1,1,0,1,0,0,1,NULL," -1",1,0,1,50
202000036042,2,7,2020,18:15:00,1,69,69383,2,9,1,3,"FEUILLAT                            (R )","45,7444600","4,8745900",202000036042,154 679 038,B01,2,1,0,2,4,15,5,NULL,202000036042,154 679 038,B01,1,1,4,2,1967,5,8,0,-1,-1," -1",-1,202000036042,4,"FEUILLAT (R )",0,NULL,1,1,0,1,0,0,1,NULL," -1",1,0,1,50
202000037321,26,7,2020,07:00:00,1,28,28371,1,1,7,2,"D 116","48,8451890","1,3947920",202000037321,154 676 792,A01,2,1,0,2,4,1,5,NULL,202000037321,154 676 792,A01,1,1,3,2,2000,1,0,-1,-1,0,0,-1,202000037321,3,116,0,NULL,2,2,0,1,3,700,1,NULL," -1",1,0,1,80
202000037321,26,7,2020,07:00:00,1,28,28371,1,1,7,2,"D 116","48,8451890","1,3947920",202000037321,154 676 792,A01,2,1,0,2,4,1,5,NULL,202000037321,154 676 794,B01,1,1,1,1,1996,5,1,-1,-1,0,0,-1,202000037321,3,116,0,NULL,2,2,0,1,3,700,1,NULL," -1",1,0,1,80
202000038556,9,2,2020,14:55:00,1,69,69034,2,1,1,1,"ARISTIDE BRIAND                     (CO)","45,7830000","4,8441000",202000038556,154 674 605,B01,2,1,0,2,0,26,5,NULL,202000038556,154 674 605,B01,1,1,4,1,1943,5,8,0,-1,-1,0,-1,202000038556,4,"ARISTIDE BRIAND                     (CO)",0,NULL,2,2,0,1,0,1,1,NULL," -1",1,9,1,50
202000038556,9,2,2020,14:55:00,1,69,69034,2,1,1,1,"ARISTIDE BRIAND                     (CO)","45,7830000","4,8441000",202000038556,154 674 605,B01,2,1,0,2,0,26,5,NULL,202000038556,154 674 606,A01,2,2,1,2,1976,0,2,0,-1,-1,0,-1,202000038556,4,"ARISTIDE BRIAND                     (CO)",0,NULL,2,2,0,1,0,1,1,NULL," -1",1,9,1,50
202000038556,9,2,2020,14:55:00,1,69,69034,2,1,1,1,"ARISTIDE BRIAND                     (CO)","45,7830000","4,8441000",202000038556,154 674 605,B01,2,1,0,2,0,26,5,NULL,202000038556,154 674 606,A01,1,1,1,1,1979,0,2,6,-1,-1," -1",-1,202000038556,4,"ARISTIDE BRIAND                     (CO)",0,NULL,2,2,0,1,0,1,1,NULL," -1",1,9,1,50
202000040175,13,3,2020,12:30:00,1,2B,2B049,1,1,1,3,D81,"42,5156390","8,6905290",202000040175,154 671 757,B01,1,1,0,2,3,2,5,NULL,202000040175,154 671 757,B01,1,1,3,1,1959,5,2,-1,-1,0,0,-1,202000040175,3,81,0,B,2,2,0,2,(1),(1),1,NULL," -1",1,0,1,80
202000040175,13,3,2020,12:30:00,1,2B,2B049,1,1,1,3,D81,"42,5156390","8,6905290",202000040175,154 671 757,B01,1,1,0,2,3,2,5,NULL,202000040175,154 671 758,A01,1,1,1,2,1959,5,1,-1,-1,0,0,-1,202000040175,3,81,0,B,2,2,0,2,(1),(1),1,NULL," -1",1,0,1,80
202000041693,25,6,2020,17:35:00,1,74,74056,1,1,2,-1,"960 Route des Gaillands","45,9155570","6,8491660",202000041693,154 669 068,A01,2,1,0,9,1,17,5,NULL,202000041693,154 669 067,B01,1,1,1,1,1970,9,0,-1,-1,0,0,-1,202000041693,3,243,0,D,2,2,0,1,4,200,3,NULL," -1",2,0,1,50
202000041693,25,6,2020,17:35:00,1,74,74056,1,1,2,-1,"960 Route des Gaillands","45,9155570","6,8491660",202000041693,154 669 068,A01,2,1,0,9,1,17,5,NULL,202000041693,154 669 068,A01,1,1,4,1,1953,5,2,-1,-1,0,0,-1,202000041693,3,243,0,D,2,2,0,1,4,200,3,NULL," -1",2,0,1,50
202000044256,25,6,2020,09:00:00,1,67,67482,2,1,7,3,"TRUBNER (RUE)","48,5883940","7,7701190",202000044256,154 664 463,B01,2,1,0,2,8,19,5,NULL,202000044256,154 664 462,A01,1,1,1,2,1989,4,1,8,-1,-1," -1",-1,202000044256,4,NULL,0,NULL,2,2,0,1,0,0,3,NULL," -1",1,0,6,50
202000044256,25,6,2020,09:00:00,1,67,67482,2,1,7,3,"TRUBNER (RUE)","48,5883940","7,7701190",202000044256,154 664 463,B01,2,1,0,2,8,19,5,NULL,202000044256,154 664 463,B01,1,1,4,1,2005,0,8,0,-1,-1," -1",-1,202000044256,4,NULL,0,NULL,2,2,0,1,0,0,3,NULL," -1",1,0,6,50
202000044618,4,2,2020,13:40:00,1,85,85194,2,6,1,3," ROND POINT DU DOCTEUR CHARCOT","46,5051400"," -1,7898500",202000044618,154 663 793,B01,3,1,0,2,7,1,5,NULL,202000044618,154 663 792,A01,1,1,1,2,1937,5,1,0,-1,0,0,-1,202000044618,4,"rond-point du docteur charcot",0,NULL,1,2,1,1,0,0,2,NULL," -1",1,0,1,50
202000044618,4,2,2020,13:40:00,1,85,85194,2,6,1,3," ROND POINT DU DOCTEUR CHARCOT","46,5051400"," -1,7898500",202000044618,154 663 793,B01,3,1,0,2,7,1,5,NULL,202000044618,154 663 793,B01,1,1,4,2,1959,5,2,0,-1,0,0,-1,202000044618,4,"rond-point du docteur charcot",0,NULL,1,2,1,1,0,0,2,NULL," -1",1,0,1,50
202000009902,9,10,2020,17:10:00,1,75,75113,2,1,1,2,"RUE DE PATAY","48,8247980","2,3758260",202000009902,154 724 834,A01,2,1,0,2,1,1,5,NULL,202000009902,154 724 834,A01,1,1,4,1,2001,9,8,0,-1,0,0,-1,202000009902,4,NULL,0,NULL,2,2,0,2,15,0,1,NULL," -1",1,0,1,50
202000009902,9,10,2020,17:10:00,1,75,75113,2,1,1,2,"RUE DE PATAY","48,8247980","2,3758260",202000009902,154 724 834,A01,2,1,0,2,1,1,5,NULL,202000009902,154 724 835,B01,1,1,1,2,1965,9,1,0,-1,0,0,-1,202000009902,4,NULL,0,NULL,2,2,0,2,15,0,1,NULL," -1",1,0,1,50
202000010127,18,8,2020,18:45:00,1,75,75117,2,3,1,7,"RUE FLOREAL","48,9004780","2,3206870",202000010127,154 724 434,A01,1,1,0,0,0,25,5,NULL,202000010127,154 724 434,A01,1,1,4,1,2006,5,8,0,-1,0,0,-1,202000010127,4,NULL,0,NULL,1,1,0,1,0,0,1,NULL," -1",1,0,4,30
202000011699,16,6,2020,16:30:00,1,75,75117,2,7,1,3,"RUE CARDINET","48,8886230","2,3156640",202000011699,154 721 663,B01,1,1,0,2,1,1,5,NULL,202000011699,154 721 663,B01,1,1,4,1,2002,9,8,0,-1,0,0,-1,202000011699,4,NULL,0,NULL,3,2,0,1,0,0,1,NULL," -1",1,0,1,50
202000011699,16,6,2020,16:30:00,1,75,75117,2,7,1,3,"RUE CARDINET","48,8886230","2,3156640",202000011699,154 721 663,B01,1,1,0,2,1,1,5,NULL,202000011699,154 721 664,A01,1,1,4,1,1982,9,2,6,-1,0,0,-1,202000011699,4,NULL,0,NULL,3,2,0,1,0,0,1,NULL," -1",1,0,1,50
202000013356,13,9,2020,15:20:00,1,75,75101,2,3,1,3,"BOULEVARD DE SEBASTOPOL","48,8629180","2,3506940",202000013356,154 718 801,B01,1,1,0,2,1,1,5,NULL,202000013356,154 718 801,B01,1,1,4,1,1991,9,2,0,-1,0,0,-1,202000013356,4,NULL,0,NULL,2,5,1,1,0,0,1,NULL," -1",1,-1,5,50
202000013356,13,9,2020,15:20:00,1,75,75101,2,3,1,3,"BOULEVARD DE SEBASTOPOL","48,8629180","2,3506940",202000013356,154 718 801,B01,1,1,0,2,1,1,5,NULL,202000013356,154 718 802,A01,1,1,1,1,1993,9,1,0,-1,0,0,-1,202000013356,4,NULL,0,NULL,2,5,1,1,0,0,1,NULL," -1",1,-1,5,50
202000014454,11,5,2020,16:55:00,1,70,70310,2,9,3,3,"2 Rue Jean Girardot","47,6780660","6,5065400",202000014454,154 716 897,A01,2,1,0,2,1,15,5,NULL,202000014454,154 716 897,A01,1,1,3,1,1995,5,0,-1,-1,0,0,-1,202000014454,4,NULL,-1,NULL,2,2,0,1,(1),(1),1,NULL,6,2,0,1,50
202000014454,11,5,2020,16:55:00,1,70,70310,2,9,3,3,"2 Rue Jean Girardot","47,6780660","6,5065400",202000014454,154 716 897,A01,2,1,0,2,1,15,5,NULL,202000014454,154 716 898,B01,1,1,1,1,1967,3,1,-1,-1,0,0,-1,202000014454,4,NULL,-1,NULL,2,2,0,1,(1),(1),1,NULL,6,2,0,1,50
202000014454,11,5,2020,16:55:00,1,70,70310,2,9,3,3,"2 Rue Jean Girardot","47,6780660","6,5065400",202000014454,154 716 897,A01,2,1,0,2,1,15,5,NULL,202000014454,154 716 898,B01,2,2,1,1,1965,3,1,-1,-1,0,0,-1,202000014454,4,NULL,-1,NULL,2,2,0,1,(1),(1),1,NULL,6,2,0,1,50
202000014514,7,5,2020,18:00:00,1,62,62893,2,9,1,6,"C.D. 940","50,7611700","1,6063900",202000014514,154 716 809,A01,1,1,12,0,1,25,5,NULL,202000014514,154 716 809,A01,1,1,3,1,1970,5,2,0,-1,-1," -1",-1,202000014514,3,940,0,NULL,1,0,1,4,2,0,1,NULL," -1",1,0,4,30
202000014746,24,1,2020,07:40:00,2,67,67482,2,3,1,3,"COLMAR (AVENUE DE)","48,5489852","7,7412657",202000014746,154 716 428,B01,2,1,0,2,1,19,5,NULL,202000014746,154 716 427,A01,1,1,1,1,1970,1,1,8,-1,-1,0,-1,202000014746,4,326,0,NULL,3,8,2,1,0,0,1,NULL," -1",1,0,1,50
202000014746,24,1,2020,07:40:00,2,67,67482,2,3,1,3,"COLMAR (AVENUE DE)","48,5489852","7,7412657",202000014746,154 716 428,B01,2,1,0,2,1,19,5,NULL,202000014746,154 716 428,B01,1,1,4,1,1991,0,8,0,-1,-1,0,-1,202000014746,4,326,0,NULL,3,8,2,1,0,0,1,NULL," -1",1,0,1,50
202000015542,13,6,2020,09:20:00,1,75,75114,2,1,8,3,"BOULEVARD JOURDAN","48,8228810","2,3274320",202000015542,154 714 953,B01,1,1,0,2,1,1,5,NULL,202000015542,154 714 952,A01,1,1,1,1,1966,5,1,-1,-1,0,0,-1,202000015542,4,NULL,0,NULL,3,2,1,1,(1),0,1,NULL," -1",1,-1,5,50
202000015542,13,6,2020,09:20:00,1,75,75114,2,1,8,3,"BOULEVARD JOURDAN","48,8228810","2,3274320",202000015542,154 714 953,B01,1,1,0,2,1,1,5,NULL,202000015542,154 714 952,A01,2,2,1,1,1966,5,1,0,-1,0,0,-1,202000015542,4,NULL,0,NULL,3,2,1,1,(1),0,1,NULL," -1",1,-1,5,50
202000015542,13,6,2020,09:20:00,1,75,75114,2,1,8,3,"BOULEVARD JOURDAN","48,8228810","2,3274320",202000015542,154 714 953,B01,1,1,0,2,1,1,5,NULL,202000015542,154 714 953,B01,1,1,4,2,1982,1,2,0,-1,0,0,-1,202000015542,4,NULL,0,NULL,3,2,1,1,(1),0,1,NULL," -1",1,-1,5,50
202000015754,14,8,2020,08:38:00,1,59,59535,2,4,5,1,"Route du Parc","50,7801090","2,7379560",202000015754,154 714 574,B01,1,1,0,2,1,1,5,NULL,202000015754,154 714 574,B01,1,1,3,1,1988,5,2,-1,-1,0,0,-1,202000015754,3,318,-1,NULL,2,2,0,2,(1),(1),1,NULL," -1",1,0,1,80
202000015754,14,8,2020,08:38:00,1,59,59535,2,4,5,1,"Route du Parc","50,7801090","2,7379560",202000015754,154 714 574,B01,1,1,0,2,1,1,5,NULL,202000015754,154 714 575,A01,1,1,1,1,1971,0,1,-1,-1,0,0,-1,202000015754,3,318,-1,NULL,2,2,0,2,(1),(1),1,NULL," -1",1,0,1,80
202000015876,8,10,2020,12:25:00,1,28,28404,2,1,1,3,"RD 828A","48,7190500","1,3485700",202000015876,154 714 343,B01,1,1,0,2,8,19,0,NULL,202000015876,154 714 342,A01,1,1,1,2,1991,4,8,0,-1,-1," -1",-1,202000015876,3,"RD 828A",0,NULL,1,1,0,1,0,0,3,NULL," -1",1,0,1,90
202000015876,8,10,2020,12:25:00,1,28,28404,2,1,1,3,"RD 828A","48,7190500","1,3485700",202000015876,154 714 343,B01,1,1,0,2,8,19,0,NULL,202000015876,154 714 343,B01,1,1,4,2,1960,0,8,0,-1,-1," -1",-1,202000015876,3,"RD 828A",0,NULL,1,1,0,1,0,0,3,NULL," -1",1,0,1,90
202000015975,3,9,2020,18:50:00,1,33,33056,2,2,1,3,"3 Avenue du Général de Gaulle","44,9091740"," -0,6385320",202000015975,154 714 165,B01,1,1,0,2,8,16,5,NULL,202000015975,154 714 164,A01,1,1,1,1,1986,1,1,-1,-1,0,0,-1,202000015975,4,"Avenue du Général de Gaulle",0,NULL,2,4,2,1,(1),(1),1,NULL," -1",1,0,1,30
202000015975,3,9,2020,18:50:00,1,33,33056,2,2,1,3,"3 Avenue du Général de Gaulle","44,9091740"," -0,6385320",202000015975,154 714 165,B01,1,1,0,2,8,16,5,NULL,202000015975,154 714 165,B01,1,1,3,1,1954,5,2,-1,-1,0,0,-1,202000015975,4,"Avenue du Général de Gaulle",0,NULL,2,4,2,1,(1),(1),1,NULL," -1",1,0,1,30
202000018802,13,7,2020,15:15:00,1,04,04159,1,1,1,1,"RD 950","44,0580142","5,6210729",202000018802,154 709 175,B01,1,1,0,2,1,1,5,NULL,202000018802,154 709 175,B01,1,1,3,1,1980,5,2,-1,-1,0,0,-1,202000018802,3,950,-1,NULL,-1,2,0,2,15,850,2,NULL," -1",1,0,1,80
202000018802,13,7,2020,15:15:00,1,04,04159,1,1,1,1,"RD 950","44,0580142","5,6210729",202000018802,154 709 175,B01,1,1,0,2,1,1,5,NULL,202000018802,154 709 176,A01,1,1,1,1,1977,5,8,-1,-1,0,0,-1,202000018802,3,950,-1,NULL,-1,2,0,2,15,850,2,NULL," -1",1,0,1,80
202000019045,21,2,2020,12:55:00,1,63,63113,2,1,1,-1,"TURGOT (PLACE)","45,7848744","3,0996595",202000019045,154 708 749,A01,3,1,0,2,1,1,5,NULL,202000019045,154 708 749,A01,1,1,1,1,1969,0,2,-1,-1,0,0,-1,202000019045,4,"TURGOT (PLACE)",0,NULL,1,1,1,1,(1),(1),2,NULL," -1",1,9,8,30
202000019045,21,2,2020,12:55:00,1,63,63113,2,1,1,-1,"TURGOT (PLACE)","45,7848744","3,0996595",202000019045,154 708 749,A01,3,1,0,2,1,1,5,NULL,202000019045,154 708 750,B01,1,1,4,1,1998,0,2,6,-1,0,0,-1,202000019045,4,"TURGOT (PLACE)",0,NULL,1,1,1,1,(1),(1),2,NULL," -1",1,9,8,30
202000019200,10,9,2020,11:30:00,1,31,31112,1,1,1,2,"Ancienne Ligne de Chemin de Fer Boussens - Saint-Girons","43,0420060","0,9915320",202000019200,154 708 458,A01,1,1,1,0,1,1,5,NULL,202000019200,154 708 458,A01,1,1,4,1,1976,5,2,-1,-1,0,0,-1,202000019200,3,117,-1,NULL,2,2,0,1,0,329,1,NULL," -1",1,0,1,80
202000019200,10,9,2020,11:30:00,1,31,31112,1,1,1,2,"Ancienne Ligne de Chemin de Fer Boussens - Saint-Girons","43,0420060","0,9915320",202000019200,154 708 458,A01,1,1,1,0,1,1,5,NULL,202000019200,154 708 459,B01,1,1,1,1,1946,5,1,-1,-1,0,0,-1,202000019200,3,117,-1,NULL,2,2,0,1,0,329,1,NULL," -1",1,0,1,80
202000019200,10,9,2020,11:30:00,1,31,31112,1,1,1,2,"Ancienne Ligne de Chemin de Fer Boussens - Saint-Girons","43,0420060","0,9915320",202000019200,154 708 458,A01,1,1,1,0,1,1,5,NULL,202000019200,154 708 459,B01,2,2,1,2,1953,5,1,-1,-1,0,0,-1,202000019200,3,117,-1,NULL,2,2,0,1,0,329,1,NULL," -1",1,0,1,80
202000021321,9,6,2020,13:40:00,1,93,93051,2,1,1,2,"MALNOUE (NR 1 A 93)","48,8448000","2,5642000",202000021321,154 704 699,A01,3,1,0,2,1,2,6,NULL,202000021321,154 704 699,A01,1,1,4,1,1972,1,2,0,-1,-1," -1",-1,202000021321,4,NULL,0,NULL,2,2,0,1,0,0,1,NULL," -1",1,0,1,50
202000021321,9,6,2020,13:40:00,1,93,93051,2,1,1,2,"MALNOUE (NR 1 A 93)","48,8448000","2,5642000",202000021321,154 704 699,A01,3,1,0,2,1,2,6,NULL,202000021321,154 704 700,B01,1,1,1,1,1986,0,1,0,-1,-1," -1",-1,202000021321,4,NULL,0,NULL,2,2,0,1,0,0,1,NULL," -1",1,0,1,50
202000022111,18,12,2020,15:15:00,1,75,75113,2,2,1,2,"AVENUE DE LA PORTE D ITALIE","48,8188800","2,3595400",202000022111,154 703 298,B01,2,1,0,2,3,18,5,NULL,202000022111,154 703 297,A01,3,2,1,2,1964,1,1,0,-1,0,0,-1,202000022111,4,NULL,0,NULL,2,6,3,1,1,0,1,NULL," -1",1,-1,6,50
202000022111,18,12,2020,15:15:00,1,75,75113,2,2,1,2,"AVENUE DE LA PORTE D ITALIE","48,8188800","2,3595400",202000022111,154 703 298,B01,2,1,0,2,3,18,5,NULL,202000022111,154 703 297,A01,1,1,1,2,1961,4,1,0,-1,0,0,-1,202000022111,4,NULL,0,NULL,2,6,3,1,1,0,1,NULL," -1",1,-1,6,50
202000022111,18,12,2020,15:15:00,1,75,75113,2,2,1,2,"AVENUE DE LA PORTE D ITALIE","48,8188800","2,3595400",202000022111,154 703 298,B01,2,1,0,2,3,18,5,NULL,202000022111,154 703 298,B01,1,1,4,2,1994,1,2,0,-1,0,0,-1,202000022111,4,NULL,0,NULL,2,6,3,1,1,0,1,NULL," -1",1,-1,6,50
202000022128,18,12,2020,17:15:00,2,92,92049,2,1,1,7,"VANNE RUE DE LA","48,8160072","2,3286127",202000022128,154 703 269,A01,2,1,8,0,2,14,5,NULL,202000022128,154 703 269,A01,1,1,4,1,2013,2,8,0,-1,-1," -1",-1,202000022128,4,"VANNE (RUE DE LA)",0,NULL,2,2,0,1,0,0,1,NULL," -1",1,0,1,50
202000022488,19,1,2020,12:35:00,1,92,92040,2,6,1,3,"ILES (BOULEVARD DES)","48,8217472","2,2499844",202000022488,154 702 666,A01,2,1,0,2,1,1,0,NULL,202000022488,154 702 665,B01,1,1,1,1,1937,0,1,0,-1,-1," -1",-1,202000022488,3,2,0,NULL,1,3,0,1,0,0,1,NULL," -1",1,0,1,50
202000022488,19,1,2020,12:35:00,1,92,92040,2,6,1,3,"ILES (BOULEVARD DES)","48,8217472","2,2499844",202000022488,154 702 666,A01,2,1,0,2,1,1,0,NULL,202000022488,154 702 666,A01,1,1,4,2,1983,0,8,0,-1,-1," -1",-1,202000022488,3,2,0,NULL,1,3,0,1,0,0,1,NULL," -1",1,0,1,50
202000026045,15,12,2020,09:00:00,1,56,56083,2,6,2,3,"ALLENDE ( AV. PRES. SALVADOR )","47,8154800"," -3,2439500",202000026045,154 696 436,B01,2,1,0,2,7,1,5,NULL,202000026045,154 696 436,B01,1,1,4,1,1968,0,2,8,-1,-1," -1",-1,202000026045,3,724,0,NULL,2,2,0,1,91,850,1,NULL," -1",2,5,1,50
202000026045,15,12,2020,09:00:00,1,56,56083,2,6,2,3,"ALLENDE ( AV. PRES. SALVADOR )","47,8154800"," -3,2439500",202000026045,154 696 436,B01,2,1,0,2,7,1,5,NULL,202000026045,154 696 437,A01,1,1,1,2,1992,0,1,8,-1,-1," -1",-1,202000026045,3,724,0,NULL,2,2,0,1,91,850,1,NULL," -1",2,5,1,50
202000026122,16,12,2020,14:30:00,1,80,80620,2,1,1,-1,"Rue Dehaussy","49,9317930","2,9413260",202000026122,154 696 311,B01,1,1,1,0,2,1,5,NULL,202000026122,154 696 310,A01,1,1,1,1,1952,5,8,-1,-1,0,0,-1,202000026122,4,NULL,-1,NULL,2,2,0,1,(1),(1),2,NULL," -1",1,0,1,50