Num_Acc,jour,mois,an,hrmn,lum,dep,com,agg,int,atm,col,adr,lat,long,Num_Acc,id_vehicule,num_veh,senc,catv,obs,obsm,choc,manv,motor,occutc,Num_Acc,id_vehicule,num_veh,place,catu,grav,sexe,an_nais,trajet,secu1,secu2,secu3,locp,actp,etatp,Num_Acc,catr,voie,v1,v2,circ,nbv,vosp,prof,pr,pr1,plan,lartpc,larrout,surf,infra,situ,vma
202000026122,16,12,2020,14:30:00,1,80,80620,2,1,1,-1,"Rue Dehaussy","49,9317930","2,9413260",202000026122,154 696 311,B01,1,1,1,0,2,1,5,NULL,202000026122,154 696 311,B01,1,1,3,2,1969,1,0,-1,-1,0,0,-1,202000026122,4,NULL,-1,NULL,2,2,0,1,(1),(1),2,NULL," -1",1,0,1,50
202000026675,18,2,2020,09:00:00,1,92,92024,2,1,1,3,"RUE HENRI BARBUSSE","48,8990824","2,3041034",202000026675,154 695 326,B01,1,1,0,0,0,0,0,NULL,202000026675,154 695 326,B01,1,1,4,2,1988,1,2,0,-1,-1," -1",-1,202000026675,3,17,0,NULL,2,2,0,1,0,0,1,NULL," -1",1,0,8,50
202000026675,18,2,2020,09:00:00,1,92,92024,2,1,1,3,"RUE HENRI BARBUSSE","48,8990824","2,3041034",202000026675,154 695 326,B01,1,1,0,0,0,0,0,NULL,202000026675,154 695 327,A01,1,1,1,1,1977,1,1,8,-1,-1," -1",-1,202000026675,3,17,0,NULL,2,2,0,1,0,0,1,NULL," -1",1,0,8,50
202000026851,6,9,2020,14:20:00,1,94,94056,2,1,1,1,"BRIE (R DE)","48,6971300","2,5523100",202000026851,154 695 005,B01,0,1,0,2,1,1,0,NULL,202000026851,154 695 004,A01,1,1,1,2,1989,5,1,0,-1,-1," -1",-1,202000026851,3,253,0,NULL,2,2,0,1,(1),(1),1,NULL," -1",1,0,1,50
202000026851,6,9,2020,14:20:00,1,94,94056,2,1,1,1,"BRIE (R DE)","48,6971300","2,5523100",202000026851,154 695 005,B01,0,1,0,2,1,1,0,NULL,202000026851,154 695 005,B01,1,1,4,1,1972,5,2,0,-1,-1," -1",-1,202000026851,3,253,0,NULL,2,2,0,1,(1),(1),1,NULL," -1",1,0,1,50
202000027456,1,10,2020,08:06:00,2,49,49007,2,1,2,7,LETANDUERE,"47,4636671"," -0,5552910",202000027456,154 693 979,A01,1,1,0,0,0,1,5,NULL,202000027456,154 693 979,A01,1,1,4,1,2003,0,2,0,-1,-1," -1",-1,202000027456,4,LETANDUERE,0,NULL,1,1,0,1,1,0,1,NULL," -1",2,0,1,30
202000027745,3,6,2020,22:28:00,5,92,92024,2,6,3,2,"FRANCOIS MITERRAND (PLACE)","48,9029521","2,3128608",202000027745,154 693 484,B01,1,1,0,2,4,9,5,NULL,202000027745,154 693 483,A01,1,1,1,2,1976,5,1,8,-1,-1," -1",-1,202000027745,3,17,-1,NULL,2,-1,-1,1,(1),(1),1,NULL," -1",2,0,1,-1
202000027745,3,6,2020,22:28:00,5,92,92024,2,6,3,2,"FRANCOIS MITERRAND (PLACE)","48,9029521","2,3128608",202000027745,154 693 484,B01,1,1,0,2,4,9,5,NULL,202000027745,154 693 484,B01,1,1,4,1,1971,1,8,0,-1,-1," -1",-1,202000027745,3,17,-1,NULL,2,-1,-1,1,(1),(1),1,NULL," -1",2,0,1,-1
202000029606,1,10,2020,07:05:00,2,75,75117,2,2,2,3,"RUE VERNIER","48,8839740","2,2908790",202000029606,154 690 219,B01,1,1,0,2,8,1,5,NULL,202000029606,154 690 219,B01,1,1,4,1,1976,9,2,0,-1,0,0,-1,202000029606,4,NULL,0,NULL,1,1,0,1,0,0,1,NULL," -1",2,0,1,50
202000029606,1,10,2020,07:05:00,2,75,75117,2,2,2,3,"RUE VERNIER","48,8839740","2,2908790",202000029606,154 690 219,B01,1,1,0,2,8,1,5,NULL,202000029606,154 690 220,A01,1,1,4,1,1989,9,1,0,-1,0,0,-1,202000029606,4,NULL,0,NULL,1,1,0,1,0,0,1,NULL," -1",2,0,1,50
202000031820,12,12,2020,15:00:00,1,69,69383,2,3,2,3,"GAMBETTA                            (CO)","45,7500200","4,8582600",202000031820,154 686 434,B01,1,1,0,2,8,1,0,NULL,202000031820,154 686 434,B01,1,1,4,1,1992,0,2,8,-1,-1," -1",-1,202000031820,4,"GAMBETTA                            (CO)",0,NULL,1,4,1,1,0,0,1,NULL," -1",2,0,1,50
202000031820,12,12,2020,15:00:00,1,69,69383,2,3,2,3,"GAMBETTA                            (CO)","45,7500200","4,8582600",202000031820,154 686 434,B01,1,1,0,2,8,1,0,NULL,202000031820,154 686 435,A01,1,1,1,1,1993,0,8,0,-1,-1," -1",-1,202000031820,4,"GAMBETTA                            (CO)",0,NULL,1,4,1,1,0,0,1,NULL," -1",2,0,1,50
202000031979,15,1,2020,12:15:00,1,93,93078,2,2,1,3,"LECLERC (AVENUE DU GENERAL)","48,9480930","2,5611570",202000031979,154 686 162,A01,0,1,0,2,0,26,0,NULL,202000031979,154 686 162,A01,1,1,4,1,2002,0,0,0,-1,-1," -1",-1,202000031979,4,"LECLERC (AVENUE DU GENERAL)",0,NULL,2,2,0,1,0,0,1,NULL," -1",1,0,1,50
202000031979,15,1,2020,12:15:00,1,93,93078,2,2,1,3,"LECLERC (AVENUE DU GENERAL)","48,9480930","2,5611570",202000031979,154 686 162,A01,0,1,0,2,0,26,0,NULL,202000031979,154 686 163,B01,1,1,1,1,1980,0,1,0,-1,-1," -1",-1,202000031979,4,"LECLERC (AVENUE DU GENERAL)",0,NULL,2,2,0,1,0,0,1,NULL," -1",1,0,1,50
202000032144,6,7,2020,09:40:00,1,77,77385,1,1,1,2,D222,"48,8513701","3,2497438",202000032144,154 685 879,A01,2,1,0,0,4,1,5,NULL,202000032144,154 685 878,B01,1,1,1,1,1995,0,1,-1,-1,0,0,-1,202000032144,3,222,-1,NULL,2,2,0,1,13,550,1,NULL," -1",1,0,1,80
202000032144,6,7,2020,09:40:00,1,77,77385,1,1,1,2,D222,"48,8513701","3,2497438",202000032144,154 685 879,A01,2,1,0,0,4,1,5,NULL,202000032144,154 685 879,A01,1,1,2,1,1961,5,2,6,-1,0,0,-1,202000032144,3,222,-1,NULL,2,2,0,1,13,550,1,NULL," -1",1,0,1,80
202000034071,4,7,2020,11:45:00,1,37,37166,2,3,1,3,"1 Rue Jacques de Lavardin","47,5110572","0,9092855",202000034071,154 682 547,B01,2,1,0,2,8,15,5,NULL,202000034071,154 682 546,A01,1,1,1,1,1968,0,1,-1,-1,0,0,-1,202000034071,3,46,0,NULL,2,2,0,2,16,450,1,NULL," -1",1,0,1,50
202000034071,4,7,2020,11:45:00,1,37,37166,2,3,1,3,"1 Rue Jacques de Lavardin","47,5110572","0,9092855",202000034071,154 682 547,B01,2,1,0,2,8,15,5,NULL,202000034071,154 682 547,B01,1,1,4,1,2007,5,0,-1,-1,0,0,-1,202000034071,3,46,0,NULL,2,2,0,2,16,450,1,NULL," -1",1,0,1,50
202000036952,9,1,2020,19:30:00,5,75,75105,2,2,2,6,"QUAI DE MONTEBELLO","48,8523546","2,3482643",202000036952,154 677 412,A01,1,1,0,1,4,1,5,NULL,202000036952,154 677 412,A01,10,3,4,2,1959,1,0,-1,-1,4,3,1,202000036952,4,NULL,0,NULL,2,3,1,1,0,0,1,NULL,"10,5",2,-1,5,50
202000036952,9,1,2020,19:30:00,5,75,75105,2,2,2,6,"QUAI DE MONTEBELLO","48,8523546","2,3482643",202000036952,154 677 412,A01,1,1,0,1,4,1,5,NULL,202000036952,154 677 412,A01,1,1,1,1,1967,1,8,2,-1,0,0,-1,202000036952,4,NULL,0,NULL,2,3,1,1,0,0,1,NULL,"10,5",2,-1,5,50
202000038529,10,2,2020,12:40:00,1,93,93048,2,1,1,2,"ARISTE HEMARD (RUE)","48,8595534","2,4376076",202000038529,154 674 656,B01,1,1,1,0,1,1,5,NULL,202000038529,154 674 655,A01,1,1,1,1,1991,0,8,0,-1,-1," -1",-1,202000038529,4,NULL,0,NULL,1,1,0,2,0,0,1,NULL," -1",1,0,1,50
202000038529,10,2,2020,12:40:00,1,93,93048,2,1,1,2,"ARISTE HEMARD (RUE)","48,8595534","2,4376076",202000038529,154 674 656,B01,1,1,1,0,1,1,5,NULL,202000038529,154 674 656,B01,1,1,4,2,1948,0,8,0,-1,-1," -1",-1,202000038529,4,NULL,0,NULL,1,1,0,2,0,0,1,NULL," -1",1,0,1,50
202000040609,7,2,2020,19:20:00,5,75,75104,2,4,1,3,"BOULEVARD HENRI IV","48,8522310","2,3659700",202000040609,154 670 986,A01,1,1,0,2,8,15,5,NULL,202000040609,154 670 986,A01,1,1,4,1,1971,1,8,0,-1,0,0,-1,202000040609,4,NULL,0,NULL,2,4,3,1,0,0,1,NULL,12,1,-1,6,50
202000040609,7,2,2020,19:20:00,5,75,75104,2,4,1,3,"BOULEVARD HENRI IV","48,8522310","2,3659700",202000040609,154 670 986,A01,1,1,0,2,8,15,5,NULL,202000040609,154 670 989,B01,1,1,1,1,1973,1,2,6,-1,0,0,-1,202000040609,4,NULL,0,NULL,2,4,3,1,0,0,1,NULL,12,1,-1,6,50
202000043839,4,12,2020,17:35:00,5,59,59449,2,1,1,3,D938,"50,4800870","3,2474630",202000043839,154 665 213,B01,1,1,0,2,1,5,5,NULL,202000043839,154 665 212,A01,1,1,1,2,1981,0,1,-1,-1,0,0,-1,202000043839,3,938,0,D,2,2,1,2,(1),(1),1,NULL," -1",1,2,1,50
202000043839,4,12,2020,17:35:00,5,59,59449,2,1,1,3,D938,"50,4800870","3,2474630",202000043839,154 665 213,B01,1,1,0,2,1,5,5,NULL,202000043839,154 665 213,B01,1,1,3,1,1999,0,8,-1,-1,0,0,-1,202000043839,3,938,0,D,2,2,1,2,(1),(1),1,NULL," -1",1,2,1,50
202000043864,3,12,2020,08:45:00,1,974,97416,1,1,1,3,"DIAGONAL (CHEMIN) (2)"," -21,2982000","55,4737000",202000043864,154 665 160,A01,1,1,0,2,0,1,0,NULL,202000043864,154 665 160,A01,1,1,4,1,1979,5,2,8,-1,-1," -1",-1,202000043864,4,"DIAGONAL (CHEMIN) (2)",0,NULL,2,1,0,1,0,0,2,NULL," -1",1,0,1,50
202000045905,21,9,2020,00:45:00,4,33,33065,1,1,8,2,"RTE DE LATRESNE (D113)","44,8085200"," -0,5189200",202000045905,154 661 600,B01,1,1,0,2,4,1,5,NULL,202000045905,154 661 600,B01,1,1,2,1,1938,3,8,4,-1,-1," -1",-1,202000045905,4,"RTE DE LATRESNE",0,NULL,2,0,0,1,(1),(1),1,NULL," -1",2,0,1,80
202000046200,21,6,2020,11:00:00,1,59,59230,2,1,1,5,"FORT (RUE DU)","50,2463920","3,9752030",202000046200,154 661 054,C01,2,1,0,2,1,5,5,NULL,202000046200,154 661 052,A01,1,1,1,1,1997,3,8,-1,-1,-1,0,-1,202000046200,3,95,0,NULL,2,2,0,2,(1),(1),1,NULL,5,1,0,1,50
202000046200,21,6,2020,11:00:00,1,59,59230,2,1,1,5,"FORT (RUE DU)","50,2463920","3,9752030",202000046200,154 661 053,B01,2,1,0,2,1,5,5,NULL,202000046200,154 661 052,A01,1,1,1,1,1997,3,8,-1,-1,-1,0,-1,202000046200,3,95,0,NULL,2,2,0,2,(1),(1),1,NULL,5,1,0,1,50
202000046200,21,6,2020,11:00:00,1,59,59230,2,1,1,5,"FORT (RUE DU)","50,2463920","3,9752030",202000046200,154 661 054,C01,2,1,0,2,1,5,5,NULL,202000046200,154 661 053,B01,1,1,3,1,1961,0,2,-1,-1,-1,0,-1,202000046200,3,95,0,NULL,2,2,0,2,(1),(1),1,NULL,5,1,0,1,50
202000046200,21,6,2020,11:00:00,1,59,59230,2,1,1,5,"FORT (RUE DU)","50,2463920","3,9752030",202000046200,154 661 053,B01,2,1,0,2,1,5,5,NULL,202000046200,154 661 053,B01,1,1,3,1,1961,0,2,-1,-1,-1,0,-1,202000046200,3,95,0,NULL,2,2,0,2,(1),(1),1,NULL,5,1,0,1,50
202000046200,21,6,2020,11:00:00,1,59,59230,2,1,1,5,"FORT (RUE DU)","50,2463920","3,9752030",202000046200,154 661 054,C01,2,1,0,2,1,5,5,NULL,202000046200,154 661 054,C01,1,1,4,1,1934,5,2,-1,-1,-1,0,-1,202000046200,3,95,0,NULL,2,2,0,2,(1),(1),1,NULL,5,1,0,1,50
202000046200,21,6,2020,11:00:00,1,59,59230,2,1,1,5,"FORT (RUE DU)","50,2463920","3,9752030",202000046200,154 661 053,B01,2,1,0,2,1,5,5,NULL,202000046200,154 661 054,C01,1,1,4,1,1934,5,2,-1,-1,-1,0,-1,202000046200,3,95,0,NULL,2,2,0,2,(1),(1),1,NULL,5,1,0,1,50
202000046705,22,5,2020,18:45:00,1,75,75108,2,2,2,7,"RUE ROYALE","48,8683770","2,3232670",202000046705,154 660 163,A01,2,1,0,0,0,1,5,NULL,202000046705,154 660 163,A01,1,1,4,1,1988,5,2,0,-1,0,0,-1,202000046705,4,NULL,0,NULL,2,6,3,1,0,0,1,NULL," -1",2,0,1,50
202000047118,20,10,2020,12:30:00,1,35,35238,2,9,1,3,"DE LATTRE DE TASSIGNY (BD MARECHAL)","48,1113400"," -1,6867600",202000047118,154 659 470,B01,3,1,0,2,1,1,0,NULL,202000047118,154 659 470,B01,1,1,4,2,2004,9,8,0,-1,-1," -1",-1,202000047118,4,"DE LATTRE DE TASSIGNY (BD MARECHAL)",0,NULL,1,1,0,1,0,0,1,NULL," -1",1,9,1,30
202000047118,20,10,2020,12:30:00,1,35,35238,2,9,1,3,"DE LATTRE DE TASSIGNY (BD MARECHAL)","48,1113400"," -1,6867600",202000047118,154 659 470,B01,3,1,0,2,1,1,0,NULL,202000047118,154 659 473,A01,1,1,1,2,1981,4,1,0,-1,-1," -1",-1,202000047118,4,"DE LATTRE DE TASSIGNY (BD MARECHAL)",0,NULL,1,1,0,1,0,0,1,NULL," -1",1,9,1,30
202000008514,24,11,2020,18:15:00,5,75,75119,2,1,1,6,"BOULEVARD MACDONALD","48,8987960","2,3758360",202000008514,154 727 274,A01,2,1,0,1,1,1,5,NULL,202000008514,154 727 274,A01,10,3,4,2,2012,5,0,-1,-1,2,4,2,202000008514,4,NULL,0,NULL,2,2,1,1,0,0,1,NULL," -1",1,-1,5,50
202000008514,24,11,2020,18:15:00,5,75,75119,2,1,1,6,"BOULEVARD MACDONALD","48,8987960","2,3758360",202000008514,154 727 274,A01,2,1,0,1,1,1,5,NULL,202000008514,154 727 274,A01,1,1,1,2,1990,9,2,0,-1,0,0,-1,202000008514,4,NULL,0,NULL,2,2,1,1,0,0,1,NULL," -1",1,-1,5,50
202000008515,24,11,2020,09:43:00,1,75,75119,2,3,8,3,"RUE DE CRIMEE","48,8875640","2,3803340",202000008515,154 727 272,B01,1,1,0,2,1,1,5,NULL,202000008515,154 727 272,B01,1,1,4,1,1984,1,2,0,-1,0,0,-1,202000008515,4,NULL,0,NULL,2,2,1,1,0,0,1,NULL," -1",1,-1,5,30
202000008515,24,11,2020,09:43:00,1,75,75119,2,3,8,3,"RUE DE CRIMEE","48,8875640","2,3803340",202000008515,154 727 272,B01,1,1,0,2,1,1,5,NULL,202000008515,154 727 273,A01,1,1,1,2,1971,9,1,0,-1,0,0,-1,202000008515,4,NULL,0,NULL,2,2,1,1,0,0,1,NULL," -1",1,-1,5,30
202000009370,28,1,2020,16:50:00,1,972,97213,2,3,1,3,"MORNE PITAULT (ROUTE DE)","14,6093000"," -60,9529000",202000009370,154 725 776,A01,2,1,0,2,1,19,5,NULL,202000009370,154 725 775,B01,1,1,1,1,1969,0,1,0,-1,-1," -1",-1,202000009370,4,"MORNE PITAULT (ROUTE DE)",0,NULL,2,2,0,1,3,500,3,NULL," -1",1,0,1,50
202000009370,28,1,2020,16:50:00,1,972,97213,2,3,1,3,"MORNE PITAULT (ROUTE DE)","14,6093000"," -60,9529000",202000009370,154 725 776,A01,2,1,0,2,1,19,5,NULL,202000009370,154 725 776,A01,1,1,3,1,2006,0,0,0,-1,-1," -1",-1,202000009370,4,"MORNE PITAULT (ROUTE DE)",0,NULL,2,2,0,1,3,500,3,NULL," -1",1,0,1,50
202000010304,29,12,2020,15:30:00,1,34,34074,1,1,1,7,D14,"43,4615170","3,0248450",202000010304,154 724 126,A01,1,1,0,0,0,1,5,NULL,202000010304,154 724 126,A01,1,1,3,1,1953,5,0,-1,-1,0,0,-1,202000010304,3,14,-1,NULL,2,2,0,1,46,700,1,NULL," -1",1,0,1,80
202000012279,26,12,2020,18:10:00,5,75,75101,2,3,1,2,"RUE MONTMARTRE","48,8641350","2,3454700",202000012279,154 720 669,B01,1,1,0,2,1,1,5,NULL,202000012279,154 720 668,A01,2,2,1,1,2011,9,1,0,-1,0,0,-1,202000012279,4,NULL,0,NULL,1,1,0,1,0,0,1,NULL," -1",2,0,1,30
202000012279,26,12,2020,18:10:00,5,75,75101,2,3,1,2,"RUE MONTMARTRE","48,8641350","2,3454700",202000012279,154 720 669,B01,1,1,0,2,1,1,5,NULL,202000012279,154 720 669,B01,1,1,4,1,1969,5,8,0,-1,0,0,-1,202000012279,4,NULL,0,NULL,1,1,0,1,0,0,1,NULL," -1",2,0,1,30
202000012279,26,12,2020,18:10:00,5,75,75101,2,3,1,2,"RUE MONTMARTRE","48,8641350","2,3454700",202000012279,154 720 669,B01,1,1,0,2,1,1,5,NULL,202000012279,154 720 669,B01,2,2,1,2,2016,5,2,8,-1,0,0,-1,202000012279,4,NULL,0,NULL,1,1,0,1,0,0,1,NULL," -1",2,0,1,30
202000014658,25,1,2020,20:55:00,5,75,75119,2,4,1,3,"RUE DES DUNES","48,8752305","2,3786499",202000014658,154 716 577,B01,2,1,0,2,3,15,5,NULL,202000014658,154 716 577,B01,1,1,4,2,1988,9,8,2,-1,0,0,-1,202000014658,4,NULL,0,NULL,2,2,0,4,0,0,1,NULL," -1",1,0,1,30
202000014658,25,1,2020,20:55:00,5,75,75119,2,4,1,3,"RUE DES DUNES","48,8752305","2,3786499",202000014658,154 716 577,B01,2,1,0,2,3,15,5,NULL,202000014658,154 716 578,A01,1,1,1,2,1973,9,1,0,-1,0,0,-1,202000014658,4,NULL,0,NULL,2,2,0,4,0,0,1,NULL," -1",1,0,1,30
202000016106,23,12,2020,19:30:00,3,973,97304,1,1,1,2,RN1,"5,1551460"," -52,6767830",202000016106,154 713 929,B01,1,1,0,2,4,2,5,NULL,202000016106,154 713 929,B01,1,1,2,1,1991,5,0,-1,-1,0,0,-1,202000016106,2,1,-1,NULL,2,2,0,1,57,300,1,NULL," -1",1,0,1,80
202000016106,23,12,2020,19:30:00,3,973,97304,1,1,1,2,RN1,"5,1551460"," -52,6767830",202000016106,154 713 929,B01,1,1,0,2,4,2,5,NULL,202000016106,154 713 930,A01,1,1,1,2,1980,1,1,-1,-1,0,0,-1,202000016106,2,1,-1,NULL,2,2,0,1,57,300,1,NULL," -1",1,0,1,80
202000016334,16,11,2020,08:55:00,1,44,44109,2,1,1,3,"RUE CORENTIN BOURVEAU","47,2274363"," -1,5217780",202000016334,154 713 511,B01,1,1,0,2,2,1,5,NULL,202000016334,154 713 510,A01,1,1,1,2,1985,0,1,0,-1,-1," -1",-1,202000016334,4,NULL,0,NULL,2,0,0,1,(1),(1),1,NULL," -1",1,0,1,30
202000016334,16,11,2020,08:55:00,1,44,44109,2,1,1,3,"RUE CORENTIN BOURVEAU","47,2274363"," -1,5217780",202000016334,154 713 511,B01,1,1,0,2,2,1,5,NULL,202000016334,154 713 511,B01,1,1,4,2,1980,0,8,0,-1,-1," -1",-1,202000016334,4,NULL,0,NULL,2,0,0,1,(1),(1),1,NULL," -1",1,0,1,30
202000016626,22,1,2020,10:10:00,1,86,86194,2,1,1,3,"Avenue John Kennedy","46,5738200","0,3709700",202000016626,154 713 010,A01,1,1,0,2,4,15,5,NULL,202000016626,154 713 009,B01,1,1,1,2,1974,9,1,0,-1,-1," -1",-1,202000016626,3,162,0,NULL,3,4,-1,1,3,650,1,NULL," -1",1,0,1,50
202000016626,22,1,2020,10:10:00,1,86,86194,2,1,1,3,"Avenue John Kennedy","46,5738200","0,3709700",202000016626,154 713 010,A01,1,1,0,2,4,15,5,NULL,202000016626,154 713 010,A01,1,1,4,1,1999,2,2,8,-1,-1," -1",-1,202000016626,3,162,0,NULL,3,4,-1,1,3,650,1,NULL," -1",1,0,1,50
202000017192,11,9,2020,15:20:00,1,75,75112,2,3,1,6,"RUE DE REUILLY","48,8458030","2,3883750",202000017192,154 711 999,Z01,2,1,0,1,1,2,5,NULL,202000017192,154 711 999,Z01,10,3,4,2,2010,2,8,8,-1,4,3,3,202000017192,4,NULL,0,NULL,2,2,0,1,0,0,1,NULL," -1",1,0,1,50
202000017708,7,10,2020,19:37:00,5,33,33063,2,1,1,1,"CRS DE L'ARGONNE","44,8298900"," -0,5732300",202000017708,154 711 067,A01,0,1,0,4,1,1,5,NULL,202000017708,154 711 066,B01,1,1,1,1,1968,4,8,-1,-1,-1," -1",-1,202000017708,4,"CRS DE L'ARGONNE",0,NULL,1,1,3,1,(1),(1),1,NULL," -1",1,4,6,50
202000017708,7,10,2020,19:37:00,5,33,33063,2,1,1,1,"CRS DE L'ARGONNE","44,8298900"," -0,5732300",202000017708,154 711 067,A01,0,1,0,4,1,1,5,NULL,202000017708,154 711 067,A01,1,1,4,1,1980,0,8,-1,-1,-1," -1",-1,202000017708,4,"CRS DE L'ARGONNE",0,NULL,1,1,3,1,(1),(1),1,NULL," -1",1,4,6,50
202000018579,22,1,2020,18:05:00,5,75,75113,2,3,1,6,"BOULEVARD AUGUSTE BLANQUI","48,8296885","2,3494247",202000018579,154 709 569,A01,1,1,0,1,1,1,5,NULL,202000018579,154 709 569,A01,10,3,4,2,1971,1,0,-1,-1,4,3,1,202000018579,4,NULL,0,NULL,3,2,1,2,0,0,1,NULL," -1",1,-1,5,50
202000018579,22,1,2020,18:05:00,5,75,75113,2,3,1,6,"BOULEVARD AUGUSTE BLANQUI","48,8296885","2,3494247",202000018579,154 709 569,A01,1,1,0,1,1,1,5,NULL,202000018579,154 709 569,A01,1,1,1,1,1990,1,8,2,-1,0,0,-1,202000018579,4,NULL,0,NULL,3,2,1,2,0,0,1,NULL," -1",1,-1,5,50
202000022754,17,2,2020,18:10:00,2,92,92063,2,3,1,6,"ALBERT 1ER (AVENUE)","48,8811500","2,1789400",202000022754,154 702 190,A01,2,1,0,1,1,1,5,NULL,202000022754,154 702 190,A01,1,1,1,1,2002,5,8,8,-1,-1," -1",-1,202000022754,4,"ALBERT 1ER (AVENUE)",0,NULL,1,1,0,1,0,0,1,NULL," -1",1,0,1,50
202000022754,17,2,2020,18:10:00,2,92,92063,2,3,1,6,"ALBERT 1ER (AVENUE)","48,8811500","2,1789400",202000022754,154 702 190,A01,2,1,0,1,1,1,5,NULL,202000022754,154 702 190,A01,10,3,4,2,1963,5,0,-1,-1,3,3,1,202000022754,4,"ALBERT 1ER (AVENUE)",0,NULL,1,1,0,1,0,0,1,NULL," -1",1,0,1,50
202000022914,7,9,2020,07:00:00,1,44,44204,1,6,1,3,"La Belle Etoile","47,2823550"," -1,4537790",202000022914,154 701 917,B01,1,1,0,2,8,1,5,NULL,202000022914,154 701 917,B01,1,1,4,1,2000,1,4,-1,-1,0,0,-1,202000022914,7,723,0,NULL,3,2,0,1,43,600,2,NULL," -1",1,0,1,80
202000022914,7,9,2020,07:00:00,1,44,44204,1,6,1,3,"La Belle Etoile","47,2823550"," -1,4537790",202000022914,154 701 917,B01,1,1,0,2,8,1,5,NULL,202000022914,154 701 918,A01,1,1,1,1,1973,4,1,-1,-1,0,0,-1,202000022914,7,723,0,NULL,3,2,0,1,43,600,2,NULL," -1",1,0,1,80
202000023477,5,10,2020,21:20:00,5,33,33063,2,2,1,3,"CRS DU MEDOC / CRS BALGUERIE STUTTENBERG","44,8582700"," -0,5669200",202000023477,154 700 931,A01,1,1,0,2,1,1,5,NULL,202000023477,154 700 931,A01,1,1,4,1,2000,5,8,0,-1,-1," -1",-1,202000023477,4,"CRS DU MEDOC",0,NULL,2,4,2,1,(1),(1),1,NULL," -1",1,5,1,50
202000023477,5,10,2020,21:20:00,5,33,33063,2,2,1,3,"CRS DU MEDOC / CRS BALGUERIE STUTTENBERG","44,8582700"," -0,5669200",202000023477,154 700 931,A01,1,1,0,2,1,1,5,NULL,202000023477,154 700 932,B01,1,1,1,2,1991,0,1,0,-1,-1," -1",-1,202000023477,4,"CRS DU MEDOC",0,NULL,2,4,2,1,(1),(1),1,NULL," -1",1,5,1,50
202000024454,9,7,2020,21:30:00,2,75,75118,2,3,1,3,"RUE ORDENER","48,8904030","2,3558270",202000024454,154 699 229,B01,1,1,0,2,1,9,5,NULL,202000024454,154 699 228,A01,1,1,1,1,1985,4,1,0,-1,0,0,-1,202000024454,4,NULL,0,NULL,2,2,0,1,0,0,1,NULL," -1",1,0,1,50
202000024454,9,7,2020,21:30:00,2,75,75118,2,3,1,3,"RUE ORDENER","48,8904030","2,3558270",202000024454,154 699 229,B01,1,1,0,2,1,9,5,NULL,202000024454,154 699 229,B01,1,1,4,1,2005,5,2,0,-1,0,0,-1,202000024454,4,NULL,0,NULL,2,2,0,1,0,0,1,NULL," -1",1,0,1,50
202000024802,14,2,2020,09:00:00,1,59,59170,2,2,1,3,"BARBUSSE (RUE HENRI)","50,3475300","3,1249900",202000024802,154 698 604,B01,2,1,0,2,0,1,5,NULL,202000024802,154 698 604,B01,1,1,3,2,1954,9,8,0,-1,-1,0,-1,202000024802,4,"RUE HENRI BARBUSSE ",0,NULL,2,2,0,1,0,0,1,NULL," -1",1,0,1,50
202000024802,14,2,2020,09:00:00,1,59,59170,2,2,1,3,"BARBUSSE (RUE HENRI)","50,3475300","3,1249900",202000024802,154 698 604,B01,2,1,0,2,0,1,5,NULL,202000024802,154 698 605,A01,1,1,1,1,1951,9,1,0,-1,-1,0,-1,202000024802,4,"RUE HENRI BARBUSSE ",0,NULL,2,2,0,1,0,0,1,NULL," -1",1,0,1,50
202000029376,27,10,2020,07:20:00,1,13,13108,1,1,1,2,"RD 970 ROUTE D'AVIGNON","43,7716200","4,6890100",202000029376,154 690 624,A01,1,1,0,2,4,1,5,NULL,202000029376,154 690 624,A01,1,1,3,1,1960,1,2,0,-1,-1," -1",-1,202000029376,3,970,0,NULL,2,2,0,1,1,0,1,NULL," -1",1,0,1,80
202000030373,5,7,2020,12:50:00,1,75,75107,2,3,1,7,"QUAI ANATOLE FRANCE","48,8611250","2,3241890",202000030373,154 688 874,A01,1,1,0,0,0,1,5,NULL,202000030373,154 688 874,A01,1,1,4,1,1995,5,8,0,-1,0,0,-1,202000030373,4,NULL,0,NULL,1,1,1,1,0,0,1,NULL," -1",1,-1,5,30
202000030880,4,9,2020,09:45:00,1,94,94021,2,1,1,3,"JEAN MERMOZ (BD)","48,7726300","2,3394300",202000030880,154 688 047,A01,2,1,0,2,7,19,0,NULL,202000030880,154 688 047,A01,1,1,4,2,1958,0,2,0,-1,-1," -1",-1,202000030880,3,126,0,NULL,2,4,1,1,(1),(1),1,NULL," -1",1,0,5,50
202000032715,14,2,2020,11:30:00,1,80,80627,1,1,1,2,D210,"49,8012837","2,2165149",202000032715,154 684 933,B01,1,1,0,2,4,2,5,NULL,202000032715,154 684 932,A01,1,1,2,1,1990,5,2,6,-1,0,0,-1,202000032715,3,210,0,D,2,2,0,3,10,500,1,NULL," -1",1,0,1,80
202000032715,14,2,2020,11:30:00,1,80,80627,1,1,1,2,D210,"49,8012837","2,2165149",202000032715,154 684 933,B01,1,1,0,2,4,2,5,NULL,202000032715,154 684 933,B01,1,1,2,1,1944,5,8,-1,-1,0,0,-1,202000032715,3,210,0,D,2,2,0,3,10,500,1,NULL," -1",1,0,1,80