Num_Acc,jour,mois,an,hrmn,lum,dep,com,agg,int,atm,col,adr,lat,long,Num_Acc,id_vehicule,num_veh,senc,catv,obs,obsm,choc,manv,motor,occutc,Num_Acc,id_vehicule,num_veh,place,catu,grav,sexe,an_nais,trajet,secu1,secu2,secu3,locp,actp,etatp,Num_Acc,catr,voie,v1,v2,circ,nbv,vosp,prof,pr,pr1,plan,lartpc,larrout,surf,infra,situ,vma
202000035486,30,5,2020,22:00:00,5,69,69276,2,1,1,3,"HECTOR BERLIOZ                          ","45,6679534","4,8529456",202000035486,154 680 037,B01,2,1,0,2,1,1,5,NULL,202000035486,154 680 036,A01,1,1,1,1,1979,0,1,0,-1,-1," -1",-1,202000035486,4,"HECTOR BERLIOZ                          ",0,NULL,2,2,1,1,0,0,1,NULL," -1",1,0,5,30
202000035486,30,5,2020,22:00:00,5,69,69276,2,1,1,3,"HECTOR BERLIOZ                          ","45,6679534","4,8529456",202000035486,154 680 037,B01,2,1,0,2,1,1,5,NULL,202000035486,154 680 037,B01,1,1,4,1,1968,0,2,0,-1,-1," -1",-1,202000035486,4,"HECTOR BERLIOZ                          ",0,NULL,2,2,1,1,0,0,1,NULL," -1",1,0,5,30
202000039074,8,12,2020,17:00:00,2,67,67108,2,3,1,1,"2 Rue Victor Hugo","48,5342050","7,5942720",202000039074,154 673 686,A01,3,1,0,2,2,16,5,NULL,202000039074,154 673 685,B01,1,1,1,1,1985,0,1,-1,-1,0,0,-1,202000039074,4,NULL,0,NULL,2,2,0,1,(1),(1),1,NULL," -1",1,0,1,50
202000039074,8,12,2020,17:00:00,2,67,67108,2,3,1,1,"2 Rue Victor Hugo","48,5342050","7,5942720",202000039074,154 673 686,A01,3,1,0,2,2,16,5,NULL,202000039074,154 673 686,A01,1,1,3,1,1938,5,0,-1,-1,0,0,-1,202000039074,4,NULL,0,NULL,2,2,0,1,(1),(1),1,NULL," -1",1,0,1,50
202000041767,29,6,2020,17:35:00,1,79,79066,2,1,1,6,"9 Chemin du Tram","46,4865450"," -0,4072420",202000041767,154 668 930,A01,2,1,0,1,1,26,5,NULL,202000041767,154 668 930,A01,1,1,1,1,2005,5,0,-1,-1,0,0,-1,202000041767,4,NULL,-1,NULL,2,2,0,1,(1),(1),1,NULL,4,1,0,1,30
202000041767,29,6,2020,17:35:00,1,79,79066,2,1,1,6,"9 Chemin du Tram","46,4865450"," -0,4072420",202000041767,154 668 930,A01,2,1,0,1,1,26,5,NULL,202000041767,154 668 930,A01,10,3,3,2,1937,9,0,-1,-1,2,3,1,202000041767,4,NULL,-1,NULL,2,2,0,1,(1),(1),1,NULL,4,1,0,1,30
202000042055,28,8,2020,21:10:00,2,16,16104,1,1,1,5,"Lieu dit La Renarde","46,0437900","0,2211410",202000042055,154 668 418,A01,1,1,0,2,4,2,5,NULL,202000042055,154 668 416,C01,1,1,1,1,1934,5,1,-1,-1,0,0,-1,202000042055,3,8,0,NULL,2,2,0,2,5,35,1,0,"5,9",1,0,1,80
202000042055,28,8,2020,21:10:00,2,16,16104,1,1,1,5,"Lieu dit La Renarde","46,0437900","0,2211410",202000042055,154 668 417,B01,1,1,0,2,4,1,5,NULL,202000042055,154 668 416,C01,1,1,1,1,1934,5,1,-1,-1,0,0,-1,202000042055,3,8,0,NULL,2,2,0,2,5,35,1,0,"5,9",1,0,1,80
202000042055,28,8,2020,21:10:00,2,16,16104,1,1,1,5,"Lieu dit La Renarde","46,0437900","0,2211410",202000042055,154 668 418,A01,1,1,0,2,4,2,5,NULL,202000042055,154 668 417,B01,1,1,4,1,2002,5,8,-1,-1,0,0,-1,202000042055,3,8,0,NULL,2,2,0,2,5,35,1,0,"5,9",1,0,1,80
202000042055,28,8,2020,21:10:00,2,16,16104,1,1,1,5,"Lieu dit La Renarde","46,0437900","0,2211410",202000042055,154 668 417,B01,1,1,0,2,4,1,5,NULL,202000042055,154 668 417,B01,1,1,4,1,2002,5,8,-1,-1,0,0,-1,202000042055,3,8,0,NULL,2,2,0,2,5,35,1,0,"5,9",1,0,1,80
202000042055,28,8,2020,21:10:00,2,16,16104,1,1,1,5,"Lieu dit La Renarde","46,0437900","0,2211410",202000042055,154 668 418,A01,1,1,0,2,4,2,5,NULL,202000042055,154 668 418,A01,1,1,2,1,1991,5,8,-1,-1,0,0,-1,202000042055,3,8,0,NULL,2,2,0,2,5,35,1,0,"5,9",1,0,1,80
202000042055,28,8,2020,21:10:00,2,16,16104,1,1,1,5,"Lieu dit La Renarde","46,0437900","0,2211410",202000042055,154 668 417,B01,1,1,0,2,4,1,5,NULL,202000042055,154 668 418,A01,1,1,2,1,1991,5,8,-1,-1,0,0,-1,202000042055,3,8,0,NULL,2,2,0,2,5,35,1,0,"5,9",1,0,1,80
202000042145,26,8,2020,17:45:00,2,26,26362,2,9,1,3,"37 Rue Gaspard Monge","44,9122510","4,8816630",202000042145,154 668 252,B01,3,1,0,2,2,26,6,NULL,202000042145,154 668 251,A01,1,1,1,2,1989,0,1,-1,-1,0,0,-1,202000042145,4,"37 rue Gaspard Monge ",0,NULL,2,2,0,1,(1),(1),1,NULL," -1",1,0,1,50
202000042145,26,8,2020,17:45:00,2,26,26362,2,9,1,3,"37 Rue Gaspard Monge","44,9122510","4,8816630",202000042145,154 668 252,B01,3,1,0,2,2,26,6,NULL,202000042145,154 668 252,B01,1,1,4,1,1966,5,8,-1,-1,0,0,-1,202000042145,4,"37 rue Gaspard Monge ",0,NULL,2,2,0,1,(1),(1),1,NULL," -1",1,0,1,50
202000042214,11,3,2020,09:05:00,1,75,75113,2,1,1,3,"QUAI D AUSTERLITZ","48,8401130","2,3703100",202000042214,154 668 117,B01,2,1,0,2,2,1,5,NULL,202000042214,154 668 117,B01,1,1,4,2,1995,1,8,0,-1,0,0,-1,202000042214,4,NULL,0,NULL,2,2,1,1,0,0,1,NULL," -1",1,0,5,50
202000042214,11,3,2020,09:05:00,1,75,75113,2,1,1,3,"QUAI D AUSTERLITZ","48,8401130","2,3703100",202000042214,154 668 117,B01,2,1,0,2,2,1,5,NULL,202000042214,154 668 118,A01,1,1,1,1,1988,4,8,0,-1,0,0,-1,202000042214,4,NULL,0,NULL,2,2,1,1,0,0,1,NULL," -1",1,0,5,50
202000042239,11,3,2020,11:45:00,1,92,92025,2,1,1,5,"AGENT SARRE (AV DE L')","48,9246940","2,2658370",202000042239,154 668 072,B01,1,1,1,0,0,0,5,NULL,202000042239,154 668 072,B01,1,1,4,1,1952,3,8,0,-1,-1," -1",-1,202000042239,3,986,0,NULL,2,2,0,1,0,0,1,NULL," -1",1,0,1,50
202000042239,11,3,2020,11:45:00,1,92,92025,2,1,1,5,"AGENT SARRE (AV DE L')","48,9246940","2,2658370",202000042239,154 668 072,B01,1,1,1,0,0,0,5,NULL,202000042239,154 668 073,C01,1,1,1,1,1966,9,8,0,-1,-1," -1",-1,202000042239,3,986,0,NULL,2,2,0,1,0,0,1,NULL," -1",1,0,1,50
202000042239,11,3,2020,11:45:00,1,92,92025,2,1,1,5,"AGENT SARRE (AV DE L')","48,9246940","2,2658370",202000042239,154 668 072,B01,1,1,1,0,0,0,5,NULL,202000042239,154 668 074,A01,1,1,1,2,1973,1,1,4,-1,-1," -1",-1,202000042239,3,986,0,NULL,2,2,0,1,0,0,1,NULL," -1",1,0,1,50
202000044718,26,8,2020,11:05:00,1,59,59090,2,1,1,3,"GEORGES (CHEMIN SAINT)","50,7022300","3,0849700",202000044718,154 663 600,B01,3,1,0,9,1,16,0,NULL,202000044718,154 663 600,B01,1,1,2,1,1939,0,2,0,-1,-1," -1",-1,202000044718,4,"GEORGESRue Pierre Decock",0,NULL,-1,2,0,1,0,0,1,NULL," -1",1,0,1,50
202000044718,26,8,2020,11:05:00,1,59,59090,2,1,1,3,"GEORGES (CHEMIN SAINT)","50,7022300","3,0849700",202000044718,154 663 600,B01,3,1,0,9,1,16,0,NULL,202000044718,154 663 604,A01,1,1,1,1,1982,1,1,0,-1,-1," -1",-1,202000044718,4,"GEORGESRue Pierre Decock",0,NULL,-1,2,0,1,0,0,1,NULL," -1",1,0,1,50
202000044718,26,8,2020,11:05:00,1,59,59090,2,1,1,3,"GEORGES (CHEMIN SAINT)","50,7022300","3,0849700",202000044718,154 663 600,B01,3,1,0,9,1,16,0,NULL,202000044718,154 663 604,A01,2,2,1,2,1981,1,1,0,-1,-1," -1",-1,202000044718,4,"GEORGESRue Pierre Decock",0,NULL,-1,2,0,1,0,0,1,NULL," -1",1,0,1,50
202000044886,4,1,2020,00:20:00,5,75,75104,2,1,1,6,"RUE PAVEE","48,8571252","2,3616649",202000044886,154 663 325,A01,1,1,8,0,2,14,5,NULL,202000044886,154 663 325,A01,1,1,4,2,1998,5,8,2,-1,0,0,-1,202000044886,4,NULL,0,NULL,2,2,0,1,24,0,1,NULL," -1",1,0,1,30
202000046390,23,6,2020,13:56:00,1,49,49246,2,1,1,2,"CHAUVIN AVENUE","47,4300000"," -0,5419500",202000046390,154 660 716,A01,1,1,0,2,2,0,5,NULL,202000046390,154 660 716,A01,1,1,3,1,1988,0,8,0,-1,-1," -1",-1,202000046390,3,"CHAUVIN AVENUE",0,NULL,2,2,0,1,5,400,1,NULL," -1",1,0,1,60
202000046390,23,6,2020,13:56:00,1,49,49246,2,1,1,2,"CHAUVIN AVENUE","47,4300000"," -0,5419500",202000046390,154 660 716,A01,1,1,0,2,2,0,5,NULL,202000046390,154 660 717,B01,1,1,1,1,1962,0,1,8,-1,-1," -1",-1,202000046390,3,"CHAUVIN AVENUE",0,NULL,2,2,0,1,5,400,1,NULL," -1",1,0,1,60
202000046392,3,1,2020,13:27:00,1,06,06059,1,1,1,6,"111 Avenue des Diables Bleus","43,7224740","7,3340900",202000046392,154 660 714,A01,2,1,13,0,1,15,5,NULL,202000046392,154 660 714,A01,1,1,3,1,1985,5,2,-1,-1,0,0,-1,202000046392,7,2564,0,M,2,2,0,2,(1),(1),2,NULL," -1",1,0,3,80
202000006494,20,11,2020,18:40:00,3,62,62274,1,1,8,-1,"RD 161","50,4420400","2,9877900",202000006494,154 730 818,B01,1,1,0,2,0,2,5,NULL,202000006494,154 730 818,B01,1,1,3,1,1976,0,2,0,-1,-1," -1",-1,202000006494,3,161,0,NULL,2,2,0,1,7,960,1,NULL," -1",1,0,1,50
202000006494,20,11,2020,18:40:00,3,62,62274,1,1,8,-1,"RD 161","50,4420400","2,9877900",202000006494,154 730 818,B01,1,1,0,2,0,2,5,NULL,202000006494,154 730 819,A01,1,1,1,1,1975,1,8,0,-1,-1," -1",-1,202000006494,3,161,0,NULL,2,2,0,1,7,960,1,NULL," -1",1,0,1,50
202000007270,17,9,2020,11:00:00,1,02,02420,2,9,7,3,"21 Rue de Bretagne","49,8979220","3,3199610",202000007270,154 729 470,B01,1,1,0,0,7,2,5,NULL,202000007270,154 729 469,A01,1,1,1,2,1950,5,1,-1,-1,0,0,-1,202000007270,3,71,0,NULL,2,2,0,4,(1),(1),1,NULL," -1",1,0,1,50
202000007270,17,9,2020,11:00:00,1,02,02420,2,9,7,3,"21 Rue de Bretagne","49,8979220","3,3199610",202000007270,154 729 470,B01,1,1,0,0,7,2,5,NULL,202000007270,154 729 470,B01,1,1,4,1,1953,5,2,-1,-1,0,0,-1,202000007270,3,71,0,NULL,2,2,0,4,(1),(1),1,NULL," -1",1,0,1,50
202000008916,28,2,2020,12:25:00,1,31,31555,2,4,1,3,"PONT DES DEMOISELLES","43,5877200","1,4601900",202000008916,154 726 586,A01,1,1,0,2,1,9,5,NULL,202000008916,154 726 585,B01,1,1,1,1,1998,9,1,8,-1,-1,0,-1,202000008916,3,NULL,0,NULL,1,2,0,2,0,0,1,NULL," -1",2,0,1,50
202000008916,28,2,2020,12:25:00,1,31,31555,2,4,1,3,"PONT DES DEMOISELLES","43,5877200","1,4601900",202000008916,154 726 586,A01,1,1,0,2,1,9,5,NULL,202000008916,154 726 586,A01,1,1,4,2,1948,5,2,0,-1,-1,0,-1,202000008916,3,NULL,0,NULL,1,2,0,2,0,0,1,NULL," -1",2,0,1,50
202000009874,13,10,2020,08:25:00,2,33,33167,2,1,2,3,"RUE YVES DU MANOIR","44,8397900"," -0,5330700",202000009874,154 724 884,B01,0,1,0,2,1,1,5,NULL,202000009874,154 724 884,B01,1,1,4,1,1985,0,8,0,-1,-1," -1",-1,202000009874,4,"RUE YVES DU MANOIR",0,NULL,2,2,0,1,(1),(1),1,NULL," -1",2,0,1,50
202000009874,13,10,2020,08:25:00,2,33,33167,2,1,2,3,"RUE YVES DU MANOIR","44,8397900"," -0,5330700",202000009874,154 724 884,B01,0,1,0,2,1,1,5,NULL,202000009874,154 724 885,A01,1,1,1,2,1965,0,8,0,-1,-1," -1",-1,202000009874,4,"RUE YVES DU MANOIR",0,NULL,2,2,0,1,(1),(1),1,NULL," -1",2,0,1,50
202000010727,13,5,2020,08:50:00,1,75,75120,2,3,1,3,"AVENUE GAMBETTA","48,8639410","2,3916460",202000010727,154 723 400,A01,1,1,0,2,8,15,5,NULL,202000010727,154 723 399,B01,1,1,4,1,1987,1,2,6,-1,0,0,-1,202000010727,4,NULL,0,NULL,2,2,0,2,0,0,1,NULL," -1",1,0,1,50
202000010727,13,5,2020,08:50:00,1,75,75120,2,3,1,3,"AVENUE GAMBETTA","48,8639410","2,3916460",202000010727,154 723 400,A01,1,1,0,2,8,15,5,NULL,202000010727,154 723 400,A01,1,1,4,2,1997,1,2,0,-1,0,0,-1,202000010727,4,NULL,0,NULL,2,2,0,2,0,0,1,NULL," -1",1,0,1,50
202000010736,13,5,2020,19:30:00,1,94,94070,2,1,1,3,"LESIGNY (R DE)","48,7252640","2,5764850",202000010736,154 723 384,B01,3,1,0,2,1,1,5,NULL,202000010736,154 723 384,B01,1,1,4,1,1975,5,2,8,-1,-1," -1",-1,202000010736,4,"LESIGNY (R DE)",0,NULL,-1,0,0,2,0,0,1,NULL," -1",1,0,1,50
202000010736,13,5,2020,19:30:00,1,94,94070,2,1,1,3,"LESIGNY (R DE)","48,7252640","2,5764850",202000010736,154 723 384,B01,3,1,0,2,1,1,5,NULL,202000010736,154 723 385,A01,1,1,1,1,1963,0,8,0,-1,-1," -1",-1,202000010736,4,"LESIGNY (R DE)",0,NULL,-1,0,0,2,0,0,1,NULL," -1",1,0,1,50
202000011511,18,7,2020,16:15:00,1,74,74242,2,3,1,3,"Route de la Magne","45,8238030","6,1727080",202000011511,154 721 995,B01,2,1,0,2,1,1,5,NULL,202000011511,154 721 995,B01,1,1,3,1,1966,5,2,-1,-1,0,0,-1,202000011511,3,10,-1,B,2,2,0,2,1,400,2,NULL," -1",1,0,1,50
202000011511,18,7,2020,16:15:00,1,74,74242,2,3,1,3,"Route de la Magne","45,8238030","6,1727080",202000011511,154 721 995,B01,2,1,0,2,1,1,5,NULL,202000011511,154 721 996,A01,1,1,1,1,1979,5,1,-1,-1,0,0,-1,202000011511,3,10,-1,B,2,2,0,2,1,400,2,NULL," -1",1,0,1,50
202000011760,5,10,2020,07:30:00,5,85,85194,2,6,1,3,"TABARLY (BOULEVARD ERIC)","46,5142500"," -1,7684800",202000011760,154 721 564,B01,3,1,0,2,7,1,5,NULL,202000011760,154 721 564,B01,1,1,4,1,1992,0,2,8,-1,0,0,-1,202000011760,3,949,0,NULL,3,2,0,1,75,1817,1,NULL," -1",1,5,1,50
202000011760,5,10,2020,07:30:00,5,85,85194,2,6,1,3,"TABARLY (BOULEVARD ERIC)","46,5142500"," -1,7684800",202000011760,154 721 564,B01,3,1,0,2,7,1,5,NULL,202000011760,154 721 565,A01,1,1,1,1,1960,4,1,8,-1,0,0,-1,202000011760,3,949,0,NULL,3,2,0,1,75,1817,1,NULL," -1",1,5,1,50
202000014929,15,7,2020,18:00:00,1,93,93070,2,1,1,3,"MICHELET (AVE) : DU 1 AU 103","48,9080840","2,3442570",202000014929,154 716 074,A01,2,1,1,0,0,0,0,NULL,202000014929,154 716 074,A01,1,1,4,2,1980,0,8,0,-1,-1," -1",-1,202000014929,4,NULL,0,NULL,2,2,1,1,0,0,1,NULL," -1",1,0,5,50
202000015492,15,6,2020,06:45:00,1,27,27412,2,1,1,2,"356 Rue de la Libération","49,2366437","1,0884856",202000015492,154 715 041,B01,2,1,6,0,4,2,5,NULL,202000015492,154 715 041,B01,1,1,3,1,1969,1,0,-1,-1,0,0,-1,202000015492,3,79,-1,NULL,2,2,0,1,11,0,1,NULL,5,1,0,1,50
202000015938,8,10,2020,21:35:00,5,92,92012,2,6,1,-1,"RHIN ET DANUBE (ROND POINT)","48,8407830","2,2289009",202000015938,154 714 225,A01,2,1,0,2,1,2,5,NULL,202000015938,154 714 225,A01,1,1,4,1,1995,5,8,0,-1,-1," -1",-1,202000015938,3,907,0,NULL,1,3,1,1,0,0,2,NULL," -1",1,0,5,50
202000016581,23,1,2020,15:30:00,1,29,29097,2,6,7,3,"Rue de la Tannerie","48,4939314"," -4,0468605",202000016581,154 713 098,B01,2,1,0,2,2,12,5,NULL,202000016581,154 713 098,B01,1,1,4,2,1947,5,2,-1,-1,0,0,-1,202000016581,3,11,-1,NULL,-1,1,0,1,2,950,2,NULL," -1",1,0,1,50
202000016581,23,1,2020,15:30:00,1,29,29097,2,6,7,3,"Rue de la Tannerie","48,4939314"," -4,0468605",202000016581,154 713 098,B01,2,1,0,2,2,12,5,NULL,202000016581,154 713 099,A01,1,1,1,2,1952,5,1,-1,-1,0,0,-1,202000016581,3,11,-1,NULL,-1,1,0,1,2,950,2,NULL," -1",1,0,1,50
202000016699,23,1,2020,15:30:00,1,75,75113,2,3,1,6,"AVENUE DE LA PORTE DE VITRY","48,8229732","2,3778056",202000016699,154 712 882,A01,1,1,0,1,1,1,5,NULL,202000016699,154 712 882,A01,10,3,4,1,1937,5,0,-1,-1,3,3,1,202000016699,4,NULL,0,NULL,3,2,1,1,0,0,1,NULL,5,1,-1,5,50
202000016699,23,1,2020,15:30:00,1,75,75113,2,3,1,6,"AVENUE DE LA PORTE DE VITRY","48,8229732","2,3778056",202000016699,154 712 882,A01,1,1,0,1,1,1,5,NULL,202000016699,154 712 882,A01,1,1,1,1,1966,1,8,2,-1,0,0,-1,202000016699,4,NULL,0,NULL,3,2,1,1,0,0,1,NULL,5,1,-1,5,50
202000017091,23,2,2020,16:40:00,1,64,64445,2,3,1,2,"AUGUSTE RENOIR","43,3102000"," -0,3598000",202000017091,154 712 186,B01,2,1,0,2,4,1,5,NULL,202000017091,154 712 186,B01,1,1,4,1,2003,5,8,0,-1,-1," -1",-1,202000017091,4,NULL,0,NULL,2,2,0,1,0,0,1,NULL," -1",1,0,1,30
202000018101,16,11,2020,19:00:00,5,65,65044,2,1,1,1,"25 Rue de la Bigorre","43,2723700","0,2388600",202000018101,154 710 382,B01,2,1,0,2,1,1,5,NULL,202000018101,154 710 381,A01,1,1,1,1,1951,5,1,-1,-1,0,0,-1,202000018101,3,1,-1,NULL,2,2,0,1,4,500,1,NULL," -1",1,0,1,50
202000018101,16,11,2020,19:00:00,5,65,65044,2,1,1,1,"25 Rue de la Bigorre","43,2723700","0,2388600",202000018101,154 710 382,B01,2,1,0,2,1,1,5,NULL,202000018101,154 710 382,B01,1,1,3,1,1943,5,2,-1,-1,0,0,-1,202000018101,3,1,-1,NULL,2,2,0,1,4,500,1,NULL," -1",1,0,1,50
202000020288,27,4,2020,17:15:00,1,92,92020,2,2,1,3,"PERI RUE GABRIEL/ BROSSOLETTE RUE PIERRE N°3 A 13","48,7997900","2,2857000",202000020288,154 706 522,B01,2,1,0,2,8,1,0,NULL,202000020288,154 706 521,A01,1,1,1,1,1987,1,1,0,-1,-1,0,-1,202000020288,3,129,0,NULL,2,2,0,1,0,1,1,NULL,8,2,8,1,50
202000020288,27,4,2020,17:15:00,1,92,92020,2,2,1,3,"PERI RUE GABRIEL/ BROSSOLETTE RUE PIERRE N°3 A 13","48,7997900","2,2857000",202000020288,154 706 522,B01,2,1,0,2,8,1,0,NULL,202000020288,154 706 522,B01,1,1,4,1,1969,1,8,0,-1,-1,0,-1,202000020288,3,129,0,NULL,2,2,0,1,0,1,1,NULL,8,2,8,1,50
202000024000,17,12,2020,14:33:00,1,75,75108,2,7,1,3,"PLACE DE LA CONCORDE","48,8640760","2,3201270",202000024000,154 699 990,A01,3,1,0,2,7,19,5,NULL,202000024000,154 699 989,B01,1,1,1,1,1961,4,1,0,-1,0,0,-1,202000024000,4,NULL,0,NULL,2,4,0,1,0,0,1,NULL," -1",1,0,1,50
202000024000,17,12,2020,14:33:00,1,75,75108,2,7,1,3,"PLACE DE LA CONCORDE","48,8640760","2,3201270",202000024000,154 699 990,A01,3,1,0,2,7,19,5,NULL,202000024000,154 699 990,A01,1,1,4,2,1987,9,8,0,-1,0,0,-1,202000024000,4,NULL,0,NULL,2,4,0,1,0,0,1,NULL," -1",1,0,1,50
202000025423,6,6,2020,20:10:00,1,75,75118,2,3,1,3,"AVENUE DE CLICHY","48,8853050","2,3266070",202000025423,154 697 486,A01,1,1,0,2,1,5,5,NULL,202000025423,154 697 486,A01,1,1,4,2,2002,5,8,0,-1,0,0,-1,202000025423,4,NULL,0,NULL,2,4,1,1,0,0,1,NULL," -1",1,0,1,30
202000025423,6,6,2020,20:10:00,1,75,75118,2,3,1,3,"AVENUE DE CLICHY","48,8853050","2,3266070",202000025423,154 697 486,A01,1,1,0,2,1,5,5,NULL,202000025423,154 697 488,B01,1,1,1,1,1961,1,1,0,-1,0,0,-1,202000025423,4,NULL,0,NULL,2,4,1,1,0,0,1,NULL," -1",1,0,1,30
202000025710,1,10,2020,15:20:00,1,974,97414,2,2,1,3,"188 Rue Saint Jean XXIII"," -21,2764030","55,4157580",202000025710,154 696 990,A01,1,1,0,2,7,15,5,NULL,202000025710,154 696 989,B01,1,1,1,2,1976,2,1,-1,-1,0,0,-1,202000025710,4,NULL,-1,NULL,2,2,0,1,(1),(1),1,NULL," -1",1,5,1,50
202000025710,1,10,2020,15:20:00,1,974,97414,2,2,1,3,"188 Rue Saint Jean XXIII"," -21,2764030","55,4157580",202000025710,154 696 990,A01,1,1,0,2,7,15,5,NULL,202000025710,154 696 990,A01,1,1,3,1,2004,0,0,-1,-1,0,0,-1,202000025710,4,NULL,-1,NULL,2,2,0,1,(1),(1),1,NULL," -1",1,5,1,50
202000027691,5,6,2020,09:19:00,1,75,75113,2,4,1,3,"GARE D AUSTERLITZ","48,8430730","2,3663220",202000027691,154 693 577,B01,1,1,0,2,1,1,5,NULL,202000027691,154 693 577,B01,1,1,4,1,1978,1,8,0,-1,0,0,-1,202000027691,4,NULL,0,NULL,1,1,1,1,0,0,1,NULL," -1",1,-1,5,30
202000027691,5,6,2020,09:19:00,1,75,75113,2,4,1,3,"GARE D AUSTERLITZ","48,8430730","2,3663220",202000027691,154 693 577,B01,1,1,0,2,1,1,5,NULL,202000027691,154 693 579,A01,1,1,1,1,1985,1,1,0,-1,0,0,-1,202000027691,4,NULL,0,NULL,1,1,1,1,0,0,1,NULL," -1",1,-1,5,30
202000029621,1,10,2020,17:35:00,1,75,75119,2,2,8,3,"AVENUE DE LA PORTE D AUBERVILLIERS","48,8997170","2,3711280",202000029621,154 690 195,A01,2,1,0,2,7,5,5,NULL,202000029621,154 690 194,B01,1,1,1,1,1983,4,1,0,-1,0,0,-1,202000029621,4,NULL,0,NULL,3,3,3,1,0,0,1,NULL," -1",1,-1,6,50
202000029621,1,10,2020,17:35:00,1,75,75119,2,2,8,3,"AVENUE DE LA PORTE D AUBERVILLIERS","48,8997170","2,3711280",202000029621,154 690 195,A01,2,1,0,2,7,5,5,NULL,202000029621,154 690 195,A01,1,1,4,1,1989,4,2,0,-1,0,0,-1,202000029621,4,NULL,0,NULL,3,3,3,1,0,0,1,NULL," -1",1,-1,6,50
202000030553,13,2,2020,08:07:00,1,10,10362,2,1,1,1,"LOUIS BLANC (RUE)","48,2970880","4,0551410",202000030553,154 688 570,B01,2,1,0,2,1,25,0,NULL,202000030553,154 688 570,B01,1,1,4,1,2007,2,8,0,-1,-1,0,-1,202000030553,4,"LOUIS BLANC (RUE)",0,NULL,1,3,1,1,0,0,1,NULL," -1",1,0,1,50
202000030553,13,2,2020,08:07:00,1,10,10362,2,1,1,1,"LOUIS BLANC (RUE)","48,2970880","4,0551410",202000030553,154 688 570,B01,2,1,0,2,1,25,0,NULL,202000030553,154 688 571,A01,1,1,1,2,1959,0,1,0,-1,-1,0,-1,202000030553,4,"LOUIS BLANC (RUE)",0,NULL,1,3,1,1,0,0,1,NULL," -1",1,0,1,50
202000030864,4,9,2020,19:00:00,1,75,75120,2,2,1,6,"RUE DE LAGNY","48,8490390","2,4114670",202000030864,154 688 073,A01,2,1,0,1,1,1,5,NULL,202000030864,154 688 073,A01,1,1,1,1,1993,9,2,0,-1,0,0,-1,202000030864,4,NULL,0,NULL,1,1,0,1,0,0,1,NULL," -1",1,0,1,30
202000030864,4,9,2020,19:00:00,1,75,75120,2,2,1,6,"RUE DE LAGNY","48,8490390","2,4114670",202000030864,154 688 073,A01,2,1,0,1,1,1,5,NULL,202000030864,154 688 073,A01,10,3,4,1,1980,9,0,-1,-1,4,3,1,202000030864,4,NULL,0,NULL,1,1,0,1,0,0,1,NULL," -1",1,0,1,30
202000030879,2,9,2020,09:50:00,1,94,94041,2,2,1,3,"JEAN MAZET (R)","48,8145000","2,4071000",202000030879,154 688 049,B01,1,1,0,2,3,2,5,NULL,202000030879,154 688 048,A01,1,1,1,1,1973,4,1,0,-1,-1," -1",-1,202000030879,4,"JEAN MAZET (R)",0,NULL,2,4,1,1,0,0,1,NULL," -1",1,0,5,50
202000030879,2,9,2020,09:50:00,1,94,94041,2,2,1,3,"JEAN MAZET (R)","48,8145000","2,4071000",202000030879,154 688 049,B01,1,1,0,2,3,2,5,NULL,202000030879,154 688 049,B01,1,1,3,2,1971,9,2,0,-1,-1," -1",-1,202000030879,4,"JEAN MAZET (R)",0,NULL,2,4,1,1,0,0,1,NULL," -1",1,0,5,50
202000031749,17,9,2020,15:37:00,1,49,49007,2,3,1,3,AYRAULT,"47,4754000"," -0,5487100",202000031749,154 686 558,B01,1,1,0,2,1,0,5,NULL,202000031749,154 686 557,A01,1,1,1,2,1945,1,1,0,-1,-1," -1",-1,202000031749,9,AYRAULT,0,NULL,-1,2,1,1,1,0,1,NULL," -1",1,0,5,30
202000031749,17,9,2020,15:37:00,1,49,49007,2,3,1,3,AYRAULT,"47,4754000"," -0,5487100",202000031749,154 686 558,B01,1,1,0,2,1,0,5,NULL,202000031749,154 686 558,B01,1,1,4,2,2001,1,2,0,-1,-1," -1",-1,202000031749,9,AYRAULT,0,NULL,-1,2,1,1,1,0,1,NULL," -1",1,0,5,30
202000033075,27,10,2020,08:25:00,1,06,06027,2,1,1,3,"PLAGE BOULEVARD DE LA","43,6570700","7,1729200",202000033075,154 684 305,B01,1,1,0,2,8,1,0,NULL,202000033075,154 684 305,B01,1,1,4,1,1951,5,2,0,-1,-1," -1",-1,202000033075,4,"PLAGE BOULEVARD DE LA",0,NULL,2,5,1,1,0,0,1,NULL," -1",1,0,5,50
202000033274,28,9,2020,13:55:00,1,75,75118,2,1,2,3,"AVENUE DE LA PORTE DE MONTMARTRE","48,8985240","2,3368150",202000033274,154 683 948,A01,1,1,0,2,1,19,5,NULL,202000033274,154 683 947,B01,1,1,1,1,1989,9,2,6,-1,0,0,-1,202000033274,4,NULL,0,NULL,2,2,0,1,0,0,1,NULL," -1",2,0,1,50
202000033274,28,9,2020,13:55:00,1,75,75118,2,1,2,3,"AVENUE DE LA PORTE DE MONTMARTRE","48,8985240","2,3368150",202000033274,154 683 948,A01,1,1,0,2,1,19,5,NULL,202000033274,154 683 948,A01,1,1,4,1,1985,9,8,0,-1,0,0,-1,202000033274,4,NULL,0,NULL,2,2,0,1,0,0,1,NULL," -1",2,0,1,50