Num_Acc,jour,mois,an,hrmn,lum,dep,com,agg,int,atm,col,adr,lat,long,Num_Acc,id_vehicule,num_veh,senc,catv,obs,obsm,choc,manv,motor,occutc,Num_Acc,id_vehicule,num_veh,place,catu,grav,sexe,an_nais,trajet,secu1,secu2,secu3,locp,actp,etatp,Num_Acc,catr,voie,v1,v2,circ,nbv,vosp,prof,pr,pr1,plan,lartpc,larrout,surf,infra,situ,vma
202000033454,1,6,2020,11:10:00,1,35,35163,1,1,1,3,"Le Bas Montbelleux","48,3021340"," -1,1576360",202000033454,154 683 630,B01,2,1,0,2,0,1,5,NULL,202000033454,154 683 630,B01,1,1,3,1,1961,3,0,-1,-1,0,0,-1,202000033454,3,113,0,NULL,2,2,0,1,23,637,1,NULL," -1",1,0,1,80
202000034338,15,3,2020,18:30:00,1,37,37122,2,1,1,-1,"LAVOISIER (RUE)","47,3465104","0,6548812",202000034338,154 682 088,B01,3,1,0,2,0,0,5,NULL,202000034338,154 682 088,B01,1,1,4,2,1941,5,8,8,-1,0,0,-1,202000034338,7,NULL,0,NULL,2,3,1,1,0,0,1,NULL," -1",1,0,5,50
202000035160,29,9,2020,10:27:00,1,66,66213,1,1,1,2,D612a,"42,6612670","2,8229280",202000035160,154 680 622,A01,1,1,0,0,4,1,6,NULL,202000035160,154 680 622,A01,1,1,2,1,1976,5,0,-1,-1,0,0,-1,202000035160,3,612,-1,A,2,2,0,1,6,500,1,NULL," -1",1,0,2,80
202000035160,29,9,2020,10:27:00,1,66,66213,1,1,1,2,D612a,"42,6612670","2,8229280",202000035160,154 680 622,A01,1,1,0,0,4,1,6,NULL,202000035160,154 680 623,B01,1,1,1,2,1943,9,8,-1,-1,0,0,-1,202000035160,3,612,-1,A,2,2,0,1,6,500,1,NULL," -1",1,0,2,80
202000036762,9,1,2020,12:35:00,1,94,94041,2,1,2,3,"JEAN COMPAGNON (QU)","48,8197000","2,3970000",202000036762,154 677 734,B01,2,1,0,2,1,1,5,NULL,202000036762,154 677 733,A01,1,1,1,1,1979,1,1,0,-1,-1," -1",-1,202000036762,3,19,0,A,2,2,1,1,0,1,1,NULL," -1",2,0,5,50
202000036762,9,1,2020,12:35:00,1,94,94041,2,1,2,3,"JEAN COMPAGNON (QU)","48,8197000","2,3970000",202000036762,154 677 734,B01,2,1,0,2,1,1,5,NULL,202000036762,154 677 734,B01,1,1,4,2,1987,0,2,0,-1,-1," -1",-1,202000036762,3,19,0,A,2,2,1,1,0,1,1,NULL," -1",2,0,5,50
202000039487,29,6,2020,20:48:00,2,49,49007,2,1,1,3,"FOCH BOULEVARD","47,4683400"," -0,5501400",202000039487,154 672 941,B01,1,1,0,2,9,0,5,NULL,202000039487,154 672 941,B01,1,1,4,1,2000,4,8,0,-1,-1," -1",-1,202000039487,4,"FOCH BOULEVARD",0,NULL,2,2,0,1,0,0,1,NULL," -1",1,0,1,60
202000039487,29,6,2020,20:48:00,2,49,49007,2,1,1,3,"FOCH BOULEVARD","47,4683400"," -0,5501400",202000039487,154 672 941,B01,1,1,0,2,9,0,5,NULL,202000039487,154 672 942,A01,1,1,1,1,1997,0,1,8,-1,-1," -1",-1,202000039487,4,"FOCH BOULEVARD",0,NULL,2,2,0,1,0,0,1,NULL," -1",1,0,1,60
202000040829,5,12,2020,17:40:00,5,92,92073,2,1,3,3,"DUCLAUX (RUE EMILE)","48,8779258","2,2340123",202000040829,154 670 596,Y01,1,1,1,0,0,0,0,NULL,202000040829,154 670 594,A01,1,1,1,1,1972,3,1,0,-1,-1," -1",-1,202000040829,4,"EMILE DUCLAUX (RUE)",0,NULL,1,1,0,1,0,0,1,NULL," -1",3,0,1,30
202000040829,5,12,2020,17:40:00,5,92,92073,2,1,3,3,"DUCLAUX (RUE EMILE)","48,8779258","2,2340123",202000040829,154 670 596,Y01,1,1,1,0,0,0,0,NULL,202000040829,154 670 596,Y01,1,1,4,1,1979,3,8,0,-1,-1," -1",-1,202000040829,4,"EMILE DUCLAUX (RUE)",0,NULL,1,1,0,1,0,0,1,NULL," -1",3,0,1,30
202000041151,29,7,2020,15:25:00,1,60,60172,2,1,1,7,"grande rue","49,1433132","2,4681473",202000041151,154 670 036,A01,0,1,0,0,0,1,5,NULL,202000041151,154 670 036,A01,1,1,4,1,1969,5,0,-1,-1,0,0,-1,202000041151,3,118,-1,NULL,2,2,0,1,10,500,1,NULL," -1",1,0,1,50
202000041489,14,5,2020,09:55:00,1,64,64496,2,1,1,6,"Avenue du Labourd","43,4761470"," -1,4566060",202000041489,154 669 424,A01,1,1,0,1,1,1,5,NULL,202000041489,154 669 424,A01,1,1,1,1,1972,5,2,-1,-1,0,0,-1,202000041489,3,936,-1,NULL,2,2,2,2,(1),(1),1,NULL," -1",1,0,1,-1
202000041489,14,5,2020,09:55:00,1,64,64496,2,1,1,6,"Avenue du Labourd","43,4761470"," -1,4566060",202000041489,154 669 424,A01,1,1,0,1,1,1,5,NULL,202000041489,154 669 424,A01,10,3,3,1,1939,3,0,-1,-1,2,9,1,202000041489,3,936,-1,NULL,2,2,2,2,(1),(1),1,NULL," -1",1,0,1,-1
202000042868,11,7,2020,09:45:00,1,22,22347,1,9,1,3,"Rue de Traou Meur","48,7840770"," -3,2115970",202000042868,154 666 941,B01,2,1,0,2,3,15,5,NULL,202000042868,154 666 941,B01,1,1,4,2,1986,5,0,-1,-1,0,0,-1,202000042868,3,786,-1,NULL,2,2,0,2,47,(1),1,NULL," -1",1,0,1,70
202000042868,11,7,2020,09:45:00,1,22,22347,1,9,1,3,"Rue de Traou Meur","48,7840770"," -3,2115970",202000042868,154 666 941,B01,2,1,0,2,3,15,5,NULL,202000042868,154 666 943,A01,1,1,1,2,1947,5,1,-1,-1,0,0,-1,202000042868,3,786,-1,NULL,2,2,0,2,47,(1),1,NULL," -1",1,0,1,70
202000043043,5,2,2020,15:55:00,1,75,75119,2,3,1,3,"AVENUE SIMON BOLIVAR","48,8768540","2,3743930",202000043043,154 666 611,B01,1,1,0,2,1,1,5,NULL,202000043043,154 666 611,B01,2,2,1,1,2009,2,2,8,-1,-1," -1",-1,202000043043,4,NULL,0,NULL,2,2,0,2,0,0,1,NULL,5,1,0,1,50
202000043043,5,2,2020,15:55:00,1,75,75119,2,3,1,3,"AVENUE SIMON BOLIVAR","48,8768540","2,3743930",202000043043,154 666 611,B01,1,1,0,2,1,1,5,NULL,202000043043,154 666 611,B01,1,1,3,1,1972,1,8,0,-1,-1," -1",-1,202000043043,4,NULL,0,NULL,2,2,0,2,0,0,1,NULL,5,1,0,1,50
202000043043,5,2,2020,15:55:00,1,75,75119,2,3,1,3,"AVENUE SIMON BOLIVAR","48,8768540","2,3743930",202000043043,154 666 611,B01,1,1,0,2,1,1,5,NULL,202000043043,154 666 612,A01,1,1,1,1,1993,4,8,0,-1,0,0,-1,202000043043,4,NULL,0,NULL,2,2,0,2,0,0,1,NULL,5,1,0,1,50
202000045061,5,1,2020,11:25:00,1,60,60131,2,3,1,7,"Rue Notre Dame","49,6542225","2,1176535",202000045061,154 663 050,A01,0,1,0,0,0,1,5,NULL,202000045061,154 663 050,A01,1,1,3,1,1952,5,2,-1,-1,0,0,-1,202000045061,4,NULL,-1,NULL,2,2,0,2,(1),(1),2,NULL," -1",2,0,1,50
202000046761,24,8,2020,11:20:00,1,69,69382,2,1,1,2,"COLONEL CHAMBONNET                  (R )","45,7589000","4,8304000",202000046761,154 660 061,B01,3,1,0,2,1,2,5,NULL,202000046761,154 660 061,B01,1,1,4,1,1971,0,2,0,-1,-1," -1",-1,202000046761,4,"COLONEL CHAMBONNET                  (R )",0,NULL,1,2,0,1,0,1,1,NULL," -1",1,0,1,50
202000046761,24,8,2020,11:20:00,1,69,69382,2,1,1,2,"COLONEL CHAMBONNET                  (R )","45,7589000","4,8304000",202000046761,154 660 061,B01,3,1,0,2,1,2,5,NULL,202000046761,154 660 064,A01,1,1,1,1,1975,3,1,0,-1,-1," -1",-1,202000046761,4,"COLONEL CHAMBONNET                  (R )",0,NULL,1,2,0,1,0,1,1,NULL," -1",1,0,1,50
202000010961,3,3,2020,10:15:00,1,28,28041,1,1,1,3,Beaurouvres,"48,3200480","1,2755620",202000010961,154 722 995,B01,2,1,0,0,4,2,5,NULL,202000010961,154 722 995,B01,1,1,3,1,1983,5,2,-1,-1,0,0,-1,202000010961,3,921,0,NULL,2,2,0,1,21,0,1,NULL," -1",1,0,1,80
202000010961,3,3,2020,10:15:00,1,28,28041,1,1,1,3,Beaurouvres,"48,3200480","1,2755620",202000010961,154 722 995,B01,2,1,0,0,4,2,5,NULL,202000010961,154 722 996,A01,1,1,1,1,1954,9,8,-1,-1,0,0,-1,202000010961,3,921,0,NULL,2,2,0,1,21,0,1,NULL," -1",1,0,1,80
202000012707,10,5,2020,17:40:00,1,972,97232,2,1,1,1,"Chemin communal D5 - Morne Raquette","14,5457960"," -60,8581500",202000012707,154 719 940,B01,3,1,0,2,1,13,5,NULL,202000012707,154 719 939,A01,1,1,1,1,1998,5,1,-1,-1,0,0,-1,202000012707,4,D5,-1,NULL,2,2,0,2,200,50,2,NULL," -1",1,0,1,50
202000012707,10,5,2020,17:40:00,1,972,97232,2,1,1,1,"Chemin communal D5 - Morne Raquette","14,5457960"," -60,8581500",202000012707,154 719 940,B01,3,1,0,2,1,13,5,NULL,202000012707,154 719 940,B01,1,1,4,2,2007,5,0,-1,-1,0,0,-1,202000012707,4,D5,-1,NULL,2,2,0,2,200,50,2,NULL," -1",1,0,1,50
202000013483,14,6,2020,14:20:00,1,73,73178,1,1,1,3,D911,"45,6944970","6,1272810",202000013483,154 718 586,A01,1,1,0,2,6,10,5,NULL,202000013483,154 718 586,A01,1,1,4,2,1998,5,2,9,-1,0,0,-1,202000013483,3,911,-1,NULL,2,2,0,2,25,260,1,NULL," -1",1,0,1,80
202000013483,14,6,2020,14:20:00,1,73,73178,1,1,1,3,D911,"45,6944970","6,1272810",202000013483,154 718 586,A01,1,1,0,2,6,10,5,NULL,202000013483,154 718 587,B01,1,1,1,1,2001,3,1,-1,-1,0,0,-1,202000013483,3,911,-1,NULL,2,2,0,2,25,260,1,NULL," -1",1,0,1,80
202000013633,16,6,2020,11:15:00,1,83,83077,1,1,1,2,D554,"43,3031790","5,9870980",202000013633,154 718 300,B01,2,1,0,2,4,1,6,NULL,202000013633,154 718 299,A01,1,1,1,1,1984,5,1,-1,-1,0,0,-1,202000013633,3,554,-1,NULL,2,2,0,1,79,500,1,NULL," -1",1,0,1,80
202000013633,16,6,2020,11:15:00,1,83,83077,1,1,1,2,D554,"43,3031790","5,9870980",202000013633,154 718 300,B01,2,1,0,2,4,1,6,NULL,202000013633,154 718 300,B01,1,1,4,1,1952,5,9,-1,-1,0,0,-1,202000013633,3,554,-1,NULL,2,2,0,1,79,500,1,NULL," -1",1,0,1,80
202000014811,22,1,2020,21:50:00,4,75,75102,2,2,1,3,"BOULEVARD POISSONNIERE","48,8706888","2,3479119",202000014811,154 716 313,A01,2,1,0,2,1,15,5,NULL,202000014811,154 716 312,B01,1,1,4,1,1999,5,2,0,-1,0,0,-1,202000014811,4,"BOULEVARD POISSONNIERE",0,NULL,2,4,0,1,0,0,1,NULL,12,1,0,1,50
202000014811,22,1,2020,21:50:00,4,75,75102,2,2,1,3,"BOULEVARD POISSONNIERE","48,8706888","2,3479119",202000014811,154 716 313,A01,2,1,0,2,1,15,5,NULL,202000014811,154 716 313,A01,1,1,1,1,1992,9,8,2,-1,0,0,-1,202000014811,4,"BOULEVARD POISSONNIERE",0,NULL,2,4,0,1,0,0,1,NULL,12,1,0,1,50
202000014812,24,1,2020,08:45:00,2,94,94043,2,2,8,3,"FONTAINEBLEAU (AV DE)","48,8145500","2,3608700",202000014812,154 716 310,B01,1,1,0,2,1,1,5,NULL,202000014812,154 716 310,B01,1,1,4,2,1988,1,2,8,-1,-1," -1",-1,202000014812,3,7,0,NULL,3,6,3,1,5,0,1,NULL," -1",1,0,1,50
202000014812,24,1,2020,08:45:00,2,94,94043,2,2,8,3,"FONTAINEBLEAU (AV DE)","48,8145500","2,3608700",202000014812,154 716 310,B01,1,1,0,2,1,1,5,NULL,202000014812,154 716 311,A01,1,1,1,1,1957,4,1,0,-1,-1," -1",-1,202000014812,3,7,0,NULL,3,6,3,1,5,0,1,NULL," -1",1,0,1,50
202000016262,18,11,2020,09:35:00,1,31,31157,2,1,1,3,"12 Avenue de Plaisance","43,5399000","1,3374250",202000016262,154 713 637,B01,2,1,0,2,8,2,6,NULL,202000016262,154 713 636,A01,1,1,1,1,1943,5,1,-1,-1,0,0,-1,202000016262,3,24,-1,NULL,2,2,0,1,33,800,1,NULL," -1",1,0,1,50
202000016262,18,11,2020,09:35:00,1,31,31157,2,1,1,3,"12 Avenue de Plaisance","43,5399000","1,3374250",202000016262,154 713 637,B01,2,1,0,2,8,2,6,NULL,202000016262,154 713 637,B01,1,1,3,1,1949,5,2,6,-1,0,0,-1,202000016262,3,24,-1,NULL,2,2,0,1,33,800,1,NULL," -1",1,0,1,50
202000017027,24,2,2020,13:45:00,1,75,75111,2,2,8,6,"RUE DU CHEMIN VERT","48,8603070","2,3786620",202000017027,154 712 299,Z01,1,1,0,1,0,1,5,NULL,202000017027,154 712 299,Z01,10,3,4,1,2006,2,0,-1,-1,4,3,1,202000017027,4,NULL,0,NULL,1,4,0,2,0,0,1,NULL,12,1,0,1,30
202000017222,10,9,2020,10:40:00,1,92,92036,2,1,1,3,"LOUIS ROCHE (AVENUE) (1/45)","48,9268500","2,3146500",202000017222,154 711 950,A01,1,1,0,2,1,25,5,NULL,202000017222,154 711 950,A01,1,1,4,2,2001,3,8,8,-1,-1," -1",-1,202000017222,3,20,0,NULL,2,2,0,1,0,0,1,NULL," -1",1,0,1,50
202000017222,10,9,2020,10:40:00,1,92,92036,2,1,1,3,"LOUIS ROCHE (AVENUE) (1/45)","48,9268500","2,3146500",202000017222,154 711 950,A01,1,1,0,2,1,25,5,NULL,202000017222,154 711 951,B01,1,1,1,1,1990,4,1,8,-1,-1," -1",-1,202000017222,3,20,0,NULL,2,2,0,1,0,0,1,NULL," -1",1,0,1,50
202000017900,21,12,2020,15:00:00,1,25,25056,2,9,2,3,"GAULLE BOULEVARD CHARLES","47,2316000","6,0187000",202000017900,154 710 730,B01,2,1,0,4,1,1,5,NULL,202000017900,154 710 730,B01,1,1,4,1,1983,0,-1,0,-1,-1," -1",-1,202000017900,4,NULL,0,NULL,3,2,1,2,(1),(1),2,NULL," -1",2,5,6,50
202000017900,21,12,2020,15:00:00,1,25,25056,2,9,2,3,"GAULLE BOULEVARD CHARLES","47,2316000","6,0187000",202000017900,154 710 730,B01,2,1,0,4,1,1,5,NULL,202000017900,154 710 731,A01,1,1,1,1,1985,4,1,0,-1,-1," -1",-1,202000017900,4,NULL,0,NULL,3,2,1,2,(1),(1),2,NULL," -1",2,5,6,50
202000022527,10,7,2020,16:38:00,1,75,75115,2,4,1,6,"QUAI D ISSY LES MOULINEAUX","48,8365560","2,2679390",202000022527,154 702 599,A01,3,1,12,0,1,16,5,NULL,202000022527,154 702 599,A01,1,1,4,2,1949,9,2,0,-1,0,0,-1,202000022527,4,NULL,0,NULL,3,2,0,2,0,0,3,NULL," -1",1,0,1,50
202000022573,10,7,2020,21:50:00,2,49,49205,2,3,1,3,"4 Place Jean Bourre","47,7583280"," -0,4913490",202000022573,154 702 512,B01,1,1,0,2,1,1,5,NULL,202000022573,154 702 511,A01,1,1,1,2,1997,5,1,-1,-1,0,0,-1,202000022573,3,"Ave de Bretagne",-1,NULL,2,2,0,1,4,560,1,NULL," -1",1,0,1,50
202000022573,10,7,2020,21:50:00,2,49,49205,2,3,1,3,"4 Place Jean Bourre","47,7583280"," -0,4913490",202000022573,154 702 512,B01,1,1,0,2,1,1,5,NULL,202000022573,154 702 512,B01,1,1,3,2,1963,1,0,-1,-1,0,0,-1,202000022573,3,"Ave de Bretagne",-1,NULL,2,2,0,1,4,560,1,NULL," -1",1,0,1,50
202000023996,17,12,2020,17:40:00,5,75,75114,2,1,1,6,"AVENUE DU GENERAL LECLERC","48,8317090","2,3302340",202000023996,154 699 996,A01,1,1,0,1,1,25,5,NULL,202000023996,154 699 996,A01,1,1,1,1,1975,9,2,0,-1,0,0,-1,202000023996,4,NULL,0,NULL,2,7,0,1,0,0,1,NULL," -1",1,0,4,30
202000023996,17,12,2020,17:40:00,5,75,75114,2,1,1,6,"AVENUE DU GENERAL LECLERC","48,8317090","2,3302340",202000023996,154 699 996,A01,1,1,0,1,1,25,5,NULL,202000023996,154 699 996,A01,10,3,4,2,1936,5,8,8,-1,5,2,1,202000023996,4,NULL,0,NULL,2,7,0,1,0,0,1,NULL," -1",1,0,4,30
202000024616,19,2,2020,22:00:00,5,94,94043,2,1,2,3,"CARNOT (R)","48,8095500","2,3637000",202000024616,154 698 937,B01,2,1,0,2,7,5,0,NULL,202000024616,154 698 937,B01,1,1,4,1,1990,0,8,0,-1,-1," -1",-1,202000024616,4,"CARNOT (R)",0,NULL,1,1,0,1,0,0,1,NULL," -1",2,0,1,50
202000024989,7,9,2020,07:30:00,1,22,22050,2,1,1,7,"Rue Thiers","48,4555980"," -2,0492400",202000024989,154 698 260,A01,1,1,0,0,0,0,5,NULL,202000024989,154 698 260,A01,1,1,2,1,1966,1,0,-1,-1,0,0,-1,202000024989,3,166,-1,NULL,2,2,0,1,0,140,1,NULL," -1",1,0,1,50
202000026349,8,7,2020,11:50:00,1,45,45302,2,6,1,-1,"D2020 PR 22 + 823","47,9569500","1,8902700",202000026349,154 695 898,A01,2,1,0,0,4,26,5,NULL,202000026349,154 695 898,A01,1,1,4,1,2001,5,8,0,-1,-1," -1",-1,202000026349,3,NULL,0,NULL,1,2,1,1,22,823,2,NULL," -1",1,0,1,50
202000026430,8,7,2020,10:35:00,1,77,77101,1,1,1,3,D75,"48,4023357","3,0967444",202000026430,154 695 754,B01,1,1,0,2,8,1,0,NULL,202000026430,154 695 753,A01,1,1,1,1,1949,5,1,-1,-1,0,0,-1,202000026430,3,75,0,NULL,2,2,0,1,39,300,1,NULL," -1",1,0,1,80
202000026430,8,7,2020,10:35:00,1,77,77101,1,1,1,3,D75,"48,4023357","3,0967444",202000026430,154 695 754,B01,1,1,0,2,8,1,0,NULL,202000026430,154 695 754,B01,1,1,3,1,1952,5,2,-1,-1,0,0,-1,202000026430,3,75,0,NULL,2,2,0,1,39,300,1,NULL," -1",1,0,1,80
202000027007,10,4,2020,09:50:00,1,75,75119,2,3,1,6,"AVENUE JEAN JAURES","48,8872280","2,3871660",202000027007,154 694 734,Z01,2,1,0,1,1,1,5,NULL,202000027007,154 694 734,Z01,10,3,4,2,1949,5,0,-1,-1,5,3,1,202000027007,4,NULL,0,NULL,2,1,1,1,0,0,1,NULL,3,1,-1,5,50
202000027581,7,4,2020,10:05:00,1,75,75120,2,3,1,3,"AVENUE GAMBETTA","48,8646680","2,3945160",202000027581,154 693 764,B01,2,1,0,2,7,1,5,NULL,202000027581,154 693 760,A01,1,1,1,1,1972,4,1,8,-1,0,0,-1,202000027581,4,NULL,0,NULL,2,2,1,2,0,0,1,NULL,7,1,0,1,50
202000027581,7,4,2020,10:05:00,1,75,75120,2,3,1,3,"AVENUE GAMBETTA","48,8646680","2,3945160",202000027581,154 693 764,B01,2,1,0,2,7,1,5,NULL,202000027581,154 693 764,B01,1,1,4,1,1988,9,2,0,-1,0,0,-1,202000027581,4,NULL,0,NULL,2,2,1,2,0,0,1,NULL,7,1,0,1,50
202000028315,7,7,2020,09:10:00,1,94,94038,2,2,1,1,"ALBERT 1ER (R)","48,7791800","2,3311100",202000028315,154 692 471,B01,3,1,0,2,8,15,5,NULL,202000028315,154 692 470,A01,1,1,1,2,1994,1,8,0,-1,-1," -1",-1,202000028315,7,"ALBERT 1ER (R)",0,NULL,1,2,0,4,0,0,3,NULL," -1",1,0,1,50
202000028315,7,7,2020,09:10:00,1,94,94038,2,2,1,1,"ALBERT 1ER (R)","48,7791800","2,3311100",202000028315,154 692 471,B01,3,1,0,2,8,15,5,NULL,202000028315,154 692 471,B01,1,1,4,1,1990,1,8,0,-1,-1," -1",-1,202000028315,7,"ALBERT 1ER (R)",0,NULL,1,2,0,4,0,0,3,NULL," -1",1,0,1,50
202000030329,5,7,2020,19:38:00,3,971,97101,1,6,1,2,"VIEUX BOURG","16,2499000"," -61,5291000",202000030329,154 688 941,A01,1,1,0,2,6,15,5,NULL,202000030329,154 688 940,B01,1,1,1,1,1957,0,1,0,-1,-1," -1",-1,202000030329,2,5,0,NULL,4,5,0,1,0,0,3,NULL," -1",1,9,1,50
202000030329,5,7,2020,19:38:00,3,971,97101,1,6,1,2,"VIEUX BOURG","16,2499000"," -61,5291000",202000030329,154 688 941,A01,1,1,0,2,6,15,5,NULL,202000030329,154 688 941,A01,1,1,4,1,1962,0,8,0,-1,-1," -1",-1,202000030329,2,5,0,NULL,4,5,0,1,0,0,3,NULL," -1",1,9,1,50
202000031545,2,6,2020,16:55:00,1,10,10268,2,6,1,2,"18 Rue de l'Etape au Vin","48,4929190","3,5020370",202000031545,154 686 915,B01,3,1,0,2,5,1,5,NULL,202000031545,154 686 914,A01,1,1,1,1,1935,3,1,-1,-1,0,0,-1,202000031545,4,NULL,-1,NULL,-1,1,0,1,(1),(1),2,NULL," -1",1,5,1,30
202000031545,2,6,2020,16:55:00,1,10,10268,2,6,1,2,"18 Rue de l'Etape au Vin","48,4929190","3,5020370",202000031545,154 686 915,B01,3,1,0,2,5,1,5,NULL,202000031545,154 686 915,B01,1,1,4,2,1947,3,0,-1,-1,0,0,-1,202000031545,4,NULL,-1,NULL,-1,1,0,1,(1),(1),2,NULL," -1",1,5,1,30
202000031796,9,12,2020,07:30:00,5,38,38565,2,1,1,2,"Avenue Jacques Prévert","45,2880000","5,6409100",202000031796,154 686 475,B01,3,1,0,0,4,1,5,NULL,202000031796,154 686 474,A01,1,1,1,2,1934,3,1,-1,-1,0,0,-1,202000031796,4,NULL,-1,NULL,2,2,0,1,(1),(1),1,NULL," -1",1,0,1,30
202000031796,9,12,2020,07:30:00,5,38,38565,2,1,1,2,"Avenue Jacques Prévert","45,2880000","5,6409100",202000031796,154 686 475,B01,3,1,0,0,4,1,5,NULL,202000031796,154 686 475,B01,1,1,4,1,2007,2,0,-1,-1,0,0,-1,202000031796,4,NULL,-1,NULL,2,2,0,1,(1),(1),1,NULL," -1",1,0,1,30
202000035246,27,10,2020,08:40:00,1,51,51230,2,1,1,3,"Avenue de Champagne","49,0426612","3,9623340",202000035246,154 680 466,B01,2,1,0,2,1,25,5,NULL,202000035246,154 680 466,B01,1,1,4,1,1961,1,8,-1,-1,-1," -1",-1,202000035246,4,NULL,0,NULL,2,2,0,2,(1),(1),1,NULL," -1",1,9,1,25
202000035246,27,10,2020,08:40:00,1,51,51230,2,1,1,3,"Avenue de Champagne","49,0426612","3,9623340",202000035246,154 680 466,B01,2,1,0,2,1,25,5,NULL,202000035246,154 680 468,A01,1,1,1,1,1981,4,1,-1,-1,-1," -1",-1,202000035246,4,NULL,0,NULL,2,2,0,2,(1),(1),1,NULL," -1",1,9,1,25
202000036143,2,7,2020,15:30:00,1,47,47191,1,2,1,3,D143,"44,4759460","0,1076640",202000036143,154 678 853,B01,2,1,0,2,8,1,5,NULL,202000036143,154 678 853,B01,1,1,4,1,1964,5,2,-1,-1,0,0,-1,202000036143,3,RD143,-1,NULL,2,2,0,1,25,850,1,NULL," -1",1,0,1,80
202000036143,2,7,2020,15:30:00,1,47,47191,1,2,1,3,D143,"44,4759460","0,1076640",202000036143,154 678 853,B01,2,1,0,2,8,1,5,NULL,202000036143,154 678 854,A01,1,1,1,1,1966,2,1,-1,-1,0,0,-1,202000036143,3,RD143,-1,NULL,2,2,0,1,25,850,1,NULL," -1",1,0,1,80
202000037496,4,12,2020,16:40:00,1,61,61001,2,2,1,3,"REPUBLIQUE (BOULEVARD DE LA)","48,4272740","0,0930890",202000037496,154 676 470,B01,1,1,0,2,8,1,0,NULL,202000037496,154 676 470,B01,1,1,4,1,1959,0,0,-1,-1,-1," -1",-1,202000037496,3,438,0,NULL,2,3,1,1,1,906,1,NULL," -1",1,-1,5,50
202000037496,4,12,2020,16:40:00,1,61,61001,2,2,1,3,"REPUBLIQUE (BOULEVARD DE LA)","48,4272740","0,0930890",202000037496,154 676 470,B01,1,1,0,2,8,1,0,NULL,202000037496,154 676 471,A01,1,1,1,1,1969,4,1,-1,-1,-1," -1",-1,202000037496,3,438,0,NULL,2,3,1,1,1,906,1,NULL," -1",1,-1,5,50
202000038098,30,6,2020,19:57:00,1,64,64483,2,1,1,3,"ERROMARDIE (CHEMIN D')","43,3974200"," -1,6443000",202000038098,154 675 378,A01,2,1,0,2,1,13,2,NULL,202000038098,154 675 378,A01,1,1,4,2,1984,0,2,0,-1,-1," -1",-1,202000038098,4,NULL,0,NULL,2,2,0,1,24,500,3,NULL," -1",1,0,1,50
202000038098,30,6,2020,19:57:00,1,64,64483,2,1,1,3,"ERROMARDIE (CHEMIN D')","43,3974200"," -1,6443000",202000038098,154 675 378,A01,2,1,0,2,1,13,2,NULL,202000038098,154 675 379,B01,1,1,1,2,1979,0,1,0,-1,-1," -1",-1,202000038098,4,NULL,0,NULL,2,2,0,1,24,500,3,NULL," -1",1,0,1,50
202000038624,8,2,2020,08:40:00,1,974,97416,1,2,1,3,"GRANDS FONDS (CHEMIN)"," -21,3066000","55,4207500",202000038624,154 674 475,B01,3,1,0,2,7,1,0,NULL,202000038624,154 674 474,A01,1,1,1,2,1972,0,1,8,-1,-1," -1",-1,202000038624,4,"GRANDS FONDS (CHEMIN)",0,NULL,2,4,1,1,0,0,1,NULL," -1",1,0,1,50
202000038624,8,2,2020,08:40:00,1,974,97416,1,2,1,3,"GRANDS FONDS (CHEMIN)"," -21,3066000","55,4207500",202000038624,154 674 475,B01,3,1,0,2,7,1,0,NULL,202000038624,154 674 475,B01,1,1,4,1,1990,5,8,0,-1,-1," -1",-1,202000038624,4,"GRANDS FONDS (CHEMIN)",0,NULL,2,4,1,1,0,0,1,NULL," -1",1,0,1,50
202000043414,25,5,2020,18:30:00,1,08,08409,2,1,1,-1,"MARNE (AVENUE DE LA)","49,6966300","4,9165400",202000043414,154 665 941,C01,3,1,0,2,6,19,5,NULL,202000043414,154 665 939,A01,1,1,1,1,2001,5,1,-1,-1,-1," -1",-1,202000043414,4,NULL,0,NULL,3,2,0,1,0,0,1,NULL," -1",1,0,1,50
202000043414,25,5,2020,18:30:00,1,08,08409,2,1,1,-1,"MARNE (AVENUE DE LA)","49,6966300","4,9165400",202000043414,154 665 941,C01,3,1,0,2,6,19,5,NULL,202000043414,154 665 940,B01,1,1,1,1,1973,5,1,-1,-1,-1," -1",-1,202000043414,4,NULL,0,NULL,3,2,0,1,0,0,1,NULL," -1",1,0,1,50
202000043414,25,5,2020,18:30:00,1,08,08409,2,1,1,-1,"MARNE (AVENUE DE LA)","49,6966300","4,9165400",202000043414,154 665 941,C01,3,1,0,2,6,19,5,NULL,202000043414,154 665 941,C01,1,1,4,1,2009,0,2,-1,-1,-1," -1",-1,202000043414,4,NULL,0,NULL,3,2,0,1,0,0,1,NULL," -1",1,0,1,50
202000045045,25,7,2020,11:10:00,1,69,69386,2,3,1,3,"BELGES (DES)                        (BD)","45,7767300","4,8440500",202000045045,154 663 072,B01,1,1,0,2,7,15,0,NULL,202000045045,154 663 072,B01,1,1,4,1,1962,0,8,0,-1,-1," -1",-1,202000045045,4,"BELGES (DES)                        (BD)",0,NULL,3,5,1,1,0,0,1,NULL," -1",1,0,1,50