Num_Acc,jour,mois,an,hrmn,lum,dep,com,agg,int,atm,col,adr,lat,long,Num_Acc,id_vehicule,num_veh,senc,catv,obs,obsm,choc,manv,motor,occutc,Num_Acc,id_vehicule,num_veh,place,catu,grav,sexe,an_nais,trajet,secu1,secu2,secu3,locp,actp,etatp,Num_Acc,catr,voie,v1,v2,circ,nbv,vosp,prof,pr,pr1,plan,lartpc,larrout,surf,infra,situ,vma
202000045045,25,7,2020,11:10:00,1,69,69386,2,3,1,3,"BELGES (DES)                        (BD)","45,7767300","4,8440500",202000045045,154 663 072,B01,1,1,0,2,7,15,0,NULL,202000045045,154 663 073,A01,1,1,1,1,1972,9,1,0,-1,-1," -1",-1,202000045045,4,"BELGES (DES)                        (BD)",0,NULL,3,5,1,1,0,0,1,NULL," -1",1,0,1,50
202000045584,22,10,2020,16:00:00,1,974,97412,1,1,1,3,"94 Rue Edmond Albius"," -21,3624620","55,6063190",202000045584,154 662 158,A01,1,1,0,2,8,2,5,NULL,202000045584,154 662 158,A01,1,1,3,1,2006,5,2,-1,-1,0,0,-1,202000045584,3,3,-1,NULL,2,2,0,2,230,75,3,NULL," -1",1,0,1,50
202000045584,22,10,2020,16:00:00,1,974,97412,1,1,1,3,"94 Rue Edmond Albius"," -21,3624620","55,6063190",202000045584,154 662 158,A01,1,1,0,2,8,2,5,NULL,202000045584,154 662 159,B01,1,1,1,2,1990,5,1,-1,-1,0,0,-1,202000045584,3,3,-1,NULL,2,2,0,2,230,75,3,NULL," -1",1,0,1,50
202000007097,28,2,2020,14:20:00,1,64,64335,1,6,1,3,D817,"43,3447500"," -0,4307200",202000007097,154 729 785,B01,1,1,0,2,5,1,5,NULL,202000007097,154 729 785,B01,1,1,4,1,1942,5,2,8,-1,-1," -1",-1,202000007097,3,D817,0,NULL,1,2,0,1,35,50,1,NULL," -1",1,0,1,70
202000007097,28,2,2020,14:20:00,1,64,64335,1,6,1,3,D817,"43,3447500"," -0,4307200",202000007097,154 729 785,B01,1,1,0,2,5,1,5,NULL,202000007097,154 729 786,A01,1,1,1,1,1945,9,1,8,-1,-1," -1",-1,202000007097,3,D817,0,NULL,1,2,0,1,35,50,1,NULL," -1",1,0,1,70
202000008585,24,11,2020,20:30:00,3,29,29247,2,1,2,7,"C5 - Route de Quimper","47,9385350"," -4,0246980",202000008585,154 727 163,A01,1,1,0,0,0,1,5,NULL,202000008585,154 727 163,A01,1,1,4,1,1962,5,0,-1,-1,0,0,-1,202000008585,4,5,-1,NULL,2,2,0,2,(1),(1),3,NULL," -1",2,0,1,50
202000009447,19,7,2020,09:00:00,1,29,29056,1,1,1,5,"Lieu-dit Fessiou","48,4434370"," -4,3020920",202000009447,154 725 642,A01,2,1,0,2,0,2,5,NULL,202000009447,154 725 639,C01,1,1,4,1,1955,5,2,6,-1,0,0,-1,202000009447,3,712,-1,NULL,2,2,0,2,64,800,1,NULL," -1",1,0,1,80
202000009447,19,7,2020,09:00:00,1,29,29056,1,1,1,5,"Lieu-dit Fessiou","48,4434370"," -4,3020920",202000009447,154 725 641,D01,2,1,0,2,0,2,5,NULL,202000009447,154 725 639,C01,1,1,4,1,1955,5,2,6,-1,0,0,-1,202000009447,3,712,-1,NULL,2,2,0,2,64,800,1,NULL," -1",1,0,1,80
202000009447,19,7,2020,09:00:00,1,29,29056,1,1,1,5,"Lieu-dit Fessiou","48,4434370"," -4,3020920",202000009447,154 725 640,B01,2,1,0,2,0,2,5,NULL,202000009447,154 725 639,C01,1,1,4,1,1955,5,2,6,-1,0,0,-1,202000009447,3,712,-1,NULL,2,2,0,2,64,800,1,NULL," -1",1,0,1,80
202000009447,19,7,2020,09:00:00,1,29,29056,1,1,1,5,"Lieu-dit Fessiou","48,4434370"," -4,3020920",202000009447,154 725 639,C01,2,1,0,2,0,2,5,NULL,202000009447,154 725 639,C01,1,1,4,1,1955,5,2,6,-1,0,0,-1,202000009447,3,712,-1,NULL,2,2,0,2,64,800,1,NULL," -1",1,0,1,80
202000009447,19,7,2020,09:00:00,1,29,29056,1,1,1,5,"Lieu-dit Fessiou","48,4434370"," -4,3020920",202000009447,154 725 642,A01,2,1,0,2,0,2,5,NULL,202000009447,154 725 640,B01,1,1,4,1,1971,5,2,6,-1,0,0,-1,202000009447,3,712,-1,NULL,2,2,0,2,64,800,1,NULL," -1",1,0,1,80
202000009447,19,7,2020,09:00:00,1,29,29056,1,1,1,5,"Lieu-dit Fessiou","48,4434370"," -4,3020920",202000009447,154 725 641,D01,2,1,0,2,0,2,5,NULL,202000009447,154 725 640,B01,1,1,4,1,1971,5,2,6,-1,0,0,-1,202000009447,3,712,-1,NULL,2,2,0,2,64,800,1,NULL," -1",1,0,1,80
202000009447,19,7,2020,09:00:00,1,29,29056,1,1,1,5,"Lieu-dit Fessiou","48,4434370"," -4,3020920",202000009447,154 725 640,B01,2,1,0,2,0,2,5,NULL,202000009447,154 725 640,B01,1,1,4,1,1971,5,2,6,-1,0,0,-1,202000009447,3,712,-1,NULL,2,2,0,2,64,800,1,NULL," -1",1,0,1,80
202000009447,19,7,2020,09:00:00,1,29,29056,1,1,1,5,"Lieu-dit Fessiou","48,4434370"," -4,3020920",202000009447,154 725 639,C01,2,1,0,2,0,2,5,NULL,202000009447,154 725 640,B01,1,1,4,1,1971,5,2,6,-1,0,0,-1,202000009447,3,712,-1,NULL,2,2,0,2,64,800,1,NULL," -1",1,0,1,80
202000009447,19,7,2020,09:00:00,1,29,29056,1,1,1,5,"Lieu-dit Fessiou","48,4434370"," -4,3020920",202000009447,154 725 642,A01,2,1,0,2,0,2,5,NULL,202000009447,154 725 641,D01,1,1,3,1,1958,5,2,6,-1,0,0,-1,202000009447,3,712,-1,NULL,2,2,0,2,64,800,1,NULL," -1",1,0,1,80
202000009447,19,7,2020,09:00:00,1,29,29056,1,1,1,5,"Lieu-dit Fessiou","48,4434370"," -4,3020920",202000009447,154 725 641,D01,2,1,0,2,0,2,5,NULL,202000009447,154 725 641,D01,1,1,3,1,1958,5,2,6,-1,0,0,-1,202000009447,3,712,-1,NULL,2,2,0,2,64,800,1,NULL," -1",1,0,1,80
202000009447,19,7,2020,09:00:00,1,29,29056,1,1,1,5,"Lieu-dit Fessiou","48,4434370"," -4,3020920",202000009447,154 725 640,B01,2,1,0,2,0,2,5,NULL,202000009447,154 725 641,D01,1,1,3,1,1958,5,2,6,-1,0,0,-1,202000009447,3,712,-1,NULL,2,2,0,2,64,800,1,NULL," -1",1,0,1,80
202000009447,19,7,2020,09:00:00,1,29,29056,1,1,1,5,"Lieu-dit Fessiou","48,4434370"," -4,3020920",202000009447,154 725 639,C01,2,1,0,2,0,2,5,NULL,202000009447,154 725 641,D01,1,1,3,1,1958,5,2,6,-1,0,0,-1,202000009447,3,712,-1,NULL,2,2,0,2,64,800,1,NULL," -1",1,0,1,80
202000009447,19,7,2020,09:00:00,1,29,29056,1,1,1,5,"Lieu-dit Fessiou","48,4434370"," -4,3020920",202000009447,154 725 642,A01,2,1,0,2,0,2,5,NULL,202000009447,154 725 642,A01,1,1,4,1,1984,5,2,6,-1,0,0,-1,202000009447,3,712,-1,NULL,2,2,0,2,64,800,1,NULL," -1",1,0,1,80
202000009447,19,7,2020,09:00:00,1,29,29056,1,1,1,5,"Lieu-dit Fessiou","48,4434370"," -4,3020920",202000009447,154 725 641,D01,2,1,0,2,0,2,5,NULL,202000009447,154 725 642,A01,1,1,4,1,1984,5,2,6,-1,0,0,-1,202000009447,3,712,-1,NULL,2,2,0,2,64,800,1,NULL," -1",1,0,1,80
202000009447,19,7,2020,09:00:00,1,29,29056,1,1,1,5,"Lieu-dit Fessiou","48,4434370"," -4,3020920",202000009447,154 725 640,B01,2,1,0,2,0,2,5,NULL,202000009447,154 725 642,A01,1,1,4,1,1984,5,2,6,-1,0,0,-1,202000009447,3,712,-1,NULL,2,2,0,2,64,800,1,NULL," -1",1,0,1,80
202000009447,19,7,2020,09:00:00,1,29,29056,1,1,1,5,"Lieu-dit Fessiou","48,4434370"," -4,3020920",202000009447,154 725 639,C01,2,1,0,2,0,2,5,NULL,202000009447,154 725 642,A01,1,1,4,1,1984,5,2,6,-1,0,0,-1,202000009447,3,712,-1,NULL,2,2,0,2,64,800,1,NULL," -1",1,0,1,80
202000010700,14,4,2020,19:00:00,1,80,80021,2,6,1,3,"POINTIN (RUE)","49,8855200","2,3121400",202000010700,154 723 446,B01,0,1,0,2,7,9,0,NULL,202000010700,154 723 446,B01,1,1,4,1,1990,0,8,0,-1,0,0,-1,202000010700,4,"POINTIN (RUE)",0,NULL,2,2,0,1,0,0,2,NULL," -1",1,0,1,50
202000010700,14,4,2020,19:00:00,1,80,80021,2,6,1,3,"POINTIN (RUE)","49,8855200","2,3121400",202000010700,154 723 446,B01,0,1,0,2,7,9,0,NULL,202000010700,154 723 447,A01,1,1,4,1,1985,0,8,0,-1,0,0,-1,202000010700,4,"POINTIN (RUE)",0,NULL,2,2,0,1,0,0,2,NULL," -1",1,0,1,50
202000015211,12,9,2020,17:20:00,1,78,78486,2,3,1,2,"PERCHE AUX MARES (RUE DE LA)","48,6898900","1,8591000",202000015211,154 715 533,B01,2,1,0,2,8,15,0,NULL,202000015211,154 715 532,A01,1,1,1,1,1997,5,1,8,-1,-1," -1",-1,202000015211,3,61,0,NULL,2,2,0,2,13,738,1,NULL," -1",1,0,1,50
202000015211,12,9,2020,17:20:00,1,78,78486,2,3,1,2,"PERCHE AUX MARES (RUE DE LA)","48,6898900","1,8591000",202000015211,154 715 533,B01,2,1,0,2,8,15,0,NULL,202000015211,154 715 533,B01,1,1,2,1,1947,5,2,8,-1,-1," -1",-1,202000015211,3,61,0,NULL,2,2,0,2,13,738,1,NULL," -1",1,0,1,50
202000015223,12,9,2020,12:20:00,1,54,54357,2,1,1,3,"REPUBLIQUE (RUE DE LA)","48,7129568","6,1597493",202000015223,154 715 510,B01,3,1,0,2,1,1,1,NULL,202000015223,154 715 509,A01,1,1,1,1,1989,0,1,0,-1,0,0,-1,202000015223,4,NULL,0,NULL,2,2,0,1,(1),(1),1,NULL," -1",1,0,1,50
202000015223,12,9,2020,12:20:00,1,54,54357,2,1,1,3,"REPUBLIQUE (RUE DE LA)","48,7129568","6,1597493",202000015223,154 715 510,B01,3,1,0,2,1,1,1,NULL,202000015223,154 715 510,B01,1,1,4,1,1973,0,8,0,-1,0,0,-1,202000015223,4,NULL,0,NULL,2,2,0,1,(1),(1),1,NULL," -1",1,0,1,50
202000015315,12,9,2020,08:29:00,2,38,38070,2,6,1,3,"Route de Grenoble","45,2802620","5,9307290",202000015315,154 715 355,B01,2,1,0,2,7,1,5,NULL,202000015315,154 715 355,B01,1,1,4,2,1959,0,2,-1,-1,0,0,-1,202000015315,3,10,0,A,2,2,0,1,3,400,1,NULL," -1",1,0,1,50
202000015315,12,9,2020,08:29:00,2,38,38070,2,6,1,3,"Route de Grenoble","45,2802620","5,9307290",202000015315,154 715 355,B01,2,1,0,2,7,1,5,NULL,202000015315,154 715 356,A01,1,1,1,1,1952,0,1,-1,-1,0,0,-1,202000015315,3,10,0,A,2,2,0,1,3,400,1,NULL," -1",1,0,1,50
202000016254,16,11,2020,08:44:00,1,92,92032,2,3,8,3,"Avenue Paul Langevin","48,7832337","2,2866834",202000016254,154 713 658,B01,1,1,0,2,0,0,0,NULL,202000016254,154 713 657,A01,1,1,1,1,1969,4,8,0,-1,-1," -1",-1,202000016254,3,75,0,NULL,2,2,2,1,(1),(1),4,NULL," -1",2,5,8,30
202000016254,16,11,2020,08:44:00,1,92,92032,2,3,8,3,"Avenue Paul Langevin","48,7832337","2,2866834",202000016254,154 713 658,B01,1,1,0,2,0,0,0,NULL,202000016254,154 713 658,B01,1,1,3,2,1989,2,2,0,-1,-1," -1",-1,202000016254,3,75,0,NULL,2,2,2,1,(1),(1),4,NULL," -1",2,5,8,30
202000016254,16,11,2020,08:44:00,1,92,92032,2,3,8,3,"Avenue Paul Langevin","48,7832337","2,2866834",202000016254,154 713 658,B01,1,1,0,2,0,0,0,NULL,202000016254,154 713 658,B01,5,2,4,2,2016,2,3,0,-1,-1," -1",-1,202000016254,3,75,0,NULL,2,2,2,1,(1),(1),4,NULL," -1",2,5,8,30
202000020667,11,7,2020,16:45:00,1,29,29155,1,1,1,7,"D81 - Route du Stiff","48,4658549"," -5,0778150",202000020667,154 705 873,A01,1,1,0,0,0,1,5,NULL,202000020667,154 705 873,A01,1,1,3,1,1994,5,0,-1,-1,0,0,-1,202000020667,3,81,-1,NULL,2,2,0,2,1,800,1,NULL," -1",1,0,1,50
202000022850,19,2,2020,14:50:00,1,54,54395,2,2,1,3,"MON DESERT (RUE)","48,6840777","6,1765949",202000022850,154 702 028,A01,1,1,0,2,1,1,5,NULL,202000022850,154 702 027,B01,2,2,1,2,1955,0,1,0,-1,0,0,-1,202000022850,4,NULL,0,NULL,1,2,0,1,0,0,1,NULL," -1",1,0,1,50
202000022850,19,2,2020,14:50:00,1,54,54395,2,2,1,3,"MON DESERT (RUE)","48,6840777","6,1765949",202000022850,154 702 028,A01,1,1,0,2,1,1,5,NULL,202000022850,154 702 027,B01,1,1,1,1,1953,0,1,0,-1,0,0,-1,202000022850,4,NULL,0,NULL,1,2,0,1,0,0,1,NULL," -1",1,0,1,50
202000022850,19,2,2020,14:50:00,1,54,54395,2,2,1,3,"MON DESERT (RUE)","48,6840777","6,1765949",202000022850,154 702 028,A01,1,1,0,2,1,1,5,NULL,202000022850,154 702 028,A01,1,1,4,1,1998,0,8,0,-1,0,0,-1,202000022850,4,NULL,0,NULL,1,2,0,1,0,0,1,NULL," -1",1,0,1,50
202000022857,19,2,2020,20:15:00,5,35,35238,2,1,1,6,"21 Rue Maréchal Joffre","48,1083000"," -1,6778000",202000022857,154 702 015,A01,0,1,0,1,1,0,0,NULL,202000022857,154 702 015,A01,1,1,1,1,2002,4,2,0,-1,0,0,-1,202000022857,4,"JOFFRE ( DU MARECHAL)",0,NULL,2,2,3,1,0,0,1,NULL," -1",1,0,4,30
202000022857,19,2,2020,20:15:00,5,35,35238,2,1,1,6,"21 Rue Maréchal Joffre","48,1083000"," -1,6778000",202000022857,154 702 015,A01,0,1,0,1,1,0,0,NULL,202000022857,154 702 015,A01,10,3,4,1,1958,9,0,-1,-1,5,B,3,202000022857,4,"JOFFRE ( DU MARECHAL)",0,NULL,2,2,3,1,0,0,1,NULL," -1",1,0,4,30
202000023346,8,6,2020,12:20:00,1,75,75103,2,4,1,3,"RUE DE TURBIGO","48,8668000","2,3620020",202000023346,154 701 154,B01,2,1,0,2,3,1,5,NULL,202000023346,154 701 154,B01,1,1,4,2,1980,1,2,0,-1,0,0,-1,202000023346,4,NULL,0,NULL,1,2,1,1,0,0,1,NULL," -1",1,-1,5,50
202000023346,8,6,2020,12:20:00,1,75,75103,2,4,1,3,"RUE DE TURBIGO","48,8668000","2,3620020",202000023346,154 701 154,B01,2,1,0,2,3,1,5,NULL,202000023346,154 701 156,A01,1,1,1,1,1934,3,1,0,-1,0,0,-1,202000023346,4,NULL,0,NULL,1,2,1,1,0,0,1,NULL," -1",1,-1,5,50
202000023463,7,6,2020,19:30:00,1,75,75118,2,4,1,3,"RUE LAMARCK","48,8896840","2,3397950",202000023463,154 700 956,A01,2,1,0,2,8,19,5,NULL,202000023463,154 700 956,A01,1,1,4,1,2008,5,2,0,-1,0,0,-1,202000023463,4,NULL,0,NULL,2,2,0,2,0,0,3,NULL," -1",1,5,1,30
202000024963,7,9,2020,21:00:00,5,75,75110,2,5,1,-1,"RUE DU HUIT MAI 1945","48,8761990","2,3578880",202000024963,154 698 310,B01,2,1,0,2,1,1,5,NULL,202000024963,154 698 309,A01,1,1,1,1,1980,4,1,0,-1,0,0,-1,202000024963,4,NULL,0,NULL,2,2,0,1,0,0,1,NULL," -1",1,0,1,50
202000024963,7,9,2020,21:00:00,5,75,75110,2,5,1,-1,"RUE DU HUIT MAI 1945","48,8761990","2,3578880",202000024963,154 698 310,B01,2,1,0,2,1,1,5,NULL,202000024963,154 698 310,B01,1,1,4,2,1974,1,2,4,-1,0,0,-1,202000024963,4,NULL,0,NULL,2,2,0,1,0,0,1,NULL," -1",1,0,1,50
202000026544,17,2,2020,15:15:00,1,49,49007,2,1,1,2,"BLANCHOIN BOULEVARD","47,4482700"," -0,5389300",202000026544,154 695 549,B01,1,1,0,2,0,0,5,NULL,202000026544,154 695 549,B01,1,1,4,1,2001,5,8,0,-1,-1," -1",-1,202000026544,4,"BLANCHOIN BOULEVARD",0,NULL,2,2,0,1,0,0,1,NULL," -1",1,0,1,60
202000026544,17,2,2020,15:15:00,1,49,49007,2,1,1,2,"BLANCHOIN BOULEVARD","47,4482700"," -0,5389300",202000026544,154 695 549,B01,1,1,0,2,0,0,5,NULL,202000026544,154 695 550,A01,1,1,1,1,1973,5,1,8,-1,-1," -1",-1,202000026544,4,"BLANCHOIN BOULEVARD",0,NULL,2,2,0,1,0,0,1,NULL," -1",1,0,1,60
202000027550,7,4,2020,08:25:00,1,37,37261,2,2,1,-1,"VICTOIRE (RUE DE LA)","47,3925916","0,6789603",202000027550,154 693 823,A01,3,1,0,2,5,1,5,NULL,202000027550,154 693 823,A01,1,1,4,2,1991,0,8,0,-1,-1," -1",-1,202000027550,4,NULL,0,NULL,2,2,0,1,0,0,1,NULL," -1",1,0,1,30
202000027550,7,4,2020,08:25:00,1,37,37261,2,2,1,-1,"VICTOIRE (RUE DE LA)","47,3925916","0,6789603",202000027550,154 693 823,A01,3,1,0,2,5,1,5,NULL,202000027550,154 693 827,B01,1,1,1,1,1966,4,1,0,-1,-1," -1",-1,202000027550,4,NULL,0,NULL,2,2,0,1,0,0,1,NULL," -1",1,0,1,30
202000031635,29,9,2020,21:15:00,5,75,75103,2,2,1,1,"RUE SAINT MARTIN","48,8679150","2,3550190",202000031635,154 686 765,B01,1,1,0,2,1,8,5,NULL,202000031635,154 686 764,A01,1,1,1,1,1976,4,1,0,-1,0,0,-1,202000031635,4,NULL,0,NULL,1,2,3,1,0,0,1,NULL," -1",1,-1,6,50
202000031635,29,9,2020,21:15:00,5,75,75103,2,2,1,1,"RUE SAINT MARTIN","48,8679150","2,3550190",202000031635,154 686 765,B01,1,1,0,2,1,8,5,NULL,202000031635,154 686 765,B01,1,1,4,1,1996,5,8,0,-1,0,0,-1,202000031635,4,NULL,0,NULL,1,2,3,1,0,0,1,NULL," -1",1,-1,6,50
202000033194,29,10,2020,15:30:00,1,05,05124,1,1,1,3,D314,"44,5808700","6,1257790",202000033194,154 684 102,A01,2,1,0,2,1,13,5,NULL,202000033194,154 684 101,B01,1,1,1,1,1945,3,1,-1,-1,0,0,-1,202000033194,3,314,0,D,2,2,0,2,0,529,3,NULL," -1",1,0,1,80
202000033194,29,10,2020,15:30:00,1,05,05124,1,1,1,3,D314,"44,5808700","6,1257790",202000033194,154 684 102,A01,2,1,0,2,1,13,5,NULL,202000033194,154 684 101,B01,2,2,1,2,1949,3,1,-1,-1,0,0,-1,202000033194,3,314,0,D,2,2,0,2,0,529,3,NULL," -1",1,0,1,80
202000033194,29,10,2020,15:30:00,1,05,05124,1,1,1,3,D314,"44,5808700","6,1257790",202000033194,154 684 102,A01,2,1,0,2,1,13,5,NULL,202000033194,154 684 102,A01,1,1,3,1,2001,5,2,-1,-1,0,0,-1,202000033194,3,314,0,D,2,2,0,2,0,529,3,NULL," -1",1,0,1,80
202000034545,2,9,2020,14:41:00,1,75,75101,2,3,1,7,"RUE DE RIVOLI","48,8614770","2,3391310",202000034545,154 681 715,A01,1,1,0,0,0,23,5,NULL,202000034545,154 681 715,A01,1,1,4,1,1951,5,2,0,-1,-1," -1",-1,202000034545,4,NULL,0,NULL,-1,3,1,1,0,0,1,NULL," -1",1,0,1,30
202000036826,10,1,2020,18:20:00,3,29,29042,1,1,1,2,"Étang du Fret","48,2822930"," -4,5063690",202000036826,154 677 633,B01,2,1,0,0,4,2,5,NULL,202000036826,154 677 632,A01,1,1,1,1,1941,3,1,-1,-1,0,0,-1,202000036826,3,55,-1,NULL,2,2,0,1,6,400,1,NULL," -1",1,0,1,70
202000036826,10,1,2020,18:20:00,3,29,29042,1,1,1,2,"Étang du Fret","48,2822930"," -4,5063690",202000036826,154 677 633,B01,2,1,0,0,4,2,5,NULL,202000036826,154 677 633,B01,1,1,3,1,2000,5,0,-1,-1,0,0,-1,202000036826,3,55,-1,NULL,2,2,0,1,6,400,1,NULL," -1",1,0,1,70
202000038935,28,5,2020,11:54:00,1,17,17274,1,1,1,7,"D 111","46,1635700"," -1,0687000",202000038935,154 673 928,A01,2,1,0,0,0,26,5,NULL,202000038935,154 673 928,A01,1,1,4,1,1968,5,2,8,-1,-1," -1",-1,202000038935,3,111,0,NULL,2,2,0,1,1,0,1,NULL,"6,4",1,0,1,70
202000038936,18,5,2020,18:45:00,1,14,14118,2,2,1,3,"PIGACIERE (RUE DE LA)","49,1882200"," -0,3595200",202000038936,154 673 925,B01,1,1,0,2,1,1,5,NULL,202000038936,154 673 925,B01,1,1,3,1,1972,5,8,0,-1,0,0,-1,202000038936,4,NULL,0,NULL,2,0,0,1,1,0,1,NULL," -1",1,0,1,50
202000038936,18,5,2020,18:45:00,1,14,14118,2,2,1,3,"PIGACIERE (RUE DE LA)","49,1882200"," -0,3595200",202000038936,154 673 925,B01,1,1,0,2,1,1,5,NULL,202000038936,154 673 926,A01,1,1,1,1,1999,5,1,0,-1,0,0,-1,202000038936,4,NULL,0,NULL,2,0,0,1,1,0,1,NULL," -1",1,0,1,50
202000039841,26,6,2020,13:30:00,5,44,44184,1,1,1,1,"Rue des Noisetiers","47,2604300"," -2,2552450",202000039841,154 672 343,B01,3,1,0,2,8,19,5,NULL,202000039841,154 672 343,B01,1,1,4,1,2010,5,8,0,-1,-1," -1",-1,202000039841,4,NULL,0,NULL,2,2,0,1,(1),(1),2,NULL," -1",1,0,1,50
202000039841,26,6,2020,13:30:00,5,44,44184,1,1,1,1,"Rue des Noisetiers","47,2604300"," -2,2552450",202000039841,154 672 343,B01,3,1,0,2,8,19,5,NULL,202000039841,154 672 344,A01,1,1,1,1,1996,1,1,0,-1,-1," -1",-1,202000039841,4,NULL,0,NULL,2,2,0,1,(1),(1),2,NULL," -1",1,0,1,50
202000041026,24,9,2020,18:50:00,5,75,75116,2,2,3,3,"PUTEAUX (PONT DE)","48,8761650","2,2462800",202000041026,154 670 256,B01,1,1,0,2,7,17,5,NULL,202000041026,154 670 256,B01,1,1,3,1,1970,1,2,8,-1,0,0,-1,202000041026,4,NULL,0,NULL,3,2,1,1,0,0,1,NULL," -1",2,0,1,50
202000041026,24,9,2020,18:50:00,5,75,75116,2,2,3,3,"PUTEAUX (PONT DE)","48,8761650","2,2462800",202000041026,154 670 256,B01,1,1,0,2,7,17,5,NULL,202000041026,154 670 258,A01,1,1,4,2,1970,9,1,8,-1,0,0,-1,202000041026,4,NULL,0,NULL,3,2,1,1,0,0,1,NULL," -1",2,0,1,50
202000044475,24,6,2020,11:45:00,1,67,67210,2,1,1,7,"27 rue principale","48,4037580","7,3280150",202000044475,154 664 070,A01,1,1,0,0,0,1,5,NULL,202000044475,154 664 070,A01,1,1,3,1,1960,0,0,-1,-1,0,0,-1,202000044475,3,NULL,-1,NULL,2,2,0,2,(1),(1),1,NULL," -1",1,0,1,50
202000044652,24,5,2020,13:00:00,1,75,75116,2,1,7,2,"RUE GEORGE SAND","48,8498260","2,2683550",202000044652,154 663 725,B01,1,1,0,2,4,15,5,NULL,202000044652,154 663 725,B01,1,1,1,1,2004,2,2,0,-1,0,0,-1,202000044652,4,NULL,0,NULL,1,1,0,1,0,0,1,NULL," -1",1,0,1,50
202000044652,24,5,2020,13:00:00,1,75,75116,2,1,7,2,"RUE GEORGE SAND","48,8498260","2,2683550",202000044652,154 663 725,B01,1,1,0,2,4,15,5,NULL,202000044652,154 663 727,A01,1,1,4,1,1995,4,2,0,-1,0,0,-1,202000044652,4,NULL,0,NULL,1,1,0,1,0,0,1,NULL," -1",1,0,1,50
202000007163,16,9,2020,14:45:00,1,51,51454,2,1,1,2,"Boulevard Pommery","49,2473889","4,0512357",202000007163,154 729 663,A01,2,1,0,2,1,2,5,NULL,202000007163,154 729 663,A01,1,1,4,1,2002,5,2,-1,-1,-1," -1",-1,202000007163,2,51,0,NULL,2,2,0,1,19,1000,1,NULL," -1",1,0,1,50
202000007163,16,9,2020,14:45:00,1,51,51454,2,1,1,2,"Boulevard Pommery","49,2473889","4,0512357",202000007163,154 729 663,A01,2,1,0,2,1,2,5,NULL,202000007163,154 729 664,B01,1,1,1,1,1970,4,1,-1,-1,-1," -1",-1,202000007163,2,51,0,NULL,2,2,0,1,19,1000,1,NULL," -1",1,0,1,50
202000009628,19,7,2020,08:20:00,1,72,72154,2,1,7,3,"Boulevard de Montréal","47,6977380"," -0,0747020",202000009628,154 725 331,B01,2,1,0,2,7,19,5,NULL,202000009628,154 725 331,B01,1,1,3,1,2004,1,0,-1,-1,0,0,-1,202000009628,3,323,0,NULL,2,2,0,1,(1),(1),1,NULL," -1",1,0,1,-1
202000009628,19,7,2020,08:20:00,1,72,72154,2,1,7,3,"Boulevard de Montréal","47,6977380"," -0,0747020",202000009628,154 725 331,B01,2,1,0,2,7,19,5,NULL,202000009628,154 725 332,A01,1,1,1,1,2002,5,1,-1,-1,0,0,-1,202000009628,3,323,0,NULL,2,2,0,1,(1),(1),1,NULL," -1",1,0,1,-1
202000010296,30,12,2020,10:30:00,1,83,83048,2,1,1,1,"Boulevard Saint Raphael","43,2060200","6,5654900",202000010296,154 724 143,B01,1,1,0,2,1,1,5,NULL,202000010296,154 724 142,A01,1,1,1,2,1947,5,1,-1,-1,0,0,-1,202000010296,3,559,0,D,2,2,0,2,81,580,1,NULL," -1",1,0,1,50
202000010296,30,12,2020,10:30:00,1,83,83048,2,1,1,1,"Boulevard Saint Raphael","43,2060200","6,5654900",202000010296,154 724 143,B01,1,1,0,2,1,1,5,NULL,202000010296,154 724 143,B01,1,1,4,1,1969,5,2,-1,-1,0,0,-1,202000010296,3,559,0,D,2,2,0,2,81,580,1,NULL," -1",1,0,1,50
202000015545,13,6,2020,02:55:00,5,75,75110,2,1,1,2,"RUE DE LANCRY","48,8721770","2,3628500",202000015545,154 714 946,A01,1,1,0,2,4,2,5,NULL,202000015545,154 714 946,A01,1,1,4,2,1993,5,2,0,-1,0,0,-1,202000015545,4,NULL,0,NULL,2,2,0,1,(1),0,1,NULL," -1",1,0,1,30
202000015692,12,8,2020,10:45:00,1,92,92004,2,1,1,3,"VOLTAIRE ( BD 16 A FIN )","48,9142100","2,2947900",202000015692,154 714 686,B01,1,1,0,2,1,0,5,NULL,202000015692,154 714 685,A01,1,1,1,1,1959,5,8,0,-1,-1," -1",-1,202000015692,3,15,0,NULL,2,2,0,1,0,0,1,NULL," -1",1,0,1,50
202000015692,12,8,2020,10:45:00,1,92,92004,2,1,1,3,"VOLTAIRE ( BD 16 A FIN )","48,9142100","2,2947900",202000015692,154 714 686,B01,1,1,0,2,1,0,5,NULL,202000015692,154 714 686,B01,1,1,4,1,1989,1,2,0,-1,-1," -1",-1,202000015692,3,15,0,NULL,2,2,0,1,0,0,1,NULL," -1",1,0,1,50
202000019039,20,2,2020,13:40:00,1,66,66136,2,1,1,-1,"SAINT-ROCH (CHEMIN DE)","42,6881492","2,9091807",202000019039,154 708 759,B01,3,1,0,2,2,1,5,NULL,202000019039,154 708 759,B01,1,1,4,1,2002,9,2,0,-1,0,0,-1,202000019039,4,"SAINT-ROCH (CHEMIN DE)",0,NULL,1,2,0,1,0,0,1,NULL," -1",1,0,1,30