Num_Acc,jour,mois,an,hrmn,lum,dep,com,agg,int,atm,col,adr,lat,long,Num_Acc,id_vehicule,num_veh,senc,catv,obs,obsm,choc,manv,motor,occutc,Num_Acc,id_vehicule,num_veh,place,catu,grav,sexe,an_nais,trajet,secu1,secu2,secu3,locp,actp,etatp,Num_Acc,catr,voie,v1,v2,circ,nbv,vosp,prof,pr,pr1,plan,lartpc,larrout,surf,infra,situ,vma
202000019039,20,2,2020,13:40:00,1,66,66136,2,1,1,-1,"SAINT-ROCH (CHEMIN DE)","42,6881492","2,9091807",202000019039,154 708 759,B01,3,1,0,2,2,1,5,NULL,202000019039,154 708 760,A01,1,1,1,2,1981,9,1,8,-1,-1," -1",-1,202000019039,4,"SAINT-ROCH (CHEMIN DE)",0,NULL,1,2,0,1,0,0,1,NULL," -1",1,0,1,30
202000019188,11,9,2020,14:20:00,1,42,42011,2,2,1,3,"2 Rue du 8 Mai","45,8176603","4,1851057",202000019188,154 708 481,B01,1,1,0,2,8,15,6,NULL,202000019188,154 708 480,A01,1,1,1,1,1979,4,1,-1,-1,0,0,-1,202000019188,3,1082,-1,NULL,2,2,0,1,19,575,1,NULL," -1",1,5,1,50
202000019188,11,9,2020,14:20:00,1,42,42011,2,2,1,3,"2 Rue du 8 Mai","45,8176603","4,1851057",202000019188,154 708 481,B01,1,1,0,2,8,15,6,NULL,202000019188,154 708 481,B01,1,1,3,1,1989,5,0,-1,-1,0,0,-1,202000019188,3,1082,-1,NULL,2,2,0,1,19,575,1,NULL," -1",1,5,1,50
202000019422,9,6,2020,20:30:00,1,06,06029,2,1,1,1,"JOURDAN (AVENUE MICHEL)","43,5572820","6,9685250",202000019422,154 708 039,A01,1,1,0,2,1,5,6,NULL,202000019422,154 708 039,A01,1,1,4,1,1986,5,2,0,-1,-1," -1",-1,202000019422,3,"JOURDAN (AVENUE MICHEL)",0,NULL,-1,2,0,1,1,320,1,NULL," -1",1,0,1,50
202000019422,9,6,2020,20:30:00,1,06,06029,2,1,1,1,"JOURDAN (AVENUE MICHEL)","43,5572820","6,9685250",202000019422,154 708 039,A01,1,1,0,2,1,5,6,NULL,202000019422,154 708 040,B01,1,1,4,1,1998,4,2,8,-1,-1," -1",-1,202000019422,3,"JOURDAN (AVENUE MICHEL)",0,NULL,-1,2,0,1,1,320,1,NULL," -1",1,0,1,50
202000020375,16,4,2020,18:15:00,1,35,35333,1,1,1,6,"Lieu Dit l'Epine","47,9228130"," -1,4361940",202000020375,154 706 391,A01,0,1,13,0,1,1,6,NULL,202000020375,154 706 391,A01,1,1,3,1,1986,1,2,6,-1,0,0,-1,202000020375,4,NULL,-1,NULL,2,2,0,3,(1),(1),1,NULL,5,1,0,1,80
202000022102,18,12,2020,09:16:00,1,75,75106,2,2,1,3,"QUAI DE CONTI","48,8560530","2,3404860",202000022102,154 703 317,A01,1,1,0,2,0,1,5,NULL,202000022102,154 703 316,B01,1,1,4,2,1973,1,8,0,-1,0,0,-1,202000022102,4,NULL,0,NULL,2,3,1,1,0,0,1,NULL," -1",1,-1,5,50
202000022102,18,12,2020,09:16:00,1,75,75106,2,2,1,3,"QUAI DE CONTI","48,8560530","2,3404860",202000022102,154 703 316,B01,1,1,0,2,0,1,5,NULL,202000022102,154 703 316,B01,1,1,4,2,1973,1,8,0,-1,0,0,-1,202000022102,4,NULL,0,NULL,2,3,1,1,0,0,1,NULL," -1",1,-1,5,50
202000022102,18,12,2020,09:16:00,1,75,75106,2,2,1,3,"QUAI DE CONTI","48,8560530","2,3404860",202000022102,154 703 317,A01,1,1,0,2,0,1,5,NULL,202000022102,154 703 317,A01,1,1,1,1,1990,1,8,0,-1,0,0,-1,202000022102,4,NULL,0,NULL,2,3,1,1,0,0,1,NULL," -1",1,-1,5,50
202000022102,18,12,2020,09:16:00,1,75,75106,2,2,1,3,"QUAI DE CONTI","48,8560530","2,3404860",202000022102,154 703 316,B01,1,1,0,2,0,1,5,NULL,202000022102,154 703 317,A01,1,1,1,1,1990,1,8,0,-1,0,0,-1,202000022102,4,NULL,0,NULL,2,3,1,1,0,0,1,NULL," -1",1,-1,5,50
202000022651,9,7,2020,12:30:00,1,69,69383,2,2,1,3,"GAMBETTA                            (CO)","45,7553032","4,8430689",202000022651,154 702 364,B01,2,1,0,2,1,1,0,NULL,202000022651,154 702 363,A01,1,1,1,1,1996,0,1,0,-1,-1," -1",-1,202000022651,4,NULL,0,NULL,2,4,1,1,0,0,1,NULL," -1",1,0,1,50
202000022651,9,7,2020,12:30:00,1,69,69383,2,2,1,3,"GAMBETTA                            (CO)","45,7553032","4,8430689",202000022651,154 702 364,B01,2,1,0,2,1,1,0,NULL,202000022651,154 702 364,B01,1,1,4,2,1996,0,8,0,-1,0,0,-1,202000022651,4,NULL,0,NULL,2,4,1,1,0,0,1,NULL," -1",1,0,1,50
202000024208,16,4,2020,18:20:00,1,75,75104,2,3,1,6,"RUE DE RIVOLI","48,8552180","2,3611220",202000024208,154 699 662,A01,1,1,12,0,1,13,5,NULL,202000024208,154 699 662,A01,1,1,4,2,1962,3,8,0,-1,0,0,-1,202000024208,4,NULL,0,NULL,2,4,1,1,0,0,1,NULL," -1",1,-1,5,50
202000024231,15,4,2020,09:05:00,1,69,69259,2,9,1,3,"EMILE ZOLA                          (R )","45,7028300","4,8864500",202000024231,154 699 626,B01,0,1,0,2,7,1,5,NULL,202000024231,154 699 626,B01,1,1,4,1,1935,0,8,0,-1,-1,0,-1,202000024231,4,"EMILE ZOLA                          (R )",0,NULL,2,2,0,1,1,0,1,NULL," -1",1,0,1,50
202000024231,15,4,2020,09:05:00,1,69,69259,2,9,1,3,"EMILE ZOLA                          (R )","45,7028300","4,8864500",202000024231,154 699 626,B01,0,1,0,2,7,1,5,NULL,202000024231,154 699 627,A01,1,1,1,1,1980,0,8,0,-1,-1,0,-1,202000024231,4,"EMILE ZOLA                          (R )",0,NULL,2,2,0,1,1,0,1,NULL," -1",1,0,1,50
202000024691,18,2,2020,16:50:00,1,69,69387,2,1,1,-1,"JACQUES MONOD                       (R )","45,7305500","4,8288300",202000024691,154 698 795,B01,2,1,1,0,1,2,5,NULL,202000024691,154 698 795,B01,1,1,4,1,1978,0,8,0,-1,-1," -1",-1,202000024691,4,"JACQUES MONOD                       (R )",0,NULL,2,2,0,1,0,0,1,NULL," -1",1,0,1,50
202000024691,18,2,2020,16:50:00,1,69,69387,2,1,1,-1,"JACQUES MONOD                       (R )","45,7305500","4,8288300",202000024691,154 698 795,B01,2,1,1,0,1,2,5,NULL,202000024691,154 698 796,A01,1,1,1,2,1965,0,1,0,-1,-1," -1",-1,202000024691,4,"JACQUES MONOD                       (R )",0,NULL,2,2,0,1,0,0,1,NULL," -1",1,0,1,50
202000024919,7,9,2020,22:10:00,5,37,37261,2,2,1,3,"TONNELLE (BOULEVARD)","47,3836741","0,6682866",202000024919,154 698 380,B01,3,1,0,2,0,0,0,NULL,202000024919,154 698 379,A01,1,1,3,1,1990,0,2,6,-1,-1," -1",-1,202000024919,4,NULL,0,NULL,2,2,0,1,(1),(1),1,NULL," -1",1,0,1,50
202000024919,7,9,2020,22:10:00,5,37,37261,2,2,1,3,"TONNELLE (BOULEVARD)","47,3836741","0,6682866",202000024919,154 698 380,B01,3,1,0,2,0,0,0,NULL,202000024919,154 698 380,B01,1,1,3,1,1999,5,8,0,-1,-1," -1",-1,202000024919,4,NULL,0,NULL,2,2,0,1,(1),(1),1,NULL," -1",1,0,1,50
202000025389,6,11,2020,16:40:00,1,44,44109,2,2,1,3,"RUE ROMAIN ROLLAND","47,2054066"," -1,6065769",202000025389,154 697 542,B01,3,1,0,2,3,15,5,NULL,202000025389,154 697 542,B01,1,1,3,2,1963,0,2,0,-1,-1," -1",-1,202000025389,4,NULL,0,NULL,2,0,0,1,(1),(1),1,NULL," -1",1,0,1,50
202000025389,6,11,2020,16:40:00,1,44,44109,2,2,1,3,"RUE ROMAIN ROLLAND","47,2054066"," -1,6065769",202000025389,154 697 542,B01,3,1,0,2,3,15,5,NULL,202000025389,154 697 543,A01,1,1,1,2,1995,0,1,0,-1,-1," -1",-1,202000025389,4,NULL,0,NULL,2,0,0,1,(1),(1),1,NULL," -1",1,0,1,50
202000025440,6,6,2020,17:00:00,1,75,75104,2,3,1,6,"RUE DE RIVOLI","48,8552230","2,3611070",202000025440,154 697 455,A01,1,1,14,0,7,12,5,NULL,202000025440,154 697 455,A01,1,1,4,2,1962,5,2,0,-1,0,0,-1,202000025440,4,NULL,0,NULL,2,2,1,1,0,0,1,NULL," -1",1,-1,5,30
202000026358,7,7,2020,18:00:00,1,31,31555,2,1,1,3,"296 Route de Seysses","43,5739800","1,4196600",202000026358,154 695 882,B01,2,1,0,2,1,1,5,NULL,202000026358,154 695 882,B01,1,1,4,1,1975,9,2,0,-1,-1," -1",-1,202000026358,4,"SEYSSES (RTE DE) DU 296 AU 403",0,NULL,2,2,0,1,0,0,1,NULL," -1",1,0,1,50
202000026358,7,7,2020,18:00:00,1,31,31555,2,1,1,3,"296 Route de Seysses","43,5739800","1,4196600",202000026358,154 695 882,B01,2,1,0,2,1,1,5,NULL,202000026358,154 695 883,A01,1,1,1,1,1996,9,1,8,-1,-1," -1",-1,202000026358,4,"SEYSSES (RTE DE) DU 296 AU 403",0,NULL,2,2,0,1,0,0,1,NULL," -1",1,0,1,50
202000026749,8,9,2020,16:30:00,1,72,72050,2,1,1,6,"8 Chemin des Rochers","47,9602580"," -0,2292380",202000026749,154 695 192,A01,3,1,0,1,2,0,-1,NULL,202000026749,154 695 192,A01,1,1,1,1,2002,5,0,-1,-1,0,0,-1,202000026749,4,NULL,-1,NULL,-1,-1,0,3,(1),(1),1,NULL," -1",1,0,8,-1
202000026749,8,9,2020,16:30:00,1,72,72050,2,1,1,6,"8 Chemin des Rochers","47,9602580"," -0,2292380",202000026749,154 695 192,A01,3,1,0,1,2,0,-1,NULL,202000026749,154 695 192,A01,10,3,2,1,1930,5,0,-1,-1,9,1,2,202000026749,4,NULL,-1,NULL,-1,-1,0,3,(1),(1),1,NULL," -1",1,0,8,-1
202000028027,15,12,2020,06:40:00,5,92,92078,2,3,2,3,"VERDUN (AVENUE) (PAIRS 2 A 38)","48,9355190","2,3338780",202000028027,154 692 988,A01,3,1,0,2,1,19,0,NULL,202000028027,154 692 988,A01,1,1,4,1,1980,0,8,0,-1,-1," -1",-1,202000028027,3,986,0,NULL,1,1,0,1,0,0,1,NULL," -1",2,0,1,50
202000028027,15,12,2020,06:40:00,5,92,92078,2,3,2,3,"VERDUN (AVENUE) (PAIRS 2 A 38)","48,9355190","2,3338780",202000028027,154 692 988,A01,3,1,0,2,1,19,0,NULL,202000028027,154 692 989,B01,1,1,1,2,1994,9,1,8,-1,-1," -1",-1,202000028027,3,986,0,NULL,1,1,0,1,0,0,1,NULL," -1",2,0,1,50
202000028660,15,2,2020,14:45:00,1,13,13204,2,1,1,-1,"FLAMMARION (BOULEVARD)","43,3062360","5,3939880",202000028660,154 691 847,B01,2,1,1,2,3,1,5,NULL,202000028660,154 691 847,B01,1,1,3,1,1970,5,2,-1,-1,0,0,-1,202000028660,4,"FLAMMARION (BOULEVARD)",0,NULL,2,2,0,2,0,0,1,NULL," -1",1,0,1,50
202000028660,15,2,2020,14:45:00,1,13,13204,2,1,1,-1,"FLAMMARION (BOULEVARD)","43,3062360","5,3939880",202000028660,154 691 847,B01,2,1,1,2,3,1,5,NULL,202000028660,154 691 847,B01,2,2,1,1,2015,5,2,8,-1,0,0,-1,202000028660,4,"FLAMMARION (BOULEVARD)",0,NULL,2,2,0,2,0,0,1,NULL," -1",1,0,1,50
202000028660,15,2,2020,14:45:00,1,13,13204,2,1,1,-1,"FLAMMARION (BOULEVARD)","43,3062360","5,3939880",202000028660,154 691 847,B01,2,1,1,2,3,1,5,NULL,202000028660,154 691 848,A01,1,1,1,1,1947,5,1,-1,-1,0,0,-1,202000028660,4,"FLAMMARION (BOULEVARD)",0,NULL,2,2,0,2,0,0,1,NULL," -1",1,0,1,50
202000028660,15,2,2020,14:45:00,1,13,13204,2,1,1,-1,"FLAMMARION (BOULEVARD)","43,3062360","5,3939880",202000028660,154 691 847,B01,2,1,1,2,3,1,5,NULL,202000028660,154 691 848,A01,2,2,1,2,1963,5,1,8,-1,0,0,-1,202000028660,4,"FLAMMARION (BOULEVARD)",0,NULL,2,2,0,2,0,0,1,NULL," -1",1,0,1,50
202000032842,4,9,2020,09:30:00,1,2A,2A348,1,1,1,2,D70,"42,1518407","8,7554132",202000032842,154 684 722,B01,1,1,0,2,4,2,5,NULL,202000032842,154 684 722,B01,1,1,3,1,1951,5,2,-1,-1,0,0,-1,202000032842,3,70,0,NULL,2,2,0,3,8,100,4,NULL," -1",1,0,1,80
202000032842,4,9,2020,09:30:00,1,2A,2A348,1,1,1,2,D70,"42,1518407","8,7554132",202000032842,154 684 722,B01,1,1,0,2,4,2,5,NULL,202000032842,154 684 723,A01,1,1,1,1,1998,1,1,-1,-1,0,0,-1,202000032842,3,70,0,NULL,2,2,0,3,8,100,4,NULL," -1",1,0,1,80
202000033319,29,9,2020,07:55:00,1,75,75111,2,1,2,3,"AVENUE PHILIPPE AUGUSTE","48,8503280","2,3947380",202000033319,154 683 876,B01,1,1,0,2,3,1,5,NULL,202000033319,154 683 873,A01,1,1,1,1,1975,1,1,0,-1,0,0,-1,202000033319,4,NULL,0,NULL,2,2,0,1,0,0,1,NULL," -1",2,0,1,30
202000033319,29,9,2020,07:55:00,1,75,75111,2,1,2,3,"AVENUE PHILIPPE AUGUSTE","48,8503280","2,3947380",202000033319,154 683 876,B01,1,1,0,2,3,1,5,NULL,202000033319,154 683 876,B01,1,1,4,1,2004,2,8,0,-1,0,0,-1,202000033319,4,NULL,0,NULL,2,2,0,1,0,0,1,NULL," -1",2,0,1,30
202000036075,1,7,2020,09:38:00,1,49,49007,2,1,1,3,LARREY,"47,4793000"," -0,5556000",202000036075,154 678 978,B01,1,1,0,2,0,0,5,NULL,202000036075,154 678 978,B01,1,1,4,1,1977,0,8,0,-1,-1," -1",-1,202000036075,4,LARREY,0,NULL,2,2,0,1,0,0,1,NULL," -1",1,0,1,60
202000036075,1,7,2020,09:38:00,1,49,49007,2,1,1,3,LARREY,"47,4793000"," -0,5556000",202000036075,154 678 978,B01,1,1,0,2,0,0,5,NULL,202000036075,154 678 979,A01,1,1,1,1,1998,0,1,8,-1,-1," -1",-1,202000036075,4,LARREY,0,NULL,2,2,0,1,0,0,1,NULL," -1",1,0,1,60
202000037501,23,10,2020,20:20:00,5,59,59527,2,3,1,3,"CARNOT SADI RUE","50,6652000","3,0596800",202000037501,154 676 457,A01,3,1,0,2,1,9,6,NULL,202000037501,154 676 457,A01,1,1,4,1,1987,4,2,0,-1,-1," -1",-1,202000037501,7,48,0,NULL,2,2,0,1,(1),(1),1,NULL," -1",1,0,1,50
202000037501,23,10,2020,20:20:00,5,59,59527,2,3,1,3,"CARNOT SADI RUE","50,6652000","3,0596800",202000037501,154 676 457,A01,3,1,0,2,1,9,6,NULL,202000037501,154 676 458,B01,1,1,1,1,1986,4,1,0,-1,-1," -1",-1,202000037501,7,48,0,NULL,2,2,0,1,(1),(1),1,NULL," -1",1,0,1,50
202000037511,29,7,2020,21:20:00,1,69,69386,2,2,1,3,"GARIBALDI                           (R )","45,7693000","4,8504000",202000037511,154 676 442,B01,1,1,0,2,1,1,5,NULL,202000037511,154 676 442,B01,1,1,4,2,1994,5,2,8,-1,-1," -1",-1,202000037511,4,"GARIBALDI                           (R )",0,NULL,1,1,0,1,0,0,1,NULL," -1",1,8,1,50
202000037511,29,7,2020,21:20:00,1,69,69386,2,2,1,3,"GARIBALDI                           (R )","45,7693000","4,8504000",202000037511,154 676 441,A01,2,1,0,2,2,1,5,NULL,202000037511,154 676 442,B01,1,1,4,2,1994,5,2,8,-1,-1," -1",-1,202000037511,4,"GARIBALDI                           (R )",0,NULL,1,1,0,1,0,0,1,NULL," -1",1,8,1,50
202000040627,7,12,2020,07:40:00,3,76,76678,1,1,5,3,D915,"49,6362730","1,4476100",202000040627,154 670 954,B01,1,1,0,0,8,1,5,NULL,202000040627,154 670 954,B01,1,1,4,2,1958,1,4,-1,-1,0,0,-1,202000040627,3,915,-1,NULL,2,2,0,1,37,500,1,NULL," -1",2,0,1,80
202000041358,25,7,2020,21:15:00,1,31,31555,1,1,1,3,"CHE DES ETROITS","43,5677000","1,4397300",202000041358,154 669 662,B01,2,1,0,2,7,14,5,NULL,202000041358,154 669 661,A01,1,1,1,1,1998,9,1,8,-1,-1," -1",-1,202000041358,3,4,0,NULL,2,2,0,1,31,23,1,NULL," -1",1,0,1,50
202000041358,25,7,2020,21:15:00,1,31,31555,1,1,1,3,"CHE DES ETROITS","43,5677000","1,4397300",202000041358,154 669 662,B01,2,1,0,2,7,14,5,NULL,202000041358,154 669 662,B01,1,1,4,2,1999,5,2,0,-1,-1," -1",-1,202000041358,3,4,0,NULL,2,2,0,1,31,23,1,NULL," -1",1,0,1,50
202000041642,30,6,2020,10:00:00,1,89,89309,2,9,1,3,"Rue des Renardiéres","48,2937458","3,1952874",202000041642,154 669 153,B01,3,1,0,2,1,1,6,NULL,202000041642,154 669 152,A01,1,1,1,1,1986,5,1,-1,-1,0,0,-1,202000041642,4,NULL,0,NULL,2,2,0,2,(1),(1),1,NULL," -1",1,0,5,50
202000041642,30,6,2020,10:00:00,1,89,89309,2,9,1,3,"Rue des Renardiéres","48,2937458","3,1952874",202000041642,154 669 153,B01,3,1,0,2,1,1,6,NULL,202000041642,154 669 153,B01,1,1,4,1,1969,5,0,-1,-1,0,0,-1,202000041642,4,NULL,0,NULL,2,2,0,2,(1),(1),1,NULL," -1",1,0,5,50
202000041908,22,10,2020,15:20:00,1,88,88209,2,6,1,3,"FORT (RUE DU)","48,2048700","6,4267900",202000041908,154 668 688,B01,3,1,0,2,7,9,6,NULL,202000041908,154 668 688,B01,1,1,4,1,2006,5,8,0,-1,-1," -1",-1,202000041908,4,"FORT (RUE DU)",0,NULL,2,2,0,1,0,0,1,NULL," -1",1,0,1,50
202000041908,22,10,2020,15:20:00,1,88,88209,2,6,1,3,"FORT (RUE DU)","48,2048700","6,4267900",202000041908,154 668 688,B01,3,1,0,2,7,9,6,NULL,202000041908,154 668 689,A01,1,1,1,1,1974,5,1,0,-1,-1," -1",-1,202000041908,4,"FORT (RUE DU)",0,NULL,2,2,0,1,0,0,1,NULL," -1",1,0,1,50
202000043189,27,6,2020,14:58:00,1,10,10387,2,1,1,3,"GIRARDON (RUE)","48,3011000","4,0798000",202000043189,154 666 343,B01,1,1,1,0,2,1,5,NULL,202000043189,154 666 343,B01,1,1,3,1,1983,1,8,0,-1,-1," -1",-1,202000043189,4,"GIRARDON (RUE)",0,NULL,1,1,0,1,0,0,1,NULL," -1",1,0,1,30
202000043189,27,6,2020,14:58:00,1,10,10387,2,1,1,3,"GIRARDON (RUE)","48,3011000","4,0798000",202000043189,154 666 343,B01,1,1,1,0,2,1,5,NULL,202000043189,154 666 344,A01,1,1,1,1,1980,5,1,0,-1,-1," -1",-1,202000043189,4,"GIRARDON (RUE)",0,NULL,1,1,0,1,0,0,1,NULL," -1",1,0,1,30
202000043199,27,6,2020,09:00:00,1,75,75110,2,1,1,3,"PLACE DE LA REPUBLIQUE","48,8681323","2,3637276",202000043199,154 666 324,B01,2,1,0,2,0,13,5,NULL,202000043199,154 666 324,B01,1,1,4,1,1988,1,8,0,-1,0,0,-1,202000043199,4,NULL,0,NULL,2,2,3,1,0,0,1,NULL," -1",1,-1,6,30
202000043199,27,6,2020,09:00:00,1,75,75110,2,1,1,3,"PLACE DE LA REPUBLIQUE","48,8681323","2,3637276",202000043199,154 666 324,B01,2,1,0,2,0,13,5,NULL,202000043199,154 666 325,A01,1,1,1,1,1992,4,1,0,-1,0,0,-1,202000043199,4,NULL,0,NULL,2,2,3,1,0,0,1,NULL," -1",1,-1,6,30
202000044346,26,6,2020,10:30:00,1,75,75118,2,2,2,3,"RUE ORDENER","48,8924040","2,3450000",202000044346,154 664 287,B01,1,1,0,2,3,1,5,NULL,202000044346,154 664 287,B01,1,1,4,2,1982,1,8,0,-1,0,0,-1,202000044346,4,NULL,0,NULL,2,2,0,1,0,0,1,NULL," -1",2,0,1,50
202000044346,26,6,2020,10:30:00,1,75,75118,2,2,2,3,"RUE ORDENER","48,8924040","2,3450000",202000044346,154 664 287,B01,1,1,0,2,3,1,5,NULL,202000044346,154 664 288,A01,1,1,1,1,1986,4,1,0,-1,-1,0,-1,202000044346,4,NULL,0,NULL,2,2,0,1,0,0,1,NULL," -1",2,0,1,50
202000045968,21,9,2020,14:22:00,1,92,92002,2,3,1,3,"BONE (RUE DE)","48,7474984","2,3037969",202000045968,154 661 484,B01,1,1,0,2,7,26,5,NULL,202000045968,154 661 483,A01,1,1,1,1,1977,0,1,0,-1,-1," -1",-1,202000045968,3,920,0,NULL,2,4,1,2,0,0,1,NULL," -1",1,0,5,50
202000045968,21,9,2020,14:22:00,1,92,92002,2,3,1,3,"BONE (RUE DE)","48,7474984","2,3037969",202000045968,154 661 484,B01,1,1,0,2,7,26,5,NULL,202000045968,154 661 484,B01,1,1,4,1,1944,5,8,0,-1,-1," -1",-1,202000045968,3,920,0,NULL,2,4,1,2,0,0,1,NULL," -1",1,0,5,50
202000046248,25,6,2020,18:40:00,1,75,75110,2,2,1,3,"RUE DE DUNKERQUE","48,8807990","2,3512030",202000046248,154 660 970,A01,1,1,0,2,1,5,5,NULL,202000046248,154 660 969,B01,1,1,1,1,1970,4,1,0,-1,0,0,-1,202000046248,4,NULL,0,NULL,1,2,0,1,0,0,1,NULL," -1",1,0,1,50
202000046248,25,6,2020,18:40:00,1,75,75110,2,2,1,3,"RUE DE DUNKERQUE","48,8807990","2,3512030",202000046248,154 660 970,A01,1,1,0,2,1,5,5,NULL,202000046248,154 660 970,A01,1,1,4,2,1964,1,8,0,-1,0,0,-1,202000046248,4,NULL,0,NULL,1,2,0,1,0,0,1,NULL," -1",1,0,1,50
202000006547,26,11,2020,15:50:00,1,75,75119,2,3,1,3,"AVENUE JEAN JAURES","48,8851750","2,3793690",202000006547,154 730 732,Z01,2,1,0,2,3,16,5,NULL,202000006547,154 730 731,A01,1,1,4,1,2001,9,2,0,-1,0,0,-1,202000006547,4,NULL,0,NULL,2,4,0,1,0,0,1,NULL," -1",1,0,1,50
202000008489,23,11,2020,12:00:00,1,51,51454,2,6,2,3,"Place d'Estournelles de Constant","49,2323469","4,0332478",202000008489,154 727 322,B01,1,1,0,2,2,1,5,NULL,202000008489,154 727 321,A01,1,1,1,2,1954,0,1,-1,-1,-1," -1",-1,202000008489,4,NULL,0,NULL,2,2,0,1,(1),(1),1,NULL," -1",2,0,1,50
202000008489,23,11,2020,12:00:00,1,51,51454,2,6,2,3,"Place d'Estournelles de Constant","49,2323469","4,0332478",202000008489,154 727 322,B01,1,1,0,2,2,1,5,NULL,202000008489,154 727 322,B01,1,1,4,1,2002,0,8,-1,-1,-1," -1",-1,202000008489,4,NULL,0,NULL,2,2,0,1,(1),(1),1,NULL," -1",2,0,1,50
202000010986,28,1,2020,13:00:00,1,75,75104,2,2,1,3,"BOULEVARD DE SEBASTOPOL","48,8606120","2,3494040",202000010986,154 722 954,B01,1,1,0,2,8,1,5,NULL,202000010986,154 722 953,A01,1,1,1,1,1989,5,8,0,-1,0,0,-1,202000010986,4,NULL,0,NULL,1,2,1,1,0,0,1,NULL,4,1,-1,5,50
202000010986,28,1,2020,13:00:00,1,75,75104,2,2,1,3,"BOULEVARD DE SEBASTOPOL","48,8606120","2,3494040",202000010986,154 722 954,B01,1,1,0,2,8,1,5,NULL,202000010986,154 722 954,B01,1,1,4,1,1979,1,8,0,-1,0,0,-1,202000010986,4,NULL,0,NULL,1,2,1,1,0,0,1,NULL,4,1,-1,5,50
202000011379,14,9,2020,12:20:00,1,92,92012,2,9,1,3,"JEAN BAPTISTE CLEMENT (AVENUE) 49/FIN -","48,8456950","2,2366090",202000011379,154 722 231,B01,1,1,0,2,1,1,6,NULL,202000011379,154 722 230,A01,1,1,1,1,1950,5,8,0,-1,-1," -1",-1,202000011379,3,103,0,NULL,2,2,0,1,0,0,1,NULL," -1",1,9,1,50
202000011379,14,9,2020,12:20:00,1,92,92012,2,9,1,3,"JEAN BAPTISTE CLEMENT (AVENUE) 49/FIN -","48,8456950","2,2366090",202000011379,154 722 231,B01,1,1,0,2,1,1,6,NULL,202000011379,154 722 231,B01,1,1,4,1,2000,2,8,0,-1,-1," -1",-1,202000011379,3,103,0,NULL,2,2,0,1,0,0,1,NULL," -1",1,9,1,50
202000013349,15,7,2020,18:39:00,1,51,51454,2,1,1,7,"Place du Forum","49,2562440","4,0336432",202000013349,154 718 813,A01,3,1,0,1,1,1,5,NULL,202000013349,154 718 813,A01,10,3,4,2,1997,9,0,-1,-1,2,3,1,202000013349,4,NULL,0,NULL,2,2,1,1,(1),(1),1,NULL," -1",1,0,5,30
202000013349,15,7,2020,18:39:00,1,51,51454,2,1,1,7,"Place du Forum","49,2562440","4,0336432",202000013349,154 718 813,A01,3,1,0,1,1,1,5,NULL,202000013349,154 718 813,A01,1,1,1,1,1994,0,8,-1,-1,-1," -1",-1,202000013349,4,NULL,0,NULL,2,2,1,1,(1),(1),1,NULL," -1",1,0,5,30
202000014703,25,1,2020,11:15:00,1,69,69117,2,1,1,3,"route de Chasselay - au niveau du numéro 3","45,8711914","4,7459811",202000014703,154 716 506,B01,0,1,0,2,1,1,5,NULL,202000014703,154 716 505,A01,1,1,1,1,1980,5,1,-1,-1,0,0,-1,202000014703,3,16,-1,NULL,2,2,0,1,(1),(1),1,NULL,"5,5",1,0,1,50
202000014703,25,1,2020,11:15:00,1,69,69117,2,1,1,3,"route de Chasselay - au niveau du numéro 3","45,8711914","4,7459811",202000014703,154 716 506,B01,0,1,0,2,1,1,5,NULL,202000014703,154 716 506,B01,1,1,4,1,1970,5,2,-1,-1,0,0,-1,202000014703,3,16,-1,NULL,2,2,0,1,(1),(1),1,NULL,"5,5",1,0,1,50
202000015259,12,9,2020,14:30:00,1,75,75112,2,1,1,4,"AVENUE DAUMESNIL","48,8361270","2,4050560",202000015259,154 715 451,C01,1,1,0,2,3,1,5,NULL,202000015259,154 715 449,A01,1,1,4,1,1973,5,2,6,-1,0,0,-1,202000015259,4,NULL,0,NULL,2,3,0,1,0,0,1,NULL," -1",1,0,1,50
202000015259,12,9,2020,14:30:00,1,75,75112,2,1,1,4,"AVENUE DAUMESNIL","48,8361270","2,4050560",202000015259,154 715 451,C01,1,1,0,2,3,1,5,NULL,202000015259,154 715 450,B01,3,2,1,2,2017,5,3,0,-1,0,0,-1,202000015259,4,NULL,0,NULL,2,3,0,1,0,0,1,NULL," -1",1,0,1,50
202000015259,12,9,2020,14:30:00,1,75,75112,2,1,1,4,"AVENUE DAUMESNIL","48,8361270","2,4050560",202000015259,154 715 451,C01,1,1,0,2,3,1,5,NULL,202000015259,154 715 450,B01,1,1,1,1,1988,5,1,0,-1,0,0,-1,202000015259,4,NULL,0,NULL,2,3,0,1,0,0,1,NULL," -1",1,0,1,50