Num_Acc,jour,mois,an,hrmn,lum,dep,com,agg,int,atm,col,adr,lat,long,Num_Acc,id_vehicule,num_veh,senc,catv,obs,obsm,choc,manv,motor,occutc,Num_Acc,id_vehicule,num_veh,place,catu,grav,sexe,an_nais,trajet,secu1,secu2,secu3,locp,actp,etatp,Num_Acc,catr,voie,v1,v2,circ,nbv,vosp,prof,pr,pr1,plan,lartpc,larrout,surf,infra,situ,vma
202000015259,12,9,2020,14:30:00,1,75,75112,2,1,1,4,"AVENUE DAUMESNIL","48,8361270","2,4050560",202000015259,154 715 451,C01,1,1,0,2,3,1,5,NULL,202000015259,154 715 451,C01,1,1,4,1,2000,4,8,0,-1,0,0,-1,202000015259,4,NULL,0,NULL,2,3,0,1,0,0,1,NULL," -1",1,0,1,50
202000015665,13,8,2020,21:00:00,2,33,33063,2,2,1,3,"RUE LEYTEIRE","44,8308690"," -0,5698170",202000015665,154 714 738,A01,1,1,0,2,1,1,5,NULL,202000015665,154 714 737,B01,1,1,1,1,1997,0,1,-1,-1,-1," -1",-1,202000015665,4,"RUE LEYTEIRE",0,NULL,1,1,0,1,(1),(1),1,NULL," -1",2,0,1,50
202000015665,13,8,2020,21:00:00,2,33,33063,2,2,1,3,"RUE LEYTEIRE","44,8308690"," -0,5698170",202000015665,154 714 738,A01,1,1,0,2,1,1,5,NULL,202000015665,154 714 738,A01,1,1,4,1,1980,0,8,-1,-1,-1," -1",-1,202000015665,4,"RUE LEYTEIRE",0,NULL,1,1,0,1,(1),(1),1,NULL," -1",2,0,1,50
202000016470,5,5,2020,18:50:00,2,973,97307,1,1,8,2,"RN 4 - route de l'aéroport Félix Éboué","4,8262710"," -52,3617840",202000016470,154 713 280,B01,1,1,0,0,4,2,0,NULL,202000016470,154 713 279,A01,1,1,1,1,1997,1,0,-1,-1,0,0,-1,202000016470,3,0025,-1,NULL,2,2,0,1,1,0,1,NULL," -1",1,0,1,70
202000016470,5,5,2020,18:50:00,2,973,97307,1,1,8,2,"RN 4 - route de l'aéroport Félix Éboué","4,8262710"," -52,3617840",202000016470,154 713 280,B01,1,1,0,0,4,2,0,NULL,202000016470,154 713 280,B01,1,1,3,2,1982,5,0,-1,-1,0,0,-1,202000016470,3,0025,-1,NULL,2,2,0,1,1,0,1,NULL," -1",1,0,1,70
202000016871,13,7,2020,20:00:00,1,75,75104,2,2,1,3,"QUAI DES CELESTINS","48,8533190","2,3578170",202000016871,154 712 571,B01,1,1,0,2,3,15,5,NULL,202000016871,154 712 571,B01,1,1,4,1,2000,9,8,0,-1,0,0,-1,202000016871,4,NULL,0,NULL,2,5,1,2,0,0,1,NULL," -1",1,0,1,50
202000016871,13,7,2020,20:00:00,1,75,75104,2,2,1,3,"QUAI DES CELESTINS","48,8533190","2,3578170",202000016871,154 712 571,B01,1,1,0,2,3,15,5,NULL,202000016871,154 712 572,A01,1,1,1,1,1961,9,2,6,-1,0,0,-1,202000016871,4,NULL,0,NULL,2,5,1,2,0,0,1,NULL," -1",1,0,1,50
202000017577,13,8,2020,05:00:00,2,25,25512,1,1,1,1,"LES ALLEMANDS","47,1513770","6,6972400",202000017577,154 711 310,B01,0,1,0,2,1,1,5,NULL,202000017577,154 711 310,B01,1,1,3,2,1983,5,0,-1,-1,0,0,-1,202000017577,4,NULL,0,NULL,2,2,0,1,(1),(1),1,NULL," -1",1,0,1,80
202000017577,13,8,2020,05:00:00,2,25,25512,1,1,1,1,"LES ALLEMANDS","47,1513770","6,6972400",202000017577,154 711 310,B01,0,1,0,2,1,1,5,NULL,202000017577,154 711 311,A01,1,1,1,1,1990,5,1,-1,-1,0,0,-1,202000017577,4,NULL,0,NULL,2,2,0,1,(1),(1),1,NULL," -1",1,0,1,80
202000017781,11,8,2020,13:40:00,1,75,75109,2,4,7,7,"RUE NOTRE DAME DE LORETTE","48,8789890","2,3368380",202000017781,154 710 934,A01,2,1,0,0,0,15,5,NULL,202000017781,154 710 934,A01,1,1,4,2,1956,5,2,0,-1,0,0,-1,202000017781,4,NULL,0,NULL,2,2,0,2,0,0,1,NULL," -1",1,0,1,50
202000017955,23,12,2020,11:15:00,1,31,31225,1,3,1,3,"D 40","43,2016450","1,1739760",202000017955,154 710 644,B01,1,1,0,2,1,15,5,NULL,202000017955,154 710 644,B01,1,1,3,1,1946,5,0,-1,-1,0,0,-1,202000017955,3,40,-1,NULL,2,2,0,1,6,953,1,NULL," -1",1,0,1,80
202000017955,23,12,2020,11:15:00,1,31,31225,1,3,1,3,"D 40","43,2016450","1,1739760",202000017955,154 710 644,B01,1,1,0,2,1,15,5,NULL,202000017955,154 710 645,A01,1,1,1,2,1949,3,1,-1,-1,0,0,-1,202000017955,3,40,-1,NULL,2,2,0,1,6,953,1,NULL," -1",1,0,1,80
202000019749,11,9,2020,18:15:00,1,29,29247,1,1,1,3,"24 Route de la Véronique","47,9486650"," -3,9971630",202000019749,154 707 464,B01,1,1,0,2,8,15,5,NULL,202000019749,154 707 463,A01,1,1,1,1,2005,5,2,6,-1,0,0,-1,202000019749,4,"Route de la Véronique",-1,NULL,2,2,0,1,(1),(1),1,NULL," -1",1,0,1,80
202000019749,11,9,2020,18:15:00,1,29,29247,1,1,1,3,"24 Route de la Véronique","47,9486650"," -3,9971630",202000019749,154 707 464,B01,1,1,0,2,8,15,5,NULL,202000019749,154 707 464,B01,1,1,3,1,2007,5,2,9,-1,0,0,-1,202000019749,4,"Route de la Véronique",-1,NULL,2,2,0,1,(1),(1),1,NULL," -1",1,0,1,80
202000020839,21,2,2020,01:19:00,5,75,75118,2,1,1,3,"BOULEVARD ORNANO","48,8968450","2,3453090",202000020839,154 705 559,A01,1,1,16,2,6,13,5,NULL,202000020839,154 705 558,B01,1,1,1,1,1968,4,1,0,-1,0,0,-1,202000020839,4,NULL,0,NULL,2,2,3,1,76,0,1,NULL," -1",1,-1,6,50
202000020839,21,2,2020,01:19:00,5,75,75118,2,1,1,3,"BOULEVARD ORNANO","48,8968450","2,3453090",202000020839,154 705 559,A01,1,1,16,2,6,13,5,NULL,202000020839,154 705 559,A01,1,1,4,1,1987,5,8,0,-1,0,0,-1,202000020839,4,NULL,0,NULL,2,2,3,1,76,0,1,NULL," -1",1,-1,6,50
202000021112,9,9,2020,16:00:00,1,93,93048,2,1,1,2,"ROUGET DE L'ISLE (BOULEVARD)","48,8590974","2,4379793",202000021112,154 705 061,B01,-1,1,0,9,4,26,5,NULL,202000021112,154 705 060,A01,1,1,1,1,1946,0,1,0,-1,-1," -1",-1,202000021112,3,902,0,NULL,-1,2,0,1,0,1,1,NULL," -1",1,0,1,30
202000021112,9,9,2020,16:00:00,1,93,93048,2,1,1,2,"ROUGET DE L'ISLE (BOULEVARD)","48,8590974","2,4379793",202000021112,154 705 061,B01,-1,1,0,9,4,26,5,NULL,202000021112,154 705 061,B01,1,1,4,2,2012,5,0,-1,-1,0,0,-1,202000021112,3,902,0,NULL,-1,2,0,1,0,1,1,NULL," -1",1,0,1,30
202000021484,25,7,2020,20:05:00,1,10,10114,2,1,1,3,"chemin du haut villiers","48,5101510","3,6325850",202000021484,154 704 401,B01,3,1,0,2,6,16,0,NULL,202000021484,154 704 400,A01,1,1,1,2,1985,1,8,-1,-1,0,0,-1,202000021484,4,NULL,-1,NULL,2,2,0,1,(1),(1),1,NULL," -1",1,0,3,30
202000021484,25,7,2020,20:05:00,1,10,10114,2,1,1,3,"chemin du haut villiers","48,5101510","3,6325850",202000021484,154 704 401,B01,3,1,0,2,6,16,0,NULL,202000021484,154 704 401,B01,1,1,3,1,2009,5,2,-1,-1,0,0,-1,202000021484,4,NULL,-1,NULL,2,2,0,1,(1),(1),1,NULL," -1",1,0,3,30
202000022531,9,7,2020,19:00:00,1,75,75113,2,2,1,3,"AVENUE D ITALIE","48,8222070","2,3585230",202000022531,154 702 592,A01,2,1,0,2,1,1,5,NULL,202000022531,154 702 592,A01,1,1,4,1,1966,5,2,0,-1,0,0,-1,202000022531,4,NULL,0,NULL,2,4,0,1,0,0,1,NULL," -1",1,0,1,50
202000022531,9,7,2020,19:00:00,1,75,75113,2,2,1,3,"AVENUE D ITALIE","48,8222070","2,3585230",202000022531,154 702 592,A01,2,1,0,2,1,1,5,NULL,202000022531,154 702 593,B01,1,1,1,1,1993,5,1,0,-1,0,0,-1,202000022531,4,NULL,0,NULL,2,4,0,1,0,0,1,NULL," -1",1,0,1,50
202000024347,17,1,2020,18:30:00,5,75,75109,2,2,1,6,"BOULEVARD MONTMARTRE","48,8716900","2,3418900",202000024347,154 699 419,Z01,1,1,0,1,1,1,5,NULL,202000024347,154 699 419,Z01,10,3,3,1,1947,5,0,-1,-1,4,3,2,202000024347,4,NULL,0,NULL,2,4,0,1,0,0,1,NULL,12,1,5,1,50
202000025172,5,8,2020,12:30:00,1,49,49007,2,1,1,3,MAIL,"47,4725800"," -0,5574200",202000025172,154 697 929,B01,1,1,0,2,8,1,5,NULL,202000025172,154 697 928,A01,1,1,1,1,1981,1,1,0,-1,-1," -1",-1,202000025172,3,MAIL,0,NULL,1,2,0,1,36,100,1,NULL," -1",1,0,1,10
202000025172,5,8,2020,12:30:00,1,49,49007,2,1,1,3,MAIL,"47,4725800"," -0,5574200",202000025172,154 697 929,B01,1,1,0,2,8,1,5,NULL,202000025172,154 697 929,B01,1,1,4,1,1964,0,2,0,-1,-1," -1",-1,202000025172,3,MAIL,0,NULL,1,2,0,1,36,100,1,NULL," -1",1,0,1,10
202000025267,6,8,2020,17:40:00,1,94,94004,2,2,1,3,"SABLONS (R DES)","48,7630000","2,4997200",202000025267,154 697 768,B01,3,1,0,2,0,0,5,NULL,202000025267,154 697 766,A01,1,1,1,2,1972,1,1,0,-1,-1," -1",-1,202000025267,4,"SABLONS (R DES)",0,NULL,2,2,0,1,0,1,1,NULL," -1",1,5,1,50
202000025267,6,8,2020,17:40:00,1,94,94004,2,2,1,3,"SABLONS (R DES)","48,7630000","2,4997200",202000025267,154 697 768,B01,3,1,0,2,0,0,5,NULL,202000025267,154 697 768,B01,1,1,4,1,1963,1,2,0,-1,-1," -1",-1,202000025267,4,"SABLONS (R DES)",0,NULL,2,2,0,1,0,1,1,NULL," -1",1,5,1,50
202000025607,3,10,2020,12:10:00,1,37,37261,2,2,1,-1,"HALLES (RUE DES)","47,3936839","0,6861343",202000025607,154 697 172,A01,1,1,0,2,4,1,5,NULL,202000025607,154 697 172,A01,1,1,4,1,2001,5,8,0,-1,-1," -1",-1,202000025607,4,NULL,0,NULL,2,2,0,1,(1),(1),1,NULL," -1",1,0,1,50
202000025607,3,10,2020,12:10:00,1,37,37261,2,2,1,-1,"HALLES (RUE DES)","47,3936839","0,6861343",202000025607,154 697 172,A01,1,1,0,2,4,1,5,NULL,202000025607,154 697 173,B01,1,1,1,1,1987,5,1,0,-1,-1," -1",-1,202000025607,4,NULL,0,NULL,2,2,0,1,(1),(1),1,NULL," -1",1,0,1,50
202000027667,3,6,2020,15:00:00,1,05,05061,2,1,1,7,"FOREST D'ENTRAIS ( RUE  DU )","44,5665700","6,0874600",202000027667,154 693 621,A01,2,1,0,0,0,1,5,NULL,202000027667,154 693 621,A01,1,1,3,1,1995,9,8,0,-1,0,0,-1,202000027667,4,"FOREST D'ENTRAIS ( RUE  DU )",0,NULL,2,2,0,2,0,1,1,NULL," -1",1,0,1,50
202000030834,4,9,2020,09:00:00,1,33,33167,2,6,1,2,"AVE DU PDT FRANCOIS MITTERRAND / AVE PIERRE MENDES-FRANCE","44,8430400"," -0,5113600",202000030834,154 688 126,B01,2,1,0,2,4,1,5,NULL,202000030834,154 688 125,A01,1,1,1,1,1972,1,1,-1,-1,-1," -1",-1,202000030834,4,"AVE DU PDT FRANCOIS MITTERRAND",0,NULL,2,4,2,1,(1),(1),2,NULL," -1",1,0,1,50
202000030834,4,9,2020,09:00:00,1,33,33167,2,6,1,2,"AVE DU PDT FRANCOIS MITTERRAND / AVE PIERRE MENDES-FRANCE","44,8430400"," -0,5113600",202000030834,154 688 126,B01,2,1,0,2,4,1,5,NULL,202000030834,154 688 126,B01,1,1,4,1,2009,9,8,-1,-1,-1," -1",-1,202000030834,4,"AVE DU PDT FRANCOIS MITTERRAND",0,NULL,2,4,2,1,(1),(1),2,NULL," -1",1,0,1,50
202000033525,31,5,2020,09:15:00,1,31,31433,2,9,7,3,"Ancienne Route Impériale","43,5184200","1,3957250",202000033525,154 683 505,B01,0,1,0,2,8,1,5,NULL,202000033525,154 683 504,A01,1,1,1,2,1951,5,1,-1,-1,0,0,-1,202000033525,4,NULL,-1,NULL,2,2,0,1,(1),(1),1,NULL," -1",1,0,1,30
202000033525,31,5,2020,09:15:00,1,31,31433,2,9,7,3,"Ancienne Route Impériale","43,5184200","1,3957250",202000033525,154 683 505,B01,0,1,0,2,8,1,5,NULL,202000033525,154 683 505,B01,1,1,3,2,1977,3,0,-1,-1,0,0,-1,202000033525,4,NULL,-1,NULL,2,2,0,1,(1),(1),1,NULL," -1",1,0,1,30
202000034384,16,3,2020,19:34:00,1,974,97416,2,3,1,-1,"EMBERIQUES (IMPASSE)"," -21,2904100","55,4567800",202000034384,154 682 010,B01,2,1,0,2,7,14,5,NULL,202000034384,154 682 009,A01,1,1,1,1,1900,1,1,8,-1,-1," -1",-1,202000034384,4,"EMBERIQUES (IMPASSE)",0,NULL,2,1,0,1,0,0,2,NULL," -1",1,9,1,50
202000034384,16,3,2020,19:34:00,1,974,97416,2,3,1,-1,"EMBERIQUES (IMPASSE)"," -21,2904100","55,4567800",202000034384,154 682 010,B01,2,1,0,2,7,14,5,NULL,202000034384,154 682 010,B01,1,1,3,1,2010,5,8,0,-1,-1," -1",-1,202000034384,4,"EMBERIQUES (IMPASSE)",0,NULL,2,1,0,1,0,0,2,NULL," -1",1,9,1,50
202000034542,2,9,2020,14:15:00,1,75,75109,2,3,1,3,"RUE LAFFITTE","48,8729990","2,3376570",202000034542,154 681 719,B01,2,1,0,2,1,1,0,NULL,202000034542,154 681 719,B01,1,1,4,1,1952,5,8,0,-1,-1," -1",-1,202000034542,4,NULL,0,NULL,1,2,1,1,0,0,1,NULL," -1",1,8,1,50
202000034542,2,9,2020,14:15:00,1,75,75109,2,3,1,3,"RUE LAFFITTE","48,8729990","2,3376570",202000034542,154 681 719,B01,2,1,0,2,1,1,0,NULL,202000034542,154 681 720,A01,1,1,1,1,1939,5,1,0,-1,-1," -1",-1,202000034542,4,NULL,0,NULL,1,2,1,1,0,0,1,NULL," -1",1,8,1,50
202000037055,29,5,2020,20:15:00,1,75,75110,2,2,1,3,"RUE DU FAUBOURG SAINT MARTIN","48,8815943","2,3657459",202000037055,154 677 246,B01,2,1,0,2,1,1,5,NULL,202000037055,154 677 245,A01,1,1,1,1,1993,1,1,0,-1,0,0,-1,202000037055,4,NULL,0,NULL,2,3,-1,1,0,0,1,NULL," -1",1,0,1,50
202000037055,29,5,2020,20:15:00,1,75,75110,2,2,1,3,"RUE DU FAUBOURG SAINT MARTIN","48,8815943","2,3657459",202000037055,154 677 246,B01,2,1,0,2,1,1,5,NULL,202000037055,154 677 246,B01,1,1,4,1,1977,1,8,2,-1,0,0,-1,202000037055,4,NULL,0,NULL,2,3,-1,1,0,0,1,NULL," -1",1,0,1,50
202000038458,5,8,2020,10:30:00,1,24,24442,2,6,1,1,"Rue Bertran de Born","45,1222100","0,4957530",202000038458,154 674 766,A01,3,1,0,2,3,23,5,NULL,202000038458,154 674 765,B01,1,1,1,1,1950,5,1,-1,-1,0,0,-1,202000038458,3,NULL,-1,NULL,1,1,3,2,(1),(1),2,NULL," -1",1,5,1,50
202000038458,5,8,2020,10:30:00,1,24,24442,2,6,1,1,"Rue Bertran de Born","45,1222100","0,4957530",202000038458,154 674 766,A01,3,1,0,2,3,23,5,NULL,202000038458,154 674 766,A01,1,1,4,1,1961,5,2,-1,-1,0,0,-1,202000038458,3,NULL,-1,NULL,1,1,3,2,(1),(1),2,NULL," -1",1,5,1,50
202000041619,29,6,2020,10:55:00,1,93,93053,2,9,1,3,"JEAN JAURES (RUE)","48,8916240","2,4546938",202000041619,154 669 190,A01,1,1,1,2,8,3,5,NULL,202000041619,154 669 189,DB01,10,3,4,2,1987,1,0,-1,-1,6,9,1,202000041619,3,117,0,NULL,1,1,0,2,0,1,1,NULL," -1",1,0,3,30
202000041619,29,6,2020,10:55:00,1,93,93053,2,9,1,3,"JEAN JAURES (RUE)","48,8916240","2,4546938",202000041619,154 669 190,A01,1,1,1,2,8,3,5,NULL,202000041619,154 669 190,A01,1,1,1,1,1971,3,2,0,-1,-1," -1",-1,202000041619,3,117,0,NULL,1,1,0,2,0,1,1,NULL," -1",1,0,3,30
202000042195,3,3,2020,15:00:00,1,22,22278,2,6,2,3,"WALDECK-ROUSSEAU (BD ET PT)","48,5102170"," -2,7569490",202000042195,154 668 154,B01,1,1,0,2,4,1,5,NULL,202000042195,154 668 153,A01,1,1,1,2,1988,0,8,0,-1,0,0,-1,202000042195,4,"WALDECK-ROUSSEAU (BD ET PT)",0,NULL,2,2,0,1,0,0,2,NULL," -1",2,0,1,50
202000042195,3,3,2020,15:00:00,1,22,22278,2,6,2,3,"WALDECK-ROUSSEAU (BD ET PT)","48,5102170"," -2,7569490",202000042195,154 668 154,B01,1,1,0,2,4,1,5,NULL,202000042195,154 668 154,B01,1,1,4,2,1964,1,2,4,-1,0,0,-1,202000042195,4,"WALDECK-ROUSSEAU (BD ET PT)",0,NULL,2,2,0,1,0,0,2,NULL," -1",2,0,1,50
202000042631,28,7,2020,14:15:00,1,85,85222,1,2,1,3,"Rue du Pont Jaunay","46,6746370"," -1,9139280",202000042631,154 667 368,A01,0,1,0,2,2,19,5,NULL,202000042631,154 667 368,A01,1,1,3,1,1979,0,0,-1,-1,0,0,-1,202000042631,4,NULL,-1,NULL,2,2,0,1,(1),(1),1,NULL," -1",1,0,1,80
202000042631,28,7,2020,14:15:00,1,85,85222,1,2,1,3,"Rue du Pont Jaunay","46,6746370"," -1,9139280",202000042631,154 667 368,A01,0,1,0,2,2,19,5,NULL,202000042631,154 667 371,B01,1,1,1,2,1985,1,1,-1,-1,0,0,-1,202000042631,4,NULL,-1,NULL,2,2,0,1,(1),(1),1,NULL," -1",1,0,1,80
202000043045,6,2,2020,15:38:00,1,75,75119,2,1,1,6,"AVENUE DE FLANDRE","48,8849310","2,3695220",202000043045,154 666 608,A01,1,1,0,1,1,1,5,NULL,202000043045,154 666 608,A01,1,1,1,1,1995,9,2,0,-1,0,0,-1,202000043045,4,NULL,0,NULL,1,3,1,1,13,0,1,NULL," -1",1,-1,5,50
202000043045,6,2,2020,15:38:00,1,75,75119,2,1,1,6,"AVENUE DE FLANDRE","48,8849310","2,3695220",202000043045,154 666 608,A01,1,1,0,1,1,1,5,NULL,202000043045,154 666 608,A01,10,3,4,2,1963,9,8,8,-1,2,3,1,202000043045,4,NULL,0,NULL,1,3,1,1,13,0,1,NULL," -1",1,-1,5,50
202000044098,10,3,2020,20:10:00,5,75,75103,2,2,1,6,"RUE SAINT MARTIN","48,8616480","2,3516550",202000044098,154 664 747,Z01,2,1,0,1,1,1,5,NULL,202000044098,154 664 747,Z01,10,3,4,2,1958,5,8,8,-1,3,3,1,202000044098,4,NULL,0,NULL,1,2,0,1,0,0,1,NULL," -1",1,6,1,50
202000044431,2,6,2020,21:20:00,2,49,49214,1,1,1,3,"Chemin de l'Epine","47,5512140"," -0,6041880",202000044431,154 664 132,B01,-1,1,0,2,1,1,0,NULL,202000044431,154 664 132,B01,1,1,3,1,2008,5,0,-1,-1,0,0,-1,202000044431,3,768,0,D,2,2,1,1,(1),(1),1,NULL,7,1,0,1,80
202000044431,2,6,2020,21:20:00,2,49,49214,1,1,1,3,"Chemin de l'Epine","47,5512140"," -0,6041880",202000044431,154 664 132,B01,-1,1,0,2,1,1,0,NULL,202000044431,154 664 133,A01,1,1,1,1,1999,9,1,-1,-1,0,0,-1,202000044431,3,768,0,D,2,2,1,1,(1),(1),1,NULL,7,1,0,1,80
202000047193,1,2,2020,22:10:00,5,85,85194,2,1,2,2,"Avenue de Talmont","46,4833800"," -1,7241500",202000047193,154 659 326,B01,2,1,0,2,4,1,5,NULL,202000047193,154 659 325,A01,1,1,1,1,1987,5,1,0,-1,0,0,-1,202000047193,3,NULL,0,NULL,2,2,0,2,(1),(1),1,NULL," -1",2,0,1,50
202000047193,1,2,2020,22:10:00,5,85,85194,2,1,2,2,"Avenue de Talmont","46,4833800"," -1,7241500",202000047193,154 659 326,B01,2,1,0,2,4,1,5,NULL,202000047193,154 659 326,B01,1,1,4,1,1976,5,8,0,-1,0,0,-1,202000047193,3,NULL,0,NULL,2,2,0,2,(1),(1),1,NULL," -1",2,0,1,50
202000007073,27,2,2020,16:05:00,1,73,73065,2,2,2,3,"CHEVALIERS TIREURS (AVENUE DES)","45,5759100","5,9069200",202000007073,154 729 827,B01,2,1,0,2,3,18,5,NULL,202000007073,154 729 827,B01,1,1,4,1,1998,5,8,0,-1,-1," -1",-1,202000007073,3,1006,0,NULL,3,4,0,1,37,680,1,NULL," -1",2,5,1,50
202000007073,27,2,2020,16:05:00,1,73,73065,2,2,2,3,"CHEVALIERS TIREURS (AVENUE DES)","45,5759100","5,9069200",202000007073,154 729 827,B01,2,1,0,2,3,18,5,NULL,202000007073,154 729 828,A01,1,1,1,1,1987,4,1,0,-1,-1," -1",-1,202000007073,3,1006,0,NULL,3,4,0,1,37,680,1,NULL," -1",2,5,1,50
202000007167,16,9,2020,14:40:00,1,38,38185,2,2,1,2,"Rue du 19 Mars 1962","45,1893400","5,7421500",202000007167,154 729 656,B01,3,1,0,2,1,2,5,NULL,202000007167,154 729 655,A01,1,1,1,1,1978,0,8,0,-1,-1," -1",-1,202000007167,3,1090,0,NULL,2,2,0,1,(1),(1),1,NULL," -1",1,0,5,50
202000007167,16,9,2020,14:40:00,1,38,38185,2,2,1,2,"Rue du 19 Mars 1962","45,1893400","5,7421500",202000007167,154 729 656,B01,3,1,0,2,1,2,5,NULL,202000007167,154 729 656,B01,1,1,4,1,2005,0,8,0,-1,-1," -1",-1,202000007167,3,1090,0,NULL,2,2,0,1,(1),(1),1,NULL," -1",1,0,5,50
202000008011,12,10,2020,17:10:00,1,92,92050,1,1,8,6,"CLEMENCEAU GEORGES AVENUE N°IMPAIR","48,8862820","2,2121380",202000008011,154 728 163,A01,2,1,0,1,1,1,5,NULL,202000008011,154 728 163,A01,1,1,3,1,1977,0,8,0,-1,-1," -1",-1,202000008011,3,913,0,NULL,-1,2,0,2,0,0,1,NULL," -1",1,0,1,50
202000008011,12,10,2020,17:10:00,1,92,92050,1,1,8,6,"CLEMENCEAU GEORGES AVENUE N°IMPAIR","48,8862820","2,2121380",202000008011,154 728 163,A01,2,1,0,1,1,1,5,NULL,202000008011,154 728 163,A01,10,3,4,1,1970,0,0,-1,-1,2,3,1,202000008011,3,913,0,NULL,-1,2,0,2,0,0,1,NULL," -1",1,0,1,50
202000010538,21,11,2020,09:30:00,1,25,25462,2,6,1,3,"MORTEAU DE (DU 0 AU 30)","46,9058900","6,3575000",202000010538,154 723 726,B01,2,1,0,2,1,1,0,NULL,202000010538,154 723 726,B01,1,1,4,1,1937,3,8,6,-1,-1," -1",-1,202000010538,3,437,0,NULL,2,1,0,1,37,400,2,NULL," -1",1,5,1,50
202000010538,21,11,2020,09:30:00,1,25,25462,2,6,1,3,"MORTEAU DE (DU 0 AU 30)","46,9058900","6,3575000",202000010538,154 723 726,B01,2,1,0,2,1,1,0,NULL,202000010538,154 723 727,A01,1,1,1,2,1943,3,1,0,-1,-1," -1",-1,202000010538,3,437,0,NULL,2,1,0,1,37,400,2,NULL," -1",1,5,1,50
202000012015,16,8,2020,00:07:00,5,75,75115,2,1,1,7,"RUE LECOURBE","48,8447080","2,3097650",202000012015,154 721 114,A01,2,1,0,9,1,21,5,NULL,202000012015,154 721 114,A01,1,1,3,1,1998,5,8,0,-1,0,0,-1,202000012015,4,NULL,0,NULL,2,3,1,1,0,0,1,NULL," -1",1,-1,5,30
202000013772,13,8,2020,18:28:00,1,17,17300,2,1,2,-1,"PRUNIER   QUAI LOUIS","46,1530600"," -1,1500000",202000013772,154 718 056,B01,3,1,0,2,1,2,5,NULL,202000013772,154 718 055,A01,1,1,1,2,1994,1,8,0,-1,-1," -1",-1,202000013772,4,"PRUNIER   QUAI LOUIS",0,NULL,2,1,3,1,0,0,1,NULL," -1",2,9,1,30
202000013772,13,8,2020,18:28:00,1,17,17300,2,1,2,-1,"PRUNIER   QUAI LOUIS","46,1530600"," -1,1500000",202000013772,154 718 056,B01,3,1,0,2,1,2,5,NULL,202000013772,154 718 056,B01,1,1,4,2,1962,0,2,0,-1,-1," -1",-1,202000013772,4,"PRUNIER   QUAI LOUIS",0,NULL,2,1,3,1,0,0,1,NULL," -1",2,9,1,30
202000015029,10,7,2020,11:15:00,1,73,73116,1,1,1,6,D926,"45,2313117","6,3054520",202000015029,154 715 883,A01,1,1,13,0,1,1,5,NULL,202000015029,154 715 883,A01,1,1,3,1,1943,5,2,-1,-1,0,0,-1,202000015029,3,926,0,NULL,2,2,0,2,25,700,2,NULL," -1",1,0,3,80
202000016840,13,7,2020,06:55:00,1,33,33281,2,6,7,3,"AVE DE MAGUDAS / AVE DE LA LIBERATION","44,8561610"," -0,6438900",202000016840,154 712 626,B01,2,1,0,2,7,1,5,NULL,202000016840,154 712 625,A01,1,1,1,2,1970,1,1,-1,-1,-1," -1",-1,202000016840,4,"AVE DE MAGUDAS",0,NULL,2,4,2,1,(1),(1),1,NULL," -1",1,0,1,50
202000016840,13,7,2020,06:55:00,1,33,33281,2,6,7,3,"AVE DE MAGUDAS / AVE DE LA LIBERATION","44,8561610"," -0,6438900",202000016840,154 712 626,B01,2,1,0,2,7,1,5,NULL,202000016840,154 712 626,B01,1,1,2,1,1954,5,8,-1,-1,-1," -1",-1,202000016840,4,"AVE DE MAGUDAS",0,NULL,2,4,2,1,(1),(1),1,NULL," -1",1,0,1,50
202000017925,22,12,2020,19:35:00,5,94,94080,2,1,2,3,"FONTENAY (R DE)","48,8480000","2,4403600",202000017925,154 710 689,B01,2,1,1,0,1,1,5,NULL,202000017925,154 710 689,B01,1,1,4,2,1988,0,8,8,-1,0,0,-1,202000017925,3,143,0,NULL,2,2,0,1,0,1,1,NULL," -1",2,0,1,50
202000017925,22,12,2020,19:35:00,5,94,94080,2,1,2,3,"FONTENAY (R DE)","48,8480000","2,4403600",202000017925,154 710 689,B01,2,1,1,0,1,1,5,NULL,202000017925,154 710 690,A01,1,1,1,1,1976,0,8,0,-1,-1," -1",-1,202000017925,3,143,0,NULL,2,2,0,1,0,1,1,NULL," -1",2,0,1,50
202000018576,21,1,2020,22:35:00,5,75,75117,2,2,1,3,"RUE DE COURCELLES","48,8815630","2,3007080",202000018576,154 709 573,A01,2,1,0,2,8,19,5,NULL,202000018576,154 709 573,A01,1,1,4,1,1990,5,8,2,-1,0,0,-1,202000018576,4,"RUE DE COURCELLES",0,NULL,2,4,-1,1,0,0,1,NULL,12,1,0,1,50
202000018576,21,1,2020,22:35:00,5,75,75117,2,2,1,3,"RUE DE COURCELLES","48,8815630","2,3007080",202000018576,154 709 573,A01,2,1,0,2,8,19,5,NULL,202000018576,154 709 574,B01,1,1,4,1,1963,9,2,6,-1,0,0,-1,202000018576,4,"RUE DE COURCELLES",0,NULL,2,4,-1,1,0,0,1,NULL,12,1,0,1,50
202000018775,12,7,2020,11:20:00,1,83,83031,1,1,1,3,"RD558, PR 2+300","43,3796320","6,3619210",202000018775,154 709 225,B01,1,1,0,2,3,21,5,NULL,202000018775,154 709 224,A01,1,1,1,1,2001,5,8,-1,-1,0,0,-1,202000018775,3,558,-1,NULL,2,2,0,1,2,300,1,NULL," -1",1,0,1,80