Num_Acc,jour,mois,an,hrmn,lum,dep,com,agg,int,atm,col,adr,lat,long,Num_Acc,id_vehicule,num_veh,senc,catv,obs,obsm,choc,manv,motor,occutc,Num_Acc,id_vehicule,num_veh,place,catu,grav,sexe,an_nais,trajet,secu1,secu2,secu3,locp,actp,etatp,Num_Acc,catr,voie,v1,v2,circ,nbv,vosp,prof,pr,pr1,plan,lartpc,larrout,surf,infra,situ,vma
202000018775,12,7,2020,11:20:00,1,83,83031,1,1,1,3,"RD558, PR 2+300","43,3796320","6,3619210",202000018775,154 709 225,B01,1,1,0,2,3,21,5,NULL,202000018775,154 709 225,B01,1,1,3,1,1961,5,2,4,-1,0,0,-1,202000018775,3,558,-1,NULL,2,2,0,1,2,300,1,NULL," -1",1,0,1,80
202000019599,7,10,2020,18:20:00,1,75,75109,2,3,1,6,"RUE BERGERE","48,8721950","2,3467190",202000019599,154 707 704,A01,2,1,0,1,1,1,5,NULL,202000019599,154 707 704,A01,1,1,4,2,1980,9,8,0,-1,0,0,-1,202000019599,4,NULL,0,NULL,1,0,2,1,0,0,1,NULL," -1",1,-1,5,50
202000019599,7,10,2020,18:20:00,1,75,75109,2,3,1,6,"RUE BERGERE","48,8721950","2,3467190",202000019599,154 707 704,A01,2,1,0,1,1,1,5,NULL,202000019599,154 707 704,A01,10,3,1,1,1987,9,0,-1,-1,2,3,1,202000019599,4,NULL,0,NULL,1,0,2,1,0,0,1,NULL," -1",1,-1,5,50
202000021409,2,7,2020,18:00:00,1,83,83069,1,1,1,-1,"ALMANARRE (ROUTE DE L')","43,0844000","6,1117400",202000021409,154 704 534,C01,3,1,0,2,0,1,5,NULL,202000021409,154 704 532,A01,1,1,3,2,1970,5,2,4,-1,-1," -1",-1,202000021409,4,"ALMANARRE (ROUTE DE L')",0,NULL,2,2,1,2,0,0,1,NULL," -1",1,0,5,15
202000021409,2,7,2020,18:00:00,1,83,83069,1,1,1,-1,"ALMANARRE (ROUTE DE L')","43,0844000","6,1117400",202000021409,154 704 533,B01,0,1,0,2,1,1,5,NULL,202000021409,154 704 532,A01,1,1,3,2,1970,5,2,4,-1,-1," -1",-1,202000021409,4,"ALMANARRE (ROUTE DE L')",0,NULL,2,2,1,2,0,0,1,NULL," -1",1,0,5,15
202000021409,2,7,2020,18:00:00,1,83,83069,1,1,1,-1,"ALMANARRE (ROUTE DE L')","43,0844000","6,1117400",202000021409,154 704 532,A01,3,1,0,2,1,1,5,NULL,202000021409,154 704 532,A01,1,1,3,2,1970,5,2,4,-1,-1," -1",-1,202000021409,4,"ALMANARRE (ROUTE DE L')",0,NULL,2,2,1,2,0,0,1,NULL," -1",1,0,5,15
202000021409,2,7,2020,18:00:00,1,83,83069,1,1,1,-1,"ALMANARRE (ROUTE DE L')","43,0844000","6,1117400",202000021409,154 704 534,C01,3,1,0,2,0,1,5,NULL,202000021409,154 704 533,B01,1,1,4,1,1961,1,2,0,-1,-1," -1",-1,202000021409,4,"ALMANARRE (ROUTE DE L')",0,NULL,2,2,1,2,0,0,1,NULL," -1",1,0,5,15
202000021409,2,7,2020,18:00:00,1,83,83069,1,1,1,-1,"ALMANARRE (ROUTE DE L')","43,0844000","6,1117400",202000021409,154 704 533,B01,0,1,0,2,1,1,5,NULL,202000021409,154 704 533,B01,1,1,4,1,1961,1,2,0,-1,-1," -1",-1,202000021409,4,"ALMANARRE (ROUTE DE L')",0,NULL,2,2,1,2,0,0,1,NULL," -1",1,0,5,15
202000021409,2,7,2020,18:00:00,1,83,83069,1,1,1,-1,"ALMANARRE (ROUTE DE L')","43,0844000","6,1117400",202000021409,154 704 532,A01,3,1,0,2,1,1,5,NULL,202000021409,154 704 533,B01,1,1,4,1,1961,1,2,0,-1,-1," -1",-1,202000021409,4,"ALMANARRE (ROUTE DE L')",0,NULL,2,2,1,2,0,0,1,NULL," -1",1,0,5,15
202000021409,2,7,2020,18:00:00,1,83,83069,1,1,1,-1,"ALMANARRE (ROUTE DE L')","43,0844000","6,1117400",202000021409,154 704 534,C01,3,1,0,2,0,1,5,NULL,202000021409,154 704 534,C01,1,1,1,2,1998,5,2,0,-1,-1," -1",-1,202000021409,4,"ALMANARRE (ROUTE DE L')",0,NULL,2,2,1,2,0,0,1,NULL," -1",1,0,5,15
202000021409,2,7,2020,18:00:00,1,83,83069,1,1,1,-1,"ALMANARRE (ROUTE DE L')","43,0844000","6,1117400",202000021409,154 704 533,B01,0,1,0,2,1,1,5,NULL,202000021409,154 704 534,C01,1,1,1,2,1998,5,2,0,-1,-1," -1",-1,202000021409,4,"ALMANARRE (ROUTE DE L')",0,NULL,2,2,1,2,0,0,1,NULL," -1",1,0,5,15
202000021409,2,7,2020,18:00:00,1,83,83069,1,1,1,-1,"ALMANARRE (ROUTE DE L')","43,0844000","6,1117400",202000021409,154 704 532,A01,3,1,0,2,1,1,5,NULL,202000021409,154 704 534,C01,1,1,1,2,1998,5,2,0,-1,-1," -1",-1,202000021409,4,"ALMANARRE (ROUTE DE L')",0,NULL,2,2,1,2,0,0,1,NULL," -1",1,0,5,15
202000021958,19,12,2020,15:30:00,1,13,13046,2,1,2,2,"Avenue du 8 Mai 1945","43,4320810","5,5470550",202000021958,154 703 583,B01,0,1,0,2,1,2,5,NULL,202000021958,154 703 582,A01,1,1,1,1,1946,0,1,-1,-1,0,0,-1,202000021958,4,NULL,-1,NULL,2,2,0,2,(1),(1),1,NULL," -1",2,0,1,50
202000021958,19,12,2020,15:30:00,1,13,13046,2,1,2,2,"Avenue du 8 Mai 1945","43,4320810","5,5470550",202000021958,154 703 583,B01,0,1,0,2,1,2,5,NULL,202000021958,154 703 583,B01,1,1,3,1,1969,5,2,-1,-1,0,0,-1,202000021958,4,NULL,-1,NULL,2,2,0,2,(1),(1),1,NULL," -1",2,0,1,50
202000022216,22,4,2020,09:20:00,1,75,75105,2,2,1,3,"BOULEVARD SAINT GERMAIN","48,8494290","2,3544070",202000022216,154 703 124,A01,2,1,0,2,1,1,5,NULL,202000022216,154 703 124,A01,1,1,4,1,1972,5,8,0,-1,0,0,-1,202000022216,4,NULL,0,NULL,1,3,3,1,0,0,1,NULL," -1",1,0,1,50
202000022216,22,4,2020,09:20:00,1,75,75105,2,2,1,3,"BOULEVARD SAINT GERMAIN","48,8494290","2,3544070",202000022216,154 703 124,A01,2,1,0,2,1,1,5,NULL,202000022216,154 703 125,B01,1,1,1,1,1955,5,1,0,-1,0,0,-1,202000022216,4,NULL,0,NULL,1,3,3,1,0,0,1,NULL," -1",1,0,1,50
202000022216,22,4,2020,09:20:00,1,75,75105,2,2,1,3,"BOULEVARD SAINT GERMAIN","48,8494290","2,3544070",202000022216,154 703 124,A01,2,1,0,2,1,1,5,NULL,202000022216,154 703 125,B01,2,2,1,2,1955,5,1,8,-1,0,0,-1,202000022216,4,NULL,0,NULL,1,3,3,1,0,0,1,NULL," -1",1,0,1,50
202000023274,6,8,2020,11:20:00,1,42,42184,2,4,1,3,"Rue Pierre Dubreuil","46,0547236","4,0426858",202000023274,154 701 288,B01,2,1,0,2,7,1,0,NULL,202000023274,154 701 288,B01,1,1,3,1,1948,5,8,0,-1,-1," -1",-1,202000023274,4,NULL,0,NULL,2,2,0,1,(1),(1),2,NULL," -1",1,0,1,50
202000023274,6,8,2020,11:20:00,1,42,42184,2,4,1,3,"Rue Pierre Dubreuil","46,0547236","4,0426858",202000023274,154 701 288,B01,2,1,0,2,7,1,0,NULL,202000023274,154 701 291,A01,1,1,1,1,1976,0,1,0,-1,-1," -1",-1,202000023274,4,NULL,0,NULL,2,2,0,1,(1),(1),2,NULL," -1",1,0,1,50
202000023383,8,6,2020,20:05:00,1,56,56078,2,1,1,6,"11 Rue Herbert Clémens","47,7769790"," -3,5160340",202000023383,154 701 098,A01,0,1,0,1,0,0,6,NULL,202000023383,154 701 098,A01,10,3,4,2,1999,5,0,-1,-1,1,3,3,202000023383,4,NULL,-1,NULL,2,2,0,1,(1),(1),1,NULL," -1",1,0,1,50
202000023383,8,6,2020,20:05:00,1,56,56078,2,1,1,6,"11 Rue Herbert Clémens","47,7769790"," -3,5160340",202000023383,154 701 098,A01,0,1,0,1,0,0,6,NULL,202000023383,154 701 098,A01,1,1,1,1,1967,5,2,6,9,0,0,-1,202000023383,4,NULL,-1,NULL,2,2,0,1,(1),(1),1,NULL," -1",1,0,1,50
202000024495,9,7,2020,19:20:00,1,26,26031,1,1,1,3,"1175 Route de Puygiron","44,5477110","4,8468800",202000024495,154 699 155,A01,1,1,0,2,8,19,5,NULL,202000024495,154 699 154,B01,9,2,1,1,2003,9,1,-1,-1,0,0,-1,202000024495,3,"1175 route de Puygiron",-1,NULL,2,2,0,1,14,890,1,NULL," -1",1,0,1,80
202000024495,9,7,2020,19:20:00,1,26,26031,1,1,1,3,"1175 Route de Puygiron","44,5477110","4,8468800",202000024495,154 699 155,A01,1,1,0,2,8,19,5,NULL,202000024495,154 699 154,B01,7,2,1,2,2004,9,1,-1,-1,0,0,-1,202000024495,3,"1175 route de Puygiron",-1,NULL,2,2,0,1,14,890,1,NULL," -1",1,0,1,80
202000024495,9,7,2020,19:20:00,1,26,26031,1,1,1,3,"1175 Route de Puygiron","44,5477110","4,8468800",202000024495,154 699 155,A01,1,1,0,2,8,19,5,NULL,202000024495,154 699 154,B01,9,2,1,1,2007,9,1,-1,-1,0,0,-1,202000024495,3,"1175 route de Puygiron",-1,NULL,2,2,0,1,14,890,1,NULL," -1",1,0,1,80
202000024495,9,7,2020,19:20:00,1,26,26031,1,1,1,3,"1175 Route de Puygiron","44,5477110","4,8468800",202000024495,154 699 155,A01,1,1,0,2,8,19,5,NULL,202000024495,154 699 154,B01,1,1,1,1,1962,0,1,-1,-1,0,0,-1,202000024495,3,"1175 route de Puygiron",-1,NULL,2,2,0,1,14,890,1,NULL," -1",1,0,1,80
202000024495,9,7,2020,19:20:00,1,26,26031,1,1,1,3,"1175 Route de Puygiron","44,5477110","4,8468800",202000024495,154 699 155,A01,1,1,0,2,8,19,5,NULL,202000024495,154 699 155,A01,1,1,3,1,1980,1,0,-1,-1,0,0,-1,202000024495,3,"1175 route de Puygiron",-1,NULL,2,2,0,1,14,890,1,NULL," -1",1,0,1,80
202000025229,5,8,2020,12:55:00,1,12,12202,2,1,1,1,"GARE (RUE DE LA)","44,3614900","2,5803600",202000025229,154 697 831,A01,1,1,0,2,1,5,5,NULL,202000025229,154 697 830,B01,1,1,1,2,1970,4,1,-1,-1,0,0,-1,202000025229,4,"GARE (RUE DE LA)",0,NULL,1,1,0,2,(1),(1),3,NULL," -1",1,0,1,50
202000025229,5,8,2020,12:55:00,1,12,12202,2,1,1,1,"GARE (RUE DE LA)","44,3614900","2,5803600",202000025229,154 697 831,A01,1,1,0,2,1,5,5,NULL,202000025229,154 697 831,A01,1,1,3,1,1986,5,0,-1,-1,0,0,-1,202000025229,4,"GARE (RUE DE LA)",0,NULL,1,1,0,2,(1),(1),3,NULL," -1",1,0,1,50
202000026980,6,8,2020,10:00:00,1,26,26064,1,1,1,2,"Route de Crest","44,8910560","5,0167040",202000026980,154 694 789,B01,1,1,0,2,3,1,0,NULL,202000026980,154 694 788,A01,1,1,1,1,1923,5,1,-1,-1,0,0,-1,202000026980,3,538,-1,NULL,2,2,0,1,51,580,1,NULL," -1",1,0,1,80
202000026980,6,8,2020,10:00:00,1,26,26064,1,1,1,2,"Route de Crest","44,8910560","5,0167040",202000026980,154 694 789,B01,1,1,0,2,3,1,0,NULL,202000026980,154 694 789,B01,1,1,4,1,1943,5,2,6,-1,0,0,-1,202000026980,3,538,-1,NULL,2,2,0,1,51,580,1,NULL," -1",1,0,1,80
202000029112,3,8,2020,23:45:00,5,75,75116,2,7,1,3,"PLACE DE COSTA RICA","48,8586790","2,2846370",202000029112,154 691 091,A01,2,1,0,2,7,1,5,NULL,202000029112,154 691 091,A01,1,1,4,1,1991,9,2,0,-1,0,0,-1,202000029112,4,NULL,0,NULL,1,2,0,1,0,0,2,NULL," -1",1,0,1,50
202000029112,3,8,2020,23:45:00,5,75,75116,2,7,1,3,"PLACE DE COSTA RICA","48,8586790","2,2846370",202000029112,154 691 091,A01,2,1,0,2,7,1,5,NULL,202000029112,154 691 092,B01,1,1,1,1,1965,4,1,0,-1,0,0,-1,202000029112,4,NULL,0,NULL,1,2,0,1,0,0,2,NULL," -1",1,0,1,50
202000031541,2,6,2020,11:20:00,1,64,64495,1,1,1,2,D918,"43,3656760"," -1,5980440",202000031541,154 686 920,A01,1,1,0,2,6,13,5,NULL,202000031541,154 686 920,A01,1,1,3,1,1959,5,2,9,-1,0,0,-1,202000031541,3,918,0,NULL,2,2,0,1,8,750,3,NULL," -1",1,0,1,80
202000031541,2,6,2020,11:20:00,1,64,64495,1,1,1,2,D918,"43,3656760"," -1,5980440",202000031541,154 686 920,A01,1,1,0,2,6,13,5,NULL,202000031541,154 686 921,B01,1,1,1,2,1996,9,1,-1,-1,0,0,-1,202000031541,3,918,0,NULL,2,2,0,1,8,750,3,NULL," -1",1,0,1,80
202000032568,19,3,2020,19:15:00,3,57,57463,2,3,1,1,"PLAPPEVILLE (ROUTE DE )","49,1254600","6,1591200",202000032568,154 685 183,B01,2,1,0,2,0,0,5,NULL,202000032568,154 685 183,B01,1,1,3,1,1967,0,2,0,-1,-1," -1",-1,202000032568,7,"PLAPPEVILLE (ROUTE DE )",0,NULL,2,2,2,2,0,0,1,NULL," -1",1,5,1,50
202000032568,19,3,2020,19:15:00,3,57,57463,2,3,1,1,"PLAPPEVILLE (ROUTE DE )","49,1254600","6,1591200",202000032568,154 685 183,B01,2,1,0,2,0,0,5,NULL,202000032568,154 685 184,A01,1,1,1,1,1997,0,1,0,-1,-1," -1",-1,202000032568,7,"PLAPPEVILLE (ROUTE DE )",0,NULL,2,2,2,2,0,0,1,NULL," -1",1,5,1,50
202000032568,19,3,2020,19:15:00,3,57,57463,2,3,1,1,"PLAPPEVILLE (ROUTE DE )","49,1254600","6,1591200",202000032568,154 685 183,B01,2,1,0,2,0,0,5,NULL,202000032568,154 685 184,A01,2,2,1,1,1996,0,1,0,-1,-1," -1",-1,202000032568,7,"PLAPPEVILLE (ROUTE DE )",0,NULL,2,2,2,2,0,0,1,NULL," -1",1,5,1,50
202000035413,25,10,2020,14:50:00,1,75,75107,2,1,2,7,"QUAI BRANLY","48,8586120","2,2928780",202000035413,154 680 191,A01,1,1,0,0,8,1,5,NULL,202000035413,154 680 191,A01,1,1,4,1,1999,5,8,0,-1,0,0,-1,202000035413,4,NULL,0,NULL,-1,2,1,1,(1),0,1,NULL," -1",2,-1,5,50
202000035623,10,1,2020,08:10:00,1,75,75116,2,4,8,3,"ALLEE DE LONGCHAMP","48,8769984","2,2769237",202000035623,154 679 789,B01,3,1,0,2,7,19,5,NULL,202000035623,154 679 789,B01,1,1,4,1,1951,1,0,-1,-1,0,0,-1,202000035623,4,NULL,0,NULL,2,2,1,1,0,0,1,NULL,7,2,-1,5,50
202000035623,10,1,2020,08:10:00,1,75,75116,2,4,8,3,"ALLEE DE LONGCHAMP","48,8769984","2,2769237",202000035623,154 679 789,B01,3,1,0,2,7,19,5,NULL,202000035623,154 679 790,A01,1,1,1,1,1994,1,1,0,-1,0,0,-1,202000035623,4,NULL,0,NULL,2,2,1,1,0,0,1,NULL,7,2,-1,5,50
202000036103,2,7,2020,12:35:00,1,75,75105,2,2,1,3,"RUE DAUBENTON","48,8411200","2,3526300",202000036103,154 678 923,A01,2,1,0,2,4,1,5,NULL,202000036103,154 678 922,B01,1,1,4,1,1998,1,2,6,-1,0,0,-1,202000036103,4,NULL,0,NULL,2,2,0,1,0,0,1,NULL," -1",1,0,1,30
202000036103,2,7,2020,12:35:00,1,75,75105,2,2,1,3,"RUE DAUBENTON","48,8411200","2,3526300",202000036103,154 678 923,A01,2,1,0,2,4,1,5,NULL,202000036103,154 678 923,A01,1,1,4,2,1959,3,2,0,-1,0,0,-1,202000036103,4,NULL,0,NULL,2,2,0,1,0,0,1,NULL," -1",1,0,1,30
202000036364,15,3,2020,10:15:00,1,01,01001,2,1,1,3,"Lot les Muriers","46,1500520","4,9227820",202000036364,154 678 453,B01,3,1,0,2,1,19,0,NULL,202000036364,154 678 452,A01,1,1,1,2,1958,5,1,-1,-1,0,0,-1,202000036364,4,NULL,-1,NULL,2,2,0,1,(1),(1),1,NULL,4,1,0,1,50
202000036364,15,3,2020,10:15:00,1,01,01001,2,1,1,3,"Lot les Muriers","46,1500520","4,9227820",202000036364,154 678 453,B01,3,1,0,2,1,19,0,NULL,202000036364,154 678 453,B01,1,1,4,1,2009,5,2,-1,-1,0,0,-1,202000036364,4,NULL,-1,NULL,2,2,0,1,(1),(1),1,NULL,4,1,0,1,50
202000038201,12,3,2020,17:50:00,1,35,35288,2,1,1,3,"SILLON (DU) CHAUSSEE","48,6542300"," -2,0089700",202000038201,154 675 214,B01,3,1,0,2,0,0,5,NULL,202000038201,154 675 214,B01,1,1,4,2,1971,5,8,0,-1,-1," -1",-1,202000038201,4,"SILLON (DU) CHAUSSEE",0,NULL,2,2,0,1,0,0,1,NULL," -1",9,0,1,50
202000038201,12,3,2020,17:50:00,1,35,35288,2,1,1,3,"SILLON (DU) CHAUSSEE","48,6542300"," -2,0089700",202000038201,154 675 214,B01,3,1,0,2,0,0,5,NULL,202000038201,154 675 215,A01,1,1,1,2,1964,1,1,0,-1,-1," -1",-1,202000038201,4,"SILLON (DU) CHAUSSEE",0,NULL,2,2,0,1,0,0,1,NULL," -1",9,0,1,50
202000039059,27,5,2020,12:25:00,1,78,78551,2,4,1,3,"POISSY (DE)","48,8998300","2,0883500",202000039059,154 673 716,B01,1,1,0,2,0,17,0,NULL,202000039059,154 673 714,A01,1,1,1,1,1956,4,1,0,-1,-1," -1",-1,202000039059,3,190,0,NULL,-1,0,0,1,23,48,1,NULL," -1",1,0,1,50
202000039059,27,5,2020,12:25:00,1,78,78551,2,4,1,3,"POISSY (DE)","48,8998300","2,0883500",202000039059,154 673 716,B01,1,1,0,2,0,17,0,NULL,202000039059,154 673 716,B01,1,1,3,2,1949,5,0,-1,-1,0,0,-1,202000039059,3,190,0,NULL,-1,0,0,1,23,48,1,NULL," -1",1,0,1,50
202000039114,29,7,2020,14:30:00,1,33,33529,1,1,1,6,"BISCAROSSE (AVE) DUNE VERS BISCA","44,5959400"," -1,1971500",202000039114,154 673 596,A01,3,1,2,0,1,14,5,NULL,202000039114,154 673 596,A01,1,1,4,2,1956,5,8,-1,-1,-1," -1",-1,202000039114,9,"Piste cyclable",0,NULL,2,2,-1,2,(1),(1),1,NULL," -1",1,9,5,30
202000039456,28,7,2020,09:00:00,1,13,13209,1,1,1,3,"COL DE LA GINESTE D559","43,2469640","5,4521390",202000039456,154 672 999,B01,1,1,0,2,3,1,0,NULL,202000039456,154 672 999,B01,1,1,3,1,1985,5,2,6,-1,-1," -1",-1,202000039456,3,559,0,NULL,2,4,2,1,1,0,1,NULL," -1",1,0,5,70
202000039456,28,7,2020,09:00:00,1,13,13209,1,1,1,3,"COL DE LA GINESTE D559","43,2469640","5,4521390",202000039456,154 672 999,B01,1,1,0,2,3,1,0,NULL,202000039456,154 673 000,A01,1,1,1,2,1997,1,1,0,-1,-1," -1",-1,202000039456,3,559,0,NULL,2,4,2,1,1,0,1,NULL," -1",1,0,5,70
202000040602,6,12,2020,17:35:00,1,974,97422,2,3,1,3,"Rue Jean de Fos du Rau"," -21,2206920","55,5599550",202000040602,154 671 001,B01,3,1,0,2,4,1,5,NULL,202000040602,154 671 001,B01,1,1,3,1,2010,5,0,-1,-1,0,0,-1,202000040602,2,3,-1,NULL,2,2,0,1,(1),(1),1,NULL," -1",1,0,1,50
202000040602,6,12,2020,17:35:00,1,974,97422,2,3,1,3,"Rue Jean de Fos du Rau"," -21,2206920","55,5599550",202000040602,154 671 001,B01,3,1,0,2,4,1,5,NULL,202000040602,154 671 002,A01,1,1,1,1,1981,5,2,-1,-1,0,0,-1,202000040602,2,3,-1,NULL,2,2,0,1,(1),(1),1,NULL," -1",1,0,1,50
202000041811,24,10,2020,09:30:00,1,75,75111,2,1,1,-1,"BOULEVARD JULES FERRY","48,8683150","2,3673330",202000041811,154 668 859,A01,2,1,0,2,4,11,5,NULL,202000041811,154 668 859,A01,1,1,4,1,1998,9,8,0,-1,0,0,-1,202000041811,4,NULL,0,NULL,2,2,1,1,0,0,1,NULL," -1",1,0,1,50
202000042063,28,8,2020,07:30:00,1,30,30059,1,1,1,2,"D 6572","43,6870840","4,2334270",202000042063,154 668 405,B01,2,1,0,2,4,2,5,NULL,202000042063,154 668 404,A01,1,1,1,1,2002,1,2,-1,-1,0,0,-1,202000042063,3,6572,0,NULL,2,2,0,1,6,20,1,NULL," -1",1,0,1,80
202000042063,28,8,2020,07:30:00,1,30,30059,1,1,1,2,"D 6572","43,6870840","4,2334270",202000042063,154 668 405,B01,2,1,0,2,4,2,5,NULL,202000042063,154 668 405,B01,1,1,4,2,1955,5,0,-1,-1,0,0,-1,202000042063,3,6572,0,NULL,2,2,0,1,6,20,1,NULL," -1",1,0,1,80
202000044871,4,1,2020,19:50:00,3,75,75111,2,3,1,3,"RUE DE CHARONNE","48,8549040","2,3861660",202000044871,154 663 348,B01,1,1,0,2,1,1,5,NULL,202000044871,154 663 347,A01,1,1,1,1,1973,4,2,6,-1,0,0,-1,202000044871,4,NULL,0,NULL,2,2,0,2,0,0,1,NULL,4,1,0,1,50
202000044871,4,1,2020,19:50:00,3,75,75111,2,3,1,3,"RUE DE CHARONNE","48,8549040","2,3861660",202000044871,154 663 348,B01,1,1,0,2,1,1,5,NULL,202000044871,154 663 348,B01,1,1,4,1,1999,4,8,2,-1,0,0,-1,202000044871,4,NULL,0,NULL,2,2,0,2,0,0,1,NULL,4,1,0,1,50
202000045068,23,5,2020,22:10:00,5,45,45147,2,1,1,-1,"Rue du Faubourg Bannier","47,9367857","1,8943611",202000045068,154 663 030,B01,2,1,1,0,1,1,5,NULL,202000045068,154 663 029,A01,1,1,1,1,1990,5,8,0,-1,0,0,-1,202000045068,4,NULL,0,NULL,2,2,0,1,0,100,1,NULL,4,1,0,1,50
202000045068,23,5,2020,22:10:00,5,45,45147,2,1,1,-1,"Rue du Faubourg Bannier","47,9367857","1,8943611",202000045068,154 663 030,B01,2,1,1,0,1,1,5,NULL,202000045068,154 663 030,B01,1,1,4,2,1966,5,8,0,-1,0,0,-1,202000045068,4,NULL,0,NULL,2,2,0,1,0,100,1,NULL,4,1,0,1,50
202000045582,21,10,2020,14:35:00,1,81,81113,1,1,1,7,D31,"43,8558680","2,1943470",202000045582,154 662 162,A01,2,1,13,0,1,13,5,NULL,202000045582,154 662 162,A01,1,1,3,1,2002,5,2,-1,-1,0,0,-1,202000045582,3,31,-1,NULL,-1,2,0,1,17,292,2,NULL," -1",1,0,1,80
202000011297,16,7,2020,19:30:00,1,91,91471,2,6,1,3,"MOCQUET (RUE GUY)","48,7005400","2,1917400",202000011297,154 722 382,B01,3,1,0,2,2,19,5,NULL,202000011297,154 722 382,B01,1,1,4,1,1984,5,2,8,-1,-1," -1",-1,202000011297,2,"R.N 118",0,NULL,2,2,0,1,0,0,1,NULL," -1",1,3,6,50
202000011297,16,7,2020,19:30:00,1,91,91471,2,6,1,3,"MOCQUET (RUE GUY)","48,7005400","2,1917400",202000011297,154 722 382,B01,3,1,0,2,2,19,5,NULL,202000011297,154 722 383,A01,1,1,1,1,1991,1,1,0,-1,-1," -1",-1,202000011297,2,"R.N 118",0,NULL,2,2,0,1,0,0,1,NULL," -1",1,3,6,50
202000015639,12,8,2020,12:10:00,1,71,71076,2,1,1,3,"LEDRU ROLLIN (RUE)","46,7855952","4,8366827",202000015639,154 714 781,A01,1,1,0,2,0,0,0,NULL,202000015639,154 714 781,A01,1,1,4,2,1992,0,8,0,-1,-1," -1",-1,202000015639,4,NULL,0,NULL,2,0,0,1,0,0,1,NULL," -1",1,0,1,50
202000015639,12,8,2020,12:10:00,1,71,71076,2,1,1,3,"LEDRU ROLLIN (RUE)","46,7855952","4,8366827",202000015639,154 714 781,A01,1,1,0,2,0,0,0,NULL,202000015639,154 714 782,B01,1,1,1,1,1968,1,1,0,-1,-1," -1",-1,202000015639,4,NULL,0,NULL,2,0,0,1,0,0,1,NULL," -1",1,0,1,50
202000018196,15,11,2020,12:30:00,1,64,64430,2,1,1,2,"Chemin de Pourtaou","43,4721380"," -0,8091850",202000018196,154 710 228,B01,0,1,0,2,1,1,0,NULL,202000018196,154 710 227,A01,1,1,1,1,1977,0,0,-1,-1,0,0,-1,202000018196,4,NULL,-1,NULL,2,2,0,2,(1),(1),1,NULL," -1",1,0,3,50
202000018196,15,11,2020,12:30:00,1,64,64430,2,1,1,2,"Chemin de Pourtaou","43,4721380"," -0,8091850",202000018196,154 710 228,B01,0,1,0,2,1,1,0,NULL,202000018196,154 710 228,B01,1,1,3,1,1967,5,2,-1,-1,0,0,-1,202000018196,4,NULL,-1,NULL,2,2,0,2,(1),(1),1,NULL," -1",1,0,3,50
202000019764,6,10,2020,08:30:00,1,69,69383,2,2,2,3,"LOUIS                               (R )","45,7497251","4,8897918",202000019764,154 707 433,B01,1,1,0,2,7,1,5,NULL,202000019764,154 707 432,A01,1,1,1,1,1995,2,1,0,-1,-1," -1",-1,202000019764,4,NULL,0,NULL,1,1,0,1,0,0,1,NULL," -1",2,0,1,50
202000019764,6,10,2020,08:30:00,1,69,69383,2,2,2,3,"LOUIS                               (R )","45,7497251","4,8897918",202000019764,154 707 433,B01,1,1,0,2,7,1,5,NULL,202000019764,154 707 433,B01,1,1,4,1,1973,0,2,0,-1,-1," -1",-1,202000019764,4,NULL,0,NULL,1,1,0,1,0,0,1,NULL," -1",2,0,1,50
202000022785,21,2,2020,16:45:00,1,72,72090,1,1,1,2,"lieu-dit l'epinay","48,0540890","0,4808020",202000022785,154 702 142,B01,2,1,0,2,4,2,5,NULL,202000022785,154 702 141,A01,1,1,1,1,1997,1,1,-1,-1,0,0,-1,202000022785,3,323,-1,NULL,2,2,0,1,28,150,1,NULL," -1",1,0,3,80
202000022785,21,2,2020,16:45:00,1,72,72090,1,1,1,2,"lieu-dit l'epinay","48,0540890","0,4808020",202000022785,154 702 142,B01,2,1,0,2,4,2,5,NULL,202000022785,154 702 142,B01,1,1,3,2,1965,5,0,-1,-1,0,0,-1,202000022785,3,323,-1,NULL,2,2,0,1,28,150,1,NULL," -1",1,0,3,80
202000023184,9,8,2020,11:45:00,1,85,85092,2,1,1,3,"3 Rue Georges Clémenceau","46,4660120"," -0,8057140",202000023184,154 701 457,B01,3,1,0,2,3,2,5,NULL,202000023184,154 701 456,A01,1,1,1,2,1968,5,1,-1,-1,0,0,-1,202000023184,4,NULL,-1,NULL,2,2,0,1,(1),(1),1,NULL," -1",1,0,3,50
202000023184,9,8,2020,11:45:00,1,85,85092,2,1,1,3,"3 Rue Georges Clémenceau","46,4660120"," -0,8057140",202000023184,154 701 457,B01,3,1,0,2,3,2,5,NULL,202000023184,154 701 457,B01,1,1,3,2,1943,3,0,-1,-1,0,0,-1,202000023184,4,NULL,-1,NULL,2,2,0,1,(1),(1),1,NULL," -1",1,0,3,50
202000024927,5,9,2020,15:00:00,1,31,31555,2,1,1,3,"AV ETIENNE BILLIERES","43,5966100","1,4241500",202000024927,154 698 366,B01,0,1,0,2,1,1,5,NULL,202000024927,154 698 366,B01,1,1,3,2,1956,0,8,0,-1,-1," -1",-1,202000024927,4,"AV ETIENNE BILLIERES",0,NULL,2,3,1,1,0,0,1,NULL," -1",1,0,1,50