Num_Acc,jour,mois,an,hrmn,lum,dep,com,agg,int,atm,col,adr,lat,long,Num_Acc,id_vehicule,num_veh,senc,catv,obs,obsm,choc,manv,motor,occutc,Num_Acc,id_vehicule,num_veh,place,catu,grav,sexe,an_nais,trajet,secu1,secu2,secu3,locp,actp,etatp,Num_Acc,catr,voie,v1,v2,circ,nbv,vosp,prof,pr,pr1,plan,lartpc,larrout,surf,infra,situ,vma
202000024927,5,9,2020,15:00:00,1,31,31555,2,1,1,3,"AV ETIENNE BILLIERES","43,5966100","1,4241500",202000024927,154 698 366,B01,0,1,0,2,1,1,5,NULL,202000024927,154 698 367,A01,1,1,1,1,1986,0,1,0,-1,-1," -1",-1,202000024927,4,"AV ETIENNE BILLIERES",0,NULL,2,3,1,1,0,0,1,NULL," -1",1,0,1,50
202000025511,7,6,2020,11:15:00,1,49,49279,1,1,1,7,"22 Lieu Dit la Roche","47,3650340"," -0,2969420",202000025511,154 697 334,A01,0,1,0,0,1,0,5,NULL,202000025511,154 697 334,A01,1,1,3,1,1951,5,2,6,-1,0,0,-1,202000025511,4,105,0,C,-1,1,0,1,0,0,1,NULL," -1",1,0,8,20
202000026335,5,1,2020,12:20:00,1,83,83118,2,1,7,3,"BOULEVARD DE LA BAUMETTE","43,4284347","6,8715459",202000026335,154 695 922,A01,1,1,0,2,1,1,5,NULL,202000026335,154 695 922,A01,1,1,3,1,1983,5,2,8,-1,-1,0,-1,202000026335,3,"BOULEVARD DE LA BAUMETTE",0,NULL,2,2,0,4,131,146,3,NULL," -1",1,0,1,50
202000026335,5,1,2020,12:20:00,1,83,83118,2,1,7,3,"BOULEVARD DE LA BAUMETTE","43,4284347","6,8715459",202000026335,154 695 922,A01,1,1,0,2,1,1,5,NULL,202000026335,154 695 923,B01,1,1,1,1,1978,5,1,8,-1,-1," -1",-1,202000026335,3,"BOULEVARD DE LA BAUMETTE",0,NULL,2,2,0,4,131,146,3,NULL," -1",1,0,1,50
202000027842,4,6,2020,19:42:00,5,988,98818,2,6,1,2,"GERVOLINO (RUE ROGER)"," -22,2605700","166,4699100",202000027842,154 693 314,A01,1,1,0,2,1,9,5,NULL,202000027842,154 693 314,A01,1,1,3,1,1973,5,8,0,-1,-1," -1",-1,202000027842,4,589,0,NULL,2,2,0,1,0,0,3,NULL," -1",1,9,1,50
202000027842,4,6,2020,19:42:00,5,988,98818,2,6,1,2,"GERVOLINO (RUE ROGER)"," -22,2605700","166,4699100",202000027842,154 693 314,A01,1,1,0,2,1,9,5,NULL,202000027842,154 693 315,B01,1,1,1,2,1997,5,1,8,-1,-1," -1",-1,202000027842,4,589,0,NULL,2,2,0,1,0,0,3,NULL," -1",1,9,1,50
202000028153,16,1,2020,18:00:00,5,75,75110,2,1,1,1,"RUE DU FAUBOURG SAINT MARTIN","48,8769024","2,3610298",202000028153,154 692 766,B01,1,1,0,2,0,1,5,NULL,202000028153,154 692 766,B01,1,1,4,1,2001,2,8,2,-1,0,0,-1,202000028153,4,NULL,0,NULL,2,4,1,2,147,0,1,NULL," -1",1,-1,5,50
202000028153,16,1,2020,18:00:00,5,75,75110,2,1,1,1,"RUE DU FAUBOURG SAINT MARTIN","48,8769024","2,3610298",202000028153,154 692 766,B01,1,1,0,2,0,1,5,NULL,202000028153,154 692 767,A01,1,1,4,1,1989,1,8,2,-1,0,0,-1,202000028153,4,NULL,0,NULL,2,4,1,2,147,0,1,NULL," -1",1,-1,5,50
202000028863,2,1,2020,18:40:00,5,49,49007,2,1,1,3,"GRESILLE AVENUE","47,4595588"," -0,5986476",202000028863,154 691 488,A01,1,1,0,2,8,0,5,NULL,202000028863,154 691 488,A01,1,1,4,1,2002,0,8,8,-1,-1," -1",-1,202000028863,4,NULL,0,NULL,2,2,0,1,0,0,1,NULL," -1",1,0,1,60
202000028863,2,1,2020,18:40:00,5,49,49007,2,1,1,3,"GRESILLE AVENUE","47,4595588"," -0,5986476",202000028863,154 691 488,A01,1,1,0,2,8,0,5,NULL,202000028863,154 691 489,B01,1,1,1,1,1955,-1,1,-1,-1,-1," -1",-1,202000028863,4,NULL,0,NULL,2,2,0,1,0,0,1,NULL," -1",1,0,1,60
202000031204,26,7,2020,12:30:00,1,84,84069,1,1,1,3,D974,"44,1559730","5,1474060",202000031204,154 687 495,B01,1,1,0,2,1,1,5,NULL,202000031204,154 687 494,A01,7,2,1,2,2002,5,1,-1,-1,0,0,-1,202000031204,3,974,0,NULL,2,2,0,2,54,300,3,NULL," -1",1,0,1,80
202000031204,26,7,2020,12:30:00,1,84,84069,1,1,1,3,D974,"44,1559730","5,1474060",202000031204,154 687 495,B01,1,1,0,2,1,1,5,NULL,202000031204,154 687 494,A01,2,2,1,2,2000,5,1,-1,-1,0,0,-1,202000031204,3,974,0,NULL,2,2,0,2,54,300,3,NULL," -1",1,0,1,80
202000031204,26,7,2020,12:30:00,1,84,84069,1,1,1,3,D974,"44,1559730","5,1474060",202000031204,154 687 495,B01,1,1,0,2,1,1,5,NULL,202000031204,154 687 494,A01,1,1,1,1,1969,5,1,-1,-1,0,0,-1,202000031204,3,974,0,NULL,2,2,0,2,54,300,3,NULL," -1",1,0,1,80
202000031204,26,7,2020,12:30:00,1,84,84069,1,1,1,3,D974,"44,1559730","5,1474060",202000031204,154 687 495,B01,1,1,0,2,1,1,5,NULL,202000031204,154 687 495,B01,1,1,3,1,1991,5,2,-1,-1,0,0,-1,202000031204,3,974,0,NULL,2,2,0,2,54,300,3,NULL," -1",1,0,1,80
202000034758,12,2,2020,15:40:00,1,75,75117,2,1,1,3,"AVENUE DES TERNES","48,8794900","2,2905720",202000034758,154 681 339,B01,2,1,0,2,1,1,5,NULL,202000034758,154 681 338,A01,1,1,1,1,1952,5,1,0,-1,0,0,-1,202000034758,4,NULL,0,NULL,2,4,0,1,69,0,1,NULL," -1",1,0,1,50
202000034758,12,2,2020,15:40:00,1,75,75117,2,1,1,3,"AVENUE DES TERNES","48,8794900","2,2905720",202000034758,154 681 339,B01,2,1,0,2,1,1,5,NULL,202000034758,154 681 339,B01,1,1,4,2,1970,9,8,6,-1,0,0,-1,202000034758,4,NULL,0,NULL,2,4,0,1,69,0,1,NULL," -1",1,0,1,50
202000035216,1,6,2020,13:55:00,1,72,72127,2,1,1,1,"Route d'Allonnes","47,9564540","0,0910500",202000035216,154 680 529,B01,3,1,0,2,8,15,5,NULL,202000035216,154 680 527,A01,1,1,1,2,1971,5,1,-1,-1,0,0,-1,202000035216,4,NULL,-1,NULL,2,2,0,1,(1),(1),1,NULL,5,1,0,1,50
202000035216,1,6,2020,13:55:00,1,72,72127,2,1,1,1,"Route d'Allonnes","47,9564540","0,0910500",202000035216,154 680 529,B01,3,1,0,2,8,15,5,NULL,202000035216,154 680 529,B01,1,1,3,1,2001,0,0,-1,-1,0,0,-1,202000035216,4,NULL,-1,NULL,2,2,0,1,(1),(1),1,NULL,5,1,0,1,50
202000035660,8,12,2020,18:00:00,2,92,92050,2,2,1,3,"SEINE BOULEVARD DE","48,8996842","2,1950428",202000035660,154 679 726,A01,1,1,0,2,8,1,5,NULL,202000035660,154 679 724,B01,1,1,1,1,1999,9,1,0,-1,-1," -1",-1,202000035660,4,"SEINE (BD DE LA)",0,NULL,2,2,0,1,0,0,1,NULL," -1",1,0,1,50
202000035660,8,12,2020,18:00:00,2,92,92050,2,2,1,3,"SEINE BOULEVARD DE","48,8996842","2,1950428",202000035660,154 679 726,A01,1,1,0,2,8,1,5,NULL,202000035660,154 679 726,A01,1,1,4,1,1970,0,8,0,-1,-1," -1",-1,202000035660,4,"SEINE (BD DE LA)",0,NULL,2,2,0,1,0,0,1,NULL," -1",1,0,1,50
202000036310,14,3,2020,08:10:00,1,34,34172,2,3,1,3,"GRASSET (AVENUE DU PROFESSEUR)","43,6216300","3,8686600",202000036310,154 678 543,B01,2,1,0,2,1,19,5,NULL,202000036310,154 678 542,A01,1,1,1,2,1957,5,1,8,-1,-1," -1",-1,202000036310,4,NULL,0,NULL,4,1,1,1,(1),(1),1,NULL," -1",1,5,1,30
202000036310,14,3,2020,08:10:00,1,34,34172,2,3,1,3,"GRASSET (AVENUE DU PROFESSEUR)","43,6216300","3,8686600",202000036310,154 678 543,B01,2,1,0,2,1,19,5,NULL,202000036310,154 678 543,B01,1,1,4,1,1996,1,8,0,-1,-1," -1",-1,202000036310,4,NULL,0,NULL,4,1,1,1,(1),(1),1,NULL," -1",1,5,1,30
202000036605,8,2,2020,18:30:00,5,59,59282,1,1,1,3,"1307 Route de Dunkerque","50,8154630","2,4819520",202000036605,154 678 017,B01,1,1,0,0,8,2,0,NULL,202000036605,154 678 016,A01,1,1,1,1,1939,5,1,-1,-1,0,0,-1,202000036605,3,916,-1,NULL,2,2,0,2,(1),(1),1,NULL," -1",1,0,1,70
202000036605,8,2,2020,18:30:00,5,59,59282,1,1,1,3,"1307 Route de Dunkerque","50,8154630","2,4819520",202000036605,154 678 017,B01,1,1,0,0,8,2,0,NULL,202000036605,154 678 017,B01,1,1,3,1,1960,5,2,4,9,0,0,-1,202000036605,3,916,-1,NULL,2,2,0,2,(1),(1),1,NULL," -1",1,0,1,70
202000039312,29,7,2020,19:20:00,1,03,03102,2,3,1,3,"361 Rue de 7 Fons","46,5236275","3,6862916",202000039312,154 673 247,A01,1,1,0,2,3,16,5,NULL,202000039312,154 673 245,B01,9,2,1,1,1994,5,8,-1,-1,0,0,-1,202000039312,3,236,-1,NULL,2,2,0,1,0,286,1,NULL," -1",1,0,1,50
202000039312,29,7,2020,19:20:00,1,03,03102,2,3,1,3,"361 Rue de 7 Fons","46,5236275","3,6862916",202000039312,154 673 247,A01,1,1,0,2,3,16,5,NULL,202000039312,154 673 245,B01,2,2,1,2,1999,5,8,-1,-1,0,0,-1,202000039312,3,236,-1,NULL,2,2,0,1,0,286,1,NULL," -1",1,0,1,50
202000039312,29,7,2020,19:20:00,1,03,03102,2,3,1,3,"361 Rue de 7 Fons","46,5236275","3,6862916",202000039312,154 673 247,A01,1,1,0,2,3,16,5,NULL,202000039312,154 673 245,B01,1,1,1,1,1994,5,8,-1,-1,0,0,-1,202000039312,3,236,-1,NULL,2,2,0,1,0,286,1,NULL," -1",1,0,1,50
202000039312,29,7,2020,19:20:00,1,03,03102,2,3,1,3,"361 Rue de 7 Fons","46,5236275","3,6862916",202000039312,154 673 247,A01,1,1,0,2,3,16,5,NULL,202000039312,154 673 247,A01,1,1,4,1,1996,5,0,-1,-1,0,0,-1,202000039312,3,236,-1,NULL,2,2,0,1,0,286,1,NULL," -1",1,0,1,50
202000039659,30,6,2020,18:05:00,1,15,15138,1,1,1,3,"départementale 3","45,1140420","2,8605600",202000039659,154 672 645,B01,2,1,13,2,8,2,5,NULL,202000039659,154 672 645,B01,1,1,4,1,1975,5,2,-1,-1,0,0,-1,202000039659,3,3,-1,NULL,2,3,0,2,56,200,1,NULL," -1",1,0,1,90
202000039659,30,6,2020,18:05:00,1,15,15138,1,1,1,3,"départementale 3","45,1140420","2,8605600",202000039659,154 672 645,B01,2,1,13,2,8,2,5,NULL,202000039659,154 672 646,A01,1,1,1,1,1988,4,1,-1,-1,0,0,-1,202000039659,3,3,-1,NULL,2,3,0,2,56,200,1,NULL," -1",1,0,1,90
202000042067,28,8,2020,12:30:00,1,976,97602,1,1,1,5,N1," -12,7309920","45,1306990",202000042067,154 668 399,B01,2,1,0,2,0,1,5,NULL,202000042067,154 668 396,A01,1,1,3,2,1996,0,1,-1,-1,0,0,-1,202000042067,2,1,0,A,2,2,0,1,21,600,3,NULL," -1",1,2,1,70
202000042067,28,8,2020,12:30:00,1,976,97602,1,1,1,5,N1," -12,7309920","45,1306990",202000042067,154 668 398,C01,2,1,0,2,8,1,5,NULL,202000042067,154 668 396,A01,1,1,3,2,1996,0,1,-1,-1,0,0,-1,202000042067,2,1,0,A,2,2,0,1,21,600,3,NULL," -1",1,2,1,70
202000042067,28,8,2020,12:30:00,1,976,97602,1,1,1,5,N1," -12,7309920","45,1306990",202000042067,154 668 399,B01,2,1,0,2,0,1,5,NULL,202000042067,154 668 397,D01,1,1,1,1,1976,1,1,-1,-1,0,0,-1,202000042067,2,1,0,A,2,2,0,1,21,600,3,NULL," -1",1,2,1,70
202000042067,28,8,2020,12:30:00,1,976,97602,1,1,1,5,N1," -12,7309920","45,1306990",202000042067,154 668 398,C01,2,1,0,2,8,1,5,NULL,202000042067,154 668 397,D01,1,1,1,1,1976,1,1,-1,-1,0,0,-1,202000042067,2,1,0,A,2,2,0,1,21,600,3,NULL," -1",1,2,1,70
202000042067,28,8,2020,12:30:00,1,976,97602,1,1,1,5,N1," -12,7309920","45,1306990",202000042067,154 668 399,B01,2,1,0,2,0,1,5,NULL,202000042067,154 668 398,C01,1,1,3,1,2004,0,0,-1,-1,0,0,-1,202000042067,2,1,0,A,2,2,0,1,21,600,3,NULL," -1",1,2,1,70
202000042067,28,8,2020,12:30:00,1,976,97602,1,1,1,5,N1," -12,7309920","45,1306990",202000042067,154 668 398,C01,2,1,0,2,8,1,5,NULL,202000042067,154 668 398,C01,1,1,3,1,2004,0,0,-1,-1,0,0,-1,202000042067,2,1,0,A,2,2,0,1,21,600,3,NULL," -1",1,2,1,70
202000042067,28,8,2020,12:30:00,1,976,97602,1,1,1,5,N1," -12,7309920","45,1306990",202000042067,154 668 399,B01,2,1,0,2,0,1,5,NULL,202000042067,154 668 399,B01,1,1,4,1,2004,0,0,-1,-1,0,0,-1,202000042067,2,1,0,A,2,2,0,1,21,600,3,NULL," -1",1,2,1,70
202000042067,28,8,2020,12:30:00,1,976,97602,1,1,1,5,N1," -12,7309920","45,1306990",202000042067,154 668 398,C01,2,1,0,2,8,1,5,NULL,202000042067,154 668 399,B01,1,1,4,1,2004,0,0,-1,-1,0,0,-1,202000042067,2,1,0,A,2,2,0,1,21,600,3,NULL," -1",1,2,1,70
202000042332,10,3,2020,13:00:00,1,41,41018,2,1,2,6,"FRANCE (AVENUE DE)  1","47,5989400","1,3184300",202000042332,154 667 895,A01,2,1,0,1,1,1,5,NULL,202000042332,154 667 895,A01,10,3,4,2,1980,5,0,-1,-1,3,3,2,202000042332,4,"FRANCE (AVENUE DE)  1",0,NULL,2,4,1,1,0,0,1,NULL," -1",2,0,1,50
202000042332,10,3,2020,13:00:00,1,41,41018,2,1,2,6,"FRANCE (AVENUE DE)  1","47,5989400","1,3184300",202000042332,154 667 895,A01,2,1,0,1,1,1,5,NULL,202000042332,154 667 895,A01,1,1,4,1,1992,5,2,0,-1,0," -1",-1,202000042332,4,"FRANCE (AVENUE DE)  1",0,NULL,2,4,1,1,0,0,1,NULL," -1",2,0,1,50
202000042557,5,1,2020,18:00:00,5,75,75107,2,2,1,3,"PONT DE LA CONCORDE","48,8625910","2,3190250",202000042557,154 667 495,A01,1,1,0,2,7,1,5,NULL,202000042557,154 667 495,A01,2,2,4,2,2018,9,2,3,-1,0,0,-1,202000042557,4,NULL,0,NULL,2,4,1,1,0,0,1,NULL,12,1,-1,5,50
202000042557,5,1,2020,18:00:00,5,75,75107,2,2,1,3,"PONT DE LA CONCORDE","48,8625910","2,3190250",202000042557,154 667 495,A01,1,1,0,2,7,1,5,NULL,202000042557,154 667 495,A01,1,1,1,1,1985,9,2,0,-1,0,0,-1,202000042557,4,NULL,0,NULL,2,4,1,1,0,0,1,NULL,12,1,-1,5,50
202000042820,23,9,2020,14:25:00,1,28,28304,1,1,1,2,N154,"48,2833050","1,7278170",202000042820,154 667 034,A01,1,1,0,2,4,18,5,NULL,202000042820,154 667 034,A01,1,1,3,2,1988,0,0,-1,-1,0,0,-1,202000042820,2,154,0,NULL,2,2,0,1,24,990,1,NULL," -1",1,0,1,80
202000042820,23,9,2020,14:25:00,1,28,28304,1,1,1,2,N154,"48,2833050","1,7278170",202000042820,154 667 034,A01,1,1,0,2,4,18,5,NULL,202000042820,154 667 037,B01,1,1,1,1,1974,4,1,-1,-1,0,0,-1,202000042820,2,154,0,NULL,2,2,0,1,24,990,1,NULL," -1",1,0,1,80
202000044063,22,9,2020,14:50:00,1,68,68106,1,1,1,7,D431,"47,8899820","7,1133900",202000044063,154 664 805,A01,2,1,0,0,9,1,5,NULL,202000044063,154 664 805,A01,1,1,2,1,1958,5,2,-1,-1,0,0,-1,202000044063,3,431,-1,NULL,2,2,0,2,9,700,3,NULL," -1",1,0,1,80
202000006881,16,5,2020,16:30:00,1,75,75118,2,1,1,3,"BOULEVARD DE LA CHAPELLE","48,8841970","2,3543150",202000006881,154 730 158,B01,2,1,0,2,1,5,5,NULL,202000006881,154 730 157,A01,1,1,1,1,1992,9,8,0,-1,0,0,-1,202000006881,4,NULL,0,NULL,1,1,1,1,0,0,1,NULL," -1",1,-1,5,50
202000006881,16,5,2020,16:30:00,1,75,75118,2,1,1,3,"BOULEVARD DE LA CHAPELLE","48,8841970","2,3543150",202000006881,154 730 158,B01,2,1,0,2,1,5,5,NULL,202000006881,154 730 157,A01,2,2,1,1,1983,9,8,0,-1,0,0,-1,202000006881,4,NULL,0,NULL,1,1,1,1,0,0,1,NULL," -1",1,-1,5,50
202000006881,16,5,2020,16:30:00,1,75,75118,2,1,1,3,"BOULEVARD DE LA CHAPELLE","48,8841970","2,3543150",202000006881,154 730 158,B01,2,1,0,2,1,5,5,NULL,202000006881,154 730 158,B01,1,1,4,1,1961,9,8,0,-1,0,0,-1,202000006881,4,NULL,0,NULL,1,1,1,1,0,0,1,NULL," -1",1,-1,5,50
202000007610,19,6,2020,00:15:00,5,75,75104,2,1,1,7,"BOULEVARD HENRI IV","48,8514130","2,3632610",202000007610,154 728 857,A01,1,1,0,0,0,25,5,NULL,202000007610,154 728 857,A01,1,1,4,1,1968,9,2,0,-1,0,0,-1,202000007610,4,NULL,0,NULL,2,3,0,1,(1),0,1,NULL," -1",1,0,4,30
202000010069,18,8,2020,04:15:00,5,69,69386,2,1,1,6,"MARECHAL LYAUTEY (DU)               (PL)","45,7681700","4,8424000",202000010069,154 724 538,A01,0,1,0,0,0,0,5,NULL,202000010069,154 724 538,A01,1,1,3,1,2000,0,8,0,-1,-1," -1",-1,202000010069,9,"MARECHAL LYAUTEY (DU)               (PL)",0,NULL,-1,0,0,1,0,0,1,NULL," -1",1,0,8,15
202000011423,17,7,2020,20:05:00,1,75,75117,2,4,1,3,"AVENUE DE LA PORTE DE CHAMPERRET","48,8859950","2,2891000",202000011423,154 722 152,B01,1,1,0,2,1,1,5,NULL,202000011423,154 722 151,A01,1,1,1,2,1983,1,1,0,-1,0,0,-1,202000011423,4,NULL,0,NULL,2,4,0,1,0,1,1,NULL," -1",1,0,1,50
202000011423,17,7,2020,20:05:00,1,75,75117,2,4,1,3,"AVENUE DE LA PORTE DE CHAMPERRET","48,8859950","2,2891000",202000011423,154 722 152,B01,1,1,0,2,1,1,5,NULL,202000011423,154 722 152,B01,1,1,4,1,2003,5,2,0,-1,0,0,-1,202000011423,4,NULL,0,NULL,2,4,0,1,0,1,1,NULL," -1",1,0,1,50
202000011847,12,10,2020,14:30:00,1,75,75116,2,3,1,6,"RUE JEAN DE LA FONTAINE","48,8504040","2,2705270",202000011847,154 721 415,Z01,1,1,0,1,0,1,5,NULL,202000011847,154 721 415,Z01,10,3,4,2,1948,5,0,-1,-1,3,3,1,202000011847,4,NULL,0,NULL,1,2,0,1,0,0,1,NULL," -1",1,0,1,30
202000013200,12,7,2020,15:10:00,1,26,26243,2,4,1,6,"445 Montee de la Commanderie","44,5338810","5,0115140",202000013200,154 719 080,A01,3,1,6,0,3,1,5,NULL,202000013200,154 719 080,A01,1,1,3,1,2000,5,0,-1,-1,0,0,-1,202000013200,4,"445 Montée de la Commanderie ",-1,NULL,2,2,0,2,(1),(1),3,NULL," -1",1,0,8,50
202000013876,11,10,2020,16:52:00,1,94,94046,2,9,1,3,"PROFESSEUR CADIOT (AV DU)","48,8050800","2,4318100",202000013876,154 717 883,B01,2,1,0,9,2,25,5,NULL,202000013876,154 717 883,B01,1,1,1,1,1955,5,8,0,-1,-1," -1",-1,202000013876,3,6,0,NULL,2,1,3,1,0,1,1,NULL," -1",1,6,4,2
202000013876,11,10,2020,16:52:00,1,94,94046,2,9,1,3,"PROFESSEUR CADIOT (AV DU)","48,8050800","2,4318100",202000013876,154 717 883,B01,2,1,0,9,2,25,5,NULL,202000013876,154 717 884,A01,1,1,4,1,1972,1,8,0,-1,-1," -1",-1,202000013876,3,6,0,NULL,2,1,3,1,0,1,1,NULL," -1",1,6,4,2
202000014413,18,11,2020,16:20:00,1,75,75116,2,2,1,3,"AVENUE KLEBER","48,8650430","2,2887110",202000014413,154 716 973,B01,2,1,0,2,1,2,5,NULL,202000014413,154 716 973,B01,1,1,4,2,1977,1,2,6,-1,0,0,-1,202000014413,4,NULL,0,NULL,2,4,0,1,0,0,1,NULL," -1",1,0,1,50
202000014413,18,11,2020,16:20:00,1,75,75116,2,2,1,3,"AVENUE KLEBER","48,8650430","2,2887110",202000014413,154 716 973,B01,2,1,0,2,1,2,5,NULL,202000014413,154 716 974,A01,1,1,1,1,1947,1,1,0,-1,0,0,-1,202000014413,4,NULL,0,NULL,2,4,0,1,0,0,1,NULL," -1",1,0,1,50
202000015378,26,2,2020,09:00:00,1,75,75111,2,4,1,3,"RUE POPINCOURT","48,8585700","2,3765130",202000015378,154 715 248,A01,2,1,0,2,2,1,5,NULL,202000015378,154 715 247,B01,1,1,1,1,1996,1,1,0,-1,0,0,-1,202000015378,4,NULL,0,NULL,1,2,0,1,0,0,1,NULL,4,1,0,1,20
202000015378,26,2,2020,09:00:00,1,75,75111,2,4,1,3,"RUE POPINCOURT","48,8585700","2,3765130",202000015378,154 715 248,A01,2,1,0,2,2,1,5,NULL,202000015378,154 715 248,A01,1,1,4,2,1979,1,8,8,-1,0,0,-1,202000015378,4,NULL,0,NULL,1,2,0,1,0,0,1,NULL,4,1,0,1,20
202000016707,23,1,2020,12:30:00,1,94,94069,2,1,1,6,"EPINETTES (R DES)","48,8204500","2,4199200",202000016707,154 712 868,A01,3,1,0,1,1,1,5,NULL,202000016707,154 712 868,A01,10,3,4,2,1969,0,0,-1,-1,2,3,1,202000016707,4,"EPINETTES (R DES)",0,NULL,1,2,2,2,0,0,1,NULL," -1",1,0,5,30
202000016707,23,1,2020,12:30:00,1,94,94069,2,1,1,6,"EPINETTES (R DES)","48,8204500","2,4199200",202000016707,154 712 868,A01,3,1,0,1,1,1,5,NULL,202000016707,154 712 868,A01,1,1,1,1,2002,2,8,0,-1,-1,0,-1,202000016707,4,"EPINETTES (R DES)",0,NULL,1,2,2,2,0,0,1,NULL," -1",1,0,5,30
202000018097,16,11,2020,07:40:00,2,92,92024,2,1,8,-1,"VICTOR HUGO (BD)","48,8993404","2,3135490",202000018097,154 710 389,B01,2,1,1,2,8,21,5,NULL,202000018097,154 710 388,A01,1,1,1,1,1985,4,8,0,-1,-1," -1",-1,202000018097,3,912,0,NULL,2,4,0,1,0,0,1,NULL," -1",1,0,1,50
202000018097,16,11,2020,07:40:00,2,92,92024,2,1,8,-1,"VICTOR HUGO (BD)","48,8993404","2,3135490",202000018097,154 710 389,B01,2,1,1,2,8,21,5,NULL,202000018097,154 710 389,B01,1,1,4,1,1991,1,2,0,-1,-1," -1",-1,202000018097,3,912,0,NULL,2,4,0,1,0,0,1,NULL," -1",1,0,1,50
202000021084,9,9,2020,09:30:00,1,75,75115,2,4,1,3,"RUE DE LA CROIX NIVERT","48,8344150","2,2899420",202000021084,154 705 111,B01,1,1,0,2,1,1,5,NULL,202000021084,154 705 111,B01,1,1,4,2,1993,9,2,0,-1,0,0,-1,202000021084,4,NULL,0,NULL,2,2,0,2,0,0,1,NULL," -1",1,0,1,50
202000021084,9,9,2020,09:30:00,1,75,75115,2,4,1,3,"RUE DE LA CROIX NIVERT","48,8344150","2,2899420",202000021084,154 705 111,B01,1,1,0,2,1,1,5,NULL,202000021084,154 705 112,A01,1,1,1,2,1965,1,1,0,-1,0,0,-1,202000021084,4,NULL,0,NULL,2,2,0,2,0,0,1,NULL," -1",1,0,1,50
202000021097,9,9,2020,22:10:00,5,75,75102,2,1,1,3,"BOULEVARD DE SEBASTOPOL","48,8656840","2,3522240",202000021097,154 705 089,B01,1,1,0,2,1,1,5,NULL,202000021097,154 705 088,A01,1,1,1,1,1972,9,8,8,-1,0,0,-1,202000021097,4,NULL,0,NULL,2,2,1,1,0,0,1,NULL," -1",1,-1,5,50
202000021097,9,9,2020,22:10:00,5,75,75102,2,1,1,3,"BOULEVARD DE SEBASTOPOL","48,8656840","2,3522240",202000021097,154 705 089,B01,1,1,0,2,1,1,5,NULL,202000021097,154 705 089,B01,1,1,4,1,1970,9,2,0,-1,0,0,-1,202000021097,4,NULL,0,NULL,2,2,1,1,0,0,1,NULL," -1",1,-1,5,50
202000023037,8,9,2020,16:40:00,1,75,75117,2,4,1,3,"AVENUE DE CLICHY","48,8862870","2,3261660",202000023037,154 701 693,A01,2,1,0,2,5,1,5,NULL,202000023037,154 701 693,A01,1,1,4,2,2004,9,2,0,-1,0,0,-1,202000023037,4,NULL,0,NULL,2,3,1,1,0,0,1,NULL," -1",1,-1,5,50
202000025261,6,8,2020,08:10:00,1,75,75107,2,1,1,6,"PORT DES INVALIDES","48,8631350","2,3143150",202000025261,154 697 776,A01,3,1,0,1,1,1,5,NULL,202000025261,154 697 776,A01,1,1,1,1,1995,9,2,0,-1,0,0,-1,202000025261,4,NULL,0,NULL,1,1,0,1,0,0,1,NULL," -1",1,6,1,30
202000025261,6,8,2020,08:10:00,1,75,75107,2,1,1,6,"PORT DES INVALIDES","48,8631350","2,3143150",202000025261,154 697 776,A01,3,1,0,1,1,1,5,NULL,202000025261,154 697 776,A01,10,3,4,2,1995,9,0,-1,-1,9,5,1,202000025261,4,NULL,0,NULL,1,1,0,1,0,0,1,NULL," -1",1,6,1,30
202000025370,6,6,2020,14:20:00,1,35,35238,2,1,1,3,"ISLY (RUE D')","48,1056100"," -1,6775300",202000025370,154 697 575,B01,0,1,0,2,0,0,0,NULL,202000025370,154 697 575,B01,1,1,4,1,2000,1,8,0,-1,-1," -1",-1,202000025370,4,"ISLY (RUE D')",0,NULL,2,4,1,1,(1),(1),1,NULL," -1",1,1,1,50
202000025370,6,6,2020,14:20:00,1,35,35238,2,1,1,3,"ISLY (RUE D')","48,1056100"," -1,6775300",202000025370,154 697 575,B01,0,1,0,2,0,0,0,NULL,202000025370,154 697 576,A01,1,1,1,2,1967,5,1,8,-1,-1," -1",-1,202000025370,4,"ISLY (RUE D')",0,NULL,2,4,1,1,(1),(1),1,NULL," -1",1,1,1,50
202000027124,8,4,2020,22:23:00,5,75,75115,2,2,1,6,"RUE DE DANTZIG","48,8335040","2,2986920",202000027124,154 694 546,A01,1,1,1,0,1,14,5,NULL,202000027124,154 694 546,A01,1,1,3,1,1968,9,8,0,-1,0,0,-1,202000027124,4,NULL,0,NULL,-1,2,0,2,0,0,1,NULL,5,1,0,1,50
202000028614,14,2,2020,15:30:00,2,77,77168,1,9,8,-1,A104,"48,1758840","2,8717610",202000028614,154 691 932,B01,0,1,0,2,6,1,5,NULL,202000028614,154 691 931,A01,1,1,1,1,1991,4,1,-1,-1,0,0,-1,202000028614,6,0,0,NULL,-1,-1,0,1,0,0,1,NULL," -1",1,0,8,50
202000028614,14,2,2020,15:30:00,2,77,77168,1,9,8,-1,A104,"48,1758840","2,8717610",202000028614,154 691 932,B01,0,1,0,2,6,1,5,NULL,202000028614,154 691 932,B01,1,1,3,1,1949,5,2,-1,-1,0,0,-1,202000028614,6,0,0,NULL,-1,-1,0,1,0,0,1,NULL," -1",1,0,8,50
202000029165,4,8,2020,08:30:00,1,72,72381,1,6,1,3,"giratoire D23 / D326","47,9385800","0,1115910",202000029165,154 691 006,B01,2,1,0,2,8,1,5,NULL,202000029165,154 691 006,B01,1,1,4,1,1973,5,2,-1,-1,0,0,-1,202000029165,3,23,0,D,2,2,0,1,(1),(1),2,NULL," -1",1,5,1,90