Num_Acc,jour,mois,an,hrmn,lum,dep,com,agg,int,atm,col,adr,lat,long,Num_Acc,id_vehicule,num_veh,senc,catv,obs,obsm,choc,manv,motor,occutc,Num_Acc,id_vehicule,num_veh,place,catu,grav,sexe,an_nais,trajet,secu1,secu2,secu3,locp,actp,etatp,Num_Acc,catr,voie,v1,v2,circ,nbv,vosp,prof,pr,pr1,plan,lartpc,larrout,surf,infra,situ,vma
202000029165,4,8,2020,08:30:00,1,72,72381,1,6,1,3,"giratoire D23 / D326","47,9385800","0,1115910",202000029165,154 691 006,B01,2,1,0,2,8,1,5,NULL,202000029165,154 691 007,A01,1,1,1,1,1973,1,1,-1,-1,0,0,-1,202000029165,3,23,0,D,2,2,0,1,(1),(1),2,NULL," -1",1,5,1,90
202000029359,1,11,2020,11:15:00,1,54,54274,2,6,1,3,RD400,"48,6681800","6,2085700",202000029359,154 690 655,B01,2,1,0,2,1,1,5,NULL,202000029359,154 690 654,A01,1,1,1,2,1973,9,1,0,-1,0,0,-1,202000029359,3,400,0,NULL,2,2,0,1,39,685,1,NULL," -1",1,0,1,50
202000029359,1,11,2020,11:15:00,1,54,54274,2,6,1,3,RD400,"48,6681800","6,2085700",202000029359,154 690 655,B01,2,1,0,2,1,1,5,NULL,202000029359,154 690 655,B01,1,1,4,1,1962,9,8,0,-1,-1," -1",-1,202000029359,3,400,0,NULL,2,2,0,1,39,685,1,NULL," -1",1,0,1,50
202000030522,14,2,2020,16:50:00,1,37,37261,2,3,1,3,"VARENNES (ALLEE DE)","47,3859609","0,6962468",202000030522,154 688 623,A01,3,1,0,2,1,1,5,NULL,202000030522,154 688 623,A01,1,1,4,1,1976,5,2,0,-1,-1," -1",-1,202000030522,4,NULL,0,NULL,2,2,0,1,0,0,1,NULL," -1",1,0,1,50
202000030522,14,2,2020,16:50:00,1,37,37261,2,3,1,3,"VARENNES (ALLEE DE)","47,3859609","0,6962468",202000030522,154 688 623,A01,3,1,0,2,1,1,5,NULL,202000030522,154 688 624,B01,1,1,1,1,1996,5,1,8,-1,-1," -1",-1,202000030522,4,NULL,0,NULL,2,2,0,1,0,0,1,NULL," -1",1,0,1,50
202000031668,30,9,2020,15:50:00,1,77,77101,2,1,8,3,D75,"48,4132940","3,1004410",202000031668,154 686 707,B01,1,1,0,2,1,1,0,NULL,202000031668,154 686 707,B01,1,1,4,2,1980,5,2,-1,-1,0,0,-1,202000031668,3,75,0,NULL,2,2,0,1,38,91,3,NULL," -1",1,2,1,50
202000031668,30,9,2020,15:50:00,1,77,77101,2,1,8,3,D75,"48,4132940","3,1004410",202000031668,154 686 707,B01,1,1,0,2,1,1,0,NULL,202000031668,154 686 708,A01,1,1,1,1,1962,1,1,-1,-1,0,0,-1,202000031668,3,75,0,NULL,2,2,0,1,38,91,3,NULL," -1",1,2,1,50
202000035680,30,5,2020,14:50:00,1,75,75114,2,1,1,3,"AVENUE DU GENERAL LECLERC","48,8236447","2,3256404",202000035680,154 679 682,B01,2,1,0,2,1,1,5,NULL,202000035680,154 679 682,B01,1,1,4,1,1963,9,8,2,-1,0,0,-1,202000035680,4,NULL,0,NULL,2,5,1,1,0,0,1,NULL," -1",1,-1,5,50
202000035680,30,5,2020,14:50:00,1,75,75114,2,1,1,3,"AVENUE DU GENERAL LECLERC","48,8236447","2,3256404",202000035680,154 679 682,B01,2,1,0,2,1,1,5,NULL,202000035680,154 679 684,A01,1,1,1,1,1984,9,1,0,-1,0,0,-1,202000035680,4,NULL,0,NULL,2,5,1,1,0,0,1,NULL," -1",1,-1,5,50
202000036570,31,8,2020,12:27:00,1,87,87085,2,1,1,3,"LANDOUGE (AVENUE DE)","45,8428100","1,1937300",202000036570,154 678 082,B01,2,1,0,2,8,1,5,NULL,202000036570,154 678 082,B01,1,1,3,1,1957,5,2,0,-1,-1," -1",-1,202000036570,4,"LANDOUGE (AVENUE DE)",0,NULL,2,2,0,1,0,0,1,NULL," -1",1,0,1,50
202000036570,31,8,2020,12:27:00,1,87,87085,2,1,1,3,"LANDOUGE (AVENUE DE)","45,8428100","1,1937300",202000036570,154 678 082,B01,2,1,0,2,8,1,5,NULL,202000036570,154 678 084,A01,1,1,1,1,1983,4,1,0,-1,-1," -1",-1,202000036570,4,"LANDOUGE (AVENUE DE)",0,NULL,2,2,0,1,0,0,1,NULL," -1",1,0,1,50
202000039169,30,11,2020,19:30:00,5,64,64445,2,9,1,3,"YITZHAK RABIN","43,3079400"," -0,3393800",202000039169,154 673 492,B01,3,1,0,2,6,1,5,NULL,202000039169,154 673 492,B01,1,1,4,1,1995,5,8,0,-1,-1," -1",-1,202000039169,4,NULL,0,NULL,1,2,2,1,0,0,2,NULL," -1",1,0,5,30
202000039169,30,11,2020,19:30:00,5,64,64445,2,9,1,3,"YITZHAK RABIN","43,3079400"," -0,3393800",202000039169,154 673 492,B01,3,1,0,2,6,1,5,NULL,202000039169,154 673 494,A01,1,1,1,1,1969,5,1,0,-1,0,0,-1,202000039169,4,NULL,0,NULL,1,2,2,1,0,0,2,NULL," -1",1,0,5,30
202000039349,7,12,2020,07:30:00,2,36,36064,1,1,8,2,NULL,"46,8290468","1,7980400",202000039349,154 673 185,B01,1,1,0,0,4,2,5,NULL,202000039349,154 673 183,A01,1,1,1,1,1965,1,1,-1,-1,0,0,-1,202000039349,3,925,-1,NULL,2,2,0,1,25,980,1,NULL," -1",2,0,1,90
202000039349,7,12,2020,07:30:00,2,36,36064,1,1,8,2,NULL,"46,8290468","1,7980400",202000039349,154 673 185,B01,1,1,0,0,4,2,5,NULL,202000039349,154 673 185,B01,1,1,3,1,1968,1,2,4,9,0,0,-1,202000039349,3,925,-1,NULL,2,2,0,1,25,980,1,NULL," -1",2,0,1,90
202000039683,1,7,2020,06:00:00,3,37,37001,1,1,1,3,"57 Route du Blanc","46,9623654","0,7054625",202000039683,154 672 612,B01,1,1,0,2,6,2,5,NULL,202000039683,154 672 611,A01,1,1,1,1,1999,5,1,-1,-1,0,0,-1,202000039683,3,750,-1,NULL,2,2,0,1,10,600,1,NULL," -1",1,0,1,80
202000039683,1,7,2020,06:00:00,3,37,37001,1,1,1,3,"57 Route du Blanc","46,9623654","0,7054625",202000039683,154 672 612,B01,1,1,0,2,6,2,5,NULL,202000039683,154 672 612,B01,1,1,3,1,1962,5,4,-1,-1,0,0,-1,202000039683,3,750,-1,NULL,2,2,0,1,10,600,1,NULL," -1",1,0,1,80
202000041198,29,7,2020,00:49:00,3,17,17064,2,1,1,2,"1 Route de Taupignac","45,6755228"," -1,0566818",202000041198,154 669 960,A01,1,1,0,2,4,2,5,NULL,202000041198,154 669 959,B01,1,1,1,1,1984,4,8,-1,-1,0,0,-1,202000041198,3,140,-1,NULL,2,2,0,1,6,0,1,NULL," -1",1,0,1,50
202000041198,29,7,2020,00:49:00,3,17,17064,2,1,1,2,"1 Route de Taupignac","45,6755228"," -1,0566818",202000041198,154 669 960,A01,1,1,0,2,4,2,5,NULL,202000041198,154 669 960,A01,1,1,3,1,2001,5,0,-1,-1,0,0,-1,202000041198,3,140,-1,NULL,2,2,0,1,6,0,1,NULL," -1",1,0,1,50
202000042981,4,2,2020,18:08:00,1,87,87085,2,1,1,1,"BICHET (IMPASSE CHARLES)","45,8188500","1,2626600",202000042981,154 666 733,A01,2,1,0,2,8,13,0,NULL,202000042981,154 666 733,A01,1,1,4,1,1997,5,8,8,-1,-1," -1",-1,202000042981,4,"BICHET (IMPASSE CHARLES)",0,NULL,2,2,0,2,0,0,1,NULL," -1",1,0,1,50
202000042981,4,2,2020,18:08:00,1,87,87085,2,1,1,1,"BICHET (IMPASSE CHARLES)","45,8188500","1,2626600",202000042981,154 666 733,A01,2,1,0,2,8,13,0,NULL,202000042981,154 666 734,B01,1,1,1,1,1987,1,1,0,-1,-1," -1",-1,202000042981,4,"BICHET (IMPASSE CHARLES)",0,NULL,2,2,0,2,0,0,1,NULL," -1",1,0,1,50
202000043233,23,6,2020,16:25:00,1,21,21485,1,1,1,1,A38,"47,3371720","4,9554620",202000043233,154 666 267,B01,3,1,0,2,1,1,5,NULL,202000043233,154 666 267,B01,1,1,4,1,1973,5,2,-1,-1,0,0,-1,202000043233,4,NULL,-1,NULL,2,2,1,2,(1),(1),2,NULL," -1",1,0,1,-1
202000043233,23,6,2020,16:25:00,1,21,21485,1,1,1,1,A38,"47,3371720","4,9554620",202000043233,154 666 267,B01,3,1,0,2,1,1,5,NULL,202000043233,154 666 268,A01,1,1,1,1,1997,1,2,-1,-1,0,0,-1,202000043233,4,NULL,-1,NULL,2,2,1,2,(1),(1),2,NULL," -1",1,0,1,-1
202000043233,23,6,2020,16:25:00,1,21,21485,1,1,1,1,A38,"47,3371720","4,9554620",202000043233,154 666 267,B01,3,1,0,2,1,1,5,NULL,202000043233,154 666 268,A01,2,2,1,1,1996,5,2,-1,-1,0,0,-1,202000043233,4,NULL,-1,NULL,2,2,1,2,(1),(1),2,NULL," -1",1,0,1,-1
202000043991,22,9,2020,09:42:00,1,75,75107,2,2,1,2,"RUE DU BAC","48,8595630","2,3292760",202000043991,154 664 939,B01,2,1,0,2,6,1,5,NULL,202000043991,154 664 939,B01,1,1,4,2,1956,1,2,0,-1,0,0,-1,202000043991,4,NULL,0,NULL,1,3,0,2,0,0,1,NULL," -1",1,0,1,50
202000043991,22,9,2020,09:42:00,1,75,75107,2,2,1,2,"RUE DU BAC","48,8595630","2,3292760",202000043991,154 664 939,B01,2,1,0,2,6,1,5,NULL,202000043991,154 664 940,A01,1,1,1,2,1953,1,1,0,-1,0,0,-1,202000043991,4,NULL,0,NULL,1,3,0,2,0,0,1,NULL," -1",1,0,1,50
202000044362,25,6,2020,00:00:00,5,75,75112,2,4,7,6,"RUE DE LYON","48,8498110","2,3706090",202000044362,154 664 260,A01,2,1,12,0,1,13,5,NULL,202000044362,154 664 260,A01,1,1,3,2,1960,5,8,0,-1,0,0,-1,202000044362,4,NULL,0,NULL,2,3,1,1,0,0,1,NULL," -1",1,-1,5,50
202000044488,27,8,2020,18:00:00,1,08,08363,2,1,1,2,"28 Rue Pasteur","49,9400400","4,6367910",202000044488,154 664 050,B01,1,1,0,2,4,2,5,NULL,202000044488,154 664 050,B01,1,1,4,2,1956,5,0,-1,-1,0,0,-1,202000044488,3,988,-1,D,2,2,0,2,(1),(1),1,NULL," -1",1,0,1,50
202000044488,27,8,2020,18:00:00,1,08,08363,2,1,1,2,"28 Rue Pasteur","49,9400400","4,6367910",202000044488,154 664 050,B01,1,1,0,2,4,2,5,NULL,202000044488,154 664 052,A01,1,1,1,1,1999,9,1,-1,-1,0,0,-1,202000044488,3,988,-1,D,2,2,0,2,(1),(1),1,NULL," -1",1,0,1,50
202000044775,21,5,2020,10:50:00,1,29,29212,1,1,1,3,"50 Route de Kerarrouz","48,3735420"," -4,5948920",202000044775,154 663 520,C01,0,1,0,2,3,2,5,NULL,202000044775,154 663 513,A01,2,2,1,1,2001,5,8,-1,-1,0,0,-1,202000044775,4,"Route de Kerarrouz",-1,NULL,3,2,0,1,(1),(1),3,NULL," -1",1,0,1,50
202000044775,21,5,2020,10:50:00,1,29,29212,1,1,1,3,"50 Route de Kerarrouz","48,3735420"," -4,5948920",202000044775,154 663 520,C01,0,1,0,2,3,2,5,NULL,202000044775,154 663 513,A01,1,1,1,1,1968,5,1,-1,-1,0,0,-1,202000044775,4,"Route de Kerarrouz",-1,NULL,3,2,0,1,(1),(1),3,NULL," -1",1,0,1,50
202000044775,21,5,2020,10:50:00,1,29,29212,1,1,1,3,"50 Route de Kerarrouz","48,3735420"," -4,5948920",202000044775,154 663 520,C01,0,1,0,2,3,2,5,NULL,202000044775,154 663 520,C01,1,1,3,1,1977,5,2,-1,-1,0,0,-1,202000044775,4,"Route de Kerarrouz",-1,NULL,3,2,0,1,(1),(1),3,NULL," -1",1,0,1,50
202000045901,21,9,2020,09:30:00,1,37,37261,2,1,1,3,"SUEDE (RUE DE)","47,4328057","0,6863047",202000045901,154 661 608,B01,3,1,0,2,1,1,5,NULL,202000045901,154 661 608,B01,1,1,4,1,1951,5,8,0,-1,-1," -1",-1,202000045901,4,NULL,0,NULL,2,2,1,1,(1),(1),1,NULL," -1",1,0,5,50
202000045901,21,9,2020,09:30:00,1,37,37261,2,1,1,3,"SUEDE (RUE DE)","47,4328057","0,6863047",202000045901,154 661 608,B01,3,1,0,2,1,1,5,NULL,202000045901,154 661 609,A01,1,1,1,1,1985,4,1,0,-1,-1," -1",-1,202000045901,4,NULL,0,NULL,2,2,1,1,(1),(1),1,NULL," -1",1,0,5,50
202000045947,21,9,2020,08:10:00,1,75,75104,2,3,1,7,"RUE SAINT ANTOINE","48,8535050","2,3665300",202000045947,154 661 522,A01,1,1,0,0,2,21,5,NULL,202000045947,154 661 522,A01,1,1,4,2,1982,9,2,8,-1,0,0,-1,202000045947,4,NULL,0,NULL,2,3,1,1,0,0,1,NULL," -1",1,-1,5,50
202000047229,2,12,2020,07:45:00,5,41,41194,2,1,2,3,"Faubourg d'Orléans","47,3614140","1,7428340",202000047229,154 659 261,B01,0,1,1,0,2,1,5,NULL,202000047229,154 659 261,B01,1,1,4,1,2007,2,9,-1,-1,0,0,-1,202000047229,3,922,-1,D,2,2,0,1,(1),(1),1,NULL," -1",2,0,1,50
202000047229,2,12,2020,07:45:00,5,41,41194,2,1,2,3,"Faubourg d'Orléans","47,3614140","1,7428340",202000047229,154 659 261,B01,0,1,1,0,2,1,5,NULL,202000047229,154 659 263,A01,1,1,1,1,2002,0,8,-1,-1,0,0,-1,202000047229,3,922,-1,D,2,2,0,1,(1),(1),1,NULL," -1",2,0,1,50
202000047342,23,8,2020,19:35:00,1,41,41161,1,4,1,3,D44,"47,5443950","2,0740340",202000047342,154 659 064,B01,1,1,0,2,1,26,5,NULL,202000047342,154 659 061,A01,1,1,1,1,1977,5,8,-1,-1,0,0,-1,202000047342,3,44,-1,NULL,2,2,0,1,2,900,2,NULL," -1",1,0,1,80
202000047342,23,8,2020,19:35:00,1,41,41161,1,4,1,3,D44,"47,5443950","2,0740340",202000047342,154 659 064,B01,1,1,0,2,1,26,5,NULL,202000047342,154 659 064,B01,1,1,3,1,2014,5,8,-1,-1,0,0,-1,202000047342,3,44,-1,NULL,2,2,0,1,2,900,2,NULL," -1",1,0,1,80
202000008250,20,8,2020,12:00:00,1,05,05145,2,1,1,-1,D944,"44,6678480","6,2305190",202000008250,154 727 734,A01,2,1,12,2,1,1,5,NULL,202000008250,154 727 734,A01,1,1,4,1,2001,5,2,-1,-1,0,0,-1,202000008250,3,944,0,NULL,2,2,0,1,19,0,1,NULL," -1",1,0,1,50
202000008250,20,8,2020,12:00:00,1,05,05145,2,1,1,-1,D944,"44,6678480","6,2305190",202000008250,154 727 734,A01,2,1,12,2,1,1,5,NULL,202000008250,154 727 735,B01,1,1,1,1,1995,4,8,-1,-1,0,0,-1,202000008250,3,944,0,NULL,2,2,0,1,19,0,1,NULL," -1",1,0,1,50
202000008332,30,12,2020,15:25:00,1,31,31555,2,1,2,3,"DIEBOLD (Place)","43,5978200","1,4304500",202000008332,154 727 593,B01,1,1,0,2,0,19,5,NULL,202000008332,154 727 593,B01,1,1,4,2,1991,0,2,0,-1,-1," -1",-1,202000008332,4,"DIEBOLD (Place)",0,NULL,-1,2,0,1,0,0,1,NULL," -1",2,0,1,50
202000008332,30,12,2020,15:25:00,1,31,31555,2,1,2,3,"DIEBOLD (Place)","43,5978200","1,4304500",202000008332,154 727 593,B01,1,1,0,2,0,19,5,NULL,202000008332,154 727 594,A01,1,1,1,1,1936,0,1,0,-1,-1," -1",-1,202000008332,4,"DIEBOLD (Place)",0,NULL,-1,2,0,1,0,0,1,NULL," -1",2,0,1,50
202000012605,11,5,2020,13:17:00,1,988,98818,2,1,1,3,"VELODROME (ROUTE DU)"," -22,2904700","166,4452100",202000012605,154 720 109,B01,1,1,0,2,8,1,5,NULL,202000012605,154 720 109,B01,1,1,4,2,1975,5,8,0,-1,-1," -1",-1,202000012605,4,879,0,NULL,2,2,0,2,0,0,1,NULL," -1",1,0,1,50
202000013946,10,10,2020,18:35:00,1,69,69387,2,3,1,1,"FILLON                              (QU)","45,7177000","4,8260400",202000013946,154 717 768,B01,3,1,0,2,1,0,5,NULL,202000013946,154 717 768,B01,1,1,4,1,1961,9,8,0,-1,-1," -1",-1,202000013946,4,NULL,0,NULL,2,2,0,1,0,0,2,NULL," -1",1,0,1,50
202000013946,10,10,2020,18:35:00,1,69,69387,2,3,1,1,"FILLON                              (QU)","45,7177000","4,8260400",202000013946,154 717 768,B01,3,1,0,2,1,0,5,NULL,202000013946,154 717 769,A01,2,2,1,2,2003,5,1,0,-1,-1," -1",-1,202000013946,4,NULL,0,NULL,2,2,0,1,0,0,2,NULL," -1",1,0,1,50
202000013946,10,10,2020,18:35:00,1,69,69387,2,3,1,1,"FILLON                              (QU)","45,7177000","4,8260400",202000013946,154 717 768,B01,3,1,0,2,1,0,5,NULL,202000013946,154 717 769,A01,1,1,1,1,2002,5,1,0,-1,-1," -1",-1,202000013946,4,NULL,0,NULL,2,2,0,1,0,0,2,NULL," -1",1,0,1,50
202000015116,14,7,2020,15:25:00,1,75,75102,2,2,8,3,"BOULEVARD DE SEBASTOPOL","48,8633980","2,3509560",202000015116,154 715 701,B01,3,1,0,2,0,19,5,NULL,202000015116,154 715 701,B01,1,1,4,1,1977,9,8,0,-1,0,0,-1,202000015116,4,NULL,0,NULL,1,4,1,1,0,0,1,NULL," -1",1,-1,5,50
202000015116,14,7,2020,15:25:00,1,75,75102,2,2,8,3,"BOULEVARD DE SEBASTOPOL","48,8633980","2,3509560",202000015116,154 715 701,B01,3,1,0,2,0,19,5,NULL,202000015116,154 715 703,A01,1,1,1,2,1994,9,1,0,-1,0,0,-1,202000015116,4,NULL,0,NULL,1,4,1,1,0,0,1,NULL," -1",1,-1,5,50
202000015436,14,6,2020,18:55:00,1,94,94052,2,9,1,1,"STRASBOURG (BD DE)","48,8464500","2,4913500",202000015436,154 715 144,B01,1,1,0,2,3,1,5,NULL,202000015436,154 715 144,B01,1,1,4,1,1978,5,8,0,-1,-1," -1",-1,202000015436,3,86,0,NULL,2,4,2,2,1,0,1,NULL,12,1,0,5,50
202000015436,14,6,2020,18:55:00,1,94,94052,2,9,1,1,"STRASBOURG (BD DE)","48,8464500","2,4913500",202000015436,154 715 144,B01,1,1,0,2,3,1,5,NULL,202000015436,154 715 145,A01,1,1,1,1,1973,0,1,0,-1,-1," -1",-1,202000015436,3,86,0,NULL,2,4,2,2,1,0,1,NULL,12,1,0,5,50
202000017464,13,6,2020,10:15:00,1,60,60641,2,3,1,1,"Grande Rue","49,4708400","3,0082640",202000017464,154 711 518,B01,1,1,0,2,1,1,5,NULL,202000017464,154 711 517,A01,1,1,1,1,1947,5,1,-1,-1,0,0,-1,202000017464,3,16,-1,NULL,2,2,0,1,15,970,1,NULL," -1",1,0,1,50
202000017464,13,6,2020,10:15:00,1,60,60641,2,3,1,1,"Grande Rue","49,4708400","3,0082640",202000017464,154 711 518,B01,1,1,0,2,1,1,5,NULL,202000017464,154 711 518,B01,1,1,4,1,1975,5,2,-1,-1,0,0,-1,202000017464,3,16,-1,NULL,2,2,0,1,15,970,1,NULL," -1",1,0,1,50
202000018073,19,12,2020,11:55:00,1,05,05061,2,3,2,3,"PRE DE FOIRE ( RUE DU )","44,5549600","6,0746100",202000018073,154 710 434,B01,2,1,0,2,1,19,5,NULL,202000018073,154 710 433,A01,1,1,1,1,1966,5,1,0,-1,0,0,-1,202000018073,2,"CONTRE ALLEE ALBERT LATY",0,NULL,2,1,1,1,38,285,1,NULL," -1",2,0,1,50
202000018073,19,12,2020,11:55:00,1,05,05061,2,3,2,3,"PRE DE FOIRE ( RUE DU )","44,5549600","6,0746100",202000018073,154 710 434,B01,2,1,0,2,1,19,5,NULL,202000018073,154 710 434,B01,1,1,4,1,1988,5,2,8,-1,0,0,-1,202000018073,2,"CONTRE ALLEE ALBERT LATY",0,NULL,2,1,1,1,38,285,1,NULL," -1",2,0,1,50
202000018184,15,11,2020,13:30:00,1,976,97608,2,1,1,-1,"Boulevard des Amoureux"," -12,7858290","45,2792720",202000018184,154 710 247,B01,2,1,3,0,0,2,5,NULL,202000018184,154 710 247,B01,1,1,3,1,2007,5,0,-1,-1,0,0,-1,202000018184,3,15,-1,D,2,2,0,1,(1),(1),1,NULL," -1",1,0,4,30
202000018184,15,11,2020,13:30:00,1,976,97608,2,1,1,-1,"Boulevard des Amoureux"," -12,7858290","45,2792720",202000018184,154 710 247,B01,2,1,3,0,0,2,5,NULL,202000018184,154 710 248,A01,2,2,1,2,1974,5,8,-1,-1,0,0,-1,202000018184,3,15,-1,D,2,2,0,1,(1),(1),1,NULL," -1",1,0,4,30
202000018184,15,11,2020,13:30:00,1,976,97608,2,1,1,-1,"Boulevard des Amoureux"," -12,7858290","45,2792720",202000018184,154 710 247,B01,2,1,3,0,0,2,5,NULL,202000018184,154 710 248,A01,1,1,1,1,1959,5,8,-1,-1,0,0,-1,202000018184,3,15,-1,D,2,2,0,1,(1),(1),1,NULL," -1",1,0,4,30
202000018506,21,1,2020,09:24:00,1,93,93029,2,1,7,3,"AV JEAN JAURES","48,9199800","2,4507000",202000018506,154 709 697,B01,1,1,0,2,8,1,5,NULL,202000018506,154 709 697,B01,1,1,4,2,1992,0,2,0,-1,-1," -1",-1,202000018506,3,30,0,NULL,2,2,3,1,0,1,1,NULL," -1",7,8,3,50
202000018506,21,1,2020,09:24:00,1,93,93029,2,1,7,3,"AV JEAN JAURES","48,9199800","2,4507000",202000018506,154 709 697,B01,1,1,0,2,8,1,5,NULL,202000018506,154 709 698,A01,1,1,1,1,1998,1,1,8,-1,-1," -1",-1,202000018506,3,30,0,NULL,2,2,3,1,0,1,1,NULL," -1",7,8,3,50
202000019499,7,10,2020,08:30:00,1,64,64102,2,1,3,7,"LACHEPAILLET (RUE DES REMPARTS)","43,4924400"," -1,4786700",202000019499,154 707 886,A01,1,1,0,0,0,1,5,NULL,202000019499,154 707 886,A01,1,1,4,1,1989,5,8,0,-1,-1," -1",-1,202000019499,4,"LACHEPAILLET (RUE DES REMPARTS)",0,NULL,2,2,0,2,0,0,3,NULL," -1",2,0,1,50
202000019528,7,10,2020,17:10:00,1,41,41212,2,1,1,3,"CHAMBORD (ROUTE DE)","47,5778180","1,3667050",202000019528,154 707 841,B01,1,1,0,2,7,1,5,NULL,202000019528,154 707 839,A01,1,1,1,1,1962,9,1,8,-1,-1," -1",-1,202000019528,3,33,0,NULL,1,2,0,1,1,150,2,NULL," -1",1,9,1,50
202000019528,7,10,2020,17:10:00,1,41,41212,2,1,1,3,"CHAMBORD (ROUTE DE)","47,5778180","1,3667050",202000019528,154 707 841,B01,1,1,0,2,7,1,5,NULL,202000019528,154 707 841,B01,1,1,4,1,1972,9,9,-1,-1,-1," -1",-1,202000019528,3,33,0,NULL,1,2,0,1,1,150,2,NULL," -1",1,9,1,50
202000020738,10,7,2020,11:30:00,1,67,67482,2,3,1,3,"RHIN TORTU (RUE DU)","48,5511283","7,7579402",202000020738,154 705 743,B01,1,1,0,2,1,1,5,NULL,202000020738,154 705 742,A01,1,1,1,1,1960,1,1,8,-1,-1," -1",-1,202000020738,4,NULL,0,NULL,2,2,1,1,0,0,1,NULL," -1",1,0,1,50
202000020738,10,7,2020,11:30:00,1,67,67482,2,3,1,3,"RHIN TORTU (RUE DU)","48,5511283","7,7579402",202000020738,154 705 743,B01,1,1,0,2,1,1,5,NULL,202000020738,154 705 743,B01,1,1,4,1,1984,1,2,8,-1,-1," -1",-1,202000020738,4,NULL,0,NULL,2,2,1,1,0,0,1,NULL," -1",1,0,1,50
202000021305,9,6,2020,13:50:00,1,75,75117,2,3,1,7,"AVENUE DE CLICHY","48,8905550","2,3202580",202000021305,154 704 727,A01,1,1,0,0,1,1,5,NULL,202000021305,154 704 727,A01,1,1,4,1,1959,1,2,0,-1,0,0,-1,202000021305,4,NULL,0,NULL,2,2,2,1,0,0,1,NULL," -1",1,-1,5,30
202000022044,15,12,2020,16:00:00,1,59,59178,2,2,1,3,"SAINT WAAST","50,3744200","3,0798500",202000022044,154 703 420,B01,2,1,0,2,8,9,5,NULL,202000022044,154 703 419,A01,1,1,1,2,1981,9,1,0,-1,-1," -1",-1,202000022044,4,"SAINT WAAST",0,NULL,1,2,0,1,0,0,1,NULL," -1",1,5,1,30
202000022044,15,12,2020,16:00:00,1,59,59178,2,2,1,3,"SAINT WAAST","50,3744200","3,0798500",202000022044,154 703 420,B01,2,1,0,2,8,9,5,NULL,202000022044,154 703 420,B01,1,1,3,1,1983,1,8,0,-1,-1," -1",-1,202000022044,4,"SAINT WAAST",0,NULL,1,2,0,1,0,0,1,NULL," -1",1,5,1,30
202000022887,19,2,2020,11:30:00,1,75,75105,2,1,1,6,"RUE PIERRE BROSSOLETTE","48,8418790","2,3475740",202000022887,154 701 965,A01,1,1,1,0,1,21,5,NULL,202000022887,154 701 965,A01,1,1,4,1,1967,5,2,0,-1,0,0,-1,202000022887,4,NULL,0,NULL,2,2,0,1,2,0,1,NULL," -1",1,0,1,30
202000022985,7,9,2020,12:35:00,1,60,60057,2,1,1,6,"CARREFOUR D'AMIENS","49,4358200","2,0865500",202000022985,154 701 787,A01,0,1,0,2,3,26,0,NULL,202000022985,154 701 787,A01,1,1,4,1,1960,0,8,0,-1,-1," -1",-1,202000022985,4,NULL,0,NULL,1,2,1,2,(1),(1),1,NULL," -1",1,0,5,50
202000025066,6,8,2020,09:00:00,1,26,26037,1,3,1,5,"Route de Crest","44,8984780","4,9407420",202000025066,154 698 126,B01,2,1,0,2,1,1,5,NULL,202000025066,154 698 125,C01,1,1,4,1,1951,5,2,-1,-1,0,0,-1,202000025066,3,538,-1,A,2,3,0,1,12,70,3,NULL," -1",1,5,1,80
202000025066,6,8,2020,09:00:00,1,26,26037,1,3,1,5,"Route de Crest","44,8984780","4,9407420",202000025066,154 698 125,C01,2,1,0,2,1,1,5,NULL,202000025066,154 698 125,C01,1,1,4,1,1951,5,2,-1,-1,0,0,-1,202000025066,3,538,-1,A,2,3,0,1,12,70,3,NULL," -1",1,5,1,80
202000025066,6,8,2020,09:00:00,1,26,26037,1,3,1,5,"Route de Crest","44,8984780","4,9407420",202000025066,154 698 126,B01,2,1,0,2,1,1,5,NULL,202000025066,154 698 126,B01,1,1,4,1,1952,5,0,-1,-1,0,0,-1,202000025066,3,538,-1,A,2,3,0,1,12,70,3,NULL," -1",1,5,1,80
202000025066,6,8,2020,09:00:00,1,26,26037,1,3,1,5,"Route de Crest","44,8984780","4,9407420",202000025066,154 698 125,C01,2,1,0,2,1,1,5,NULL,202000025066,154 698 126,B01,1,1,4,1,1952,5,0,-1,-1,0,0,-1,202000025066,3,538,-1,A,2,3,0,1,12,70,3,NULL," -1",1,5,1,80
202000025066,6,8,2020,09:00:00,1,26,26037,1,3,1,5,"Route de Crest","44,8984780","4,9407420",202000025066,154 698 126,B01,2,1,0,2,1,1,5,NULL,202000025066,154 698 127,A01,1,1,1,1,1950,5,1,-1,-1,0,0,-1,202000025066,3,538,-1,A,2,3,0,1,12,70,3,NULL," -1",1,5,1,80
202000025066,6,8,2020,09:00:00,1,26,26037,1,3,1,5,"Route de Crest","44,8984780","4,9407420",202000025066,154 698 125,C01,2,1,0,2,1,1,5,NULL,202000025066,154 698 127,A01,1,1,1,1,1950,5,1,-1,-1,0,0,-1,202000025066,3,538,-1,A,2,3,0,1,12,70,3,NULL," -1",1,5,1,80