Num_Acc,jour,mois,an,hrmn,lum,dep,com,agg,int,atm,col,adr,lat,long,Num_Acc,id_vehicule,num_veh,senc,catv,obs,obsm,choc,manv,motor,occutc,Num_Acc,id_vehicule,num_veh,place,catu,grav,sexe,an_nais,trajet,secu1,secu2,secu3,locp,actp,etatp,Num_Acc,catr,voie,v1,v2,circ,nbv,vosp,prof,pr,pr1,plan,lartpc,larrout,surf,infra,situ,vma
202000026079,14,12,2020,18:00:00,5,75,75115,2,1,8,6,"RUE DE LA CONVENTION","48,8366220","2,2985590",202000026079,154 696 378,A01,2,1,0,1,1,1,5,NULL,202000026079,154 696 378,A01,10,3,4,2,1943,5,0,-1,-1,2,3,1,202000026079,4,"RUE DE LA CONVENTION",0,NULL,2,2,1,2,0,0,1,NULL," -1",2,-1,5,50
202000026079,14,12,2020,18:00:00,5,75,75115,2,1,8,6,"RUE DE LA CONVENTION","48,8366220","2,2985590",202000026079,154 696 378,A01,2,1,0,1,1,1,5,NULL,202000026079,154 696 378,A01,1,1,1,1,1981,9,2,0,-1,0,0,-1,202000026079,4,"RUE DE LA CONVENTION",0,NULL,2,2,1,2,0,0,1,NULL," -1",2,-1,5,50
202000026384,8,7,2020,16:15:00,1,75,75116,2,1,1,3,"VOIE GEORGES POMPIDOU","48,8569240","2,2872810",202000026384,154 695 835,B01,1,1,0,2,1,1,5,NULL,202000026384,154 695 835,B01,1,1,4,1,1985,9,0,-1,-1,0,0,-1,202000026384,4,NULL,0,NULL,1,1,1,1,0,0,1,NULL," -1",1,-1,5,50
202000026384,8,7,2020,16:15:00,1,75,75116,2,1,1,3,"VOIE GEORGES POMPIDOU","48,8569240","2,2872810",202000026384,154 695 835,B01,1,1,0,2,1,1,5,NULL,202000026384,154 695 836,A01,1,1,1,1,1990,5,1,0,-1,0,0,-1,202000026384,4,NULL,0,NULL,1,1,1,1,0,0,1,NULL," -1",1,-1,5,50
202000026553,14,2,2020,16:20:00,1,40,40192,2,1,1,5,"PANAY (AVENUE DAVID)","43,9003000"," -0,5115000",202000026553,154 695 531,A01,3,1,0,2,1,19,0,NULL,202000026553,154 695 530,B01,1,1,1,1,1979,4,1,0,-1,-1," -1",-1,202000026553,4,"PANAY (AVENUE DAVID)",0,NULL,2,2,0,1,(1),(1),1,NULL," -1",2,9,1,50
202000026553,14,2,2020,16:20:00,1,40,40192,2,1,1,5,"PANAY (AVENUE DAVID)","43,9003000"," -0,5115000",202000026553,154 695 531,A01,3,1,0,2,1,19,0,NULL,202000026553,154 695 531,A01,1,1,3,1,2007,5,8,0,-1,-1," -1",-1,202000026553,4,"PANAY (AVENUE DAVID)",0,NULL,2,2,0,1,(1),(1),1,NULL," -1",2,9,1,50
202000027999,15,12,2020,17:17:00,2,75,75105,2,3,2,1,"BOULEVARD SAINT GERMAIN","48,8501720","2,3481260",202000027999,154 693 033,B01,2,1,0,2,1,1,5,NULL,202000027999,154 693 033,B01,1,1,1,1,1998,1,2,0,-1,0,0,-1,202000027999,4,NULL,0,NULL,1,3,3,1,1,0,1,NULL," -1",2,-1,6,30
202000027999,15,12,2020,17:17:00,2,75,75105,2,3,2,1,"BOULEVARD SAINT GERMAIN","48,8501720","2,3481260",202000027999,154 693 033,B01,2,1,0,2,1,1,5,NULL,202000027999,154 693 034,A01,1,1,4,1,1969,5,2,0,-1,0,0,-1,202000027999,4,NULL,0,NULL,1,3,3,1,1,0,1,NULL," -1",2,-1,6,30
202000031120,29,10,2020,12:50:00,1,54,54304,2,2,1,3,"DEROULEDE (AVENUE PAUL)","48,6851685","6,1558487",202000031120,154 687 643,B01,1,1,0,2,1,1,5,NULL,202000031120,154 687 643,B01,1,1,4,2,1966,0,8,0,-1,0,0,-1,202000031120,4,NULL,0,NULL,2,2,1,1,(1),(1),1,NULL," -1",1,0,1,50
202000031120,29,10,2020,12:50:00,1,54,54304,2,2,1,3,"DEROULEDE (AVENUE PAUL)","48,6851685","6,1558487",202000031120,154 687 643,B01,1,1,0,2,1,1,5,NULL,202000031120,154 687 644,A01,1,1,1,1,1960,4,1,0,-1,0,0,-1,202000031120,4,NULL,0,NULL,2,2,1,1,(1),(1),1,NULL," -1",1,0,1,50
202000033703,25,9,2020,15:10:00,1,67,67482,2,1,2,-1,"GENERAL ZIMMER (RUE DU)","48,5810300","7,7625100",202000033703,154 683 198,B01,1,1,0,2,8,13,5,NULL,202000033703,154 683 197,A01,1,1,4,1,2004,2,8,0,-1,-1," -1",-1,202000033703,4,"GENERAL ZIMMER (RUE DU)",0,NULL,2,2,0,1,0,0,1,NULL," -1",2,0,1,30
202000033703,25,9,2020,15:10:00,1,67,67482,2,1,2,-1,"GENERAL ZIMMER (RUE DU)","48,5810300","7,7625100",202000033703,154 683 197,A01,1,1,0,2,2,13,5,NULL,202000033703,154 683 197,A01,1,1,4,1,2004,2,8,0,-1,-1," -1",-1,202000033703,4,"GENERAL ZIMMER (RUE DU)",0,NULL,2,2,0,1,0,0,1,NULL," -1",2,0,1,30
202000033703,25,9,2020,15:10:00,1,67,67482,2,1,2,-1,"GENERAL ZIMMER (RUE DU)","48,5810300","7,7625100",202000033703,154 683 198,B01,1,1,0,2,8,13,5,NULL,202000033703,154 683 198,B01,1,1,1,1,2003,2,8,0,-1,-1," -1",-1,202000033703,4,"GENERAL ZIMMER (RUE DU)",0,NULL,2,2,0,1,0,0,1,NULL," -1",2,0,1,30
202000033703,25,9,2020,15:10:00,1,67,67482,2,1,2,-1,"GENERAL ZIMMER (RUE DU)","48,5810300","7,7625100",202000033703,154 683 197,A01,1,1,0,2,2,13,5,NULL,202000033703,154 683 198,B01,1,1,1,1,2003,2,8,0,-1,-1," -1",-1,202000033703,4,"GENERAL ZIMMER (RUE DU)",0,NULL,2,2,0,1,0,0,1,NULL," -1",2,0,1,30
202000034857,31,7,2020,04:00:00,5,33,33063,2,3,1,2,"ALL DE BOUTAUT","44,8676700"," -0,5758500",202000034857,154 681 158,A01,2,1,0,2,0,26,5,NULL,202000034857,154 681 158,A01,1,1,3,2,1975,1,8,-1,-1,-1," -1",-1,202000034857,4,"ALL DE BOUTAUT",0,NULL,3,8,-1,1,(1),(1),1,NULL," -1",1,5,5,50
202000034894,30,7,2020,20:20:00,1,75,75107,2,1,1,3,"QUAI BRANLY","48,8585100","2,2927350",202000034894,154 681 092,A01,1,1,0,2,0,17,5,NULL,202000034894,154 681 091,B01,1,1,1,1,1987,9,8,0,-1,0,0,-1,202000034894,4,NULL,0,NULL,2,2,1,4,0,0,1,NULL," -1",1,-1,5,50
202000034894,30,7,2020,20:20:00,1,75,75107,2,1,1,3,"QUAI BRANLY","48,8585100","2,2927350",202000034894,154 681 091,B01,2,1,0,2,0,1,5,NULL,202000034894,154 681 091,B01,1,1,1,1,1987,9,8,0,-1,0,0,-1,202000034894,4,NULL,0,NULL,2,2,1,4,0,0,1,NULL," -1",1,-1,5,50
202000034894,30,7,2020,20:20:00,1,75,75107,2,1,1,3,"QUAI BRANLY","48,8585100","2,2927350",202000034894,154 681 092,A01,1,1,0,2,0,17,5,NULL,202000034894,154 681 092,A01,1,1,4,1,1960,9,2,8,-1,0,0,-1,202000034894,4,NULL,0,NULL,2,2,1,4,0,0,1,NULL," -1",1,-1,5,50
202000034894,30,7,2020,20:20:00,1,75,75107,2,1,1,3,"QUAI BRANLY","48,8585100","2,2927350",202000034894,154 681 091,B01,2,1,0,2,0,1,5,NULL,202000034894,154 681 092,A01,1,1,4,1,1960,9,2,8,-1,0,0,-1,202000034894,4,NULL,0,NULL,2,2,1,4,0,0,1,NULL," -1",1,-1,5,50
202000036047,30,6,2020,20:10:00,1,69,69382,2,1,1,3,"BELLECOUR                           (PL)","45,7587000","4,8309000",202000036047,154 679 029,B01,1,1,0,2,1,1,5,NULL,202000036047,154 679 028,A01,1,1,1,1,1953,4,1,0,-1,-1," -1",-1,202000036047,4,"BELLECOUR                           (PL)",0,NULL,1,3,1,1,0,0,2,NULL," -1",1,0,5,50
202000036047,30,6,2020,20:10:00,1,69,69382,2,1,1,3,"BELLECOUR                           (PL)","45,7587000","4,8309000",202000036047,154 679 029,B01,1,1,0,2,1,1,5,NULL,202000036047,154 679 029,B01,1,1,3,1,1999,5,2,0,-1,-1," -1",-1,202000036047,4,"BELLECOUR                           (PL)",0,NULL,1,3,1,1,0,0,2,NULL," -1",1,0,5,50
202000037056,29,5,2020,13:40:00,1,75,75110,2,2,1,3,"BOULEVARD DE STRASBOURG","48,8754819","2,3578143",202000037056,154 677 243,B01,2,1,0,2,8,1,5,NULL,202000037056,154 677 243,B01,1,1,4,1,1985,9,8,2,-1,0,0,-1,202000037056,4,NULL,0,NULL,2,6,1,1,0,0,1,NULL," -1",1,-1,5,50
202000037056,29,5,2020,13:40:00,1,75,75110,2,2,1,3,"BOULEVARD DE STRASBOURG","48,8754819","2,3578143",202000037056,154 677 243,B01,2,1,0,2,8,1,5,NULL,202000037056,154 677 244,A01,1,1,1,1,1972,9,1,0,-1,0,0,-1,202000037056,4,NULL,0,NULL,2,6,1,1,0,0,1,NULL," -1",1,-1,5,50
202000037324,25,9,2020,11:00:00,1,41,41214,2,3,8,3,D19,"47,9257540","1,2071870",202000037324,154 676 803,B01,0,1,0,2,8,1,5,NULL,202000037324,154 676 802,A01,1,1,1,1,1933,3,1,-1,-1,0,0,-1,202000037324,3,19,0,NULL,2,2,0,1,(1),(1),1,NULL," -1",1,0,1,50
202000037324,25,9,2020,11:00:00,1,41,41214,2,3,8,3,D19,"47,9257540","1,2071870",202000037324,154 676 803,B01,0,1,0,2,8,1,5,NULL,202000037324,154 676 803,B01,1,1,4,1,1956,5,2,-1,-1,0,0,-1,202000037324,3,19,0,NULL,2,2,0,1,(1),(1),1,NULL," -1",1,0,1,50
202000037485,24,10,2020,15:00:00,1,67,67118,2,1,1,3,"ROMAINS (ROUTE DES)","48,5823405","7,6922276",202000037485,154 676 504,B01,1,1,0,2,8,15,5,NULL,202000037485,154 676 504,B01,1,1,4,2,1942,5,8,0,-1,-1," -1",-1,202000037485,4,NULL,0,NULL,2,3,1,1,0,0,1,NULL," -1",1,0,1,50
202000037485,24,10,2020,15:00:00,1,67,67118,2,1,1,3,"ROMAINS (ROUTE DES)","48,5823405","7,6922276",202000037485,154 676 504,B01,1,1,0,2,8,15,5,NULL,202000037485,154 676 508,A01,1,1,1,1,1974,4,1,8,-1,-1," -1",-1,202000037485,4,NULL,0,NULL,2,3,1,1,0,0,1,NULL," -1",1,0,1,50
202000038347,31,8,2020,18:10:00,1,93,93013,2,2,1,3,"AV DU GENERAL LECLERC / R DE L'ABBE NOIR","48,9405700","2,4314000",202000038347,154 674 956,B01,0,1,0,2,3,9,5,NULL,202000038347,154 674 956,B01,1,1,4,2,1962,9,8,0,-1,-1," -1",-1,202000038347,3,932,0,NULL,4,4,0,1,0,1,2,NULL," -1",1,9,1,30
202000038347,31,8,2020,18:10:00,1,93,93013,2,2,1,3,"AV DU GENERAL LECLERC / R DE L'ABBE NOIR","48,9405700","2,4314000",202000038347,154 674 956,B01,0,1,0,2,3,9,5,NULL,202000038347,154 674 957,A01,6,2,4,2,1987,9,8,0,-1,-1," -1",-1,202000038347,3,932,0,NULL,4,4,0,1,0,1,2,NULL," -1",1,9,1,30
202000038347,31,8,2020,18:10:00,1,93,93013,2,2,1,3,"AV DU GENERAL LECLERC / R DE L'ABBE NOIR","48,9405700","2,4314000",202000038347,154 674 956,B01,0,1,0,2,3,9,5,NULL,202000038347,154 674 957,A01,1,1,1,1,1987,4,1,0,-1,-1," -1",-1,202000038347,3,932,0,NULL,4,4,0,1,0,1,2,NULL," -1",1,9,1,30
202000038887,22,5,2020,08:45:00,1,988,98818,2,3,1,2,"PROMENADE ROGER LAROQUE/ANSE-VATA"," -22,3029200","166,4451400",202000038887,154 674 011,B01,1,1,0,2,4,1,5,NULL,202000038887,154 674 010,A01,1,1,4,1,1946,5,2,2,-1,0,0,-1,202000038887,4,358,0,NULL,3,2,0,1,0,0,1,NULL," -1",1,5,1,30
202000038887,22,5,2020,08:45:00,1,988,98818,2,3,1,2,"PROMENADE ROGER LAROQUE/ANSE-VATA"," -22,3029200","166,4451400",202000038887,154 674 010,A01,1,1,0,2,1,1,5,NULL,202000038887,154 674 010,A01,1,1,4,1,1946,5,2,2,-1,0,0,-1,202000038887,4,358,0,NULL,3,2,0,1,0,0,1,NULL," -1",1,5,1,30
202000038887,22,5,2020,08:45:00,1,988,98818,2,3,1,2,"PROMENADE ROGER LAROQUE/ANSE-VATA"," -22,3029200","166,4451400",202000038887,154 674 011,B01,1,1,0,2,4,1,5,NULL,202000038887,154 674 011,B01,1,1,1,1,1954,5,2,2,-1,0,0,-1,202000038887,4,358,0,NULL,3,2,0,1,0,0,1,NULL," -1",1,5,1,30
202000038887,22,5,2020,08:45:00,1,988,98818,2,3,1,2,"PROMENADE ROGER LAROQUE/ANSE-VATA"," -22,3029200","166,4451400",202000038887,154 674 010,A01,1,1,0,2,1,1,5,NULL,202000038887,154 674 011,B01,1,1,1,1,1954,5,2,2,-1,0,0,-1,202000038887,4,358,0,NULL,3,2,0,1,0,0,1,NULL," -1",1,5,1,30
202000038939,27,5,2020,18:50:00,1,13,13209,2,1,1,2,"COL DE LA GINESTE D559","43,2389000","5,4784000",202000038939,154 673 921,B01,1,1,0,0,4,1,5,NULL,202000038939,154 673 920,A01,1,1,1,1,1981,1,1,8,-1,-1," -1",-1,202000038939,3,559,0,NULL,2,2,1,2,1,0,1,NULL," -1",1,0,1,80
202000038939,27,5,2020,18:50:00,1,13,13209,2,1,1,2,"COL DE LA GINESTE D559","43,2389000","5,4784000",202000038939,154 673 921,B01,1,1,0,0,4,1,5,NULL,202000038939,154 673 921,B01,1,1,4,2,1986,0,2,-1,-1,-1," -1",-1,202000038939,3,559,0,NULL,2,2,1,2,1,0,1,NULL," -1",1,0,1,80
202000039516,24,9,2020,17:40:00,1,58,58194,2,1,1,2,"BERNARD PALISSY","46,9856000","3,1745000",202000039516,154 672 899,A01,1,1,0,2,1,2,5,NULL,202000039516,154 672 899,A01,1,1,4,1,2002,2,8,6,-1,-1," -1",-1,202000039516,4,"BERNARD PALISSY",0,NULL,2,2,1,1,0,0,1,NULL," -1",1,0,1,50
202000039516,24,9,2020,17:40:00,1,58,58194,2,1,1,2,"BERNARD PALISSY","46,9856000","3,1745000",202000039516,154 672 899,A01,1,1,0,2,1,2,5,NULL,202000039516,154 672 901,B01,1,1,1,2,1996,1,1,8,-1,-1," -1",-1,202000039516,4,"BERNARD PALISSY",0,NULL,2,2,1,1,0,0,1,NULL," -1",1,0,1,50
202000043978,22,9,2020,17:40:00,1,75,75114,2,4,1,3,"RUE ACHILLE LUCHAIRE","48,8240890","2,3212840",202000043978,154 664 962,B01,1,1,0,2,3,1,5,NULL,202000043978,154 664 961,A01,2,2,1,2,1939,5,1,0,-1,0,0,-1,202000043978,4,NULL,0,NULL,1,1,0,1,0,0,1,NULL," -1",1,-1,5,30
202000043978,22,9,2020,17:40:00,1,75,75114,2,4,1,3,"RUE ACHILLE LUCHAIRE","48,8240890","2,3212840",202000043978,154 664 962,B01,1,1,0,2,3,1,5,NULL,202000043978,154 664 961,A01,1,1,1,1,1937,5,1,0,-1,0,0,-1,202000043978,4,NULL,0,NULL,1,1,0,1,0,0,1,NULL," -1",1,-1,5,30
202000043978,22,9,2020,17:40:00,1,75,75114,2,4,1,3,"RUE ACHILLE LUCHAIRE","48,8240890","2,3212840",202000043978,154 664 962,B01,1,1,0,2,3,1,5,NULL,202000043978,154 664 962,B01,1,1,4,2,1961,9,8,0,-1,0,0,-1,202000043978,4,NULL,0,NULL,1,1,0,1,0,0,1,NULL," -1",1,-1,5,30
202000045564,21,10,2020,18:35:00,2,92,92051,2,3,1,2,"GENERAL LECLERC (BOULEVARD DU, N° 1 A 27","48,8880952","2,2577092",202000045564,154 662 194,B01,2,1,0,2,6,11,0,NULL,202000045564,154 662 193,A01,1,1,1,1,1973,1,1,0,-1,-1," -1",-1,202000045564,3,1,0,NULL,3,2,0,1,0,0,1,NULL," -1",1,0,1,50
202000045564,21,10,2020,18:35:00,2,92,92051,2,3,1,2,"GENERAL LECLERC (BOULEVARD DU, N° 1 A 27","48,8880952","2,2577092",202000045564,154 662 194,B01,2,1,0,2,6,11,0,NULL,202000045564,154 662 194,B01,2,2,4,2,2002,5,0,-1,-1,-1," -1",-1,202000045564,3,1,0,NULL,3,2,0,1,0,0,1,NULL," -1",1,0,1,50
202000045564,21,10,2020,18:35:00,2,92,92051,2,3,1,2,"GENERAL LECLERC (BOULEVARD DU, N° 1 A 27","48,8880952","2,2577092",202000045564,154 662 194,B01,2,1,0,2,6,11,0,NULL,202000045564,154 662 194,B01,1,1,4,1,2002,5,8,0,-1,-1," -1",-1,202000045564,3,1,0,NULL,3,2,0,1,0,0,1,NULL," -1",1,0,1,50
202000006925,16,5,2020,12:00:00,1,84,84020,1,2,1,3,"CHEMIN DE L'ORATOIRE","43,8567200","5,2881430",202000006925,154 730 085,B01,3,1,0,2,1,1,5,NULL,202000006925,154 730 084,A01,1,1,1,2,1952,0,1,-1,-1,0,0,-1,202000006925,4,NULL,-1,NULL,2,2,0,1,(1),(1),1,NULL," -1",1,0,1,80
202000006925,16,5,2020,12:00:00,1,84,84020,1,2,1,3,"CHEMIN DE L'ORATOIRE","43,8567200","5,2881430",202000006925,154 730 085,B01,3,1,0,2,1,1,5,NULL,202000006925,154 730 085,B01,1,1,3,1,1942,5,2,-1,-1,0,0,-1,202000006925,4,NULL,-1,NULL,2,2,0,1,(1),(1),1,NULL," -1",1,0,1,80
202000009197,15,9,2020,15:50:00,1,93,93031,2,9,1,-1,"AV DE LA REPUBLIQUE","48,9479900","2,3387100",202000009197,154 726 069,B01,0,1,0,2,1,19,0,NULL,202000009197,154 726 068,A01,1,1,1,2,1990,9,1,8,-1,-1," -1",-1,202000009197,3,"REPUBLIQUE (AVENUE)",0,NULL,3,4,0,1,0,1,1,NULL," -1",1,0,1,50
202000009197,15,9,2020,15:50:00,1,93,93031,2,9,1,-1,"AV DE LA REPUBLIQUE","48,9479900","2,3387100",202000009197,154 726 069,B01,0,1,0,2,1,19,0,NULL,202000009197,154 726 069,B01,1,1,4,1,1988,0,8,0,-1,-1," -1",-1,202000009197,3,"REPUBLIQUE (AVENUE)",0,NULL,3,4,0,1,0,1,1,NULL," -1",1,0,1,50
202000009908,13,10,2020,21:20:00,5,75,75104,2,2,1,6,"RUE DE RIVOLI","48,8569430","2,3538180",202000009908,154 724 822,A01,2,1,0,1,1,1,5,NULL,202000009908,154 724 822,A01,1,1,1,1,1993,1,2,0,-1,0,0,-1,202000009908,4,NULL,0,NULL,2,4,1,1,0,0,1,NULL," -1",1,-1,5,50
202000009908,13,10,2020,21:20:00,5,75,75104,2,2,1,6,"RUE DE RIVOLI","48,8569430","2,3538180",202000009908,154 724 822,A01,2,1,0,1,1,1,5,NULL,202000009908,154 724 822,A01,10,3,4,1,1969,1,0,-1,-1,2,3,1,202000009908,4,NULL,0,NULL,2,4,1,1,0,0,1,NULL," -1",1,-1,5,50
202000013072,25,1,2020,13:30:00,1,976,97611,2,1,1,3,"vahibe-Vietnam (rue)"," -12,7876600","45,1744400",202000013072,154 719 313,B01,1,1,0,2,4,1,5,NULL,202000013072,154 719 313,B01,1,1,4,1,2006,0,8,0,-1,-1," -1",-1,202000013072,3,3,2,NULL,2,0,0,2,0,0,4,NULL," -1",1,0,1,50
202000013632,16,6,2020,09:00:00,1,34,34157,1,2,1,3,"Le Farlet","43,4641960","3,5521250",202000013632,154 718 301,B01,0,1,0,2,1,1,5,NULL,202000013632,154 718 301,B01,1,1,3,1,1959,5,2,-1,-1,0,0,-1,202000013632,9,NULL,-1,NULL,2,1,0,2,(1),(1),1,NULL,3,9,0,1,80
202000013632,16,6,2020,09:00:00,1,34,34157,1,2,1,3,"Le Farlet","43,4641960","3,5521250",202000013632,154 718 301,B01,0,1,0,2,1,1,5,NULL,202000013632,154 718 302,A01,1,1,1,2,1992,3,1,-1,-1,0,0,-1,202000013632,9,NULL,-1,NULL,2,1,0,2,(1),(1),1,NULL,3,9,0,1,80
202000014495,9,5,2020,14:20:00,1,73,73262,1,3,1,3,"D 1212","45,8136210","6,5080444",202000014495,154 716 836,B01,2,1,0,2,1,26,5,NULL,202000014495,154 716 835,A01,1,1,1,1,1991,9,1,-1,-1,0,0,-1,202000014495,3,1212,0,NULL,2,2,0,2,3,970,1,NULL,"5,5",1,0,1,70
202000014495,9,5,2020,14:20:00,1,73,73262,1,3,1,3,"D 1212","45,8136210","6,5080444",202000014495,154 716 836,B01,2,1,0,2,1,26,5,NULL,202000014495,154 716 836,B01,1,1,3,2,1989,1,2,9,-1,0,0,-1,202000014495,3,1212,0,NULL,2,2,0,2,3,970,1,NULL,"5,5",1,0,1,70
202000015769,11,8,2020,08:30:00,1,69,69385,2,1,1,2,"CHOULANS (DE)                       (CH)","45,7533067","4,8169969",202000015769,154 714 547,A01,2,1,0,2,1,2,5,NULL,202000015769,154 714 546,B01,1,1,1,2,1995,1,1,0,-1,-1," -1",-1,202000015769,4,"CHOULANS (DE)                       (CH)",0,NULL,1,2,0,2,0,0,1,NULL," -1",1,8,1,50
202000015769,11,8,2020,08:30:00,1,69,69385,2,1,1,2,"CHOULANS (DE)                       (CH)","45,7533067","4,8169969",202000015769,154 714 547,A01,2,1,0,2,1,2,5,NULL,202000015769,154 714 547,A01,1,1,4,1,1985,1,2,6,-1,-1," -1",-1,202000015769,4,"CHOULANS (DE)                       (CH)",0,NULL,1,2,0,2,0,0,1,NULL," -1",1,8,1,50
202000016330,12,11,2020,15:58:00,1,49,49007,2,1,1,-1,"ROI RENE BOULEVARD","47,4668500"," -0,5542200",202000016330,154 713 518,B01,1,1,0,9,3,1,5,NULL,202000016330,154 713 517,A01,1,1,1,1,1987,1,8,0,-1,-1," -1",-1,202000016330,4,NULL,0,NULL,1,2,2,1,1,0,1,NULL," -1",1,0,5,50
202000016330,12,11,2020,15:58:00,1,49,49007,2,1,1,-1,"ROI RENE BOULEVARD","47,4668500"," -0,5542200",202000016330,154 713 517,A01,1,1,0,9,7,1,5,NULL,202000016330,154 713 517,A01,1,1,1,1,1987,1,8,0,-1,-1," -1",-1,202000016330,4,NULL,0,NULL,1,2,2,1,1,0,1,NULL," -1",1,0,5,50
202000016330,12,11,2020,15:58:00,1,49,49007,2,1,1,-1,"ROI RENE BOULEVARD","47,4668500"," -0,5542200",202000016330,154 713 518,B01,1,1,0,9,3,1,5,NULL,202000016330,154 713 518,B01,1,1,4,1,1956,1,8,0,-1,-1," -1",-1,202000016330,4,NULL,0,NULL,1,2,2,1,1,0,1,NULL," -1",1,0,5,50
202000016330,12,11,2020,15:58:00,1,49,49007,2,1,1,-1,"ROI RENE BOULEVARD","47,4668500"," -0,5542200",202000016330,154 713 517,A01,1,1,0,9,7,1,5,NULL,202000016330,154 713 518,B01,1,1,4,1,1956,1,8,0,-1,-1," -1",-1,202000016330,4,NULL,0,NULL,1,2,2,1,1,0,1,NULL," -1",1,0,5,50
202000016467,6,5,2020,11:40:00,1,21,21435,1,1,1,2,D971,"47,8826200","4,5640790",202000016467,154 713 283,B01,2,1,0,2,7,15,5,NULL,202000016467,154 713 283,B01,1,1,3,1,1991,3,0,-1,-1,0,0,-1,202000016467,3,971,0,NULL,2,2,0,2,85,300,1,0,"7,2",1,0,1,90
202000016467,6,5,2020,11:40:00,1,21,21435,1,1,1,2,D971,"47,8826200","4,5640790",202000016467,154 713 283,B01,2,1,0,2,7,15,5,NULL,202000016467,154 713 284,A01,1,1,1,1,1925,3,1,-1,-1,0,0,-1,202000016467,3,971,0,NULL,2,2,0,2,85,300,1,0,"7,2",1,0,1,90
202000019590,7,10,2020,07:27:00,5,75,75113,2,3,2,1,"BOULEVARD KELLERMANN","48,8210500","2,3506290",202000019590,154 707 721,B01,2,1,0,2,1,1,5,NULL,202000019590,154 707 719,A01,1,1,1,1,1972,9,1,8,-1,0,0,-1,202000019590,4,NULL,0,NULL,2,4,0,1,0,0,3,NULL," -1",2,0,1,50
202000019590,7,10,2020,07:27:00,5,75,75113,2,3,2,1,"BOULEVARD KELLERMANN","48,8210500","2,3506290",202000019590,154 707 721,B01,2,1,0,2,1,1,5,NULL,202000019590,154 707 721,B01,1,1,4,1,1994,9,8,0,-1,0,0,-1,202000019590,4,NULL,0,NULL,2,4,0,1,0,0,3,NULL," -1",2,0,1,50
202000019633,7,8,2020,12:15:00,1,41,41018,2,2,1,3,"VENDOME (AVENUE DE)","47,6104000","1,3083080",202000019633,154 707 648,B01,3,1,0,2,1,1,5,NULL,202000019633,154 707 647,A01,1,1,1,1,1992,4,1,0,-1,-1," -1",-1,202000019633,4,NULL,0,NULL,2,2,0,1,(1),(1),1,NULL," -1",1,0,1,50
202000019633,7,8,2020,12:15:00,1,41,41018,2,2,1,3,"VENDOME (AVENUE DE)","47,6104000","1,3083080",202000019633,154 707 648,B01,3,1,0,2,1,1,5,NULL,202000019633,154 707 648,B01,1,1,4,1,1970,1,2,0,-1,-1," -1",-1,202000019633,4,NULL,0,NULL,2,2,0,1,(1),(1),1,NULL," -1",1,0,1,50
202000020215,27,4,2020,09:30:00,1,75,75116,2,3,1,6,"RUE DE L ASSOMPTION","48,8555360","2,2661190",202000020215,154 706 637,A01,2,1,0,1,1,16,5,NULL,202000020215,154 706 637,A01,10,3,4,1,1973,9,0,-1,-1,3,3,1,202000020215,4,NULL,0,NULL,1,1,0,1,0,0,1,NULL," -1",1,0,1,50
202000020215,27,4,2020,09:30:00,1,75,75116,2,3,1,6,"RUE DE L ASSOMPTION","48,8555360","2,2661190",202000020215,154 706 637,A01,2,1,0,1,1,16,5,NULL,202000020215,154 706 637,A01,1,1,4,1,1980,1,2,0,-1,0,0,-1,202000020215,4,NULL,0,NULL,1,1,0,1,0,0,1,NULL," -1",1,0,1,50
202000020363,24,4,2020,17:15:00,1,04,04088,2,1,3,2,"RD 16 - Av Claude Delorme","43,9627290","5,7902020",202000020363,154 706 411,B01,3,1,0,2,7,1,5,NULL,202000020363,154 706 410,A01,1,1,1,2,1985,3,1,-1,-1,0,0,-1,202000020363,3,16,0,NULL,2,2,0,1,19,200,1,NULL," -1",2,0,1,50
202000020363,24,4,2020,17:15:00,1,04,04088,2,1,3,2,"RD 16 - Av Claude Delorme","43,9627290","5,7902020",202000020363,154 706 411,B01,3,1,0,2,7,1,5,NULL,202000020363,154 706 411,B01,1,1,3,1,1936,3,2,-1,-1,0,0,-1,202000020363,3,16,0,NULL,2,2,0,1,19,200,1,NULL," -1",2,0,1,50
202000025928,12,4,2020,03:10:00,3,38,38412,1,1,1,1,RD520,"45,3830300","5,7095300",202000025928,154 696 660,B01,1,1,0,2,1,5,5,NULL,202000025928,154 696 659,A01,1,1,1,1,1961,1,1,-1,-1,0,0,-1,202000025928,3,520,0,NULL,2,2,0,1,46,300,2,NULL," -1",1,0,1,80
202000025928,12,4,2020,03:10:00,3,38,38412,1,1,1,1,RD520,"45,3830300","5,7095300",202000025928,154 696 660,B01,1,1,0,2,1,5,5,NULL,202000025928,154 696 660,B01,1,1,3,1,1960,9,9,-1,-1,0,0,-1,202000025928,3,520,0,NULL,2,2,0,1,46,300,2,NULL," -1",1,0,1,80
202000027184,5,11,2020,12:40:00,1,75,75115,2,1,1,3,"RUE ROUELLE","48,8491900","2,2904340",202000027184,154 694 442,B01,1,1,0,2,1,1,5,NULL,202000027184,154 694 440,A01,1,1,1,2,1956,9,1,0,-1,0,0,-1,202000027184,4,NULL,0,NULL,1,2,0,1,0,0,1,NULL," -1",1,0,1,50