Num_Acc,jour,mois,an,hrmn,lum,dep,com,agg,int,atm,col,adr,lat,long,Num_Acc,id_vehicule,num_veh,senc,catv,obs,obsm,choc,manv,motor,occutc,Num_Acc,id_vehicule,num_veh,place,catu,grav,sexe,an_nais,trajet,secu1,secu2,secu3,locp,actp,etatp,Num_Acc,catr,voie,v1,v2,circ,nbv,vosp,prof,pr,pr1,plan,lartpc,larrout,surf,infra,situ,vma
202000027184,5,11,2020,12:40:00,1,75,75115,2,1,1,3,"RUE ROUELLE","48,8491900","2,2904340",202000027184,154 694 442,B01,1,1,0,2,1,1,5,NULL,202000027184,154 694 442,B01,1,1,4,2,1976,9,2,0,-1,0,0,-1,202000027184,4,NULL,0,NULL,1,2,0,1,0,0,1,NULL," -1",1,0,1,50
202000028473,29,6,2020,09:34:00,1,11,11262,2,1,1,-1,"RAZES (RUE DU)","43,1758000","3,0022100",202000028473,154 692 171,B01,3,1,1,2,8,5,0,NULL,202000028473,154 692 171,B01,1,1,4,2,1952,0,2,8,-1,-1," -1",-1,202000028473,4,"RAZES (RUE DU)",0,NULL,2,2,0,1,0,0,1,NULL," -1",1,0,1,50
202000028473,29,6,2020,09:34:00,1,11,11262,2,1,1,-1,"RAZES (RUE DU)","43,1758000","3,0022100",202000028473,154 692 171,B01,3,1,1,2,8,5,0,NULL,202000028473,154 692 172,A01,1,1,1,1,1984,0,1,8,-1,-1," -1",-1,202000028473,4,"RAZES (RUE DU)",0,NULL,2,2,0,1,0,0,1,NULL," -1",1,0,1,50
202000028793,6,9,2020,11:05:00,1,18,18001,1,1,1,2,"Halte d'Achères les Poteri","47,2908880","2,4511960",202000028793,154 691 624,A01,3,1,0,2,1,2,5,NULL,202000028793,154 691 623,B01,1,1,4,2,1965,5,2,-1,-1,0,0,-1,202000028793,4,9,-1,NULL,2,2,0,1,(1),(1),1,NULL," -1",1,0,1,80
202000028793,6,9,2020,11:05:00,1,18,18001,1,1,1,2,"Halte d'Achères les Poteri","47,2908880","2,4511960",202000028793,154 691 623,B01,3,1,0,2,1,2,5,NULL,202000028793,154 691 623,B01,1,1,4,2,1965,5,2,-1,-1,0,0,-1,202000028793,4,9,-1,NULL,2,2,0,1,(1),(1),1,NULL," -1",1,0,1,80
202000028793,6,9,2020,11:05:00,1,18,18001,1,1,1,2,"Halte d'Achères les Poteri","47,2908880","2,4511960",202000028793,154 691 624,A01,3,1,0,2,1,2,5,NULL,202000028793,154 691 624,A01,1,1,3,1,1958,5,2,-1,-1,0,0,-1,202000028793,4,9,-1,NULL,2,2,0,1,(1),(1),1,NULL," -1",1,0,1,80
202000028793,6,9,2020,11:05:00,1,18,18001,1,1,1,2,"Halte d'Achères les Poteri","47,2908880","2,4511960",202000028793,154 691 623,B01,3,1,0,2,1,2,5,NULL,202000028793,154 691 624,A01,1,1,3,1,1958,5,2,-1,-1,0,0,-1,202000028793,4,9,-1,NULL,2,2,0,1,(1),(1),1,NULL," -1",1,0,1,80
202000029509,1,10,2020,06:20:00,3,67,67218,1,1,1,1,"23 NOVEMBRE (RUE DU)","48,5320900","7,7066100",202000029509,154 690 390,A01,1,1,0,2,0,13,5,NULL,202000029509,154 690 389,B01,1,1,1,2,1976,1,8,0,-1,-1," -1",-1,202000029509,7,384,0,NULL,2,2,1,1,0,100,1,NULL," -1",1,0,5,50
202000029509,1,10,2020,06:20:00,3,67,67218,1,1,1,1,"23 NOVEMBRE (RUE DU)","48,5320900","7,7066100",202000029509,154 690 390,A01,1,1,0,2,0,13,5,NULL,202000029509,154 690 390,A01,1,1,4,2,1982,1,8,0,-1,-1," -1",-1,202000029509,7,384,0,NULL,2,2,1,1,0,100,1,NULL," -1",1,0,5,50
202000030047,14,1,2020,18:00:00,5,75,75109,2,1,1,6,"BOULEVARD MONTMARTRE","48,8717602","2,3413842",202000030047,154 689 446,A01,1,1,0,1,0,7,5,NULL,202000030047,154 689 446,A01,1,1,1,1,1985,9,8,2,-1,0,0,-1,202000030047,4,NULL,0,NULL,2,3,3,1,16,0,1,NULL," -1",1,-1,6,50
202000030047,14,1,2020,18:00:00,5,75,75109,2,1,1,6,"BOULEVARD MONTMARTRE","48,8717602","2,3413842",202000030047,154 689 446,A01,1,1,0,1,0,7,5,NULL,202000030047,154 689 446,A01,10,3,4,2,1980,1,0,-1,-1,1,3,1,202000030047,4,NULL,0,NULL,2,3,3,1,16,0,1,NULL," -1",1,-1,6,50
202000031816,12,12,2020,18:25:00,1,974,97409,2,1,1,6,"MASCAREIGNES (Avenue des)"," -20,9332200","55,6461500",202000031816,154 686 442,A01,1,1,0,2,7,13,5,NULL,202000031816,154 686 442,A01,1,1,3,1,2001,5,8,0,-1,-1," -1",-1,202000031816,2,"MASCAREIGNES (Avenue des)",0,NULL,2,2,0,1,0,0,1,NULL," -1",1,0,1,50
202000033156,29,10,2020,21:45:00,3,17,17373,2,1,1,1,"Route du Silo","46,1385710"," -1,0090580",202000033156,154 684 169,B01,1,1,0,2,1,1,5,NULL,202000033156,154 684 167,A01,1,1,1,1,1998,5,1,-1,-1,0,0,-1,202000033156,3,110,-1,D,2,2,0,1,8,300,1,NULL," -1",1,0,1,50
202000033156,29,10,2020,21:45:00,3,17,17373,2,1,1,1,"Route du Silo","46,1385710"," -1,0090580",202000033156,154 684 169,B01,1,1,0,2,1,1,5,NULL,202000033156,154 684 169,B01,1,1,3,1,2004,5,2,4,9,0,0,-1,202000033156,3,110,-1,D,2,2,0,1,8,300,1,NULL," -1",1,0,1,50
202000034238,4,7,2020,10:50:00,1,60,60088,2,1,1,7,D609,"49,2247170","2,2050120",202000034238,154 682 255,A01,0,1,0,0,0,0,5,NULL,202000034238,154 682 255,A01,1,1,4,1,1959,5,2,4,-1,0,0,-1,202000034238,3,D609,0," -",2,2,0,1,6,650,3,NULL," -1",1,0,1,50
202000034917,31,7,2020,07:30:00,1,92,92040,2,2,1,-1,"ERNEST RENAN","48,8269710","2,2792230",202000034917,154 681 048,A01,1,1,1,2,8,21,5,NULL,202000034917,154 681 048,A01,1,1,4,1,1998,1,8,0,-1,-1," -1",-1,202000034917,3,989,0,NULL,1,0,0,1,0,0,1,NULL," -1",1,0,1,50
202000035614,29,10,2020,08:25:00,1,64,64145,2,9,1,3,"route de pau","43,1940740"," -0,2717720",202000035614,154 679 816,B01,2,1,0,2,8,1,5,NULL,202000035614,154 679 815,A01,2,2,1,1,2003,4,1,-1,-1,0,0,-1,202000035614,3,936,-1,NULL,2,2,0,1,19,500,1,NULL," -1",1,9,1,50
202000035614,29,10,2020,08:25:00,1,64,64145,2,9,1,3,"route de pau","43,1940740"," -0,2717720",202000035614,154 679 816,B01,2,1,0,2,8,1,5,NULL,202000035614,154 679 815,A01,1,1,1,1,1992,0,1,-1,-1,0,0,-1,202000035614,3,936,-1,NULL,2,2,0,1,19,500,1,NULL," -1",1,9,1,50
202000035614,29,10,2020,08:25:00,1,64,64145,2,9,1,3,"route de pau","43,1940740"," -0,2717720",202000035614,154 679 816,B01,2,1,0,2,8,1,5,NULL,202000035614,154 679 816,B01,1,1,4,1,1971,5,2,9,-1,0,0,-1,202000035614,3,936,-1,NULL,2,2,0,1,19,500,1,NULL," -1",1,9,1,50
202000037712,8,12,2020,17:40:00,5,75,75111,2,1,1,6,"AVENUE DE LA REPUBLIQUE","48,8650340","2,3757770",202000037712,154 676 080,A01,1,1,0,1,1,1,5,NULL,202000037712,154 676 080,A01,1,1,1,1,1994,5,2,8,-1,0,0,-1,202000037712,4,NULL,0,NULL,1,2,1,1,0,0,1,NULL," -1",1,-1,5,50
202000037712,8,12,2020,17:40:00,5,75,75111,2,1,1,6,"AVENUE DE LA REPUBLIQUE","48,8650340","2,3757770",202000037712,154 676 080,A01,1,1,0,1,1,1,5,NULL,202000037712,154 676 080,A01,10,3,4,1,1958,5,0,-1,-1,4,3,1,202000037712,4,NULL,0,NULL,1,2,1,1,0,0,1,NULL," -1",1,-1,5,50
202000039151,29,7,2020,10:00:00,1,75,75119,2,1,1,3,"BOULEVARD MACDONALD","48,8974120","2,3888370",202000039151,154 673 525,B01,1,1,0,2,7,1,5,NULL,202000039151,154 673 525,B01,1,1,4,1,1976,9,2,0,-1,0,0,-1,202000039151,4,NULL,0,NULL,1,4,1,1,0,0,1,NULL," -1",1,-1,5,50
202000039151,29,7,2020,10:00:00,1,75,75119,2,1,1,3,"BOULEVARD MACDONALD","48,8974120","2,3888370",202000039151,154 673 525,B01,1,1,0,2,7,1,5,NULL,202000039151,154 673 526,A01,1,1,1,1,1983,4,1,0,-1,0,0,-1,202000039151,4,NULL,0,NULL,1,4,1,1,0,0,1,NULL," -1",1,-1,5,50
202000042563,22,9,2020,12:30:00,1,09,09225,2,1,8,2,"BERNARD SAISSET RUE","43,1031900","1,6231300",202000042563,154 667 486,A01,1,1,1,0,1,14,0,NULL,202000042563,154 667 486,A01,1,1,4,1,2009,-1,0,-1,-1,-1," -1",-1,202000042563,4,"BERNARD SAISSET RUE",0,NULL,2,2,0,1,0,0,1,NULL," -1",1,0,1,50
202000042563,22,9,2020,12:30:00,1,09,09225,2,1,8,2,"BERNARD SAISSET RUE","43,1031900","1,6231300",202000042563,154 667 486,A01,1,1,1,0,1,14,0,NULL,202000042563,154 667 487,B01,1,1,1,1,1962,-1,0,-1,-1,-1," -1",-1,202000042563,4,"BERNARD SAISSET RUE",0,NULL,2,2,0,1,0,0,1,NULL," -1",1,0,1,50
202000042939,6,2,2020,08:45:00,1,988,98818,2,3,1,3,"PROMENADE ROGER LAROQUE/RUE LORIOT DE ROUVRAY"," -22,2978500","166,4384500",202000042939,154 666 807,B01,3,1,0,2,4,1,5,NULL,202000042939,154 666 807,B01,1,1,4,1,1968,5,2,8,-1,-1," -1",-1,202000042939,4,358,0,NULL,2,2,0,1,0,0,1,NULL," -1",1,0,1,50
202000042939,6,2,2020,08:45:00,1,988,98818,2,3,1,3,"PROMENADE ROGER LAROQUE/RUE LORIOT DE ROUVRAY"," -22,2978500","166,4384500",202000042939,154 666 807,B01,3,1,0,2,4,1,5,NULL,202000042939,154 666 808,A01,1,1,1,1,1983,4,1,8,-1,-1," -1",-1,202000042939,4,358,0,NULL,2,2,0,1,0,0,1,NULL," -1",1,0,1,50
202000044480,5,8,2020,12:30:00,1,43,43011,1,1,7,1,"Lieu-dit le Moulin","45,1229520","3,4484520",202000044480,154 664 065,B01,2,1,0,2,1,0,5,NULL,202000044480,154 664 063,A01,1,1,1,2,1971,1,8,-1,-1,0,0,-1,202000044480,3,16,0,NULL,2,2,0,1,28,47,1,NULL," -1",1,0,1,80
202000044480,5,8,2020,12:30:00,1,43,43011,1,1,7,1,"Lieu-dit le Moulin","45,1229520","3,4484520",202000044480,154 664 065,B01,2,1,0,2,1,0,5,NULL,202000044480,154 664 065,B01,1,1,2,1,1959,5,2,-1,-1,0,0,-1,202000044480,3,16,0,NULL,2,2,0,1,28,47,1,NULL," -1",1,0,1,80
202000045336,21,10,2020,09:00:00,1,35,35055,2,6,2,3,"PARC (RUE DU)","48,0879900"," -1,6084800",202000045336,154 662 567,B01,0,1,0,2,3,1,5,NULL,202000045336,154 662 564,A01,1,1,1,1,1971,1,1,0,-1,-1," -1",-1,202000045336,4,"PARC (RUE DU)",0,NULL,2,2,0,1,0,0,2,NULL," -1",2,0,1,50
202000045336,21,10,2020,09:00:00,1,35,35055,2,6,2,3,"PARC (RUE DU)","48,0879900"," -1,6084800",202000045336,154 662 567,B01,0,1,0,2,3,1,5,NULL,202000045336,154 662 567,B01,1,1,4,1,2002,0,2,0,-1,-1," -1",-1,202000045336,4,"PARC (RUE DU)",0,NULL,2,2,0,1,0,0,2,NULL," -1",2,0,1,50
202000046594,22,5,2020,20:08:00,1,17,17300,2,1,1,-1,"GRASSET   AVENUE EDMOND (85T-15)","46,1635600"," -1,1696600",202000046594,154 660 358,A01,2,1,1,0,0,1,5,NULL,202000046594,154 660 353,B01,1,1,1,1,1980,4,1,8,-1,-1," -1",-1,202000046594,4,"GRASSET   AVENUE EDMOND (85T-15)",0,NULL,2,4,1,2,0,0,1,NULL," -1",1,9,1,50
202000046594,22,5,2020,20:08:00,1,17,17300,2,1,1,-1,"GRASSET   AVENUE EDMOND (85T-15)","46,1635600"," -1,1696600",202000046594,154 660 358,A01,2,1,1,0,0,1,5,NULL,202000046594,154 660 358,A01,1,1,4,1,1985,5,8,0,-1,-1," -1",-1,202000046594,4,"GRASSET   AVENUE EDMOND (85T-15)",0,NULL,2,4,1,2,0,0,1,NULL," -1",1,9,1,50
202000047602,25,7,2020,02:30:00,5,31,31182,1,1,1,1,"1 Route de Lacourtensourt","43,6714544","1,4004210",202000047602,154 658 618,B01,2,1,0,2,1,1,5,NULL,202000047602,154 658 616,A01,1,1,3,1,1992,5,2,6,-1,0,0,-1,202000047602,3,64,-1,NULL,2,2,0,1,22,273,2,NULL," -1",1,0,1,80
202000047602,25,7,2020,02:30:00,5,31,31182,1,1,1,1,"1 Route de Lacourtensourt","43,6714544","1,4004210",202000047602,154 658 618,B01,2,1,0,2,1,1,5,NULL,202000047602,154 658 618,B01,1,1,2,1,1967,5,0,-1,-1,0,0,-1,202000047602,3,64,-1,NULL,2,2,0,1,22,273,2,NULL," -1",1,0,1,80
202000009178,15,9,2020,19:52:00,5,75,75116,2,3,1,3,"PLACE DE L ALMA","48,8641830","2,3015610",202000009178,154 726 103,A01,3,1,0,2,7,1,5,NULL,202000009178,154 726 103,A01,1,1,4,2,1977,5,2,0,-1,0,0,-1,202000009178,4,NULL,0,NULL,2,4,0,1,0,0,1,NULL," -1",1,0,1,50
202000009178,15,9,2020,19:52:00,5,75,75116,2,3,1,3,"PLACE DE L ALMA","48,8641830","2,3015610",202000009178,154 726 103,A01,3,1,0,2,7,1,5,NULL,202000009178,154 726 104,B01,1,1,1,1,1993,1,2,6,-1,0,0,-1,202000009178,4,NULL,0,NULL,2,4,0,1,0,0,1,NULL," -1",1,0,1,50
202000009669,18,6,2020,09:35:00,1,75,75112,2,7,1,3,"RUE FABRE D EGLANTINE","48,8478530","2,3958270",202000009669,154 725 257,Z01,2,1,0,2,1,19,5,NULL,202000009669,154 725 256,A01,1,1,4,1,1969,9,2,6,-1,0,0,-1,202000009669,4,NULL,0,NULL,3,3,2,1,0,0,1,NULL," -1",1,0,1,50
202000013266,12,9,2020,19:45:00,2,69,69387,2,1,1,3,"LECLERC                             (AV)","45,7448900","4,8308600",202000013266,154 718 956,B01,1,1,1,0,1,1,0,NULL,202000013266,154 718 955,A01,1,1,1,1,1967,0,8,0,-1,-1," -1",-1,202000013266,4,"LECLERC                             (AV)",0,NULL,1,3,1,1,0,0,1,NULL," -1",1,0,1,50
202000013266,12,9,2020,19:45:00,2,69,69387,2,1,1,3,"LECLERC                             (AV)","45,7448900","4,8308600",202000013266,154 718 956,B01,1,1,1,0,1,1,0,NULL,202000013266,154 718 956,B01,1,1,4,1,1987,0,8,0,-1,-1," -1",-1,202000013266,4,"LECLERC                             (AV)",0,NULL,1,3,1,1,0,0,1,NULL," -1",1,0,1,50
202000013300,13,9,2020,21:50:00,5,59,59350,2,1,1,2,"TOURNAI PONT DE","50,6223100","3,0899000",202000013300,154 718 895,A01,1,1,0,2,4,1,5,NULL,202000013300,154 718 895,A01,1,1,4,1,1984,5,8,0,-1,-1," -1",-1,202000013300,7,146,0,NULL,2,5,2,1,(1),(1),1,NULL," -1",1,2,1,50
202000014261,19,11,2020,08:15:00,1,13,13001,2,6,1,2,"GAUTIER DE LA LAUZIERE J.P (RUE)","43,4824040","5,3650812",202000014261,154 717 236,B01,1,1,0,2,4,2,5,NULL,202000014261,154 717 235,A01,1,1,1,2,1973,1,1,0,-1,-1," -1",-1,202000014261,4,"GAUTIER DE LA LAUZIERE J.P (RUE)",0,NULL,1,1,0,1,0,0,2,NULL," -1",1,9,1,50
202000014261,19,11,2020,08:15:00,1,13,13001,2,6,1,2,"GAUTIER DE LA LAUZIERE J.P (RUE)","43,4824040","5,3650812",202000014261,154 717 236,B01,1,1,0,2,4,2,5,NULL,202000014261,154 717 236,B01,1,1,4,1,1964,1,8,0,-1,-1," -1",-1,202000014261,4,"GAUTIER DE LA LAUZIERE J.P (RUE)",0,NULL,1,1,0,1,0,0,2,NULL," -1",1,9,1,50
202000016864,12,7,2020,12:30:00,1,75,75115,2,1,1,3,"BOULEVARD PASTEUR","48,8400890","2,3154620",202000016864,154 712 583,A01,2,1,0,2,8,1,5,NULL,202000016864,154 712 583,A01,1,1,4,2,1998,5,2,0,-1,0,0,-1,202000016864,4,NULL,0,NULL,2,3,1,2,(1),0,1,NULL," -1",1,-1,5,50
202000016864,12,7,2020,12:30:00,1,75,75115,2,1,1,3,"BOULEVARD PASTEUR","48,8400890","2,3154620",202000016864,154 712 583,A01,2,1,0,2,8,1,5,NULL,202000016864,154 712 584,B01,1,1,1,1,1955,9,1,0,-1,0,0,-1,202000016864,4,NULL,0,NULL,2,3,1,2,(1),0,1,NULL," -1",1,-1,5,50
202000017766,8,10,2020,15:05:00,1,75,75113,2,3,1,7,"AVENUE D ITALIE","48,8277800","2,3567680",202000017766,154 710 962,A01,2,1,0,0,0,1,5,NULL,202000017766,154 710 962,A01,1,1,4,1,1991,1,8,0,-1,0,0,-1,202000017766,4,NULL,0,NULL,-1,6,1,1,0,0,1,NULL," -1",1,-1,5,50
202000021086,9,9,2020,17:25:00,1,75,75114,2,3,1,6,"AVENUE DU GENERAL LECLERC","48,8239710","2,3257030",202000021086,154 705 108,A01,2,1,0,1,1,1,5,NULL,202000021086,154 705 108,A01,1,1,1,1,2004,9,8,0,-1,0,0,-1,202000021086,4,NULL,0,NULL,2,5,2,1,0,0,1,NULL," -1",1,-1,5,50
202000021086,9,9,2020,17:25:00,1,75,75114,2,3,1,6,"AVENUE DU GENERAL LECLERC","48,8239710","2,3257030",202000021086,154 705 108,A01,2,1,0,1,1,1,5,NULL,202000021086,154 705 108,A01,10,3,4,2,1947,5,0,-1,-1,4,3,1,202000021086,4,NULL,0,NULL,2,5,2,1,0,0,1,NULL," -1",1,-1,5,50
202000025211,7,6,2020,17:30:00,1,43,43132,1,1,1,1,"Le Treuil","45,1077340","3,5205710",202000025211,154 697 864,B01,0,1,0,2,1,5,5,NULL,202000025211,154 697 863,A01,1,1,1,1,1993,5,1,-1,-1,0,0,-1,202000025211,4,NULL,-1,NULL,2,1,0,2,(1),(1),2,NULL,3,1,0,1,50
202000025211,7,6,2020,17:30:00,1,43,43132,1,1,1,1,"Le Treuil","45,1077340","3,5205710",202000025211,154 697 864,B01,0,1,0,2,1,5,5,NULL,202000025211,154 697 864,B01,1,1,4,1,2015,5,0,-1,-1,0,0,-1,202000025211,4,NULL,-1,NULL,2,1,0,2,(1),(1),2,NULL,3,1,0,1,50
202000027263,2,10,2020,10:30:00,1,69,69383,2,1,2,6,"DOCTEUR BOUCHUT (DU)                (R )","45,7594240","4,8545569",202000027263,154 694 309,A01,2,1,0,1,1,1,5,NULL,202000027263,154 694 309,A01,10,3,1,1,1979,4,8,-1,-1,6,9,1,202000027263,4,NULL,0,NULL,2,2,1,1,0,0,1,NULL," -1",1,0,1,50
202000027263,2,10,2020,10:30:00,1,69,69383,2,1,2,6,"DOCTEUR BOUCHUT (DU)                (R )","45,7594240","4,8545569",202000027263,154 694 309,A01,2,1,0,1,1,1,5,NULL,202000027263,154 694 309,A01,1,1,4,2,1943,0,8,0,-1,-1," -1",-1,202000027263,4,NULL,0,NULL,2,2,1,1,0,0,1,NULL," -1",1,0,1,50
202000027276,4,8,2020,18:20:00,1,94,94068,2,3,1,7,"CHANZY (AV)","48,7900920","2,5182830",202000027276,154 694 288,A01,1,1,0,0,0,1,5,NULL,202000027276,154 694 288,A01,1,1,4,1,1993,5,8,0,-1,-1," -1",-1,202000027276,4,"CHANZY (AV)",0,NULL,1,1,0,1,26,0,1,NULL," -1",1,0,1,50
202000028443,4,7,2020,13:38:00,1,67,67482,2,1,1,3,"COMTES (ALLEE DES)","48,5840971","7,7146228",202000028443,154 692 231,B01,2,1,0,2,1,19,5,NULL,202000028443,154 692 231,B01,1,1,4,1,1966,5,8,0,-1,-1," -1",-1,202000028443,4,"COMTES (ALLEE DES)",0,NULL,3,2,1,1,0,0,3,NULL," -1",1,0,1,50
202000028443,4,7,2020,13:38:00,1,67,67482,2,1,1,3,"COMTES (ALLEE DES)","48,5840971","7,7146228",202000028443,154 692 231,B01,2,1,0,2,1,19,5,NULL,202000028443,154 692 232,A01,1,1,1,1,1957,5,1,8,-1,-1," -1",-1,202000028443,4,"COMTES (ALLEE DES)",0,NULL,3,2,1,1,0,0,3,NULL," -1",1,0,1,50
202000028446,3,7,2020,15:05:00,1,66,66136,2,1,1,3,"CUGNOT (JOSEPH)","42,6838000","2,8715000",202000028446,154 692 225,A01,0,1,0,2,1,9,5,NULL,202000028446,154 692 224,B01,1,1,1,1,1993,4,1,0,-1,-1," -1",-1,202000028446,4,"CUGNOT (JOSEPH)",0,NULL,2,2,0,1,0,0,1,NULL," -1",1,0,2,30
202000028446,3,7,2020,15:05:00,1,66,66136,2,1,1,3,"CUGNOT (JOSEPH)","42,6838000","2,8715000",202000028446,154 692 225,A01,0,1,0,2,1,9,5,NULL,202000028446,154 692 225,A01,1,1,4,1,1993,0,2,0,-1,-1," -1",-1,202000028446,4,"CUGNOT (JOSEPH)",0,NULL,2,2,0,1,0,0,1,NULL," -1",1,0,2,30
202000028480,15,2,2020,12:25:00,1,75,75116,2,1,1,3,"BOULEVARD MURAT","48,8471890","2,2584790",202000028480,154 692 157,B01,1,1,0,2,1,1,5,NULL,202000028480,154 692 157,B01,1,1,4,2,1970,5,2,8,-1,0,0,-1,202000028480,4,NULL,0,NULL,2,4,0,1,9,0,1,NULL," -1",1,0,1,50
202000028480,15,2,2020,12:25:00,1,75,75116,2,1,1,3,"BOULEVARD MURAT","48,8471890","2,2584790",202000028480,154 692 157,B01,1,1,0,2,1,1,5,NULL,202000028480,154 692 158,A01,1,1,1,1,1965,5,1,0,-1,0,0,-1,202000028480,4,NULL,0,NULL,2,4,0,1,9,0,1,NULL," -1",1,0,1,50
202000029503,3,6,2020,12:00:00,1,01,01321,1,2,1,3,D81,"46,1609840","5,3455000",202000029503,154 690 400,B01,2,1,0,2,6,1,5,NULL,202000029503,154 690 400,B01,1,1,3,1,1944,5,2,-1,-1,0,0,-1,202000029503,3,81,0,A,2,2,0,1,0,500,1,NULL," -1",1,0,1,80
202000029503,3,6,2020,12:00:00,1,01,01321,1,2,1,3,D81,"46,1609840","5,3455000",202000029503,154 690 400,B01,2,1,0,2,6,1,5,NULL,202000029503,154 690 403,A01,1,1,1,1,1955,1,1,-1,-1,0,0,-1,202000029503,3,81,0,A,2,2,0,1,0,500,1,NULL," -1",1,0,1,80
202000030599,30,3,2020,09:30:00,1,92,92050,2,2,1,3,"CHARLES DE GAULLE (BD)","48,9179420","2,2239830",202000030599,154 688 490,B01,2,1,0,2,1,1,5,NULL,202000030599,154 688 489,A01,1,1,1,1,1973,1,1,0,-1,-1," -1",-1,202000030599,3,992,0,NULL,3,6,3,1,0,0,1,NULL," -1",1,5,5,50
202000030599,30,3,2020,09:30:00,1,92,92050,2,2,1,3,"CHARLES DE GAULLE (BD)","48,9179420","2,2239830",202000030599,154 688 490,B01,2,1,0,2,1,1,5,NULL,202000030599,154 688 490,B01,1,1,4,1,1992,1,8,0,-1,-1," -1",-1,202000030599,3,992,0,NULL,3,6,3,1,0,0,1,NULL," -1",1,5,5,50
202000031189,1,8,2020,11:20:00,1,94,94065,1,1,1,2,"CIRCULAIRE (boulevard)","48,7538900","2,3574100",202000031189,154 687 517,A01,0,1,1,0,4,2,5,NULL,202000031189,154 687 517,A01,1,1,4,1,1969,5,2,6,-1,-1," -1",-1,202000031189,9,"CIRCULAIRE (boulevard)",0,NULL,1,3,0,1,0,1,3,NULL," -1",1,0,1,50
202000031189,1,8,2020,11:20:00,1,94,94065,1,1,1,2,"CIRCULAIRE (boulevard)","48,7538900","2,3574100",202000031189,154 687 517,A01,0,1,1,0,4,2,5,NULL,202000031189,154 687 518,B01,1,1,1,1,2000,4,1,0,-1,-1," -1",-1,202000031189,9,"CIRCULAIRE (boulevard)",0,NULL,1,3,0,1,0,1,3,NULL," -1",1,0,1,50
202000032256,4,7,2020,18:20:00,1,75,75104,2,1,1,2,"QUAI DES CELESTINS","48,8518200","2,3612760",202000032256,154 685 689,A01,1,1,0,2,3,1,5,NULL,202000032256,154 685 689,A01,1,1,4,2,1983,5,2,0,-1,-1," -1",-1,202000032256,4,NULL,0,NULL,2,4,0,1,0,0,1,NULL," -1",1,0,1,50
202000034139,2,7,2020,16:50:00,1,54,54395,2,1,1,3,"KELLER (RUE CHARLES)","48,7030998","6,1752438",202000034139,154 682 425,B01,1,1,0,2,1,1,5,NULL,202000034139,154 682 425,B01,1,1,4,1,1989,0,8,0,-1,-1," -1",-1,202000034139,4,NULL,0,NULL,2,1,0,1,0,0,1,NULL," -1",1,0,1,50
202000034139,2,7,2020,16:50:00,1,54,54395,2,1,1,3,"KELLER (RUE CHARLES)","48,7030998","6,1752438",202000034139,154 682 425,B01,1,1,0,2,1,1,5,NULL,202000034139,154 682 426,A01,1,1,1,1,1956,5,1,0,-1,0,0,-1,202000034139,4,NULL,0,NULL,2,1,0,1,0,0,1,NULL," -1",1,0,1,50
202000034550,2,9,2020,19:30:00,1,94,94002,2,1,1,1,"PIERRE COSMI (QU)","48,8147640","2,4115840",202000034550,154 681 707,B01,3,1,6,9,3,1,5,NULL,202000034550,154 681 706,A01,1,1,4,1,1960,0,2,8,-1,-1," -1",-1,202000034550,4,"PIERRE COSMI (QU)",0,NULL,-1,0,1,1,0,0,2,NULL," -1",1,2,5,30
202000034550,2,9,2020,19:30:00,1,94,94002,2,1,1,1,"PIERRE COSMI (QU)","48,8147640","2,4115840",202000034550,154 681 706,A01,3,1,6,9,3,1,5,NULL,202000034550,154 681 706,A01,1,1,4,1,1960,0,2,8,-1,-1," -1",-1,202000034550,4,"PIERRE COSMI (QU)",0,NULL,-1,0,1,1,0,0,2,NULL," -1",1,2,5,30
202000034550,2,9,2020,19:30:00,1,94,94002,2,1,1,1,"PIERRE COSMI (QU)","48,8147640","2,4115840",202000034550,154 681 707,B01,3,1,6,9,3,1,5,NULL,202000034550,154 681 707,B01,1,1,1,1,2008,5,2,8,-1,-1," -1",-1,202000034550,4,"PIERRE COSMI (QU)",0,NULL,-1,0,1,1,0,0,2,NULL," -1",1,2,5,30
202000034550,2,9,2020,19:30:00,1,94,94002,2,1,1,1,"PIERRE COSMI (QU)","48,8147640","2,4115840",202000034550,154 681 706,A01,3,1,6,9,3,1,5,NULL,202000034550,154 681 707,B01,1,1,1,1,2008,5,2,8,-1,-1," -1",-1,202000034550,4,"PIERRE COSMI (QU)",0,NULL,-1,0,1,1,0,0,2,NULL," -1",1,2,5,30
202000038379,30,8,2020,06:30:00,3,17,17353,1,1,1,1,"route impériale","45,9864370"," -1,0112570",202000038379,154 674 907,B01,3,1,0,2,1,0,5,NULL,202000038379,154 674 906,A01,1,1,1,1,1996,5,1,-1,-1,0,0,-1,202000038379,4,NULL,0,NULL,2,2,0,2,(1),(1),1,NULL," -1",1,0,1,80
202000038379,30,8,2020,06:30:00,3,17,17353,1,1,1,1,"route impériale","45,9864370"," -1,0112570",202000038379,154 674 907,B01,3,1,0,2,1,0,5,NULL,202000038379,154 674 907,B01,1,1,3,2,1966,5,9,-1,-1,0,0,-1,202000038379,4,NULL,0,NULL,2,2,0,2,(1),(1),1,NULL," -1",1,0,1,80