Num_Acc,jour,mois,an,hrmn,lum,dep,com,agg,int,atm,col,adr,lat,long,Num_Acc,id_vehicule,num_veh,senc,catv,obs,obsm,choc,manv,motor,occutc,Num_Acc,id_vehicule,num_veh,place,catu,grav,sexe,an_nais,trajet,secu1,secu2,secu3,locp,actp,etatp,Num_Acc,catr,voie,v1,v2,circ,nbv,vosp,prof,pr,pr1,plan,lartpc,larrout,surf,infra,situ,vma
202000039739,25,9,2020,09:05:00,1,92,92051,2,9,9,3,"CHARLES DE GAULLE (AVENUE, N°27 A 129)","48,8802589","2,2737944",202000039739,154 672 519,Y01,2,1,0,2,3,9,5,NULL,202000039739,154 672 519,Y01,1,1,4,1,1986,1,0,-1,-1,0,0,-1,202000039739,4,"CHARLES DE GAULLE (AV)",0,NULL,1,1,1,1,0,0,1,NULL," -1",2,0,5,50
202000039739,25,9,2020,09:05:00,1,92,92051,2,9,9,3,"CHARLES DE GAULLE (AVENUE, N°27 A 129)","48,8802589","2,2737944",202000039739,154 672 519,Y01,2,1,0,2,3,9,5,NULL,202000039739,154 672 520,A01,1,1,1,2,1977,1,1,0,-1,-1," -1",-1,202000039739,4,"CHARLES DE GAULLE (AV)",0,NULL,1,1,1,1,0,0,1,NULL," -1",2,0,5,50
202000040515,6,2,2020,20:27:00,3,49,49007,2,1,1,3,"MONTESQUIEU PASSAGE","47,4734100"," -0,5797400",202000040515,154 671 149,B01,1,1,0,2,1,0,5,NULL,202000040515,154 671 149,B01,1,1,4,1,1998,5,2,8,-1,-1," -1",-1,202000040515,4,"MONTESQUIEU PASSAGE",0,NULL,2,2,0,1,0,0,1,NULL," -1",1,0,1,60
202000040515,6,2,2020,20:27:00,3,49,49007,2,1,1,3,"MONTESQUIEU PASSAGE","47,4734100"," -0,5797400",202000040515,154 671 149,B01,1,1,0,2,1,0,5,NULL,202000040515,154 671 150,A01,1,1,1,2,2001,5,1,8,-1,-1," -1",-1,202000040515,4,"MONTESQUIEU PASSAGE",0,NULL,2,2,0,1,0,0,1,NULL," -1",1,0,1,60
202000042119,26,8,2020,11:20:00,1,80,80021,2,1,1,1,"JEAN DE LA FONTAINE ( RUE )","49,9119300","2,2570100",202000042119,154 668 298,A01,0,1,0,2,1,5,5,NULL,202000042119,154 668 298,A01,1,1,4,1,1983,0,2,0,-1,-1," -1",-1,202000042119,4,"JEAN DE LA FONTAINE ( RUE )",0,NULL,1,1,0,1,0,0,1,NULL," -1",1,0,1,50
202000042119,26,8,2020,11:20:00,1,80,80021,2,1,1,1,"JEAN DE LA FONTAINE ( RUE )","49,9119300","2,2570100",202000042119,154 668 298,A01,0,1,0,2,1,5,5,NULL,202000042119,154 668 299,B01,1,1,1,2,2000,0,1,0,-1,-1," -1",-1,202000042119,4,"JEAN DE LA FONTAINE ( RUE )",0,NULL,1,1,0,1,0,0,1,NULL," -1",1,0,1,50
202000043826,4,12,2020,18:45:00,5,973,97309,1,6,1,1,"Avenue Gaston Monnerville","4,8876280"," -52,2848310",202000043826,154 665 238,B01,1,1,0,0,8,0,5,NULL,202000043826,154 665 237,A01,1,1,1,1,1964,0,1,-1,-1,0,0,-1,202000043826,3,0002,-1,NULL,1,1,0,1,7,400,3,NULL," -1",1,0,1,50
202000043826,4,12,2020,18:45:00,5,973,97309,1,6,1,1,"Avenue Gaston Monnerville","4,8876280"," -52,2848310",202000043826,154 665 238,B01,1,1,0,0,8,0,5,NULL,202000043826,154 665 238,B01,1,1,4,2,2005,0,0,-1,-1,0,0,-1,202000043826,3,0002,-1,NULL,1,1,0,1,7,400,3,NULL," -1",1,0,1,50
202000044538,24,8,2020,15:00:00,1,08,08081,2,1,1,3,"Rue du Vieux Moulin","49,8612020","4,7611620",202000044538,154 663 943,B01,0,1,0,2,1,13,5,NULL,202000044538,154 663 942,A01,1,1,1,1,1965,4,1,-1,-1,0,0,-1,202000044538,4,VC,0,NULL,2,2,0,2,(1),(1),1,NULL," -1",1,0,1,50
202000044538,24,8,2020,15:00:00,1,08,08081,2,1,1,3,"Rue du Vieux Moulin","49,8612020","4,7611620",202000044538,154 663 943,B01,0,1,0,2,1,13,5,NULL,202000044538,154 663 943,B01,1,1,3,2,2011,5,0,-1,-1,0,0,-1,202000044538,4,VC,0,NULL,2,2,0,2,(1),(1),1,NULL," -1",1,0,1,50
202000044645,26,8,2020,18:56:00,1,69,69259,2,1,1,3,"ACACIAS (DES)                       (AL)","45,7246700","4,8690500",202000044645,154 663 738,B01,0,1,0,2,1,26,5,NULL,202000044645,154 663 738,B01,1,1,4,1,2011,0,8,0,-1,-1," -1",-1,202000044645,6,"ACACIAS (DES)                       (AL)",0,NULL,-1,-1,0,1,0,0,1,NULL," -1",1,0,1,30
202000044645,26,8,2020,18:56:00,1,69,69259,2,1,1,3,"ACACIAS (DES)                       (AL)","45,7246700","4,8690500",202000044645,154 663 738,B01,0,1,0,2,1,26,5,NULL,202000044645,154 663 740,A01,1,1,1,1,1998,0,1,0,-1,-1," -1",-1,202000044645,6,"ACACIAS (DES)                       (AL)",0,NULL,-1,-1,0,1,0,0,1,NULL," -1",1,0,1,30
202000044661,23,5,2020,20:30:00,2,75,75104,2,4,1,3,"BOULEVARD MORLAND","48,8482710","2,3648790",202000044661,154 663 709,B01,2,1,0,2,2,1,5,NULL,202000044661,154 663 706,A01,1,1,4,1,1999,9,2,8,-1,0,0,-1,202000044661,4,NULL,0,NULL,1,2,1,1,0,0,1,NULL," -1",2,-1,5,50
202000044661,23,5,2020,20:30:00,2,75,75104,2,4,1,3,"BOULEVARD MORLAND","48,8482710","2,3648790",202000044661,154 663 709,B01,2,1,0,2,2,1,5,NULL,202000044661,154 663 709,B01,1,1,1,1,1983,9,8,0,-1,0,0,-1,202000044661,4,NULL,0,NULL,1,2,1,1,0,0,1,NULL," -1",2,-1,5,50
202000006883,16,5,2020,18:00:00,1,75,75116,2,1,1,3,"ROUTE DE SEVRES A NEUILLY","48,8577420","2,2372610",202000006883,154 730 153,B01,3,1,0,2,1,1,5,NULL,202000006883,154 730 153,B01,1,1,4,1,1976,5,2,6,-1,0,0,-1,202000006883,4,NULL,0,NULL,1,2,1,2,0,0,1,NULL," -1",1,-1,5,50
202000006883,16,5,2020,18:00:00,1,75,75116,2,1,1,3,"ROUTE DE SEVRES A NEUILLY","48,8577420","2,2372610",202000006883,154 730 153,B01,3,1,0,2,1,1,5,NULL,202000006883,154 730 154,A01,1,1,1,1,1972,9,1,0,-1,0,0,-1,202000006883,4,NULL,0,NULL,1,2,1,2,0,0,1,NULL," -1",1,-1,5,50
202000006883,16,5,2020,18:00:00,1,75,75116,2,1,1,3,"ROUTE DE SEVRES A NEUILLY","48,8577420","2,2372610",202000006883,154 730 153,B01,3,1,0,2,1,1,5,NULL,202000006883,154 730 154,A01,2,2,1,1,2007,9,1,0,-1,0,0,-1,202000006883,4,NULL,0,NULL,1,2,1,2,0,0,1,NULL," -1",1,-1,5,50
202000006883,16,5,2020,18:00:00,1,75,75116,2,1,1,3,"ROUTE DE SEVRES A NEUILLY","48,8577420","2,2372610",202000006883,154 730 153,B01,3,1,0,2,1,1,5,NULL,202000006883,154 730 154,A01,4,2,1,1,2004,9,1,0,-1,0,0,-1,202000006883,4,NULL,0,NULL,1,2,1,2,0,0,1,NULL," -1",1,-1,5,50
202000006883,16,5,2020,18:00:00,1,75,75116,2,1,1,3,"ROUTE DE SEVRES A NEUILLY","48,8577420","2,2372610",202000006883,154 730 153,B01,3,1,0,2,1,1,5,NULL,202000006883,154 730 154,A01,3,2,1,1,2011,9,1,0,-1,0,0,-1,202000006883,4,NULL,0,NULL,1,2,1,2,0,0,1,NULL," -1",1,-1,5,50
202000007214,16,9,2020,10:00:00,1,75,75117,2,1,1,3,"AVENUE DE VILLIERS","48,8820430","2,3131650",202000007214,154 729 571,A01,2,1,0,2,2,1,5,NULL,202000007214,154 729 571,A01,1,1,4,1,1981,1,2,8,-1,0,0,-1,202000007214,4,NULL,0,NULL,2,0,0,1,0,0,1,NULL," -1",1,0,1,30
202000007214,16,9,2020,10:00:00,1,75,75117,2,1,1,3,"AVENUE DE VILLIERS","48,8820430","2,3131650",202000007214,154 729 571,A01,2,1,0,2,2,1,5,NULL,202000007214,154 729 572,B01,1,1,1,1,1954,4,1,8,-1,0,0,-1,202000007214,4,NULL,0,NULL,2,0,0,1,0,0,1,NULL," -1",1,0,1,30
202000009528,18,7,2020,19:10:00,1,64,64445,2,3,1,3,"ALSACE LORRAINE D'","43,3054400"," -0,3745000",202000009528,154 725 504,B01,2,1,0,2,3,1,5,NULL,202000009528,154 725 504,B01,1,1,4,1,1996,1,2,0,-1,-1," -1",-1,202000009528,4,"ALSACE LORRAINE D'",0,NULL,2,2,1,1,0,0,1,NULL," -1",1,0,1,50
202000009528,18,7,2020,19:10:00,1,64,64445,2,3,1,3,"ALSACE LORRAINE D'","43,3054400"," -0,3745000",202000009528,154 725 504,B01,2,1,0,2,3,1,5,NULL,202000009528,154 725 505,A01,1,1,1,2,1983,9,1,8,-1,-1," -1",-1,202000009528,4,"ALSACE LORRAINE D'",0,NULL,2,2,1,1,0,0,1,NULL," -1",1,0,1,50
202000010405,28,12,2020,12:50:00,1,94,94017,2,1,1,3,"ROGER SALENGRO (AV)","48,8199600","2,4830900",202000010405,154 723 957,B01,1,1,1,0,0,2,5,NULL,202000010405,154 723 957,B01,1,1,4,1,1990,1,8,0,-1,-1," -1",-1,202000010405,3,4,0,NULL,1,1,0,1,0,1,1,NULL," -1",1,0,1,50
202000010405,28,12,2020,12:50:00,1,94,94017,2,1,1,3,"ROGER SALENGRO (AV)","48,8199600","2,4830900",202000010405,154 723 957,B01,1,1,1,0,0,2,5,NULL,202000010405,154 723 958,A01,1,1,1,1,1990,1,1,0,-1,-1," -1",-1,202000010405,3,4,0,NULL,1,1,0,1,0,1,1,NULL," -1",1,0,1,50
202000010715,12,5,2020,12:55:00,1,49,49007,2,1,1,7,"BASSE CHAINE PONT","47,4706100"," -0,5635500",202000010715,154 723 422,A01,1,1,0,0,0,0,5,NULL,202000010715,154 723 422,A01,1,1,4,1,1966,0,8,0,-1,-1," -1",-1,202000010715,4,"BASSE CHAINE PONT",0,NULL,2,2,0,1,0,0,1,NULL," -1",1,0,1,60
202000010719,12,5,2020,16:47:00,1,44,44184,2,3,1,3,"VILLES-MOLLÉ (ROUTE DE)","47,2590200"," -2,2823900",202000010719,154 723 414,A01,3,1,0,2,7,19,5,NULL,202000010719,154 723 414,A01,1,1,4,1,1989,5,2,8,-1,-1," -1",-1,202000010719,4,NULL,0,NULL,2,2,1,1,(1),(1),1,NULL," -1",1,0,5,50
202000010719,12,5,2020,16:47:00,1,44,44184,2,3,1,3,"VILLES-MOLLÉ (ROUTE DE)","47,2590200"," -2,2823900",202000010719,154 723 414,A01,3,1,0,2,7,19,5,NULL,202000010719,154 723 415,B01,1,1,1,1,1998,1,1,8,-1,-1," -1",-1,202000010719,4,NULL,0,NULL,2,2,1,1,(1),(1),1,NULL," -1",1,0,5,50
202000013153,15,7,2020,18:00:00,1,75,75113,2,3,1,3,"BOULEVARD VINCENT AURIOL","48,8347220","2,3669800",202000013153,154 719 163,B01,2,1,0,2,1,1,5,NULL,202000013153,154 719 163,B01,1,1,4,1,1990,4,2,0,-1,0,0,-1,202000013153,4,NULL,0,NULL,3,2,1,1,0,0,1,NULL," -1",1,-1,5,50
202000013153,15,7,2020,18:00:00,1,75,75113,2,3,1,3,"BOULEVARD VINCENT AURIOL","48,8347220","2,3669800",202000013153,154 719 163,B01,2,1,0,2,1,1,5,NULL,202000013153,154 719 164,A01,1,1,1,2,1994,4,1,0,-1,0,0,-1,202000013153,4,NULL,0,NULL,3,2,1,1,0,0,1,NULL," -1",1,-1,5,50
202000013316,13,9,2020,09:28:00,1,17,17306,2,6,7,-1,"HEDDE (AVENUE DANIEL)","45,6364400"," -1,0287200",202000013316,154 718 868,B01,3,1,0,0,4,2,5,NULL,202000013316,154 718 868,B01,1,1,4,1,1948,5,8,0,-1,-1," -1",-1,202000013316,4,"HEDDE (AVENUE DANIEL)",0,NULL,3,2,0,1,0,0,1,NULL," -1",1,9,1,30
202000013316,13,9,2020,09:28:00,1,17,17306,2,6,7,-1,"HEDDE (AVENUE DANIEL)","45,6364400"," -1,0287200",202000013316,154 718 868,B01,3,1,0,0,4,2,5,NULL,202000013316,154 718 870,A01,1,1,1,2,1942,5,1,0,-1,-1," -1",-1,202000013316,4,"HEDDE (AVENUE DANIEL)",0,NULL,3,2,0,1,0,0,1,NULL," -1",1,9,1,30
202000015351,12,9,2020,13:55:00,1,13,13062,1,1,1,3,"2156 Route du Géant","43,4235000","5,4850790",202000015351,154 715 299,A01,1,1,0,0,3,1,5,NULL,202000015351,154 715 299,A01,1,1,3,1,1972,5,2,9,-1,0,0,-1,202000015351,3,8,-1,NULL,2,2,0,2,(1),(1),1,NULL," -1",1,0,1,80
202000015351,12,9,2020,13:55:00,1,13,13062,1,1,1,3,"2156 Route du Géant","43,4235000","5,4850790",202000015351,154 715 299,A01,1,1,0,0,3,1,5,NULL,202000015351,154 715 300,B01,1,1,1,1,1978,5,1,-1,-1,0,0,-1,202000015351,3,8,-1,NULL,2,2,0,2,(1),(1),1,NULL," -1",1,0,1,80
202000016657,10,1,2020,07:32:00,3,36,36044,2,1,1,2,"ROUTE DE VELLES","46,7873300","1,6908800",202000016657,154 712 958,B01,1,1,0,2,4,1,5,NULL,202000016657,154 712 957,A01,1,1,1,1,1950,0,1,8,-1,-1,0,-1,202000016657,3,40,0,NULL,2,2,0,1,2,185,1,NULL," -1",2,0,1,50
202000016657,10,1,2020,07:32:00,3,36,36044,2,1,1,2,"ROUTE DE VELLES","46,7873300","1,6908800",202000016657,154 712 958,B01,1,1,0,2,4,1,5,NULL,202000016657,154 712 958,B01,1,1,4,1,2002,1,2,0,-1,-1,0,-1,202000016657,3,40,0,NULL,2,2,0,1,2,185,1,NULL," -1",2,0,1,50
202000017540,11,8,2020,17:40:00,2,75,75104,2,1,2,6,"RUE DE RIVOLI","48,8553940","2,3603700",202000017540,154 711 379,A01,1,1,14,0,1,13,5,NULL,202000017540,154 711 379,A01,1,1,4,2,1987,1,2,0,-1,0,0,-1,202000017540,4,NULL,0,NULL,2,4,1,1,0,0,1,NULL," -1",2,-1,5,50
202000019301,10,6,2020,07:20:00,1,94,94081,2,1,1,1,"PAUL VAILLANT COUTURIER (AV)","48,7935100","2,3959800",202000019301,154 708 268,B01,2,1,0,2,1,1,5,NULL,202000019301,154 708 268,B01,1,1,4,1,1996,0,2,8,-1,-1," -1",-1,202000019301,3,155,0,NULL,2,2,0,1,0,1,1,NULL,7,1,0,1,50
202000019301,10,6,2020,07:20:00,1,94,94081,2,1,1,1,"PAUL VAILLANT COUTURIER (AV)","48,7935100","2,3959800",202000019301,154 708 268,B01,2,1,0,2,1,1,5,NULL,202000019301,154 708 269,A01,1,1,1,2,1997,1,1,8,-1,-1," -1",-1,202000019301,3,155,0,NULL,2,2,0,1,0,1,1,NULL,7,1,0,1,50
202000022076,17,12,2020,12:05:00,1,33,33075,2,2,1,3,"RUE DE LA TOUR DE GASSIES","44,8819100"," -0,6209100",202000022076,154 703 365,B01,2,1,0,2,1,1,5,NULL,202000022076,154 703 364,A01,1,1,1,2,1971,0,1,-1,-1,-1," -1",-1,202000022076,4,"RUE DE LA TOUR DE GASSIES",0,NULL,2,3,0,2,(1),(1),1,NULL," -1",1,0,1,50
202000022076,17,12,2020,12:05:00,1,33,33075,2,2,1,3,"RUE DE LA TOUR DE GASSIES","44,8819100"," -0,6209100",202000022076,154 703 365,B01,2,1,0,2,1,1,5,NULL,202000022076,154 703 365,B01,1,1,4,1,1981,5,2,-1,-1,-1," -1",-1,202000022076,4,"RUE DE LA TOUR DE GASSIES",0,NULL,2,3,0,2,(1),(1),1,NULL," -1",1,0,1,50
202000022374,20,1,2020,18:40:00,5,75,75109,2,5,1,6,"RUE LA FAYETTE","48,8750980","2,3409640",202000022374,154 702 858,A01,1,1,0,1,8,5,5,NULL,202000022374,154 702 858,A01,10,3,4,2,1969,5,0,-1,-1,4,3,1,202000022374,4,NULL,0,NULL,1,3,0,1,0,0,1,NULL,9,1,0,1,50
202000022374,20,1,2020,18:40:00,5,75,75109,2,5,1,6,"RUE LA FAYETTE","48,8750980","2,3409640",202000022374,154 702 858,A01,1,1,0,1,8,5,5,NULL,202000022374,154 702 858,A01,1,1,1,1,1994,1,8,2,-1,0,0,-1,202000022374,4,NULL,0,NULL,1,3,0,1,0,0,1,NULL,9,1,0,1,50
202000025202,8,6,2020,17:15:00,1,72,72248,2,1,1,-1,"Impasse des Coemonts","47,8376170","0,4313290",202000025202,154 697 880,B01,1,1,0,2,7,5,6,NULL,202000025202,154 697 880,B01,1,1,4,1,2011,5,2,9,-1,0,0,-1,202000025202,3,NULL,-1,NULL,2,1,0,1,(1),(1),1,NULL,3,1,0,1,30
202000025202,8,6,2020,17:15:00,1,72,72248,2,1,1,-1,"Impasse des Coemonts","47,8376170","0,4313290",202000025202,154 697 880,B01,1,1,0,2,7,5,6,NULL,202000025202,154 697 881,A01,1,1,1,1,1943,0,1,-1,-1,0,0,-1,202000025202,3,NULL,-1,NULL,2,1,0,1,(1),(1),1,NULL,3,1,0,1,30
202000025485,5,11,2020,10:45:00,1,93,93066,2,9,1,1,"LIBERATION RD14 (BOULEVARD)","48,9280701","2,3412906",202000025485,154 697 383,B01,1,1,0,2,1,2,5,NULL,202000025485,154 697 382,A01,1,1,1,1,1978,5,1,0,-1,-1," -1",-1,202000025485,3,114,0,NULL,2,0,0,1,0,1,1,NULL," -1",1,0,1,50
202000025485,5,11,2020,10:45:00,1,93,93066,2,9,1,1,"LIBERATION RD14 (BOULEVARD)","48,9280701","2,3412906",202000025485,154 697 383,B01,1,1,0,2,1,2,5,NULL,202000025485,154 697 383,B01,1,1,4,1,1983,0,2,0,-1,-1," -1",-1,202000025485,3,114,0,NULL,2,0,0,1,0,1,1,NULL," -1",1,0,1,50
202000029395,2,11,2020,18:30:00,5,94,94028,2,1,8,3,"BROSSOLETTE(AVENUE PIERRE)","48,7906700","2,4627500",202000029395,154 690 594,A01,1,1,0,2,1,1,5,NULL,202000029395,154 690 594,A01,1,1,4,1,1972,5,2,0,-1,-1," -1",-1,202000029395,3,19,0,NULL,2,4,1,1,0,1,1,NULL," -1",2,0,1,50
202000029395,2,11,2020,18:30:00,5,94,94028,2,1,8,3,"BROSSOLETTE(AVENUE PIERRE)","48,7906700","2,4627500",202000029395,154 690 594,A01,1,1,0,2,1,1,5,NULL,202000029395,154 690 595,B01,1,1,1,2,1962,1,1,0,-1,-1," -1",-1,202000029395,3,19,0,NULL,2,4,1,1,0,1,1,NULL," -1",2,0,1,50
202000029525,5,6,2020,16:20:00,1,85,85084,2,2,1,3,"4 Rue du Cormier","46,7779630"," -1,2378130",202000029525,154 690 360,A01,3,1,0,2,1,1,5,NULL,202000029525,154 690 359,B01,1,1,1,1,1987,1,1,-1,-1,0,0,-1,202000029525,3,7,0,D,2,2,0,1,36,960,1,NULL,5,1,0,1,50
202000029525,5,6,2020,16:20:00,1,85,85084,2,2,1,3,"4 Rue du Cormier","46,7779630"," -1,2378130",202000029525,154 690 360,A01,3,1,0,2,1,1,5,NULL,202000029525,154 690 360,A01,1,1,4,1,2005,5,0,-1,-1,0,0,-1,202000029525,3,7,0,D,2,2,0,1,36,960,1,NULL,5,1,0,1,50
202000030290,7,7,2020,16:55:00,1,45,45244,2,1,1,3,"Rue d'Orléans","47,7675670","2,4782590",202000030290,154 689 022,B01,1,1,0,0,3,0,5,NULL,202000030290,154 689 022,B01,1,1,4,1,2003,5,0,-1,-1,0,0,-1,202000030290,3,952,0,NULL,2,2,0,1,(1),(1),1,NULL," -1",1,0,1,50
202000031434,2,8,2020,00:10:00,5,93,93048,2,3,1,1,"JEAN JAURES (PLACE)","48,8626610","2,4415835",202000031434,154 687 107,B01,1,1,0,2,1,1,5,NULL,202000031434,154 687 106,A01,1,1,1,1,2001,0,1,0,-1,-1," -1",-1,202000031434,4,"JEAN JAURES (PLACE)",0,NULL,2,4,0,1,0,0,1,NULL," -1",1,0,1,50
202000031434,2,8,2020,00:10:00,5,93,93048,2,3,1,1,"JEAN JAURES (PLACE)","48,8626610","2,4415835",202000031434,154 687 107,B01,1,1,0,2,1,1,5,NULL,202000031434,154 687 107,B01,1,1,4,1,1996,0,8,0,-1,-1," -1",-1,202000031434,4,"JEAN JAURES (PLACE)",0,NULL,2,4,0,1,0,0,1,NULL," -1",1,0,1,50
202000033722,25,9,2020,07:42:00,2,49,49015,2,6,1,2,"DE GAULLE ROND POINT DU GENERAL","47,5006000"," -0,5905600",202000033722,154 683 162,B01,1,1,0,2,1,1,5,NULL,202000033722,154 683 162,B01,1,1,4,1,2006,1,2,0,-1,-1," -1",-1,202000033722,4,"DE GAULLE ROND POINT DU GENERAL",0,NULL,-1,2,0,1,1,0,1,NULL," -1",1,0,1,50
202000033722,25,9,2020,07:42:00,2,49,49015,2,6,1,2,"DE GAULLE ROND POINT DU GENERAL","47,5006000"," -0,5905600",202000033722,154 683 162,B01,1,1,0,2,1,1,5,NULL,202000033722,154 683 163,A01,1,1,1,2,1977,1,1,0,-1,-1," -1",-1,202000033722,4,"DE GAULLE ROND POINT DU GENERAL",0,NULL,-1,2,0,1,1,0,1,NULL," -1",1,0,1,50
202000034516,2,9,2020,17:15:00,1,17,17200,2,2,1,3,"CLAVIER   AVENUE DU","46,1809300"," -1,1672800",202000034516,154 681 770,B01,2,1,0,2,7,19,5,NULL,202000034516,154 681 769,A01,1,1,1,2,1951,5,1,0,-1,-1," -1",-1,202000034516,3,104E2,0,NULL,2,2,1,1,2,638,1,NULL," -1",1,0,5,50
202000034516,2,9,2020,17:15:00,1,17,17200,2,2,1,3,"CLAVIER   AVENUE DU","46,1809300"," -1,1672800",202000034516,154 681 770,B01,2,1,0,2,7,19,5,NULL,202000034516,154 681 770,B01,1,1,4,1,1952,5,2,0,-1,-1," -1",-1,202000034516,3,104E2,0,NULL,2,2,1,1,2,638,1,NULL," -1",1,0,5,50
202000034583,22,1,2020,16:20:00,2,28,28136,1,1,7,2,D309.4,"48,7081530","1,4167860",202000034583,154 681 651,B01,2,1,0,2,8,1,5,NULL,202000034583,154 681 651,B01,1,1,3,1,1948,5,2,-1,-1,0,0,-1,202000034583,3,309-4,0,NULL,2,2,0,2,1,600,1,NULL," -1",1,0,1,80
202000034583,22,1,2020,16:20:00,2,28,28136,1,1,7,2,D309.4,"48,7081530","1,4167860",202000034583,154 681 651,B01,2,1,0,2,8,1,5,NULL,202000034583,154 681 652,A01,1,1,1,2,1943,3,1,-1,-1,0,0,-1,202000034583,3,309-4,0,NULL,2,2,0,2,1,600,1,NULL," -1",1,0,1,80
202000035598,29,10,2020,17:50:00,3,03,03166,1,1,1,2,NULL,"46,1287166","3,1671713",202000035598,154 679 835,B01,2,1,0,2,4,1,5,NULL,202000035598,154 679 834,A01,1,1,1,1,1943,5,1,-1,-1,0,0,-1,202000035598,3,37,-1,NULL,2,2,0,2,4,400,1,NULL," -1",1,0,1,-1
202000035598,29,10,2020,17:50:00,3,03,03166,1,1,1,2,NULL,"46,1287166","3,1671713",202000035598,154 679 835,B01,2,1,0,2,4,1,5,NULL,202000035598,154 679 835,B01,1,1,3,1,1970,5,2,-1,-1,0,0,-1,202000035598,3,37,-1,NULL,2,2,0,2,4,400,1,NULL," -1",1,0,1,-1
202000035988,3,7,2020,21:00:00,1,02,02238,2,3,1,3,"Rue de Versigny","49,6109850","3,5101290",202000035988,154 679 140,A01,2,1,0,2,8,15,5,NULL,202000035988,154 679 139,B01,1,1,1,1,1981,1,1,-1,-1,0,0,-1,202000035988,3,267,0,D,2,2,0,1,21,200,1,NULL," -1",1,0,1,70
202000035988,3,7,2020,21:00:00,1,02,02238,2,3,1,3,"Rue de Versigny","49,6109850","3,5101290",202000035988,154 679 140,A01,2,1,0,2,8,15,5,NULL,202000035988,154 679 140,A01,1,1,3,1,2009,5,0,-1,-1,0,0,-1,202000035988,3,267,0,D,2,2,0,1,21,200,1,NULL," -1",1,0,1,70
202000037108,30,5,2020,18:20:00,1,31,31224,1,5,1,3,"Rue Lesponne","43,0609870","0,5922320",202000037108,154 677 152,B01,0,1,0,2,8,1,5,NULL,202000037108,154 677 152,B01,1,1,3,1,1968,5,2,6,4,0,0,-1,202000037108,4,NULL,0,NULL,2,2,0,1,(1),(1),1,NULL," -1",1,0,1,50
202000037108,30,5,2020,18:20:00,1,31,31224,1,5,1,3,"Rue Lesponne","43,0609870","0,5922320",202000037108,154 677 152,B01,0,1,0,2,8,1,5,NULL,202000037108,154 677 153,A01,1,1,1,1,2000,3,1,-1,-1,0,0,-1,202000037108,4,NULL,0,NULL,2,2,0,1,(1),(1),1,NULL," -1",1,0,1,50
202000038128,15,3,2020,15:15:00,1,59,59482,2,1,1,7,"122 Rue du Marechal Foch","50,7089464","3,0095853",202000038128,154 675 333,A01,1,1,0,0,0,1,5,NULL,202000038128,154 675 333,A01,1,1,3,1,1961,5,2,-1,-1,0,0,-1,202000038128,7,108,0,NULL,2,2,1,1,6,300,1,NULL," -1",1,0,5,50
202000038943,27,5,2020,17:15:00,1,07,07070,2,1,1,3,"COLONNEL ROUSSET (AVENUE DU)","44,9666650","4,8497700",202000038943,154 673 914,B01,2,1,0,2,0,16,0,NULL,202000038943,154 673 914,B01,1,1,3,1,1943,0,8,0,-1,-1," -1",-1,202000038943,3,86,0,NULL,2,2,0,1,48,950,1,NULL," -1",1,0,1,50
202000038943,27,5,2020,17:15:00,1,07,07070,2,1,1,3,"COLONNEL ROUSSET (AVENUE DU)","44,9666650","4,8497700",202000038943,154 673 914,B01,2,1,0,2,0,16,0,NULL,202000038943,154 673 915,A01,1,1,1,1,1978,0,1,8,-1,-1," -1",-1,202000038943,3,86,0,NULL,2,2,0,1,48,950,1,NULL," -1",1,0,1,50
202000039270,7,12,2020,17:50:00,5,75,75110,2,3,1,3,"BOULEVARD DE STRASBOURG","48,8733630","2,3565190",202000039270,154 673 318,B01,1,1,0,2,2,17,5,NULL,202000039270,154 673 316,A01,1,1,4,2,1957,9,8,0,-1,0,0,-1,202000039270,4,NULL,0,NULL,2,4,1,1,0,0,1,NULL," -1",1,-1,5,50
202000039270,7,12,2020,17:50:00,5,75,75110,2,3,1,3,"BOULEVARD DE STRASBOURG","48,8733630","2,3565190",202000039270,154 673 316,A01,1,1,0,2,3,1,5,NULL,202000039270,154 673 316,A01,1,1,4,2,1957,9,8,0,-1,0,0,-1,202000039270,4,NULL,0,NULL,2,4,1,1,0,0,1,NULL," -1",1,-1,5,50
202000039270,7,12,2020,17:50:00,5,75,75110,2,3,1,3,"BOULEVARD DE STRASBOURG","48,8733630","2,3565190",202000039270,154 673 318,B01,1,1,0,2,2,17,5,NULL,202000039270,154 673 318,B01,1,1,1,1,1975,5,8,0,-1,0,0,-1,202000039270,4,NULL,0,NULL,2,4,1,1,0,0,1,NULL," -1",1,-1,5,50
202000039270,7,12,2020,17:50:00,5,75,75110,2,3,1,3,"BOULEVARD DE STRASBOURG","48,8733630","2,3565190",202000039270,154 673 316,A01,1,1,0,2,3,1,5,NULL,202000039270,154 673 318,B01,1,1,1,1,1975,5,8,0,-1,0,0,-1,202000039270,4,NULL,0,NULL,2,4,1,1,0,0,1,NULL," -1",1,-1,5,50
202000042806,1,9,2020,14:00:00,1,45,45175,2,1,1,7,"Rue de Chevenelles","47,7526260","1,8218850",202000042806,154 667 059,A01,3,1,0,0,1,0,5,NULL,202000042806,154 667 059,A01,1,1,3,1,1954,5,8,-1,-1,0,0,-1,202000042806,4,NULL,-1,NULL,2,2,0,1,(1),(1),1,NULL," -1",1,0,1,50