Num_Acc,jour,mois,an,hrmn,lum,dep,com,agg,int,atm,col,adr,lat,long,Num_Acc,id_vehicule,num_veh,senc,catv,obs,obsm,choc,manv,motor,occutc,Num_Acc,id_vehicule,num_veh,place,catu,grav,sexe,an_nais,trajet,secu1,secu2,secu3,locp,actp,etatp,Num_Acc,catr,voie,v1,v2,circ,nbv,vosp,prof,pr,pr1,plan,lartpc,larrout,surf,infra,situ,vma
202000045086,25,7,2020,11:45:00,1,91,91201,2,3,1,1,"HENRI BARBUSSE(BOULEVARD)","48,6647300","2,4194800",202000045086,154 663 000,B01,2,1,0,2,1,1,5,NULL,202000045086,154 662 997,A01,1,1,1,2,1959,0,1,0,-1,-1," -1",-1,202000045086,4,NULL,0,NULL,2,2,0,1,0,100,2,NULL," -1",1,8,1,50
202000045086,25,7,2020,11:45:00,1,91,91201,2,3,1,1,"HENRI BARBUSSE(BOULEVARD)","48,6647300","2,4194800",202000045086,154 663 000,B01,2,1,0,2,1,1,5,NULL,202000045086,154 663 000,B01,1,1,4,1,1953,0,2,0,-1,-1," -1",-1,202000045086,4,NULL,0,NULL,2,2,0,1,0,100,2,NULL," -1",1,8,1,50
202000045435,3,1,2020,20:50:00,5,93,93048,2,1,2,2,"GABRIEL PERI (AVENUE)","48,8573097","2,4406223",202000045435,154 662 395,B01,1,1,0,0,0,0,0,NULL,202000045435,154 662 395,B01,1,1,4,1,1990,0,8,0,-1,-1," -1",-1,202000045435,3,37,0,NULL,2,2,0,1,0,1,1,NULL," -1",2,0,1,50
202000045435,3,1,2020,20:50:00,5,93,93048,2,1,2,2,"GABRIEL PERI (AVENUE)","48,8573097","2,4406223",202000045435,154 662 394,A01,-1,1,0,2,1,0,0,NULL,202000045435,154 662 395,B01,1,1,4,1,1990,0,8,0,-1,-1," -1",-1,202000045435,3,37,0,NULL,2,2,0,1,0,1,1,NULL," -1",2,0,1,50
202000046687,22,10,2020,19:30:00,3,60,60116,1,6,1,2,"ZAC du bois noir","49,3131630","2,3353240",202000046687,154 660 192,B01,2,1,0,2,4,1,5,NULL,202000046687,154 660 190,A01,1,1,1,2,1975,1,1,-1,-1,0,0,-1,202000046687,3,12,-1,NULL,2,2,0,1,19,150,1,NULL," -1",1,5,1,70
202000046687,22,10,2020,19:30:00,3,60,60116,1,6,1,2,"ZAC du bois noir","49,3131630","2,3353240",202000046687,154 660 192,B01,2,1,0,2,4,1,5,NULL,202000046687,154 660 192,B01,1,1,4,1,1997,5,0,-1,-1,0,0,-1,202000046687,3,12,-1,NULL,2,2,0,1,19,150,1,NULL," -1",1,5,1,70
202000006634,24,11,2020,13:00:00,1,69,69013,2,3,1,-1,"GARET (rue du Champ)","46,0002800","4,7309800",202000006634,154 730 584,B01,1,1,0,2,7,1,5,NULL,202000006634,154 730 584,B01,1,1,4,2,1961,1,8,0,-1,-1," -1",-1,202000006634,4,NULL,0,NULL,2,2,0,1,0,0,1,NULL," -1",1,0,1,50
202000006634,24,11,2020,13:00:00,1,69,69013,2,3,1,-1,"GARET (rue du Champ)","46,0002800","4,7309800",202000006634,154 730 584,B01,1,1,0,2,7,1,5,NULL,202000006634,154 730 585,A01,1,1,1,1,1964,1,1,0,-1,-1," -1",-1,202000006634,4,NULL,0,NULL,2,2,0,1,0,0,1,NULL," -1",1,0,1,50
202000007183,16,9,2020,20:45:00,5,27,27229,2,6,1,1,"SAINT LEGER (RUE DU FAUBOURG)","49,0345600","1,1560800",202000007183,154 729 626,B01,0,1,0,0,0,0,5,NULL,202000007183,154 729 626,B01,1,1,4,1,1996,0,2,0,-1,0,0,-1,202000007183,3,D155,0,NULL,-1,2,0,1,29,180,4,NULL," -1",1,9,1,50
202000007183,16,9,2020,20:45:00,5,27,27229,2,6,1,1,"SAINT LEGER (RUE DU FAUBOURG)","49,0345600","1,1560800",202000007183,154 729 626,B01,0,1,0,0,0,0,5,NULL,202000007183,154 729 627,A01,1,1,1,1,1980,0,1,5,-1,0,0,-1,202000007183,3,D155,0,NULL,-1,2,0,1,29,180,4,NULL," -1",1,9,1,50
202000007183,16,9,2020,20:45:00,5,27,27229,2,6,1,1,"SAINT LEGER (RUE DU FAUBOURG)","49,0345600","1,1560800",202000007183,154 729 626,B01,0,1,0,0,0,0,5,NULL,202000007183,154 729 627,A01,2,2,1,2,1989,0,1,5,-1,0,0,-1,202000007183,3,D155,0,NULL,-1,2,0,1,29,180,4,NULL," -1",1,9,1,50
202000009848,5,8,2020,19:40:00,1,69,69266,2,6,1,2,"TOLSTOI    (Cours)","45,7637900","4,8742000",202000009848,154 724 934,B01,3,1,0,2,4,1,5,NULL,202000009848,154 724 933,A01,1,1,1,1,2004,0,2,0,-1,-1," -1",-1,202000009848,4,"TOLSTOI    (Cours)",0,NULL,1,1,1,1,0,0,2,NULL," -1",1,0,1,50
202000009848,5,8,2020,19:40:00,1,69,69266,2,6,1,2,"TOLSTOI    (Cours)","45,7637900","4,8742000",202000009848,154 724 934,B01,3,1,0,2,4,1,5,NULL,202000009848,154 724 934,B01,1,1,4,2,1968,0,8,0,-1,-1," -1",-1,202000009848,4,"TOLSTOI    (Cours)",0,NULL,1,1,1,1,0,0,2,NULL," -1",1,0,1,50
202000013122,22,6,2020,19:15:00,1,44,44109,2,1,1,6,"Allée Brancas","47,2139010"," -1,5557070",202000013122,154 719 215,A01,1,1,0,1,1,1,5,NULL,202000013122,154 719 215,A01,10,3,4,2,1948,5,0,-1,-1,3,3,2,202000013122,4,NULL,0,NULL,1,-1,0,1,(1),(1),1,NULL," -1",1,0,1,30
202000013122,22,6,2020,19:15:00,1,44,44109,2,1,1,6,"Allée Brancas","47,2139010"," -1,5557070",202000013122,154 719 215,A01,1,1,0,1,1,1,5,NULL,202000013122,154 719 215,A01,10,3,3,2,1948,5,8,8,-1,3,3,2,202000013122,4,NULL,0,NULL,1,-1,0,1,(1),(1),1,NULL," -1",1,0,1,30
202000013122,22,6,2020,19:15:00,1,44,44109,2,1,1,6,"Allée Brancas","47,2139010"," -1,5557070",202000013122,154 719 215,A01,1,1,0,1,1,1,5,NULL,202000013122,154 719 215,A01,1,1,1,1,1995,9,8,0,-1,-1," -1",-1,202000013122,4,NULL,0,NULL,1,-1,0,1,(1),(1),1,NULL," -1",1,0,1,30
202000013415,13,9,2020,19:00:00,1,52,52470,2,3,1,3,"1 Grande Rue","47,9917450","5,7380660",202000013415,154 718 706,A01,1,1,0,2,1,1,5,NULL,202000013415,154 718 705,B01,1,1,1,2,1961,5,8,-1,-1,0,0,-1,202000013415,4,NULL,0,NULL,2,2,0,2,(1),(1),1,NULL," -1",1,0,1,50
202000013415,13,9,2020,19:00:00,1,52,52470,2,3,1,3,"1 Grande Rue","47,9917450","5,7380660",202000013415,154 718 706,A01,1,1,0,2,1,1,5,NULL,202000013415,154 718 706,A01,1,1,3,1,2009,5,8,-1,-1,0,0,-1,202000013415,4,NULL,0,NULL,2,2,0,2,(1),(1),1,NULL," -1",1,0,1,50
202000015222,11,9,2020,17:55:00,1,56,56121,2,1,1,-1,"CARNEL (RUE  DE )","47,7400200"," -3,3687800",202000015222,154 715 511,B01,1,1,0,2,1,1,5,NULL,202000015222,154 715 511,B01,1,1,4,2,1969,5,2,0,-1,-1," -1",-1,202000015222,4,"CARNEL (RUE  DE )",0,NULL,2,2,0,1,0,0,1,NULL," -1",1,0,5,50
202000015222,11,9,2020,17:55:00,1,56,56121,2,1,1,-1,"CARNEL (RUE  DE )","47,7400200"," -3,3687800",202000015222,154 715 511,B01,1,1,0,2,1,1,5,NULL,202000015222,154 715 512,A01,1,1,1,1,1972,0,8,0,-1,-1," -1",-1,202000015222,4,"CARNEL (RUE  DE )",0,NULL,2,2,0,1,0,0,1,NULL," -1",1,0,5,50
202000016099,23,12,2020,12:50:00,1,52,52058,2,3,1,3,"Rue de la Scierie","48,1994640","5,1366930",202000016099,154 713 943,B01,1,1,0,2,1,1,5,NULL,202000016099,154 713 943,B01,1,1,3,1,1953,5,2,-1,-1,0,0,-1,202000016099,4,NULL,-1,NULL,2,2,0,1,(1),(1),1,NULL," -1",1,0,1,50
202000016099,23,12,2020,12:50:00,1,52,52058,2,3,1,3,"Rue de la Scierie","48,1994640","5,1366930",202000016099,154 713 943,B01,1,1,0,2,1,1,5,NULL,202000016099,154 713 944,A01,1,1,1,1,1986,1,1,-1,-1,0,0,-1,202000016099,4,NULL,-1,NULL,2,2,0,1,(1),(1),1,NULL," -1",1,0,1,50
202000017581,12,8,2020,13:00:00,1,38,38006,1,1,1,6,"Route du Collet d'Allevard","45,3917300","6,1013900",202000017581,154 711 302,A01,2,1,3,0,3,1,5,NULL,202000017581,154 711 302,A01,1,1,2,1,1994,5,2,-1,-1,0,0,-1,202000017581,3,109,0,NULL,2,2,0,2,8,500,3,NULL," -1",1,0,3,80
202000018083,21,12,2020,08:50:00,1,75,75111,2,2,3,3,"RUE GERBIER","48,8575350","2,3869470",202000018083,154 710 417,A01,2,1,0,2,1,1,5,NULL,202000018083,154 710 416,B01,1,1,1,1,1970,4,1,0,-1,0,0,-1,202000018083,4,NULL,0,NULL,2,2,1,1,0,0,1,NULL," -1",2,-1,5,30
202000018083,21,12,2020,08:50:00,1,75,75111,2,2,3,3,"RUE GERBIER","48,8575350","2,3869470",202000018083,154 710 417,A01,2,1,0,2,1,1,5,NULL,202000018083,154 710 417,A01,1,1,4,1,1976,1,2,0,-1,0,0,-1,202000018083,4,NULL,0,NULL,2,2,1,1,0,0,1,NULL," -1",2,-1,5,30
202000019311,10,6,2020,19:45:00,1,92,92063,2,3,1,3,"DIX-HUIT JUIN 1940 (AVENUE DU) EST","48,8676909","2,1964312",202000019311,154 708 251,B01,2,1,0,2,1,1,5,NULL,202000019311,154 708 251,B01,1,1,4,1,1986,5,2,8,-1,-1," -1",-1,202000019311,3,39,0,NULL,2,2,0,2,0,0,1,NULL," -1",1,0,1,50
202000019311,10,6,2020,19:45:00,1,92,92063,2,3,1,3,"DIX-HUIT JUIN 1940 (AVENUE DU) EST","48,8676909","2,1964312",202000019311,154 708 251,B01,2,1,0,2,1,1,5,NULL,202000019311,154 708 252,A01,1,1,1,1,1961,5,2,8,-1,-1," -1",-1,202000019311,3,39,0,NULL,2,2,0,2,0,0,1,NULL," -1",1,0,1,50
202000021085,8,9,2020,18:35:00,1,75,75115,2,3,1,3,"RUE DE VAUGIRARD","48,8406080","2,3049920",202000021085,154 705 110,B01,2,1,0,2,8,16,5,NULL,202000021085,154 705 109,A01,1,1,1,1,1941,5,1,0,-1,0,0,-1,202000021085,4,NULL,0,NULL,1,3,0,1,0,0,1,NULL," -1",1,0,1,50
202000021085,8,9,2020,18:35:00,1,75,75115,2,3,1,3,"RUE DE VAUGIRARD","48,8406080","2,3049920",202000021085,154 705 110,B01,2,1,0,2,8,16,5,NULL,202000021085,154 705 110,B01,1,1,4,1,1963,9,2,0,-1,0,0,-1,202000021085,4,NULL,0,NULL,1,3,0,1,0,0,1,NULL," -1",1,0,1,50
202000021521,6,10,2020,09:05:00,1,51,51454,2,4,3,3,"Boulevard Henry Vasnier","49,2407917","4,0531229",202000021521,154 704 340,B01,1,1,0,0,5,1,5,NULL,202000021521,154 704 339,A01,1,1,1,2,1987,1,1,-1,-1,-1," -1",-1,202000021521,2,44,0,NULL,3,4,2,3,20,350,2,NULL," -1",2,0,5,50
202000021521,6,10,2020,09:05:00,1,51,51454,2,4,3,3,"Boulevard Henry Vasnier","49,2407917","4,0531229",202000021521,154 704 340,B01,1,1,0,0,5,1,5,NULL,202000021521,154 704 340,B01,1,1,4,1,1982,1,4,-1,-1,-1," -1",-1,202000021521,2,44,0,NULL,3,4,2,3,20,350,2,NULL," -1",2,0,5,50
202000022388,19,1,2020,17:28:00,2,93,93001,2,3,1,5,"AV DU PRESIDENT ROOSEVELT / R DES GRANDES MURAILLES","48,9199054","2,3777681",202000022388,154 702 835,D01,2,1,0,9,0,0,5,NULL,202000022388,154 702 833,A01,1,1,1,1,1987,9,1,0,-1,-1," -1",-1,202000022388,3,27,0,NULL,2,2,0,1,0,1,1,NULL," -1",1,0,1,50
202000022388,19,1,2020,17:28:00,2,93,93001,2,3,1,5,"AV DU PRESIDENT ROOSEVELT / R DES GRANDES MURAILLES","48,9199054","2,3777681",202000022388,154 702 835,D01,2,1,0,9,0,0,5,NULL,202000022388,154 702 834,C01,1,1,4,1,1985,5,2,6,-1,-1," -1",-1,202000022388,3,27,0,NULL,2,2,0,1,0,1,1,NULL," -1",1,0,1,50
202000022388,19,1,2020,17:28:00,2,93,93001,2,3,1,5,"AV DU PRESIDENT ROOSEVELT / R DES GRANDES MURAILLES","48,9199054","2,3777681",202000022388,154 702 835,D01,2,1,0,9,0,0,5,NULL,202000022388,154 702 835,D01,1,1,4,1,1997,0,8,0,-1,-1," -1",-1,202000022388,3,27,0,NULL,2,2,0,1,0,1,1,NULL," -1",1,0,1,50
202000022533,10,7,2020,13:15:00,1,75,75111,2,1,1,3,"RUE RICHARD LENOIR","48,8552050","2,3819720",202000022533,154 702 589,A01,2,1,0,2,1,1,5,NULL,202000022533,154 702 589,A01,1,1,4,1,1965,9,2,0,-1,0,0,-1,202000022533,4,NULL,0,NULL,2,2,1,1,(1),0,1,NULL," -1",1,-1,5,30
202000023157,8,8,2020,11:50:00,1,28,28240,1,3,7,3,D15,"48,4737390","1,0030820",202000023157,154 701 496,B01,1,1,0,2,8,1,5,NULL,202000023157,154 701 495,A01,1,1,1,2,1969,3,1,-1,-1,0,0,-1,202000023157,3,920,0,NULL,2,2,0,1,20,100,1,NULL," -1",1,0,1,80
202000023157,8,8,2020,11:50:00,1,28,28240,1,3,7,3,D15,"48,4737390","1,0030820",202000023157,154 701 496,B01,1,1,0,2,8,1,5,NULL,202000023157,154 701 496,B01,1,1,3,1,1943,5,2,-1,-1,0,0,-1,202000023157,3,920,0,NULL,2,2,0,1,20,100,1,NULL," -1",1,0,1,80
202000023287,8,6,2020,17:55:00,1,51,51454,2,3,1,3,"Boulevard Pasteur","49,2504471","4,0424170",202000023287,154 701 263,B01,2,1,0,2,1,0,5,NULL,202000023287,154 701 263,B01,1,1,4,1,1989,0,2,4,-1,-1," -1",-1,202000023287,2,44,0,NULL,2,4,1,1,19,50,1,NULL," -1",1,0,1,50
202000023287,8,6,2020,17:55:00,1,51,51454,2,3,1,3,"Boulevard Pasteur","49,2504471","4,0424170",202000023287,154 701 263,B01,2,1,0,2,1,0,5,NULL,202000023287,154 701 264,A01,1,1,1,2,1999,1,1,-1,-1,-1," -1",-1,202000023287,2,44,0,NULL,2,4,1,1,19,50,1,NULL," -1",1,0,1,50
202000023713,3,10,2020,19:20:00,2,83,83069,1,1,8,7,"BRANLY (RUE)","43,1132560","6,1361622",202000023713,154 700 506,A01,3,1,0,0,0,0,5,NULL,202000023713,154 700 506,A01,1,1,4,1,2010,5,2,0,-1,-1," -1",-1,202000023713,4,NC,0,NULL,2,1,0,1,0,0,3,NULL," -1",1,0,1,50
202000024242,19,1,2020,10:45:00,1,50,50182,1,1,9,-1,"Rue de la Mer","49,1729060"," -1,4911190",202000024242,154 699 612,A01,0,1,0,0,1,1,5,NULL,202000024242,154 699 610,C01,1,1,4,1,1957,5,2,4,-1,0,0,-1,202000024242,3,D94,0,NULL,2,2,0,2,27,350,1,NULL," -1",7,0,1,80
202000024242,19,1,2020,10:45:00,1,50,50182,1,1,9,-1,"Rue de la Mer","49,1729060"," -1,4911190",202000024242,154 699 611,B01,0,1,0,0,1,1,5,NULL,202000024242,154 699 610,C01,1,1,4,1,1957,5,2,4,-1,0,0,-1,202000024242,3,D94,0,NULL,2,2,0,2,27,350,1,NULL," -1",7,0,1,80
202000024242,19,1,2020,10:45:00,1,50,50182,1,1,9,-1,"Rue de la Mer","49,1729060"," -1,4911190",202000024242,154 699 610,C01,0,1,0,0,1,1,5,NULL,202000024242,154 699 610,C01,1,1,4,1,1957,5,2,4,-1,0,0,-1,202000024242,3,D94,0,NULL,2,2,0,2,27,350,1,NULL," -1",7,0,1,80
202000024242,19,1,2020,10:45:00,1,50,50182,1,1,9,-1,"Rue de la Mer","49,1729060"," -1,4911190",202000024242,154 699 612,A01,0,1,0,0,1,1,5,NULL,202000024242,154 699 611,B01,1,1,3,1,1957,5,2,4,-1,0,0,-1,202000024242,3,D94,0,NULL,2,2,0,2,27,350,1,NULL," -1",7,0,1,80
202000024242,19,1,2020,10:45:00,1,50,50182,1,1,9,-1,"Rue de la Mer","49,1729060"," -1,4911190",202000024242,154 699 611,B01,0,1,0,0,1,1,5,NULL,202000024242,154 699 611,B01,1,1,3,1,1957,5,2,4,-1,0,0,-1,202000024242,3,D94,0,NULL,2,2,0,2,27,350,1,NULL," -1",7,0,1,80
202000024242,19,1,2020,10:45:00,1,50,50182,1,1,9,-1,"Rue de la Mer","49,1729060"," -1,4911190",202000024242,154 699 610,C01,0,1,0,0,1,1,5,NULL,202000024242,154 699 611,B01,1,1,3,1,1957,5,2,4,-1,0,0,-1,202000024242,3,D94,0,NULL,2,2,0,2,27,350,1,NULL," -1",7,0,1,80
202000024242,19,1,2020,10:45:00,1,50,50182,1,1,9,-1,"Rue de la Mer","49,1729060"," -1,4911190",202000024242,154 699 612,A01,0,1,0,0,1,1,5,NULL,202000024242,154 699 612,A01,1,1,4,1,1949,5,2,4,-1,0,0,-1,202000024242,3,D94,0,NULL,2,2,0,2,27,350,1,NULL," -1",7,0,1,80
202000024242,19,1,2020,10:45:00,1,50,50182,1,1,9,-1,"Rue de la Mer","49,1729060"," -1,4911190",202000024242,154 699 611,B01,0,1,0,0,1,1,5,NULL,202000024242,154 699 612,A01,1,1,4,1,1949,5,2,4,-1,0,0,-1,202000024242,3,D94,0,NULL,2,2,0,2,27,350,1,NULL," -1",7,0,1,80
202000024242,19,1,2020,10:45:00,1,50,50182,1,1,9,-1,"Rue de la Mer","49,1729060"," -1,4911190",202000024242,154 699 610,C01,0,1,0,0,1,1,5,NULL,202000024242,154 699 612,A01,1,1,4,1,1949,5,2,4,-1,0,0,-1,202000024242,3,D94,0,NULL,2,2,0,2,27,350,1,NULL," -1",7,0,1,80
202000027859,2,6,2020,16:10:00,1,71,71270,2,6,1,7,"Avenue de la Gare","46,3034452","4,8266046",202000027859,154 693 281,A01,3,1,0,0,0,26,5,NULL,202000027859,154 693 281,A01,1,1,4,2,1954,0,8,0,-1,-1," -1",-1,202000027859,4,NULL,0,NULL,1,2,0,2,0,0,2,NULL," -1",8,5,1,50
202000028727,5,9,2020,16:05:00,1,17,17300,2,1,1,3,"CORDELIERS  AVENUE DES","46,1665400"," -1,1411500",202000028727,154 691 725,B01,1,1,0,2,8,15,5,NULL,202000028727,154 691 725,B01,1,1,4,1,1979,1,8,0,-1,-1," -1",-1,202000028727,4,"CORDELIERS  AVENUE DES",0,NULL,2,2,0,1,0,0,1,NULL," -1",1,0,1,50
202000028727,5,9,2020,16:05:00,1,17,17300,2,1,1,3,"CORDELIERS  AVENUE DES","46,1665400"," -1,1411500",202000028727,154 691 725,B01,1,1,0,2,8,15,5,NULL,202000028727,154 691 726,A01,1,1,1,1,1998,0,2,8,-1,-1," -1",-1,202000028727,4,"CORDELIERS  AVENUE DES",0,NULL,2,2,0,1,0,0,1,NULL," -1",1,0,1,50
202000029055,31,7,2020,16:10:00,1,80,80021,1,1,1,3,"JULES BARNI (RUE)","49,8869720","2,3160980",202000029055,154 691 197,A01,0,1,0,2,1,1,5,NULL,202000029055,154 691 197,A01,1,1,4,1,2000,0,2,0,-1,-1," -1",-1,202000029055,4,"JULES BARNI (RUE)",0,NULL,2,5,0,3,0,0,1,NULL," -1",1,0,1,50
202000029055,31,7,2020,16:10:00,1,80,80021,1,1,1,3,"JULES BARNI (RUE)","49,8869720","2,3160980",202000029055,154 691 197,A01,0,1,0,2,1,1,5,NULL,202000029055,154 691 198,B01,1,1,1,2,1971,0,1,0,-1,-1," -1",-1,202000029055,4,"JULES BARNI (RUE)",0,NULL,2,5,0,3,0,0,1,NULL," -1",1,0,1,50
202000030285,27,6,2020,21:10:00,5,987,98715,2,9,1,6,"Route de Puurai"," -17,5582230"," -149,5978780",202000030285,154 689 027,A01,3,1,15,0,1,26,6,NULL,202000030285,154 689 027,A01,1,1,2,1,1980,5,4,-1,-1,0,0,-1,202000030285,4,NULL,-1,NULL,2,2,0,2,4,500,2,NULL," -1",1,0,3,-1
202000031536,3,6,2020,17:40:00,1,84,84072,1,1,1,3,"Route de Carpentras","44,0603290","5,1034500",202000031536,154 686 930,B01,2,1,0,2,8,1,6,NULL,202000031536,154 686 929,A01,1,1,1,1,1960,1,8,-1,-1,0,0,-1,202000031536,3,942,-1,NULL,2,2,0,1,22,800,1,NULL," -1",1,0,1,80
202000031536,3,6,2020,17:40:00,1,84,84072,1,1,1,3,"Route de Carpentras","44,0603290","5,1034500",202000031536,154 686 930,B01,2,1,0,2,8,1,6,NULL,202000031536,154 686 930,B01,1,1,3,1,1981,5,0,-1,-1,0,0,-1,202000031536,3,942,-1,NULL,2,2,0,1,22,800,1,NULL," -1",1,0,1,80
202000033339,1,6,2020,17:30:00,1,75,75116,2,2,1,2,"AVENUE GEORGES MANDEL","48,8634950","2,2815750",202000033339,154 683 838,A01,0,1,0,2,1,1,5,NULL,202000033339,154 683 838,A01,1,1,4,1,1992,4,8,0,-1,-1," -1",-1,202000033339,4,NULL,0,NULL,1,2,1,1,0,0,1,NULL," -1",1,0,5,50
202000036175,2,7,2020,17:40:00,1,67,67127,1,1,1,2,D45,"48,5732465","7,5390101",202000036175,154 678 797,B01,3,1,0,2,6,2,6,NULL,202000036175,154 678 797,B01,1,1,4,1,1975,5,2,-1,-1,0,0,-1,202000036175,3,45,0,NULL,2,2,0,3,(1),(1),3,NULL," -1",1,0,1,80
202000041886,23,6,2020,17:20:00,1,84,84007,2,9,1,3,"ROYAUME et DALADIER (Pont)","43,9524300","4,7968500",202000041886,154 668 723,B01,3,1,0,2,1,1,5,NULL,202000041886,154 668 723,B01,1,1,3,1,1950,5,2,0,-1,-1," -1",-1,202000041886,4,"ROYAUME et DALADIER (Pont)",0,NULL,2,4,1,1,0,1,1,NULL," -1",1,2,1,50
202000041886,23,6,2020,17:20:00,1,84,84007,2,9,1,3,"ROYAUME et DALADIER (Pont)","43,9524300","4,7968500",202000041886,154 668 723,B01,3,1,0,2,1,1,5,NULL,202000041886,154 668 724,A01,1,1,1,1,1975,0,1,0,-1,-1," -1",-1,202000041886,4,"ROYAUME et DALADIER (Pont)",0,NULL,2,4,1,1,0,1,1,NULL," -1",1,2,1,50
202000043341,27,5,2020,16:35:00,1,71,71291,1,3,1,3,"Rue de Marcigny","46,2200682","4,0221643",202000043341,154 666 079,A01,3,1,0,2,8,15,5,NULL,202000043341,154 666 078,B01,1,1,1,1,1976,4,1,-1,-1,0,0,-1,202000043341,3,122,0,NULL,2,2,0,1,7,150,1,NULL," -1",1,0,1,80
202000043341,27,5,2020,16:35:00,1,71,71291,1,3,1,3,"Rue de Marcigny","46,2200682","4,0221643",202000043341,154 666 079,A01,3,1,0,2,8,15,5,NULL,202000043341,154 666 079,A01,1,1,3,1,2006,5,0,-1,-1,0,0,-1,202000043341,3,122,0,NULL,2,2,0,1,7,150,1,NULL," -1",1,0,1,80
202000043423,25,5,2020,09:48:00,1,75,75109,2,2,1,3,"RUE DE MAUBEUGE","48,8765550","2,3412990",202000043423,154 665 923,B01,2,1,0,2,8,7,5,NULL,202000043423,154 665 923,B01,1,1,4,2,1994,9,2,8,-1,0,0,-1,202000043423,4,NULL,0,NULL,1,2,3,2,7,0,1,NULL," -1",1,-1,6,50
202000043423,25,5,2020,09:48:00,1,75,75109,2,2,1,3,"RUE DE MAUBEUGE","48,8765550","2,3412990",202000043423,154 665 923,B01,2,1,0,2,8,7,5,NULL,202000043423,154 665 924,A01,1,1,1,1,1973,4,1,0,-1,0,0,-1,202000043423,4,NULL,0,NULL,1,2,3,2,7,0,1,NULL," -1",1,-1,6,50
202000044021,23,9,2020,07:45:00,2,33,33478,2,4,5,1,"62 Rue Eugène Leroy","45,0081800","0,0108110",202000044021,154 664 885,B01,1,1,0,2,1,1,5,NULL,202000044021,154 664 884,A01,1,1,1,1,1979,1,1,-1,-1,0,0,-1,202000044021,4,"Rue Romain Roland",-1,NULL,2,2,0,2,(1),(1),3,NULL," -1",1,0,1,50
202000044021,23,9,2020,07:45:00,2,33,33478,2,4,5,1,"62 Rue Eugène Leroy","45,0081800","0,0108110",202000044021,154 664 885,B01,1,1,0,2,1,1,5,NULL,202000044021,154 664 885,B01,1,1,2,1,1963,5,0,-1,-1,0,0,-1,202000044021,4,"Rue Romain Roland",-1,NULL,2,2,0,2,(1),(1),3,NULL," -1",1,0,1,50
202000045604,26,7,2020,14:50:00,1,05,05063,1,1,1,3,D1091,"45,0424270","6,2714680",202000045604,154 662 125,B01,2,1,0,2,8,2,5,NULL,202000045604,154 662 124,A01,1,1,1,1,1986,5,1,-1,-1,0,0,-1,202000045604,3,1091,0,D,2,2,0,1,0,300,3,NULL," -1",1,0,1,90
202000045604,26,7,2020,14:50:00,1,05,05063,1,1,1,3,D1091,"45,0424270","6,2714680",202000045604,154 662 125,B01,2,1,0,2,8,2,5,NULL,202000045604,154 662 125,B01,1,1,4,1,1967,5,2,-1,-1,0,0,-1,202000045604,3,1091,0,D,2,2,0,1,0,300,3,NULL," -1",1,0,1,90
202000045967,10,9,2020,17:20:00,1,92,92004,2,3,1,2,"ARGENTEUIL AV D'","48,9138374","2,2835513",202000045967,154 661 486,B01,1,1,0,2,0,0,5,NULL,202000045967,154 661 485,A01,1,1,1,1,1957,0,1,0,-1,-1," -1",-1,202000045967,3,909,0,NULL,2,2,0,1,0,0,1,NULL," -1",1,0,1,50
202000045967,10,9,2020,17:20:00,1,92,92004,2,3,1,2,"ARGENTEUIL AV D'","48,9138374","2,2835513",202000045967,154 661 486,B01,1,1,0,2,0,0,5,NULL,202000045967,154 661 486,B01,1,1,4,1,1971,0,8,0,-1,-1," -1",-1,202000045967,3,909,0,NULL,2,2,0,1,0,0,1,NULL," -1",1,0,1,50
202000045989,22,9,2020,09:45:00,1,60,60044,2,1,1,3,"Rue du 14 Juillet 1789","49,2923860","2,3391370",202000045989,154 661 447,A01,3,1,0,0,3,1,5,NULL,202000045989,154 661 447,A01,1,1,4,1,1941,5,0,-1,-1,0,0,-1,202000045989,3,NULL,0,NULL,2,2,0,1,(1),(1),3,NULL," -1",1,0,1,50
202000047031,1,12,2020,12:05:00,1,75,75108,2,3,1,4,"RUE DE ROME","48,8771990","2,3230610",202000047031,154 659 610,B01,1,1,0,2,9,13,5,NULL,202000047031,154 659 605,A01,1,1,1,1,1976,4,1,0,-1,0,0,-1,202000047031,4,NULL,0,NULL,2,4,3,2,0,0,1,NULL," -1",1,-1,6,50
202000047031,1,12,2020,12:05:00,1,75,75108,2,3,1,4,"RUE DE ROME","48,8771990","2,3230610",202000047031,154 659 610,B01,1,1,0,2,9,13,5,NULL,202000047031,154 659 608,C01,1,1,1,1,1977,4,1,0,-1,0,0,-1,202000047031,4,NULL,0,NULL,2,4,3,2,0,0,1,NULL," -1",1,-1,6,50
202000047031,1,12,2020,12:05:00,1,75,75108,2,3,1,4,"RUE DE ROME","48,8771990","2,3230610",202000047031,154 659 610,B01,1,1,0,2,9,13,5,NULL,202000047031,154 659 610,B01,1,1,3,2,2004,9,2,0,-1,0,0,-1,202000047031,4,NULL,0,NULL,2,4,3,2,0,0,1,NULL," -1",1,-1,6,50