Num_Acc,jour,mois,an,hrmn,lum,dep,com,agg,int,atm,col,adr,lat,long,Num_Acc,id_vehicule,num_veh,senc,catv,obs,obsm,choc,manv,motor,occutc,Num_Acc,id_vehicule,num_veh,place,catu,grav,sexe,an_nais,trajet,secu1,secu2,secu3,locp,actp,etatp,Num_Acc,catr,voie,v1,v2,circ,nbv,vosp,prof,pr,pr1,plan,lartpc,larrout,surf,infra,situ,vma
202000044409,25,6,2020,20:25:00,1,92,92036,2,2,1,1,"GRESILLONS (QUAI DES)","48,9211940","2,3250280",202000044409,154 664 175,B01,1,1,0,2,0,0,5,NULL,202000044409,154 664 175,B01,1,1,4,2,1991,0,2,0,-1,-1," -1",-1,202000044409,3,7,0,NULL,2,4,0,1,0,0,1,NULL," -1",1,0,1,50
202000044409,25,6,2020,20:25:00,1,92,92036,2,2,1,1,"GRESILLONS (QUAI DES)","48,9211940","2,3250280",202000044409,154 664 175,B01,1,1,0,2,0,0,5,NULL,202000044409,154 664 176,A01,1,1,1,1,1972,0,1,8,-1,-1," -1",-1,202000044409,3,7,0,NULL,2,4,0,1,0,0,1,NULL," -1",1,0,1,50
202000044490,22,8,2020,15:00:00,1,78,78356,1,6,1,2,"2 Rue Pierre Nicole","48,7475870","2,0254760",202000044490,154 664 046,B01,2,1,0,2,5,1,5,NULL,202000044490,154 664 046,B01,1,1,3,1,1964,5,2,-1,-1,0,0,-1,202000044490,3,91,0,NULL,-1,1,0,1,10,460,1,NULL," -1",1,0,8,50
202000044490,22,8,2020,15:00:00,1,78,78356,1,6,1,2,"2 Rue Pierre Nicole","48,7475870","2,0254760",202000044490,154 664 046,B01,2,1,0,2,5,1,5,NULL,202000044490,154 664 048,A01,1,1,1,1,2002,3,1,-1,-1,0,0,-1,202000044490,3,91,0,NULL,-1,1,0,1,10,460,1,NULL," -1",1,0,8,50
202000044673,5,2,2020,08:00:00,1,45,45147,2,1,1,3,"333 Rue Marcelin Berthelot","47,9449310","1,9210000",202000044673,154 663 688,B01,1,1,0,2,8,1,5,NULL,202000044673,154 663 686,A01,1,1,1,1,1991,4,1,0,-1,0,0,-1,202000044673,3,97,0,NULL,2,4,0,1,5,770,1,NULL," -1",1,0,5,50
202000044673,5,2,2020,08:00:00,1,45,45147,2,1,1,3,"333 Rue Marcelin Berthelot","47,9449310","1,9210000",202000044673,154 663 688,B01,1,1,0,2,8,1,5,NULL,202000044673,154 663 688,B01,1,1,4,1,1980,1,2,0,-1,-1," -1",-1,202000044673,3,97,0,NULL,2,4,0,1,5,770,1,NULL," -1",1,0,5,50
202000045803,1,12,2020,17:50:00,5,59,59028,2,6,8,3,"GAULLE (RUE DU GENERAL DE)","50,4132700","3,0523300",202000045803,154 661 798,B01,2,1,0,2,8,19,5,NULL,202000045803,154 661 797,A01,1,1,1,1,1952,0,1,8,-1,-1," -1",-1,202000045803,3,"120 ",0,NULL,2,2,0,1,13,74,1,NULL," -1",2,0,1,50
202000045803,1,12,2020,17:50:00,5,59,59028,2,6,8,3,"GAULLE (RUE DU GENERAL DE)","50,4132700","3,0523300",202000045803,154 661 798,B01,2,1,0,2,8,19,5,NULL,202000045803,154 661 798,B01,1,1,4,1,2007,0,2,0,-1,-1," -1",-1,202000045803,3,"120 ",0,NULL,2,2,0,1,13,74,1,NULL," -1",2,0,1,50
202000046690,22,10,2020,16:00:00,1,02,02163,2,3,8,3,"09 Route de Pavant","48,9740900","3,2822570",202000046690,154 660 189,A01,3,1,0,2,3,19,5,NULL,202000046690,154 660 188,B01,1,1,1,2,1943,3,1,-1,-1,0,0,-1,202000046690,4,NULL,-1,NULL,2,2,0,1,(1),(1),1,NULL," -1",1,0,1,50
202000046690,22,10,2020,16:00:00,1,02,02163,2,3,8,3,"09 Route de Pavant","48,9740900","3,2822570",202000046690,154 660 189,A01,3,1,0,2,3,19,5,NULL,202000046690,154 660 189,A01,1,1,3,1,2008,5,0,-1,-1,0,0,-1,202000046690,4,NULL,-1,NULL,2,2,0,1,(1),(1),1,NULL," -1",1,0,1,50
202000046929,21,5,2020,21:10:00,2,74,74215,2,1,1,7,"1001 Route de Megeve","45,8411080","6,5833690",202000046929,154 659 784,A01,1,1,0,0,7,1,5,NULL,202000046929,154 659 784,A01,1,1,4,1,1975,5,2,-1,-1,0,0,-1,202000046929,3,1212,-1,NULL,2,2,0,1,16,375,1,NULL," -1",1,0,4,50
202000007984,14,10,2020,19:45:00,3,75,75115,2,5,1,3,"BOULEVARD DU MONTPARNASSE","48,8450970","2,3201170",202000007984,154 728 206,B01,1,1,0,2,1,1,5,NULL,202000007984,154 728 206,B01,1,1,4,1,1965,1,2,0,-1,0,0,-1,202000007984,4,NULL,0,NULL,2,6,0,1,0,0,1,NULL," -1",1,0,1,50
202000007984,14,10,2020,19:45:00,3,75,75115,2,5,1,3,"BOULEVARD DU MONTPARNASSE","48,8450970","2,3201170",202000007984,154 728 206,B01,1,1,0,2,1,1,5,NULL,202000007984,154 728 207,A01,1,1,1,1,1985,9,1,0,-1,0,0,-1,202000007984,4,NULL,0,NULL,2,6,0,1,0,0,1,NULL," -1",1,0,1,50
202000009235,15,9,2020,11:25:00,1,17,17385,1,1,1,-1,"Route des Allards","45,9522840"," -1,2513260",202000009235,154 726 000,A01,2,1,0,0,0,2,5,NULL,202000009235,154 725 999,B01,1,1,1,1,1966,4,8,-1,-1,0,0,-1,202000009235,3,126,0,D,2,2,0,1,10,800,3,NULL," -1",1,0,1,80
202000009235,15,9,2020,11:25:00,1,17,17385,1,1,1,-1,"Route des Allards","45,9522840"," -1,2513260",202000009235,154 726 000,A01,2,1,0,0,0,2,5,NULL,202000009235,154 726 000,A01,1,1,3,1,1948,5,2,-1,-1,0,0,-1,202000009235,3,126,0,D,2,2,0,1,10,800,3,NULL," -1",1,0,1,80
202000009467,20,7,2020,11:30:00,1,48,48064,2,1,1,1,"Chez Prosper (Camping)","44,8169840","3,1156540",202000009467,154 725 606,B01,1,1,0,2,1,1,5,NULL,202000009467,154 725 606,B01,1,1,4,1,1961,5,2,6,-1,0,0,-1,202000009467,3,989,-1,NULL,2,2,0,1,4,350,1,NULL," -1",1,0,1,50
202000009467,20,7,2020,11:30:00,1,48,48064,2,1,1,1,"Chez Prosper (Camping)","44,8169840","3,1156540",202000009467,154 725 606,B01,1,1,0,2,1,1,5,NULL,202000009467,154 725 607,A01,1,1,1,2,1960,1,1,-1,-1,0,0,-1,202000009467,3,989,-1,NULL,2,2,0,1,4,350,1,NULL," -1",1,0,1,50
202000010987,28,1,2020,15:40:00,1,75,75101,2,2,1,3,"RUE DE RIVOLI","48,8608920","2,3408210",202000010987,154 722 952,B01,1,1,0,2,1,1,5,NULL,202000010987,154 722 951,A01,1,1,1,1,1952,5,1,0,-1,0,0,-1,202000010987,4,NULL,0,NULL,1,5,2,1,0,0,1,NULL,15,1,-1,5,50
202000010987,28,1,2020,15:40:00,1,75,75101,2,2,1,3,"RUE DE RIVOLI","48,8608920","2,3408210",202000010987,154 722 952,B01,1,1,0,2,1,1,5,NULL,202000010987,154 722 952,B01,1,1,4,1,1974,9,8,0,-1,0,0,-1,202000010987,4,NULL,0,NULL,1,5,2,1,0,0,1,NULL,15,1,-1,5,50
202000011761,5,10,2020,11:10:00,1,85,85194,2,1,1,1,"Boulevard du Vendée Globe","46,5030400"," -1,7592200",202000011761,154 721 563,A01,3,1,0,2,8,9,5,NULL,202000011761,154 721 562,B01,1,1,1,2,1994,-1,0,-1,-1,-1," -1",-1,202000011761,4,NULL,0,NULL,2,2,0,1,(1),(1),1,NULL," -1",1,0,1,50
202000011761,5,10,2020,11:10:00,1,85,85194,2,1,1,1,"Boulevard du Vendée Globe","46,5030400"," -1,7592200",202000011761,154 721 563,A01,3,1,0,2,8,9,5,NULL,202000011761,154 721 563,A01,1,1,3,1,1970,-1,0,-1,-1,-1," -1",-1,202000011761,4,NULL,0,NULL,2,2,0,1,(1),(1),1,NULL," -1",1,0,1,50
202000012437,19,11,2020,11:05:00,1,94,94028,2,1,1,1,"PARIS.(RUE DE)","48,7943000","2,4604000",202000012437,154 720 392,A01,2,1,0,2,1,1,5,NULL,202000012437,154 720 391,B01,1,1,4,1,2004,5,0,0,-1,-1," -1",-1,202000012437,3,19,0,NULL,1,1,1,1,0,1,1,NULL," -1",1,0,5,50
202000012437,19,11,2020,11:05:00,1,94,94028,2,1,1,1,"PARIS.(RUE DE)","48,7943000","2,4604000",202000012437,154 720 392,A01,2,1,0,2,1,1,5,NULL,202000012437,154 720 392,A01,1,1,1,1,1998,1,8,0,-1,-1," -1",-1,202000012437,3,19,0,NULL,1,1,1,1,0,1,1,NULL," -1",1,0,5,50
202000016776,13,7,2020,08:30:00,1,988,98818,2,1,1,6,"PROMENADE ROGER LAROQUE"," -22,3018600","166,4352500",202000016776,154 712 745,A01,1,1,0,9,1,26,5,NULL,202000016776,154 712 745,A01,1,1,3,2,1971,5,2,8,-1,0,0,-1,202000016776,4,358,0,NULL,2,2,1,1,0,0,3,NULL," -1",1,0,5,30
202000016903,13,7,2020,09:20:00,1,74,74256,2,1,1,3,"390 Route de Passy","45,9364210","6,6467380",202000016903,154 712 514,B01,1,1,0,2,3,11,5,NULL,202000016903,154 712 513,A01,1,1,1,1,1936,9,1,-1,-1,0,0,-1,202000016903,3,13,0,D,2,2,0,1,1,500,1,NULL," -1",1,0,1,50
202000016903,13,7,2020,09:20:00,1,74,74256,2,1,1,3,"390 Route de Passy","45,9364210","6,6467380",202000016903,154 712 514,B01,1,1,0,2,3,11,5,NULL,202000016903,154 712 514,B01,1,1,4,2,1959,3,2,-1,-1,0,0,-1,202000016903,3,13,0,D,2,2,0,1,1,500,1,NULL," -1",1,0,1,50
202000017096,22,2,2020,11:28:00,1,45,45208,2,2,1,3,"R J JAURES - R DU DOCT ROUX","47,9921030","2,7321740",202000017096,154 712 179,B01,2,1,0,2,7,15,5,NULL,202000017096,154 712 179,B01,1,1,4,2,1996,0,8,0,-1,0,0,-1,202000017096,3,2107,0,NULL,2,2,0,1,0,220,1,NULL," -1",1,0,1,50
202000017096,22,2,2020,11:28:00,1,45,45208,2,2,1,3,"R J JAURES - R DU DOCT ROUX","47,9921030","2,7321740",202000017096,154 712 179,B01,2,1,0,2,7,15,5,NULL,202000017096,154 712 180,A01,1,1,1,1,1964,5,1,5,-1,0,0,-1,202000017096,3,2107,0,NULL,2,2,0,1,0,220,1,NULL," -1",1,0,1,50
202000017236,10,9,2020,17:40:00,1,57,57661,1,3,7,3,"Route de Wissembourg","49,0513490","7,6008330",202000017236,154 711 926,B01,1,1,0,2,8,1,5,NULL,202000017236,154 711 925,A01,1,1,1,1,1941,5,1,-1,-1,0,0,-1,202000017236,3,35,-1,NULL,2,2,0,1,29,800,1,NULL," -1",1,0,1,70
202000017236,10,9,2020,17:40:00,1,57,57661,1,3,7,3,"Route de Wissembourg","49,0513490","7,6008330",202000017236,154 711 926,B01,1,1,0,2,8,1,5,NULL,202000017236,154 711 926,B01,1,1,4,1,1971,5,2,-1,-1,0,0,-1,202000017236,3,35,-1,NULL,2,2,0,1,29,800,1,NULL," -1",1,0,1,70
202000018678,12,7,2020,05:50:00,1,78,78048,2,1,1,7,"9 Route d'Orgerus","48,8056700","1,6759450",202000018678,154 709 395,A01,3,1,0,0,9,0,5,NULL,202000018678,154 709 395,A01,1,1,3,2,1990,5,0,-1,-1,0,0,-1,202000018678,4,NULL,-1,NULL,2,2,0,2,(1),(1),1,NULL," -1",1,0,1,30
202000019078,4,9,2020,08:00:00,1,54,54395,2,2,1,3,"JARDINIERS (RUE DES","48,6889300","6,1919200",202000019078,154 708 683,B01,3,1,0,2,8,1,5,NULL,202000019078,154 708 683,B01,1,1,4,1,2005,2,8,0,-1,-1," -1",-1,202000019078,4,NULL,0,NULL,1,2,0,1,0,0,1,NULL," -1",1,0,1,50
202000019611,9,8,2020,04:30:00,5,59,59350,2,2,1,3,"RATISBONNE RUE","50,6297300","3,0534300",202000019611,154 707 684,A01,1,1,0,2,1,19,6,NULL,202000019611,154 707 684,A01,1,1,3,1,1998,0,8,0,-1,-1," -1",-1,202000019611,4," RUE RATISBONNE",0,NULL,1,1,0,1,0,0,1,NULL," -1",1,5,1,30
202000019611,9,8,2020,04:30:00,5,59,59350,2,2,1,3,"RATISBONNE RUE","50,6297300","3,0534300",202000019611,154 707 684,A01,1,1,0,2,1,19,6,NULL,202000019611,154 707 685,B01,1,1,1,1,1996,1,1,8,-1,-1," -1",-1,202000019611,4," RUE RATISBONNE",0,NULL,1,1,0,1,0,0,1,NULL," -1",1,5,1,30
202000020769,2,7,2020,07:35:00,1,34,34172,2,1,1,-1,"ANTONELLI (AVENUE DU PROFESSEUR ETIENNE)","43,5994760","3,8924593",202000020769,154 705 682,A01,3,1,0,2,1,19,5,NULL,202000020769,154 705 682,A01,1,1,4,1,1960,1,2,0,-1,-1," -1",-1,202000020769,4,NULL,0,NULL,1,1,0,1,0,0,2,NULL," -1",1,0,1,50
202000020769,2,7,2020,07:35:00,1,34,34172,2,1,1,-1,"ANTONELLI (AVENUE DU PROFESSEUR ETIENNE)","43,5994760","3,8924593",202000020769,154 705 682,A01,3,1,0,2,1,19,5,NULL,202000020769,154 705 683,B01,1,1,1,1,1963,4,1,8,-1,-1," -1",-1,202000020769,4,NULL,0,NULL,1,1,0,1,0,0,2,NULL," -1",1,0,1,50
202000020854,21,2,2020,15:35:00,1,94,94041,2,1,1,3,"RASPAIL (R)","48,8111000","2,3879000",202000020854,154 705 537,B01,1,1,0,2,3,25,5,NULL,202000020854,154 705 537,B01,1,1,4,2,1995,5,8,0,-1,-1," -1",-1,202000020854,3,"RASPAIL (R)",0,NULL,1,1,0,1,(1),(1),1,NULL," -1",1,0,4,50
202000020854,21,2,2020,15:35:00,1,94,94041,2,1,1,3,"RASPAIL (R)","48,8111000","2,3879000",202000020854,154 705 537,B01,1,1,0,2,3,25,5,NULL,202000020854,154 705 538,A01,1,1,1,1,1980,4,1,0,-1,-1," -1",-1,202000020854,3,"RASPAIL (R)",0,NULL,1,1,0,1,(1),(1),1,NULL," -1",1,0,4,50
202000021841,10,11,2020,08:05:00,2,24,24553,2,6,5,3,"Route de Royan","45,2542370","0,4884520",202000021841,154 703 791,B01,2,1,0,2,2,1,6,NULL,202000021841,154 703 790,A01,1,1,1,2,1952,9,1,-1,-1,0,0,-1,202000021841,3,710,0,D,2,2,0,1,12,(1),2,NULL," -1",1,0,1,50
202000021841,10,11,2020,08:05:00,2,24,24553,2,6,5,3,"Route de Royan","45,2542370","0,4884520",202000021841,154 703 791,B01,2,1,0,2,2,1,6,NULL,202000021841,154 703 791,B01,1,1,4,1,1999,1,0,-1,-1,0,0,-1,202000021841,3,710,0,D,2,2,0,1,12,(1),2,NULL," -1",1,0,1,50
202000022307,20,4,2020,13:00:00,1,69,69256,2,1,1,3,"GABRIEL PERI                        (AV)","45,7720700","4,9109600",202000022307,154 702 977,B01,1,1,1,0,1,1,5,NULL,202000022307,154 702 977,B01,1,1,4,1,1971,4,8,0,-1,-1," -1",-1,202000022307,4,"GABRIEL PERI                        (AV)",0,NULL,3,6,2,1,0,0,1,NULL," -1",1,0,1,50
202000022307,20,4,2020,13:00:00,1,69,69256,2,1,1,3,"GABRIEL PERI                        (AV)","45,7720700","4,9109600",202000022307,154 702 977,B01,1,1,1,0,1,1,5,NULL,202000022307,154 702 978,A01,1,1,1,1,1969,3,8,0,-1,-1," -1",-1,202000022307,4,"GABRIEL PERI                        (AV)",0,NULL,3,6,2,1,0,0,1,NULL," -1",1,0,1,50
202000022973,8,9,2020,08:50:00,1,68,68066,2,9,1,3,"WIMPFELING (RUE)","48,0686290","7,3345020",202000022973,154 701 808,B01,1,1,0,2,8,1,5,NULL,202000022973,154 701 807,A01,1,1,1,2,1958,0,1,0,-1,-1," -1",-1,202000022973,4,"WIMPFELING (RUE)",0,NULL,2,2,1,1,1,0,3,NULL," -1",1,0,5,50
202000022973,8,9,2020,08:50:00,1,68,68066,2,9,1,3,"WIMPFELING (RUE)","48,0686290","7,3345020",202000022973,154 701 808,B01,1,1,0,2,8,1,5,NULL,202000022973,154 701 808,B01,1,1,3,2,1953,0,8,0,-1,-1," -1",-1,202000022973,4,"WIMPFELING (RUE)",0,NULL,2,2,1,1,1,0,3,NULL," -1",1,0,5,50
202000025377,7,6,2020,00:15:00,5,17,17300,2,1,1,1,"GRASSET   AVENUE EDMOND (61-85B)","46,1633800"," -1,1672900",202000025377,154 697 567,A01,2,1,0,2,1,5,5,NULL,202000025377,154 697 566,B01,1,1,1,2,1963,0,1,0,-1,-1," -1",-1,202000025377,4,"GRASSET   AVENUE EDMOND (61-85B)",0,NULL,-1,2,0,2,0,0,1,NULL," -1",1,0,1,50
202000025377,7,6,2020,00:15:00,5,17,17300,2,1,1,1,"GRASSET   AVENUE EDMOND (61-85B)","46,1633800"," -1,1672900",202000025377,154 697 567,A01,2,1,0,2,1,5,5,NULL,202000025377,154 697 567,A01,1,1,4,1,1984,0,8,0,-1,-1," -1",-1,202000025377,4,"GRASSET   AVENUE EDMOND (61-85B)",0,NULL,-1,2,0,2,0,0,1,NULL," -1",1,0,1,50
202000025827,14,4,2020,19:00:00,1,75,75115,2,2,1,2,"RUE DE LA CONVENTION","48,8410980","2,2879040",202000025827,154 696 805,A01,1,1,0,2,4,1,5,NULL,202000025827,154 696 805,A01,1,1,4,1,1977,5,8,4,-1,0,0,-1,202000025827,4,NULL,0,NULL,2,2,0,1,0,0,1,NULL,5,1,0,1,50
202000026029,16,12,2020,18:30:00,5,73,73065,2,6,1,1,"MOTTE SERVOLEX (AVENUE DE LA)","45,5818800","5,8874100",202000026029,154 696 468,B01,0,1,0,2,7,0,5,NULL,202000026029,154 696 468,B01,1,1,4,1,1900,0,8,0,-1,0,0,-1,202000026029,3,"MOTTE SERVOLEX (AVENUE DE LA)",0,NULL,-1,-1,0,1,1,880,1,NULL," -1",1,5,8,50
202000026029,16,12,2020,18:30:00,5,73,73065,2,6,1,1,"MOTTE SERVOLEX (AVENUE DE LA)","45,5818800","5,8874100",202000026029,154 696 468,B01,0,1,0,2,7,0,5,NULL,202000026029,154 696 469,A01,1,1,1,1,1976,1,1,0,-1,-1," -1",-1,202000026029,3,"MOTTE SERVOLEX (AVENUE DE LA)",0,NULL,-1,-1,0,1,1,880,1,NULL," -1",1,5,8,50
202000026153,16,1,2020,19:07:00,4,76,76165,2,1,1,-1,"CHENNEVIERE. RUE","49,2899100","1,0262500",202000026153,154 696 249,A01,3,1,0,2,2,9,5,NULL,202000026153,154 696 249,A01,1,1,3,1,1988,0,8,0,-1,-1," -1",-1,202000026153,4,"CHENNEVIERE. RUE",0,NULL,2,2,0,1,0,0,1,NULL," -1",1,0,1,50
202000026153,16,1,2020,19:07:00,4,76,76165,2,1,1,-1,"CHENNEVIERE. RUE","49,2899100","1,0262500",202000026153,154 696 249,A01,3,1,0,2,2,9,5,NULL,202000026153,154 696 250,B01,1,1,1,2,1991,0,1,0,-1,-1," -1",-1,202000026153,4,"CHENNEVIERE. RUE",0,NULL,2,2,0,1,0,0,1,NULL," -1",1,0,1,50
202000026558,17,2,2020,17:40:00,1,37,37261,2,6,1,3,"PORTILLON (QUAI DE)","47,4004116","0,6789153",202000026558,154 695 520,B01,2,1,0,2,0,1,0,NULL,202000026558,154 695 520,B01,1,1,4,1,1994,1,-1,0,-1,-1," -1",-1,202000026558,3,952,0,NULL,2,2,0,1,0,0,1,NULL," -1",1,0,1,50
202000026558,17,2,2020,17:40:00,1,37,37261,2,6,1,3,"PORTILLON (QUAI DE)","47,4004116","0,6789153",202000026558,154 695 520,B01,2,1,0,2,0,1,0,NULL,202000026558,154 695 521,A01,1,1,1,1,1993,5,1,8,-1,-1," -1",-1,202000026558,3,952,0,NULL,2,2,0,1,0,0,1,NULL," -1",1,0,1,50
202000032817,3,9,2020,19:30:00,1,75,75104,2,7,1,2,"RUE SAINT ANTOINE","48,8532210","2,3686090",202000032817,154 684 765,A01,2,1,0,2,1,13,5,NULL,202000032817,154 684 764,B01,1,1,4,2,1977,9,2,0,-1,0,0,-1,202000032817,4,NULL,0,NULL,2,4,1,1,0,0,1,NULL," -1",1,-1,5,50
202000032817,3,9,2020,19:30:00,1,75,75104,2,7,1,2,"RUE SAINT ANTOINE","48,8532210","2,3686090",202000032817,154 684 764,B01,2,1,0,2,4,1,5,NULL,202000032817,154 684 764,B01,1,1,4,2,1977,9,2,0,-1,0,0,-1,202000032817,4,NULL,0,NULL,2,4,1,1,0,0,1,NULL," -1",1,-1,5,50
202000032817,3,9,2020,19:30:00,1,75,75104,2,7,1,2,"RUE SAINT ANTOINE","48,8532210","2,3686090",202000032817,154 684 765,A01,2,1,0,2,1,13,5,NULL,202000032817,154 684 765,A01,1,1,1,1,1993,9,2,0,-1,0,0,-1,202000032817,4,NULL,0,NULL,2,4,1,1,0,0,1,NULL," -1",1,-1,5,50
202000032817,3,9,2020,19:30:00,1,75,75104,2,7,1,2,"RUE SAINT ANTOINE","48,8532210","2,3686090",202000032817,154 684 764,B01,2,1,0,2,4,1,5,NULL,202000032817,154 684 765,A01,1,1,1,1,1993,9,2,0,-1,0,0,-1,202000032817,4,NULL,0,NULL,2,4,1,1,0,0,1,NULL," -1",1,-1,5,50
202000033167,30,10,2020,10:30:00,1,58,58193,1,1,1,3,"Route de la Villeneuve","47,5268950","2,8796410",202000033167,154 684 152,B01,3,1,0,2,4,15,5,NULL,202000033167,154 684 150,A01,1,1,1,2,1996,3,1,-1,-1,0,0,-1,202000033167,4,957,-1,NULL,2,2,0,1,(1),(1),1,NULL," -1",1,0,1,70
202000033167,30,10,2020,10:30:00,1,58,58193,1,1,1,3,"Route de la Villeneuve","47,5268950","2,8796410",202000033167,154 684 152,B01,3,1,0,2,4,15,5,NULL,202000033167,154 684 152,B01,1,1,3,1,1937,5,2,6,4,0,0,-1,202000033167,4,957,-1,NULL,2,2,0,1,(1),(1),1,NULL," -1",1,0,1,70
202000034188,2,7,2020,22:50:00,5,75,75104,2,2,1,6,"BOULEVARD BOURDON","48,8529260","2,3684220",202000034188,154 682 346,A01,0,1,14,0,1,13,5,NULL,202000034188,154 682 346,A01,1,1,3,2,1977,5,2,0,-1,0,0,-1,202000034188,4,NULL,0,NULL,1,3,3,1,0,0,1,NULL," -1",1,-1,6,50
202000036285,13,1,2020,17:30:00,5,92,92024,2,1,1,2,"MARTRE (RUE) DE (59 A 109)   (58 A 120)","48,9010459","2,3079116",202000036285,154 678 588,B01,1,1,0,2,4,1,5,NULL,202000036285,154 678 587,A01,1,1,1,1,1964,1,2,8,-1,-1,0,-1,202000036285,3,19,0,NULL,1,3,3,1,0,0,1,NULL,"10,5",1,0,6,50
202000036285,13,1,2020,17:30:00,5,92,92024,2,1,1,2,"MARTRE (RUE) DE (59 A 109)   (58 A 120)","48,9010459","2,3079116",202000036285,154 678 588,B01,1,1,0,2,4,1,5,NULL,202000036285,154 678 588,B01,1,1,4,1,1984,1,2,0,-1,-1,0,-1,202000036285,3,19,0,NULL,1,3,3,1,0,0,1,NULL,"10,5",1,0,6,50
202000037727,27,10,2020,12:20:00,1,75,75109,2,1,2,6,"RUE D ATHENES","48,8780420","2,3289120",202000037727,154 676 051,A01,1,1,0,1,1,5,5,NULL,202000037727,154 676 051,A01,10,3,4,2,1982,1,0,-1,-1,2,4,1,202000037727,4,NULL,0,NULL,1,2,0,1,0,0,1,NULL," -1",2,0,1,50
202000037727,27,10,2020,12:20:00,1,75,75109,2,1,2,6,"RUE D ATHENES","48,8780420","2,3289120",202000037727,154 676 051,A01,1,1,0,1,1,5,5,NULL,202000037727,154 676 051,A01,1,1,1,1,1996,9,2,0,-1,0,0,-1,202000037727,4,NULL,0,NULL,1,2,0,1,0,0,1,NULL," -1",2,0,1,50
202000040449,29,1,2020,18:50:00,5,33,33122,1,1,1,1,"Avenue Salvador Allende","44,7811760"," -0,6877810",202000040449,154 671 277,A01,1,1,0,2,1,1,6,NULL,202000040449,154 671 276,B01,1,1,4,1,1960,0,8,-1,-1,0,0,-1,202000040449,3,214,0,NULL,-1,6,2,2,0,140,3,NULL," -1",1,-1,5,80
202000040449,29,1,2020,18:50:00,5,33,33122,1,1,1,1,"Avenue Salvador Allende","44,7811760"," -0,6877810",202000040449,154 671 276,B01,2,1,0,2,1,9,6,NULL,202000040449,154 671 276,B01,1,1,4,1,1960,0,8,-1,-1,0,0,-1,202000040449,3,214,0,NULL,-1,6,2,2,0,140,3,NULL," -1",1,-1,5,80
202000040449,29,1,2020,18:50:00,5,33,33122,1,1,1,1,"Avenue Salvador Allende","44,7811760"," -0,6877810",202000040449,154 671 277,A01,1,1,0,2,1,1,6,NULL,202000040449,154 671 277,A01,1,1,4,1,1957,5,8,-1,-1,0,0,-1,202000040449,3,214,0,NULL,-1,6,2,2,0,140,3,NULL," -1",1,-1,5,80
202000040449,29,1,2020,18:50:00,5,33,33122,1,1,1,1,"Avenue Salvador Allende","44,7811760"," -0,6877810",202000040449,154 671 276,B01,2,1,0,2,1,9,6,NULL,202000040449,154 671 277,A01,1,1,4,1,1957,5,8,-1,-1,0,0,-1,202000040449,3,214,0,NULL,-1,6,2,2,0,140,3,NULL," -1",1,-1,5,80
202000041253,23,2,2020,04:45:00,4,973,97302,1,1,1,2,"ROUTE NATIONALE 1","4,9081578"," -52,3229671",202000041253,154 669 862,B01,1,1,0,9,6,0,5,NULL,202000041253,154 669 862,B01,1,1,3,1,2000,0,8,0,-1,-1," -1",-1,202000041253,2,0001,0,NULL,3,2,0,1,2,950,1,NULL," -1",1,0,3,90
202000041253,23,2,2020,04:45:00,4,973,97302,1,1,1,2,"ROUTE NATIONALE 1","4,9081578"," -52,3229671",202000041253,154 669 862,B01,1,1,0,9,6,0,5,NULL,202000041253,154 669 863,A01,1,1,4,1,2001,1,2,8,-1,-1," -1",-1,202000041253,2,0001,0,NULL,3,2,0,1,2,950,1,NULL," -1",1,0,3,90
202000041354,27,7,2020,10:10:00,1,31,31555,2,1,1,3,"RUE ANDRE ETCHEVERLEPO","43,6393600","1,4598000",202000041354,154 669 669,B01,1,1,0,2,8,2,5,NULL,202000041354,154 669 669,B01,1,1,4,2,1965,9,2,0,-1,-1," -1",-1,202000041354,4,"RUE ANDRE ETCHEVERLEPO",0,NULL,2,2,1,1,0,0,1,NULL," -1",1,0,5,5
202000041354,27,7,2020,10:10:00,1,31,31555,2,1,1,3,"RUE ANDRE ETCHEVERLEPO","43,6393600","1,4598000",202000041354,154 669 669,B01,1,1,0,2,8,2,5,NULL,202000041354,154 669 670,A01,1,1,1,1,2001,9,1,8,-1,-1," -1",-1,202000041354,4,"RUE ANDRE ETCHEVERLEPO",0,NULL,2,2,1,1,0,0,1,NULL," -1",1,0,5,5
202000043425,25,5,2020,21:55:00,5,75,75107,2,2,1,3,"QUAI BRANLY","48,8624300","2,3015980",202000043425,154 665 919,A01,3,1,0,2,8,19,5,NULL,202000043425,154 665 919,A01,1,1,4,1,1986,5,8,0,-1,0,0,-1,202000043425,4,NULL,0,NULL,2,3,1,1,0,0,1,NULL," -1",1,-1,5,50
202000043425,25,5,2020,21:55:00,5,75,75107,2,2,1,3,"QUAI BRANLY","48,8624300","2,3015980",202000043425,154 665 919,A01,3,1,0,2,8,19,5,NULL,202000043425,154 665 920,B01,1,1,1,1,1997,5,1,8,-1,0,0,-1,202000043425,4,NULL,0,NULL,2,3,1,1,0,0,1,NULL," -1",1,-1,5,50