Num_Acc,jour,mois,an,hrmn,lum,dep,com,agg,int,atm,col,adr,lat,long,Num_Acc,id_vehicule,num_veh,senc,catv,obs,obsm,choc,manv,motor,occutc,Num_Acc,id_vehicule,num_veh,place,catu,grav,sexe,an_nais,trajet,secu1,secu2,secu3,locp,actp,etatp,Num_Acc,catr,voie,v1,v2,circ,nbv,vosp,prof,pr,pr1,plan,lartpc,larrout,surf,infra,situ,vma
202000043770,4,12,2020,10:15:00,1,75,75112,2,1,1,2,"BOULEVARD DE LA BASTILLE","48,8484180","2,3678450",202000043770,154 665 325,B01,1,1,0,2,4,17,5,NULL,202000043770,154 665 324,A01,1,1,1,1,1959,1,1,0,-1,0,0,-1,202000043770,4,NULL,0,NULL,1,2,0,1,0,0,1,NULL," -1",1,0,1,50
202000043770,4,12,2020,10:15:00,1,75,75112,2,1,1,2,"BOULEVARD DE LA BASTILLE","48,8484180","2,3678450",202000043770,154 665 325,B01,1,1,0,2,4,17,5,NULL,202000043770,154 665 325,B01,1,1,4,2,1958,9,2,0,-1,0,0,-1,202000043770,4,NULL,0,NULL,1,2,0,1,0,0,1,NULL," -1",1,0,1,50
202000044213,9,3,2020,14:35:00,1,83,83034,2,1,1,3,"ROUTE DE LA BENOITE","43,0903500","6,0769800",202000044213,154 664 540,B01,1,1,0,2,1,1,6,NULL,202000044213,154 664 540,B01,1,1,4,2,1967,4,2,8,-1,-1," -1",-1,202000044213,4,NULL,0,NULL,2,1,0,2,0,0,1,NULL," -1",1,0,1,50
202000044213,9,3,2020,14:35:00,1,83,83034,2,1,1,3,"ROUTE DE LA BENOITE","43,0903500","6,0769800",202000044213,154 664 540,B01,1,1,0,2,1,1,6,NULL,202000044213,154 664 542,A01,1,1,1,2,1934,5,8,0,-1,-1," -1",-1,202000044213,4,NULL,0,NULL,2,1,0,2,0,0,1,NULL," -1",1,0,1,50
202000044969,23,5,2020,19:10:00,1,91,91223,2,2,1,2,"RD 191","48,4328120","2,1758010",202000044969,154 663 196,B01,0,1,0,0,4,2,5,NULL,202000044969,154 663 195,A01,1,1,1,1,2001,0,1,0,-1,-1," -1",-1,202000044969,3,191,0,NULL,2,2,0,1,0,0,1,NULL," -1",1,0,1,2
202000044969,23,5,2020,19:10:00,1,91,91223,2,2,1,2,"RD 191","48,4328120","2,1758010",202000044969,154 663 196,B01,0,1,0,0,4,2,5,NULL,202000044969,154 663 196,B01,1,1,4,1,1971,0,8,0,-1,-1," -1",-1,202000044969,3,191,0,NULL,2,2,0,1,0,0,1,NULL," -1",1,0,1,2
202000045192,23,5,2020,18:47:00,1,94,94068,2,1,1,3,"MESNIL (QU DU)","48,8060240","2,5201930",202000045192,154 662 824,B01,3,1,0,9,1,1,5,NULL,202000045192,154 662 820,A01,1,1,4,2,1969,5,8,0,-1,-1," -1",-1,202000045192,4,"MESNIL (QU DU)",0,NULL,1,1,3,1,0,0,1,NULL," -1",1,0,5,30
202000045192,23,5,2020,18:47:00,1,94,94068,2,1,1,3,"MESNIL (QU DU)","48,8060240","2,5201930",202000045192,154 662 820,A01,3,1,0,2,1,16,5,NULL,202000045192,154 662 820,A01,1,1,4,2,1969,5,8,0,-1,-1," -1",-1,202000045192,4,"MESNIL (QU DU)",0,NULL,1,1,3,1,0,0,1,NULL," -1",1,0,5,30
202000045192,23,5,2020,18:47:00,1,94,94068,2,1,1,3,"MESNIL (QU DU)","48,8060240","2,5201930",202000045192,154 662 824,B01,3,1,0,9,1,1,5,NULL,202000045192,154 662 824,B01,1,1,1,1,1970,5,8,0,-1,-1," -1",-1,202000045192,4,"MESNIL (QU DU)",0,NULL,1,1,3,1,0,0,1,NULL," -1",1,0,5,30
202000045192,23,5,2020,18:47:00,1,94,94068,2,1,1,3,"MESNIL (QU DU)","48,8060240","2,5201930",202000045192,154 662 820,A01,3,1,0,2,1,16,5,NULL,202000045192,154 662 824,B01,1,1,1,1,1970,5,8,0,-1,-1," -1",-1,202000045192,4,"MESNIL (QU DU)",0,NULL,1,1,3,1,0,0,1,NULL," -1",1,0,5,30
202000007756,19,6,2020,18:15:00,1,74,74003,1,1,1,2,D909,"45,8922410","6,2578300",202000007756,154 728 605,A01,1,1,0,0,3,1,5,NULL,202000007756,154 728 604,B01,1,1,1,1,1988,3,1,-1,-1,0,0,-1,202000007756,3,909,-1,NULL,-1,2,2,1,14,400,1,NULL," -1",1,0,5,80
202000007756,19,6,2020,18:15:00,1,74,74003,1,1,1,2,D909,"45,8922410","6,2578300",202000007756,154 728 605,A01,1,1,0,0,3,1,5,NULL,202000007756,154 728 605,A01,1,1,3,1,1963,5,2,-1,-1,0,0,-1,202000007756,3,909,-1,NULL,-1,2,2,1,14,400,1,NULL," -1",1,0,5,80
202000008127,18,8,2020,08:28:00,1,71,71497,2,2,1,3,"SENNECE (ROUTE DE)","46,3408599","4,8281254",202000008127,154 727 946,B01,3,1,0,2,1,26,5,NULL,202000008127,154 727 946,B01,1,1,4,1,1961,0,2,6,-1,-1," -1",-1,202000008127,3,103,0,NULL,-1,3,0,2,0,0,1,NULL," -1",1,0,1,30
202000008127,18,8,2020,08:28:00,1,71,71497,2,2,1,3,"SENNECE (ROUTE DE)","46,3408599","4,8281254",202000008127,154 727 946,B01,3,1,0,2,1,26,5,NULL,202000008127,154 727 947,A01,1,1,1,2,1942,0,8,0,-1,-1," -1",-1,202000008127,3,103,0,NULL,-1,3,0,2,0,0,1,NULL," -1",1,0,1,30
202000008241,16,8,2020,09:45:00,1,38,38310,2,3,1,-1,D48,"45,2587270","5,4764810",202000008241,154 727 752,C01,2,1,0,2,1,1,5,NULL,202000008241,154 727 750,A01,1,1,4,1,1999,0,1,-1,-1,0,0,-1,202000008241,3,48,0,NULL,2,2,0,1,4,500,1,NULL," -1",1,0,1,50
202000008241,16,8,2020,09:45:00,1,38,38310,2,3,1,-1,D48,"45,2587270","5,4764810",202000008241,154 727 751,B01,2,1,0,2,1,1,5,NULL,202000008241,154 727 750,A01,1,1,4,1,1999,0,1,-1,-1,0,0,-1,202000008241,3,48,0,NULL,2,2,0,1,4,500,1,NULL," -1",1,0,1,50
202000008241,16,8,2020,09:45:00,1,38,38310,2,3,1,-1,D48,"45,2587270","5,4764810",202000008241,154 727 752,C01,2,1,0,2,1,1,5,NULL,202000008241,154 727 751,B01,1,1,4,1,1978,5,2,-1,-1,0,0,-1,202000008241,3,48,0,NULL,2,2,0,1,4,500,1,NULL," -1",1,0,1,50
202000008241,16,8,2020,09:45:00,1,38,38310,2,3,1,-1,D48,"45,2587270","5,4764810",202000008241,154 727 751,B01,2,1,0,2,1,1,5,NULL,202000008241,154 727 751,B01,1,1,4,1,1978,5,2,-1,-1,0,0,-1,202000008241,3,48,0,NULL,2,2,0,1,4,500,1,NULL," -1",1,0,1,50
202000008241,16,8,2020,09:45:00,1,38,38310,2,3,1,-1,D48,"45,2587270","5,4764810",202000008241,154 727 752,C01,2,1,0,2,1,1,5,NULL,202000008241,154 727 752,C01,1,1,4,1,1979,5,2,-1,-1,0,0,-1,202000008241,3,48,0,NULL,2,2,0,1,4,500,1,NULL," -1",1,0,1,50
202000008241,16,8,2020,09:45:00,1,38,38310,2,3,1,-1,D48,"45,2587270","5,4764810",202000008241,154 727 751,B01,2,1,0,2,1,1,5,NULL,202000008241,154 727 752,C01,1,1,4,1,1979,5,2,-1,-1,0,0,-1,202000008241,3,48,0,NULL,2,2,0,1,4,500,1,NULL," -1",1,0,1,50
202000009290,29,1,2020,17:26:00,5,75,75101,2,7,1,7,"RUE DE RIVOLI","48,8627187","2,3352569",202000009290,154 725 912,A01,2,1,0,0,0,1,5,NULL,202000009290,154 725 912,A01,1,1,4,2,1976,5,8,2,-1,0,0,-1,202000009290,4,NULL,0,NULL,1,1,1,1,0,0,1,NULL,3,1,-1,5,50
202000009416,28,1,2020,13:40:00,1,13,13201,2,2,1,3,"NATIONALE (RUE)","43,2995550","5,3787080",202000009416,154 725 697,C01,1,1,0,2,2,1,0,NULL,202000009416,154 725 696,A01,1,1,1,2,1980,1,1,0,-1,0,0,-1,202000009416,4,NULL,0,NULL,1,1,0,1,0,0,1,NULL," -1",1,0,1,50
202000009416,28,1,2020,13:40:00,1,13,13201,2,2,1,3,"NATIONALE (RUE)","43,2995550","5,3787080",202000009416,154 725 697,C01,1,1,0,2,2,1,0,NULL,202000009416,154 725 697,C01,1,1,4,1,1995,4,2,6,-1,-1," -1",-1,202000009416,4,NULL,0,NULL,1,1,0,1,0,0,1,NULL," -1",1,0,1,50
202000015451,14,6,2020,09:15:00,1,56,56055,2,1,1,3,"Boulevard Charles de Gaulle","47,6555440"," -3,2028200",202000015451,154 715 115,B01,0,1,0,0,0,19,5,NULL,202000015451,154 715 114,A01,1,1,1,1,1966,5,8,-1,-1,0,0,-1,202000015451,4,NULL,-1,NULL,2,2,0,1,(1),(1),1,NULL," -1",1,0,6,30
202000015451,14,6,2020,09:15:00,1,56,56055,2,1,1,3,"Boulevard Charles de Gaulle","47,6555440"," -3,2028200",202000015451,154 715 114,A01,0,1,0,9,0,1,5,NULL,202000015451,154 715 114,A01,1,1,1,1,1966,5,8,-1,-1,0,0,-1,202000015451,4,NULL,-1,NULL,2,2,0,1,(1),(1),1,NULL," -1",1,0,6,30
202000015451,14,6,2020,09:15:00,1,56,56055,2,1,1,3,"Boulevard Charles de Gaulle","47,6555440"," -3,2028200",202000015451,154 715 115,B01,0,1,0,0,0,19,5,NULL,202000015451,154 715 115,B01,1,1,4,1,1947,5,8,-1,-1,0,0,-1,202000015451,4,NULL,-1,NULL,2,2,0,1,(1),(1),1,NULL," -1",1,0,6,30
202000015451,14,6,2020,09:15:00,1,56,56055,2,1,1,3,"Boulevard Charles de Gaulle","47,6555440"," -3,2028200",202000015451,154 715 114,A01,0,1,0,9,0,1,5,NULL,202000015451,154 715 115,B01,1,1,4,1,1947,5,8,-1,-1,0,0,-1,202000015451,4,NULL,-1,NULL,2,2,0,1,(1),(1),1,NULL," -1",1,0,6,30
202000018859,22,2,2020,10:45:00,1,51,51079,2,1,1,7,"18 Rue d'Ambonnay","49,0782370","4,1537230",202000018859,154 709 067,A01,1,1,0,9,1,2,6,NULL,202000018859,154 709 067,A01,1,1,3,1,1974,5,2,-1,-1,0,0,-1,202000018859,3,19,-1,NULL,2,2,0,1,23,200,1,NULL," -1",1,0,1,50
202000019272,10,6,2020,17:50:00,1,34,34172,2,2,1,3,"RABELAIS (BOULEVARD)","43,6011500","3,8816200",202000019272,154 708 325,B01,2,1,0,2,8,26,5,NULL,202000019272,154 708 325,B01,1,1,4,2,1977,4,2,0,-1,-1," -1",-1,202000019272,4,NULL,0,NULL,1,2,1,1,0,0,1,NULL," -1",1,5,5,50
202000019272,10,6,2020,17:50:00,1,34,34172,2,2,1,3,"RABELAIS (BOULEVARD)","43,6011500","3,8816200",202000019272,154 708 325,B01,2,1,0,2,8,26,5,NULL,202000019272,154 708 326,A01,1,1,1,1,1940,5,1,0,-1,-1," -1",-1,202000019272,4,NULL,0,NULL,1,2,1,1,0,0,1,NULL," -1",1,5,5,50
202000020213,28,4,2020,19:10:00,1,75,75119,2,1,1,1,"RUE RIQUET","48,8890200","2,3722260",202000020213,154 706 641,A01,2,1,0,2,2,5,5,NULL,202000020213,154 706 640,B01,1,1,1,1,1962,1,1,0,-1,0,0,-1,202000020213,4,NULL,0,NULL,2,2,0,1,1,0,1,NULL," -1",1,0,1,30
202000020213,28,4,2020,19:10:00,1,75,75119,2,1,1,1,"RUE RIQUET","48,8890200","2,3722260",202000020213,154 706 641,A01,2,1,0,2,2,5,5,NULL,202000020213,154 706 641,A01,1,1,4,1,1977,5,8,0,-1,0,0,-1,202000020213,4,NULL,0,NULL,2,2,0,1,1,0,1,NULL," -1",1,0,1,30
202000020528,16,1,2020,12:05:00,1,74,74081,2,6,1,1,"Avenue des Lacs","46,0714090","6,5567870",202000020528,154 706 133,B01,3,1,0,2,8,26,5,NULL,202000020528,154 706 132,A01,1,1,1,1,1953,5,1,-1,-1,0,0,-1,202000020528,4,NULL,-1,NULL,2,2,0,1,(1),(1),1,NULL," -1",1,0,1,50
202000020528,16,1,2020,12:05:00,1,74,74081,2,6,1,1,"Avenue des Lacs","46,0714090","6,5567870",202000020528,154 706 133,B01,3,1,0,2,8,26,5,NULL,202000020528,154 706 133,B01,1,1,3,1,2004,5,0,-1,-1,0,0,-1,202000020528,4,NULL,-1,NULL,2,2,0,1,(1),(1),1,NULL," -1",1,0,1,50
202000020681,11,7,2020,11:30:00,1,30,30339,2,1,1,1,"Rue des Horts","44,0804340","3,6412880",202000020681,154 705 849,B01,1,1,0,2,1,1,5,NULL,202000020681,154 705 848,A01,1,1,1,2,1961,3,1,-1,-1,0,0,-1,202000020681,3,986,-1,NULL,2,2,0,1,42,240,1,NULL," -1",1,0,1,30
202000020681,11,7,2020,11:30:00,1,30,30339,2,1,1,1,"Rue des Horts","44,0804340","3,6412880",202000020681,154 705 849,B01,1,1,0,2,1,1,5,NULL,202000020681,154 705 849,B01,1,1,3,1,1966,5,2,-1,-1,0,0,-1,202000020681,3,986,-1,NULL,2,2,0,1,42,240,1,NULL," -1",1,0,1,30
202000020815,20,2,2020,22:35:00,5,31,31555,2,1,1,3,"123 Route de Revel","43,5721320","1,4962600",202000020815,154 705 600,B01,2,1,0,2,8,26,5,NULL,202000020815,154 705 600,B01,1,1,2,1,1970,5,8,4,-1,-1,0,-1,202000020815,3,2,0,NULL,3,0,0,1,27,482,3,NULL,0,1,0,1,50
202000020815,20,2,2020,22:35:00,5,31,31555,2,1,1,3,"123 Route de Revel","43,5721320","1,4962600",202000020815,154 705 600,B01,2,1,0,2,8,26,5,NULL,202000020815,154 705 601,A01,1,1,1,1,1963,4,1,8,-1,-1,0,-1,202000020815,3,2,0,NULL,3,0,0,1,27,482,3,NULL,0,1,0,1,50
202000021201,11,6,2020,16:10:00,1,06,06161,1,1,1,3,"Route du Bord de Mer","43,6195940","7,1302720",202000021201,154 704 916,C01,0,1,0,2,8,13,5,NULL,202000021201,154 704 916,C01,1,1,4,1,1998,5,0,-1,-1,0,0,-1,202000021201,3,6098,-1,NULL,2,2,1,1,27,635,1,NULL," -1",1,0,1,70
202000021201,11,6,2020,16:10:00,1,06,06161,1,1,1,3,"Route du Bord de Mer","43,6195940","7,1302720",202000021201,154 704 916,C01,0,1,0,2,8,13,5,NULL,202000021201,154 704 917,A01,1,1,1,1,1965,5,2,6,9,0,0,-1,202000021201,3,6098,-1,NULL,2,2,1,1,27,635,1,NULL," -1",1,0,1,70
202000021201,11,6,2020,16:10:00,1,06,06161,1,1,1,3,"Route du Bord de Mer","43,6195940","7,1302720",202000021201,154 704 916,C01,0,1,0,2,8,13,5,NULL,202000021201,154 704 917,A01,2,2,4,2,1964,5,2,6,9,0,0,-1,202000021201,3,6098,-1,NULL,2,2,1,1,27,635,1,NULL," -1",1,0,1,70
202000022705,19,2,2020,12:25:00,1,42,42187,2,6,1,3,"Avenue de Paris","46,0480595","4,0686254",202000022705,154 702 267,B01,3,1,0,2,7,2,5,NULL,202000022705,154 702 267,B01,1,1,4,1,1989,1,8,0,-1,-1," -1",-1,202000022705,3,207,0,NULL,1,2,0,1,2,300,1,NULL,"5,5",1,0,1,50
202000022705,19,2,2020,12:25:00,1,42,42187,2,6,1,3,"Avenue de Paris","46,0480595","4,0686254",202000022705,154 702 267,B01,3,1,0,2,7,2,5,NULL,202000022705,154 702 268,A01,1,1,1,2,1967,0,1,0,-1,-1," -1",-1,202000022705,3,207,0,NULL,1,2,0,1,2,300,1,NULL,"5,5",1,0,1,50
202000025100,5,8,2020,13:20:00,1,85,85194,2,2,1,3,"Boulevard de Castelnau","46,4953800"," -1,7766800",202000025100,154 698 057,A01,3,1,0,2,1,19,5,NULL,202000025100,154 698 057,A01,1,1,3,1,2003,5,8,0,-1,-1," -1",-1,202000025100,4,"Voie de la Bauquière",0,NULL,2,1,0,1,0,0,1,NULL," -1",1,0,1,50
202000025100,5,8,2020,13:20:00,1,85,85194,2,2,1,3,"Boulevard de Castelnau","46,4953800"," -1,7766800",202000025100,154 698 057,A01,3,1,0,2,1,19,5,NULL,202000025100,154 698 058,B01,1,1,1,2,1955,3,1,8,-1,-1," -1",-1,202000025100,4,"Voie de la Bauquière",0,NULL,2,1,0,1,0,0,1,NULL," -1",1,0,1,50
202000027884,4,6,2020,10:55:00,1,27,27562,2,9,1,3,"INDUSTRIE (RUE DE L')","49,1042800","1,4599900",202000027884,154 693 231,B01,3,1,0,2,8,0,5,NULL,202000027884,154 693 231,B01,1,1,4,1,1953,3,8,0,-1,0,0,-1,202000027884,4,"INDUSTRIE (RUE DE L')",0,NULL,-1,2,0,1,(1),(1),1,NULL," -1",1,0,1,50
202000027884,4,6,2020,10:55:00,1,27,27562,2,9,1,3,"INDUSTRIE (RUE DE L')","49,1042800","1,4599900",202000027884,154 693 231,B01,3,1,0,2,8,0,5,NULL,202000027884,154 693 232,A01,1,1,1,1,1949,3,1,0,-1,0,0,-1,202000027884,4,"INDUSTRIE (RUE DE L')",0,NULL,-1,2,0,1,(1),(1),1,NULL," -1",1,0,1,50
202000029718,1,6,2020,16:45:00,1,05,05061,2,9,1,3,"PRE DE FOIRE ( RUE DU )","44,5549500","6,0746000",202000029718,154 690 028,B01,1,1,0,2,2,19,5,NULL,202000029718,154 690 026,A01,1,1,1,2,1937,5,1,0,-1,-1," -1",-1,202000029718,2,"AV JEAN JAURES",0,NULL,-1,2,2,2,38,285,1,NULL," -1",1,5,1,50
202000029718,1,6,2020,16:45:00,1,05,05061,2,9,1,3,"PRE DE FOIRE ( RUE DU )","44,5549500","6,0746000",202000029718,154 690 028,B01,1,1,0,2,2,19,5,NULL,202000029718,154 690 028,B01,1,1,4,1,1977,5,8,0,-1,-1," -1",-1,202000029718,2,"AV JEAN JAURES",0,NULL,-1,2,2,2,38,285,1,NULL," -1",1,5,1,50
202000030518,13,2,2020,13:57:00,1,49,49007,2,1,1,3,"GAIN ( LOUIS)","47,4684504"," -0,5383283",202000030518,154 688 628,B01,1,1,0,2,0,0,1,NULL,202000030518,154 688 628,B01,1,1,4,1,1998,0,8,0,-1,-1," -1",-1,202000030518,4,"GAIN ( LOUIS)",0,NULL,2,2,0,1,0,0,1,NULL," -1",1,0,1,60
202000030518,13,2,2020,13:57:00,1,49,49007,2,1,1,3,"GAIN ( LOUIS)","47,4684504"," -0,5383283",202000030518,154 688 628,B01,1,1,0,2,0,0,1,NULL,202000030518,154 688 629,A01,1,1,1,2,1998,5,1,8,-1,-1," -1",-1,202000030518,4,"GAIN ( LOUIS)",0,NULL,2,2,0,1,0,0,1,NULL," -1",1,0,1,60
202000031965,15,1,2020,14:00:00,1,75,75109,2,1,1,6,"RUE DE CAUMARTIN","48,8750817","2,3284645",202000031965,154 686 181,A01,1,1,0,1,1,1,5,NULL,202000031965,154 686 181,A01,10,3,4,2,1930,5,0,-1,-1,1,9,2,202000031965,4,NULL,0,NULL,1,1,0,1,67,0,1,NULL," -1",1,6,1,20
202000031965,15,1,2020,14:00:00,1,75,75109,2,1,1,6,"RUE DE CAUMARTIN","48,8750817","2,3284645",202000031965,154 686 181,A01,1,1,0,1,1,1,5,NULL,202000031965,154 686 181,A01,10,3,4,2,1949,5,0,-1,-1,1,9,2,202000031965,4,NULL,0,NULL,1,1,0,1,67,0,1,NULL," -1",1,6,1,20
202000031965,15,1,2020,14:00:00,1,75,75109,2,1,1,6,"RUE DE CAUMARTIN","48,8750817","2,3284645",202000031965,154 686 181,A01,1,1,0,1,1,1,5,NULL,202000031965,154 686 181,A01,1,1,1,1,1992,4,8,2,-1,0,0,-1,202000031965,4,NULL,0,NULL,1,1,0,1,67,0,1,NULL," -1",1,6,1,20
202000033137,1,8,2020,14:15:00,1,75,75116,2,1,1,2,"ALLEE DE LONGCHAMP","48,8667940","2,2485250",202000033137,154 684 201,A01,2,1,0,2,1,1,5,NULL,202000033137,154 684 201,A01,1,1,4,1,1991,5,2,8,-1,0,0,-1,202000033137,4,NULL,0,NULL,2,4,0,1,0,0,1,NULL," -1",1,0,1,50
202000033137,1,8,2020,14:15:00,1,75,75116,2,1,1,2,"ALLEE DE LONGCHAMP","48,8667940","2,2485250",202000033137,154 684 201,A01,2,1,0,2,1,1,5,NULL,202000033137,154 684 202,B01,1,1,1,2,1981,1,1,0,-1,0,0,-1,202000033137,4,NULL,0,NULL,2,4,0,1,0,0,1,NULL," -1",1,0,1,50
202000034026,10,1,2020,04:40:00,5,37,37261,2,2,1,-1,"MIRABEAU (RUE)","47,3970430","0,6995117",202000034026,154 682 632,B01,3,1,0,2,1,1,5,NULL,202000034026,154 682 632,B01,1,1,4,1,1996,9,2,0,-1,-1,0,-1,202000034026,4,NULL,0,NULL,3,3,0,1,0,0,1,NULL," -1",2,5,1,50
202000034026,10,1,2020,04:40:00,5,37,37261,2,2,1,-1,"MIRABEAU (RUE)","47,3970430","0,6995117",202000034026,154 682 632,B01,3,1,0,2,1,1,5,NULL,202000034026,154 682 633,A01,1,1,1,1,1962,9,1,8,-1,-1,0,-1,202000034026,4,NULL,0,NULL,3,3,0,1,0,0,1,NULL," -1",2,5,1,50
202000034972,28,9,2020,07:50:00,1,26,26362,2,1,2,2,"37 Rue Jean Jaurès","44,9280800","4,9062500",202000034972,154 680 957,B01,1,1,0,0,0,0,5,NULL,202000034972,154 680 957,B01,1,1,3,2,2006,2,2,-1,-1,0,0,-1,202000034972,4,"37 Rue Jean Jaurès",0,NULL,1,1,1,1,(1),(1),1,NULL," -1",2,0,5,50
202000034972,28,9,2020,07:50:00,1,26,26362,2,1,2,2,"37 Rue Jean Jaurès","44,9280800","4,9062500",202000034972,154 680 957,B01,1,1,0,0,0,0,5,NULL,202000034972,154 680 958,A01,1,1,1,1,1973,4,1,-1,-1,0,0,-1,202000034972,4,"37 Rue Jean Jaurès",0,NULL,1,1,1,1,(1),(1),1,NULL," -1",2,0,5,50
202000037377,8,12,2020,16:20:00,1,79,79191,2,3,1,3,"64 Rue de Cholette","46,3417300"," -0,4573500",202000037377,154 676 695,B01,1,1,0,2,4,16,5,NULL,202000037377,154 676 694,A01,1,1,1,1,1971,0,1,-1,-1,-1," -1",-1,202000037377,4,NULL,0,NULL,2,2,0,1,(1),(1),2,NULL," -1",1,0,1,50
202000037377,8,12,2020,16:20:00,1,79,79191,2,3,1,3,"64 Rue de Cholette","46,3417300"," -0,4573500",202000037377,154 676 695,B01,1,1,0,2,4,16,5,NULL,202000037377,154 676 695,B01,1,1,4,1,1950,5,0,-1,-1,-1," -1",-1,202000037377,4,NULL,0,NULL,2,2,0,1,(1),(1),2,NULL," -1",1,0,1,50
202000040675,19,9,2020,15:20:00,1,27,27448,2,1,1,-1,"14 Rue Pasteur","49,0183500","1,3745730",202000040675,154 670 873,B01,1,1,0,2,7,19,6,NULL,202000040675,154 670 871,A01,1,1,1,1,1986,5,1,-1,-1,0,0,-1,202000040675,4,NULL,-1,NULL,2,2,0,1,(1),(1),1,NULL," -1",1,0,1,50
202000040675,19,9,2020,15:20:00,1,27,27448,2,1,1,-1,"14 Rue Pasteur","49,0183500","1,3745730",202000040675,154 670 873,B01,1,1,0,2,7,19,6,NULL,202000040675,154 670 873,B01,1,1,4,2,2016,0,2,-1,-1,0,0,-1,202000040675,4,NULL,-1,NULL,2,2,0,1,(1),(1),1,NULL," -1",1,0,1,50
202000043338,27,5,2020,08:05:00,1,29,29147,1,6,7,3,"Route de Kergroes","47,8962472"," -3,5749812",202000043338,154 666 084,B01,2,1,0,2,1,1,5,NULL,202000043338,154 666 083,A01,1,1,1,1,1971,0,1,-1,-1,0,0,-1,202000043338,3,765,0,NULL,1,2,0,1,11,100,2,NULL,7,1,5,1,80
202000043338,27,5,2020,08:05:00,1,29,29147,1,6,7,3,"Route de Kergroes","47,8962472"," -3,5749812",202000043338,154 666 084,B01,2,1,0,2,1,1,5,NULL,202000043338,154 666 084,B01,1,1,3,1,1990,0,0,-1,-1,0,0,-1,202000043338,3,765,0,NULL,1,2,0,1,11,100,2,NULL,7,1,5,1,80
202000043890,22,9,2020,18:15:00,1,69,69383,2,1,1,2,"GAMBETTA                            (CO)","45,7550300","4,8438000",202000043890,154 665 114,A01,2,1,0,9,1,1,5,NULL,202000043890,154 665 113,B01,1,1,1,1,1986,0,2,0,-1,-1," -1",-1,202000043890,4,"GAMBETTA                            (CO)",0,NULL,2,4,1,1,0,0,1,NULL," -1",1,0,5,50
202000043890,22,9,2020,18:15:00,1,69,69383,2,1,1,2,"GAMBETTA                            (CO)","45,7550300","4,8438000",202000043890,154 665 113,B01,2,1,0,9,4,1,5,NULL,202000043890,154 665 113,B01,1,1,1,1,1986,0,2,0,-1,-1," -1",-1,202000043890,4,"GAMBETTA                            (CO)",0,NULL,2,4,1,1,0,0,1,NULL," -1",1,0,5,50
202000043890,22,9,2020,18:15:00,1,69,69383,2,1,1,2,"GAMBETTA                            (CO)","45,7550300","4,8438000",202000043890,154 665 114,A01,2,1,0,9,1,1,5,NULL,202000043890,154 665 114,A01,1,1,4,1,2004,0,2,0,-1,-1," -1",-1,202000043890,4,"GAMBETTA                            (CO)",0,NULL,2,4,1,1,0,0,1,NULL," -1",1,0,5,50
202000043890,22,9,2020,18:15:00,1,69,69383,2,1,1,2,"GAMBETTA                            (CO)","45,7550300","4,8438000",202000043890,154 665 113,B01,2,1,0,9,4,1,5,NULL,202000043890,154 665 114,A01,1,1,4,1,2004,0,2,0,-1,-1," -1",-1,202000043890,4,"GAMBETTA                            (CO)",0,NULL,2,4,1,1,0,0,1,NULL," -1",1,0,5,50
202000045918,20,9,2020,10:40:00,1,14,14437,2,3,1,1,"ZOLA (RUE EMILE)","49,1728000"," -0,3215000",202000045918,154 661 572,B01,2,1,0,2,1,1,5,NULL,202000045918,154 661 571,A01,1,1,1,2,1970,5,1,0,-1,0,0,-1,202000045918,3,675,0,NULL,-1,3,0,1,1,0,1,NULL," -1",1,0,1,50
202000045918,20,9,2020,10:40:00,1,14,14437,2,3,1,1,"ZOLA (RUE EMILE)","49,1728000"," -0,3215000",202000045918,154 661 572,B01,2,1,0,2,1,1,5,NULL,202000045918,154 661 572,B01,1,1,4,1,1983,5,8,0,-1,0,0,-1,202000045918,3,675,0,NULL,-1,3,0,1,1,0,1,NULL," -1",1,0,1,50
202000006854,15,5,2020,18:30:00,1,77,77186,2,3,1,3,"ANDRE MAGINOT (BOULEVARD) - D417","48,4053100","2,6898300",202000006854,154 730 207,B01,1,1,0,2,1,1,5,NULL,202000006854,154 730 206,A01,1,1,1,1,1986,1,1,0,-1,-1," -1",-1,202000006854,3,D417,0,NULL,-1,2,0,1,0,403,1,NULL," -1",1,0,1,30
202000006854,15,5,2020,18:30:00,1,77,77186,2,3,1,3,"ANDRE MAGINOT (BOULEVARD) - D417","48,4053100","2,6898300",202000006854,154 730 207,B01,1,1,0,2,1,1,5,NULL,202000006854,154 730 207,B01,1,1,3,1,1946,5,2,8,-1,-1," -1",-1,202000006854,3,D417,0,NULL,-1,2,0,1,0,403,1,NULL," -1",1,0,1,30
202000007223,16,9,2020,20:25:00,5,75,75107,2,3,1,3,"AVENUE DE SAXE","48,8460040","2,3138630",202000007223,154 729 556,B01,3,1,0,2,1,1,5,NULL,202000007223,154 729 555,A01,1,1,1,2,1946,9,1,0,-1,0,0,-1,202000007223,4,NULL,0,NULL,1,3,1,1,0,0,1,NULL," -1",1,-1,5,30
202000007223,16,9,2020,20:25:00,5,75,75107,2,3,1,3,"AVENUE DE SAXE","48,8460040","2,3138630",202000007223,154 729 556,B01,3,1,0,2,1,1,5,NULL,202000007223,154 729 556,B01,1,1,4,2,2000,9,2,0,-1,0,0,-1,202000007223,4,NULL,0,NULL,1,3,1,1,0,0,1,NULL," -1",1,-1,5,30