Num_Acc,jour,mois,an,hrmn,lum,dep,com,agg,int,atm,col,adr,lat,long,Num_Acc,id_vehicule,num_veh,senc,catv,obs,obsm,choc,manv,motor,occutc,Num_Acc,id_vehicule,num_veh,place,catu,grav,sexe,an_nais,trajet,secu1,secu2,secu3,locp,actp,etatp,Num_Acc,catr,voie,v1,v2,circ,nbv,vosp,prof,pr,pr1,plan,lartpc,larrout,surf,infra,situ,vma
202000007657,20,6,2020,10:45:00,1,74,74071,2,3,1,3,"75 Route d'Annecy","46,0274740","5,8903560",202000007657,154 728 774,B01,2,1,0,2,8,14,5,NULL,202000007657,154 728 773,A01,1,1,1,1,1954,3,1,-1,-1,0,0,-1,202000007657,3,992,0,D,2,2,0,4,10,50,3,NULL," -1",1,5,1,50
202000007657,20,6,2020,10:45:00,1,74,74071,2,3,1,3,"75 Route d'Annecy","46,0274740","5,8903560",202000007657,154 728 774,B01,2,1,0,2,8,14,5,NULL,202000007657,154 728 774,B01,1,1,3,1,1965,5,2,-1,-1,0,0,-1,202000007657,3,992,0,D,2,2,0,4,10,50,3,NULL," -1",1,5,1,50
202000008325,31,12,2020,14:05:00,1,35,35238,2,1,2,3,"FOUGERES (RUE DE)","48,1213600"," -1,6636700",202000008325,154 727 607,B01,2,1,1,0,1,1,0,NULL,202000008325,154 727 607,B01,1,1,4,2,1995,3,2,0,-1,-1," -1",-1,202000008325,4,"FOUGERES (RUE DE)",0,NULL,2,2,1,1,(1),(1),1,NULL," -1",2,0,1,50
202000008325,31,12,2020,14:05:00,1,35,35238,2,1,2,3,"FOUGERES (RUE DE)","48,1213600"," -1,6636700",202000008325,154 727 607,B01,2,1,1,0,1,1,0,NULL,202000008325,154 727 608,A01,1,1,1,1,1959,3,1,0,-1,-1," -1",-1,202000008325,4,"FOUGERES (RUE DE)",0,NULL,2,2,1,1,(1),(1),1,NULL," -1",2,0,1,50
202000008620,20,11,2020,12:24:00,1,49,49007,2,1,1,3,"Boulevard Gaston Ramon","47,4881100"," -0,5430100",202000008620,154 727 099,A01,1,1,0,2,8,19,5,NULL,202000008620,154 727 099,A01,1,1,4,2,2002,2,8,0,-1,-1," -1",-1,202000008620,4,NULL,0,NULL,2,2,0,1,(1),(1),1,NULL," -1",1,0,1,50
202000008620,20,11,2020,12:24:00,1,49,49007,2,1,1,3,"Boulevard Gaston Ramon","47,4881100"," -0,5430100",202000008620,154 727 099,A01,1,1,0,2,8,19,5,NULL,202000008620,154 727 100,B01,2,2,1,2,1971,5,1,0,-1,-1," -1",-1,202000008620,4,NULL,0,NULL,2,2,0,1,(1),(1),1,NULL," -1",1,0,1,50
202000008620,20,11,2020,12:24:00,1,49,49007,2,1,1,3,"Boulevard Gaston Ramon","47,4881100"," -0,5430100",202000008620,154 727 099,A01,1,1,0,2,8,19,5,NULL,202000008620,154 727 100,B01,1,1,1,2,1995,3,1,0,-1,-1," -1",-1,202000008620,4,NULL,0,NULL,2,2,0,1,(1),(1),1,NULL," -1",1,0,1,50
202000008823,15,5,2020,08:00:00,1,87,87168,1,1,1,7,Chambouraud,"45,6937410","0,7453270",202000008823,154 726 742,A01,0,1,0,0,0,1,5,NULL,202000008823,154 726 742,A01,1,1,3,1,1947,5,2,-1,-1,0,0,-1,202000008823,4,NULL,-1,NULL,2,2,0,2,(1),(1),2,NULL," -1",1,0,1,80
202000009139,14,9,2020,20:15:00,2,14,14118,2,2,1,3,"JUIN (BOULEVARD MARECHAL)","49,2085700"," -0,3766500",202000009139,154 726 177,A01,1,1,0,2,1,1,5,NULL,202000009139,154 726 176,B01,1,1,1,1,1950,5,1,0,-1,0,0,-1,202000009139,3,401,0,NULL,2,4,0,1,1,0,1,NULL," -1",1,0,1,50
202000009139,14,9,2020,20:15:00,2,14,14118,2,2,1,3,"JUIN (BOULEVARD MARECHAL)","49,2085700"," -0,3766500",202000009139,154 726 177,A01,1,1,0,2,1,1,5,NULL,202000009139,154 726 177,A01,1,1,4,1,2000,0,8,0,-1,0,0,-1,202000009139,3,401,0,NULL,2,4,0,1,1,0,1,NULL," -1",1,0,1,50
202000009292,29,1,2020,15:45:00,1,94,94046,2,1,1,3,"PIERRE CURIE (R)","48,8103000","2,4236700",202000009292,154 725 908,B01,1,1,0,0,3,1,5,NULL,202000009292,154 725 908,B01,1,1,3,1,1942,0,8,0,-1,-1," -1",-1,202000009292,4,"PIERRE ET MARIE CURIE (R)",0,NULL,2,1,2,1,1,0,1,NULL," -1",1,0,1,50
202000009599,18,7,2020,10:20:00,1,03,03273,1,6,1,3,NULL,"46,2055257","3,4452380",202000009599,154 725 384,B01,1,1,0,2,7,0,5,NULL,202000009599,154 725 383,A01,1,1,1,1,1988,1,1,-1,-1,0,0,-1,202000009599,3,52,0,NULL,2,2,0,1,1,70,2,NULL," -1",1,0,1,70
202000009599,18,7,2020,10:20:00,1,03,03273,1,6,1,3,NULL,"46,2055257","3,4452380",202000009599,154 725 384,B01,1,1,0,2,7,0,5,NULL,202000009599,154 725 384,B01,1,1,3,1,1956,5,2,9,-1,0,0,-1,202000009599,3,52,0,NULL,2,2,0,1,1,70,2,NULL," -1",1,0,1,70
202000013254,17,7,2020,01:40:00,4,02,02282,1,1,1,2,D1044,"49,5559810","3,7085290",202000013254,154 718 981,B01,2,1,0,2,4,2,5,NULL,202000013254,154 718 981,B01,1,1,3,1,1956,1,4,9,-1,0,0,-1,202000013254,3,1044,0,NULL,2,2,0,1,72,0,1,NULL," -1",1,0,1,80
202000013254,17,7,2020,01:40:00,4,02,02282,1,1,1,2,D1044,"49,5559810","3,7085290",202000013254,154 718 981,B01,2,1,0,2,4,2,5,NULL,202000013254,154 718 983,A01,1,1,1,1,1998,5,1,-1,-1,0,0,-1,202000013254,3,1044,0,NULL,2,2,0,1,72,0,1,NULL," -1",1,0,1,80
202000015301,13,9,2020,11:45:00,1,57,57226,2,1,1,1,"Rue de Verdun","49,3567300","5,9974560",202000015301,154 715 379,B01,0,1,0,2,1,1,5,NULL,202000015301,154 715 378,A01,1,1,1,1,1982,5,1,-1,-1,0,0,-1,202000015301,3,59,0,A,2,2,0,2,100,50,1,NULL," -1",1,0,1,50
202000015301,13,9,2020,11:45:00,1,57,57226,2,1,1,1,"Rue de Verdun","49,3567300","5,9974560",202000015301,154 715 379,B01,0,1,0,2,1,1,5,NULL,202000015301,154 715 379,B01,1,1,3,1,1961,5,2,9,-1,0,0,-1,202000015301,3,59,0,A,2,2,0,2,100,50,1,NULL," -1",1,0,1,50
202000018044,17,12,2020,15:25:00,1,44,44184,2,1,1,3,"BASSINS (ROUTE DES)","47,2845000"," -2,2427000",202000018044,154 710 483,A01,1,1,0,2,0,1,5,NULL,202000018044,154 710 483,A01,1,1,4,2,1997,0,8,0,-1,-1," -1",-1,202000018044,4,NULL,0,NULL,2,-1,0,2,(1),(1),1,NULL," -1",1,0,1,50
202000018044,17,12,2020,15:25:00,1,44,44184,2,1,1,3,"BASSINS (ROUTE DES)","47,2845000"," -2,2427000",202000018044,154 710 483,A01,1,1,0,2,0,1,5,NULL,202000018044,154 710 484,B01,1,1,1,1,1973,4,1,0,-1,-1," -1",-1,202000018044,4,NULL,0,NULL,2,-1,0,2,(1),(1),1,NULL," -1",1,0,1,50
202000020143,8,5,2020,18:40:00,1,69,69286,2,1,1,2,"ROUTE DE STRASBOURG                 (RO)","45,8159600","4,8901900",202000020143,154 706 765,B01,2,1,0,2,0,0,5,NULL,202000020143,154 706 765,B01,1,1,4,1,1960,3,8,0,-1,-1," -1",-1,202000020143,3,"ROUTE DE STRASBOURG                 (RO)",0,NULL,3,2,0,1,0,0,1,NULL," -1",1,0,1,50
202000020143,8,5,2020,18:40:00,1,69,69286,2,1,1,2,"ROUTE DE STRASBOURG                 (RO)","45,8159600","4,8901900",202000020143,154 706 765,B01,2,1,0,2,0,0,5,NULL,202000020143,154 706 766,A01,1,1,1,2,1998,5,1,8,-1,-1," -1",-1,202000020143,3,"ROUTE DE STRASBOURG                 (RO)",0,NULL,3,2,0,1,0,0,1,NULL," -1",1,0,1,50
202000021955,18,12,2020,07:06:00,3,77,77273,1,1,1,2,"route départementale 401","49,0513538","2,7319908",202000021955,154 703 590,A01,0,1,0,0,4,0,5,NULL,202000021955,154 703 590,A01,1,1,2,1,1973,0,0,-1,-1,0,0,-1,202000021955,3,401,-1,NULL,2,2,0,2,12,500,1,NULL," -1",2,0,1,90
202000023138,9,8,2020,09:05:00,1,29,29027,1,1,1,7,"Lieu Dit Kerbiligued","48,1802310"," -3,8591190",202000023138,154 701 527,A01,3,1,0,0,0,0,5,NULL,202000023138,154 701 527,A01,1,1,3,1,1955,5,6,2,-1,0,0,-1,202000023138,4,NULL,-1,NULL,2,2,0,2,(1),(1),1,NULL," -1",1,0,1,80
202000023943,16,12,2020,19:00:00,5,76,76351,2,5,2,6,"GUSTAVE NICOLLE","49,4925000","0,1484300",202000023943,154 700 090,B01,1,1,0,2,1,1,5,NULL,202000023943,154 700 090,B01,1,1,4,1,2005,0,8,0,-1,-1," -1",-1,202000023943,4,"GUSTAVE NICOLLE",0,NULL,2,5,2,1,(1),(1),1,NULL," -1",2,0,1,50
202000025458,6,11,2020,10:35:00,1,75,75103,2,4,1,7,"RUE DE TURBIGO","48,8668030","2,3619930",202000025458,154 697 429,A01,2,1,0,0,0,1,5,NULL,202000025458,154 697 429,A01,1,1,4,1,1959,5,2,0,-1,0,0,-1,202000025458,4,NULL,0,NULL,2,4,1,1,0,0,1,NULL," -1",1,-1,5,30
202000026322,14,1,2020,19:20:00,5,94,94068,2,2,1,3,"VASSAL (R)","48,7930000","2,4770000",202000026322,154 695 945,B01,2,1,0,2,8,1,0,NULL,202000026322,154 695 944,A01,1,1,1,1,1965,5,1,0,-1,-1,0,-1,202000026322,4,"VASSAL (R)",0,NULL,2,2,0,1,0,0,1,NULL," -1",1,0,3,50
202000026322,14,1,2020,19:20:00,5,94,94068,2,2,1,3,"VASSAL (R)","48,7930000","2,4770000",202000026322,154 695 945,B01,2,1,0,2,8,1,0,NULL,202000026322,154 695 945,B01,1,1,4,1,1956,5,2,4,-1,-1,0,-1,202000026322,4,"VASSAL (R)",0,NULL,2,2,0,1,0,0,1,NULL," -1",1,0,3,50
202000026323,16,1,2020,14:20:00,1,988,98818,2,1,1,7,"RUE ARNOLD DALY"," -22,2837300","166,4679200",202000026323,154 695 943,A01,1,1,0,0,0,13,5,NULL,202000026323,154 695 943,A01,1,1,4,1,1970,5,8,0,-1,-1," -1",-1,202000026323,4,693,0,NULL,2,2,0,2,0,0,3,NULL," -1",1,0,1,50
202000026977,5,8,2020,18:21:00,1,38,38344,2,1,1,3,"Rue Fernand Léger","45,3730500","4,8128700",202000026977,154 694 796,B01,1,1,0,2,8,1,5,NULL,202000026977,154 694 795,A01,1,1,1,2,1970,0,8,-1,-1,0,0,-1,202000026977,3,134,-1,NULL,2,2,0,2,2,10,1,NULL," -1",1,0,4,30
202000026977,5,8,2020,18:21:00,1,38,38344,2,1,1,3,"Rue Fernand Léger","45,3730500","4,8128700",202000026977,154 694 796,B01,1,1,0,2,8,1,5,NULL,202000026977,154 694 796,B01,1,1,4,1,2007,5,2,-1,-1,0,0,-1,202000026977,3,134,-1,NULL,2,2,0,2,2,10,1,NULL," -1",1,0,4,30
202000029141,4,8,2020,14:00:00,1,974,97422,1,3,1,3,"Rue du Général Ailleret"," -21,2769980","55,5018940",202000029141,154 691 046,A01,1,1,0,2,1,1,6,NULL,202000029141,154 691 046,A01,1,1,3,1,2009,5,0,-1,-1,0,0,-1,202000029141,4,NULL,-1,NULL,2,2,0,4,(1),(1),1,NULL," -1",1,0,1,50
202000029141,4,8,2020,14:00:00,1,974,97422,1,3,1,3,"Rue du Général Ailleret"," -21,2769980","55,5018940",202000029141,154 691 046,A01,1,1,0,2,1,1,6,NULL,202000029141,154 691 047,B01,1,1,1,1,1988,4,1,-1,-1,0,0,-1,202000029141,4,NULL,-1,NULL,2,2,0,4,(1),(1),1,NULL," -1",1,0,1,50
202000031586,28,9,2020,16:20:00,1,56,56121,2,2,1,3,"GALLIENI (BD)","47,7375300"," -3,3781200",202000031586,154 686 844,B01,1,1,0,2,7,1,5,NULL,202000031586,154 686 843,A01,1,1,1,1,1935,5,1,8,-1,-1," -1",-1,202000031586,4,NULL,0,NULL,2,2,0,1,0,0,1,NULL," -1",1,0,1,50
202000031586,28,9,2020,16:20:00,1,56,56121,2,2,1,3,"GALLIENI (BD)","47,7375300"," -3,3781200",202000031586,154 686 844,B01,1,1,0,2,7,1,5,NULL,202000031586,154 686 844,B01,1,1,4,1,1995,9,8,0,-1,-1," -1",-1,202000031586,4,NULL,0,NULL,2,2,0,1,0,0,1,NULL," -1",1,0,1,50
202000032802,3,9,2020,08:30:00,1,75,75105,2,1,1,-1,"BOULEVARD SAINT MICHEL","48,8447520","2,3394440",202000032802,154 684 792,B01,2,1,0,2,8,1,5,NULL,202000032802,154 684 791,A01,1,1,1,1,1966,4,8,0,-1,0,0,-1,202000032802,4,NULL,0,NULL,2,4,2,1,0,0,1,NULL," -1",1,-1,5,50
202000032802,3,9,2020,08:30:00,1,75,75105,2,1,1,-1,"BOULEVARD SAINT MICHEL","48,8447520","2,3394440",202000032802,154 684 792,B01,2,1,0,2,8,1,5,NULL,202000032802,154 684 792,B01,1,1,4,2,1986,1,2,0,-1,0,0,-1,202000032802,4,NULL,0,NULL,2,4,2,1,0,0,1,NULL," -1",1,-1,5,50
202000033766,10,12,2020,12:55:00,1,93,93032,2,2,1,3,"AV RENE FAUGERAS / AV CHARLES TELLIER","48,8739000","2,5652100",202000033766,154 683 089,B01,1,1,0,2,3,1,5,NULL,202000033766,154 683 088,A01,1,1,1,1,1984,5,1,8,-1,-1," -1",-1,202000033766,4,"RENE  FAUGERAS  (AVENUE)",0,NULL,2,2,0,1,1,0,1,NULL," -1",1,0,1,50
202000033766,10,12,2020,12:55:00,1,93,93032,2,2,1,3,"AV RENE FAUGERAS / AV CHARLES TELLIER","48,8739000","2,5652100",202000033766,154 683 089,B01,1,1,0,2,3,1,5,NULL,202000033766,154 683 088,A01,2,2,1,1,1992,5,1,8,-1,-1," -1",-1,202000033766,4,"RENE  FAUGERAS  (AVENUE)",0,NULL,2,2,0,1,1,0,1,NULL," -1",1,0,1,50
202000033766,10,12,2020,12:55:00,1,93,93032,2,2,1,3,"AV RENE FAUGERAS / AV CHARLES TELLIER","48,8739000","2,5652100",202000033766,154 683 089,B01,1,1,0,2,3,1,5,NULL,202000033766,154 683 089,B01,1,1,4,1,1999,1,2,8,-1,-1," -1",-1,202000033766,4,"RENE  FAUGERAS  (AVENUE)",0,NULL,2,2,0,1,1,0,1,NULL," -1",1,0,1,50
202000034017,10,1,2020,08:00:00,5,56,56121,2,2,1,3,"KERJULAUDE ( RUE DE )","47,7438700"," -3,3810800",202000034017,154 682 649,B01,1,1,0,2,1,1,5,NULL,202000034017,154 682 649,B01,1,1,4,2,2000,2,2,8,-1,0,0,-1,202000034017,4,"KERJULAUDE ( RUE DE )",0,NULL,2,4,0,1,0,0,1,NULL," -1",1,5,1,50
202000034017,10,1,2020,08:00:00,5,56,56121,2,2,1,3,"KERJULAUDE ( RUE DE )","47,7438700"," -3,3810800",202000034017,154 682 649,B01,1,1,0,2,1,1,5,NULL,202000034017,154 682 650,A01,1,1,1,1,1994,5,1,8,-1,0,0,-1,202000034017,4,"KERJULAUDE ( RUE DE )",0,NULL,2,4,0,1,0,0,1,NULL," -1",1,5,1,50
202000035752,12,1,2020,11:30:00,1,83,83085,1,1,1,-1,"1069 Route de Trans","43,4960530","6,5215220",202000035752,154 679 560,B01,1,1,0,2,1,1,5,NULL,202000035752,154 679 558,A01,1,1,1,2,1997,0,1,-1,-1,0,0,-1,202000035752,3,47,-1,NULL,2,2,0,2,18,850,3,NULL,4,1,0,1,70
202000035752,12,1,2020,11:30:00,1,83,83085,1,1,1,-1,"1069 Route de Trans","43,4960530","6,5215220",202000035752,154 679 560,B01,1,1,0,2,1,1,5,NULL,202000035752,154 679 560,B01,1,1,3,1,1943,5,2,-1,-1,0,0,-1,202000035752,3,47,-1,NULL,2,2,0,2,18,850,3,NULL,4,1,0,1,70
202000036596,30,8,2020,19:45:00,2,62,62108,2,1,8,3,QUETTIER,"50,4111300","1,5755700",202000036596,154 678 032,B01,3,1,0,2,7,19,5,NULL,202000036596,154 678 031,A01,1,1,1,1,1957,5,8,0,-1,-1," -1",-1,202000036596,4,NULL,0,NULL,2,2,0,1,1,0,1,NULL," -1",1,5,1,50
202000036596,30,8,2020,19:45:00,2,62,62108,2,1,8,3,QUETTIER,"50,4111300","1,5755700",202000036596,154 678 032,B01,3,1,0,2,7,19,5,NULL,202000036596,154 678 032,B01,1,1,4,1,1982,5,8,0,-1,-1," -1",-1,202000036596,4,NULL,0,NULL,2,2,0,1,1,0,1,NULL," -1",1,5,1,50
202000036604,6,2,2020,16:00:00,1,56,56177,1,1,1,2,"Route de Sainte Anne d'Auray","47,7644950"," -3,0000240",202000036604,154 678 030,B01,2,1,0,2,4,2,6,NULL,202000036604,154 678 020,A01,1,1,1,1,1995,0,1,-1,-1,0,0,-1,202000036604,3,102,-1,NULL,2,2,0,1,33,710,1,NULL," -1",1,0,1,80
202000036604,6,2,2020,16:00:00,1,56,56177,1,1,1,2,"Route de Sainte Anne d'Auray","47,7644950"," -3,0000240",202000036604,154 678 030,B01,2,1,0,2,4,2,6,NULL,202000036604,154 678 030,B01,1,1,3,1,1946,5,2,-1,-1,0,0,-1,202000036604,3,102,-1,NULL,2,2,0,1,33,710,1,NULL," -1",1,0,1,80
202000039889,26,10,2020,16:40:00,1,94,94041,2,1,1,3,"Quai Auguste Deshaies","48,8153100","2,4089600",202000039889,154 672 259,B01,2,1,0,2,1,19,5,NULL,202000039889,154 672 258,A01,1,1,1,1,1953,0,1,0,-1,-1," -1",-1,202000039889,3,152,0,B,1,1,0,1,(1),(1),1,NULL," -1",1,0,1,50
202000039889,26,10,2020,16:40:00,1,94,94041,2,1,1,3,"Quai Auguste Deshaies","48,8153100","2,4089600",202000039889,154 672 259,B01,2,1,0,2,1,19,5,NULL,202000039889,154 672 259,B01,1,1,4,2,1962,0,8,0,-1,-1," -1",-1,202000039889,3,152,0,B,1,1,0,1,(1),(1),1,NULL," -1",1,0,1,50
202000041392,15,5,2020,14:20:00,1,33,33063,2,8,1,2,"QUAI DES CHARTRONS / CRS DU MEDOC","44,8556900"," -0,5635400",202000041392,154 669 601,A01,1,1,0,4,4,15,5,NULL,202000041392,154 669 601,A01,1,1,4,1,1991,5,2,-1,-1,-1," -1",-1,202000041392,4,"QUAI DES CHARTRONS",0,NULL,3,7,3,1,(1),(1),1,NULL," -1",1,4,6,50
202000041392,15,5,2020,14:20:00,1,33,33063,2,8,1,2,"QUAI DES CHARTRONS / CRS DU MEDOC","44,8556900"," -0,5635400",202000041392,154 669 601,A01,1,1,0,4,4,15,5,NULL,202000041392,154 669 602,B01,1,1,1,1,1969,4,8,-1,-1,-1," -1",-1,202000041392,4,"QUAI DES CHARTRONS",0,NULL,3,7,3,1,(1),(1),1,NULL," -1",1,4,6,50
202000044271,25,6,2020,10:45:00,1,56,56162,2,1,1,7,"FLOTS BLEUS (RUE DES)","47,7105700"," -3,4688500",202000044271,154 664 435,A01,3,1,0,0,0,1,5,NULL,202000044271,154 664 435,A01,1,1,4,2,1944,5,2,0,-1,-1," -1",-1,202000044271,4,"FLOTS BLEUS (RUE DES)",0,NULL,-1,2,0,1,0,0,1,NULL," -1",1,8,1,30
202000045073,23,10,2020,07:00:00,2,08,08457,1,1,2,2,N43,"49,7941730","4,6328020",202000045073,154 663 032,B01,2,1,0,0,4,2,5,NULL,202000045073,154 663 032,B01,1,1,4,1,1961,1,2,-1,-1,0,0,-1,202000045073,2,43,-1,NULL,1,4,0,1,51,700,1,NULL," -1",2,0,1,90
202000045073,23,10,2020,07:00:00,2,08,08457,1,1,2,2,N43,"49,7941730","4,6328020",202000045073,154 663 032,B01,2,1,0,0,4,2,5,NULL,202000045073,154 663 035,A01,1,1,1,1,1964,1,1,-1,-1,0,0,-1,202000045073,2,43,-1,NULL,1,4,0,1,51,700,1,NULL," -1",2,0,1,90
202000007394,30,1,2020,08:25:00,1,75,75109,2,1,2,2,"BOULEVARD HAUSSMANN","48,8731075","2,3320250",202000007394,154 729 236,B01,1,1,0,2,4,2,5,NULL,202000007394,154 729 236,B01,1,1,4,2,1989,1,8,2,-1,0,0,-1,202000007394,4,NULL,0,NULL,1,3,0,1,42,0,1,NULL," -1",2,0,1,50
202000007394,30,1,2020,08:25:00,1,75,75109,2,1,2,2,"BOULEVARD HAUSSMANN","48,8731075","2,3320250",202000007394,154 729 236,B01,1,1,0,2,4,2,5,NULL,202000007394,154 729 237,A01,1,1,4,1,1984,1,2,6,-1,0,0,-1,202000007394,4,NULL,0,NULL,1,3,0,1,42,0,1,NULL," -1",2,0,1,50
202000008467,30,12,2020,18:45:00,4,973,97304,2,1,1,1,"Avenue des Frères Kennedy","5,1656600"," -52,6415650",202000008467,154 727 362,B01,3,1,0,0,1,1,5,NULL,202000008467,154 727 361,A01,1,1,1,1,1994,0,1,-1,-1,0,0,-1,202000008467,4,"Avenue des frères kennedy",-1,NULL,2,2,1,1,(1),(1),1,NULL," -1",1,0,1,50
202000008467,30,12,2020,18:45:00,4,973,97304,2,1,1,1,"Avenue des Frères Kennedy","5,1656600"," -52,6415650",202000008467,154 727 362,B01,3,1,0,0,1,1,5,NULL,202000008467,154 727 362,B01,1,1,3,1,1959,0,0,-1,-1,0,0,-1,202000008467,4,"Avenue des frères kennedy",-1,NULL,2,2,1,1,(1),(1),1,NULL," -1",1,0,1,50
202000009662,17,6,2020,18:50:00,1,75,75116,2,1,1,2,"RUE DE LONGCHAMP","48,8673380","2,2778740",202000009662,154 725 270,B01,2,1,0,2,0,1,5,NULL,202000009662,154 725 269,A01,1,1,1,1,1983,5,1,0,-1,0,0,-1,202000009662,4,NULL,0,NULL,2,2,0,1,(1),0,1,NULL," -1",1,0,1,50
202000009662,17,6,2020,18:50:00,1,75,75116,2,1,1,2,"RUE DE LONGCHAMP","48,8673380","2,2778740",202000009662,154 725 270,B01,2,1,0,2,0,1,5,NULL,202000009662,154 725 270,B01,1,1,4,1,1944,1,8,0,-1,0,0,-1,202000009662,4,NULL,0,NULL,2,2,0,1,(1),0,1,NULL," -1",1,0,1,50
202000009799,16,6,2020,08:35:00,1,31,31555,2,1,1,6,"RUE MATABIAU","43,6136800","1,4503000",202000009799,154 725 017,A01,0,1,0,1,1,1,5,NULL,202000009799,154 725 017,A01,1,1,1,1,2000,0,8,0,-1,-1," -1",-1,202000009799,4,"RUE MATABIAU",0,NULL,2,4,0,1,0,0,1,NULL," -1",1,0,1,50
202000009799,16,6,2020,08:35:00,1,31,31555,2,1,1,6,"RUE MATABIAU","43,6136800","1,4503000",202000009799,154 725 017,A01,0,1,0,1,1,1,5,NULL,202000009799,154 725 017,A01,10,3,3,2,1958,0,0,-1,-1,4,3,1,202000009799,4,"RUE MATABIAU",0,NULL,2,4,0,1,0,0,1,NULL," -1",1,0,1,50
202000010133,18,8,2020,21:24:00,4,75,75111,2,2,1,3,"RUE DU CHEMIN VERT","48,8611080","2,3811500",202000010133,154 724 424,B01,2,1,0,2,8,1,5,NULL,202000010133,154 724 424,B01,1,1,4,1,1989,9,8,0,-1,0,0,-1,202000010133,4,NULL,0,NULL,1,1,0,1,0,0,1,NULL," -1",1,0,1,30
202000010133,18,8,2020,21:24:00,4,75,75111,2,2,1,3,"RUE DU CHEMIN VERT","48,8611080","2,3811500",202000010133,154 724 424,B01,2,1,0,2,8,1,5,NULL,202000010133,154 724 425,A01,1,1,1,1,1999,9,1,0,-1,0,0,-1,202000010133,4,NULL,0,NULL,1,1,0,1,0,0,1,NULL," -1",1,0,1,30
202000011478,12,9,2020,10:20:00,1,35,35210,1,3,7,3,"Le Petit Moulin de Tixue","48,1804950"," -1,7785190",202000011478,154 722 059,B01,2,1,0,2,2,1,5,NULL,202000011478,154 722 057,A01,1,1,1,2,1980,1,1,-1,-1,0,0,-1,202000011478,3,231,0,NULL,2,2,0,2,7,286,1,NULL," -1",1,0,1,80
202000011478,12,9,2020,10:20:00,1,35,35210,1,3,7,3,"Le Petit Moulin de Tixue","48,1804950"," -1,7785190",202000011478,154 722 059,B01,2,1,0,2,2,1,5,NULL,202000011478,154 722 059,B01,1,1,4,1,1972,5,2,6,-1,0,0,-1,202000011478,3,231,0,NULL,2,2,0,2,7,286,1,NULL," -1",1,0,1,80
202000011657,15,6,2020,18:20:00,1,71,71153,2,1,1,7,"MARTYRS DE LA LIBERATION (RUE DES)","46,8060699","4,4394475",202000011657,154 721 736,A01,2,1,12,0,1,14,5,NULL,202000011657,154 721 736,A01,1,1,4,1,1970,0,8,0,-1,-1," -1",-1,202000011657,4,NULL,0,NULL,2,2,0,1,0,0,1,NULL," -1",1,0,1,50
202000019155,10,9,2020,20:48:00,5,92,92023,2,8,1,3,"GENERAL DE GAULLE (AVENUE DU) N°2 A 132","48,7835298","2,2469428",202000019155,154 708 542,A01,1,1,0,2,7,19,5,NULL,202000019155,154 708 542,A01,1,1,1,2,2003,5,8,0,-1,-1," -1",-1,202000019155,3,906,0,NULL,2,0,0,1,0,0,1,NULL," -1",1,4,1,50
202000019155,10,9,2020,20:48:00,5,92,92023,2,8,1,3,"GENERAL DE GAULLE (AVENUE DU) N°2 A 132","48,7835298","2,2469428",202000019155,154 708 542,A01,1,1,0,2,7,19,5,NULL,202000019155,154 708 543,B01,1,1,3,1,1972,1,2,6,-1,-1," -1",-1,202000019155,3,906,0,NULL,2,0,0,1,0,0,1,NULL," -1",1,4,1,50
202000019505,6,10,2020,09:50:00,1,56,56121,2,1,1,7,"GICQUEL (RUE  EMMANUEL )","47,7609900"," -3,3929700",202000019505,154 707 877,A01,2,1,0,0,0,21,5,NULL,202000019505,154 707 877,A01,1,1,4,1,1949,5,2,0,-1,-1," -1",-1,202000019505,4,"GICQUEL (RUE  EMMANUEL )",0,NULL,2,2,0,1,0,0,1,NULL," -1",1,0,1,30
202000019729,11,8,2020,11:35:00,1,74,74011,2,1,1,5,"ROUTE DE THONES","45,9222650","6,1758800",202000019729,154 707 494,D01,2,1,0,2,1,1,5,NULL,202000019729,154 707 491,A01,2,2,1,2,1960,5,1,-1,-1,0,0,-1,202000019729,3,RD16,-1,NULL,2,2,2,1,23,100,1,NULL," -1",1,0,5,30
202000019729,11,8,2020,11:35:00,1,74,74011,2,1,1,5,"ROUTE DE THONES","45,9222650","6,1758800",202000019729,154 707 493,C01,2,1,0,2,1,1,5,NULL,202000019729,154 707 491,A01,2,2,1,2,1960,5,1,-1,-1,0,0,-1,202000019729,3,RD16,-1,NULL,2,2,2,1,23,100,1,NULL," -1",1,0,5,30
202000019729,11,8,2020,11:35:00,1,74,74011,2,1,1,5,"ROUTE DE THONES","45,9222650","6,1758800",202000019729,154 707 492,B01,2,1,0,2,1,1,5,NULL,202000019729,154 707 491,A01,2,2,1,2,1960,5,1,-1,-1,0,0,-1,202000019729,3,RD16,-1,NULL,2,2,2,1,23,100,1,NULL," -1",1,0,5,30
202000019729,11,8,2020,11:35:00,1,74,74011,2,1,1,5,"ROUTE DE THONES","45,9222650","6,1758800",202000019729,154 707 494,D01,2,1,0,2,1,1,5,NULL,202000019729,154 707 491,A01,1,1,1,1,1958,5,1,-1,-1,0,0,-1,202000019729,3,RD16,-1,NULL,2,2,2,1,23,100,1,NULL," -1",1,0,5,30