Num_Acc,jour,mois,an,hrmn,lum,dep,com,agg,int,atm,col,adr,lat,long,Num_Acc,id_vehicule,num_veh,senc,catv,obs,obsm,choc,manv,motor,occutc,Num_Acc,id_vehicule,num_veh,place,catu,grav,sexe,an_nais,trajet,secu1,secu2,secu3,locp,actp,etatp,Num_Acc,catr,voie,v1,v2,circ,nbv,vosp,prof,pr,pr1,plan,lartpc,larrout,surf,infra,situ,vma
202000019729,11,8,2020,11:35:00,1,74,74011,2,1,1,5,"ROUTE DE THONES","45,9222650","6,1758800",202000019729,154 707 493,C01,2,1,0,2,1,1,5,NULL,202000019729,154 707 491,A01,1,1,1,1,1958,5,1,-1,-1,0,0,-1,202000019729,3,RD16,-1,NULL,2,2,2,1,23,100,1,NULL," -1",1,0,5,30
202000019729,11,8,2020,11:35:00,1,74,74011,2,1,1,5,"ROUTE DE THONES","45,9222650","6,1758800",202000019729,154 707 492,B01,2,1,0,2,1,1,5,NULL,202000019729,154 707 491,A01,1,1,1,1,1958,5,1,-1,-1,0,0,-1,202000019729,3,RD16,-1,NULL,2,2,2,1,23,100,1,NULL," -1",1,0,5,30
202000019729,11,8,2020,11:35:00,1,74,74011,2,1,1,5,"ROUTE DE THONES","45,9222650","6,1758800",202000019729,154 707 494,D01,2,1,0,2,1,1,5,NULL,202000019729,154 707 492,B01,1,1,4,2,1952,5,2,-1,-1,0,0,-1,202000019729,3,RD16,-1,NULL,2,2,2,1,23,100,1,NULL," -1",1,0,5,30
202000019729,11,8,2020,11:35:00,1,74,74011,2,1,1,5,"ROUTE DE THONES","45,9222650","6,1758800",202000019729,154 707 493,C01,2,1,0,2,1,1,5,NULL,202000019729,154 707 492,B01,1,1,4,2,1952,5,2,-1,-1,0,0,-1,202000019729,3,RD16,-1,NULL,2,2,2,1,23,100,1,NULL," -1",1,0,5,30
202000019729,11,8,2020,11:35:00,1,74,74011,2,1,1,5,"ROUTE DE THONES","45,9222650","6,1758800",202000019729,154 707 492,B01,2,1,0,2,1,1,5,NULL,202000019729,154 707 492,B01,1,1,4,2,1952,5,2,-1,-1,0,0,-1,202000019729,3,RD16,-1,NULL,2,2,2,1,23,100,1,NULL," -1",1,0,5,30
202000019729,11,8,2020,11:35:00,1,74,74011,2,1,1,5,"ROUTE DE THONES","45,9222650","6,1758800",202000019729,154 707 494,D01,2,1,0,2,1,1,5,NULL,202000019729,154 707 493,C01,1,1,4,1,1949,5,2,-1,-1,0,0,-1,202000019729,3,RD16,-1,NULL,2,2,2,1,23,100,1,NULL," -1",1,0,5,30
202000019729,11,8,2020,11:35:00,1,74,74011,2,1,1,5,"ROUTE DE THONES","45,9222650","6,1758800",202000019729,154 707 493,C01,2,1,0,2,1,1,5,NULL,202000019729,154 707 493,C01,1,1,4,1,1949,5,2,-1,-1,0,0,-1,202000019729,3,RD16,-1,NULL,2,2,2,1,23,100,1,NULL," -1",1,0,5,30
202000019729,11,8,2020,11:35:00,1,74,74011,2,1,1,5,"ROUTE DE THONES","45,9222650","6,1758800",202000019729,154 707 492,B01,2,1,0,2,1,1,5,NULL,202000019729,154 707 493,C01,1,1,4,1,1949,5,2,-1,-1,0,0,-1,202000019729,3,RD16,-1,NULL,2,2,2,1,23,100,1,NULL," -1",1,0,5,30
202000019729,11,8,2020,11:35:00,1,74,74011,2,1,1,5,"ROUTE DE THONES","45,9222650","6,1758800",202000019729,154 707 494,D01,2,1,0,2,1,1,5,NULL,202000019729,154 707 494,D01,1,1,4,1,1959,5,2,-1,-1,0,0,-1,202000019729,3,RD16,-1,NULL,2,2,2,1,23,100,1,NULL," -1",1,0,5,30
202000019729,11,8,2020,11:35:00,1,74,74011,2,1,1,5,"ROUTE DE THONES","45,9222650","6,1758800",202000019729,154 707 493,C01,2,1,0,2,1,1,5,NULL,202000019729,154 707 494,D01,1,1,4,1,1959,5,2,-1,-1,0,0,-1,202000019729,3,RD16,-1,NULL,2,2,2,1,23,100,1,NULL," -1",1,0,5,30
202000019729,11,8,2020,11:35:00,1,74,74011,2,1,1,5,"ROUTE DE THONES","45,9222650","6,1758800",202000019729,154 707 492,B01,2,1,0,2,1,1,5,NULL,202000019729,154 707 494,D01,1,1,4,1,1959,5,2,-1,-1,0,0,-1,202000019729,3,RD16,-1,NULL,2,2,2,1,23,100,1,NULL," -1",1,0,5,30
202000020172,12,11,2020,12:40:00,1,35,35238,2,2,1,3,"NANTES (DE)","48,0948200"," -1,6901400",202000020172,154 706 714,A01,0,1,0,2,2,15,5,NULL,202000020172,154 706 714,A01,1,1,4,1,1993,4,8,0,-1,-1," -1",-1,202000020172,4,"NANTES (DE)",0,NULL,2,3,0,1,(1),(1),1,NULL," -1",1,5,1,50
202000020172,12,11,2020,12:40:00,1,35,35238,2,2,1,3,"NANTES (DE)","48,0948200"," -1,6901400",202000020172,154 706 714,A01,0,1,0,2,2,15,5,NULL,202000020172,154 706 715,B01,1,1,1,1,1995,5,1,0,-1,-1," -1",-1,202000020172,4,"NANTES (DE)",0,NULL,2,3,0,1,(1),(1),1,NULL," -1",1,5,1,50
202000023181,8,8,2020,08:35:00,1,81,81225,2,1,1,-1,"Impasse des Saules","43,9179890","1,9633880",202000023181,154 701 464,B01,2,1,1,0,1,1,5,NULL,202000023181,154 701 463,A01,1,1,1,1,1986,4,0,-1,-1,0,0,-1,202000023181,3,21,0,D,2,2,0,1,1,185,1,NULL," -1",1,0,1,50
202000023181,8,8,2020,08:35:00,1,81,81225,2,1,1,-1,"Impasse des Saules","43,9179890","1,9633880",202000023181,154 701 464,B01,2,1,1,0,1,1,5,NULL,202000023181,154 701 464,B01,1,1,4,1,1977,5,0,-1,-1,0,0,-1,202000023181,3,21,0,D,2,2,0,1,1,185,1,NULL," -1",1,0,1,50
202000023208,7,8,2020,18:40:00,1,95,95539,2,6,1,3,"CD 125","48,9923650","2,3585910",202000023208,154 701 414,B01,2,1,0,2,5,19,5,NULL,202000023208,154 701 414,B01,1,1,4,1,1990,1,2,0,-1,-1,0,-1,202000023208,3,125,0,NULL,2,2,0,1,2,800,1,NULL," -1",1,0,1,50
202000023208,7,8,2020,18:40:00,1,95,95539,2,6,1,3,"CD 125","48,9923650","2,3585910",202000023208,154 701 414,B01,2,1,0,2,5,19,5,NULL,202000023208,154 701 415,A01,1,1,1,1,1977,1,1,0,-1,-1,0,-1,202000023208,3,125,0,NULL,2,2,0,1,2,800,1,NULL," -1",1,0,1,50
202000024467,9,7,2020,10:15:00,1,75,75110,2,1,1,3,"BOULEVARD DE LA VILLETTE","48,8792070","2,3700960",202000024467,154 699 203,B01,2,1,0,2,6,1,5,NULL,202000024467,154 699 203,B01,1,1,4,2,1986,4,2,0,-1,0,0,-1,202000024467,4,NULL,0,NULL,3,2,1,1,(1),0,1,NULL," -1",1,-1,5,50
202000024467,9,7,2020,10:15:00,1,75,75110,2,1,1,3,"BOULEVARD DE LA VILLETTE","48,8792070","2,3700960",202000024467,154 699 203,B01,2,1,0,2,6,1,5,NULL,202000024467,154 699 204,A01,1,1,1,1,1955,4,1,0,-1,0,0,-1,202000024467,4,NULL,0,NULL,3,2,1,1,(1),0,1,NULL," -1",1,-1,5,50
202000029689,3,6,2020,07:25:00,1,31,31555,2,1,1,3,"RTE D ESPAGNE","43,5669000","1,4249700",202000029689,154 690 080,A01,1,1,0,2,1,9,5,NULL,202000029689,154 690 079,B01,1,1,1,1,1963,4,1,0,-1,-1," -1",-1,202000029689,3,120,0,NULL,2,4,3,1,0,231,1,NULL," -1",1,0,6,30
202000029689,3,6,2020,07:25:00,1,31,31555,2,1,1,3,"RTE D ESPAGNE","43,5669000","1,4249700",202000029689,154 690 080,A01,1,1,0,2,1,9,5,NULL,202000029689,154 690 080,A01,1,1,3,1,1989,1,2,0,-1,-1," -1",-1,202000029689,3,120,0,NULL,2,4,3,1,0,231,1,NULL," -1",1,0,6,30
202000030281,7,7,2020,09:15:00,1,67,67506,2,2,1,3,"Rue Jeanne d'Arc","48,6656080","7,7156230",202000030281,154 689 034,B01,2,1,0,2,1,1,5,NULL,202000030281,154 689 034,B01,1,1,4,2,1969,1,0,-1,-1,0,0,-1,202000030281,4,NULL,-1,NULL,1,2,0,1,(1),(1),1,NULL," -1",1,0,1,-1
202000030281,7,7,2020,09:15:00,1,67,67506,2,2,1,3,"Rue Jeanne d'Arc","48,6656080","7,7156230",202000030281,154 689 034,B01,2,1,0,2,1,1,5,NULL,202000030281,154 689 035,A01,1,1,1,1,1997,0,1,-1,-1,0,0,-1,202000030281,4,NULL,-1,NULL,1,2,0,1,(1),(1),1,NULL," -1",1,0,1,-1
202000030572,14,2,2020,21:30:00,5,75,75101,2,1,1,6,"RUE SAINT HONORE","48,8667310","2,3282780",202000030572,154 688 536,A01,1,1,1,0,1,14,5,NULL,202000030572,154 688 536,A01,1,1,4,1,1964,9,8,0,-1,0,0,-1,202000030572,4,NULL,0,NULL,1,1,0,1,237,0,1,NULL," -1",1,0,1,50
202000032716,14,2,2020,06:50:00,5,49,49347,2,2,1,3,"Rue du Bourg-joly","47,6146040"," -0,4650520",202000032716,154 684 930,A01,3,1,0,2,8,1,5,NULL,202000032716,154 684 930,A01,1,1,3,1,2007,2,0,-1,-1,0,0,-1,202000032716,4,NULL,-1,NULL,1,1,0,1,(1),(1),1,NULL," -1",1,0,1,50
202000032716,14,2,2020,06:50:00,5,49,49347,2,2,1,3,"Rue du Bourg-joly","47,6146040"," -0,4650520",202000032716,154 684 930,A01,3,1,0,2,8,1,5,NULL,202000032716,154 684 931,B01,1,1,1,1,1989,4,1,-1,-1,0,0,-1,202000032716,4,NULL,-1,NULL,1,1,0,1,(1),(1),1,NULL," -1",1,0,1,50
202000036214,15,3,2020,17:10:00,1,27,27375,2,2,1,3,"MITTERAND (AVENUE FRANCOIS)","49,2231000","1,1730000",202000036214,154 678 722,B01,1,1,0,2,0,0,5,NULL,202000036214,154 678 721,A01,1,1,1,2,1997,0,1,0,-1,0,0,-1,202000036214,4,"MITTERAND (AVENUE FRANCOIS)",0,NULL,2,0,0,1,(1),(1),1,NULL," -1",1,5,1,50
202000036214,15,3,2020,17:10:00,1,27,27375,2,2,1,3,"MITTERAND (AVENUE FRANCOIS)","49,2231000","1,1730000",202000036214,154 678 722,B01,1,1,0,2,0,0,5,NULL,202000036214,154 678 721,A01,2,2,1,1,1997,0,1,0,-1,0,0,-1,202000036214,4,"MITTERAND (AVENUE FRANCOIS)",0,NULL,2,0,0,1,(1),(1),1,NULL," -1",1,5,1,50
202000036214,15,3,2020,17:10:00,1,27,27375,2,2,1,3,"MITTERAND (AVENUE FRANCOIS)","49,2231000","1,1730000",202000036214,154 678 722,B01,1,1,0,2,0,0,5,NULL,202000036214,154 678 721,A01,3,2,1,1,1997,0,1,0,-1,0,0,-1,202000036214,4,"MITTERAND (AVENUE FRANCOIS)",0,NULL,2,0,0,1,(1),(1),1,NULL," -1",1,5,1,50
202000036214,15,3,2020,17:10:00,1,27,27375,2,2,1,3,"MITTERAND (AVENUE FRANCOIS)","49,2231000","1,1730000",202000036214,154 678 722,B01,1,1,0,2,0,0,5,NULL,202000036214,154 678 722,B01,1,1,3,2,1979,5,2,0,-1,0,0,-1,202000036214,4,"MITTERAND (AVENUE FRANCOIS)",0,NULL,2,0,0,1,(1),(1),1,NULL," -1",1,5,1,50
202000036427,1,9,2020,10:15:00,1,75,75117,2,1,1,-1,"BOULEVARD MALESHERBES","48,8885820","2,3043420",202000036427,154 678 341,A01,1,1,0,2,8,19,5,NULL,202000036427,154 678 341,A01,1,1,4,2,1994,1,8,0,-1,-1," -1",-1,202000036427,4,NULL,0,NULL,2,2,0,1,0,0,1,NULL," -1",1,0,1,50
202000039930,26,10,2020,15:00:00,1,29,29006,2,6,1,7,"Rue de Kerguélen","47,8768126"," -4,1129694",202000039930,154 672 191,A01,3,1,0,0,0,1,5,NULL,202000039930,154 672 191,A01,1,1,3,1,1969,5,0,-1,-1,0,0,-1,202000039930,4,"Rue de Kerguélen",-1,NULL,1,1,0,1,(1),(1),2,NULL," -1",1,5,1,50
202000040962,27,7,2020,18:00:00,1,94,94068,2,1,1,-1,"BAC (AV DU)","48,7968400","2,5056100",202000040962,154 670 365,B01,2,1,1,0,1,1,5,NULL,202000040962,154 670 361,A01,1,1,1,2,1996,3,1,0,-1,-1," -1",-1,202000040962,3,"BAC (AV DU)",0,NULL,2,2,0,1,0,0,1,NULL," -1",1,0,1,50
202000040962,27,7,2020,18:00:00,1,94,94068,2,1,1,-1,"BAC (AV DU)","48,7968400","2,5056100",202000040962,154 670 365,B01,2,1,1,0,1,1,5,NULL,202000040962,154 670 365,B01,1,1,4,1,1998,5,8,0,-1,-1," -1",-1,202000040962,3,"BAC (AV DU)",0,NULL,2,2,0,1,0,0,1,NULL," -1",1,0,1,50
202000042473,27,7,2020,18:30:00,1,92,92062,2,1,1,1,"PARVIS (LE)","48,8900000","2,2400000",202000042473,154 667 643,A01,3,1,0,9,1,26,5,NULL,202000042473,154 667 641,B01,1,1,4,1,2003,0,8,0,-1,-1," -1",-1,202000042473,9,"PARVIS (LE)",0,NULL,-1,0,0,2,0,0,1,NULL," -1",1,6,8,20
202000042473,27,7,2020,18:30:00,1,92,92062,2,1,1,1,"PARVIS (LE)","48,8900000","2,2400000",202000042473,154 667 643,A01,3,1,0,9,1,26,5,NULL,202000042473,154 667 643,A01,1,1,4,2,1991,0,2,8,-1,-1," -1",-1,202000042473,9,"PARVIS (LE)",0,NULL,-1,0,0,2,0,0,1,NULL," -1",1,6,8,20
202000042504,23,9,2020,12:45:00,1,33,33063,2,2,1,3,"RUE LUCIEN FAURE / CRS DU RACCORDEMENT / RUE HENRI BRUNET","44,8661000"," -0,5609600",202000042504,154 667 587,B01,1,1,0,2,1,1,5,NULL,202000042504,154 667 587,B01,1,1,4,1,2007,0,8,0,-1,-1," -1",-1,202000042504,4,"RUE LUCIEN FAURE",0,NULL,3,6,2,1,(1),(1),1,NULL," -1",1,5,1,50
202000042504,23,9,2020,12:45:00,1,33,33063,2,2,1,3,"RUE LUCIEN FAURE / CRS DU RACCORDEMENT / RUE HENRI BRUNET","44,8661000"," -0,5609600",202000042504,154 667 587,B01,1,1,0,2,1,1,5,NULL,202000042504,154 667 590,A01,1,1,1,1,1996,0,8,0,-1,-1," -1",-1,202000042504,4,"RUE LUCIEN FAURE",0,NULL,3,6,2,1,(1),(1),1,NULL," -1",1,5,1,50
202000043647,22,10,2020,07:20:00,1,75,75110,2,2,1,6,"BOULEVARD DE MAGENTA","48,8785840","2,3540430",202000043647,154 665 536,A01,3,1,0,1,3,1,5,NULL,202000043647,154 665 536,A01,10,3,4,2,1967,9,0,-1,-1,4,3,1,202000043647,4,NULL,0,NULL,3,2,2,1,0,0,1,NULL," -1",2,-1,5,50
202000043647,22,10,2020,07:20:00,1,75,75110,2,2,1,6,"BOULEVARD DE MAGENTA","48,8785840","2,3540430",202000043647,154 665 536,A01,3,1,0,1,3,1,5,NULL,202000043647,154 665 536,A01,1,1,1,2,1993,1,8,0,-1,0,0,-1,202000043647,4,NULL,0,NULL,3,2,2,1,0,0,1,NULL," -1",2,-1,5,50
202000046623,20,5,2020,11:30:00,1,05,05061,1,9,1,3,"PIGNEROL ( AVENUE DE )","44,5653353","6,0927502",202000046623,154 660 314,B01,2,1,0,2,8,1,5,NULL,202000046623,154 660 314,B01,1,1,4,2,2004,9,2,0,-1,0,0,-1,202000046623,2,"AVENUE D EMBRUN",0,NULL,2,2,0,1,70,990,1,NULL," -1",1,0,1,50
202000047387,24,7,2020,11:20:00,1,75,75117,2,1,1,3,"AVENUE DE LA GRANDE ARMEE","48,8750890","2,2908990",202000047387,154 658 986,B01,2,1,0,2,0,1,5,NULL,202000047387,154 658 986,B01,1,1,4,1,1961,4,2,0,-1,0,0,-1,202000047387,4,NULL,0,NULL,2,8,1,1,0,0,1,NULL," -1",1,-1,5,50
202000047387,24,7,2020,11:20:00,1,75,75117,2,1,1,3,"AVENUE DE LA GRANDE ARMEE","48,8750890","2,2908990",202000047387,154 658 986,B01,2,1,0,2,0,1,5,NULL,202000047387,154 658 988,A01,1,1,1,1,1983,4,1,0,-1,0,0,-1,202000047387,4,NULL,0,NULL,2,8,1,1,0,0,1,NULL," -1",1,-1,5,50
202000006853,17,5,2020,00:45:00,5,77,77407,2,3,1,-1,"OLIVIERI(RUE A.) - D50","48,5304600","2,5517900",202000006853,154 730 210,B01,2,1,0,0,0,0,0,NULL,202000006853,154 730 210,B01,1,1,4,1,2001,5,8,4,-1,-1," -1",-1,202000006853,3,50,0,NULL,-1,0,0,2,21,877,2,NULL," -1",1,0,1,50
202000007138,16,9,2020,20:30:00,2,69,69386,2,2,1,3,"CUVIER                              (R )","45,7670685","4,8476478",202000007138,154 729 708,B01,1,1,0,2,7,1,0,NULL,202000007138,154 729 708,B01,1,1,4,1,1976,5,8,0,-1,-1," -1",-1,202000007138,4,"CUVIER                              (R )",0,NULL,1,1,1,1,0,0,1,NULL," -1",1,0,5,50
202000007138,16,9,2020,20:30:00,2,69,69386,2,2,1,3,"CUVIER                              (R )","45,7670685","4,8476478",202000007138,154 729 708,B01,1,1,0,2,7,1,0,NULL,202000007138,154 729 709,A01,1,1,1,1,1979,4,1,0,-1,-1," -1",-1,202000007138,4,"CUVIER                              (R )",0,NULL,1,1,1,1,0,0,1,NULL," -1",1,0,5,50
202000007165,16,9,2020,15:20:00,1,45,45285,2,2,1,-1,"Rue Gambetta-rue Paul Doumer","47,9076357","1,8795415",202000007165,154 729 660,A01,3,1,0,2,3,1,5,NULL,202000007165,154 729 659,B01,1,1,1,2,1995,1,1,0,-1,-1," -1",-1,202000007165,4,NULL,0,NULL,2,2,0,1,(1),(1),1,NULL," -1",1,0,1,50
202000007165,16,9,2020,15:20:00,1,45,45285,2,2,1,-1,"Rue Gambetta-rue Paul Doumer","47,9076357","1,8795415",202000007165,154 729 660,A01,3,1,0,2,3,1,5,NULL,202000007165,154 729 660,A01,1,1,4,1,1926,5,8,0,-1,-1," -1",-1,202000007165,4,NULL,0,NULL,2,2,0,1,(1),(1),1,NULL," -1",1,0,1,50
202000007987,13,10,2020,08:15:00,1,75,75113,2,1,2,6,"BOULEVARD MASSENA","48,8231440","2,3743030",202000007987,154 728 201,A01,2,1,12,0,0,14,5,NULL,202000007987,154 728 201,A01,1,1,4,1,1959,1,8,0,-1,0,0,-1,202000007987,4,NULL,0,NULL,1,2,0,2,0,0,1,NULL," -1",2,0,1,50
202000008035,14,10,2020,19:45:00,3,29,29191,1,1,2,7,"Pen Ar Roz","48,5336580"," -3,7556930",202000008035,154 728 121,A01,0,1,0,0,9,0,5,NULL,202000008035,154 728 121,A01,1,1,4,1,1991,5,0,-1,-1,0,0,-1,202000008035,4,"Route de Pen Ar Roz",-1,NULL,2,2,0,4,(1),(1),1,NULL," -1",2,0,1,-1
202000008163,19,8,2020,14:00:00,1,75,75119,2,2,1,3,"AVENUE DE LA PORTE DU PRE SAINT GERVAIS","48,8819960","2,4025000",202000008163,154 727 887,B01,3,1,0,2,1,1,5,NULL,202000008163,154 727 887,B01,1,1,4,1,1979,9,8,0,-1,0,0,-1,202000008163,4,NULL,0,NULL,2,2,2,1,0,0,3,NULL," -1",1,-1,5,50
202000008163,19,8,2020,14:00:00,1,75,75119,2,2,1,3,"AVENUE DE LA PORTE DU PRE SAINT GERVAIS","48,8819960","2,4025000",202000008163,154 727 887,B01,3,1,0,2,1,1,5,NULL,202000008163,154 727 888,A01,1,1,1,2,1987,5,1,0,-1,0,0,-1,202000008163,4,NULL,0,NULL,2,2,2,1,0,0,3,NULL," -1",1,-1,5,50
202000009176,15,9,2020,19:35:00,2,75,75110,2,3,1,3,"RUE DE LA GRANGE AUX BELLES","48,8751710","2,3671850",202000009176,154 726 107,B01,1,1,0,2,8,9,5,NULL,202000009176,154 726 107,B01,1,1,4,2,1975,1,2,0,-1,0,0,-1,202000009176,4,NULL,0,NULL,1,1,0,3,0,0,1,NULL," -1",1,0,1,50
202000009176,15,9,2020,19:35:00,2,75,75110,2,3,1,3,"RUE DE LA GRANGE AUX BELLES","48,8751710","2,3671850",202000009176,154 726 107,B01,1,1,0,2,8,9,5,NULL,202000009176,154 726 108,A01,1,1,4,1,1987,5,2,0,-1,0,0,-1,202000009176,4,NULL,0,NULL,1,1,0,3,0,0,1,NULL," -1",1,0,1,50
202000009386,27,1,2020,08:50:00,1,67,67267,2,3,1,1,"TRAVAIL (RUE DU)","48,5623661","7,6862656",202000009386,154 725 750,B01,2,1,0,2,1,16,5,NULL,202000009386,154 725 749,A01,1,1,1,1,1990,-1,8,8,8,-1," -1",-1,202000009386,4,1,0,NULL,2,2,0,3,0,0,1,NULL," -1",1,0,1,30
202000009386,27,1,2020,08:50:00,1,67,67267,2,3,1,1,"TRAVAIL (RUE DU)","48,5623661","7,6862656",202000009386,154 725 750,B01,2,1,0,2,1,16,5,NULL,202000009386,154 725 750,B01,1,1,4,1,2005,2,8,0,-1,0,0,-1,202000009386,4,1,0,NULL,2,2,0,3,0,0,1,NULL," -1",1,0,1,30
202000011458,17,7,2020,04:00:00,5,75,75101,2,1,1,7,"VOIE GEORGES POMPIDOU","48,8574920","2,3453040",202000011458,154 722 091,A01,0,1,0,0,1,1,5,NULL,202000011458,154 722 091,A01,1,1,4,1,1991,5,2,0,-1,0,0,-1,202000011458,4,NULL,0,NULL,4,10,0,2,0,0,1,NULL," -1",1,0,1,20
202000012404,19,11,2020,09:00:00,1,17,17300,2,6,7,1,"DOCTEUR DANIEL PLANET","46,1479100"," -1,1504600",202000012404,154 720 447,Z01,3,1,0,2,4,0,5,NULL,202000012404,154 720 447,Z01,1,1,4,2,1976,1,2,8,-1,-1," -1",-1,202000012404,4,NULL,0,NULL,1,2,0,2,0,0,3,NULL," -1",1,5,5,50
202000012404,19,11,2020,09:00:00,1,17,17300,2,6,7,1,"DOCTEUR DANIEL PLANET","46,1479100"," -1,1504600",202000012404,154 720 447,Z01,3,1,0,2,4,0,5,NULL,202000012404,154 720 448,A01,1,1,1,1,1957,5,1,4,-1,-1," -1",-1,202000012404,4,NULL,0,NULL,1,2,0,2,0,0,3,NULL," -1",1,5,5,50
202000013678,15,8,2020,12:45:00,1,54,54265,2,1,1,3,"ERABLES (AVENUE DES)","48,6432300","6,1838800",202000013678,154 718 216,B01,3,1,0,2,0,1,0,NULL,202000013678,154 718 216,B01,1,1,4,1,1972,0,8,0,-1,-1," -1",-1,202000013678,4,NULL,0,NULL,1,2,1,1,0,0,1,NULL," -1",1,0,1,50
202000013678,15,8,2020,12:45:00,1,54,54265,2,1,1,3,"ERABLES (AVENUE DES)","48,6432300","6,1838800",202000013678,154 718 216,B01,3,1,0,2,0,1,0,NULL,202000013678,154 718 217,A01,1,1,1,2,1977,0,1,0,-1,0,0,-1,202000013678,4,NULL,0,NULL,1,2,1,1,0,0,1,NULL," -1",1,0,1,50
202000015487,14,6,2020,11:00:00,1,71,71062,1,1,1,3,D222,"46,9267620","4,2516450",202000015487,154 715 049,B01,3,1,0,2,8,1,5,NULL,202000015487,154 715 048,A01,1,1,1,1,1946,5,1,-1,-1,0,0,-1,202000015487,3,222,-1,NULL,2,2,0,1,5,900,1,NULL," -1",1,0,1,80
202000015487,14,6,2020,11:00:00,1,71,71062,1,1,1,3,D222,"46,9267620","4,2516450",202000015487,154 715 049,B01,3,1,0,2,8,1,5,NULL,202000015487,154 715 049,B01,1,1,3,1,1960,5,2,-1,-1,0,0,-1,202000015487,3,222,-1,NULL,2,2,0,1,5,900,1,NULL," -1",1,0,1,80
202000016660,23,1,2020,08:10:00,2,35,35238,2,6,1,3,"BELGIQUE (DE)","48,0869200"," -1,6855900",202000016660,154 712 953,B01,0,1,0,0,0,0,0,NULL,202000016660,154 712 952,A01,1,1,1,2,1988,1,1,0,-1,-1,0,-1,202000016660,4,"BELGIQUE (DE)",0,NULL,1,1,0,1,0,0,2,NULL," -1",1,5,1,50
202000016660,23,1,2020,08:10:00,2,35,35238,2,6,1,3,"BELGIQUE (DE)","48,0869200"," -1,6855900",202000016660,154 712 953,B01,0,1,0,0,0,0,0,NULL,202000016660,154 712 953,B01,1,1,4,1,2004,2,8,0,-1,-1,0,-1,202000016660,4,"BELGIQUE (DE)",0,NULL,1,1,0,1,0,0,2,NULL," -1",1,5,1,50
202000019175,4,9,2020,17:50:00,1,74,74051,1,1,1,7,"route de frangy D2","46,0232060","6,0359360",202000019175,154 708 504,A01,2,1,0,0,0,13,6,NULL,202000019175,154 708 504,A01,1,1,2,1,1968,5,2,-1,-1,0,0,-1,202000019175,3,2,0,D,2,2,0,1,3,800,1,NULL," -1",1,0,8,80
202000020074,13,11,2020,21:00:00,3,75,75113,2,2,1,3,"BOULEVARD VINCENT AURIOL","48,8339710","2,3647430",202000020074,154 706 880,A01,2,1,0,2,7,5,5,NULL,202000020074,154 706 879,B01,1,1,1,1,1973,4,1,0,-1,0,0,-1,202000020074,4,NULL,0,NULL,3,1,1,2,0,0,1,NULL," -1",1,-1,5,50
202000020074,13,11,2020,21:00:00,3,75,75113,2,2,1,3,"BOULEVARD VINCENT AURIOL","48,8339710","2,3647430",202000020074,154 706 880,A01,2,1,0,2,7,5,5,NULL,202000020074,154 706 880,A01,1,1,4,2,1985,9,2,0,-1,0,0,-1,202000020074,4,NULL,0,NULL,3,1,1,2,0,0,1,NULL," -1",1,-1,5,50
202000020774,7,7,2020,17:15:00,1,28,28404,2,1,7,1,"PAGNOL (BOULEVARD MARCEL)","48,7357200","1,3293300",202000020774,154 705 675,B01,3,1,0,2,1,26,5,NULL,202000020774,154 705 674,A01,1,1,1,2,1934,9,1,0,-1,-1," -1",-1,202000020774,3,"PAGNOL (BOULEVARD MARCEL)",0,NULL,2,2,0,1,0,0,1,NULL," -1",1,0,1,50
202000020774,7,7,2020,17:15:00,1,28,28404,2,1,7,1,"PAGNOL (BOULEVARD MARCEL)","48,7357200","1,3293300",202000020774,154 705 675,B01,3,1,0,2,1,26,5,NULL,202000020774,154 705 675,B01,1,1,4,1,2001,1,8,0,-1,-1," -1",-1,202000020774,3,"PAGNOL (BOULEVARD MARCEL)",0,NULL,2,2,0,1,0,0,1,NULL," -1",1,0,1,50
202000021706,5,10,2020,07:05:00,1,973,97302,2,1,1,3,"LAFAURIE (CITE)","4,9337586"," -52,3233640",202000021706,154 704 012,A01,3,1,0,2,8,15,6,NULL,202000021706,154 704 011,B01,1,1,1,2,1984,1,1,8,-1,-1," -1",-1,202000021706,4,"LAFAURIE (CITE)",0,NULL,-1,2,0,1,(1),(1),1,NULL," -1",1,9,1,50
202000021706,5,10,2020,07:05:00,1,973,97302,2,1,1,3,"LAFAURIE (CITE)","4,9337586"," -52,3233640",202000021706,154 704 012,A01,3,1,0,2,8,15,6,NULL,202000021706,154 704 012,A01,1,1,4,1,1987,9,8,0,-1,-1," -1",-1,202000021706,4,"LAFAURIE (CITE)",0,NULL,-1,2,0,1,(1),(1),1,NULL," -1",1,9,1,50
202000024819,9,9,2020,14:30:00,1,53,53144,1,3,1,1,"Rue des Tuileries","48,3111260"," -0,4984430",202000024819,154 698 573,A01,3,1,0,2,1,15,5,NULL,202000024819,154 698 573,A01,1,1,3,1,2008,5,0,-1,-1,0,0,-1,202000024819,9,NULL,0,NULL,-1,2,0,2,(1),(1),1,NULL," -1",1,0,1,80
202000024819,9,9,2020,14:30:00,1,53,53144,1,3,1,1,"Rue des Tuileries","48,3111260"," -0,4984430",202000024819,154 698 573,A01,3,1,0,2,1,15,5,NULL,202000024819,154 698 574,B01,1,1,1,1,1964,1,1,-1,-1,0,0,-1,202000024819,9,NULL,0,NULL,-1,2,0,2,(1),(1),1,NULL," -1",1,0,1,80