Num_Acc,jour,mois,an,hrmn,lum,dep,com,agg,int,atm,col,adr,lat,long,Num_Acc,id_vehicule,num_veh,senc,catv,obs,obsm,choc,manv,motor,occutc,Num_Acc,id_vehicule,num_veh,place,catu,grav,sexe,an_nais,trajet,secu1,secu2,secu3,locp,actp,etatp,Num_Acc,catr,voie,v1,v2,circ,nbv,vosp,prof,pr,pr1,plan,lartpc,larrout,surf,infra,situ,vma
202000028723,5,9,2020,10:15:00,1,33,33063,2,7,1,3,"PCE RAVEZIES / BD GODARD","44,8657400"," -0,5763400",202000028723,154 691 732,B01,0,1,0,2,1,19,5,NULL,202000028723,154 691 731,A01,1,1,1,1,1992,5,1,-1,-1,-1," -1",-1,202000028723,4,"PLACE RAVEZIES",0,NULL,1,5,2,1,(1),(1),2,NULL," -1",1,0,8,50
202000028723,5,9,2020,10:15:00,1,33,33063,2,7,1,3,"PCE RAVEZIES / BD GODARD","44,8657400"," -0,5763400",202000028723,154 691 732,B01,0,1,0,2,1,19,5,NULL,202000028723,154 691 732,B01,1,1,4,2,1982,0,0,-1,-1,0,0,-1,202000028723,4,"PLACE RAVEZIES",0,NULL,1,5,2,1,(1),(1),2,NULL," -1",1,0,8,50
202000028723,5,9,2020,10:15:00,1,33,33063,2,7,1,3,"PCE RAVEZIES / BD GODARD","44,8657400"," -0,5763400",202000028723,154 691 732,B01,0,1,0,2,1,19,5,NULL,202000028723,154 691 732,B01,2,2,4,2,2017,0,8,-1,-1,0,0,-1,202000028723,4,"PLACE RAVEZIES",0,NULL,1,5,2,1,(1),(1),2,NULL," -1",1,0,8,50
202000029890,13,12,2020,15:05:00,1,75,75112,2,2,2,2,"RUE DE REUILLY","48,8473440","2,3867850",202000029890,154 689 719,A01,2,1,0,2,1,15,5,NULL,202000029890,154 689 718,B01,1,1,1,1,1947,5,1,0,-1,0,0,-1,202000029890,4,NULL,0,NULL,2,2,0,1,0,0,1,NULL," -1",2,0,1,50
202000029890,13,12,2020,15:05:00,1,75,75112,2,2,2,2,"RUE DE REUILLY","48,8473440","2,3867850",202000029890,154 689 719,A01,2,1,0,2,1,15,5,NULL,202000029890,154 689 719,A01,1,1,4,2,1994,3,8,0,-1,0,0,-1,202000029890,4,NULL,0,NULL,2,2,0,1,0,0,1,NULL," -1",2,0,1,50
202000031457,1,6,2020,18:10:00,1,11,11262,2,3,1,-1,"MALATERRE (RUE GASTON)","43,1850870","3,0219410",202000031457,154 687 068,A01,1,1,0,2,1,1,5,NULL,202000031457,154 687 067,B01,1,1,1,2,1969,9,1,8,-1,-1," -1",-1,202000031457,4,"MALATERRE (RUE GASTON)",0,NULL,2,2,0,1,0,0,1,NULL," -1",1,0,1,50
202000031457,1,6,2020,18:10:00,1,11,11262,2,3,1,-1,"MALATERRE (RUE GASTON)","43,1850870","3,0219410",202000031457,154 687 068,A01,1,1,0,2,1,1,5,NULL,202000031457,154 687 068,A01,1,1,4,1,1950,9,2,8,-1,-1," -1",-1,202000031457,4,"MALATERRE (RUE GASTON)",0,NULL,2,2,0,1,0,0,1,NULL," -1",1,0,1,50
202000032798,3,9,2020,08:14:00,1,06,06123,2,6,1,3,"ROND POINT COUBERTIN","43,6720000","7,1935200",202000032798,154 684 797,B01,3,1,0,2,7,1,5,NULL,202000032798,154 684 797,B01,1,1,3,2,1967,0,8,0,-1,-1," -1",-1,202000032798,7,"ROND POINT COUBERTIN",0,NULL,1,1,0,1,0,0,2,NULL," -1",1,9,1,50
202000032798,3,9,2020,08:14:00,1,06,06123,2,6,1,3,"ROND POINT COUBERTIN","43,6720000","7,1935200",202000032798,154 684 797,B01,3,1,0,2,7,1,5,NULL,202000032798,154 684 798,A01,1,1,1,1,1985,5,1,0,-1,-1," -1",-1,202000032798,7,"ROND POINT COUBERTIN",0,NULL,1,1,0,1,0,0,2,NULL," -1",1,9,1,50
202000033065,31,7,2020,12:55:00,1,77,77058,2,6,1,3,"LAGNY (BOULEVARD DE) - D35","48,8312810","2,7061050",202000033065,154 684 320,B01,1,1,0,2,6,1,0,NULL,202000033065,154 684 320,B01,1,1,4,1,1951,5,2,0,-1,-1," -1",-1,202000033065,3,35,0,NULL,1,2,0,1,4,491,1,NULL," -1",1,0,1,50
202000033065,31,7,2020,12:55:00,1,77,77058,2,6,1,3,"LAGNY (BOULEVARD DE) - D35","48,8312810","2,7061050",202000033065,154 684 320,B01,1,1,0,2,6,1,0,NULL,202000033065,154 684 321,A01,1,1,1,1,1999,4,1,0,-1,-1," -1",-1,202000033065,3,35,0,NULL,1,2,0,1,4,491,1,NULL," -1",1,0,1,50
202000033551,11,12,2020,07:59:00,1,83,83069,2,1,1,3,"OLBIA  (VOIE)","43,1146740","6,1354490",202000033551,154 683 454,B01,1,1,0,2,7,0,5,NULL,202000033551,154 683 454,B01,1,1,4,1,2008,2,8,0,-1,-1," -1",-1,202000033551,3,98,0,NULL,1,2,0,1,7,4500,1,NULL," -1",1,0,1,50
202000033551,11,12,2020,07:59:00,1,83,83069,2,1,1,3,"OLBIA  (VOIE)","43,1146740","6,1354490",202000033551,154 683 454,B01,1,1,0,2,7,0,5,NULL,202000033551,154 683 455,A01,1,1,1,1,1959,0,1,8,-1,-1," -1",-1,202000033551,3,98,0,NULL,1,2,0,1,7,4500,1,NULL," -1",1,0,1,50
202000034892,31,7,2020,18:55:00,1,75,75112,2,3,1,2,"BOULEVARD DE LA BASTILLE","48,8514600","2,3692250",202000034892,154 681 095,A01,1,1,0,2,2,23,5,NULL,202000034892,154 681 095,A01,1,1,4,2,1966,1,2,8,-1,0,0,-1,202000034892,4,NULL,0,NULL,1,3,1,1,0,0,1,NULL," -1",1,-1,5,50
202000034892,31,7,2020,18:55:00,1,75,75112,2,3,1,2,"BOULEVARD DE LA BASTILLE","48,8514600","2,3692250",202000034892,154 681 094,Z01,1,1,0,2,1,1,5,NULL,202000034892,154 681 095,A01,1,1,4,2,1966,1,2,8,-1,0,0,-1,202000034892,4,NULL,0,NULL,1,3,1,1,0,0,1,NULL," -1",1,-1,5,50
202000036947,9,1,2020,10:10:00,1,06,06159,1,1,1,3,"CORNE D OR (BOULEVARD DE LA)","43,7103600","7,3139900",202000036947,154 677 419,B01,2,1,0,2,6,1,0,NULL,202000036947,154 677 419,B01,1,1,4,1,1942,5,2,0,-1,-1," -1",-1,202000036947,7,"CORNE D OR (BOULEVARD DE LA)",0,NULL,3,2,0,1,0,0,3,NULL," -1",1,0,1,50
202000036947,9,1,2020,10:10:00,1,06,06159,1,1,1,3,"CORNE D OR (BOULEVARD DE LA)","43,7103600","7,3139900",202000036947,154 677 419,B01,2,1,0,2,6,1,0,NULL,202000036947,154 677 420,A01,1,1,1,1,1998,1,1,0,-1,-1," -1",-1,202000036947,7,"CORNE D OR (BOULEVARD DE LA)",0,NULL,3,2,0,1,0,0,3,NULL," -1",1,0,1,50
202000043488,25,5,2020,11:37:00,1,77,77248,2,3,1,3,"D89 - D45A","48,9093118","2,7809468",202000043488,154 665 812,B01,2,1,0,2,1,1,5,NULL,202000043488,154 665 812,B01,1,1,4,1,1953,5,2,6,-1,0,0,-1,202000043488,3,89,-1,NULL,2,2,0,1,4,671,1,NULL,5,1,0,1,50
202000043488,25,5,2020,11:37:00,1,77,77248,2,3,1,3,"D89 - D45A","48,9093118","2,7809468",202000043488,154 665 812,B01,2,1,0,2,1,1,5,NULL,202000043488,154 665 813,A01,1,1,1,2,1975,5,1,-1,-1,0,0,-1,202000043488,3,89,-1,NULL,2,2,0,1,4,671,1,NULL,5,1,0,1,50
202000046569,21,5,2020,10:55:00,1,33,33529,1,1,1,1,"RD804 BISCAROSSE (AVE) DUNE VERS BISCA","44,5659600"," -1,2302200",202000046569,154 660 400,B01,2,1,0,2,1,1,5,NULL,202000046569,154 660 396,A01,1,1,4,1,1948,5,2,-1,-1,-1," -1",-1,202000046569,3,804,0,NULL,2,2,2,2,28,465,1,NULL," -1",1,-1,5,30
202000046569,21,5,2020,10:55:00,1,33,33529,1,1,1,1,"RD804 BISCAROSSE (AVE) DUNE VERS BISCA","44,5659600"," -1,2302200",202000046569,154 660 396,A01,1,1,0,2,1,1,5,NULL,202000046569,154 660 396,A01,1,1,4,1,1948,5,2,-1,-1,-1," -1",-1,202000046569,3,804,0,NULL,2,2,2,2,28,465,1,NULL," -1",1,-1,5,30
202000046569,21,5,2020,10:55:00,1,33,33529,1,1,1,1,"RD804 BISCAROSSE (AVE) DUNE VERS BISCA","44,5659600"," -1,2302200",202000046569,154 660 400,B01,2,1,0,2,1,1,5,NULL,202000046569,154 660 400,B01,1,1,1,1,1993,5,2,-1,-1,-1," -1",-1,202000046569,3,804,0,NULL,2,2,2,2,28,465,1,NULL," -1",1,-1,5,30
202000046569,21,5,2020,10:55:00,1,33,33529,1,1,1,1,"RD804 BISCAROSSE (AVE) DUNE VERS BISCA","44,5659600"," -1,2302200",202000046569,154 660 396,A01,1,1,0,2,1,1,5,NULL,202000046569,154 660 400,B01,1,1,1,1,1993,5,2,-1,-1,-1," -1",-1,202000046569,3,804,0,NULL,2,2,2,2,28,465,1,NULL," -1",1,-1,5,30
202000047128,21,5,2020,10:30:00,1,29,29060,2,1,1,3,"Route du Vray-secours","47,9267130"," -4,0956100",202000047128,154 659 443,B01,1,1,0,2,8,2,5,NULL,202000047128,154 659 443,B01,1,1,3,2,1955,5,2,-1,-1,0,0,-1,202000047128,4,NULL,-1,NULL,2,2,0,1,(1),(1),1,NULL,4,1,0,1,50
202000047475,21,5,2020,13:00:00,1,75,75119,2,4,1,3,"RUE MANIN","48,8814030","2,3807010",202000047475,154 658 839,B01,1,1,0,2,1,17,5,NULL,202000047475,154 658 839,B01,1,1,4,1,1961,9,8,0,-1,0,0,-1,202000047475,4,NULL,0,NULL,2,2,0,1,59,0,1,NULL," -1",1,0,1,50
202000047475,21,5,2020,13:00:00,1,75,75119,2,4,1,3,"RUE MANIN","48,8814030","2,3807010",202000047475,154 658 839,B01,1,1,0,2,1,17,5,NULL,202000047475,154 658 840,A01,1,1,1,1,1998,5,1,0,-1,0,0,-1,202000047475,4,NULL,0,NULL,2,2,0,1,59,0,1,NULL," -1",1,0,1,50
202000008347,31,12,2020,13:30:00,1,75,75108,2,1,8,7,"COURS ALBERT 1ER","48,8644570","2,3044480",202000008347,154 727 570,A01,3,1,0,0,1,1,5,NULL,202000008347,154 727 570,A01,1,1,4,1,1997,4,2,0,-1,0,0,-1,202000008347,4,NULL,0,NULL,2,4,1,1,0,0,1,NULL," -1",1,-1,5,30
202000008999,28,2,2020,08:00:00,1,75,75119,2,1,1,3,"BOULEVARD SERURIER","48,8786370","2,4022230",202000008999,154 726 434,B01,2,1,0,2,1,1,5,NULL,202000008999,154 726 433,A01,1,1,1,1,1967,4,1,0,-1,0,0,-1,202000008999,4,NULL,0,NULL,2,2,1,2,0,0,1,NULL," -1",1,-1,5,50
202000008999,28,2,2020,08:00:00,1,75,75119,2,1,1,3,"BOULEVARD SERURIER","48,8786370","2,4022230",202000008999,154 726 434,B01,2,1,0,2,1,1,5,NULL,202000008999,154 726 434,B01,1,1,4,1,2003,5,8,0,-1,0,0,-1,202000008999,4,NULL,0,NULL,2,2,1,2,0,0,1,NULL," -1",1,-1,5,50
202000009595,18,7,2020,18:45:00,1,22,22181,2,4,7,1,"1 Le Bout du Pont","48,2243029"," -3,1782572",202000009595,154 725 389,B01,3,1,0,2,1,26,5,NULL,202000009595,154 725 389,B01,1,1,2,1,1951,5,0,-1,-1,0,0,-1,202000009595,3,76,-1,NULL,2,2,0,1,(1),(1),2,NULL," -1",1,0,1,50
202000009595,18,7,2020,18:45:00,1,22,22181,2,4,7,1,"1 Le Bout du Pont","48,2243029"," -3,1782572",202000009595,154 725 389,B01,3,1,0,2,1,26,5,NULL,202000009595,154 725 390,A01,3,2,1,2,2006,5,1,-1,-1,0,0,-1,202000009595,3,76,-1,NULL,2,2,0,1,(1),(1),2,NULL," -1",1,0,1,50
202000009595,18,7,2020,18:45:00,1,22,22181,2,4,7,1,"1 Le Bout du Pont","48,2243029"," -3,1782572",202000009595,154 725 389,B01,3,1,0,2,1,26,5,NULL,202000009595,154 725 390,A01,2,2,1,2,1978,5,1,-1,-1,0,0,-1,202000009595,3,76,-1,NULL,2,2,0,1,(1),(1),2,NULL," -1",1,0,1,50
202000009595,18,7,2020,18:45:00,1,22,22181,2,4,7,1,"1 Le Bout du Pont","48,2243029"," -3,1782572",202000009595,154 725 389,B01,3,1,0,2,1,26,5,NULL,202000009595,154 725 390,A01,4,2,1,2,2011,5,1,-1,-1,0,0,-1,202000009595,3,76,-1,NULL,2,2,0,1,(1),(1),2,NULL," -1",1,0,1,50
202000009595,18,7,2020,18:45:00,1,22,22181,2,4,7,1,"1 Le Bout du Pont","48,2243029"," -3,1782572",202000009595,154 725 389,B01,3,1,0,2,1,26,5,NULL,202000009595,154 725 390,A01,1,1,1,1,1985,5,1,-1,-1,0,0,-1,202000009595,3,76,-1,NULL,2,2,0,1,(1),(1),2,NULL," -1",1,0,1,50
202000010307,22,12,2020,14:15:00,1,15,15215,1,1,1,3,"Route Départementale 17","44,9684110","2,5003120",202000010307,154 724 120,B01,1,1,0,9,3,1,5,NULL,202000010307,154 724 119,A01,1,1,1,1,1968,5,2,-1,-1,0,0,-1,202000010307,3,17,-1,NULL,2,2,2,1,(1),(1),1,NULL," -1",1,0,1,90
202000010307,22,12,2020,14:15:00,1,15,15215,1,1,1,3,"Route Départementale 17","44,9684110","2,5003120",202000010307,154 724 119,A01,1,1,0,9,2,17,5,NULL,202000010307,154 724 119,A01,1,1,1,1,1968,5,2,-1,-1,0,0,-1,202000010307,3,17,-1,NULL,2,2,2,1,(1),(1),1,NULL," -1",1,0,1,90
202000010307,22,12,2020,14:15:00,1,15,15215,1,1,1,3,"Route Départementale 17","44,9684110","2,5003120",202000010307,154 724 120,B01,1,1,0,9,3,1,5,NULL,202000010307,154 724 120,B01,1,1,4,1,1972,5,2,-1,-1,0,0,-1,202000010307,3,17,-1,NULL,2,2,2,1,(1),(1),1,NULL," -1",1,0,1,90
202000010307,22,12,2020,14:15:00,1,15,15215,1,1,1,3,"Route Départementale 17","44,9684110","2,5003120",202000010307,154 724 119,A01,1,1,0,9,2,17,5,NULL,202000010307,154 724 120,B01,1,1,4,1,1972,5,2,-1,-1,0,0,-1,202000010307,3,17,-1,NULL,2,2,2,1,(1),(1),1,NULL," -1",1,0,1,90
202000010462,22,11,2020,17:05:00,2,75,75101,2,3,1,1,"QUAI FRANCOIS MITTERRAND","48,8590110","2,3398730",202000010462,154 723 860,B01,1,1,0,2,0,16,5,NULL,202000010462,154 723 860,B01,1,1,4,2,1989,5,2,0,-1,0,0,-1,202000010462,4,NULL,0,NULL,1,4,0,1,0,0,1,NULL," -1",1,0,1,50
202000010462,22,11,2020,17:05:00,2,75,75101,2,3,1,1,"QUAI FRANCOIS MITTERRAND","48,8590110","2,3398730",202000010462,154 723 860,B01,1,1,0,2,0,16,5,NULL,202000010462,154 723 861,A01,1,1,1,1,1987,9,1,0,-1,0,0,-1,202000010462,4,NULL,0,NULL,1,4,0,1,0,0,1,NULL," -1",1,0,1,50
202000011240,12,9,2020,09:42:00,1,66,66136,2,3,1,3,"VAUBAN (TRAVERSE SEBASTIEN)","42,6985800","2,8897800",202000011240,154 722 478,B01,0,1,0,2,2,1,5,NULL,202000011240,154 722 478,B01,1,1,4,2,1947,0,8,8,-1,0," -1",-1,202000011240,4,"VAUBAN (TRAVERSE SEBASTIEN)",0,NULL,1,1,0,1,0,0,1,NULL," -1",1,0,1,30
202000011240,12,9,2020,09:42:00,1,66,66136,2,3,1,3,"VAUBAN (TRAVERSE SEBASTIEN)","42,6985800","2,8897800",202000011240,154 722 478,B01,0,1,0,2,2,1,5,NULL,202000011240,154 722 479,A01,1,1,1,1,1973,0,1,0,-1,-1," -1",-1,202000011240,4,"VAUBAN (TRAVERSE SEBASTIEN)",0,NULL,1,1,0,1,0,0,1,NULL," -1",1,0,1,30
202000011936,18,8,2020,10:55:00,1,72,72223,2,1,1,-1,"ROUTE DEPARTEMENTALE 35","47,8750080"," -0,1065160",202000011936,154 721 250,A01,2,1,0,0,0,1,0,NULL,202000011936,154 721 250,A01,1,1,4,2,1943,5,2,-1,-1,0,0,-1,202000011936,3,35,0,NULL,2,2,0,3,20,600,3,NULL," -1",8,2,1,50
202000011936,18,8,2020,10:55:00,1,72,72223,2,1,1,-1,"ROUTE DEPARTEMENTALE 35","47,8750080"," -0,1065160",202000011936,154 721 250,A01,2,1,0,0,0,1,0,NULL,202000011936,154 721 252,B01,1,1,1,1,1989,1,0,-1,-1,0,0,-1,202000011936,3,35,0,NULL,2,2,0,3,20,600,3,NULL," -1",8,2,1,50
202000012861,29,2,2020,09:45:00,1,02,02694,1,1,1,3,D34,"49,7439540","3,1928910",202000012861,154 719 675,B01,1,1,0,0,8,1,5,NULL,202000012861,154 719 675,B01,1,1,3,1,1975,5,2,6,-1,0,0,-1,202000012861,3,34,0,D,2,2,0,1,18,600,1,NULL," -1",1,0,1,80
202000012861,29,2,2020,09:45:00,1,02,02694,1,1,1,3,D34,"49,7439540","3,1928910",202000012861,154 719 675,B01,1,1,0,0,8,1,5,NULL,202000012861,154 719 677,A01,1,1,1,1,1966,5,1,-1,-1,0,0,-1,202000012861,3,34,0,D,2,2,0,1,18,600,1,NULL," -1",1,0,1,80
202000013290,13,5,2020,15:45:00,1,59,59588,1,4,1,3,"BRANCHE VC 5","51,0226300","2,4196900",202000013290,154 718 913,B01,2,1,0,0,0,0,5,NULL,202000013290,154 718 912,A01,2,2,1,1,1990,3,1,0,-1,-1," -1",-1,202000013290,4,"BRANCHE VC 5",0,NULL,2,2,0,1,(1),(1),1,NULL," -1",1,0,1,70
202000013290,13,5,2020,15:45:00,1,59,59588,1,4,1,3,"BRANCHE VC 5","51,0226300","2,4196900",202000013290,154 718 913,B01,2,1,0,0,0,0,5,NULL,202000013290,154 718 912,A01,1,1,1,2,1995,3,1,0,-1,-1,0,-1,202000013290,4,"BRANCHE VC 5",0,NULL,2,2,0,1,(1),(1),1,NULL," -1",1,0,1,70
202000013290,13,5,2020,15:45:00,1,59,59588,1,4,1,3,"BRANCHE VC 5","51,0226300","2,4196900",202000013290,154 718 913,B01,2,1,0,0,0,0,5,NULL,202000013290,154 718 913,B01,1,1,3,1,1954,5,8,0,-1,0,0,-1,202000013290,4,"BRANCHE VC 5",0,NULL,2,2,0,1,(1),(1),1,NULL," -1",1,0,1,70
202000015677,12,8,2020,10:11:00,1,75,75116,2,1,1,6,"AVENUE PAUL DOUMER","48,8587060","2,2759250",202000015677,154 714 713,A01,1,1,0,1,1,25,5,NULL,202000015677,154 714 713,A01,10,3,4,2,1961,1,0,-1,-1,5,9,1,202000015677,4,NULL,0,NULL,2,4,0,1,0,0,1,NULL," -1",1,0,4,50
202000015677,12,8,2020,10:11:00,1,75,75116,2,1,1,6,"AVENUE PAUL DOUMER","48,8587060","2,2759250",202000015677,154 714 713,A01,1,1,0,1,1,25,5,NULL,202000015677,154 714 713,A01,1,1,1,1,2005,3,2,0,-1,0,0,-1,202000015677,4,NULL,0,NULL,2,4,0,1,0,0,1,NULL," -1",1,0,4,50
202000016015,22,12,2020,18:30:00,5,67,67043,2,3,2,3,"ROBERTSAU (RUE DE LA)","48,6133000","7,7637610",202000016015,154 714 077,B01,2,1,0,2,1,19,5,NULL,202000016015,154 714 077,B01,1,1,3,1,2003,0,8,0,-1,-1," -1",-1,202000016015,7,185,0,NULL,3,4,1,1,4,0,1,NULL," -1",2,0,1,50
202000016015,22,12,2020,18:30:00,5,67,67043,2,3,2,3,"ROBERTSAU (RUE DE LA)","48,6133000","7,7637610",202000016015,154 714 077,B01,2,1,0,2,1,19,5,NULL,202000016015,154 714 078,A01,2,2,1,1,2003,4,1,8,-1,-1," -1",-1,202000016015,7,185,0,NULL,3,4,1,1,4,0,1,NULL," -1",2,0,1,50
202000016015,22,12,2020,18:30:00,5,67,67043,2,3,2,3,"ROBERTSAU (RUE DE LA)","48,6133000","7,7637610",202000016015,154 714 077,B01,2,1,0,2,1,19,5,NULL,202000016015,154 714 078,A01,1,1,1,1,2002,0,1,8,-1,-1," -1",-1,202000016015,7,185,0,NULL,3,4,1,1,4,0,1,NULL," -1",2,0,1,50
202000016148,22,12,2020,10:25:00,1,81,81004,2,1,1,3,"LATTRE DE TASSIGNY (AV DE)","43,9308900","2,1633000",202000016148,154 713 853,B01,3,1,0,2,1,1,5,NULL,202000016148,154 713 853,B01,1,1,4,1,1957,5,2,8,-1,-1," -1",-1,202000016148,4,VC,0,NULL,2,2,0,1,1,0,1,NULL," -1",1,0,1,50
202000016148,22,12,2020,10:25:00,1,81,81004,2,1,1,3,"LATTRE DE TASSIGNY (AV DE)","43,9308900","2,1633000",202000016148,154 713 853,B01,3,1,0,2,1,1,5,NULL,202000016148,154 713 854,A01,1,1,1,2,1970,5,1,8,-1,0,0,-1,202000016148,4,VC,0,NULL,2,2,0,1,1,0,1,NULL," -1",1,0,1,50
202000016906,14,7,2020,11:32:00,1,76,76655,2,1,2,7,"Rue Max Leclerc","49,8702760","0,7084790",202000016906,154 712 510,A01,3,1,0,0,7,1,5,NULL,202000016906,154 712 510,A01,1,1,4,1,1965,5,0,-1,-1,0,0,-1,202000016906,4,NULL,0,NULL,2,2,0,2,(1),(1),1,NULL," -1",2,0,1,50
202000017465,13,6,2020,12:20:00,1,64,64040,1,1,1,-1,D132,"43,0363680"," -0,7468560",202000017465,154 711 514,B01,2,1,0,2,1,1,5,NULL,202000017465,154 711 513,C01,1,1,4,1,1994,5,2,6,-1,0,0,-1,202000017465,3,132,0,NULL,2,2,0,2,8,900,2,NULL," -1",1,0,1,80
202000017465,13,6,2020,12:20:00,1,64,64040,1,1,1,-1,D132,"43,0363680"," -0,7468560",202000017465,154 711 513,C01,2,1,0,2,1,1,5,NULL,202000017465,154 711 513,C01,1,1,4,1,1994,5,2,6,-1,0,0,-1,202000017465,3,132,0,NULL,2,2,0,2,8,900,2,NULL," -1",1,0,1,80
202000017465,13,6,2020,12:20:00,1,64,64040,1,1,1,-1,D132,"43,0363680"," -0,7468560",202000017465,154 711 514,B01,2,1,0,2,1,1,5,NULL,202000017465,154 711 514,B01,1,1,3,1,1990,5,2,6,-1,0,0,-1,202000017465,3,132,0,NULL,2,2,0,2,8,900,2,NULL," -1",1,0,1,80
202000017465,13,6,2020,12:20:00,1,64,64040,1,1,1,-1,D132,"43,0363680"," -0,7468560",202000017465,154 711 513,C01,2,1,0,2,1,1,5,NULL,202000017465,154 711 514,B01,1,1,3,1,1990,5,2,6,-1,0,0,-1,202000017465,3,132,0,NULL,2,2,0,2,8,900,2,NULL," -1",1,0,1,80
202000017465,13,6,2020,12:20:00,1,64,64040,1,1,1,-1,D132,"43,0363680"," -0,7468560",202000017465,154 711 514,B01,2,1,0,2,1,1,5,NULL,202000017465,154 711 515,A01,1,1,1,1,1947,3,1,-1,-1,0,0,-1,202000017465,3,132,0,NULL,2,2,0,2,8,900,2,NULL," -1",1,0,1,80
202000017465,13,6,2020,12:20:00,1,64,64040,1,1,1,-1,D132,"43,0363680"," -0,7468560",202000017465,154 711 513,C01,2,1,0,2,1,1,5,NULL,202000017465,154 711 515,A01,1,1,1,1,1947,3,1,-1,-1,0,0,-1,202000017465,3,132,0,NULL,2,2,0,2,8,900,2,NULL," -1",1,0,1,80
202000018242,13,11,2020,07:20:00,5,75,75115,2,1,1,1,"SQUARE BELA BARTOK","48,8510870","2,2857070",202000018242,154 710 142,A01,1,1,0,2,0,1,5,NULL,202000018242,154 710 142,A01,1,1,4,1,1971,1,2,0,-1,0,0,-1,202000018242,9,NULL,0,NULL,2,0,0,1,0,0,1,NULL," -1",1,6,8,20
202000020813,20,2,2020,08:55:00,1,33,33009,2,6,1,3,"PLAGE (BD DE LA) DU 02 AU 194","44,6626500"," -1,1643000",202000020813,154 705 604,B01,2,1,0,2,4,1,5,NULL,202000020813,154 705 604,B01,1,1,4,1,1951,5,8,-1,-1,-1," -1",-1,202000020813,4,"PLAGE (BD DE LA) DU 02 AU 194",0,NULL,2,2,0,1,(1),(1),1,NULL," -1",1,0,1,50
202000020813,20,2,2020,08:55:00,1,33,33009,2,6,1,3,"PLAGE (BD DE LA) DU 02 AU 194","44,6626500"," -1,1643000",202000020813,154 705 604,B01,2,1,0,2,4,1,5,NULL,202000020813,154 705 605,A01,1,1,1,2,1973,1,1,-1,-1,-1," -1",-1,202000020813,4,"PLAGE (BD DE LA) DU 02 AU 194",0,NULL,2,2,0,1,(1),(1),1,NULL," -1",1,0,1,50
202000020948,20,2,2020,11:30:00,1,69,69387,2,1,1,2,"MARSEILLE (DE)                      (R )","45,7452000","4,8420000",202000020948,154 705 358,B01,2,1,0,2,1,0,6,NULL,202000020948,154 705 357,A01,1,1,1,1,1995,4,1,0,-1,-1," -1",-1,202000020948,4,"MARSEILLE (DE)                      (R )",0,NULL,1,1,0,1,0,0,1,NULL," -1",1,0,1,50
202000020948,20,2,2020,11:30:00,1,69,69387,2,1,1,2,"MARSEILLE (DE)                      (R )","45,7452000","4,8420000",202000020948,154 705 358,B01,2,1,0,2,1,0,6,NULL,202000020948,154 705 358,B01,1,1,4,1,1941,0,8,0,-1,-1," -1",-1,202000020948,4,"MARSEILLE (DE)                      (R )",0,NULL,1,1,0,1,0,0,1,NULL," -1",1,0,1,50
202000021792,11,11,2020,17:19:00,2,973,97302,2,1,1,3,"MANDELA  (BOULEVARD)","4,9378739"," -52,3260999",202000021792,154 703 869,A01,1,1,0,2,8,15,5,NULL,202000021792,154 703 869,A01,1,1,4,1,1979,9,8,0,-1,-1," -1",-1,202000021792,3,0017,0,NULL,2,2,0,1,0,350,1,NULL," -1",1,9,1,50
202000021792,11,11,2020,17:19:00,2,973,97302,2,1,1,3,"MANDELA  (BOULEVARD)","4,9378739"," -52,3260999",202000021792,154 703 869,A01,1,1,0,2,8,15,5,NULL,202000021792,154 703 870,B01,2,2,4,2,1965,9,2,8,-1,-1," -1",-1,202000021792,3,0017,0,NULL,2,2,0,1,0,350,1,NULL," -1",1,9,1,50
202000021792,11,11,2020,17:19:00,2,973,97302,2,1,1,3,"MANDELA  (BOULEVARD)","4,9378739"," -52,3260999",202000021792,154 703 869,A01,1,1,0,2,8,15,5,NULL,202000021792,154 703 870,B01,1,1,4,1,1978,9,2,8,-1,-1," -1",-1,202000021792,3,0017,0,NULL,2,2,0,1,0,350,1,NULL," -1",1,9,1,50
202000024010,15,12,2020,16:10:00,1,94,94041,2,2,1,3,"VICTOR HUGO (R)","48,8214100","2,3903300",202000024010,154 699 975,B01,1,1,0,2,1,1,5,NULL,202000024010,154 699 974,A01,1,1,1,1,1981,1,1,0,-1,-1," -1",-1,202000024010,3,150,0,NULL,2,2,0,1,0,1,1,NULL," -1",1,0,1,50
202000024010,15,12,2020,16:10:00,1,94,94041,2,2,1,3,"VICTOR HUGO (R)","48,8214100","2,3903300",202000024010,154 699 975,B01,1,1,0,2,1,1,5,NULL,202000024010,154 699 975,B01,1,1,4,1,1956,0,0,0,-1,-1," -1",-1,202000024010,3,150,0,NULL,2,2,0,1,0,1,1,NULL," -1",1,0,1,50
202000024990,8,9,2020,09:10:00,1,37,37074,2,2,7,2,"Rue des Ecoles","47,2462871","0,1625377",202000024990,154 698 259,B01,0,1,0,2,4,16,5,NULL,202000024990,154 698 258,A01,1,1,1,2,1961,0,1,-1,-1,0,0,-1,202000024990,3,749,0,NULL,2,2,0,1,38,700,1,NULL," -1",1,0,1,50