Num_Acc,jour,mois,an,hrmn,lum,dep,com,agg,int,atm,col,adr,lat,long,Num_Acc,id_vehicule,num_veh,senc,catv,obs,obsm,choc,manv,motor,occutc,Num_Acc,id_vehicule,num_veh,place,catu,grav,sexe,an_nais,trajet,secu1,secu2,secu3,locp,actp,etatp,Num_Acc,catr,voie,v1,v2,circ,nbv,vosp,prof,pr,pr1,plan,lartpc,larrout,surf,infra,situ,vma
202000024990,8,9,2020,09:10:00,1,37,37074,2,2,7,2,"Rue des Ecoles","47,2462871","0,1625377",202000024990,154 698 259,B01,0,1,0,2,4,16,5,NULL,202000024990,154 698 259,B01,1,1,3,1,1948,5,2,-1,-1,0,0,-1,202000024990,3,749,0,NULL,2,2,0,1,38,700,1,NULL," -1",1,0,1,50
202000025941,10,4,2020,15:11:00,1,91,91692,2,6,1,3,"DORDOGNE (AVENUE DE)","48,6765500","2,1669500",202000025941,154 696 639,B01,3,1,0,2,3,1,5,NULL,202000025941,154 696 638,A01,1,1,1,1,1968,0,1,0,-1,-1," -1",-1,202000025941,4,NULL,0,NULL,1,0,0,1,0,0,3,NULL," -1",1,0,1,50
202000025941,10,4,2020,15:11:00,1,91,91692,2,6,1,3,"DORDOGNE (AVENUE DE)","48,6765500","2,1669500",202000025941,154 696 639,B01,3,1,0,2,3,1,5,NULL,202000025941,154 696 639,B01,1,1,4,1,1990,0,8,0,-1,-1," -1",-1,202000025941,4,NULL,0,NULL,1,0,0,1,0,0,3,NULL," -1",1,0,1,50
202000027604,2,10,2020,08:10:00,1,75,75116,2,2,3,6,"AVENUE FOCH","48,8721380","2,2795710",202000027604,154 693 724,A01,1,1,0,1,1,1,5,NULL,202000027604,154 693 724,A01,10,3,4,1,1969,5,0,-1,-1,3,3,1,202000027604,4,NULL,0,NULL,2,4,1,1,0,0,1,NULL," -1",2,-1,5,50
202000027604,2,10,2020,08:10:00,1,75,75116,2,2,3,6,"AVENUE FOCH","48,8721380","2,2795710",202000027604,154 693 724,A01,1,1,0,1,1,1,5,NULL,202000027604,154 693 724,A01,1,1,1,1,1988,1,2,0,-1,0,0,-1,202000027604,4,NULL,0,NULL,2,4,1,1,0,0,1,NULL," -1",2,-1,5,50
202000029202,3,8,2020,22:00:00,3,974,97407,2,1,1,3,"20 DECEMBRE 1948(AVENUE DU)"," -20,9387300","55,2983500",202000029202,154 690 934,B01,1,1,0,2,4,1,5,NULL,202000029202,154 690 933,A01,1,1,1,1,1998,5,1,8,-1,-1," -1",-1,202000029202,4,"20 DECEMBRE 1948(AVENUE DU)",0,NULL,2,2,0,1,0,0,1,NULL," -1",1,0,1,50
202000029202,3,8,2020,22:00:00,3,974,97407,2,1,1,3,"20 DECEMBRE 1948(AVENUE DU)"," -20,9387300","55,2983500",202000029202,154 690 934,B01,1,1,0,2,4,1,5,NULL,202000029202,154 690 934,B01,1,1,4,1,2003,0,8,0,-1,-1," -1",-1,202000029202,4,"20 DECEMBRE 1948(AVENUE DU)",0,NULL,2,2,0,1,0,0,1,NULL," -1",1,0,1,50
202000033025,29,10,2020,12:30:00,1,34,34172,2,1,1,3,"FRANKLIN (ROND POINT BENJAMIN)","43,6188000","3,9126100",202000033025,154 684 400,A01,3,1,0,2,8,19,5,NULL,202000033025,154 684 400,A01,1,1,4,1,1979,0,2,8,-1,-1," -1",-1,202000033025,4,NULL,0,NULL,1,2,0,1,0,0,1,NULL," -1",1,0,1,50
202000033025,29,10,2020,12:30:00,1,34,34172,2,1,1,3,"FRANKLIN (ROND POINT BENJAMIN)","43,6188000","3,9126100",202000033025,154 684 400,A01,3,1,0,2,8,19,5,NULL,202000033025,154 684 402,B01,1,1,1,2,1983,1,1,8,-1,-1," -1",-1,202000033025,4,NULL,0,NULL,1,2,0,1,0,0,1,NULL," -1",1,0,1,50
202000033076,1,8,2020,08:10:00,1,64,64129,2,1,2,3,"CHATEAU D'ESTE DU","43,3067674"," -0,3855000",202000033076,154 684 301,B01,1,1,1,0,1,1,5,NULL,202000033076,154 684 301,B01,1,1,2,1,1968,1,8,0,-1,-1," -1",-1,202000033076,4,"CHATEAU D'ESTE DU",0,NULL,-1,2,1,1,0,0,1,NULL," -1",2,0,5,50
202000033076,1,8,2020,08:10:00,1,64,64129,2,1,2,3,"CHATEAU D'ESTE DU","43,3067674"," -0,3855000",202000033076,154 684 301,B01,1,1,1,0,1,1,5,NULL,202000033076,154 684 302,A01,1,1,1,1,1987,5,8,0,-1,-1," -1",-1,202000033076,4,"CHATEAU D'ESTE DU",0,NULL,-1,2,1,1,0,0,1,NULL," -1",2,0,5,50
202000033345,1,6,2020,20:15:00,2,75,75111,2,4,1,3,"RUE FAIDHERBE","48,8533474","2,3827508",202000033345,154 683 831,B01,1,1,0,2,1,16,5,NULL,202000033345,154 683 827,A01,1,1,1,1,1975,4,1,8,-1,-1," -1",-1,202000033345,4,NULL,0,NULL,2,2,0,1,0,0,1,NULL," -1",1,0,1,50
202000033345,1,6,2020,20:15:00,2,75,75111,2,4,1,3,"RUE FAIDHERBE","48,8533474","2,3827508",202000033345,154 683 831,B01,1,1,0,2,1,16,5,NULL,202000033345,154 683 831,B01,1,1,4,1,1981,9,8,0,-1,-1," -1",-1,202000033345,4,NULL,0,NULL,2,2,0,1,0,0,1,NULL," -1",1,0,1,50
202000033873,10,12,2020,09:35:00,1,25,25056,2,1,2,3,"MONTBOUCONS CHEMIN DES","47,2526300","5,9983100",202000033873,154 682 906,B01,3,1,0,2,2,1,0,NULL,202000033873,154 682 905,A01,1,1,1,1,1994,2,1,0,-1,-1," -1",-1,202000033873,4,NULL,0,NULL,2,2,0,2,(1),(1),1,NULL," -1",2,0,1,20
202000033873,10,12,2020,09:35:00,1,25,25056,2,1,2,3,"MONTBOUCONS CHEMIN DES","47,2526300","5,9983100",202000033873,154 682 906,B01,3,1,0,2,2,1,0,NULL,202000033873,154 682 906,B01,1,1,4,1,2001,5,8,0,-1,-1," -1",-1,202000033873,4,NULL,0,NULL,2,2,0,2,(1),(1),1,NULL," -1",2,0,1,20
202000034105,3,7,2020,09:48:00,1,69,69386,2,1,1,7,"BERGES DU RHONE (SECT. PUVIS DE CHAVANNE","45,7825900","4,8477700",202000034105,154 682 491,A01,1,1,0,0,0,1,5,NULL,202000034105,154 682 491,A01,1,1,3,1,1949,5,8,0,-1,-1," -1",-1,202000034105,4,"CHARLES DE GAULLE (QU)",0,NULL,2,1,3,1,0,0,1,NULL," -1",1,6,5,20
202000034226,3,7,2020,19:35:00,1,92,92024,2,3,1,2,"MARTRE (RUE) DE (59 A 109)   (58 A 120)","48,9021000","2,3070400",202000034226,154 682 279,A01,1,1,0,2,1,1,5,NULL,202000034226,154 682 278,B01,1,1,1,2,1976,3,1,0,-1,-1," -1",-1,202000034226,3,19,0,NULL,1,3,1,1,0,0,1,NULL," -1",1,0,1,50
202000034226,3,7,2020,19:35:00,1,92,92024,2,3,1,2,"MARTRE (RUE) DE (59 A 109)   (58 A 120)","48,9021000","2,3070400",202000034226,154 682 279,A01,1,1,0,2,1,1,5,NULL,202000034226,154 682 279,A01,1,1,4,1,1984,1,2,8,-1,-1," -1",-1,202000034226,3,19,0,NULL,1,3,1,1,0,0,1,NULL," -1",1,0,1,50
202000037020,29,5,2020,08:20:00,1,35,35238,2,1,1,3,"BEL AIR (DE)","48,0937900"," -1,6461500",202000037020,154 677 300,B01,0,1,0,0,0,0,0,NULL,202000037020,154 677 300,B01,1,1,4,1,1972,1,8,0,-1,-1," -1",-1,202000037020,4,NULL,0,NULL,2,2,0,1,0,0,1,NULL,4,1,0,1,50
202000037020,29,5,2020,08:20:00,1,35,35238,2,1,1,3,"BEL AIR (DE)","48,0937900"," -1,6461500",202000037020,154 677 300,B01,0,1,0,0,0,0,0,NULL,202000037020,154 677 301,A01,1,1,1,1,1989,1,1,0,-1,-1," -1",-1,202000037020,4,NULL,0,NULL,2,2,0,1,0,0,1,NULL,4,1,0,1,50
202000037060,29,5,2020,13:17:00,1,75,75103,2,2,1,6,"RUE DE TURBIGO","48,8659130","2,3581180",202000037060,154 677 237,A01,2,1,0,1,1,1,5,NULL,202000037060,154 677 237,A01,10,3,4,1,1942,5,0,-1,-1,4,3,1,202000037060,4,NULL,0,NULL,2,4,1,1,0,0,1,NULL," -1",1,-1,5,30
202000037060,29,5,2020,13:17:00,1,75,75103,2,2,1,6,"RUE DE TURBIGO","48,8659130","2,3581180",202000037060,154 677 237,A01,2,1,0,1,1,1,5,NULL,202000037060,154 677 237,A01,1,1,1,1,1992,1,2,8,-1,0,0,-1,202000037060,4,NULL,0,NULL,2,4,1,1,0,0,1,NULL," -1",1,-1,5,30
202000037077,29,5,2020,13:45:00,1,92,92048,2,2,7,1,"GARDES (ROUTE DES) N° 5 A 51","48,8188276","2,2346566",202000037077,154 677 208,B01,2,1,0,2,1,2,5,NULL,202000037077,154 677 207,A01,1,1,1,1,1984,4,1,0,-1,-1," -1",-1,202000037077,3,181,0,NULL,2,1,0,2,0,0,1,NULL," -1",1,5,1,50
202000037077,29,5,2020,13:45:00,1,92,92048,2,2,7,1,"GARDES (ROUTE DES) N° 5 A 51","48,8188276","2,2346566",202000037077,154 677 208,B01,2,1,0,2,1,2,5,NULL,202000037077,154 677 208,B01,1,1,4,1,1994,5,8,0,-1,-1," -1",-1,202000037077,3,181,0,NULL,2,1,0,2,0,0,1,NULL," -1",1,5,1,50
202000037138,29,7,2020,09:05:00,1,18,18279,2,1,7,2,"PASTEUR ( RUE )","47,2202500","2,0825800",202000037138,154 677 099,A01,1,1,0,2,4,15,5,NULL,202000037138,154 677 099,A01,1,1,3,2,1994,1,8,0,-1,-1," -1",-1,202000037138,4,"PASTEUR ( RUE )",0,NULL,2,2,0,1,0,0,1,NULL," -1",1,0,1,50
202000037138,29,7,2020,09:05:00,1,18,18279,2,1,7,2,"PASTEUR ( RUE )","47,2202500","2,0825800",202000037138,154 677 099,A01,1,1,0,2,4,15,5,NULL,202000037138,154 677 100,B01,1,1,1,1,1959,-1,0,-1,-1,-1," -1",-1,202000037138,4,"PASTEUR ( RUE )",0,NULL,2,2,0,1,0,0,1,NULL," -1",1,0,1,50
202000039067,26,5,2020,08:20:00,1,69,69266,2,2,1,3,"POIZAT      (Rue)","45,7581800","4,8932900",202000039067,154 673 698,B01,1,1,0,2,7,1,5,NULL,202000039067,154 673 697,A01,1,1,1,2,1955,5,1,0,-1,-1," -1",-1,202000039067,4,"POIZAT      (Rue)",0,NULL,1,1,0,1,0,0,1,NULL," -1",1,0,1,50
202000039067,26,5,2020,08:20:00,1,69,69266,2,2,1,3,"POIZAT      (Rue)","45,7581800","4,8932900",202000039067,154 673 698,B01,1,1,0,2,7,1,5,NULL,202000039067,154 673 698,B01,1,1,3,2,1962,1,2,0,-1,-1," -1",-1,202000039067,4,"POIZAT      (Rue)",0,NULL,1,1,0,1,0,0,1,NULL," -1",1,0,1,50
202000040506,7,2,2020,07:47:00,2,63,63063,1,3,1,3,"VERTE (RUE)/rondeau","45,8382118","3,1224706",202000040506,154 671 168,B01,2,1,0,2,8,1,5,NULL,202000040506,154 671 168,B01,1,1,3,1,1979,1,8,0,-1,0,0,-1,202000040506,7,2,0,NULL,2,2,0,1,(1),(1),1,NULL," -1",1,0,1,50
202000040506,7,2,2020,07:47:00,2,63,63063,1,3,1,3,"VERTE (RUE)/rondeau","45,8382118","3,1224706",202000040506,154 671 168,B01,2,1,0,2,8,1,5,NULL,202000040506,154 671 169,A01,1,1,1,1,1962,1,1,0,-1,0,0,-1,202000040506,7,2,0,NULL,2,2,0,1,(1),(1),1,NULL," -1",1,0,1,50
202000042465,27,7,2020,20:00:00,1,93,93001,2,2,1,3,"WALDECK ROCHET (RUE)","48,9127114","2,3678284",202000042465,154 667 656,B01,0,1,0,2,7,1,5,NULL,202000042465,154 667 655,A01,1,1,1,1,1971,1,1,0,-1,-1," -1",-1,202000042465,4,NULL,0,NULL,2,0,0,1,0,0,1,NULL," -1",1,8,1,50
202000042465,27,7,2020,20:00:00,1,93,93001,2,2,1,3,"WALDECK ROCHET (RUE)","48,9127114","2,3678284",202000042465,154 667 656,B01,0,1,0,2,7,1,5,NULL,202000042465,154 667 656,B01,1,1,4,1,2000,0,8,0,-1,-1," -1",-1,202000042465,4,NULL,0,NULL,2,0,0,1,0,0,1,NULL," -1",1,8,1,50
202000043977,21,9,2020,19:10:00,2,75,75115,2,2,1,5,"RUE DE LA CONVENTION","48,8453460","2,2785690",202000043977,154 664 964,A01,1,1,0,2,1,1,5,NULL,202000043977,154 664 963,C01,1,1,1,1,1972,4,1,0,-1,0,0,-1,202000043977,4,NULL,0,NULL,2,4,3,1,0,0,1,NULL," -1",1,0,1,50
202000043977,21,9,2020,19:10:00,2,75,75115,2,2,1,5,"RUE DE LA CONVENTION","48,8453460","2,2785690",202000043977,154 664 964,A01,1,1,0,2,1,1,5,NULL,202000043977,154 664 964,A01,1,1,4,2,2003,9,8,0,-1,0,0,-1,202000043977,4,NULL,0,NULL,2,4,3,1,0,0,1,NULL," -1",1,0,1,50
202000043977,21,9,2020,19:10:00,2,75,75115,2,2,1,5,"RUE DE LA CONVENTION","48,8453460","2,2785690",202000043977,154 664 964,A01,1,1,0,2,1,1,5,NULL,202000043977,154 664 965,B01,1,1,1,1,1959,9,8,0,-1,0,0,-1,202000043977,4,NULL,0,NULL,2,4,3,1,0,0,1,NULL," -1",1,0,1,50
202000007595,20,7,2020,22:05:00,2,75,75114,2,5,1,3,"RUE D ALESIA","48,8305350","2,3192670",202000007595,154 728 880,Z01,1,1,0,2,1,1,5,NULL,202000007595,154 728 882,A01,1,1,4,2,1988,5,2,6,-1,0,0,-1,202000007595,4,NULL,0,NULL,2,4,0,1,0,0,1,NULL," -1",1,0,1,50
202000008532,24,11,2020,07:55:00,1,92,92036,2,3,1,3,"LOUIS ROCHE (AVENUE) (1/45)","48,9241600","2,3198030",202000008532,154 727 246,A01,1,1,0,2,3,15,5,NULL,202000008532,154 727 245,B01,1,1,4,1,1981,1,2,8,-1,-1," -1",-1,202000008532,3,20,0,NULL,2,2,0,1,0,0,1,NULL," -1",1,0,1,50
202000008532,24,11,2020,07:55:00,1,92,92036,2,3,1,3,"LOUIS ROCHE (AVENUE) (1/45)","48,9241600","2,3198030",202000008532,154 727 246,A01,1,1,0,2,3,15,5,NULL,202000008532,154 727 246,A01,1,1,4,1,1978,1,2,8,-1,-1," -1",-1,202000008532,3,20,0,NULL,2,2,0,1,0,0,1,NULL," -1",1,0,1,50
202000009037,3,3,2020,23:20:00,5,75,75113,2,2,1,7,"BOULEVARD VINCENT AURIOL","48,8345722","2,3673847",202000009037,154 726 371,A01,2,1,0,0,1,1,5,NULL,202000009037,154 726 371,A01,1,1,4,1,1970,9,8,0,-1,0,0,-1,202000009037,4,NULL,0,NULL,1,2,1,2,0,0,1,NULL," -1",1,0,5,30
202000010184,16,8,2020,07:50:00,1,86,86194,2,2,1,3,"Rue du Pont Saint Cyprien","46,5765460","0,3451129",202000010184,154 724 324,A01,1,1,0,2,8,1,5,NULL,202000010184,154 724 324,A01,1,1,3,1,1961,5,8,0,-1,-1," -1",-1,202000010184,4," Pont Saint-Cyprien",0,NULL,1,2,0,2,(1),(1),1,NULL," -1",1,0,1,50
202000010184,16,8,2020,07:50:00,1,86,86194,2,2,1,3,"Rue du Pont Saint Cyprien","46,5765460","0,3451129",202000010184,154 724 324,A01,1,1,0,2,8,1,5,NULL,202000010184,154 724 325,B01,1,1,1,1,1967,4,1,0,-1,-1," -1",-1,202000010184,4," Pont Saint-Cyprien",0,NULL,1,2,0,2,(1),(1),1,NULL," -1",1,0,1,50
202000010924,1,3,2020,20:55:00,1,92,92012,2,3,2,3,"SEVRES (RUE DE) 1/55 - 2/40","48,8319067","2,2381732",202000010924,154 723 064,B01,2,1,0,2,1,2,5,NULL,202000010924,154 723 063,A01,1,1,1,1,1993,4,1,4,-1,-1," -1",-1,202000010924,3,910,0,NULL,2,4,1,1,0,0,1,NULL," -1",2,0,1,50
202000010924,1,3,2020,20:55:00,1,92,92012,2,3,2,3,"SEVRES (RUE DE) 1/55 - 2/40","48,8319067","2,2381732",202000010924,154 723 064,B01,2,1,0,2,1,2,5,NULL,202000010924,154 723 064,B01,1,1,4,1,1955,5,8,0,-1,-1," -1",-1,202000010924,3,910,0,NULL,2,4,1,1,0,0,1,NULL," -1",2,0,1,50
202000011457,16,7,2020,09:30:00,1,75,75115,2,2,1,6,"PORT DE SUFFREN","48,8548260","2,2885480",202000011457,154 722 092,A01,1,1,9,0,3,15,5,NULL,202000011457,154 722 092,A01,1,1,4,2,1989,9,2,0,-1,0,0,-1,202000011457,4,NULL,0,NULL,3,2,0,1,0,0,1,NULL," -1",1,0,1,50
202000011850,13,8,2020,20:25:00,3,05,05023,1,1,3,2,"R N  94","44,9097300","6,6638300",202000011850,154 721 410,A01,2,1,0,2,1,1,5,NULL,202000011850,154 721 410,A01,1,1,4,1,1971,5,2,0,-1,0,0,-1,202000011850,2,94,0,NULL,2,2,0,1,163,95,1,NULL," -1",2,0,1,70
202000011850,13,8,2020,20:25:00,3,05,05023,1,1,3,2,"R N  94","44,9097300","6,6638300",202000011850,154 721 410,A01,2,1,0,2,1,1,5,NULL,202000011850,154 721 413,B01,1,1,1,1,1970,5,1,0,-1,0,0,-1,202000011850,2,94,0,NULL,2,2,0,1,163,95,1,NULL," -1",2,0,1,70
202000012328,16,12,2020,19:25:00,5,69,69387,2,1,1,-1,"GAMBETTA                            (CO)","45,7508200","4,8590700",202000012328,154 720 590,B01,0,1,0,1,0,0,5,NULL,202000012328,154 720 590,B01,10,3,4,1,1985,0,0,-1,-1,1,9,1,202000012328,4,"GAMBETTA                            (CO)",0,NULL,2,4,3,1,0,0,1,NULL," -1",1,0,1,50
202000012328,16,12,2020,19:25:00,5,69,69387,2,1,1,-1,"GAMBETTA                            (CO)","45,7508200","4,8590700",202000012328,154 720 590,B01,0,1,0,1,0,0,5,NULL,202000012328,154 720 590,B01,1,1,1,1,1983,9,8,0,-1,-1," -1",-1,202000012328,4,"GAMBETTA                            (CO)",0,NULL,2,4,3,1,0,0,1,NULL," -1",1,0,1,50
202000012328,16,12,2020,19:25:00,5,69,69387,2,1,1,-1,"GAMBETTA                            (CO)","45,7508200","4,8590700",202000012328,154 720 590,B01,0,1,0,1,0,0,5,NULL,202000012328,154 720 591,A01,10,3,4,1,1968,0,0,-1,-1,1,3,1,202000012328,4,"GAMBETTA                            (CO)",0,NULL,2,4,3,1,0,0,1,NULL," -1",1,0,1,50
202000012328,16,12,2020,19:25:00,5,69,69387,2,1,1,-1,"GAMBETTA                            (CO)","45,7508200","4,8590700",202000012328,154 720 590,B01,0,1,0,1,0,0,5,NULL,202000012328,154 720 591,A01,1,1,1,1,1990,0,8,0,-1,-1," -1",-1,202000012328,4,"GAMBETTA                            (CO)",0,NULL,2,4,3,1,0,0,1,NULL," -1",1,0,1,50
202000013615,16,6,2020,16:45:00,1,38,38124,1,1,1,-1,"Route de Bugnon","45,6034840","5,5488750",202000013615,154 718 337,B01,1,1,0,2,7,19,5,NULL,202000013615,154 718 336,A01,1,1,4,2,1978,1,8,-1,-1,0,0,-1,202000013615,3,82,-1,NULL,2,2,0,1,33,375,1,NULL," -1",1,0,1,80
202000013615,16,6,2020,16:45:00,1,38,38124,1,1,1,-1,"Route de Bugnon","45,6034840","5,5488750",202000013615,154 718 337,B01,1,1,0,2,7,19,5,NULL,202000013615,154 718 337,B01,1,1,3,2,2005,5,0,-1,-1,0,0,-1,202000013615,3,82,-1,NULL,2,2,0,1,33,375,1,NULL," -1",1,0,1,80
202000016554,4,5,2020,18:20:00,1,74,74131,2,1,7,1,"980 Route de Moisy","46,0225840","5,9252540",202000016554,154 713 145,B01,2,1,0,2,1,1,5,NULL,202000016554,154 713 144,A01,1,1,1,2,1969,1,1,-1,-1,0,0,-1,202000016554,4,NULL,0,NULL,2,2,0,2,(1),(1),3,NULL," -1",1,0,1,50
202000016554,4,5,2020,18:20:00,1,74,74131,2,1,7,1,"980 Route de Moisy","46,0225840","5,9252540",202000016554,154 713 145,B01,2,1,0,2,1,1,5,NULL,202000016554,154 713 145,B01,1,1,4,1,2010,5,0,-1,-1,0,0,-1,202000016554,4,NULL,0,NULL,2,2,0,2,(1),(1),3,NULL," -1",1,0,1,50
202000018992,22,2,2020,18:50:00,3,02,02650,1,1,1,3,Rocquigny,"50,0182901","3,9650361",202000018992,154 708 843,B01,1,1,0,2,3,1,5,NULL,202000018992,154 708 843,B01,1,1,4,1,1998,5,9,-1,-1,0,0,-1,202000018992,3,285,0,D,2,2,0,1,1,500,1,NULL,"5,5",1,0,1,80
202000020066,13,11,2020,14:50:00,1,75,75118,2,1,1,3,"RUE DES POISSONNIERS","48,8972340","2,3526840",202000020066,154 706 893,B01,2,1,0,2,7,1,5,NULL,202000020066,154 706 893,B01,1,1,4,1,1982,3,2,0,-1,0,0,-1,202000020066,4,NULL,0,NULL,2,2,0,1,0,0,1,NULL," -1",1,0,1,30
202000020066,13,11,2020,14:50:00,1,75,75118,2,1,1,3,"RUE DES POISSONNIERS","48,8972340","2,3526840",202000020066,154 706 893,B01,2,1,0,2,7,1,5,NULL,202000020066,154 706 894,A01,1,1,1,2,1993,1,1,0,-1,0,0,-1,202000020066,4,NULL,0,NULL,2,2,0,1,0,0,1,NULL," -1",1,0,1,30
202000020168,10,11,2020,16:40:00,1,49,49328,2,1,1,2,"SAINT LOUIS (RUE)","47,2565400"," -0,0850000",202000020168,154 706 722,A01,1,1,0,2,1,2,5,NULL,202000020168,154 706 721,B01,1,1,1,1,1981,0,1,0,-1,-1," -1",-1,202000020168,4,"SAINT LOUIS (RUE)",0,NULL,2,2,0,1,0,0,1,NULL," -1",1,0,1,50
202000020168,10,11,2020,16:40:00,1,49,49328,2,1,1,2,"SAINT LOUIS (RUE)","47,2565400"," -0,0850000",202000020168,154 706 722,A01,1,1,0,2,1,2,5,NULL,202000020168,154 706 722,A01,1,1,4,1,2007,2,2,0,-1,-1," -1",-1,202000020168,4,"SAINT LOUIS (RUE)",0,NULL,2,2,0,1,0,0,1,NULL," -1",1,0,1,50
202000021172,10,6,2020,10:28:00,1,75,75119,2,3,1,3,"AVENUE JEAN JAURES","48,8851710","2,3793630",202000021172,154 704 960,A01,1,1,0,2,7,13,5,NULL,202000021172,154 704 959,B01,1,1,1,1,1977,4,2,6,-1,0,0,-1,202000021172,4,NULL,0,NULL,1,1,0,1,0,0,1,NULL," -1",1,0,1,50
202000021172,10,6,2020,10:28:00,1,75,75119,2,3,1,3,"AVENUE JEAN JAURES","48,8851710","2,3793630",202000021172,154 704 960,A01,1,1,0,2,7,13,5,NULL,202000021172,154 704 960,A01,1,1,4,2,1997,5,8,0,-1,0,0,-1,202000021172,4,NULL,0,NULL,1,1,0,1,0,0,1,NULL," -1",1,0,1,50
202000023057,7,9,2020,08:10:00,1,92,92063,2,1,1,2,"DIX-HUIT JUIN 1940 (AVENUE DU) EST","48,8683400","2,1907600",202000023057,154 701 661,A01,2,1,0,2,1,2,5,NULL,202000023057,154 701 660,B01,1,1,1,2,1991,5,1,8,-1,-1," -1",-1,202000023057,3,39,0,NULL,2,3,0,2,0,0,1,NULL," -1",1,0,1,50
202000023057,7,9,2020,08:10:00,1,92,92063,2,1,1,2,"DIX-HUIT JUIN 1940 (AVENUE DU) EST","48,8683400","2,1907600",202000023057,154 701 661,A01,2,1,0,2,1,2,5,NULL,202000023057,154 701 661,A01,1,1,4,1,1987,5,8,0,-1,-1," -1",-1,202000023057,3,39,0,NULL,2,3,0,2,0,0,1,NULL," -1",1,0,1,50
202000023964,16,12,2020,07:44:00,5,37,37261,2,3,1,-1,"FROMENTEL (RUE)","47,3762646","0,6777758",202000023964,154 700 051,B01,1,1,0,2,7,1,5,NULL,202000023964,154 700 051,B01,1,1,4,2,2003,2,8,0,-1,-1," -1",-1,202000023964,4,NULL,0,NULL,2,2,0,1,(1),(1),1,NULL," -1",2,0,1,50
202000023964,16,12,2020,07:44:00,5,37,37261,2,3,1,-1,"FROMENTEL (RUE)","47,3762646","0,6777758",202000023964,154 700 051,B01,1,1,0,2,7,1,5,NULL,202000023964,154 700 052,A01,1,1,1,1,1988,1,1,0,-1,-1," -1",-1,202000023964,4,NULL,0,NULL,2,2,0,1,(1),(1),1,NULL," -1",2,0,1,50
202000024960,7,9,2020,17:55:00,1,75,75113,2,2,1,3,"BOULEVARD DE L HOPITAL","48,8331740","2,3566790",202000024960,154 698 315,A01,1,1,0,2,1,8,5,NULL,202000024960,154 698 314,B01,1,1,1,1,1984,4,1,8,-1,0,0,-1,202000024960,4,NULL,0,NULL,2,4,3,2,0,0,1,NULL," -1",1,-1,6,50
202000024960,7,9,2020,17:55:00,1,75,75113,2,2,1,3,"BOULEVARD DE L HOPITAL","48,8331740","2,3566790",202000024960,154 698 315,A01,1,1,0,2,1,8,5,NULL,202000024960,154 698 314,B01,2,2,1,1,1989,4,1,0,-1,0,0,-1,202000024960,4,NULL,0,NULL,2,4,3,2,0,0,1,NULL," -1",1,-1,6,50
202000024960,7,9,2020,17:55:00,1,75,75113,2,2,1,3,"BOULEVARD DE L HOPITAL","48,8331740","2,3566790",202000024960,154 698 315,A01,1,1,0,2,1,8,5,NULL,202000024960,154 698 315,A01,1,1,4,1,1992,1,2,0,-1,0,0,-1,202000024960,4,NULL,0,NULL,2,4,3,2,0,0,1,NULL," -1",1,-1,6,50
202000026546,10,2,2020,18:17:00,2,49,49007,2,1,1,3,"JOACHIM DU BELLAY","47,4667900"," -0,5427600",202000026546,154 695 544,B01,1,1,0,0,0,0,5,NULL,202000026546,154 695 544,B01,1,1,4,1,1956,0,8,0,-1,-1," -1",-1,202000026546,4,"JOACHIM DU BELLAY",0,NULL,2,2,0,1,0,0,1,NULL," -1",1,0,1,60
202000026546,10,2,2020,18:17:00,2,49,49007,2,1,1,3,"JOACHIM DU BELLAY","47,4667900"," -0,5427600",202000026546,154 695 544,B01,1,1,0,0,0,0,5,NULL,202000026546,154 695 545,A01,1,1,1,2,1969,0,1,8,-1,-1," -1",-1,202000026546,4,"JOACHIM DU BELLAY",0,NULL,2,2,0,1,0,0,1,NULL," -1",1,0,1,60
202000027132,5,8,2020,09:45:00,1,33,33529,2,1,1,1,"112 Boulevard de l'Ocean","44,6276400"," -1,2024100",202000027132,154 694 535,A01,1,1,0,2,1,21,5,NULL,202000027132,154 694 534,B01,1,1,3,2,1953,5,8,0,-1,-1," -1",-1,202000027132,3,218,0,NULL,2,4,2,1,4,860,1,NULL," -1",1,-1,5,30
202000027132,5,8,2020,09:45:00,1,33,33529,2,1,1,1,"112 Boulevard de l'Ocean","44,6276400"," -1,2024100",202000027132,154 694 535,A01,1,1,0,2,1,21,5,NULL,202000027132,154 694 535,A01,1,1,1,1,1967,0,8,0,-1,-1," -1",-1,202000027132,3,218,0,NULL,2,4,2,1,4,860,1,NULL," -1",1,-1,5,30
202000032458,15,2,2020,16:40:00,1,60,60151,1,1,1,6,D66,"49,4495236","2,8775340",202000032458,154 685 362,A01,3,1,12,0,7,1,5,NULL,202000032458,154 685 362,A01,1,1,4,1,1964,5,2,-1,-1,0,0,-1,202000032458,3,66,-1,NULL,2,2,0,1,5,300,3,NULL," -1",1,0,1,80
202000035726,11,1,2020,11:30:00,1,92,92035,2,1,1,3,"Général Leclerc ( avenue du )","48,9124000","2,2492400",202000035726,154 679 607,B01,2,1,1,0,3,1,5,NULL,202000035726,154 679 601,A01,1,1,1,1,1983,0,1,8,-1,-1,0,-1,202000035726,4,"Général Leclerc ( avenue du )",0,NULL,1,2,0,1,0,0,1,NULL," -1",1,0,3,50