Num_Acc,jour,mois,an,hrmn,lum,dep,com,agg,int,atm,col,adr,lat,long,Num_Acc,id_vehicule,num_veh,senc,catv,obs,obsm,choc,manv,motor,occutc,Num_Acc,id_vehicule,num_veh,place,catu,grav,sexe,an_nais,trajet,secu1,secu2,secu3,locp,actp,etatp,Num_Acc,catr,voie,v1,v2,circ,nbv,vosp,prof,pr,pr1,plan,lartpc,larrout,surf,infra,situ,vma
202000035726,11,1,2020,11:30:00,1,92,92035,2,1,1,3,"Général Leclerc ( avenue du )","48,9124000","2,2492400",202000035726,154 679 607,B01,2,1,1,0,3,1,5,NULL,202000035726,154 679 607,B01,1,1,4,1,1975,0,8,0,-1,-1,0,-1,202000035726,4,"Général Leclerc ( avenue du )",0,NULL,1,2,0,1,0,0,1,NULL," -1",1,0,3,50
202000037188,30,7,2020,21:30:00,2,94,94043,2,1,1,1,"GABRIEL PERI (R)","48,8064700","2,3459400",202000037188,154 677 019,B01,2,1,0,2,4,0,0,NULL,202000037188,154 677 018,A01,1,1,1,2,2000,0,1,0,-1,-1," -1",-1,202000037188,3,126,0,A,1,1,0,1,(1),(1),1,NULL," -1",1,0,1,50
202000037188,30,7,2020,21:30:00,2,94,94043,2,1,1,1,"GABRIEL PERI (R)","48,8064700","2,3459400",202000037188,154 677 019,B01,2,1,0,2,4,0,0,NULL,202000037188,154 677 019,B01,1,1,4,1,2011,0,8,0,-1,-1," -1",-1,202000037188,3,126,0,A,1,1,0,1,(1),(1),1,NULL," -1",1,0,1,50
202000037736,30,6,2020,16:35:00,1,33,33529,2,3,1,3,"FOIX (RUE GASTON) DU 38 ET +","44,6293200"," -1,1415100",202000037736,154 676 037,B01,2,1,0,2,1,16,5,NULL,202000037736,154 676 035,A01,1,1,4,2,2010,0,2,-1,-1,-1," -1",-1,202000037736,4,"FOIX (RUE GASTON) DU 38 ET +",0,NULL,1,3,2,1,(1),(1),1,NULL," -1",1,9,8,50
202000037736,30,6,2020,16:35:00,1,33,33529,2,3,1,3,"FOIX (RUE GASTON) DU 38 ET +","44,6293200"," -1,1415100",202000037736,154 676 035,A01,2,1,0,2,1,15,5,NULL,202000037736,154 676 035,A01,1,1,4,2,2010,0,2,-1,-1,-1," -1",-1,202000037736,4,"FOIX (RUE GASTON) DU 38 ET +",0,NULL,1,3,2,1,(1),(1),1,NULL," -1",1,9,8,50
202000037736,30,6,2020,16:35:00,1,33,33529,2,3,1,3,"FOIX (RUE GASTON) DU 38 ET +","44,6293200"," -1,1415100",202000037736,154 676 037,B01,2,1,0,2,1,16,5,NULL,202000037736,154 676 037,B01,1,1,4,2,1972,0,8,-1,-1,-1," -1",-1,202000037736,4,"FOIX (RUE GASTON) DU 38 ET +",0,NULL,1,3,2,1,(1),(1),1,NULL," -1",1,9,8,50
202000037736,30,6,2020,16:35:00,1,33,33529,2,3,1,3,"FOIX (RUE GASTON) DU 38 ET +","44,6293200"," -1,1415100",202000037736,154 676 035,A01,2,1,0,2,1,15,5,NULL,202000037736,154 676 037,B01,1,1,4,2,1972,0,8,-1,-1,-1," -1",-1,202000037736,4,"FOIX (RUE GASTON) DU 38 ET +",0,NULL,1,3,2,1,(1),(1),1,NULL," -1",1,9,8,50
202000038072,16,10,2020,08:30:00,1,49,49007,2,1,1,2,TOUCHERONDE,"47,4542700"," -0,5323600",202000038072,154 675 426,A01,1,1,0,2,1,1,5,NULL,202000038072,154 675 426,A01,1,1,3,2,1981,0,2,0,-1,-1," -1",-1,202000038072,4,NULL,0,NULL,-1,2,0,1,1,0,1,NULL," -1",1,0,1,50
202000038072,16,10,2020,08:30:00,1,49,49007,2,1,1,2,TOUCHERONDE,"47,4542700"," -0,5323600",202000038072,154 675 426,A01,1,1,0,2,1,1,5,NULL,202000038072,154 675 427,B01,1,1,1,1,1959,0,1,0,-1,-1," -1",-1,202000038072,4,NULL,0,NULL,-1,2,0,1,1,0,1,NULL," -1",1,0,1,50
202000039257,7,12,2020,19:20:00,5,75,75117,2,3,1,3,"BOULEVARD PEREIRE","48,8877650","2,3063100",202000039257,154 673 340,B01,1,1,0,2,2,1,5,NULL,202000039257,154 673 340,B01,1,1,4,1,1983,5,8,0,-1,0,0,-1,202000039257,4,NULL,0,NULL,1,1,0,1,0,0,1,NULL," -1",1,0,1,50
202000039257,7,12,2020,19:20:00,5,75,75117,2,3,1,3,"BOULEVARD PEREIRE","48,8877650","2,3063100",202000039257,154 673 340,B01,1,1,0,2,2,1,5,NULL,202000039257,154 673 341,A01,1,1,1,1,1960,1,1,0,-1,0,0,-1,202000039257,4,NULL,0,NULL,1,1,0,1,0,0,1,NULL," -1",1,0,1,50
202000040382,28,8,2020,12:35:00,1,29,29058,1,1,1,3,"D45 - Route de Beg-meil","47,8828880"," -4,0053270",202000040382,154 671 404,B01,1,1,0,2,1,1,5,NULL,202000040382,154 671 404,B01,1,1,3,1,1954,5,0,-1,-1,0,0,-1,202000040382,3,45,-1,NULL,2,2,1,1,7,950,1,NULL," -1",1,0,5,70
202000040382,28,8,2020,12:35:00,1,29,29058,1,1,1,3,"D45 - Route de Beg-meil","47,8828880"," -4,0053270",202000040382,154 671 404,B01,1,1,0,2,1,1,5,NULL,202000040382,154 671 405,A01,1,1,1,1,1984,1,1,-1,-1,0,0,-1,202000040382,3,45,-1,NULL,2,2,1,1,7,950,1,NULL," -1",1,0,5,70
202000040905,24,9,2020,08:35:00,1,75,75110,2,2,1,6,"BOULEVARD DE STRASBOURG","48,8710190","2,3552190",202000040905,154 670 473,A01,1,1,0,1,8,1,5,NULL,202000040905,154 670 473,A01,1,1,1,1,1976,1,2,0,-1,0,0,-1,202000040905,4,NULL,0,NULL,2,4,1,2,0,0,1,NULL," -1",1,-1,5,50
202000040905,24,9,2020,08:35:00,1,75,75110,2,2,1,6,"BOULEVARD DE STRASBOURG","48,8710190","2,3552190",202000040905,154 670 473,A01,1,1,0,1,8,1,5,NULL,202000040905,154 670 473,A01,10,3,4,2,1971,4,0,-1,-1,3,3,1,202000040905,4,NULL,0,NULL,2,4,1,2,0,0,1,NULL," -1",1,-1,5,50
202000043453,26,5,2020,09:20:00,1,29,29173,1,6,1,3,"Route de Douarnenez","48,0117810"," -4,1976030",202000043453,154 665 874,B01,2,1,0,2,1,1,5,NULL,202000043453,154 665 874,B01,1,1,3,2,1963,5,2,-1,-1,0,0,-1,202000043453,3,765,-1,NULL,1,1,0,1,62,500,1,NULL,3,1,5,1,80
202000043453,26,5,2020,09:20:00,1,29,29173,1,6,1,3,"Route de Douarnenez","48,0117810"," -4,1976030",202000043453,154 665 874,B01,2,1,0,2,1,1,5,NULL,202000043453,154 665 875,A01,1,1,1,2,1949,5,1,-1,-1,0,0,-1,202000043453,3,765,-1,NULL,1,1,0,1,62,500,1,NULL,3,1,5,1,80
202000044137,11,3,2020,16:30:00,1,38,38049,1,2,1,3,"Chemin de Chassagne","45,4058500","5,1877200",202000044137,154 664 679,B01,3,1,0,2,1,1,5,NULL,202000044137,154 664 679,B01,1,1,3,1,1943,5,2,-1,-1,0,0,-1,202000044137,4,NULL,0,NULL,2,2,0,1,(1),(1),1,NULL,4,1,0,1,50
202000044137,11,3,2020,16:30:00,1,38,38049,1,2,1,3,"Chemin de Chassagne","45,4058500","5,1877200",202000044137,154 664 679,B01,3,1,0,2,1,1,5,NULL,202000044137,154 664 680,A01,1,1,1,1,1933,0,1,-1,-1,0,0,-1,202000044137,4,NULL,0,NULL,2,2,0,1,(1),(1),1,NULL,4,1,0,1,50
202000044286,25,6,2020,11:20:00,1,42,42187,2,1,1,5,"Boulevard Edgar Quinet","46,0483455","4,0799055",202000044286,154 664 409,C01,1,1,0,2,4,26,6,NULL,202000044286,154 664 409,C01,1,1,3,1,1944,5,8,0,-1,-1," -1",-1,202000044286,4,NULL,0,NULL,2,2,0,1,(1),(1),1,NULL," -1",1,0,1,50
202000044286,25,6,2020,11:20:00,1,42,42187,2,1,1,5,"Boulevard Edgar Quinet","46,0483455","4,0799055",202000044286,154 664 409,C01,1,1,0,2,4,26,6,NULL,202000044286,154 664 411,D01,1,1,1,1,1947,9,8,0,-1,0,0,-1,202000044286,4,NULL,0,NULL,2,2,0,1,(1),(1),1,NULL," -1",1,0,1,50
202000044286,25,6,2020,11:20:00,1,42,42187,2,1,1,5,"Boulevard Edgar Quinet","46,0483455","4,0799055",202000044286,154 664 409,C01,1,1,0,2,4,26,6,NULL,202000044286,154 664 412,A01,1,1,1,1,1971,4,1,0,-1,-1," -1",-1,202000044286,4,NULL,0,NULL,2,2,0,1,(1),(1),1,NULL," -1",1,0,1,50
202000046382,24,6,2020,20:00:00,1,69,69256,2,1,7,1,"FERME (DE LA)                       (CH)","45,7867900","4,9138000",202000046382,154 660 730,B01,2,1,0,2,1,1,5,NULL,202000046382,154 660 730,B01,1,1,4,1,2008,5,8,0,-1,-1," -1",-1,202000046382,4,NULL,0,NULL,2,1,0,1,0,0,1,NULL," -1",1,0,1,50
202000046945,23,5,2020,10:25:00,1,2B,2B207,2,1,1,7,"Lotissement U San Petrone Folelli","42,4603320","9,5012430",202000046945,154 659 765,A01,3,1,12,0,0,14,5,NULL,202000046945,154 659 765,A01,1,1,4,1,1934,0,0,-1,-1,0,0,-1,202000046945,9,ZA,0,Z,2,2,0,1,0,0,2,NULL," -1",1,0,4,50
202000006646,25,11,2020,08:15:00,1,33,33529,2,1,1,3,"DE GAULLE (AVE CHARLES) 02 ET +","44,6371300"," -1,1276000",202000006646,154 730 565,B01,1,1,0,2,0,1,5,NULL,202000006646,154 730 565,B01,1,1,3,2,1960,1,8,-1,-1,-1," -1",-1,202000006646,3,650,0,NULL,2,2,1,1,15,110,1,NULL," -1",1,-1,5,50
202000006646,25,11,2020,08:15:00,1,33,33529,2,1,1,3,"DE GAULLE (AVE CHARLES) 02 ET +","44,6371300"," -1,1276000",202000006646,154 730 565,B01,1,1,0,2,0,1,5,NULL,202000006646,154 730 566,A01,1,1,1,1,1968,9,1,-1,-1,-1," -1",-1,202000006646,3,650,0,NULL,2,2,1,1,15,110,1,NULL," -1",1,-1,5,50
202000009150,13,9,2020,18:30:00,1,07,07102,1,6,1,3,"Chemin des MULETS","44,9278200","4,8596900",202000009150,154 726 155,B01,3,1,0,2,7,1,5,NULL,202000009150,154 726 155,B01,1,1,4,1,1970,0,2,0,-1,-1," -1",-1,202000009150,4,NULL,0,NULL,3,6,2,1,0,0,1,NULL," -1",1,0,1,80
202000009150,13,9,2020,18:30:00,1,07,07102,1,6,1,3,"Chemin des MULETS","44,9278200","4,8596900",202000009150,154 726 155,B01,3,1,0,2,7,1,5,NULL,202000009150,154 726 156,A01,1,1,1,2,1935,0,1,0,-1,-1," -1",-1,202000009150,4,NULL,0,NULL,3,6,2,1,0,0,1,NULL," -1",1,0,1,80
202000009453,19,7,2020,08:15:00,1,06,06079,2,4,1,3,"Avenue du Général de Gaulle","43,5316620","6,9481690",202000009453,154 725 625,B01,3,1,0,2,3,15,5,NULL,202000009453,154 725 625,B01,1,1,3,1,1949,5,2,-1,-1,0,0,-1,202000009453,3,D92,-1,NULL,2,2,1,1,0,1,3,NULL," -1",1,0,1,50
202000009453,19,7,2020,08:15:00,1,06,06079,2,4,1,3,"Avenue du Général de Gaulle","43,5316620","6,9481690",202000009453,154 725 625,B01,3,1,0,2,3,15,5,NULL,202000009453,154 725 626,A01,1,1,1,1,1965,5,1,-1,-1,0,0,-1,202000009453,3,D92,-1,NULL,2,2,1,1,0,1,3,NULL," -1",1,0,1,50
202000010129,18,8,2020,14:30:00,1,75,75115,2,2,1,3,"RUE BLOMET","48,8396520","2,2965310",202000010129,154 724 430,A01,1,1,0,2,1,1,5,NULL,202000010129,154 724 430,A01,1,1,4,1,1961,5,2,0,-1,0,0,-1,202000010129,4,NULL,0,NULL,1,1,0,1,0,0,1,NULL," -1",1,0,1,30
202000010129,18,8,2020,14:30:00,1,75,75115,2,2,1,3,"RUE BLOMET","48,8396520","2,2965310",202000010129,154 724 430,A01,1,1,0,2,1,1,5,NULL,202000010129,154 724 431,B01,1,1,1,2,1976,5,1,0,-1,0,0,-1,202000010129,4,NULL,0,NULL,1,1,0,1,0,0,1,NULL," -1",1,0,1,30
202000010617,13,5,2020,17:00:00,1,44,44162,2,6,1,3,"Boulevard du Massacre","47,2317865"," -1,5925070",202000010617,154 723 591,B01,1,1,0,2,7,1,5,NULL,202000010617,154 723 590,A01,1,1,1,2,1966,3,1,0,-1,-1," -1",-1,202000010617,4,NULL,0,NULL,1,0,0,1,(1),(1),3,NULL," -1",1,5,1,30
202000010617,13,5,2020,17:00:00,1,44,44162,2,6,1,3,"Boulevard du Massacre","47,2317865"," -1,5925070",202000010617,154 723 591,B01,1,1,0,2,7,1,5,NULL,202000010617,154 723 591,B01,1,1,4,1,1993,5,8,0,-1,-1," -1",-1,202000010617,4,NULL,0,NULL,1,0,0,1,(1),(1),3,NULL," -1",1,5,1,30
202000014377,10,11,2020,06:35:00,5,68,68297,2,1,1,3,"HUNINGUE ( RUE DE )","47,5860200","7,5610500",202000014377,154 717 035,A01,1,1,0,2,3,1,5,NULL,202000014377,154 717 035,A01,1,1,4,2,1965,1,8,0,-1,-1," -1",-1,202000014377,4,"HUNINGUE ( RUE DE )",0,NULL,2,2,0,2,0,0,1,NULL," -1",1,2,1,50
202000016026,23,12,2020,09:00:00,1,45,45234,2,2,8,1,"Boulevard de Chateaudun-rue de Loigny","47,9085900","1,8917800",202000016026,154 714 063,B01,1,1,0,2,1,15,5,NULL,202000016026,154 714 063,B01,1,1,4,1,1994,1,8,0,-1,-1," -1",-1,202000016026,4,NULL,0,NULL,4,3,0,1,(1),(1),1,NULL," -1",2,0,1,50
202000016026,23,12,2020,09:00:00,1,45,45234,2,2,8,1,"Boulevard de Chateaudun-rue de Loigny","47,9085900","1,8917800",202000016026,154 714 063,B01,1,1,0,2,1,15,5,NULL,202000016026,154 714 064,A01,1,1,1,1,1974,1,1,0,-1,-1," -1",-1,202000016026,4,NULL,0,NULL,4,3,0,1,(1),(1),1,NULL," -1",2,0,1,50
202000016512,2,5,2020,19:02:00,1,13,13206,2,2,1,3,"ARMENY (RUE D')","43,2911600","5,3806700",202000016512,154 713 210,A01,2,1,0,2,7,19,6,NULL,202000016512,154 713 210,A01,1,1,3,1,1960,0,8,8,-1,0,0,-1,202000016512,4,NULL,0,NULL,1,2,0,1,(1),(1),1,NULL," -1",1,0,1,50
202000016512,2,5,2020,19:02:00,1,13,13206,2,2,1,3,"ARMENY (RUE D')","43,2911600","5,3806700",202000016512,154 713 210,A01,2,1,0,2,7,19,6,NULL,202000016512,154 713 211,B01,1,1,1,1,1973,1,1,0,-1,-1,0,-1,202000016512,4,NULL,0,NULL,1,2,0,1,(1),(1),1,NULL," -1",1,0,1,50
202000017369,5,6,2020,19:30:00,1,65,65251,2,1,1,2,"PYRENEES  (AV DES)","43,2102000","0,0730000",202000017369,154 711 679,B01,2,1,0,2,4,1,5,NULL,202000017369,154 711 678,A01,1,1,1,2,1981,1,8,0,-1,-1," -1",-1,202000017369,3,"PYRENEES (RUE DES)",0,NULL,2,2,0,1,45,540,1,NULL," -1",1,0,1,50
202000017369,5,6,2020,19:30:00,1,65,65251,2,1,1,2,"PYRENEES  (AV DES)","43,2102000","0,0730000",202000017369,154 711 679,B01,2,1,0,2,4,1,5,NULL,202000017369,154 711 679,B01,1,1,4,1,2003,5,8,0,-1,-1," -1",-1,202000017369,3,"PYRENEES (RUE DES)",0,NULL,2,2,0,1,45,540,1,NULL," -1",1,0,1,50
202000018142,15,11,2020,11:40:00,1,33,33167,2,6,9,3,"AVE DU PDT FRANCOIS MITTERRAND","44,8430300"," -0,5114800",202000018142,154 710 314,A01,2,1,0,2,1,1,5,NULL,202000018142,154 710 313,B01,1,1,1,2,1994,9,1,-1,-1,-1," -1",-1,202000018142,4,"AVE DU PDT FRANCOIS MITTERRAND",0,NULL,2,2,0,2,(1),(1),1,NULL," -1",1,0,1,30
202000018142,15,11,2020,11:40:00,1,33,33167,2,6,9,3,"AVE DU PDT FRANCOIS MITTERRAND","44,8430300"," -0,5114800",202000018142,154 710 314,A01,2,1,0,2,1,1,5,NULL,202000018142,154 710 314,A01,1,1,4,1,1976,9,2,-1,-1,-1," -1",-1,202000018142,4,"AVE DU PDT FRANCOIS MITTERRAND",0,NULL,2,2,0,2,(1),(1),1,NULL," -1",1,0,1,30
202000020043,30,10,2020,06:15:00,5,33,33318,2,8,1,1,"AVE PEY BERLAND","44,8008900"," -0,6087600",202000020043,154 706 935,A01,0,1,0,4,1,1,5,NULL,202000020043,154 706 934,B01,1,1,1,1,1966,4,8,-1,-1,-1," -1",-1,202000020043,4,"AVE PEY BERLAND",0,NULL,2,2,1,2,(1),(1),1,NULL," -1",1,5,6,50
202000020043,30,10,2020,06:15:00,5,33,33318,2,8,1,1,"AVE PEY BERLAND","44,8008900"," -0,6087600",202000020043,154 706 935,A01,0,1,0,4,1,1,5,NULL,202000020043,154 706 935,A01,1,1,4,1,1997,1,8,-1,-1,-1," -1",-1,202000020043,4,"AVE PEY BERLAND",0,NULL,2,2,1,2,(1),(1),1,NULL," -1",1,5,6,50
202000021151,10,9,2020,17:00:00,1,65,65171,1,2,1,3,D618,"42,8210760","0,4172550",202000021151,154 704 998,A01,2,1,0,2,1,14,5,NULL,202000021151,154 704 997,B01,1,1,1,1,1966,9,1,-1,-1,0,0,-1,202000021151,3,618,-1,NULL,2,2,0,2,11,710,1,NULL," -1",1,0,1,70
202000021151,10,9,2020,17:00:00,1,65,65171,1,2,1,3,D618,"42,8210760","0,4172550",202000021151,154 704 998,A01,2,1,0,2,1,14,5,NULL,202000021151,154 704 998,A01,1,1,3,1,1951,5,2,-1,-1,0,0,-1,202000021151,3,618,-1,NULL,2,2,0,2,11,710,1,NULL," -1",1,0,1,70
202000027505,14,2,2020,13:00:00,1,75,75108,2,3,1,2,"AVENUE DES CHAMPS ELYSEES","48,8710840","2,3035260",202000027505,154 693 900,B01,2,1,0,2,6,1,5,NULL,202000027505,154 693 900,B01,1,1,4,1,1991,9,2,0,-1,0,0,-1,202000027505,4,NULL,0,NULL,2,6,1,1,0,0,1,NULL,18,1,-1,5,50
202000027505,14,2,2020,13:00:00,1,75,75108,2,3,1,2,"AVENUE DES CHAMPS ELYSEES","48,8710840","2,3035260",202000027505,154 693 900,B01,2,1,0,2,6,1,5,NULL,202000027505,154 693 903,A01,1,1,1,1,1979,9,1,0,-1,0,0,-1,202000027505,4,NULL,0,NULL,2,6,1,1,0,0,1,NULL,18,1,-1,5,50
202000028483,17,2,2020,16:30:00,1,75,75112,2,1,1,3,"COURS DE VINCENNES","48,8475540","2,4018890",202000028483,154 692 154,B01,1,1,0,2,1,1,5,NULL,202000028483,154 692 153,A01,1,1,1,1,1976,1,8,0,-1,0,0,-1,202000028483,4,NULL,0,NULL,1,1,0,1,34,0,1,NULL," -1",1,0,1,30
202000028483,17,2,2020,16:30:00,1,75,75112,2,1,1,3,"COURS DE VINCENNES","48,8475540","2,4018890",202000028483,154 692 154,B01,1,1,0,2,1,1,5,NULL,202000028483,154 692 154,B01,1,1,4,1,1985,1,2,0,-1,0,0,-1,202000028483,4,NULL,0,NULL,1,1,0,1,34,0,1,NULL," -1",1,0,1,30
202000033741,11,12,2020,09:30:00,1,75,75113,2,3,1,6,"BOULEVARD DU GENERAL JEAN SIMON","48,8240180","2,3770060",202000033741,154 683 134,A01,1,1,0,1,1,1,5,NULL,202000033741,154 683 134,A01,10,3,4,2,1957,1,0,-1,-1,4,3,1,202000033741,4,NULL,0,NULL,-1,6,1,4,0,0,1,NULL," -1",2,0,1,50
202000033741,11,12,2020,09:30:00,1,75,75113,2,3,1,6,"BOULEVARD DU GENERAL JEAN SIMON","48,8240180","2,3770060",202000033741,154 683 134,A01,1,1,0,1,1,1,5,NULL,202000033741,154 683 134,A01,1,1,1,1,1981,1,2,0,-1,0,0,-1,202000033741,4,NULL,0,NULL,-1,6,1,4,0,0,1,NULL," -1",2,0,1,50
202000034624,3,9,2020,18:20:00,2,38,38173,1,1,1,6,D1091,"45,0407300","6,1244900",202000034624,154 681 585,A01,1,1,3,0,1,1,5,NULL,202000034624,154 681 585,A01,1,1,4,1,1988,5,2,-1,-1,0,0,-1,202000034624,3,1091,0,NULL,2,2,0,2,44,500,3,NULL," -1",1,0,3,80
202000035087,29,7,2020,19:49:00,1,56,56121,2,6,1,3,"FAOUEDIC ( AVE DU )","47,7477000"," -3,3651000",202000035087,154 680 757,A01,2,1,0,2,1,9,1,NULL,202000035087,154 680 756,B01,1,1,1,1,1963,4,1,8,-1,-1," -1",-1,202000035087,4,"FAOUEDIC ( AVE DU )",0,NULL,2,4,3,1,0,0,1,NULL," -1",1,5,6,50
202000035087,29,7,2020,19:49:00,1,56,56121,2,6,1,3,"FAOUEDIC ( AVE DU )","47,7477000"," -3,3651000",202000035087,154 680 757,A01,2,1,0,2,1,9,1,NULL,202000035087,154 680 757,A01,1,1,4,1,2000,5,2,8,-1,-1," -1",-1,202000035087,4,"FAOUEDIC ( AVE DU )",0,NULL,2,4,3,1,0,0,1,NULL," -1",1,5,6,50
202000038965,28,5,2020,17:30:00,1,75,75108,2,5,1,3,"RUE D AMSTERDAM","48,8778490","2,3269650",202000038965,154 673 874,A01,2,1,0,2,1,5,5,NULL,202000038965,154 673 873,B01,1,1,4,1,1975,1,2,6,-1,0,0,-1,202000038965,4,NULL,0,NULL,1,1,0,2,0,0,1,NULL," -1",1,0,1,50
202000038965,28,5,2020,17:30:00,1,75,75108,2,5,1,3,"RUE D AMSTERDAM","48,8778490","2,3269650",202000038965,154 673 874,A01,2,1,0,2,1,5,5,NULL,202000038965,154 673 874,A01,1,1,4,1,1993,1,8,0,-1,0,0,-1,202000038965,4,NULL,0,NULL,1,1,0,2,0,0,1,NULL," -1",1,0,1,50
202000040613,7,2,2020,19:20:00,5,75,75101,2,1,1,3,"BOULEVARD DE SEBASTOPOL","48,8621520","2,3502420",202000040613,154 670 981,A01,1,1,1,2,8,1,5,NULL,202000040613,154 670 980,B01,1,1,1,1,1999,9,1,0,-1,0,0,-1,202000040613,4,NULL,0,NULL,1,4,1,1,58,0,1,NULL," -1",1,-1,5,50
202000040613,7,2,2020,19:20:00,5,75,75101,2,1,1,3,"BOULEVARD DE SEBASTOPOL","48,8621520","2,3502420",202000040613,154 670 981,A01,1,1,1,2,8,1,5,NULL,202000040613,154 670 981,A01,1,1,4,1,1988,9,2,8,-1,0,0,-1,202000040613,4,NULL,0,NULL,1,4,1,1,58,0,1,NULL," -1",1,-1,5,50
202000041298,26,7,2020,08:05:00,1,83,83069,2,1,7,3,"Route de l’Almanarre","43,0907780","6,1293460",202000041298,154 669 776,B01,1,1,0,0,0,2,0,NULL,202000041298,154 669 774,A01,1,1,1,1,1950,0,1,0,-1,-1," -1",-1,202000041298,3,"ALMANARRE (ROUTE DE L')",0,NULL,-1,0,0,1,47,150,1,NULL," -1",1,9,8,50
202000041298,26,7,2020,08:05:00,1,83,83069,2,1,7,3,"Route de l’Almanarre","43,0907780","6,1293460",202000041298,154 669 776,B01,1,1,0,0,0,2,0,NULL,202000041298,154 669 776,B01,1,1,3,2,1983,5,8,0,-1,-1," -1",-1,202000041298,3,"ALMANARRE (ROUTE DE L')",0,NULL,-1,0,0,1,47,150,1,NULL," -1",1,9,8,50
202000041407,26,5,2020,11:20:00,1,13,13001,2,9,1,-1,"BLUM LEON (AV)","43,5238000","5,4295640",202000041407,154 669 569,B01,1,1,1,0,1,16,5,NULL,202000041407,154 669 569,B01,1,1,4,1,1972,5,8,0,-1,-1," -1",-1,202000041407,4,"BLUM LEON (AV)",0,NULL,2,8,0,2,0,0,3,NULL," -1",1,0,1,50
202000041407,26,5,2020,11:20:00,1,13,13001,2,9,1,-1,"BLUM LEON (AV)","43,5238000","5,4295640",202000041407,154 669 569,B01,1,1,1,0,1,16,5,NULL,202000041407,154 669 570,A01,1,1,1,2,1969,4,8,0,-1,-1," -1",-1,202000041407,4,"BLUM LEON (AV)",0,NULL,2,8,0,2,0,0,3,NULL," -1",1,0,1,50
202000041506,25,5,2020,09:15:00,1,974,97411,2,6,1,3,"JAURES (BOULEVARD JEAN)"," -20,9009000","55,4968000",202000041506,154 669 392,B01,3,1,0,2,8,1,0,NULL,202000041506,154 669 391,A01,1,1,1,2,1983,4,1,8,-1,-1," -1",-1,202000041506,4,"JAURES (BOULEVARD JEAN)",0,NULL,4,1,1,1,0,0,1,NULL," -1",1,9,5,50
202000041506,25,5,2020,09:15:00,1,974,97411,2,6,1,3,"JAURES (BOULEVARD JEAN)"," -20,9009000","55,4968000",202000041506,154 669 392,B01,3,1,0,2,8,1,0,NULL,202000041506,154 669 392,B01,1,1,4,2,1962,0,2,0,-1,-1," -1",-1,202000041506,4,"JAURES (BOULEVARD JEAN)",0,NULL,4,1,1,1,0,0,1,NULL," -1",1,9,5,50
202000042016,28,8,2020,09:40:00,1,92,92044,2,2,8,3,"VIC. HUGO(RUE)091A113 ET 112A146","48,8982796","2,2943402",202000042016,154 668 490,A01,1,1,0,2,7,15,5,NULL,202000042016,154 668 489,B01,1,1,3,1,1966,1,2,0,-1,-1," -1",-1,202000042016,3,909,0,NULL,2,4,1,1,0,0,1,NULL," -1",1,0,1,50
202000042016,28,8,2020,09:40:00,1,92,92044,2,2,8,3,"VIC. HUGO(RUE)091A113 ET 112A146","48,8982796","2,2943402",202000042016,154 668 490,A01,1,1,0,2,7,15,5,NULL,202000042016,154 668 490,A01,1,1,3,2,1995,1,8,0,-1,-1," -1",-1,202000042016,3,909,0,NULL,2,4,1,1,0,0,1,NULL," -1",1,0,1,50
202000042035,29,8,2020,10:39:00,1,82,82134,2,2,1,1,"2 RUE DU TEMPLE","44,0753570","1,5211210",202000042035,154 668 452,B01,3,1,0,2,7,17,5,NULL,202000042035,154 668 452,B01,1,1,3,1,1943,5,0,-1,-1,0,0,-1,202000042035,4,NULL,-1,NULL,1,1,0,1,(1),(1),1,NULL," -1",1,0,1,50
202000042035,29,8,2020,10:39:00,1,82,82134,2,2,1,1,"2 RUE DU TEMPLE","44,0753570","1,5211210",202000042035,154 668 452,B01,3,1,0,2,7,17,5,NULL,202000042035,154 668 453,A01,1,1,1,2,2000,5,1,-1,-1,0,0,-1,202000042035,4,NULL,-1,NULL,1,1,0,1,(1),(1),1,NULL," -1",1,0,1,50
202000042191,11,3,2020,05:55:00,5,33,33318,2,3,2,3,"Rue Antoine Becquerel / A630 Pessac -E14-","44,7894000"," -0,6480000",202000042191,154 668 165,B01,1,1,0,2,1,1,5,NULL,202000042191,154 668 164,A01,1,1,1,2,1962,0,8,-1,-1,-1," -1",-1,202000042191,1,A630,0,NULL,3,3,0,1,22,890,1,NULL," -1",2,3,8,50
202000042191,11,3,2020,05:55:00,5,33,33318,2,3,2,3,"Rue Antoine Becquerel / A630 Pessac -E14-","44,7894000"," -0,6480000",202000042191,154 668 165,B01,1,1,0,2,1,1,5,NULL,202000042191,154 668 165,B01,1,1,4,1,1986,0,8,-1,-1,-1," -1",-1,202000042191,1,A630,0,NULL,3,3,0,1,22,890,1,NULL," -1",2,3,8,50
202000042480,23,9,2020,10:05:00,1,45,45234,2,1,1,3,"Place du General de Gaulle","47,9011900","1,9020400",202000042480,154 667 628,B01,3,1,0,2,7,1,0,NULL,202000042480,154 667 628,B01,1,1,4,1,2016,5,2,0,-1,-1," -1",-1,202000042480,4,"GENERAL DE GAULLE (PLACE DU )",0,NULL,-1,0,0,1,(1),(1),1,NULL," -1",1,6,4,50