Num_Acc,jour,mois,an,hrmn,lum,dep,com,agg,int,atm,col,adr,lat,long,Num_Acc,id_vehicule,num_veh,senc,catv,obs,obsm,choc,manv,motor,occutc,Num_Acc,id_vehicule,num_veh,place,catu,grav,sexe,an_nais,trajet,secu1,secu2,secu3,locp,actp,etatp,Num_Acc,catr,voie,v1,v2,circ,nbv,vosp,prof,pr,pr1,plan,lartpc,larrout,surf,infra,situ,vma
202000042480,23,9,2020,10:05:00,1,45,45234,2,1,1,3,"Place du General de Gaulle","47,9011900","1,9020400",202000042480,154 667 628,B01,3,1,0,2,7,1,0,NULL,202000042480,154 667 629,A01,1,1,1,1,1991,4,1,0,-1,-1," -1",-1,202000042480,4,"GENERAL DE GAULLE (PLACE DU )",0,NULL,-1,0,0,1,(1),(1),1,NULL," -1",1,6,4,50
202000044017,22,9,2020,09:55:00,1,92,92040,2,2,1,1,"JULES GUESDES","48,8195463","2,2789176",202000044017,154 664 893,B01,2,1,0,2,1,1,5,NULL,202000044017,154 664 893,B01,1,1,4,2,1967,0,2,0,-1,-1," -1",-1,202000044017,3,71,0,NULL,2,2,0,1,0,0,1,NULL," -1",1,0,1,50
202000044017,22,9,2020,09:55:00,1,92,92040,2,2,1,1,"JULES GUESDES","48,8195463","2,2789176",202000044017,154 664 893,B01,2,1,0,2,1,1,5,NULL,202000044017,154 664 894,A01,1,1,1,1,1981,0,1,0,-1,-1," -1",-1,202000044017,3,71,0,NULL,2,2,0,1,0,0,1,NULL," -1",1,0,1,50
202000044369,26,6,2020,12:20:00,1,75,75101,2,3,1,3,"RUE DU CYGNE","48,8629130","2,3506900",202000044369,154 664 249,B01,1,1,0,2,1,1,5,NULL,202000044369,154 664 249,B01,1,1,4,1,1982,1,8,0,-1,0,0,-1,202000044369,4,NULL,0,NULL,1,3,1,1,0,0,1,NULL," -1",1,-1,5,50
202000044369,26,6,2020,12:20:00,1,75,75101,2,3,1,3,"RUE DU CYGNE","48,8629130","2,3506900",202000044369,154 664 249,B01,1,1,0,2,1,1,5,NULL,202000044369,154 664 250,A01,1,1,1,1,1974,4,1,0,-1,0,0,-1,202000044369,4,NULL,0,NULL,1,3,1,1,0,0,1,NULL," -1",1,-1,5,50
202000045306,24,5,2020,17:45:00,1,42,42153,1,1,1,7,"Chemin Patiras","45,9518694","4,1856452",202000045306,154 662 607,A01,3,1,0,0,0,1,5,NULL,202000045306,154 662 607,A01,1,1,3,2,1953,5,0,-1,-1,0,0,-1,202000045306,4,NULL,-1,NULL,2,1,0,2,(1),(1),1,NULL,4,1,0,1,80
202000045478,21,10,2020,11:20:00,1,75,75117,2,1,1,1,"RUE DE TILSITT","48,8752740","2,2954430",202000045478,154 662 327,B01,2,1,0,2,1,1,5,NULL,202000045478,154 662 326,A01,1,1,1,1,1991,1,2,0,-1,0,0,-1,202000045478,4,NULL,0,NULL,2,2,1,1,0,0,1,NULL," -1",1,-1,5,30
202000045478,21,10,2020,11:20:00,1,75,75117,2,1,1,1,"RUE DE TILSITT","48,8752740","2,2954430",202000045478,154 662 326,A01,1,1,12,2,1,13,5,NULL,202000045478,154 662 326,A01,1,1,1,1,1991,1,2,0,-1,0,0,-1,202000045478,4,NULL,0,NULL,2,2,1,1,0,0,1,NULL," -1",1,-1,5,30
202000045478,21,10,2020,11:20:00,1,75,75117,2,1,1,1,"RUE DE TILSITT","48,8752740","2,2954430",202000045478,154 662 327,B01,2,1,0,2,1,1,5,NULL,202000045478,154 662 327,B01,1,1,4,2,2001,1,2,0,-1,0,0,-1,202000045478,4,NULL,0,NULL,2,2,1,1,0,0,1,NULL," -1",1,-1,5,30
202000045478,21,10,2020,11:20:00,1,75,75117,2,1,1,1,"RUE DE TILSITT","48,8752740","2,2954430",202000045478,154 662 326,A01,1,1,12,2,1,13,5,NULL,202000045478,154 662 327,B01,1,1,4,2,2001,1,2,0,-1,0,0,-1,202000045478,4,NULL,0,NULL,2,2,1,1,0,0,1,NULL," -1",1,-1,5,30
202000045711,2,12,2020,15:10:00,1,22,22312,1,1,1,6,"Le Pont de Rance","48,3261900"," -2,0673660",202000045711,154 661 959,A01,3,1,0,5,1,1,5,NULL,202000045711,154 661 959,A01,1,1,4,1,1966,5,2,-1,-1,0,0,-1,202000045711,3,39,-1,NULL,2,2,0,1,3,(1),1,NULL," -1",1,2,1,90
202000047425,17,10,2020,15:30:00,1,47,47015,2,3,1,1,"RN 21","44,0653620","0,6497170",202000047425,154 658 923,B01,2,1,0,2,1,1,5,NULL,202000047425,154 658 920,A01,1,1,1,1,1948,5,1,-1,-1,0,0,-1,202000047425,2,21,-1,NULL,2,2,0,2,85,740,1,NULL," -1",1,0,1,50
202000047425,17,10,2020,15:30:00,1,47,47015,2,3,1,1,"RN 21","44,0653620","0,6497170",202000047425,154 658 923,B01,2,1,0,2,1,1,5,NULL,202000047425,154 658 923,B01,1,1,4,1,2006,5,2,6,9,0,0,-1,202000047425,2,21,-1,NULL,2,2,0,2,85,740,1,NULL," -1",1,0,1,50
202000047590,19,5,2020,18:50:00,1,56,56190,2,3,7,3,"Rue Jean-pierre Calloc'h","47,9717536"," -2,7402900",202000047590,154 658 640,B01,3,1,0,2,1,19,6,NULL,202000047590,154 658 636,A01,1,1,1,2,1959,5,1,-1,-1,0,0,-1,202000047590,3,11,0,NULL,3,2,0,2,14,295,1,NULL," -1",1,0,1,50
202000047590,19,5,2020,18:50:00,1,56,56190,2,3,7,3,"Rue Jean-pierre Calloc'h","47,9717536"," -2,7402900",202000047590,154 658 640,B01,3,1,0,2,1,19,6,NULL,202000047590,154 658 640,B01,1,1,3,1,2011,5,2,-1,-1,0,0,-1,202000047590,3,11,0,NULL,3,2,0,2,14,295,1,NULL," -1",1,0,1,50
202000006760,17,5,2020,12:10:00,1,75,75115,2,2,1,3,"RUE BRANCION","48,8347140","2,3051840",202000006760,154 730 368,B01,1,1,0,2,3,15,0,NULL,202000006760,154 730 368,B01,1,1,4,2,1972,5,2,0,-1,0,0,-1,202000006760,4,NULL,0,NULL,2,1,0,1,0,0,1,NULL," -1",1,-1,6,50
202000006760,17,5,2020,12:10:00,1,75,75115,2,2,1,3,"RUE BRANCION","48,8347140","2,3051840",202000006760,154 730 368,B01,1,1,0,2,3,15,0,NULL,202000006760,154 730 369,A01,1,1,1,1,1947,4,1,0,-1,0,0,-1,202000006760,4,NULL,0,NULL,2,1,0,1,0,0,1,NULL," -1",1,-1,6,50
202000007211,16,9,2020,19:05:00,1,75,75117,2,4,1,-1,"AVENUE DE LA GRANDE ARMEE","48,8752240","2,2909130",202000007211,154 729 577,A01,1,1,0,2,1,1,5,NULL,202000007211,154 729 576,B01,1,1,1,1,1964,9,1,8,-1,0,0,-1,202000007211,4,NULL,0,NULL,2,8,1,2,0,0,1,NULL," -1",1,-1,5,30
202000007211,16,9,2020,19:05:00,1,75,75117,2,4,1,-1,"AVENUE DE LA GRANDE ARMEE","48,8752240","2,2909130",202000007211,154 729 577,A01,1,1,0,2,1,1,5,NULL,202000007211,154 729 577,A01,1,1,4,1,1993,1,8,0,-1,0,0,-1,202000007211,4,NULL,0,NULL,2,8,1,2,0,0,1,NULL," -1",1,-1,5,30
202000007286,15,9,2020,20:15:00,5,33,33122,2,3,1,3,"61 Av Saint Jacques de Compostelle","44,7382300"," -0,6564900",202000007286,154 729 440,B01,1,1,0,2,1,1,5,NULL,202000007286,154 729 439,A01,1,1,1,2,1962,1,1,-1,-1,0,0,-1,202000007286,3,1010,-1,NULL,2,4,2,1,59,290,1,NULL," -1",1,0,1,50
202000007286,15,9,2020,20:15:00,5,33,33122,2,3,1,3,"61 Av Saint Jacques de Compostelle","44,7382300"," -0,6564900",202000007286,154 729 440,B01,1,1,0,2,1,1,5,NULL,202000007286,154 729 440,B01,1,1,4,1,1964,5,2,-1,-1,0,0,-1,202000007286,3,1010,-1,NULL,2,4,2,1,59,290,1,NULL," -1",1,0,1,50
202000010274,29,12,2020,20:08:00,5,75,75102,2,4,2,6,"RUE REAUMUR","48,8684680","2,3422400",202000010274,154 724 178,A01,1,1,8,0,0,13,5,NULL,202000010274,154 724 178,A01,1,1,4,1,1959,9,8,0,-1,0,0,-1,202000010274,4,NULL,0,NULL,1,3,1,1,0,0,1,NULL," -1",2,0,1,50
202000011394,17,7,2020,15:45:00,1,21,21231,2,9,1,3,"9 Rue Adolphe Diétrich","47,3333900","5,0307100",202000011394,154 722 206,B01,2,1,1,2,7,19,5,NULL,202000011394,154 722 205,A01,1,1,1,1,1995,0,1,0,-1,-1," -1",-1,202000011394,4,NULL,0,NULL,2,1,0,1,(1),(1),1,NULL," -1",1,0,1,50
202000011394,17,7,2020,15:45:00,1,21,21231,2,9,1,3,"9 Rue Adolphe Diétrich","47,3333900","5,0307100",202000011394,154 722 206,B01,2,1,1,2,7,19,5,NULL,202000011394,154 722 206,B01,1,1,4,1,2010,5,2,0,-1,-1," -1",-1,202000011394,4,NULL,0,NULL,2,1,0,1,(1),(1),1,NULL," -1",1,0,1,50
202000013031,28,2,2020,19:20:00,2,974,97408,2,4,2,3,"11 Rue de la Roche Glisse"," -20,9656137","55,3325753",202000013031,154 719 380,B01,3,1,0,2,7,1,0,NULL,202000013031,154 719 379,A01,1,1,1,1,1966,1,1,-1,-1,0,0,-1,202000013031,4,NULL,-1,NULL,2,1,0,2,0,0,3,NULL," -1",2,0,1,30
202000013031,28,2,2020,19:20:00,2,974,97408,2,4,2,3,"11 Rue de la Roche Glisse"," -20,9656137","55,3325753",202000013031,154 719 380,B01,3,1,0,2,7,1,0,NULL,202000013031,154 719 380,B01,1,1,3,1,2005,5,0,-1,-1,0,0,-1,202000013031,4,NULL,-1,NULL,2,1,0,2,0,0,3,NULL," -1",2,0,1,30
202000013760,14,8,2020,13:15:00,1,33,33249,2,1,1,2,"QUAI CARRIET","44,8841300"," -0,5302700",202000013760,154 718 078,A01,3,1,0,0,4,2,5,NULL,202000013760,154 718 078,A01,1,1,4,1,1956,0,8,-1,-1,-1," -1",-1,202000013760,4,"QUAI CARRIET",0,NULL,2,3,1,1,(1),(1),1,NULL," -1",1,0,1,30
202000015483,14,6,2020,10:45:00,1,34,34276,1,1,1,3,D1,"43,7748490","3,8676010",202000015483,154 715 057,A01,2,1,0,2,8,2,5,NULL,202000015483,154 715 056,B01,1,1,1,2,1974,5,1,-1,-1,0,0,-1,202000015483,3,1,-1,NULL,2,2,0,1,33,338,1,NULL,"5,5",1,0,1,-1
202000015483,14,6,2020,10:45:00,1,34,34276,1,1,1,3,D1,"43,7748490","3,8676010",202000015483,154 715 057,A01,2,1,0,2,8,2,5,NULL,202000015483,154 715 057,A01,1,1,4,1,1957,5,2,-1,-1,0,0,-1,202000015483,3,1,-1,NULL,2,2,0,1,33,338,1,NULL,"5,5",1,0,1,-1
202000015721,13,8,2020,20:00:00,1,15,15044,1,1,1,7,D3,"45,1389460","2,8265760",202000015721,154 714 635,A01,1,1,0,0,2,1,5,NULL,202000015721,154 714 635,A01,1,1,3,1,1982,5,2,-1,-1,0,0,-1,202000015721,3,3,-1,NULL,2,2,0,2,52,600,1,NULL," -1",1,0,1,90
202000015829,8,10,2020,01:35:00,5,86,86194,2,1,1,2,"Rue du Faubourg du Pont Neuf","46,5727680","0,3639710",202000015829,154 714 433,B01,3,1,0,2,0,1,5,NULL,202000015829,154 714 432,A01,1,1,1,1,2001,5,1,8,-1,-1," -1",-1,202000015829,4," du Faubourg du Pont Neuf",0,NULL,2,4,0,1,(1),(1),1,NULL," -1",1,2,1,50
202000015829,8,10,2020,01:35:00,5,86,86194,2,1,1,2,"Rue du Faubourg du Pont Neuf","46,5727680","0,3639710",202000015829,154 714 433,B01,3,1,0,2,0,1,5,NULL,202000015829,154 714 432,A01,2,2,1,1,2002,5,1,8,-1,-1," -1",-1,202000015829,4," du Faubourg du Pont Neuf",0,NULL,2,4,0,1,(1),(1),1,NULL," -1",1,2,1,50
202000015829,8,10,2020,01:35:00,5,86,86194,2,1,1,2,"Rue du Faubourg du Pont Neuf","46,5727680","0,3639710",202000015829,154 714 433,B01,3,1,0,2,0,1,5,NULL,202000015829,154 714 433,B01,1,1,4,2,2000,5,2,8,-1,-1," -1",-1,202000015829,4," du Faubourg du Pont Neuf",0,NULL,2,4,0,1,(1),(1),1,NULL," -1",1,2,1,50
202000016353,16,11,2020,17:55:00,5,75,75113,2,3,1,3,"BOULEVARD KELLERMANN","48,8209860","2,3506300",202000016353,154 713 473,B01,1,1,0,2,1,1,5,NULL,202000016353,154 713 472,A01,1,1,1,1,1965,9,1,0,-1,0,0,-1,202000016353,4,NULL,0,NULL,2,4,1,2,0,0,1,NULL," -1",1,-1,5,50
202000016353,16,11,2020,17:55:00,5,75,75113,2,3,1,3,"BOULEVARD KELLERMANN","48,8209860","2,3506300",202000016353,154 713 473,B01,1,1,0,2,1,1,5,NULL,202000016353,154 713 473,B01,1,1,4,2,1991,9,2,0,-1,0,0,-1,202000016353,4,NULL,0,NULL,2,4,1,2,0,0,1,NULL," -1",1,-1,5,50
202000017794,8,10,2020,14:15:00,1,94,94076,2,4,1,-1,"PARIS (AV DE)","48,8041900","2,3644900",202000017794,154 710 916,A01,2,1,8,0,2,21,0,NULL,202000017794,154 710 914,B01,1,1,1,1,1988,0,1,0,-1,-1," -1",-1,202000017794,3,7,0,NULL,-1,4,1,2,0,1,1,NULL," -1",1,0,1,50
202000017794,8,10,2020,14:15:00,1,94,94076,2,4,1,-1,"PARIS (AV DE)","48,8041900","2,3644900",202000017794,154 710 916,A01,2,1,8,0,2,21,0,NULL,202000017794,154 710 916,A01,1,1,3,1,1991,0,8,0,-1,-1," -1",-1,202000017794,3,7,0,NULL,-1,4,1,2,0,1,1,NULL," -1",1,0,1,50
202000022201,22,4,2020,08:10:00,1,69,69388,2,2,1,1,"AMBROISE PARE                       (BD)","45,7358700","4,8830400",202000022201,154 703 148,B01,1,1,0,2,4,1,0,NULL,202000022201,154 703 148,B01,1,1,4,1,1983,1,8,0,-1,-1,0,-1,202000022201,4,"AMBROISE PARE                       (BD)",0,NULL,2,4,1,1,1,0,1,NULL," -1",1,0,1,50
202000022201,22,4,2020,08:10:00,1,69,69388,2,2,1,1,"AMBROISE PARE                       (BD)","45,7358700","4,8830400",202000022201,154 703 148,B01,1,1,0,2,4,1,0,NULL,202000022201,154 703 149,A01,1,1,1,1,1996,1,1,0,-1,-1," -1",-1,202000022201,4,"AMBROISE PARE                       (BD)",0,NULL,2,4,1,1,1,0,1,NULL," -1",1,0,1,50
202000022889,18,2,2020,09:00:00,1,75,75116,2,1,1,1,"VOIE GEORGES POMPIDOU","48,8524430","2,2811810",202000022889,154 701 962,A01,2,1,0,2,1,13,5,NULL,202000022889,154 701 961,B01,1,1,4,2,1964,5,2,8,-1,0,0,-1,202000022889,4,NULL,0,NULL,1,1,1,1,0,0,1,NULL,3,1,-1,5,50
202000022889,18,2,2020,09:00:00,1,75,75116,2,1,1,1,"VOIE GEORGES POMPIDOU","48,8524430","2,2811810",202000022889,154 701 962,A01,2,1,0,2,1,13,5,NULL,202000022889,154 701 962,A01,1,1,1,1,1978,1,2,8,-1,0,0,-1,202000022889,4,NULL,0,NULL,1,1,1,1,0,0,1,NULL,3,1,-1,5,50
202000023110,8,8,2020,19:30:00,1,93,93031,2,1,1,3,"HALAGE (CHEMIN DU)","48,9507592","2,3141427",202000023110,154 701 567,A01,3,1,0,2,3,1,5,NULL,202000023110,154 701 567,A01,1,1,4,1,1985,0,8,0,-1,-1," -1",-1,202000023110,9,NULL,0,NULL,-1,1,0,1,1,0,1,NULL," -1",1,6,6,20
202000024195,7,4,2020,16:00:00,1,76,76351,2,1,1,3,"CAMILLE DESMOULINS","49,4780200","0,1412100",202000024195,154 699 680,B01,3,1,0,2,8,1,5,NULL,202000024195,154 699 680,B01,1,1,4,1,1947,5,2,8,-1,-1," -1",-1,202000024195,4,"CAMILLE DESMOULINS",0,NULL,2,2,0,1,0,0,1,NULL," -1",1,0,1,50
202000025185,6,8,2020,20:45:00,1,33,33009,2,1,1,7,"GOELANDS (AVE DES)","44,6572700"," -1,1941100",202000025185,154 697 908,A01,3,1,0,0,0,1,5,NULL,202000025185,154 697 908,A01,1,1,4,1,2013,5,2,-1,-1,-1," -1",-1,202000025185,9,"Piste cyclable",0,NULL,2,2,-1,1,(1),(1),1,NULL," -1",1,-1,5,30
202000028598,17,2,2020,07:20:00,3,35,35009,1,1,1,2,"15 Lieu Dit la Morinais","48,5079540"," -1,7408100",202000028598,154 691 959,B01,1,1,0,2,4,1,5,NULL,202000028598,154 691 958,A01,1,1,1,1,1973,1,1,-1,-1,0,0,-1,202000028598,3,795,-1,NULL,2,2,0,2,26,(1),1,NULL," -1",1,0,1,70
202000028598,17,2,2020,07:20:00,3,35,35009,1,1,1,2,"15 Lieu Dit la Morinais","48,5079540"," -1,7408100",202000028598,154 691 959,B01,1,1,0,2,4,1,5,NULL,202000028598,154 691 959,B01,1,1,3,2,1997,1,4,9,-1,0,0,-1,202000028598,3,795,-1,NULL,2,2,0,2,26,(1),1,NULL," -1",1,0,1,70
202000029551,1,10,2020,15:30:00,1,34,34172,2,2,1,3,"8 MAI 1945 (PLACE DU)","43,6008900","3,8681700",202000029551,154 690 316,B01,3,1,0,2,1,1,0,NULL,202000029551,154 690 316,B01,1,1,3,2,1951,0,8,0,-1,-1," -1",-1,202000029551,4,NULL,0,NULL,1,2,1,1,0,0,1,NULL," -1",1,0,5,50
202000029551,1,10,2020,15:30:00,1,34,34172,2,2,1,3,"8 MAI 1945 (PLACE DU)","43,6008900","3,8681700",202000029551,154 690 316,B01,3,1,0,2,1,1,0,NULL,202000029551,154 690 318,A01,1,1,1,1,1998,4,1,8,-1,-1," -1",-1,202000029551,4,NULL,0,NULL,1,2,1,1,0,0,1,NULL," -1",1,0,5,50
202000030940,5,9,2020,10:00:00,1,40,40142,1,1,1,2,"Route de Taller","43,8580260"," -1,0037740",202000030940,154 687 950,B01,2,1,0,2,4,1,5,NULL,202000030940,154 687 949,A01,1,1,1,1,1938,5,1,-1,-1,0,0,-1,202000030940,3,42,-1,NULL,2,2,0,1,12,500,1,NULL," -1",1,0,1,80
202000030940,5,9,2020,10:00:00,1,40,40142,1,1,1,2,"Route de Taller","43,8580260"," -1,0037740",202000030940,154 687 950,B01,2,1,0,2,4,1,5,NULL,202000030940,154 687 950,B01,1,1,3,1,1953,5,2,-1,-1,0,0,-1,202000030940,3,42,-1,NULL,2,2,0,1,12,500,1,NULL," -1",1,0,1,80
202000032603,13,2,2020,10:20:00,1,54,54323,2,3,1,2,"MERCY (RUE)","49,5235430","5,7644530",202000032603,154 685 123,B01,1,1,0,2,6,26,5,NULL,202000032603,154 685 123,B01,1,1,4,1,1986,5,8,0,-1,0,0,-1,202000032603,3,918,0,NULL,2,2,0,1,0,431,1,NULL," -1",1,0,1,50
202000035981,9,12,2020,09:20:00,1,75,75107,2,1,1,3,"RUE DE L UNIVERSITE","48,8581120","2,3268450",202000035981,154 679 153,B01,1,1,0,2,1,1,5,NULL,202000035981,154 679 152,A01,1,1,1,2,1971,1,1,0,-1,0,0,-1,202000035981,4,NULL,0,NULL,2,2,0,1,0,0,1,NULL," -1",1,8,1,30
202000035981,9,12,2020,09:20:00,1,75,75107,2,1,1,3,"RUE DE L UNIVERSITE","48,8581120","2,3268450",202000035981,154 679 153,B01,1,1,0,2,1,1,5,NULL,202000035981,154 679 153,B01,1,1,4,1,1965,1,8,0,-1,0,0,-1,202000035981,4,NULL,0,NULL,2,2,0,1,0,0,1,NULL," -1",1,8,1,30
202000036942,28,5,2020,20:04:00,1,69,69382,2,3,1,3,"BELLECOUR                           (PL)","45,7587800","4,8309000",202000036942,154 677 424,B01,2,1,0,2,8,1,5,NULL,202000036942,154 677 424,B01,1,1,4,2,1997,0,8,0,-1,-1," -1",-1,202000036942,4,"BELLECOUR                           (PL)",0,NULL,1,3,0,1,0,1,1,NULL," -1",1,0,5,50
202000036942,28,5,2020,20:04:00,1,69,69382,2,3,1,3,"BELLECOUR                           (PL)","45,7587800","4,8309000",202000036942,154 677 424,B01,2,1,0,2,8,1,5,NULL,202000036942,154 677 425,A01,1,1,1,1,1999,0,1,0,-1,-1," -1",-1,202000036942,4,"BELLECOUR                           (PL)",0,NULL,1,3,0,1,0,1,1,NULL," -1",1,0,5,50
202000037013,28,5,2020,14:57:00,1,49,49353,2,1,1,3,FOUCAUDIERE,"47,4578000"," -0,5148900",202000037013,154 677 314,B01,1,1,0,2,9,0,5,NULL,202000037013,154 677 314,B01,1,1,4,1,1984,5,8,0,-1,-1," -1",-1,202000037013,4,FOUCAUDIERE,0,NULL,2,2,0,1,0,0,1,NULL," -1",1,0,1,60
202000037013,28,5,2020,14:57:00,1,49,49353,2,1,1,3,FOUCAUDIERE,"47,4578000"," -0,5148900",202000037013,154 677 314,B01,1,1,0,2,9,0,5,NULL,202000037013,154 677 315,A01,1,1,1,1,1976,5,1,8,-1,-1," -1",-1,202000037013,4,FOUCAUDIERE,0,NULL,2,2,0,1,0,0,1,NULL," -1",1,0,1,60
202000039297,7,12,2020,10:20:00,1,92,92044,2,1,8,3,"CHARLES PASQUA (QUAI) 58 A90","48,9014756","2,2852421",202000039297,154 673 271,A01,2,1,0,2,3,13,0,NULL,202000039297,154 673 270,B01,1,1,4,2,1972,0,2,6,-1,-1," -1",-1,202000039297,3,7,0,NULL,2,2,0,1,0,0,1,NULL," -1",1,0,1,50
202000040796,21,9,2020,16:45:00,1,45,45004,2,1,1,2,"Rue Raymond Tellier","47,9734400","2,7683900",202000040796,154 670 649,B01,3,1,0,0,4,1,0,NULL,202000040796,154 670 648,A01,1,1,1,2,1988,0,1,0,-1,-1," -1",-1,202000040796,4,NULL,0,NULL,2,2,0,2,(1),(1),1,NULL," -1",1,0,1,30
202000040796,21,9,2020,16:45:00,1,45,45004,2,1,1,2,"Rue Raymond Tellier","47,9734400","2,7683900",202000040796,154 670 649,B01,3,1,0,0,4,1,0,NULL,202000040796,154 670 649,B01,1,1,4,2,1948,0,8,0,-1,-1," -1",-1,202000040796,4,NULL,0,NULL,2,2,0,2,(1),(1),1,NULL," -1",1,0,1,30
202000042338,9,3,2020,08:15:00,1,34,34172,2,1,1,-1,"ONZE NOVEMBRE (PLACE DU)","43,6145400","3,8831700",202000042338,154 667 887,C01,0,1,0,2,7,19,5,NULL,202000042338,154 667 886,B01,1,1,4,1,1971,0,8,0,-1,0,0,-1,202000042338,4,NULL,0,NULL,1,2,0,1,(1),(1),1,NULL," -1",1,0,1,50
202000042338,9,3,2020,08:15:00,1,34,34172,2,1,1,-1,"ONZE NOVEMBRE (PLACE DU)","43,6145400","3,8831700",202000042338,154 667 886,B01,0,1,0,2,7,19,5,NULL,202000042338,154 667 886,B01,1,1,4,1,1971,0,8,0,-1,0,0,-1,202000042338,4,NULL,0,NULL,1,2,0,1,(1),(1),1,NULL," -1",1,0,1,50
202000042338,9,3,2020,08:15:00,1,34,34172,2,1,1,-1,"ONZE NOVEMBRE (PLACE DU)","43,6145400","3,8831700",202000042338,154 667 887,C01,0,1,0,2,7,19,5,NULL,202000042338,154 667 887,C01,1,1,4,2,1974,0,8,0,-1,0,0,-1,202000042338,4,NULL,0,NULL,1,2,0,1,(1),(1),1,NULL," -1",1,0,1,50
202000042338,9,3,2020,08:15:00,1,34,34172,2,1,1,-1,"ONZE NOVEMBRE (PLACE DU)","43,6145400","3,8831700",202000042338,154 667 886,B01,0,1,0,2,7,19,5,NULL,202000042338,154 667 887,C01,1,1,4,2,1974,0,8,0,-1,0,0,-1,202000042338,4,NULL,0,NULL,1,2,0,1,(1),(1),1,NULL," -1",1,0,1,50
202000042338,9,3,2020,08:15:00,1,34,34172,2,1,1,-1,"ONZE NOVEMBRE (PLACE DU)","43,6145400","3,8831700",202000042338,154 667 887,C01,0,1,0,2,7,19,5,NULL,202000042338,154 667 888,A01,1,1,1,1,1961,0,1,0,-1,0,0,-1,202000042338,4,NULL,0,NULL,1,2,0,1,(1),(1),1,NULL," -1",1,0,1,50
202000042338,9,3,2020,08:15:00,1,34,34172,2,1,1,-1,"ONZE NOVEMBRE (PLACE DU)","43,6145400","3,8831700",202000042338,154 667 886,B01,0,1,0,2,7,19,5,NULL,202000042338,154 667 888,A01,1,1,1,1,1961,0,1,0,-1,0,0,-1,202000042338,4,NULL,0,NULL,1,2,0,1,(1),(1),1,NULL," -1",1,0,1,50
202000043759,4,12,2020,16:15:00,2,75,75105,2,3,2,6,"QUAI SAINT BERNARD","48,8468460","2,3609800",202000043759,154 665 342,A01,1,1,0,1,4,1,5,NULL,202000043759,154 665 342,A01,10,3,1,1,1999,9,0,-1,-1,2,1,1,202000043759,4,NULL,0,NULL,2,5,1,1,0,0,1,NULL," -1",2,-1,5,30
202000043759,4,12,2020,16:15:00,2,75,75105,2,3,2,6,"QUAI SAINT BERNARD","48,8468460","2,3609800",202000043759,154 665 342,A01,1,1,0,1,4,1,5,NULL,202000043759,154 665 342,A01,1,1,4,1,1951,5,2,0,-1,0,0,-1,202000043759,4,NULL,0,NULL,2,5,1,1,0,0,1,NULL," -1",2,-1,5,30
202000045751,28,11,2020,12:00:00,1,29,29066,1,1,1,2,"Ancienne Voie Ferrée","48,0432452"," -4,1880534",202000045751,154 661 896,A01,3,1,0,2,1,2,5,NULL,202000045751,154 661 895,B01,1,1,1,2,1952,5,2,4,-1,0,0,-1,202000045751,9,"Ancienne Voie Ferrée",0,NULL,2,1,3,1,(1),(1),1,NULL," -1",1,9,6,-1
202000045751,28,11,2020,12:00:00,1,29,29066,1,1,1,2,"Ancienne Voie Ferrée","48,0432452"," -4,1880534",202000045751,154 661 895,B01,3,1,0,0,4,2,5,NULL,202000045751,154 661 895,B01,1,1,1,2,1952,5,2,4,-1,0,0,-1,202000045751,9,"Ancienne Voie Ferrée",0,NULL,2,1,3,1,(1),(1),1,NULL," -1",1,9,6,-1
202000045751,28,11,2020,12:00:00,1,29,29066,1,1,1,2,"Ancienne Voie Ferrée","48,0432452"," -4,1880534",202000045751,154 661 896,A01,3,1,0,2,1,2,5,NULL,202000045751,154 661 896,A01,1,1,3,2,1943,5,2,-1,-1,0,0,-1,202000045751,9,"Ancienne Voie Ferrée",0,NULL,2,1,3,1,(1),(1),1,NULL," -1",1,9,6,-1
202000045751,28,11,2020,12:00:00,1,29,29066,1,1,1,2,"Ancienne Voie Ferrée","48,0432452"," -4,1880534",202000045751,154 661 895,B01,3,1,0,0,4,2,5,NULL,202000045751,154 661 896,A01,1,1,3,2,1943,5,2,-1,-1,0,0,-1,202000045751,9,"Ancienne Voie Ferrée",0,NULL,2,1,3,1,(1),(1),1,NULL," -1",1,9,6,-1
202000047410,3,12,2020,14:30:00,1,01,01027,1,3,1,3,"D84 PR : 002+450 CROISSANT/ rue du stade","45,8331950","5,1150370",202000047410,154 658 953,B01,2,1,0,2,8,19,5,NULL,202000047410,154 658 946,A01,2,2,1,1,1996,4,1,-1,-1,0,0,-1,202000047410,3,84,0,NULL,2,2,0,1,2,450,2,NULL," -1",1,9,1,80
202000047410,3,12,2020,14:30:00,1,01,01027,1,3,1,3,"D84 PR : 002+450 CROISSANT/ rue du stade","45,8331950","5,1150370",202000047410,154 658 953,B01,2,1,0,2,8,19,5,NULL,202000047410,154 658 946,A01,1,1,1,1,1985,4,1,-1,-1,0,0,-1,202000047410,3,84,0,NULL,2,2,0,1,2,450,2,NULL," -1",1,9,1,80