Num_Acc,jour,mois,an,hrmn,lum,dep,com,agg,int,atm,col,adr,lat,long,Num_Acc,id_vehicule,num_veh,senc,catv,obs,obsm,choc,manv,motor,occutc,Num_Acc,id_vehicule,num_veh,place,catu,grav,sexe,an_nais,trajet,secu1,secu2,secu3,locp,actp,etatp,Num_Acc,catr,voie,v1,v2,circ,nbv,vosp,prof,pr,pr1,plan,lartpc,larrout,surf,infra,situ,vma
202000047410,3,12,2020,14:30:00,1,01,01027,1,3,1,3,"D84 PR : 002+450 CROISSANT/ rue du stade","45,8331950","5,1150370",202000047410,154 658 953,B01,2,1,0,2,8,19,5,NULL,202000047410,154 658 953,B01,1,1,2,1,1943,5,2,-1,-1,0,0,-1,202000047410,3,84,0,NULL,2,2,0,1,2,450,2,NULL," -1",1,9,1,80
202000006553,26,11,2020,20:05:00,5,75,75113,2,1,1,6,"RUE DE DOMREMY","48,8287830","2,3701420",202000006553,154 730 722,A01,1,1,0,1,1,1,5,NULL,202000006553,154 730 722,A01,10,3,4,2,1978,3,0,-1,-1,2,3,1,202000006553,4,NULL,0,NULL,2,2,1,2,0,0,1,NULL," -1",1,-1,5,30
202000006553,26,11,2020,20:05:00,5,75,75113,2,1,1,6,"RUE DE DOMREMY","48,8287830","2,3701420",202000006553,154 730 722,A01,1,1,0,1,1,1,5,NULL,202000006553,154 730 722,A01,1,1,4,1,1994,4,2,0,-1,0,0,-1,202000006553,4,NULL,0,NULL,2,2,1,2,0,0,1,NULL," -1",1,-1,5,30
202000006566,25,11,2020,17:30:00,2,93,93032,2,1,1,1,"ABBESSES  (CHEMIN D'ACCES AUX)","48,8765163","2,5614912",202000006566,154 730 701,B01,1,1,0,2,1,10,0,NULL,202000006566,154 730 701,B01,1,1,4,1,2006,5,0,-1,-1,0,0,-1,202000006566,4,NULL,0,NULL,2,2,0,2,1,0,1,NULL," -1",1,0,1,50
202000006566,25,11,2020,17:30:00,2,93,93032,2,1,1,1,"ABBESSES  (CHEMIN D'ACCES AUX)","48,8765163","2,5614912",202000006566,154 730 701,B01,1,1,0,2,1,10,0,NULL,202000006566,154 730 702,A01,1,1,1,1,1969,1,1,0,-1,-1," -1",-1,202000006566,4,NULL,0,NULL,2,2,0,2,1,0,1,NULL," -1",1,0,1,50
202000009673,18,6,2020,20:20:00,1,75,75108,2,2,1,3,"RUE DE BASSANO","48,8713960","2,2999850",202000009673,154 725 249,A01,1,1,0,2,1,5,5,NULL,202000009673,154 725 249,A01,1,1,4,1,1965,9,8,0,-1,0,0,-1,202000009673,4,NULL,0,NULL,1,2,0,1,0,0,1,NULL," -1",1,0,1,50
202000009673,18,6,2020,20:20:00,1,75,75108,2,2,1,3,"RUE DE BASSANO","48,8713960","2,2999850",202000009673,154 725 249,A01,1,1,0,2,1,5,5,NULL,202000009673,154 725 250,B01,1,1,1,1,1967,1,1,0,-1,0,0,-1,202000009673,4,NULL,0,NULL,1,2,0,1,0,0,1,NULL," -1",1,0,1,50
202000010168,17,8,2020,10:15:00,1,69,69383,2,2,1,1,"LAFAYETTE                           (CO)","45,7635500","4,8449400",202000010168,154 724 350,B01,3,1,0,2,0,0,0,NULL,202000010168,154 724 350,B01,1,1,4,2,1983,0,2,-1,-1,-1," -1",-1,202000010168,4,"LAFAYETTE                           (CO)",0,NULL,1,2,3,1,0,0,1,NULL," -1",1,0,1,50
202000010168,17,8,2020,10:15:00,1,69,69383,2,2,1,1,"LAFAYETTE                           (CO)","45,7635500","4,8449400",202000010168,154 724 350,B01,3,1,0,2,0,0,0,NULL,202000010168,154 724 351,A01,1,1,1,1,1990,0,1,-1,-1,-1," -1",-1,202000010168,4,"LAFAYETTE                           (CO)",0,NULL,1,2,3,1,0,0,1,NULL," -1",1,0,1,50
202000011030,29,1,2020,10:30:00,1,60,60286,2,3,1,1,"Rue d'Amiens","49,6655520","1,9418600",202000011030,154 722 878,B01,2,1,0,2,0,2,5,NULL,202000011030,154 722 877,A01,1,1,1,1,1996,4,1,-1,-1,0,0,-1,202000011030,3,124,-1,NULL,2,2,0,1,15,600,1,NULL,"5,5",1,0,1,50
202000011030,29,1,2020,10:30:00,1,60,60286,2,3,1,1,"Rue d'Amiens","49,6655520","1,9418600",202000011030,154 722 878,B01,2,1,0,2,0,2,5,NULL,202000011030,154 722 878,B01,1,1,4,1,1950,5,2,-1,-1,0,0,-1,202000011030,3,124,-1,NULL,2,2,0,1,15,600,1,NULL,"5,5",1,0,1,50
202000011894,11,10,2020,09:30:00,1,92,92072,2,2,1,3,"VILLE D'AVRAY (RUE DE)","48,8260273","2,1982305",202000011894,154 721 336,A01,3,1,0,2,3,1,5,NULL,202000011894,154 721 335,B01,1,1,1,1,1972,5,8,0,-1,-1," -1",-1,202000011894,3,407,0,NULL,-1,2,0,2,0,0,1,NULL," -1",2,0,1,50
202000011894,11,10,2020,09:30:00,1,92,92072,2,2,1,3,"VILLE D'AVRAY (RUE DE)","48,8260273","2,1982305",202000011894,154 721 336,A01,3,1,0,2,3,1,5,NULL,202000011894,154 721 336,A01,1,1,4,2,2003,5,8,0,-1,-1," -1",-1,202000011894,3,407,0,NULL,-1,2,0,2,0,0,1,NULL," -1",2,0,1,50
202000015303,13,9,2020,09:15:00,1,74,74225,2,3,1,3,"Boulevard Louis Dagand (Pont)","45,8668390","5,9388240",202000015303,154 715 375,B01,0,1,0,2,7,1,5,NULL,202000015303,154 715 374,A01,1,1,1,1,1978,5,1,-1,-1,0,0,-1,202000015303,3,910,-1,NULL,2,2,0,1,6,650,1,NULL," -1",1,0,5,50
202000015303,13,9,2020,09:15:00,1,74,74225,2,3,1,3,"Boulevard Louis Dagand (Pont)","45,8668390","5,9388240",202000015303,154 715 375,B01,0,1,0,2,7,1,5,NULL,202000015303,154 715 375,B01,1,1,4,1,1949,5,2,-1,-1,0,0,-1,202000015303,3,910,-1,NULL,2,2,0,1,6,650,1,NULL," -1",1,0,5,50
202000015995,27,7,2020,22:55:00,5,94,94079,2,1,1,3,"GENERAL DE GAULLE (R DU)","48,8267200","2,5402200",202000015995,154 714 121,A01,3,1,0,2,1,13,5,NULL,202000015995,154 714 121,A01,1,1,4,1,1967,3,8,0,-1,-1," -1",-1,202000015995,4,"GENERAL DE GAULLE (R DU)",0,NULL,-1,0,0,1,0,0,1,NULL," -1",1,9,1,50
202000015995,27,7,2020,22:55:00,5,94,94079,2,1,1,3,"GENERAL DE GAULLE (R DU)","48,8267200","2,5402200",202000015995,154 714 121,A01,3,1,0,2,1,13,5,NULL,202000015995,154 714 122,B01,3,2,1,1,2003,5,1,0,-1,-1," -1",-1,202000015995,4,"GENERAL DE GAULLE (R DU)",0,NULL,-1,0,0,1,0,0,1,NULL," -1",1,9,1,50
202000015995,27,7,2020,22:55:00,5,94,94079,2,1,1,3,"GENERAL DE GAULLE (R DU)","48,8267200","2,5402200",202000015995,154 714 121,A01,3,1,0,2,1,13,5,NULL,202000015995,154 714 122,B01,1,1,1,2,2001,5,1,8,-1,-1," -1",-1,202000015995,4,"GENERAL DE GAULLE (R DU)",0,NULL,-1,0,0,1,0,0,1,NULL," -1",1,9,1,50
202000020263,26,4,2020,16:40:00,1,76,76481,2,1,1,6,"TOT (CHEMIN DU)","49,5541400","0,1109100",202000020263,154 706 559,A01,0,1,0,1,1,1,5,NULL,202000020263,154 706 559,A01,10,3,4,1,2002,5,0,-1,-1,1,1,3,202000020263,4,"TOT (CHEMIN DU)",0,NULL,2,2,0,1,0,0,2,NULL," -1",1,0,1,50
202000020263,26,4,2020,16:40:00,1,76,76481,2,1,1,6,"TOT (CHEMIN DU)","49,5541400","0,1109100",202000020263,154 706 559,A01,0,1,0,1,1,1,5,NULL,202000020263,154 706 559,A01,1,1,1,1,1997,5,8,0,-1,-1," -1",-1,202000020263,4,"TOT (CHEMIN DU)",0,NULL,2,2,0,1,0,0,2,NULL," -1",1,0,1,50
202000021177,10,6,2020,17:45:00,1,75,75101,2,3,1,6,"BOULEVARD DE SEBASTOPOL","48,8595310","2,3487850",202000021177,154 704 954,A01,1,1,1,0,1,1,5,NULL,202000021177,154 704 954,A01,1,1,4,1,1981,9,8,0,-1,0,0,-1,202000021177,4,NULL,0,NULL,1,4,1,1,0,0,1,NULL," -1",1,-1,5,50
202000024464,9,7,2020,07:22:00,1,75,75111,2,2,7,3,"BOULEVARD VOLTAIRE","48,8546850","2,3853300",202000024464,154 699 209,B01,2,1,0,2,8,1,5,NULL,202000024464,154 699 208,A01,1,1,1,2,1992,1,1,0,-1,0,0,-1,202000024464,4,NULL,0,NULL,2,3,1,1,0,0,1,NULL," -1",1,-1,5,50
202000024464,9,7,2020,07:22:00,1,75,75111,2,2,7,3,"BOULEVARD VOLTAIRE","48,8546850","2,3853300",202000024464,154 699 209,B01,2,1,0,2,8,1,5,NULL,202000024464,154 699 209,B01,1,1,4,2,1958,1,2,0,-1,0,0,-1,202000024464,4,NULL,0,NULL,2,3,1,1,0,0,1,NULL," -1",1,-1,5,50
202000027689,5,6,2020,17:50:00,1,75,75114,2,3,8,2,"RUE D ALESIA","48,8278390","2,3289510",202000027689,154 693 584,A01,2,1,0,2,1,1,5,NULL,202000027689,154 693 583,B01,1,1,1,1,1935,5,8,0,-1,0,0,-1,202000027689,4,NULL,0,NULL,2,3,3,1,0,0,1,NULL," -1",1,0,1,30
202000027689,5,6,2020,17:50:00,1,75,75114,2,3,8,2,"RUE D ALESIA","48,8278390","2,3289510",202000027689,154 693 584,A01,2,1,0,2,1,1,5,NULL,202000027689,154 693 584,A01,1,1,4,1,2002,5,8,0,-1,0,0,-1,202000027689,4,NULL,0,NULL,2,3,3,1,0,0,1,NULL," -1",1,0,1,30
202000027783,6,6,2020,10:20:00,1,49,49125,2,6,1,2,"boulevard charles de gaulle","47,1929930"," -0,2895280",202000027783,154 693 427,B01,0,1,0,0,4,26,0,NULL,202000027783,154 693 426,A01,9,2,1,1,2011,5,8,-1,-1,0,0,-1,202000027783,4,NULL,-1,NULL,-1,2,0,1,(1),(1),2,NULL,7,1,0,1,-1
202000027783,6,6,2020,10:20:00,1,49,49125,2,6,1,2,"boulevard charles de gaulle","47,1929930"," -0,2895280",202000027783,154 693 427,B01,0,1,0,0,4,26,0,NULL,202000027783,154 693 426,A01,1,1,1,2,1990,5,8,-1,-1,0,0,-1,202000027783,4,NULL,-1,NULL,-1,2,0,1,(1),(1),2,NULL,7,1,0,1,-1
202000027783,6,6,2020,10:20:00,1,49,49125,2,6,1,2,"boulevard charles de gaulle","47,1929930"," -0,2895280",202000027783,154 693 427,B01,0,1,0,0,4,26,0,NULL,202000027783,154 693 426,A01,8,2,1,1,2015,5,8,-1,-1,0,0,-1,202000027783,4,NULL,-1,NULL,-1,2,0,1,(1),(1),2,NULL,7,1,0,1,-1
202000027783,6,6,2020,10:20:00,1,49,49125,2,6,1,2,"boulevard charles de gaulle","47,1929930"," -0,2895280",202000027783,154 693 427,B01,0,1,0,0,4,26,0,NULL,202000027783,154 693 426,A01,7,2,1,2,2017,5,8,-1,-1,0,0,-1,202000027783,4,NULL,-1,NULL,-1,2,0,1,(1),(1),2,NULL,7,1,0,1,-1
202000027783,6,6,2020,10:20:00,1,49,49125,2,6,1,2,"boulevard charles de gaulle","47,1929930"," -0,2895280",202000027783,154 693 427,B01,0,1,0,0,4,26,0,NULL,202000027783,154 693 427,B01,1,1,4,1,1952,5,0,-1,-1,0,0,-1,202000027783,4,NULL,-1,NULL,-1,2,0,1,(1),(1),2,NULL,7,1,0,1,-1
202000029858,30,11,2020,09:20:00,1,44,44109,2,6,1,-1,"BOULEVARD MICHELET","47,2330500"," -1,5564100",202000029858,154 689 776,B01,1,1,0,2,1,1,5,NULL,202000029858,154 689 775,A01,1,1,1,2,1964,0,1,0,-1,-1," -1",-1,202000029858,4,NULL,0,NULL,1,1,0,1,(1),(1),1,NULL," -1",1,5,1,30
202000029858,30,11,2020,09:20:00,1,44,44109,2,6,1,-1,"BOULEVARD MICHELET","47,2330500"," -1,5564100",202000029858,154 689 776,B01,1,1,0,2,1,1,5,NULL,202000029858,154 689 776,B01,1,1,4,1,2005,0,8,0,-1,-1," -1",-1,202000029858,4,NULL,0,NULL,1,1,0,1,(1),(1),1,NULL," -1",1,5,1,30
202000030407,15,2,2020,15:45:00,1,93,93046,2,1,1,2,"ALL DE L'EST","48,9324000","2,5594300",202000030407,154 688 823,B01,0,1,0,2,4,2,0,NULL,202000030407,154 688 823,B01,1,1,4,2,1975,5,8,0,-1,-1," -1",-1,202000030407,4,933,0,NULL,1,1,0,1,56,0,1,NULL," -1",1,0,1,30
202000031751,29,9,2020,17:00:00,1,33,33063,2,1,1,1,"QUAI RICHELIEU","44,8391500"," -0,5671800",202000031751,154 686 554,A01,0,1,0,2,1,1,5,NULL,202000031751,154 686 553,B01,1,1,1,1,1981,1,8,-1,-1,-1," -1",-1,202000031751,9,"QUAI RICHELIEU",0,NULL,2,0,3,1,(1),(1),1,NULL," -1",1,-1,5,10
202000031751,29,9,2020,17:00:00,1,33,33063,2,1,1,1,"QUAI RICHELIEU","44,8391500"," -0,5671800",202000031751,154 686 553,B01,0,1,0,2,1,1,5,NULL,202000031751,154 686 553,B01,1,1,1,1,1981,1,8,-1,-1,-1," -1",-1,202000031751,9,"QUAI RICHELIEU",0,NULL,2,0,3,1,(1),(1),1,NULL," -1",1,-1,5,10
202000031751,29,9,2020,17:00:00,1,33,33063,2,1,1,1,"QUAI RICHELIEU","44,8391500"," -0,5671800",202000031751,154 686 554,A01,0,1,0,2,1,1,5,NULL,202000031751,154 686 554,A01,1,1,3,1,2007,0,8,-1,-1,-1," -1",-1,202000031751,9,"QUAI RICHELIEU",0,NULL,2,0,3,1,(1),(1),1,NULL," -1",1,-1,5,10
202000031751,29,9,2020,17:00:00,1,33,33063,2,1,1,1,"QUAI RICHELIEU","44,8391500"," -0,5671800",202000031751,154 686 553,B01,0,1,0,2,1,1,5,NULL,202000031751,154 686 554,A01,1,1,3,1,2007,0,8,-1,-1,-1," -1",-1,202000031751,9,"QUAI RICHELIEU",0,NULL,2,0,3,1,(1),(1),1,NULL," -1",1,-1,5,10
202000032841,27,8,2020,09:55:00,1,92,92002,2,1,1,6,"AUGUSTE MOUNIE (RUE)","48,7536265","2,3040788",202000032841,154 684 724,A01,2,1,0,1,1,26,5,NULL,202000032841,154 684 724,A01,10,3,4,2,2017,3,0,-1,-1,2,3,2,202000032841,4,"AUGUSTE MOUNIE (RUE)",0,NULL,1,1,1,1,0,0,1,NULL," -1",1,0,5,30
202000032841,27,8,2020,09:55:00,1,92,92002,2,1,1,6,"AUGUSTE MOUNIE (RUE)","48,7536265","2,3040788",202000032841,154 684 724,A01,2,1,0,1,1,26,5,NULL,202000032841,154 684 724,A01,10,3,4,2,1981,3,8,8,-1,2,3,2,202000032841,4,"AUGUSTE MOUNIE (RUE)",0,NULL,1,1,1,1,0,0,1,NULL," -1",1,0,5,30
202000032861,3,9,2020,08:55:00,1,74,74289,1,1,1,7,"route départemantale 14","45,9333340","5,8747670",202000032861,154 684 689,A01,1,1,0,0,0,0,5,NULL,202000032861,154 684 689,A01,1,1,2,1,1945,5,2,-1,-1,0,0,-1,202000032861,3,14,0,NULL,2,2,0,3,31,700,1,NULL," -1",1,0,1,80
202000040006,25,10,2020,12:40:00,1,13,13069,1,6,1,3,D572,"43,6262980","5,1509790",202000040006,154 672 069,B01,2,1,0,2,2,1,5,NULL,202000040006,154 672 069,B01,1,1,4,1,1966,5,2,6,-1,0,0,-1,202000040006,3,572,0,D,2,2,0,1,4,100,2,NULL," -1",1,0,1,90
202000040006,25,10,2020,12:40:00,1,13,13069,1,6,1,3,D572,"43,6262980","5,1509790",202000040006,154 672 069,B01,2,1,0,2,2,1,5,NULL,202000040006,154 672 070,A01,1,1,1,1,1962,0,1,-1,-1,0,0,-1,202000040006,3,572,0,D,2,2,0,1,4,100,2,NULL," -1",1,0,1,90
202000040414,26,8,2020,19:20:00,1,71,71306,2,1,1,-1,"LUCY (RUE DE)","46,6661548","4,3332367",202000040414,154 671 339,B01,0,1,0,2,8,1,5,NULL,202000040414,154 671 339,B01,1,1,4,1,1972,5,2,0,-1,-1," -1",-1,202000040414,3,119,0,NULL,2,2,0,1,0,0,1,NULL," -1",1,0,1,50
202000040414,26,8,2020,19:20:00,1,71,71306,2,1,1,-1,"LUCY (RUE DE)","46,6661548","4,3332367",202000040414,154 671 339,B01,0,1,0,2,8,1,5,NULL,202000040414,154 671 340,A01,1,1,1,2,1964,1,1,0,-1,-1," -1",-1,202000040414,3,119,0,NULL,2,2,0,1,0,0,1,NULL," -1",1,0,1,50
202000040604,7,2,2020,09:00:00,1,75,75108,2,2,1,3,"COURS ALBERT 1ER","48,8646140","2,3103230",202000040604,154 670 995,A01,2,1,0,2,1,19,5,NULL,202000040604,154 670 995,A01,1,1,4,1,1986,4,8,0,-1,0,0,-1,202000040604,4,NULL,0,NULL,3,3,3,1,0,0,1,NULL,9,1,-1,5,50
202000040604,7,2,2020,09:00:00,1,75,75108,2,2,1,3,"COURS ALBERT 1ER","48,8646140","2,3103230",202000040604,154 670 995,A01,2,1,0,2,1,19,5,NULL,202000040604,154 670 998,B01,1,1,1,2,1980,4,2,6,-1,0,0,-1,202000040604,4,NULL,0,NULL,3,3,3,1,0,0,1,NULL,9,1,-1,5,50
202000041722,27,6,2020,08:05:00,1,38,38053,1,1,1,3,"Rue de la Poste","45,5861000","5,2736000",202000041722,154 669 011,B01,1,1,0,2,1,19,5,NULL,202000041722,154 669 010,A01,1,1,1,1,1974,5,1,0,-1,-1," -1",-1,202000041722,4,NULL,0,NULL,2,4,0,1,(1),(1),1,NULL," -1",1,0,1,80
202000041722,27,6,2020,08:05:00,1,38,38053,1,1,1,3,"Rue de la Poste","45,5861000","5,2736000",202000041722,154 669 011,B01,1,1,0,2,1,19,5,NULL,202000041722,154 669 011,B01,1,1,3,1,1970,5,2,0,-1,-1," -1",-1,202000041722,4,NULL,0,NULL,2,4,0,1,(1),(1),1,NULL," -1",1,0,1,80
202000044214,24,6,2020,07:30:00,1,86,86066,2,6,1,3,"Place de la Croix Rouge","46,8210600","0,5475900",202000044214,154 664 539,B01,3,1,0,2,1,1,5,NULL,202000044214,154 664 539,B01,1,1,4,1,1977,1,2,0,-1,-1," -1",-1,202000044214,7," Croix Rouge",0,NULL,2,8,1,1,(1),(1),1,NULL," -1",1,5,1,50
202000044214,24,6,2020,07:30:00,1,86,86066,2,6,1,3,"Place de la Croix Rouge","46,8210600","0,5475900",202000044214,154 664 539,B01,3,1,0,2,1,1,5,NULL,202000044214,154 664 541,A01,1,1,1,1,1968,4,1,0,-1,-1," -1",-1,202000044214,7," Croix Rouge",0,NULL,2,8,1,1,(1),(1),1,NULL," -1",1,5,1,50
202000044648,26,8,2020,18:40:00,1,69,69383,2,3,1,3,"CREQUI (DE)                         (R )","45,7578000","4,8481600",202000044648,154 663 733,B01,1,1,0,2,7,1,0,NULL,202000044648,154 663 732,A01,1,1,1,2,1999,0,1,8,-1,-1," -1",-1,202000044648,4,"VERLET HANUS                        (R )",0,NULL,1,1,0,1,0,0,1,NULL," -1",1,0,1,50
202000044648,26,8,2020,18:40:00,1,69,69383,2,3,1,3,"CREQUI (DE)                         (R )","45,7578000","4,8481600",202000044648,154 663 733,B01,1,1,0,2,7,1,0,NULL,202000044648,154 663 733,B01,1,1,4,2,1970,1,8,0,-1,-1," -1",-1,202000044648,4,"VERLET HANUS                        (R )",0,NULL,1,1,0,1,0,0,1,NULL," -1",1,0,1,50
202000045983,22,9,2020,13:40:00,1,38,38269,2,2,8,3,"Rue du Pré des Moines","44,9009900","5,7891400",202000045983,154 661 457,B01,3,1,0,2,1,1,5,NULL,202000045983,154 661 456,A01,1,1,1,1,1962,5,1,-1,-1,0,0,-1,202000045983,4,NULL,0,NULL,2,2,0,2,(1),(1),1,NULL," -1",2,0,1,50
202000045983,22,9,2020,13:40:00,1,38,38269,2,2,8,3,"Rue du Pré des Moines","44,9009900","5,7891400",202000045983,154 661 457,B01,3,1,0,2,1,1,5,NULL,202000045983,154 661 457,B01,1,1,3,1,2007,2,0,-1,-1,0,0,-1,202000045983,4,NULL,0,NULL,2,2,0,2,(1),(1),1,NULL," -1",2,0,1,50
202000047721,1,12,2020,21:00:00,5,33,33063,2,1,9,6,"QUAI DES CHARTRONS","44,8499300"," -0,5697700",202000047721,154 658 393,A01,3,1,0,1,1,1,5,NULL,202000047721,154 658 393,A01,10,3,4,1,1992,0,0,-1,-1,1,3,1,202000047721,4,"QUAI DES CHARTRONS",0,NULL,2,10,-1,1,(1),(1),1,NULL," -1",1,0,5,25
202000047721,1,12,2020,21:00:00,5,33,33063,2,1,9,6,"QUAI DES CHARTRONS","44,8499300"," -0,5697700",202000047721,154 658 393,A01,3,1,0,1,1,1,5,NULL,202000047721,154 658 393,A01,1,1,1,1,1989,1,8,-1,-1,-1," -1",-1,202000047721,4,"QUAI DES CHARTRONS",0,NULL,2,10,-1,1,(1),(1),1,NULL," -1",1,0,5,25
202000006567,26,11,2020,06:05:00,5,93,93013,2,3,1,3,"R DDU COMMANDANT ROLLAND / AV ELISE DEROCHE","48,9330500","2,4281800",202000006567,154 730 699,B01,1,1,0,2,6,0,0,NULL,202000006567,154 730 699,B01,1,1,4,2,2001,1,8,0,-1,-1," -1",-1,202000006567,4,"ROLLAND (RUE DU CDT)",0,NULL,2,2,0,1,0,0,3,NULL," -1",1,9,1,50
202000006567,26,11,2020,06:05:00,5,93,93013,2,3,1,3,"R DDU COMMANDANT ROLLAND / AV ELISE DEROCHE","48,9330500","2,4281800",202000006567,154 730 699,B01,1,1,0,2,6,0,0,NULL,202000006567,154 730 700,A01,1,1,1,1,1998,1,1,0,-1,-1," -1",-1,202000006567,4,"ROLLAND (RUE DU CDT)",0,NULL,2,2,0,1,0,0,3,NULL," -1",1,9,1,50
202000007392,30,1,2020,14:30:00,1,75,75110,2,7,2,3,"PLACE FRANZ LISTZ","48,8779022","2,3516094",202000007392,154 729 241,B01,3,1,0,2,2,1,5,NULL,202000007392,154 729 240,A01,1,1,1,1,1961,9,1,0,-1,0,0,-1,202000007392,4,NULL,0,NULL,1,2,1,1,0,0,1,NULL,5,2,-1,5,50
202000007392,30,1,2020,14:30:00,1,75,75110,2,7,2,3,"PLACE FRANZ LISTZ","48,8779022","2,3516094",202000007392,154 729 241,B01,3,1,0,2,2,1,5,NULL,202000007392,154 729 241,B01,1,1,4,2,1989,9,8,2,-1,0,0,-1,202000007392,4,NULL,0,NULL,1,2,1,1,0,0,1,NULL,5,2,-1,5,50
202000012703,10,5,2020,14:40:00,1,75,75110,2,1,8,3,"QUAI DE JEMMAPES","48,8690900","2,3674580",202000012703,154 719 944,B01,1,1,0,2,3,1,5,NULL,202000012703,154 719 944,B01,1,1,4,1,1981,5,8,0,-1,0,0,-1,202000012703,4,NULL,0,NULL,1,3,1,2,0,0,1,NULL," -1",1,-1,5,30
202000012703,10,5,2020,14:40:00,1,75,75110,2,1,8,3,"QUAI DE JEMMAPES","48,8690900","2,3674580",202000012703,154 719 944,B01,1,1,0,2,3,1,5,NULL,202000012703,154 719 945,A01,2,2,1,2,1981,9,1,8,-1,0,0,-1,202000012703,4,NULL,0,NULL,1,3,1,2,0,0,1,NULL," -1",1,-1,5,30
202000012703,10,5,2020,14:40:00,1,75,75110,2,1,8,3,"QUAI DE JEMMAPES","48,8690900","2,3674580",202000012703,154 719 944,B01,1,1,0,2,3,1,5,NULL,202000012703,154 719 945,A01,1,1,1,1,1989,1,1,0,-1,0,0,-1,202000012703,4,NULL,0,NULL,1,3,1,2,0,0,1,NULL," -1",1,-1,5,30
202000013197,15,7,2020,20:40:00,1,44,44056,2,3,1,3,"Rue des Sports","47,4092200"," -1,7946450",202000013197,154 719 085,B01,3,1,0,2,6,9,5,NULL,202000013197,154 719 084,A01,1,1,1,2,1993,0,8,-1,-1,0,0,-1,202000013197,4,NULL,-1,NULL,2,2,0,1,(1),(1),1,NULL," -1",1,0,1,50
202000013197,15,7,2020,20:40:00,1,44,44056,2,3,1,3,"Rue des Sports","47,4092200"," -1,7946450",202000013197,154 719 085,B01,3,1,0,2,6,9,5,NULL,202000013197,154 719 085,B01,1,1,4,1,2003,0,0,-1,-1,0,0,-1,202000013197,4,NULL,-1,NULL,2,2,0,1,(1),(1),1,NULL," -1",1,0,1,50
202000013522,15,6,2020,13:05:00,1,76,76351,2,1,1,-1,"REPUBLIQUE (COURS DE LA)","49,4930400","0,1243300",202000013522,154 718 505,B01,2,1,1,0,2,1,5,NULL,202000013522,154 718 505,B01,1,1,4,1,1960,1,2,0,-1,-1," -1",-1,202000013522,4,"REPUBLIQUE (COURS DE LA)",0,NULL,3,5,1,1,0,0,1,NULL," -1",1,0,5,50
202000013522,15,6,2020,13:05:00,1,76,76351,2,1,1,-1,"REPUBLIQUE (COURS DE LA)","49,4930400","0,1243300",202000013522,154 718 505,B01,2,1,1,0,2,1,5,NULL,202000013522,154 718 506,A01,1,1,1,1,1985,3,1,0,-1,0,0,-1,202000013522,4,"REPUBLIQUE (COURS DE LA)",0,NULL,3,5,1,1,0,0,1,NULL," -1",1,0,5,50
202000013994,10,10,2020,17:30:00,1,75,75113,2,3,1,3,"QUAI DE LA GARE","48,8367400","2,3743560",202000013994,154 717 676,B01,2,1,0,2,1,1,5,NULL,202000013994,154 717 675,A01,1,1,1,1,2002,5,1,0,-1,0,0,-1,202000013994,4,NULL,0,NULL,2,4,1,1,0,0,1,NULL," -1",1,-1,5,50
202000013994,10,10,2020,17:30:00,1,75,75113,2,3,1,3,"QUAI DE LA GARE","48,8367400","2,3743560",202000013994,154 717 676,B01,2,1,0,2,1,1,5,NULL,202000013994,154 717 676,B01,1,1,4,1,2001,1,2,0,-1,0,0,-1,202000013994,4,NULL,0,NULL,2,4,1,1,0,0,1,NULL," -1",1,-1,5,50
202000016528,3,4,2020,20:15:00,3,971,97129,2,1,1,7,"Morne Rouge","16,3053255"," -61,6564513",202000016528,154 713 185,A01,1,1,13,0,0,0,6,NULL,202000016528,154 713 185,A01,1,1,3,1,1962,1,2,-1,-1,0,0,-1,202000016528,3,35,-1,NULL,3,2,0,3,(1),(1),1,NULL," -1",1,0,3,50
202000017215,11,9,2020,20:20:00,5,93,93050,2,1,1,3,"JEAN JAURES (AVENUE) COTE VILLE EVRARD","48,8626839","2,5456089",202000017215,154 711 962,B01,0,1,0,2,0,0,0,NULL,202000017215,154 711 962,B01,1,1,4,1,1978,0,2,0,-1,-1," -1",-1,202000017215,3,934,0,NULL,3,4,0,1,1,1,1,NULL," -1",1,0,1,50
202000017215,11,9,2020,20:20:00,5,93,93050,2,1,1,3,"JEAN JAURES (AVENUE) COTE VILLE EVRARD","48,8626839","2,5456089",202000017215,154 711 962,B01,0,1,0,2,0,0,0,NULL,202000017215,154 711 963,A01,1,1,1,1,1991,5,1,0,-1,-1," -1",-1,202000017215,3,934,0,NULL,3,4,0,1,1,1,1,NULL," -1",1,0,1,50
202000018088,20,12,2020,15:45:00,1,94,94002,2,9,1,3,"Chemin latéral","48,8146900","2,4167600",202000018088,154 710 406,B01,1,1,0,2,7,2,5,NULL,202000018088,154 710 406,B01,1,1,4,1,1985,5,8,0,-1,-1," -1",-1,202000018088,4,"LATERAL (CHE)",0,NULL,1,1,1,1,(1),(1),1,NULL," -1",1,0,1,50
202000018088,20,12,2020,15:45:00,1,94,94002,2,9,1,3,"Chemin latéral","48,8146900","2,4167600",202000018088,154 710 406,B01,1,1,0,2,7,2,5,NULL,202000018088,154 710 407,A01,1,1,1,2,2000,3,1,0,-1,-1," -1",-1,202000018088,4,"LATERAL (CHE)",0,NULL,1,1,1,1,(1),(1),1,NULL," -1",1,0,1,50