Num_Acc,jour,mois,an,hrmn,lum,dep,com,agg,int,atm,col,adr,lat,long,Num_Acc,id_vehicule,num_veh,senc,catv,obs,obsm,choc,manv,motor,occutc,Num_Acc,id_vehicule,num_veh,place,catu,grav,sexe,an_nais,trajet,secu1,secu2,secu3,locp,actp,etatp,Num_Acc,catr,voie,v1,v2,circ,nbv,vosp,prof,pr,pr1,plan,lartpc,larrout,surf,infra,situ,vma
202000019413,10,6,2020,14:00:00,1,15,15012,2,1,1,7,"MILHAUD (AVENUE)","44,9015960","2,4586620",202000019413,154 708 058,A01,2,1,9,0,0,26,5,NULL,202000019413,154 708 058,A01,1,1,4,1,1964,0,8,0,-1,-1," -1",-1,202000019413,3,320,0,NULL,2,2,0,1,0,680,2,NULL," -1",1,0,1,50
202000020515,20,1,2020,07:30:00,2,35,35040,1,1,1,2,"Route de l'abbaye","48,1336730"," -1,9395640",202000020515,154 706 155,B01,2,1,0,2,4,1,6,NULL,202000020515,154 706 155,B01,1,1,4,1,1959,1,4,-1,-1,0,0,-1,202000020515,3,30,0,NULL,2,2,0,1,25,203,1,NULL," -1",1,0,1,70
202000020515,20,1,2020,07:30:00,2,35,35040,1,1,1,2,"Route de l'abbaye","48,1336730"," -1,9395640",202000020515,154 706 155,B01,2,1,0,2,4,1,6,NULL,202000020515,154 706 156,A01,1,1,1,1,1956,5,1,-1,-1,0,0,-1,202000020515,3,30,0,NULL,2,2,0,1,25,203,1,NULL," -1",1,0,1,70
202000024768,10,2,2020,12:25:00,1,67,67447,2,3,6,-1,"PIERRE MENDES FRANCE (AVENUE)","48,6090450","7,7643660",202000024768,154 698 665,B01,2,1,0,2,0,0,5,NULL,202000024768,154 698 666,A01,1,1,1,1,1968,5,2,0,-1,-1," -1",-1,202000024768,4,NULL,0,NULL,1,3,1,1,0,0,1,NULL," -1",1,-1,5,50
202000024768,10,2,2020,12:25:00,1,67,67447,2,3,6,-1,"PIERRE MENDES FRANCE (AVENUE)","48,6090450","7,7643660",202000024768,154 698 665,B01,2,1,0,2,0,0,5,NULL,202000024768,154 698 666,A01,2,2,4,1,2002,0,8,0,-1,-1," -1",-1,202000024768,4,NULL,0,NULL,1,3,1,1,0,0,1,NULL," -1",1,-1,5,50
202000025141,7,6,2020,09:50:00,1,972,97227,1,1,1,2,"RN5, Quartier Desert","14,4705600"," -60,9468320",202000025141,154 697 981,B01,2,1,0,2,4,1,5,NULL,202000025141,154 697 981,B01,1,1,3,1,1966,5,2,-1,-1,0,0,-1,202000025141,2,5,-1,NULL,2,3,0,1,19,900,1,NULL," -1",1,0,1,80
202000025141,7,6,2020,09:50:00,1,972,97227,1,1,1,2,"RN5, Quartier Desert","14,4705600"," -60,9468320",202000025141,154 697 981,B01,2,1,0,2,4,1,5,NULL,202000025141,154 697 984,A01,1,1,1,1,1992,5,1,-1,-1,0,0,-1,202000025141,2,5,-1,NULL,2,3,0,1,19,900,1,NULL," -1",1,0,1,80
202000025273,6,8,2020,18:00:00,1,93,93078,2,1,1,3,"VAILLANT-COUTURIER (AVENUE PAUL)","48,9572974","2,5341371",202000025273,154 697 756,B01,1,1,0,2,1,1,0,NULL,202000025273,154 697 755,A01,1,1,1,2,1996,0,1,0,-1,-1," -1",-1,202000025273,4,NULL,0,NULL,2,2,0,2,0,0,1,NULL," -1",1,0,4,50
202000025273,6,8,2020,18:00:00,1,93,93078,2,1,1,3,"VAILLANT-COUTURIER (AVENUE PAUL)","48,9572974","2,5341371",202000025273,154 697 756,B01,1,1,0,2,1,1,0,NULL,202000025273,154 697 756,B01,1,1,4,1,1947,0,8,0,-1,-1," -1",-1,202000025273,4,NULL,0,NULL,2,2,0,2,0,0,1,NULL," -1",1,0,4,50
202000025937,10,4,2020,18:30:00,2,973,97302,2,1,1,-1,"ILET MALOUIN","4,9294135"," -52,3327571",202000025937,154 696 647,A01,1,1,0,2,1,5,5,NULL,202000025937,154 696 646,B01,1,1,1,1,1998,0,2,8,-1,-1," -1",-1,202000025937,4,"ILET MALOUIN",0,NULL,2,2,0,1,(1),(1),1,NULL," -1",1,0,1,50
202000025937,10,4,2020,18:30:00,2,973,97302,2,1,1,-1,"ILET MALOUIN","4,9294135"," -52,3327571",202000025937,154 696 647,A01,1,1,0,2,1,5,5,NULL,202000025937,154 696 647,A01,1,1,4,1,2009,0,2,0,-1,-1," -1",-1,202000025937,4,"ILET MALOUIN",0,NULL,2,2,0,1,(1),(1),1,NULL," -1",1,0,1,50
202000029802,30,9,2020,14:30:00,1,69,69383,2,1,1,2,"EUGENIE                             (CO)","45,7428300","4,8880800",202000029802,154 689 871,B01,2,1,0,2,1,2,5,NULL,202000029802,154 689 871,B01,1,1,4,1,1996,5,2,8,-1,-1," -1",-1,202000029802,4,"EUGENIE                             (CO)",0,NULL,2,2,0,2,0,0,1,NULL," -1",1,0,1,50
202000029802,30,9,2020,14:30:00,1,69,69383,2,1,1,2,"EUGENIE                             (CO)","45,7428300","4,8880800",202000029802,154 689 871,B01,2,1,0,2,1,2,5,NULL,202000029802,154 689 872,A01,1,1,1,1,1969,3,8,0,-1,-1," -1",-1,202000029802,4,"EUGENIE                             (CO)",0,NULL,2,2,0,2,0,0,1,NULL," -1",1,0,1,50
202000030038,14,1,2020,19:00:00,5,75,75118,2,3,1,3,"AVENUE DE CLICHY","48,8866059","2,3260100",202000030038,154 689 461,B01,1,1,0,2,8,23,5,NULL,202000030038,154 689 461,B01,1,1,1,1,1999,9,8,2,-1,0,0,-1,202000030038,4,NULL,0,NULL,2,3,0,1,52,0,1,NULL,"10,5",1,0,1,30
202000030038,14,1,2020,19:00:00,5,75,75118,2,3,1,3,"AVENUE DE CLICHY","48,8866059","2,3260100",202000030038,154 689 461,B01,1,1,0,2,8,23,5,NULL,202000030038,154 689 462,A01,1,1,3,1,1986,9,2,6,-1,0,0,-1,202000030038,4,NULL,0,NULL,2,3,0,1,52,0,1,NULL,"10,5",1,0,1,30
202000030592,30,3,2020,22:55:00,5,62,62194,2,1,1,1,"CAVEE ( RUE DE LA )","50,4900600","2,4817000",202000030592,154 688 502,B01,0,1,0,2,1,1,6,NULL,202000030592,154 688 501,A01,1,1,1,2,2000,5,1,0,-1,-1," -1",-1,202000030592,4,NULL,0,NULL,1,1,3,2,0,0,3,NULL," -1",1,2,1,50
202000030592,30,3,2020,22:55:00,5,62,62194,2,1,1,1,"CAVEE ( RUE DE LA )","50,4900600","2,4817000",202000030592,154 688 502,B01,0,1,0,2,1,1,6,NULL,202000030592,154 688 502,B01,1,1,3,1,2002,5,8,0,-1,-1," -1",-1,202000030592,4,NULL,0,NULL,1,1,3,2,0,0,3,NULL," -1",1,2,1,50
202000030866,4,9,2020,20:00:00,2,75,75117,2,3,1,6,"RUE GUY MOQUET","48,8919570","2,3224710",202000030866,154 688 070,A01,2,1,14,0,1,7,5,NULL,202000030866,154 688 070,A01,1,1,4,1,2002,5,8,0,-1,0,0,-1,202000030866,4,NULL,0,NULL,-1,1,3,1,0,0,1,NULL," -1",1,-1,6,30
202000032431,15,2,2020,15:15:00,1,74,74011,1,1,1,3,"D5 Route de Naves","45,9284380","6,1774920",202000032431,154 685 407,B01,1,1,0,2,8,16,5,NULL,202000032431,154 685 406,A01,1,1,1,1,1966,4,1,-1,-1,0,0,-1,202000032431,3,5,0,D,2,2,0,2,28,50,4,NULL," -1",2,0,1,80
202000032431,15,2,2020,15:15:00,1,74,74011,1,1,1,3,"D5 Route de Naves","45,9284380","6,1774920",202000032431,154 685 407,B01,1,1,0,2,8,16,5,NULL,202000032431,154 685 407,B01,1,1,3,1,1972,5,2,6,-1,0,0,-1,202000032431,3,5,0,D,2,2,0,2,28,50,4,NULL," -1",2,0,1,80
202000032767,2,9,2020,14:05:00,1,56,56121,2,1,1,4,"MONISTROL (RUE)","47,7378300"," -3,3819000",202000032767,154 684 848,C01,2,1,0,2,4,1,5,NULL,202000032767,154 684 848,C01,1,1,4,2,1969,9,2,0,-1,-1," -1",-1,202000032767,4,NULL,0,NULL,2,2,0,1,0,0,1,NULL," -1",1,0,1,50
202000032767,2,9,2020,14:05:00,1,56,56121,2,1,1,4,"MONISTROL (RUE)","47,7378300"," -3,3819000",202000032767,154 684 848,C01,2,1,0,2,4,1,5,NULL,202000032767,154 684 849,B01,1,1,1,2,1980,5,1,0,-1,-1," -1",-1,202000032767,4,NULL,0,NULL,2,2,0,1,0,0,1,NULL," -1",1,0,1,50
202000032767,2,9,2020,14:05:00,1,56,56121,2,1,1,4,"MONISTROL (RUE)","47,7378300"," -3,3819000",202000032767,154 684 848,C01,2,1,0,2,4,1,5,NULL,202000032767,154 684 850,A01,1,1,1,1,1999,0,1,8,-1,-1," -1",-1,202000032767,4,NULL,0,NULL,2,2,0,1,0,0,1,NULL," -1",1,0,1,50
202000032811,3,9,2020,16:50:00,1,75,75111,2,3,1,3,"RUE DE CHARONNE","48,8539830","2,3823330",202000032811,154 684 776,B01,2,1,0,2,5,15,5,NULL,202000032811,154 684 775,A01,1,1,1,2,1996,1,1,0,-1,0,0,-1,202000032811,4,NULL,0,NULL,2,2,0,1,0,0,1,NULL," -1",1,0,1,50
202000032811,3,9,2020,16:50:00,1,75,75111,2,3,1,3,"RUE DE CHARONNE","48,8539830","2,3823330",202000032811,154 684 776,B01,2,1,0,2,5,15,5,NULL,202000032811,154 684 776,B01,1,1,3,2,1980,9,2,0,-1,0,0,-1,202000032811,4,NULL,0,NULL,2,2,0,1,0,0,1,NULL," -1",1,0,1,50
202000034101,2,7,2020,17:00:00,1,974,97407,1,9,1,2,MARINE(BOULEVARD)," -20,9490800","55,2846000",202000034101,154 682 498,B01,3,1,0,2,4,0,5,NULL,202000034101,154 682 497,A01,1,1,1,1,1967,0,1,0,-1,-1," -1",-1,202000034101,4,MARINE(BOULEVARD),0,NULL,2,2,0,2,0,0,1,NULL," -1",1,0,1,70
202000034101,2,7,2020,17:00:00,1,974,97407,1,9,1,2,MARINE(BOULEVARD)," -20,9490800","55,2846000",202000034101,154 682 498,B01,3,1,0,2,4,0,5,NULL,202000034101,154 682 498,B01,1,1,3,1,1965,0,2,0,-1,-1," -1",-1,202000034101,4,MARINE(BOULEVARD),0,NULL,2,2,0,2,0,0,1,NULL," -1",1,0,1,70
202000037040,29,5,2020,13:20:00,1,13,13001,2,6,1,-1,"ISAAC JULES (AV)","43,5427100","5,4549600",202000037040,154 677 271,B01,2,1,0,2,0,15,5,NULL,202000037040,154 677 271,B01,1,1,4,1,1999,1,8,0,-1,-1," -1",-1,202000037040,4,NULL,0,NULL,1,1,0,2,0,0,2,NULL,"3,5",1,5,1,50
202000037040,29,5,2020,13:20:00,1,13,13001,2,6,1,-1,"ISAAC JULES (AV)","43,5427100","5,4549600",202000037040,154 677 271,B01,2,1,0,2,0,15,5,NULL,202000037040,154 677 272,A01,1,1,1,2,1944,9,8,8,-1,-1," -1",-1,202000037040,4,NULL,0,NULL,1,1,0,2,0,0,2,NULL,"3,5",1,5,1,50
202000037368,27,9,2020,15:30:00,1,40,40312,2,1,1,3,"Boulevard de la Yayi","43,5467740"," -1,4608200",202000037368,154 676 713,B01,3,1,0,2,7,6,5,NULL,202000037368,154 676 713,B01,1,1,4,2,2006,5,0,-1,-1,0,0,-1,202000037368,3,810,0,NULL,3,2,0,4,(1),(1),1,NULL," -1",1,0,6,50
202000037368,27,9,2020,15:30:00,1,40,40312,2,1,1,3,"Boulevard de la Yayi","43,5467740"," -1,4608200",202000037368,154 676 713,B01,3,1,0,2,7,6,5,NULL,202000037368,154 676 714,A01,1,1,1,1,1940,5,1,-1,-1,0,0,-1,202000037368,3,810,0,NULL,3,2,0,4,(1),(1),1,NULL," -1",1,0,6,50
202000037861,30,6,2020,00:20:00,5,75,75114,2,1,1,-1,"AVENUE RENE COTY","48,8325240","2,3329330",202000037861,154 675 813,A01,1,1,0,2,1,14,5,NULL,202000037861,154 675 811,B01,1,1,1,1,1995,5,2,8,-1,0,0,-1,202000037861,4,NULL,0,NULL,1,1,0,1,(1),0,1,NULL," -1",1,0,1,50
202000037861,30,6,2020,00:20:00,5,75,75114,2,1,1,-1,"AVENUE RENE COTY","48,8325240","2,3329330",202000037861,154 675 813,A01,1,1,0,2,1,14,5,NULL,202000037861,154 675 813,A01,1,1,4,2,1997,5,8,0,-1,0,0,-1,202000037861,4,NULL,0,NULL,1,1,0,1,(1),0,1,NULL," -1",1,0,1,50
202000038517,10,2,2020,14:15:00,1,75,75116,2,7,2,7,"PLACE CLEMENT ADER","48,8513440","2,2784890",202000038517,154 674 673,A01,2,1,0,0,0,1,5,NULL,202000038517,154 674 673,A01,1,1,4,1,2004,5,8,0,-1,0,0,-1,202000038517,4,NULL,0,NULL,2,2,0,1,0,0,1,NULL,5,2,0,1,50
202000040319,29,8,2020,07:10:00,1,75,75101,2,3,1,1,"QUAI FRANCOIS MITTERRAND","48,8601110","2,3333320",202000040319,154 671 501,B01,2,1,0,2,3,1,5,NULL,202000040319,154 671 501,B01,1,1,4,1,1974,5,2,0,-1,0,0,-1,202000040319,4,NULL,0,NULL,1,3,3,1,0,0,1,NULL," -1",1,-1,5,50
202000040319,29,8,2020,07:10:00,1,75,75101,2,3,1,1,"QUAI FRANCOIS MITTERRAND","48,8601110","2,3333320",202000040319,154 671 501,B01,2,1,0,2,3,1,5,NULL,202000040319,154 671 502,A01,1,1,1,1,1994,9,8,0,-1,0,0,-1,202000040319,4,NULL,0,NULL,1,3,3,1,0,0,1,NULL," -1",1,-1,5,50
202000041552,26,5,2020,17:45:00,1,14,14167,2,2,1,3,"JEAN JAURES (RUE )","49,2012500"," -0,3009400",202000041552,154 669 303,B01,1,1,0,2,1,1,5,NULL,202000041552,154 669 303,B01,2,2,4,1,2018,9,8,0,-1,-1," -1",-1,202000041552,3,226,0,NULL,2,3,0,1,1,0,1,NULL," -1",1,0,1,50
202000041552,26,5,2020,17:45:00,1,14,14167,2,2,1,3,"JEAN JAURES (RUE )","49,2012500"," -0,3009400",202000041552,154 669 303,B01,1,1,0,2,1,1,5,NULL,202000041552,154 669 303,B01,2,2,4,1,2015,5,8,0,-1,-1," -1",-1,202000041552,3,226,0,NULL,2,3,0,1,1,0,1,NULL," -1",1,0,1,50
202000041552,26,5,2020,17:45:00,1,14,14167,2,2,1,3,"JEAN JAURES (RUE )","49,2012500"," -0,3009400",202000041552,154 669 303,B01,1,1,0,2,1,1,5,NULL,202000041552,154 669 303,B01,1,1,4,1,1988,5,8,0,-1,0,0,-1,202000041552,3,226,0,NULL,2,3,0,1,1,0,1,NULL," -1",1,0,1,50
202000041552,26,5,2020,17:45:00,1,14,14167,2,2,1,3,"JEAN JAURES (RUE )","49,2012500"," -0,3009400",202000041552,154 669 303,B01,1,1,0,2,1,1,5,NULL,202000041552,154 669 304,A01,1,1,1,1,1990,5,1,0,-1,0,0,-1,202000041552,3,226,0,NULL,2,3,0,1,1,0,1,NULL," -1",1,0,1,50
202000042720,22,9,2020,09:40:00,1,92,92026,2,1,1,3,"BOULEVARD CIRCULAIRE","48,8880941","2,2513765",202000042720,154 667 223,B01,1,1,0,2,2,0,5,NULL,202000042720,154 667 223,B01,1,1,4,1,1994,0,2,4,-1,-1," -1",-1,202000042720,3,993,0,NULL,2,2,0,1,0,0,1,NULL," -1",1,0,1,50
202000042720,22,9,2020,09:40:00,1,92,92026,2,1,1,3,"BOULEVARD CIRCULAIRE","48,8880941","2,2513765",202000042720,154 667 223,B01,1,1,0,2,2,0,5,NULL,202000042720,154 667 224,A01,1,1,1,1,1997,4,1,0,-1,-1," -1",-1,202000042720,3,993,0,NULL,2,2,0,1,0,0,1,NULL," -1",1,0,1,50
202000043265,28,6,2020,13:50:00,1,78,78143,2,3,1,7,"chemin de la source","48,7351420","2,0874020",202000043265,154 666 219,A01,3,1,14,0,1,1,5,NULL,202000043265,154 666 219,A01,1,1,3,1,1991,5,2,-1,-1,0,0,-1,202000043265,4,NULL,0,NULL,-1,2,0,4,0,0,1,NULL," -1",1,0,1,50
202000043733,4,12,2020,18:20:00,5,33,33069,2,6,2,3,"AVE MAL DE LATTRE DE TASSIGNY","44,8635500"," -0,6064000",202000043733,154 665 386,B01,1,1,0,2,1,1,5,NULL,202000043733,154 665 386,B01,2,2,4,2,2012,0,8,-1,-1,-1," -1",-1,202000043733,4,"AVE MAL DE LATTRE DE TASSIGNY",0,NULL,2,2,0,1,(1),(1),1,NULL," -1",2,0,1,30
202000043733,4,12,2020,18:20:00,5,33,33069,2,6,2,3,"AVE MAL DE LATTRE DE TASSIGNY","44,8635500"," -0,6064000",202000043733,154 665 386,B01,1,1,0,2,1,1,5,NULL,202000043733,154 665 386,B01,1,1,4,2,1978,0,8,-1,-1,-1," -1",-1,202000043733,4,"AVE MAL DE LATTRE DE TASSIGNY",0,NULL,2,2,0,1,(1),(1),1,NULL," -1",2,0,1,30
202000043733,4,12,2020,18:20:00,5,33,33069,2,6,2,3,"AVE MAL DE LATTRE DE TASSIGNY","44,8635500"," -0,6064000",202000043733,154 665 386,B01,1,1,0,2,1,1,5,NULL,202000043733,154 665 387,A01,1,1,1,1,1980,0,1,-1,-1,-1," -1",-1,202000043733,4,"AVE MAL DE LATTRE DE TASSIGNY",0,NULL,2,2,0,1,(1),(1),1,NULL," -1",2,0,1,30
202000044401,27,8,2020,07:15:00,1,92,92026,2,4,1,3,HUDRI,"48,9001575","2,2656751",202000044401,154 664 188,B01,1,1,0,2,3,16,5,NULL,202000044401,154 664 188,B01,1,1,4,1,1969,1,8,0,-1,-1," -1",-1,202000044401,4,"HUDRI (RUE)",0,NULL,2,2,0,1,0,0,1,NULL," -1",1,0,1,30
202000044401,27,8,2020,07:15:00,1,92,92026,2,4,1,3,HUDRI,"48,9001575","2,2656751",202000044401,154 664 188,B01,1,1,0,2,3,16,5,NULL,202000044401,154 664 189,A01,1,1,1,1,1963,4,1,0,-1,-1," -1",-1,202000044401,4,"HUDRI (RUE)",0,NULL,2,2,0,1,0,0,1,NULL," -1",1,0,1,30
202000044791,4,1,2020,09:10:00,2,45,45274,2,6,1,1,"RUE DES ECOLES","47,8807000","1,9568000",202000044791,154 663 497,B01,3,1,0,2,1,5,0,NULL,202000044791,154 663 497,B01,1,1,4,2,1990,0,0,0,-1,0,0,-1,202000044791,4,"RUE DES ECOLES",0,NULL,-1,4,0,1,(1),(1),1,NULL," -1",1,0,1,50
202000044791,4,1,2020,09:10:00,2,45,45274,2,6,1,1,"RUE DES ECOLES","47,8807000","1,9568000",202000044791,154 663 497,B01,3,1,0,2,1,5,0,NULL,202000044791,154 663 499,A01,1,1,1,2,1990,5,1,0,-1,0,0,-1,202000044791,4,"RUE DES ECOLES",0,NULL,-1,4,0,1,(1),(1),1,NULL," -1",1,0,1,50
202000044898,26,8,2020,12:45:00,1,75,75115,2,2,1,2,"AVENUE FELIX FAURE","48,8387050","2,2821180",202000044898,154 663 308,A01,1,1,0,2,1,2,5,NULL,202000044898,154 663 308,A01,1,1,4,2,1983,9,2,0,-1,0,0,-1,202000044898,4,NULL,0,NULL,2,4,0,1,0,0,1,NULL," -1",1,0,1,50
202000044898,26,8,2020,12:45:00,1,75,75115,2,2,1,2,"AVENUE FELIX FAURE","48,8387050","2,2821180",202000044898,154 663 308,A01,1,1,0,2,1,2,5,NULL,202000044898,154 663 309,B01,1,1,1,1,1957,9,1,0,-1,0,0,-1,202000044898,4,NULL,0,NULL,2,4,0,1,0,0,1,NULL," -1",1,0,1,50
202000045879,17,9,2020,15:10:00,1,67,67482,2,1,1,2,"VIEUX MARCHE AUX VINS (RUE DU)","48,5841473","7,7431414",202000045879,154 661 646,B01,1,1,0,2,6,9,5,NULL,202000045879,154 661 645,A01,1,1,1,1,2003,5,8,0,-1,-1," -1",-1,202000045879,4,NULL,0,NULL,2,2,3,1,0,0,1,NULL," -1",9,6,6,50
202000045879,17,9,2020,15:10:00,1,67,67482,2,1,1,2,"VIEUX MARCHE AUX VINS (RUE DU)","48,5841473","7,7431414",202000045879,154 661 645,A01,1,1,0,2,5,19,5,NULL,202000045879,154 661 645,A01,1,1,1,1,2003,5,8,0,-1,-1," -1",-1,202000045879,4,NULL,0,NULL,2,2,3,1,0,0,1,NULL," -1",9,6,6,50
202000045879,17,9,2020,15:10:00,1,67,67482,2,1,1,2,"VIEUX MARCHE AUX VINS (RUE DU)","48,5841473","7,7431414",202000045879,154 661 646,B01,1,1,0,2,6,9,5,NULL,202000045879,154 661 646,B01,1,1,4,2,1951,0,8,0,-1,-1," -1",-1,202000045879,4,NULL,0,NULL,2,2,3,1,0,0,1,NULL," -1",9,6,6,50
202000045879,17,9,2020,15:10:00,1,67,67482,2,1,1,2,"VIEUX MARCHE AUX VINS (RUE DU)","48,5841473","7,7431414",202000045879,154 661 645,A01,1,1,0,2,5,19,5,NULL,202000045879,154 661 646,B01,1,1,4,2,1951,0,8,0,-1,-1," -1",-1,202000045879,4,NULL,0,NULL,2,2,3,1,0,0,1,NULL," -1",9,6,6,50
202000007184,13,9,2020,19:30:00,1,25,25056,2,1,1,2,BATTANT,"47,2431270","6,0214950",202000007184,154 729 625,A01,1,1,0,2,1,26,0,NULL,202000007184,154 729 624,B01,1,1,1,1,1973,0,1,0,-1,-1," -1",-1,202000007184,4,NULL,0,NULL,1,1,0,2,(1),(1),1,NULL," -1",1,0,1,20
202000007184,13,9,2020,19:30:00,1,25,25056,2,1,1,2,BATTANT,"47,2431270","6,0214950",202000007184,154 729 625,A01,1,1,0,2,1,26,0,NULL,202000007184,154 729 625,A01,1,1,4,1,1991,0,2,0,-1,-1," -1",-1,202000007184,4,NULL,0,NULL,1,1,0,2,(1),(1),1,NULL," -1",1,0,1,20
202000007382,30,1,2020,07:30:00,5,75,75116,2,7,1,-1,"PORTE DE MADRID","48,8741501","2,2553821",202000007382,154 729 257,A01,3,1,0,2,3,15,5,NULL,202000007382,154 729 257,A01,1,1,4,2,1994,1,8,2,-1,0,0,-1,202000007382,4,NULL,0,NULL,4,3,0,1,0,0,1,NULL,9,1,0,1,50
202000007812,18,7,2020,17:00:00,1,30,30189,2,2,1,3,"CITE FOULC (RUE)","43,8322100","4,3607700",202000007812,154 728 511,B01,3,1,0,2,1,5,0,NULL,202000007812,154 728 509,A01,1,1,1,2,1992,5,0,-1,-1,-1," -1",-1,202000007812,7,"CITE FOULC (RUE)",0,NULL,-1,1,0,1,(1),(1),1,NULL," -1",1,0,1,50
202000007812,18,7,2020,17:00:00,1,30,30189,2,2,1,3,"CITE FOULC (RUE)","43,8322100","4,3607700",202000007812,154 728 511,B01,3,1,0,2,1,5,0,NULL,202000007812,154 728 511,B01,1,1,4,1,1994,5,-1,0,-1,-1," -1",-1,202000007812,7,"CITE FOULC (RUE)",0,NULL,-1,1,0,1,(1),(1),1,NULL," -1",1,0,1,50
202000008318,31,12,2020,10:37:00,1,56,56121,2,3,1,3,"MONISTROL (RUE)","47,7380000"," -3,3819000",202000008318,154 727 620,B01,1,1,0,2,1,1,5,NULL,202000008318,154 727 620,B01,1,1,4,2,1966,5,2,8,-1,-1," -1",-1,202000008318,4,NULL,0,NULL,2,2,2,2,(1),(1),1,NULL," -1",1,0,1,30
202000008318,31,12,2020,10:37:00,1,56,56121,2,3,1,3,"MONISTROL (RUE)","47,7380000"," -3,3819000",202000008318,154 727 620,B01,1,1,0,2,1,1,5,NULL,202000008318,154 727 621,A01,1,1,1,2,1995,4,1,8,-1,-1," -1",-1,202000008318,4,NULL,0,NULL,2,2,2,2,(1),(1),1,NULL," -1",1,0,1,30
202000008562,25,11,2020,08:10:00,1,18,18197,2,1,1,6,"1 Quai Farfadet","46,7181460","2,5059520",202000008562,154 727 200,A01,1,1,1,0,8,14,5,NULL,202000008562,154 727 200,A01,1,1,3,1,2007,2,0,-1,-1,0,0,-1,202000008562,3,NULL,0,NULL,2,2,2,2,(1),(1),1,NULL," -1",1,0,4,50
202000008922,6,2,2020,08:25:00,1,27,27681,2,2,5,3,"Av Montgomery / Av des Capucins","49,0887000","1,4670000",202000008922,154 726 571,B01,0,1,0,2,7,19,5,NULL,202000008922,154 726 570,A01,1,1,1,2,1975,1,1,0,-1,0,0,-1,202000008922,3,181,0,NULL,2,2,0,1,11,510,1,NULL," -1",2,0,8,50
202000008922,6,2,2020,08:25:00,1,27,27681,2,2,5,3,"Av Montgomery / Av des Capucins","49,0887000","1,4670000",202000008922,154 726 571,B01,0,1,0,2,7,19,5,NULL,202000008922,154 726 571,B01,1,1,4,1,2004,1,8,0,-1,0,0,-1,202000008922,3,181,0,NULL,2,2,0,1,11,510,1,NULL," -1",2,0,8,50
202000009821,17,6,2020,20:45:00,1,75,75116,2,3,1,3,"AVENUE DE NEW YORK","48,8632190","2,2961810",202000009821,154 724 981,B01,2,1,0,2,1,1,5,NULL,202000009821,154 724 980,A01,2,2,1,2,2001,5,1,8,-1,0,0,-1,202000009821,4,NULL,0,NULL,2,4,3,1,0,0,1,NULL," -1",1,0,1,50
202000009821,17,6,2020,20:45:00,1,75,75116,2,3,1,3,"AVENUE DE NEW YORK","48,8632190","2,2961810",202000009821,154 724 981,B01,2,1,0,2,1,1,5,NULL,202000009821,154 724 980,A01,1,1,1,1,2000,5,1,8,-1,0,0,-1,202000009821,4,NULL,0,NULL,2,4,3,1,0,0,1,NULL," -1",1,0,1,50
202000009821,17,6,2020,20:45:00,1,75,75116,2,3,1,3,"AVENUE DE NEW YORK","48,8632190","2,2961810",202000009821,154 724 981,B01,2,1,0,2,1,1,5,NULL,202000009821,154 724 981,B01,1,1,4,2,1979,1,2,8,-1,0,0,-1,202000009821,4,NULL,0,NULL,2,4,3,1,0,0,1,NULL," -1",1,0,1,50
202000010552,21,11,2020,16:25:00,1,75,75115,2,1,1,6,"RUE JULES SIMON","48,8409290","2,2921680",202000010552,154 723 700,A01,2,1,0,1,1,1,5,NULL,202000010552,154 723 700,A01,1,1,4,1,2005,5,8,0,-1,0,0,-1,202000010552,4,NULL,0,NULL,1,1,0,1,0,0,1,NULL," -1",1,0,1,50
202000010552,21,11,2020,16:25:00,1,75,75115,2,1,1,6,"RUE JULES SIMON","48,8409290","2,2921680",202000010552,154 723 700,A01,2,1,0,1,1,1,5,NULL,202000010552,154 723 700,A01,10,3,4,2,1953,9,0,-1,-1,1,3,1,202000010552,4,NULL,0,NULL,1,1,0,1,0,0,1,NULL," -1",1,0,1,50
202000010830,26,2,2020,09:30:00,1,94,94033,2,2,1,1,"STALINGRAD (AV DE)","48,8526700","2,4493200",202000010830,154 723 223,B01,1,1,0,2,8,1,5,NULL,202000010830,154 723 223,B01,1,1,4,1,1963,1,2,0,-1,-1,0,-1,202000010830,3,"STALINGRAD (AV DE)",0,NULL,2,2,0,1,0,0,1,NULL," -1",2,5,1,50
202000010830,26,2,2020,09:30:00,1,94,94033,2,2,1,1,"STALINGRAD (AV DE)","48,8526700","2,4493200",202000010830,154 723 223,B01,1,1,0,2,8,1,5,NULL,202000010830,154 723 224,A01,1,1,1,2,2000,5,1,0,-1,-1,0,-1,202000010830,3,"STALINGRAD (AV DE)",0,NULL,2,2,0,1,0,0,1,NULL," -1",2,5,1,50
202000011659,13,6,2020,22:52:00,5,67,67482,2,1,1,3,"GENERAL DE GAULLE (AVENUE DU)","48,5787600","7,7696200",202000011659,154 721 732,B01,1,1,0,2,0,0,0,NULL,202000011659,154 721 732,B01,1,1,3,1,1985,0,2,0,-1,-1," -1",-1,202000011659,4,"GENERAL DE GAULLE (AVENUE DU)",0,NULL,2,2,0,1,0,0,1,NULL," -1",1,0,1,50