Num_Acc,jour,mois,an,hrmn,lum,dep,com,agg,int,atm,col,adr,lat,long,Num_Acc,id_vehicule,num_veh,senc,catv,obs,obsm,choc,manv,motor,occutc,Num_Acc,id_vehicule,num_veh,place,catu,grav,sexe,an_nais,trajet,secu1,secu2,secu3,locp,actp,etatp,Num_Acc,catr,voie,v1,v2,circ,nbv,vosp,prof,pr,pr1,plan,lartpc,larrout,surf,infra,situ,vma
202000011659,13,6,2020,22:52:00,5,67,67482,2,1,1,3,"GENERAL DE GAULLE (AVENUE DU)","48,5787600","7,7696200",202000011659,154 721 732,B01,1,1,0,2,0,0,0,NULL,202000011659,154 721 733,A01,1,1,1,1,1982,0,1,8,-1,-1," -1",-1,202000011659,4,"GENERAL DE GAULLE (AVENUE DU)",0,NULL,2,2,0,1,0,0,1,NULL," -1",1,0,1,50
202000012377,19,11,2020,17:20:00,5,67,67447,2,1,1,1,"HAUSBERGEN (ROUTE DE)","48,6067300","7,7269600",202000012377,154 720 499,B01,2,1,0,2,2,1,5,NULL,202000012377,154 720 499,B01,1,1,4,2,1994,1,8,0,-1,-1," -1",-1,202000012377,7,120,0,NULL,1,1,1,2,2,300,1,NULL," -1",2,2,5,35
202000012377,19,11,2020,17:20:00,5,67,67447,2,1,1,1,"HAUSBERGEN (ROUTE DE)","48,6067300","7,7269600",202000012377,154 720 499,B01,2,1,0,2,2,1,5,NULL,202000012377,154 720 500,A01,1,1,4,1,2001,5,8,0,-1,-1," -1",-1,202000012377,7,120,0,NULL,1,1,1,2,2,300,1,NULL," -1",2,2,5,35
202000012377,19,11,2020,17:20:00,5,67,67447,2,1,1,1,"HAUSBERGEN (ROUTE DE)","48,6067300","7,7269600",202000012377,154 720 499,B01,2,1,0,2,2,1,5,NULL,202000012377,154 720 500,A01,2,2,4,1,2002,5,8,0,-1,-1," -1",-1,202000012377,7,120,0,NULL,1,1,1,2,2,300,1,NULL," -1",2,2,5,35
202000021146,10,9,2020,18:50:00,1,19,19117,1,1,1,1,NULL,"45,0955239","1,4721304",202000021146,154 705 006,B01,2,1,0,2,1,9,5,NULL,202000021146,154 705 005,A01,1,1,1,1,1987,1,1,-1,-1,0,0,-1,202000021146,3,154,-1,NULL,2,2,0,2,7,689,2,NULL," -1",1,0,1,90
202000021146,10,9,2020,18:50:00,1,19,19117,1,1,1,1,NULL,"45,0955239","1,4721304",202000021146,154 705 006,B01,2,1,0,2,1,9,5,NULL,202000021146,154 705 006,B01,1,1,2,1,1995,5,0,-1,-1,0,0,-1,202000021146,3,154,-1,NULL,2,2,0,2,7,689,2,NULL," -1",1,0,1,90
202000023128,9,8,2020,12:00:00,1,65,65116,1,1,1,6,"Hourquette d'Ancizan (Col de montagne)","42,8980220","0,3131850",202000023128,154 701 543,A01,2,1,13,0,0,21,5,NULL,202000023128,154 701 543,A01,1,1,3,1,2006,5,2,-1,-1,0,0,-1,202000023128,3,113,0,NULL,2,2,0,2,9,335,4,NULL," -1",1,0,3,80
202000023785,6,11,2020,14:00:00,1,07,07281,2,3,1,3,"BOUVAT (AVENUE MARC)","44,9471600","4,8508200",202000023785,154 700 380,B01,3,1,0,0,7,26,5,NULL,202000023785,154 700 377,A01,1,1,1,2,1979,3,1,0,-1,-1," -1",-1,202000023785,4,"CURIE (RUE PIERRE ET MARIE)",0,NULL,2,2,1,1,0,0,1,NULL," -1",1,0,1,50
202000023785,6,11,2020,14:00:00,1,07,07281,2,3,1,3,"BOUVAT (AVENUE MARC)","44,9471600","4,8508200",202000023785,154 700 380,B01,3,1,0,0,7,26,5,NULL,202000023785,154 700 380,B01,1,1,4,1,1970,1,2,0,-1,-1," -1",-1,202000023785,4,"CURIE (RUE PIERRE ET MARIE)",0,NULL,2,2,1,1,0,0,1,NULL," -1",1,0,1,50
202000025006,21,7,2020,17:45:00,1,92,92025,2,1,1,7,"AGENT SARRE (AV DE L')","48,9240174","2,2616031",202000025006,154 698 229,A01,1,1,0,0,0,1,5,NULL,202000025006,154 698 229,A01,1,1,2,1,1961,9,8,0,-1,-1," -1",-1,202000025006,3,986,0,NULL,2,2,0,1,0,0,1,NULL," -1",1,0,1,50
202000027305,8,4,2020,18:30:00,1,76,76452,2,6,1,7,"Rue de Bois Isambert","49,5435800","1,1042010",202000027305,154 694 241,A01,2,1,0,0,8,1,5,NULL,202000027305,154 694 241,A01,1,1,3,2,1962,5,0,-1,-1,0,0,-1,202000027305,3,47,0,NULL,2,2,0,1,16,331,1,NULL," -1",1,0,1,50
202000027849,3,6,2020,18:45:00,1,69,69385,2,1,1,6,"MENIVAL (DE)                        (AV)","45,7560600","4,7877700",202000027849,154 693 301,A01,1,1,0,9,1,1,5,NULL,202000027849,154 693 301,A01,1,1,3,2,1972,1,2,0,-1,-1," -1",-1,202000027849,4,"MENIVAL (DE)                        (AV)",0,NULL,2,4,1,2,0,0,2,NULL," -1",1,0,1,50
202000028656,15,2,2020,14:10:00,1,33,33281,2,4,1,3,"AVE DES EYQUEMS / RUE DE L'INDUSTRIE","44,8271200"," -0,6170700",202000028656,154 691 856,B01,1,1,0,2,4,1,5,NULL,202000028656,154 691 855,A01,1,1,1,2,1984,0,8,-1,-1,-1," -1",-1,202000028656,4,"AVE DES EYQUEMS",0,NULL,1,1,0,2,(1),(1),1,NULL," -1",1,0,1,50
202000028656,15,2,2020,14:10:00,1,33,33281,2,4,1,3,"AVE DES EYQUEMS / RUE DE L'INDUSTRIE","44,8271200"," -0,6170700",202000028656,154 691 856,B01,1,1,0,2,4,1,5,NULL,202000028656,154 691 856,B01,1,1,4,1,1991,0,8,-1,-1,-1," -1",-1,202000028656,4,"AVE DES EYQUEMS",0,NULL,1,1,0,2,(1),(1),1,NULL," -1",1,0,1,50
202000029051,3,8,2020,10:35:00,1,88,88424,2,1,1,-1,"AVENUE DU GENERAL DE GAULLE","48,2709000","6,9727000",202000029051,154 691 204,B01,2,1,0,0,8,0,0,NULL,202000029051,154 691 203,A01,1,1,1,1,1967,5,1,8,-1,-1," -1",-1,202000029051,3,D420,0,NULL,2,2,0,1,51,150,1,NULL," -1",1,0,1,50
202000029051,3,8,2020,10:35:00,1,88,88424,2,1,1,-1,"AVENUE DU GENERAL DE GAULLE","48,2709000","6,9727000",202000029051,154 691 204,B01,2,1,0,0,8,0,0,NULL,202000029051,154 691 204,B01,1,1,3,1,1939,5,8,0,-1,-1," -1",-1,202000029051,3,D420,0,NULL,2,2,0,1,51,150,1,NULL," -1",1,0,1,50
202000030043,13,1,2020,18:15:00,2,75,75116,2,2,2,5,"ALLEE DE LA REINE MARGUERITE","48,8585640","2,2448870",202000030043,154 689 453,C01,1,1,0,2,8,25,5,NULL,202000030043,154 689 453,C01,1,1,4,2,1982,9,8,2,-1,0,0,-1,202000030043,4,NULL,0,NULL,2,3,0,1,0,0,1,NULL,9,2,0,1,50
202000030043,13,1,2020,18:15:00,2,75,75116,2,2,2,5,"ALLEE DE LA REINE MARGUERITE","48,8585640","2,2448870",202000030043,154 689 453,C01,1,1,0,2,8,25,5,NULL,202000030043,154 689 454,A01,3,2,1,1,1986,9,1,0,-1,0,0,-1,202000030043,4,NULL,0,NULL,2,3,0,1,0,0,1,NULL,9,2,0,1,50
202000030043,13,1,2020,18:15:00,2,75,75116,2,2,2,5,"ALLEE DE LA REINE MARGUERITE","48,8585640","2,2448870",202000030043,154 689 453,C01,1,1,0,2,8,25,5,NULL,202000030043,154 689 454,A01,1,1,1,1,1989,4,1,0,-1,0,0,-1,202000030043,4,NULL,0,NULL,2,3,0,1,0,0,1,NULL,9,2,0,1,50
202000030043,13,1,2020,18:15:00,2,75,75116,2,2,2,5,"ALLEE DE LA REINE MARGUERITE","48,8585640","2,2448870",202000030043,154 689 453,C01,1,1,0,2,8,25,5,NULL,202000030043,154 689 455,B01,1,1,1,1,1966,1,1,0,-1,0,0,-1,202000030043,4,NULL,0,NULL,2,3,0,1,0,0,1,NULL,9,2,0,1,50
202000031968,13,1,2020,18:15:00,5,75,75103,2,1,1,7,"RUE CHAPON","48,8634150","2,3560410",202000031968,154 686 178,A01,1,1,0,0,2,1,5,NULL,202000031968,154 686 178,A01,1,1,4,1,1964,1,8,2,-1,0,0,-1,202000031968,4,NULL,0,NULL,1,1,0,1,17,0,1,NULL," -1",1,8,1,50
202000037730,26,9,2020,20:55:00,5,75,75116,2,2,2,3,"RUE DE BOULAINVILLIERS","48,8514710","2,2782470",202000037730,154 676 048,B01,1,1,0,2,7,1,5,NULL,202000037730,154 676 048,B01,1,1,4,1,1995,1,8,0,-1,0,0,-1,202000037730,4,NULL,0,NULL,2,2,0,1,0,0,1,NULL," -1",2,0,1,30
202000040537,6,12,2020,11:40:00,1,75,75111,2,3,1,2,"RUE DE LA ROQUETTE","48,8589540","2,3852800",202000040537,154 671 114,A01,1,1,0,2,4,1,5,NULL,202000040537,154 671 114,A01,1,1,4,2,1992,3,8,0,-1,0,0,-1,202000040537,4,NULL,0,NULL,2,2,0,1,0,0,1,NULL," -1",1,0,1,50
202000040876,22,9,2020,22:35:00,5,75,75115,2,7,1,-1,"RUE LINOIS","48,8491640","2,2817880",202000040876,154 670 523,A01,1,1,0,2,8,1,5,NULL,202000040876,154 670 523,A01,1,1,4,1,1998,9,8,0,-1,0,0,-1,202000040876,4,NULL,0,NULL,2,2,1,1,0,0,1,NULL," -1",1,-1,5,50
202000041740,28,6,2020,12:55:00,1,75,75113,2,3,1,3,"BOULEVARD DE L HOPITAL","48,8427070","2,3639970",202000041740,154 668 977,B01,1,1,0,2,1,7,5,NULL,202000041740,154 668 977,B01,1,1,4,2,1974,9,2,0,-1,0,0,-1,202000041740,4,NULL,0,NULL,2,6,3,1,0,0,1,NULL," -1",1,-1,6,50
202000041740,28,6,2020,12:55:00,1,75,75113,2,3,1,3,"BOULEVARD DE L HOPITAL","48,8427070","2,3639970",202000041740,154 668 977,B01,1,1,0,2,1,7,5,NULL,202000041740,154 668 978,A01,1,1,1,1,1959,9,1,0,-1,0,0,-1,202000041740,4,NULL,0,NULL,2,6,3,1,0,0,1,NULL," -1",1,-1,6,50
202000045895,21,9,2020,14:19:00,1,51,51454,2,2,1,3,"Avenue Jean Jaurès","49,2603784","4,0475382",202000045895,154 661 619,B01,0,1,0,2,0,0,5,NULL,202000045895,154 661 619,B01,1,1,3,2,1956,0,8,-1,-1,-1," -1",-1,202000045895,4,NULL,0,NULL,2,4,3,1,(1),(1),1,NULL," -1",1,0,1,50
202000045895,21,9,2020,14:19:00,1,51,51454,2,2,1,3,"Avenue Jean Jaurès","49,2603784","4,0475382",202000045895,154 661 619,B01,0,1,0,2,0,0,5,NULL,202000045895,154 661 620,A01,1,1,1,1,1991,4,1,-1,-1,-1," -1",-1,202000045895,4,NULL,0,NULL,2,4,3,1,(1),(1),1,NULL," -1",1,0,1,50
202000046613,26,8,2020,11:38:00,1,04,04176,1,1,1,1,"RD 111","43,7551960","6,1405610",202000046613,154 660 325,A01,1,1,0,2,1,13,5,NULL,202000046613,154 660 323,B01,1,1,1,1,1969,3,1,-1,-1,0,0,-1,202000046613,3,111,0,NULL,2,2,0,2,16,80,2,NULL," -1",1,0,1,80
202000046613,26,8,2020,11:38:00,1,04,04176,1,1,1,1,"RD 111","43,7551960","6,1405610",202000046613,154 660 325,A01,1,1,0,2,1,13,5,NULL,202000046613,154 660 325,A01,1,1,4,1,1952,5,2,-1,-1,0,0,-1,202000046613,3,111,0,NULL,2,2,0,2,16,80,2,NULL," -1",1,0,1,80
202000006551,26,11,2020,06:47:00,5,75,75117,2,2,1,2,"BOULEVARD BESSIERES","48,8943150","2,3137680",202000006551,154 730 724,B01,1,1,0,2,4,23,5,NULL,202000006551,154 730 724,B01,1,1,4,2,1985,1,2,0,-1,0,0,-1,202000006551,4,NULL,0,NULL,3,2,0,1,0,0,1,NULL," -1",1,0,1,30
202000006551,26,11,2020,06:47:00,5,75,75117,2,2,1,2,"BOULEVARD BESSIERES","48,8943150","2,3137680",202000006551,154 730 724,B01,1,1,0,2,4,23,5,NULL,202000006551,154 730 725,A01,1,1,1,1,1955,1,1,0,-1,0,0,-1,202000006551,4,NULL,0,NULL,3,2,0,1,0,0,1,NULL," -1",1,0,1,30
202000008328,8,12,2020,18:45:00,3,33,33281,2,6,1,3,"AVE DU MARECHAL LECLERC / AVE DE FONCASTEL","44,8372600"," -0,6469900",202000008328,154 727 602,B01,1,1,0,2,1,1,5,NULL,202000008328,154 727 601,A01,1,1,1,1,2000,0,8,-1,-1,-1," -1",-1,202000008328,4,"AVE DU MARECHAL LECLERC",0,NULL,2,6,1,1,(1),(1),1,NULL," -1",1,0,1,50
202000008328,8,12,2020,18:45:00,3,33,33281,2,6,1,3,"AVE DU MARECHAL LECLERC / AVE DE FONCASTEL","44,8372600"," -0,6469900",202000008328,154 727 602,B01,1,1,0,2,1,1,5,NULL,202000008328,154 727 602,B01,1,1,4,1,1951,0,8,-1,-1,-1," -1",-1,202000008328,4,"AVE DU MARECHAL LECLERC",0,NULL,2,6,1,1,(1),(1),1,NULL," -1",1,0,1,50
202000009160,15,9,2020,10:15:00,1,75,75112,2,3,1,3,"BOULEVARD DE LA BASTILLE","48,8487800","2,3680240",202000009160,154 726 137,A01,2,1,0,2,7,1,5,NULL,202000009160,154 726 137,A01,1,1,3,1,1984,1,2,0,-1,0,0,-1,202000009160,4,NULL,0,NULL,1,2,1,1,0,0,1,NULL," -1",1,-1,5,50
202000009531,18,7,2020,14:20:00,1,42,42095,2,1,1,-1,"Rue du Professeur Calmette","45,3937062","4,2926393",202000009531,154 725 500,B01,2,1,1,0,1,1,5,NULL,202000009531,154 725 499,A01,1,1,1,1,1995,0,8,0,-1,-1," -1",-1,202000009531,4,NULL,0,NULL,2,1,0,1,(1),(1),1,NULL," -1",1,0,1,50
202000009531,18,7,2020,14:20:00,1,42,42095,2,1,1,-1,"Rue du Professeur Calmette","45,3937062","4,2926393",202000009531,154 725 500,B01,2,1,1,0,1,1,5,NULL,202000009531,154 725 500,B01,1,1,4,2,2004,0,8,0,-1,-1," -1",-1,202000009531,4,NULL,0,NULL,2,1,0,1,(1),(1),1,NULL," -1",1,0,1,50
202000009692,18,6,2020,19:15:00,1,28,28173,2,1,1,3,"44 grande rue","48,4699050","1,5378610",202000009692,154 725 215,B01,1,1,0,2,8,15,5,NULL,202000009692,154 725 214,A01,1,1,1,1,1983,0,1,-1,-1,0,0,-1,202000009692,3,134,0,NULL,2,2,0,1,2,170,1,NULL," -1",1,0,1,50
202000009692,18,6,2020,19:15:00,1,28,28173,2,1,1,3,"44 grande rue","48,4699050","1,5378610",202000009692,154 725 215,B01,1,1,0,2,8,15,5,NULL,202000009692,154 725 215,B01,1,1,3,1,1986,0,2,-1,-1,0,0,-1,202000009692,3,134,0,NULL,2,2,0,1,2,170,1,NULL," -1",1,0,1,50
202000017462,13,6,2020,10:30:00,1,72,72319,1,3,8,3,"Lieu Dit les Tuileries","48,1250840","0,1012590",202000017462,154 711 521,B01,3,1,0,2,8,16,5,NULL,202000017462,154 711 521,B01,1,1,3,1,1972,5,2,-1,-1,0,0,-1,202000017462,4,3,-1,NULL,2,2,0,1,(1),(1),3,NULL," -1",1,0,1,80
202000017462,13,6,2020,10:30:00,1,72,72319,1,3,8,3,"Lieu Dit les Tuileries","48,1250840","0,1012590",202000017462,154 711 521,B01,3,1,0,2,8,16,5,NULL,202000017462,154 711 522,A01,1,1,1,1,1983,0,1,-1,-1,0,0,-1,202000017462,4,3,-1,NULL,2,2,0,1,(1),(1),3,NULL," -1",1,0,1,80
202000017688,11,8,2020,21:50:00,5,65,65440,2,2,1,3,"SEPTEMBRE (RUE DU IV)","43,2288000","0,0830000",202000017688,154 711 103,B01,1,1,0,2,1,19,5,NULL,202000017688,154 711 101,A01,1,1,1,1,1988,5,1,8,-1,-1," -1",-1,202000017688,4,"SEPTEMBRE (RUE DU IV)",0,NULL,2,2,0,1,0,0,1,NULL," -1",1,5,1,50
202000017688,11,8,2020,21:50:00,5,65,65440,2,2,1,3,"SEPTEMBRE (RUE DU IV)","43,2288000","0,0830000",202000017688,154 711 103,B01,1,1,0,2,1,19,5,NULL,202000017688,154 711 103,B01,1,1,4,1,1970,9,8,0,-1,-1," -1",-1,202000017688,4,"SEPTEMBRE (RUE DU IV)",0,NULL,2,2,0,1,0,0,1,NULL," -1",1,5,1,50
202000017725,10,8,2020,11:45:00,1,42,42207,2,4,7,1,"Rue Marcellin Champagnat","45,4467700","4,5049200",202000017725,154 711 038,B01,2,1,0,2,1,1,0,NULL,202000017725,154 711 038,B01,1,1,3,1,1947,5,2,8,-1,-1," -1",-1,202000017725,3,"Rue Marcellin Champagnat",0,NULL,-1,2,0,2,15,250,1,NULL," -1",1,0,1,50
202000017725,10,8,2020,11:45:00,1,42,42207,2,4,7,1,"Rue Marcellin Champagnat","45,4467700","4,5049200",202000017725,154 711 038,B01,2,1,0,2,1,1,0,NULL,202000017725,154 711 040,A01,1,1,1,1,1951,5,1,8,-1,-1," -1",-1,202000017725,3,"Rue Marcellin Champagnat",0,NULL,-1,2,0,2,15,250,1,NULL," -1",1,0,1,50
202000021248,9,6,2020,17:30:00,1,91,91174,2,9,1,1,"JOHN KENNEDY (BOULEVARD)","48,5795400","2,4761900",202000021248,154 704 831,B01,1,1,0,2,7,1,5,NULL,202000021248,154 704 830,A01,1,1,1,2,1972,1,1,0,-1,-1," -1",-1,202000021248,2,7,0,NULL,2,4,1,1,0,0,1,NULL," -1",1,0,5,50
202000021248,9,6,2020,17:30:00,1,91,91174,2,9,1,1,"JOHN KENNEDY (BOULEVARD)","48,5795400","2,4761900",202000021248,154 704 831,B01,1,1,0,2,7,1,5,NULL,202000021248,154 704 831,B01,1,1,4,1,1961,1,2,0,-1,-1," -1",-1,202000021248,2,7,0,NULL,2,4,1,1,0,0,1,NULL," -1",1,0,5,50
202000021261,8,6,2020,14:25:00,1,64,64445,2,1,1,-1,TOURASSE,"43,3091600"," -0,3440000",202000021261,154 704 805,A01,1,1,0,2,3,15,5,NULL,202000021261,154 704 805,A01,1,1,4,1,2002,0,8,8,-1,-1," -1",-1,202000021261,4,TOURASSE,0,NULL,2,2,0,1,0,0,1,NULL," -1",1,0,1,50
202000021261,8,6,2020,14:25:00,1,64,64445,2,1,1,-1,TOURASSE,"43,3091600"," -0,3440000",202000021261,154 704 805,A01,1,1,0,2,3,15,5,NULL,202000021261,154 704 806,B01,1,1,1,1,1952,0,1,0,-1,-1," -1",-1,202000021261,4,TOURASSE,0,NULL,2,2,0,1,0,0,1,NULL," -1",1,0,1,50
202000021814,11,11,2020,10:40:00,1,75,75117,2,1,1,3,"RUE DE COURCELLES","48,8822880","2,2999690",202000021814,154 703 833,B01,2,1,0,2,1,1,5,NULL,202000021814,154 703 832,A01,1,1,1,1,1952,5,1,0,-1,0,0,-1,202000021814,4,NULL,0,NULL,2,2,0,1,0,0,1,NULL," -1",1,0,1,50
202000021814,11,11,2020,10:40:00,1,75,75117,2,1,1,3,"RUE DE COURCELLES","48,8822880","2,2999690",202000021814,154 703 833,B01,2,1,0,2,1,1,5,NULL,202000021814,154 703 833,B01,1,1,4,1,1999,4,8,0,-1,0,0,-1,202000021814,4,NULL,0,NULL,2,2,0,1,0,0,1,NULL," -1",1,0,1,50
202000023899,19,12,2020,14:55:00,1,77,77196,1,1,1,2,"Route Nationale 3","48,9481540","2,7428050",202000023899,154 700 178,A01,2,1,0,2,0,0,5,NULL,202000023899,154 700 178,A01,1,1,3,1,1981,0,0,-1,-1,0,0,-1,202000023899,2,3,0,NULL,3,4,0,1,10,780,1,NULL," -1",2,0,1,110
202000024595,5,7,2020,20:51:00,1,91,91347,2,1,1,6,"ROBINEAUX (CHEMIN DES)","48,6273900","2,2895500",202000024595,154 698 973,A01,3,1,14,0,1,21,5,NULL,202000024595,154 698 973,A01,1,1,4,1,1999,4,2,8,-1,-1," -1",-1,202000024595,4,NULL,0,NULL,2,1,0,4,0,0,1,NULL," -1",1,0,1,50
202000025822,14,4,2020,20:50:00,5,37,37261,2,1,1,1,"LAPONNERAYE (RUE)","47,3831222","0,6894884",202000025822,154 696 813,B01,3,1,0,2,1,5,5,NULL,202000025822,154 696 813,B01,1,1,4,1,1998,9,8,0,-1,-1," -1",-1,202000025822,4,NULL,0,NULL,1,1,0,1,0,0,1,NULL," -1",1,0,1,30
202000025822,14,4,2020,20:50:00,5,37,37261,2,1,1,1,"LAPONNERAYE (RUE)","47,3831222","0,6894884",202000025822,154 696 813,B01,3,1,0,2,1,5,5,NULL,202000025822,154 696 814,A01,1,1,1,2,1988,9,1,8,-1,-1," -1",-1,202000025822,4,NULL,0,NULL,1,1,0,1,0,0,1,NULL," -1",1,0,1,30
202000026848,6,9,2020,16:15:00,1,75,75103,2,2,8,3,"RUE BEAUBOURG","48,8637460","2,3548890",202000026848,154 695 010,B01,1,1,0,2,8,15,5,NULL,202000026848,154 695 009,A01,1,1,4,1,1976,9,2,6,-1,0,0,-1,202000026848,4,NULL,0,NULL,1,3,3,1,0,0,1,NULL," -1",1,0,1,50
202000026848,6,9,2020,16:15:00,1,75,75103,2,2,8,3,"RUE BEAUBOURG","48,8637460","2,3548890",202000026848,154 695 010,B01,1,1,0,2,8,15,5,NULL,202000026848,154 695 009,A01,2,2,4,1,2008,9,2,6,-1,0,0,-1,202000026848,4,NULL,0,NULL,1,3,3,1,0,0,1,NULL," -1",1,0,1,50
202000026848,6,9,2020,16:15:00,1,75,75103,2,2,8,3,"RUE BEAUBOURG","48,8637460","2,3548890",202000026848,154 695 010,B01,1,1,0,2,8,15,5,NULL,202000026848,154 695 010,B01,1,1,1,1,2000,9,2,0,-1,0,0,-1,202000026848,4,NULL,0,NULL,1,3,3,1,0,0,1,NULL," -1",1,0,1,50
202000027476,3,11,2020,18:15:00,2,54,54395,2,2,1,3,"LOUIS (RUE BARON)","48,6966261","6,1743288",202000027476,154 693 948,B01,3,1,0,2,1,1,5,NULL,202000027476,154 693 948,B01,1,1,4,2,1994,0,0,0,-1,-1," -1",-1,202000027476,4,NULL,0,NULL,2,2,0,1,0,0,1,NULL," -1",1,0,1,30
202000027476,3,11,2020,18:15:00,2,54,54395,2,2,1,3,"LOUIS (RUE BARON)","48,6966261","6,1743288",202000027476,154 693 948,B01,3,1,0,2,1,1,5,NULL,202000027476,154 693 950,A01,1,1,1,1,1998,1,1,0,-1,0,0,-1,202000027476,4,NULL,0,NULL,2,2,0,1,0,0,1,NULL," -1",1,0,1,30
202000027636,29,5,2020,16:08:00,1,29,29019,2,6,1,3,"Rue Général Paulet","48,4226187"," -4,4759439",202000027636,154 693 672,B01,0,1,0,0,0,0,5,NULL,202000027636,154 693 671,A01,1,1,1,1,1975,4,1,0,-1,-1," -1",-1,202000027636,4,"Rue Général Paulet",0,NULL,2,0,0,1,0,0,3,NULL," -1",1,5,1,50
202000027636,29,5,2020,16:08:00,1,29,29019,2,6,1,3,"Rue Général Paulet","48,4226187"," -4,4759439",202000027636,154 693 672,B01,0,1,0,0,0,0,5,NULL,202000027636,154 693 672,B01,1,1,4,1,1973,0,2,0,-1,0,0,-1,202000027636,4,"Rue Général Paulet",0,NULL,2,0,0,1,0,0,3,NULL," -1",1,5,1,50
202000027678,5,6,2020,12:50:00,1,75,75116,2,3,8,6,"RUE DE LA POMPE","48,8608120","2,2752160",202000027678,154 693 598,A01,2,1,0,1,7,1,5,NULL,202000027678,154 693 598,A01,10,3,1,2,1945,9,0,-1,-1,3,3,1,202000027678,4,NULL,0,NULL,2,2,0,1,0,0,1,NULL," -1",1,0,1,30
202000027678,5,6,2020,12:50:00,1,75,75116,2,3,8,6,"RUE DE LA POMPE","48,8608120","2,2752160",202000027678,154 693 598,A01,2,1,0,1,7,1,5,NULL,202000027678,154 693 598,A01,1,1,4,1,1989,9,8,0,-1,0,0,-1,202000027678,4,NULL,0,NULL,2,2,0,1,0,0,1,NULL," -1",1,0,1,30
202000027975,15,12,2020,18:35:00,3,28,28134,2,1,1,2,"OSMEAUX (RUE DES)","48,7503900","1,3931300",202000027975,154 693 076,B01,3,1,0,2,4,2,0,NULL,202000027975,154 693 075,A01,1,1,1,2,1993,1,1,8,-1,-1," -1",-1,202000027975,3,"OSMEAUX (RUE DES)",0,NULL,2,2,0,1,0,0,1,NULL," -1",2,0,1,80
202000027975,15,12,2020,18:35:00,3,28,28134,2,1,1,2,"OSMEAUX (RUE DES)","48,7503900","1,3931300",202000027975,154 693 076,B01,3,1,0,2,4,2,0,NULL,202000027975,154 693 076,B01,1,1,4,1,2004,5,2,8,-1,-1," -1",-1,202000027975,3,"OSMEAUX (RUE DES)",0,NULL,2,2,0,1,0,0,1,NULL," -1",2,0,1,80
202000028698,6,9,2020,01:15:00,5,72,72181,2,2,1,3,"COURBOULAY PAUL (RUE)","48,0058500","0,1918900",202000028698,154 691 776,B01,1,1,0,2,1,0,5,NULL,202000028698,154 691 775,A01,1,1,1,1,2001,0,1,0,-1,-1," -1",-1,202000028698,4,"COURBOULAY PAUL (RUE)",0,NULL,2,2,0,1,0,0,1,NULL," -1",1,5,1,50
202000028698,6,9,2020,01:15:00,5,72,72181,2,2,1,3,"COURBOULAY PAUL (RUE)","48,0058500","0,1918900",202000028698,154 691 776,B01,1,1,0,2,1,0,5,NULL,202000028698,154 691 776,B01,1,1,4,1,1958,0,8,0,-1,-1," -1",-1,202000028698,4,"COURBOULAY PAUL (RUE)",0,NULL,2,2,0,1,0,0,1,NULL," -1",1,5,1,50
202000030196,14,1,2020,23:50:00,5,75,75105,2,7,1,3,"PLACE DU PANTHEON","48,8456902","2,3459051",202000030196,154 689 175,B01,2,1,0,2,1,19,5,NULL,202000030196,154 689 174,A01,1,1,1,1,1966,4,1,0,-1,0,0,-1,202000030196,4,NULL,0,NULL,1,2,0,1,0,0,1,NULL,7,1,0,1,30
202000030196,14,1,2020,23:50:00,5,75,75105,2,7,1,3,"PLACE DU PANTHEON","48,8456902","2,3459051",202000030196,154 689 175,B01,2,1,0,2,1,19,5,NULL,202000030196,154 689 174,A01,4,2,1,2,1956,1,1,0,-1,0,0,-1,202000030196,4,NULL,0,NULL,1,2,0,1,0,0,1,NULL,7,1,0,1,30
202000030196,14,1,2020,23:50:00,5,75,75105,2,7,1,3,"PLACE DU PANTHEON","48,8456902","2,3459051",202000030196,154 689 175,B01,2,1,0,2,1,19,5,NULL,202000030196,154 689 175,B01,1,1,4,2,1994,5,8,2,-1,0,0,-1,202000030196,4,NULL,0,NULL,1,2,0,1,0,0,1,NULL,7,1,0,1,30
202000030297,5,7,2020,11:00:00,1,69,69254,1,1,1,3,"Croix de la Main - rd 313","45,9604510","4,4155170",202000030297,154 689 008,B01,1,1,0,0,8,1,5,NULL,202000030297,154 689 007,A01,1,1,1,1,1946,5,1,-1,-1,0,0,-1,202000030297,3,313,-1,NULL,2,2,0,2,(1),(1),2,NULL,7,1,0,1,80
202000030297,5,7,2020,11:00:00,1,69,69254,1,1,1,3,"Croix de la Main - rd 313","45,9604510","4,4155170",202000030297,154 689 008,B01,1,1,0,0,8,1,5,NULL,202000030297,154 689 008,B01,1,1,3,1,1940,5,2,-1,-1,0,0,-1,202000030297,3,313,-1,NULL,2,2,0,2,(1),(1),2,NULL,7,1,0,1,80
202000031063,31,10,2020,18:45:00,5,92,92049,2,1,2,3,"BRIAND AVENUE ARISTIDE AUTRES N°","48,8184496","2,3256717",202000031063,154 687 737,A01,2,1,0,2,7,19,5,NULL,202000031063,154 687 737,A01,1,1,3,1,1947,0,8,8,-1,0,0,-1,202000031063,3,920,0,NULL,3,4,1,1,0,0,1,NULL," -1",2,0,1,50