Num_Acc,jour,mois,an,hrmn,lum,dep,com,agg,int,atm,col,adr,lat,long,Num_Acc,id_vehicule,num_veh,senc,catv,obs,obsm,choc,manv,motor,occutc,Num_Acc,id_vehicule,num_veh,place,catu,grav,sexe,an_nais,trajet,secu1,secu2,secu3,locp,actp,etatp,Num_Acc,catr,voie,v1,v2,circ,nbv,vosp,prof,pr,pr1,plan,lartpc,larrout,surf,infra,situ,vma
202000031063,31,10,2020,18:45:00,5,92,92049,2,1,2,3,"BRIAND AVENUE ARISTIDE AUTRES N°","48,8184496","2,3256717",202000031063,154 687 737,A01,2,1,0,2,7,19,5,NULL,202000031063,154 687 738,B01,1,1,3,1,1991,1,2,6,-1,-1," -1",-1,202000031063,3,920,0,NULL,3,4,1,1,0,0,1,NULL," -1",2,0,1,50
202000035952,9,12,2020,08:06:00,2,37,37214,2,6,1,-1,"BORDIERS (RUE DES)","47,4190429","0,6739758",202000035952,154 679 205,B01,3,1,0,2,1,1,5,NULL,202000035952,154 679 204,A01,1,1,1,2,1972,1,1,0,-1,-1," -1",-1,202000035952,4,NULL,0,NULL,2,2,0,1,(1),(1),1,NULL," -1",1,5,1,50
202000035952,9,12,2020,08:06:00,2,37,37214,2,6,1,-1,"BORDIERS (RUE DES)","47,4190429","0,6739758",202000035952,154 679 205,B01,3,1,0,2,1,1,5,NULL,202000035952,154 679 205,B01,1,1,4,1,1965,0,8,0,-1,-1," -1",-1,202000035952,4,NULL,0,NULL,2,2,0,1,(1),(1),1,NULL," -1",1,5,1,50
202000037172,29,7,2020,09:55:00,1,75,75116,2,4,1,3,"VOIE GEORGES POMPIDOU","48,8490990","2,2765500",202000037172,154 677 044,A01,2,1,0,2,6,11,5,NULL,202000037172,154 677 044,A01,1,1,4,1,1993,1,2,0,-1,0,0,-1,202000037172,4,NULL,0,NULL,1,1,0,1,48,848,1,NULL," -1",1,0,1,50
202000037172,29,7,2020,09:55:00,1,75,75116,2,4,1,3,"VOIE GEORGES POMPIDOU","48,8490990","2,2765500",202000037172,154 677 044,A01,2,1,0,2,6,11,5,NULL,202000037172,154 677 045,B01,1,1,1,1,1973,9,2,6,-1,0,0,-1,202000037172,4,NULL,0,NULL,1,1,0,1,48,848,1,NULL," -1",1,0,1,50
202000037205,30,7,2020,19:45:00,1,92,92050,2,2,1,1,"POINCARE RAYMOND RUE","48,8880479","2,1903965",202000037205,154 676 986,B01,1,1,0,2,7,19,5,NULL,202000037205,154 676 984,A01,1,1,1,2,1988,5,1,0,-1,-1," -1",-1,202000037205,3,991,0,NULL,2,4,1,1,0,0,1,NULL," -1",1,0,1,50
202000037205,30,7,2020,19:45:00,1,92,92050,2,2,1,1,"POINCARE RAYMOND RUE","48,8880479","2,1903965",202000037205,154 676 986,B01,1,1,0,2,7,19,5,NULL,202000037205,154 676 986,B01,1,1,4,2,2006,5,8,0,-1,-1," -1",-1,202000037205,3,991,0,NULL,2,4,1,1,0,0,1,NULL," -1",1,0,1,50
202000040273,26,8,2020,18:30:00,1,69,69384,2,1,1,-1,"BIRMINGHAM (DE)                     (AV)","45,7747000","4,8131500",202000040273,154 671 585,A01,1,1,0,9,1,2,5,NULL,202000040273,154 671 585,A01,1,1,4,1,2006,0,8,0,-1,-1," -1",-1,202000040273,4,"BIRMINGHAM (DE)                     (AV)",0,NULL,-1,0,1,1,0,1,1,NULL," -1",1,0,5,30
202000041017,26,7,2020,02:16:00,5,92,92024,2,1,1,3,"GENNEVILLIERS (PONT DE)","48,9120745","2,3116614",202000041017,154 670 269,A01,1,1,0,2,0,1,5,NULL,202000041017,154 670 269,A01,1,1,4,1,1977,5,8,4,-1,-1," -1",-1,202000041017,3,17,0,NULL,2,3,0,1,0,0,1,NULL," -1",1,2,1,50
202000041661,30,6,2020,08:55:00,1,45,45272,2,6,1,3,"D8014 - 0+1","47,8440222","1,9459506",202000041661,154 669 119,B01,1,1,0,2,2,1,5,NULL,202000041661,154 669 118,A01,1,1,1,1,1966,0,0,-1,-1,0,0,-1,202000041661,3,8014,0,NULL,2,2,0,1,0,1,3,NULL," -1",1,0,5,50
202000041661,30,6,2020,08:55:00,1,45,45272,2,6,1,3,"D8014 - 0+1","47,8440222","1,9459506",202000041661,154 669 119,B01,1,1,0,2,2,1,5,NULL,202000041661,154 669 119,B01,1,1,3,1,1965,0,2,-1,-1,0,0,-1,202000041661,3,8014,0,NULL,2,2,0,1,0,1,3,NULL," -1",1,0,5,50
202000042135,24,8,2020,14:55:00,1,44,44143,2,6,1,-1,"RUE VICTOR HUGO","47,1887700"," -1,5513100",202000042135,154 668 270,B01,0,1,0,0,0,0,5,NULL,202000042135,154 668 270,B01,1,1,4,2,1964,0,2,0,-1,-1," -1",-1,202000042135,4,NULL,0,NULL,2,0,0,2,(1),(1),2,NULL," -1",1,0,1,30
202000042135,24,8,2020,14:55:00,1,44,44143,2,6,1,-1,"RUE VICTOR HUGO","47,1887700"," -1,5513100",202000042135,154 668 270,B01,0,1,0,0,0,0,5,NULL,202000042135,154 668 271,A01,10,3,4,1,1968,0,0,-1,-1,3,3,1,202000042135,4,NULL,0,NULL,2,0,0,2,(1),(1),2,NULL," -1",1,0,1,30
202000042135,24,8,2020,14:55:00,1,44,44143,2,6,1,-1,"RUE VICTOR HUGO","47,1887700"," -1,5513100",202000042135,154 668 270,B01,0,1,0,0,0,0,5,NULL,202000042135,154 668 271,A01,1,1,4,2,1937,5,1,0,-1,-1," -1",-1,202000042135,4,NULL,0,NULL,2,0,0,2,(1),(1),2,NULL," -1",1,0,1,30
202000044257,25,6,2020,08:45:00,1,67,67482,2,3,1,3,"carrefour RUE ALICE MOSNIER/FRITZ KIEFFER","48,5947358","7,7522889",202000044257,154 664 461,B01,2,1,0,2,2,1,5,NULL,202000044257,154 664 460,A01,1,1,1,1,1988,5,1,8,-1,-1," -1",-1,202000044257,4,NULL,0,NULL,2,3,0,1,0,0,1,NULL," -1",1,2,1,50
202000044257,25,6,2020,08:45:00,1,67,67482,2,3,1,3,"carrefour RUE ALICE MOSNIER/FRITZ KIEFFER","48,5947358","7,7522889",202000044257,154 664 461,B01,2,1,0,2,2,1,5,NULL,202000044257,154 664 461,B01,1,1,4,1,2006,0,8,0,-1,-1," -1",-1,202000044257,4,NULL,0,NULL,2,3,0,1,0,0,1,NULL," -1",1,2,1,50
202000007566,20,7,2020,04:38:00,5,33,33069,2,1,1,3,"AVE DE TIVOLI","44,8628700"," -0,5933900",202000007566,154 728 929,A01,1,1,0,2,8,1,5,NULL,202000007566,154 728 929,A01,1,1,4,1,1997,1,8,-1,-1,-1," -1",-1,202000007566,4,"AVE DE TIVOLI",0,NULL,2,2,0,1,(1),(1),1,NULL," -1",1,0,1,50
202000008623,23,11,2020,08:00:00,1,44,44109,2,2,1,3,"RUE JEAN JACQUES ROUSSEAU","47,2120000"," -1,5591300",202000008623,154 727 094,B01,1,1,0,2,1,1,5,NULL,202000008623,154 727 093,A01,1,1,1,1,1999,0,1,0,-1,-1," -1",-1,202000008623,4,NULL,0,NULL,2,2,0,1,(1),(1),1,NULL," -1",1,5,1,30
202000008623,23,11,2020,08:00:00,1,44,44109,2,2,1,3,"RUE JEAN JACQUES ROUSSEAU","47,2120000"," -1,5591300",202000008623,154 727 094,B01,1,1,0,2,1,1,5,NULL,202000008623,154 727 094,B01,1,1,3,1,1978,0,8,0,-1,-1," -1",-1,202000008623,4,NULL,0,NULL,2,2,0,1,(1),(1),1,NULL," -1",1,5,1,30
202000011451,16,7,2020,23:15:00,5,75,75109,2,5,1,2,"RUE HALEVY","48,8729460","2,3332950",202000011451,154 722 102,A01,2,1,0,2,6,1,5,NULL,202000011451,154 722 101,B01,1,1,1,1,1996,4,2,0,-1,0,0,-1,202000011451,4,NULL,0,NULL,1,3,0,1,0,0,1,NULL," -1",1,0,1,50
202000011451,16,7,2020,23:15:00,5,75,75109,2,5,1,2,"RUE HALEVY","48,8729460","2,3332950",202000011451,154 722 102,A01,2,1,0,2,6,1,5,NULL,202000011451,154 722 102,A01,1,1,4,2,1979,5,8,0,-1,0,0,-1,202000011451,4,NULL,0,NULL,1,3,0,1,0,0,1,NULL," -1",1,0,1,50
202000011662,13,6,2020,19:25:00,1,64,64122,2,9,1,3,"23 avenue du Golf","43,4881698"," -1,5488128",202000011662,154 721 727,A01,0,1,0,2,8,5,0,NULL,202000011662,154 721 726,B01,1,1,1,1,2000,5,1,5,-1,-1," -1",-1,202000011662,4,"GOLF (AVENUE - IMPASSE)",0,NULL,-1,0,0,1,(1),0,1,NULL," -1",1,0,1,30
202000011662,13,6,2020,19:25:00,1,64,64122,2,9,1,3,"23 avenue du Golf","43,4881698"," -1,5488128",202000011662,154 721 727,A01,0,1,0,2,8,5,0,NULL,202000011662,154 721 727,A01,1,1,4,2,2004,5,2,8,-1,-1," -1",-1,202000011662,4,"GOLF (AVENUE - IMPASSE)",0,NULL,-1,0,0,1,(1),0,1,NULL," -1",1,0,1,30
202000015676,12,8,2020,16:45:00,1,75,75116,2,2,1,3,"AVENUE DE NEUILLY","48,8784410","2,2798310",202000015676,154 714 714,B01,1,1,0,2,1,1,5,NULL,202000015676,154 714 714,B01,1,1,4,1,1979,9,2,0,-1,0,0,-1,202000015676,4,NULL,0,NULL,3,3,1,1,0,0,3,NULL," -1",1,-1,5,50
202000015676,12,8,2020,16:45:00,1,75,75116,2,2,1,3,"AVENUE DE NEUILLY","48,8784410","2,2798310",202000015676,154 714 714,B01,1,1,0,2,1,1,5,NULL,202000015676,154 714 715,A01,1,1,1,1,1975,4,1,0,-1,0,0,-1,202000015676,4,NULL,0,NULL,3,3,1,1,0,0,3,NULL," -1",1,-1,5,50
202000017121,23,2,2020,02:30:00,5,75,75103,2,2,1,3,"BOULEVARD DE SEBASTOPOL","48,8619750","2,3501580",202000017121,154 712 134,A01,1,1,0,2,1,19,5,NULL,202000017121,154 712 134,A01,1,1,4,1,1986,5,8,0,-1,0,0,-1,202000017121,4,NULL,0,NULL,1,4,1,1,0,0,3,NULL,12,1,-1,5,50
202000017121,23,2,2020,02:30:00,5,75,75103,2,2,1,3,"BOULEVARD DE SEBASTOPOL","48,8619750","2,3501580",202000017121,154 712 134,A01,1,1,0,2,1,19,5,NULL,202000017121,154 712 135,B01,1,1,1,1,1988,9,8,0,-1,0,0,-1,202000017121,4,NULL,0,NULL,1,4,1,1,0,0,3,NULL,12,1,-1,5,50
202000017760,8,10,2020,17:30:00,1,75,75114,2,3,1,2,"RUE DE LA TOMBE ISSOIRE","48,8289360","2,3332450",202000017760,154 710 973,B01,1,1,0,2,6,1,5,NULL,202000017760,154 710 972,A01,1,1,1,1,2001,5,8,0,-1,0,0,-1,202000017760,4,NULL,0,NULL,2,3,0,4,0,0,1,NULL," -1",1,0,1,50
202000017760,8,10,2020,17:30:00,1,75,75114,2,3,1,2,"RUE DE LA TOMBE ISSOIRE","48,8289360","2,3332450",202000017760,154 710 972,A01,1,1,0,2,1,1,5,NULL,202000017760,154 710 972,A01,1,1,1,1,2001,5,8,0,-1,0,0,-1,202000017760,4,NULL,0,NULL,2,3,0,4,0,0,1,NULL," -1",1,0,1,50
202000017760,8,10,2020,17:30:00,1,75,75114,2,3,1,2,"RUE DE LA TOMBE ISSOIRE","48,8289360","2,3332450",202000017760,154 710 973,B01,1,1,0,2,6,1,5,NULL,202000017760,154 710 973,B01,1,1,4,1,1997,5,8,0,-1,0,0,-1,202000017760,4,NULL,0,NULL,2,3,0,4,0,0,1,NULL," -1",1,0,1,50
202000017760,8,10,2020,17:30:00,1,75,75114,2,3,1,2,"RUE DE LA TOMBE ISSOIRE","48,8289360","2,3332450",202000017760,154 710 972,A01,1,1,0,2,1,1,5,NULL,202000017760,154 710 973,B01,1,1,4,1,1997,5,8,0,-1,0,0,-1,202000017760,4,NULL,0,NULL,2,3,0,4,0,0,1,NULL," -1",1,0,1,50
202000019524,6,10,2020,16:25:00,1,49,49007,2,1,1,7,"PRE PIGEON","47,4770700"," -0,5413700",202000019524,154 707 845,A01,1,1,0,2,0,9,5,NULL,202000019524,154 707 845,A01,1,1,4,2,1986,0,2,0,-1,-1," -1",-1,202000019524,4,"PRE PIGEON",0,NULL,-1,2,0,1,1,0,1,NULL," -1",1,0,1,50
202000019954,20,12,2020,08:50:00,1,75,75112,2,1,1,6,"RUE DU RENDEZ VOUS","48,8450900","2,4048310",202000019954,154 707 099,A01,2,1,0,1,1,1,5,NULL,202000019954,154 707 099,A01,10,3,4,2,1962,5,8,8,-1,2,4,1,202000019954,4,NULL,0,NULL,2,2,1,1,0,0,1,NULL," -1",1,-1,5,30
202000019954,20,12,2020,08:50:00,1,75,75112,2,1,1,6,"RUE DU RENDEZ VOUS","48,8450900","2,4048310",202000019954,154 707 099,A01,2,1,0,1,1,1,5,NULL,202000019954,154 707 099,A01,1,1,1,1,1972,5,2,0,-1,0,0,-1,202000019954,4,NULL,0,NULL,2,2,1,1,0,0,1,NULL," -1",1,-1,5,30
202000022741,5,2,2020,20:50:00,5,75,75101,2,2,1,3,"PONT DU CARROUSEL","48,8601190","2,3333470",202000022741,154 702 209,A01,1,1,12,2,1,19,5,NULL,202000022741,154 702 209,A01,1,1,4,1,1986,9,8,0,-1,0,0,-1,202000022741,4,NULL,0,NULL,3,2,0,1,0,0,1,NULL,7,1,2,1,50
202000022741,5,2,2020,20:50:00,5,75,75101,2,2,1,3,"PONT DU CARROUSEL","48,8601190","2,3333470",202000022741,154 702 209,A01,1,1,12,2,1,19,5,NULL,202000022741,154 702 210,B01,1,1,1,1,1994,9,1,0,-1,0,0,-1,202000022741,4,NULL,0,NULL,3,2,0,1,0,0,1,NULL,7,1,2,1,50
202000023019,8,9,2020,12:35:00,1,13,13005,2,6,1,3,"GEMENOS (ROUTE DE CD2)","43,2978500","5,5889100",202000023019,154 701 726,B01,2,1,0,2,1,26,0,NULL,202000023019,154 701 725,A01,1,1,1,2,1999,1,1,0,-1,-1," -1",-1,202000023019,3,2,0,NULL,1,2,0,1,16,500,2,NULL," -1",1,3,1,50
202000023019,8,9,2020,12:35:00,1,13,13005,2,6,1,3,"GEMENOS (ROUTE DE CD2)","43,2978500","5,5889100",202000023019,154 701 726,B01,2,1,0,2,1,26,0,NULL,202000023019,154 701 726,B01,1,1,3,1,1958,5,2,0,-1,-1," -1",-1,202000023019,3,2,0,NULL,1,2,0,1,16,500,2,NULL," -1",1,3,1,50
202000023583,5,10,2020,15:30:00,1,83,83048,2,1,1,3,"Boulevard Saint Raphael","43,2084760","6,5692610",202000023583,154 700 752,B01,2,1,0,2,8,13,5,NULL,202000023583,154 700 751,A01,1,1,1,1,1960,4,1,-1,-1,0,0,-1,202000023583,3,559,-1,NULL,2,2,0,2,80,940,1,NULL," -1",1,0,1,50
202000023583,5,10,2020,15:30:00,1,83,83048,2,1,1,3,"Boulevard Saint Raphael","43,2084760","6,5692610",202000023583,154 700 752,B01,2,1,0,2,8,13,5,NULL,202000023583,154 700 752,B01,1,1,3,1,1931,5,0,-1,-1,0,0,-1,202000023583,3,559,-1,NULL,2,2,0,2,80,940,1,NULL," -1",1,0,1,50
202000023631,9,11,2020,08:45:00,1,75,75105,2,1,1,3,"RUE BUFFON","48,8421990","2,3599300",202000023631,154 700 659,B01,2,1,0,2,1,1,5,NULL,202000023631,154 700 658,A01,1,1,1,1,2001,1,8,0,-1,0,0,-1,202000023631,4,NULL,0,NULL,2,2,1,1,0,0,1,NULL," -1",1,-1,5,30
202000023631,9,11,2020,08:45:00,1,75,75105,2,1,1,3,"RUE BUFFON","48,8421990","2,3599300",202000023631,154 700 659,B01,2,1,0,2,1,1,5,NULL,202000023631,154 700 659,B01,1,1,4,1,1975,1,2,0,-1,0,0,-1,202000023631,4,NULL,0,NULL,2,2,1,1,0,0,1,NULL," -1",1,-1,5,30
202000024680,18,2,2020,17:10:00,1,974,97411,2,1,1,1,"Rue Lory les bas"," -20,8877970","55,4822930",202000024680,154 698 819,B01,2,1,0,2,1,25,5,NULL,202000024680,154 698 819,B01,1,1,4,1,1963,5,8,0,-1,0,0,-1,202000024680,4,NULL,0,NULL,1,1,0,1,(1),(1),1,NULL," -1",1,0,4,30
202000024680,18,2,2020,17:10:00,1,974,97411,2,1,1,1,"Rue Lory les bas"," -20,8877970","55,4822930",202000024680,154 698 819,B01,2,1,0,2,1,25,5,NULL,202000024680,154 698 820,A01,1,1,1,1,1979,1,8,0,-1,0,0,-1,202000024680,4,NULL,0,NULL,1,1,0,1,(1),(1),1,NULL," -1",1,0,4,30
202000025209,6,8,2020,10:31:00,1,17,17415,2,3,1,3,"JOURDAN AVENUE","45,7453130"," -0,6134780",202000025209,154 697 866,B01,2,1,0,2,1,1,5,NULL,202000025209,154 697 866,B01,1,1,4,1,2003,0,2,0,-1,-1," -1",-1,202000025209,4,"JOURDAN AVENUE",0,NULL,2,1,0,2,1,0,1,NULL," -1",1,0,1,50
202000025209,6,8,2020,10:31:00,1,17,17415,2,3,1,3,"JOURDAN AVENUE","45,7453130"," -0,6134780",202000025209,154 697 866,B01,2,1,0,2,1,1,5,NULL,202000025209,154 697 868,A01,1,1,1,2,1955,5,1,0,-1,-1," -1",-1,202000025209,4,"JOURDAN AVENUE",0,NULL,2,1,0,2,1,0,1,NULL," -1",1,0,1,50
202000026624,11,2,2020,11:30:00,1,09,09122,2,9,2,7,"MITTERAND (BOULEVARD FRANCOIS)","42,9588290","1,6119410",202000026624,154 695 405,A01,3,1,0,0,0,26,6,NULL,202000026624,154 695 405,A01,1,1,3,1,2002,5,2,6,-1,-1," -1",-1,202000026624,9,"MITTERAND (BOULEVARD FRANCOIS)",0,NULL,-1,0,0,2,0,0,1,NULL," -1",2,9,3,10
202000026845,6,9,2020,16:25:00,1,75,75107,2,7,1,1,"PLACE HENRY DE MONTHERLANT","48,8607770","2,3253290",202000026845,154 695 016,A01,2,1,0,2,1,13,5,NULL,202000026845,154 695 015,B01,1,1,1,1,2003,5,8,0,-1,0,0,-1,202000026845,4,NULL,0,NULL,2,2,1,1,0,0,1,NULL," -1",1,-1,5,25
202000026845,6,9,2020,16:25:00,1,75,75107,2,7,1,1,"PLACE HENRY DE MONTHERLANT","48,8607770","2,3253290",202000026845,154 695 015,B01,1,1,0,2,1,1,5,NULL,202000026845,154 695 015,B01,1,1,1,1,2003,5,8,0,-1,0,0,-1,202000026845,4,NULL,0,NULL,2,2,1,1,0,0,1,NULL," -1",1,-1,5,25
202000026845,6,9,2020,16:25:00,1,75,75107,2,7,1,1,"PLACE HENRY DE MONTHERLANT","48,8607770","2,3253290",202000026845,154 695 016,A01,2,1,0,2,1,13,5,NULL,202000026845,154 695 016,A01,1,1,4,1,1976,5,8,0,-1,0,0,-1,202000026845,4,NULL,0,NULL,2,2,1,1,0,0,1,NULL," -1",1,-1,5,25
202000026845,6,9,2020,16:25:00,1,75,75107,2,7,1,1,"PLACE HENRY DE MONTHERLANT","48,8607770","2,3253290",202000026845,154 695 015,B01,1,1,0,2,1,1,5,NULL,202000026845,154 695 016,A01,1,1,4,1,1976,5,8,0,-1,0,0,-1,202000026845,4,NULL,0,NULL,2,2,1,1,0,0,1,NULL," -1",1,-1,5,25
202000027463,1,11,2020,21:15:00,5,62,62771,2,2,2,3,"ANICHE (R D')","50,4168700","2,8653400",202000027463,154 693 971,B01,2,1,0,0,0,0,5,NULL,202000027463,154 693 969,A01,1,1,1,1,1998,5,1,0,-1,-1," -1",-1,202000027463,4,NULL,0,NULL,2,1,0,1,0,0,1,NULL," -1",2,5,1,50
202000027463,1,11,2020,21:15:00,5,62,62771,2,2,2,3,"ANICHE (R D')","50,4168700","2,8653400",202000027463,154 693 971,B01,2,1,0,0,0,0,5,NULL,202000027463,154 693 971,B01,1,1,2,1,1982,0,2,0,-1,-1," -1",-1,202000027463,4,NULL,0,NULL,2,1,0,1,0,0,1,NULL," -1",2,5,1,50
202000028381,7,7,2020,13:52:00,1,85,85128,2,1,1,-1,"96 Av Mal de Lattre de Tassigny","46,4562700"," -1,1556800",202000028381,154 692 360,A01,1,1,0,0,8,2,5,NULL,202000028381,154 692 360,A01,1,1,4,1,1980,0,8,-1,-1,0,0,-1,202000028381,3,201,-1,NULL,2,2,0,1,1,615,1,NULL," -1",1,0,1,50
202000029188,1,8,2020,08:15:00,1,32,32117,1,3,1,7,"16 Avenue des 4 Chenes","43,6658930","0,5579420",202000029188,154 690 962,A01,2,1,0,0,9,1,2,NULL,202000029188,154 690 962,A01,1,1,3,1,1938,5,2,-1,-1,0,0,-1,202000029188,2,124,-1,NULL,2,2,0,3,59,900,1,NULL," -1",1,0,1,80
202000029251,3,11,2020,18:05:00,5,69,69386,2,5,1,3,"VITTON                              (CO)","45,7699100","4,8571100",202000029251,154 690 834,B01,2,1,0,2,8,1,6,NULL,202000029251,154 690 834,B01,1,1,4,2,1981,1,2,8,-1,-1," -1",-1,202000029251,4,"VITTON                              (CO)",0,NULL,4,4,0,1,0,0,1,NULL," -1",1,0,1,50
202000029251,3,11,2020,18:05:00,5,69,69386,2,5,1,3,"VITTON                              (CO)","45,7699100","4,8571100",202000029251,154 690 834,B01,2,1,0,2,8,1,6,NULL,202000029251,154 690 835,A01,1,1,1,1,1989,1,1,0,-1,-1," -1",-1,202000029251,4,"VITTON                              (CO)",0,NULL,4,4,0,1,0,0,1,NULL," -1",1,0,1,50
202000030214,6,7,2020,00:20:00,5,75,75109,2,4,1,3,"BOULEVARD DE CLICHY","48,8838640","2,3285790",202000030214,154 689 142,B01,2,1,0,2,1,19,5,NULL,202000030214,154 689 141,A01,1,1,1,1,1990,5,1,0,-1,0,0,-1,202000030214,4,NULL,0,NULL,1,2,3,1,0,0,1,NULL," -1",1,-1,6,50
202000030214,6,7,2020,00:20:00,5,75,75109,2,4,1,3,"BOULEVARD DE CLICHY","48,8838640","2,3285790",202000030214,154 689 142,B01,2,1,0,2,1,19,5,NULL,202000030214,154 689 142,B01,1,1,4,2,1979,5,8,0,-1,0,0,-1,202000030214,4,NULL,0,NULL,1,2,3,1,0,0,1,NULL," -1",1,-1,6,50
202000031057,29,10,2020,10:40:00,1,75,75102,2,7,1,3,"PLACE DE LA BOURSE","48,8694690","2,3422960",202000031057,154 687 747,A01,3,1,0,2,1,7,5,NULL,202000031057,154 687 746,B01,1,1,1,1,1977,9,1,0,-1,0,0,-1,202000031057,4,NULL,0,NULL,1,4,2,1,0,0,1,NULL," -1",1,-1,6,50
202000031057,29,10,2020,10:40:00,1,75,75102,2,7,1,3,"PLACE DE LA BOURSE","48,8694690","2,3422960",202000031057,154 687 747,A01,3,1,0,2,1,7,5,NULL,202000031057,154 687 747,A01,1,1,4,2,1987,1,2,0,-1,0,0,-1,202000031057,4,NULL,0,NULL,1,4,2,1,0,0,1,NULL," -1",1,-1,6,50
202000031601,30,9,2020,15:20:00,1,17,17300,2,2,1,3,"FERRY   RUE JULES","46,1624000"," -1,1669000",202000031601,154 686 822,A01,2,1,0,2,7,19,5,NULL,202000031601,154 686 822,A01,1,1,4,1,1943,5,8,0,-1,-1," -1",-1,202000031601,4,"FERRY   RUE JULES",0,NULL,2,2,0,1,0,0,1,NULL," -1",1,5,1,30
202000031601,30,9,2020,15:20:00,1,17,17300,2,2,1,3,"FERRY   RUE JULES","46,1624000"," -1,1669000",202000031601,154 686 822,A01,2,1,0,2,7,19,5,NULL,202000031601,154 686 823,B01,4,2,1,1,2010,5,1,8,-1,-1," -1",-1,202000031601,4,"FERRY   RUE JULES",0,NULL,2,2,0,1,0,0,1,NULL," -1",1,5,1,30
202000031601,30,9,2020,15:20:00,1,17,17300,2,2,1,3,"FERRY   RUE JULES","46,1624000"," -1,1669000",202000031601,154 686 822,A01,2,1,0,2,7,19,5,NULL,202000031601,154 686 823,B01,3,2,1,2,2012,5,1,8,-1,-1," -1",-1,202000031601,4,"FERRY   RUE JULES",0,NULL,2,2,0,1,0,0,1,NULL," -1",1,5,1,30
202000031601,30,9,2020,15:20:00,1,17,17300,2,2,1,3,"FERRY   RUE JULES","46,1624000"," -1,1669000",202000031601,154 686 822,A01,2,1,0,2,7,19,5,NULL,202000031601,154 686 823,B01,1,1,1,1,1943,5,1,8,-1,-1," -1",-1,202000031601,4,"FERRY   RUE JULES",0,NULL,2,2,0,1,0,0,1,NULL," -1",1,5,1,30
202000033733,11,12,2020,15:48:00,1,75,75115,2,2,3,3,"BOULEVARD DE GRENELLE","48,8509100","2,2926070",202000033733,154 683 147,B01,2,1,0,2,1,1,5,NULL,202000033733,154 683 146,A01,1,1,1,1,1998,1,1,0,-1,0,0,-1,202000033733,4,NULL,0,NULL,1,1,0,1,0,0,1,NULL," -1",2,0,1,50
202000033733,11,12,2020,15:48:00,1,75,75115,2,2,3,3,"BOULEVARD DE GRENELLE","48,8509100","2,2926070",202000033733,154 683 147,B01,2,1,0,2,1,1,5,NULL,202000033733,154 683 147,B01,1,1,4,1,1995,9,2,0,-1,0,0,-1,202000033733,4,NULL,0,NULL,1,1,0,1,0,0,1,NULL," -1",2,0,1,50
202000034248,4,7,2020,01:10:00,3,74,74103,1,1,1,2,"Route de Sallanches","45,9166350","6,6482900",202000034248,154 682 239,B01,1,1,0,0,4,2,5,NULL,202000034248,154 682 238,A01,1,1,1,1,1998,5,8,-1,-1,0,0,-1,202000034248,3,1205,-1,NULL,2,2,0,1,55,550,1,NULL," -1",1,0,1,70
202000034248,4,7,2020,01:10:00,3,74,74103,1,1,1,2,"Route de Sallanches","45,9166350","6,6482900",202000034248,154 682 239,B01,1,1,0,0,4,2,5,NULL,202000034248,154 682 239,B01,1,1,2,1,1976,5,0,-1,-1,0,0,-1,202000034248,3,1205,-1,NULL,2,2,0,1,55,550,1,NULL," -1",1,0,1,70
202000037855,5,8,2020,17:50:00,1,61,61168,2,2,1,3,"Boulevard de la Forêt d’Andaine","48,5890740"," -0,3657510",202000037855,154 675 826,B01,1,1,0,2,1,1,5,NULL,202000037855,154 675 824,A01,1,1,1,2,2000,1,1,-1,-1,0,0,-1,202000037855,3,916,-1,NULL,3,2,1,4,55,50,1,NULL," -1",1,5,5,50
202000037855,5,8,2020,17:50:00,1,61,61168,2,2,1,3,"Boulevard de la Forêt d’Andaine","48,5890740"," -0,3657510",202000037855,154 675 826,B01,1,1,0,2,1,1,5,NULL,202000037855,154 675 826,B01,1,1,3,1,2002,5,2,-1,-1,0,0,-1,202000037855,3,916,-1,NULL,3,2,1,4,55,50,1,NULL," -1",1,5,5,50
202000038029,1,7,2020,11:45:00,1,67,67154,2,1,1,7,"19 Rue des Primevères","48,3756940","7,7060670",202000038029,154 675 516,A01,2,1,0,0,1,1,5,NULL,202000038029,154 675 516,A01,1,1,3,1,2007,2,0,-1,-1,0,0,-1,202000038029,4,NULL,-1,NULL,2,2,0,1,(1),(1),1,NULL," -1",1,0,1,50
202000040285,29,8,2020,01:45:00,5,59,59350,2,3,1,2,"ERFURT PONT","50,6399300","3,0766200",202000040285,154 671 565,A01,3,1,0,2,4,15,6,NULL,202000040285,154 671 565,A01,1,1,2,1,1969,5,8,0,-1,-1," -1",-1,202000040285,4,"ERFURT PONT",0,NULL,2,2,0,1,(1),(1),1,NULL," -1",1,2,1,50
202000040285,29,8,2020,01:45:00,5,59,59350,2,3,1,2,"ERFURT PONT","50,6399300","3,0766200",202000040285,154 671 565,A01,3,1,0,2,4,15,6,NULL,202000040285,154 671 566,Z01,1,1,1,1,1997,5,8,0,0,0,0,-1,202000040285,4,"ERFURT PONT",0,NULL,2,2,0,1,(1),(1),1,NULL," -1",1,2,1,50
202000041380,25,7,2020,19:30:00,1,06,06069,2,1,1,3,"FONT VIEILLE (CHEMIN)","43,6420530","6,9805720",202000041380,154 669 625,A01,1,1,0,1,3,13,5,NULL,202000041380,154 669 624,B01,1,1,1,2,1986,5,1,0,-1,-1," -1",-1,202000041380,4,"FONT VIEILLE (CHEMIN)",0,NULL,2,2,0,1,0,0,1,NULL," -1",1,0,1,50