Num_Acc,jour,mois,an,hrmn,lum,dep,com,agg,int,atm,col,adr,lat,long,Num_Acc,id_vehicule,num_veh,senc,catv,obs,obsm,choc,manv,motor,occutc,Num_Acc,id_vehicule,num_veh,place,catu,grav,sexe,an_nais,trajet,secu1,secu2,secu3,locp,actp,etatp,Num_Acc,catr,voie,v1,v2,circ,nbv,vosp,prof,pr,pr1,plan,lartpc,larrout,surf,infra,situ,vma
202000041380,25,7,2020,19:30:00,1,06,06069,2,1,1,3,"FONT VIEILLE (CHEMIN)","43,6420530","6,9805720",202000041380,154 669 625,A01,1,1,0,1,3,13,5,NULL,202000041380,154 669 625,A01,10,3,3,2,1974,5,0,-1,-1,9,9,2,202000041380,4,"FONT VIEILLE (CHEMIN)",0,NULL,2,2,0,1,0,0,1,NULL," -1",1,0,1,50
202000046993,23,5,2020,14:45:00,1,14,14500,1,1,1,2,D48,"49,2679014","0,2020267",202000046993,154 659 673,B01,2,1,0,0,4,1,5,NULL,202000046993,154 659 673,B01,1,1,3,1,1956,5,2,-1,-1,0,0,-1,202000046993,3,48,-1,NULL,2,2,0,1,14,642,2,NULL,"5,5",1,0,1,80
202000046993,23,5,2020,14:45:00,1,14,14500,1,1,1,2,D48,"49,2679014","0,2020267",202000046993,154 659 673,B01,2,1,0,0,4,1,5,NULL,202000046993,154 659 674,A01,1,1,1,1,1938,5,1,-1,-1,0,0,-1,202000046993,3,48,-1,NULL,2,2,0,1,14,642,2,NULL,"5,5",1,0,1,80
202000007217,16,9,2020,08:05:00,1,75,75114,2,3,1,6,"AVENUE DAVID WEILL","48,8212110","2,3343120",202000007217,154 729 566,A01,3,1,0,2,0,21,5,NULL,202000007217,154 729 566,A01,1,1,4,1,1970,9,8,0,-1,0,0,-1,202000007217,4,NULL,0,NULL,1,-1,1,1,0,0,1,NULL," -1",1,-1,5,50
202000008804,16,5,2020,15:35:00,1,47,47179,2,7,1,1,"D 276, PLACE DE LA MAIRIE","44,4912780","0,9391350",202000008804,154 726 771,B01,1,1,0,2,1,1,5,NULL,202000008804,154 726 770,A01,3,2,1,2,1974,5,1,-1,-1,0," -1",-1,202000008804,3,276,-1,NULL,2,2,0,1,10,140,1,NULL," -1",1,0,1,50
202000008804,16,5,2020,15:35:00,1,47,47179,2,7,1,1,"D 276, PLACE DE LA MAIRIE","44,4912780","0,9391350",202000008804,154 726 771,B01,1,1,0,2,1,1,5,NULL,202000008804,154 726 770,A01,2,2,1,2,1985,5,1,-1,-1,0," -1",-1,202000008804,3,276,-1,NULL,2,2,0,1,10,140,1,NULL," -1",1,0,1,50
202000008804,16,5,2020,15:35:00,1,47,47179,2,7,1,1,"D 276, PLACE DE LA MAIRIE","44,4912780","0,9391350",202000008804,154 726 771,B01,1,1,0,2,1,1,5,NULL,202000008804,154 726 770,A01,1,1,1,1,1998,5,1,-1,-1,0,0,-1,202000008804,3,276,-1,NULL,2,2,0,1,10,140,1,NULL," -1",1,0,1,50
202000008804,16,5,2020,15:35:00,1,47,47179,2,7,1,1,"D 276, PLACE DE LA MAIRIE","44,4912780","0,9391350",202000008804,154 726 771,B01,1,1,0,2,1,1,5,NULL,202000008804,154 726 771,B01,1,1,3,1,1954,5,2,-1,-1,0,0,-1,202000008804,3,276,-1,NULL,2,2,0,1,10,140,1,NULL," -1",1,0,1,50
202000009109,14,9,2020,10:05:00,1,56,56121,2,2,1,3,"COSMAO-DUMANOIR ( BD )","47,7525900"," -3,3772400",202000009109,154 726 237,B01,1,1,0,2,1,1,5,NULL,202000009109,154 726 236,A01,1,1,1,1,1993,5,1,8,-1,-1," -1",-1,202000009109,4,NULL,0,NULL,2,3,0,1,(1),(1),1,NULL," -1",1,5,1,50
202000009109,14,9,2020,10:05:00,1,56,56121,2,2,1,3,"COSMAO-DUMANOIR ( BD )","47,7525900"," -3,3772400",202000009109,154 726 237,B01,1,1,0,2,1,1,5,NULL,202000009109,154 726 237,B01,1,1,4,1,1998,5,2,8,-1,-1," -1",-1,202000009109,4,NULL,0,NULL,2,3,0,1,(1),(1),1,NULL," -1",1,5,1,50
202000013229,14,9,2020,09:20:00,1,44,44209,1,1,7,2,D49,"47,3298100"," -1,6571840",202000013229,154 719 031,B01,2,1,0,0,4,1,5,NULL,202000013229,154 719 029,A01,1,1,1,2,1969,3,1,-1,-1,0,0,-1,202000013229,3,49,-1,NULL,2,2,0,2,10,500,1,NULL," -1",1,0,1,80
202000013229,14,9,2020,09:20:00,1,44,44209,1,1,7,2,D49,"47,3298100"," -1,6571840",202000013229,154 719 031,B01,2,1,0,0,4,1,5,NULL,202000013229,154 719 031,B01,1,1,3,1,1959,5,2,-1,-1,0,0,-1,202000013229,3,49,-1,NULL,2,2,0,2,10,500,1,NULL," -1",1,0,1,80
202000016240,17,11,2020,17:50:00,5,75,75101,2,2,1,1,"RUE DE RIVOLI","48,8663950","2,3234670",202000016240,154 713 684,B01,3,1,0,2,1,1,5,NULL,202000016240,154 713 683,A01,1,1,3,1,1972,1,2,6,-1,0,0,-1,202000016240,4,NULL,0,NULL,-1,0,1,1,0,0,1,NULL," -1",1,-1,5,50
202000016240,17,11,2020,17:50:00,5,75,75101,2,2,1,1,"RUE DE RIVOLI","48,8663950","2,3234670",202000016240,154 713 684,B01,3,1,0,2,1,1,5,NULL,202000016240,154 713 684,B01,1,1,1,1,1999,1,8,0,-1,0,0,-1,202000016240,4,NULL,0,NULL,-1,0,1,1,0,0,1,NULL," -1",1,-1,5,50
202000016698,22,1,2020,11:05:00,1,75,75114,2,5,1,3,"AVENUE DU MAINE","48,8375770","2,3229271",202000016698,154 712 883,A01,2,1,0,2,5,1,5,NULL,202000016698,154 712 883,A01,1,1,3,2,1965,9,8,2,-1,0,0,-1,202000016698,4,NULL,0,NULL,2,5,0,2,0,0,1,NULL," -1",1,0,1,50
202000016698,22,1,2020,11:05:00,1,75,75114,2,5,1,3,"AVENUE DU MAINE","48,8375770","2,3229271",202000016698,154 712 883,A01,2,1,0,2,5,1,5,NULL,202000016698,154 712 884,B01,1,1,1,1,1963,1,1,0,-1,0,0,-1,202000016698,4,NULL,0,NULL,2,5,0,2,0,0,1,NULL," -1",1,0,1,50
202000018798,12,7,2020,17:30:00,1,53,53136,1,1,1,3,"Le Richard","47,8650110"," -0,7305910",202000018798,154 709 183,A01,3,1,0,2,0,1,5,NULL,202000018798,154 709 183,A01,1,1,2,1,1960,5,0,-1,-1,0,0,-1,202000018798,4,02,-1,NULL,2,2,0,1,(1),(1),1,NULL," -1",1,0,1,80
202000018798,12,7,2020,17:30:00,1,53,53136,1,1,1,3,"Le Richard","47,8650110"," -0,7305910",202000018798,154 709 183,A01,3,1,0,2,0,1,5,NULL,202000018798,154 709 184,B01,1,1,1,2,1974,4,0,-1,-1,0,0,-1,202000018798,4,02,-1,NULL,2,2,0,1,(1),(1),1,NULL," -1",1,0,1,80
202000025191,6,11,2020,19:10:00,5,75,75109,2,2,1,3,"BOULEVARD HAUSSMANN","48,8723780","2,3374290",202000025191,154 697 899,A01,2,1,0,2,1,1,5,NULL,202000025191,154 697 899,A01,1,1,4,1,1980,5,2,0,-1,0,0,-1,202000025191,4,NULL,0,NULL,1,2,0,1,0,0,1,NULL," -1",1,0,1,50
202000026478,7,7,2020,10:30:00,1,85,85035,1,1,1,2,"Route de la Chaize","46,6311100"," -1,8425170",202000026478,154 695 668,B01,1,1,0,0,2,1,5,NULL,202000026478,154 695 667,A01,1,1,1,1,1996,4,9,-1,-1,0,0,-1,202000026478,3,40,0,A,2,2,1,1,1,807,1,NULL," -1",1,0,5,70
202000026478,7,7,2020,10:30:00,1,85,85035,1,1,1,2,"Route de la Chaize","46,6311100"," -1,8425170",202000026478,154 695 668,B01,1,1,0,0,2,1,5,NULL,202000026478,154 695 668,B01,1,1,3,2,1947,3,0,-1,-1,0,0,-1,202000026478,3,40,0,A,2,2,1,1,1,807,1,NULL," -1",1,0,5,70
202000028969,5,4,2020,12:10:00,1,60,60029,1,6,1,3,D3,"49,3638460","1,9732050",202000028969,154 691 334,B01,3,1,0,2,1,1,5,NULL,202000028969,154 691 334,B01,1,1,3,1,1971,3,0,-1,-1,0,0,-1,202000028969,3,3,0,NULL,1,2,0,1,(1),(1),2,NULL," -1",1,0,1,80
202000028969,5,4,2020,12:10:00,1,60,60029,1,6,1,3,D3,"49,3638460","1,9732050",202000028969,154 691 334,B01,3,1,0,2,1,1,5,NULL,202000028969,154 691 335,A01,1,1,1,1,1986,1,1,-1,-1,0,0,-1,202000028969,3,3,0,NULL,1,2,0,1,(1),(1),2,NULL," -1",1,0,1,80
202000033099,31,7,2020,20:45:00,1,25,25031,2,1,1,3,"BELFORT (RUE DE)","47,4855450","6,8413170",202000033099,154 684 268,B01,1,1,0,2,0,0,0,NULL,202000033099,154 684 267,A01,1,1,1,1,1989,1,1,0,-1,0,0,-1,202000033099,3,437,0,D,2,2,0,1,0,800,1,NULL," -1",1,0,8,50
202000033099,31,7,2020,20:45:00,1,25,25031,2,1,1,3,"BELFORT (RUE DE)","47,4855450","6,8413170",202000033099,154 684 268,B01,1,1,0,2,0,0,0,NULL,202000033099,154 684 268,B01,1,1,3,1,2016,0,0,-1,-1,0,0,-1,202000033099,3,437,0,D,2,2,0,1,0,800,1,NULL," -1",1,0,8,50
202000033141,1,8,2020,14:30:00,1,75,75114,2,2,1,3,"RUE VERCINGETORIX","48,8327430","2,3115570",202000033141,154 684 193,B01,2,1,0,2,4,1,5,NULL,202000033141,154 684 193,B01,1,1,4,1,1990,9,8,0,-1,0,0,-1,202000033141,4,NULL,0,NULL,1,3,2,1,0,0,1,NULL," -1",1,-1,5,50
202000033141,1,8,2020,14:30:00,1,75,75114,2,2,1,3,"RUE VERCINGETORIX","48,8327430","2,3115570",202000033141,154 684 193,B01,2,1,0,2,4,1,5,NULL,202000033141,154 684 194,A01,1,1,1,1,1987,1,1,0,-1,0,0,-1,202000033141,4,NULL,0,NULL,1,3,2,1,0,0,1,NULL," -1",1,-1,5,50
202000036729,10,2,2020,08:20:00,1,64,64445,2,1,1,3,GRAMONT,"43,2964200"," -0,3742800",202000036729,154 677 789,A01,2,1,0,2,1,1,5,NULL,202000036729,154 677 789,A01,1,1,4,2,1963,9,8,0,-1,-1," -1",-1,202000036729,4,GRAMONT,0,NULL,1,2,2,2,0,0,1,NULL," -1",1,0,1,30
202000036729,10,2,2020,08:20:00,1,64,64445,2,1,1,3,GRAMONT,"43,2964200"," -0,3742800",202000036729,154 677 789,A01,2,1,0,2,1,1,5,NULL,202000036729,154 677 790,B01,1,1,1,1,1993,9,1,0,-1,-1," -1",-1,202000036729,4,GRAMONT,0,NULL,1,2,2,2,0,0,1,NULL," -1",1,0,1,30
202000037197,8,12,2020,15:25:00,1,94,94042,2,9,1,6,"PRESIDENT JOHN KENNEDY (AV DU)","48,8166790","2,4660720",202000037197,154 677 000,A01,2,1,0,1,1,1,5,NULL,202000037197,154 677 000,A01,1,1,1,1,1996,0,2,8,-1,-1," -1",-1,202000037197,3,148,0,NULL,1,2,0,2,0,1,3,NULL," -1",1,0,1,5
202000037197,8,12,2020,15:25:00,1,94,94042,2,9,1,6,"PRESIDENT JOHN KENNEDY (AV DU)","48,8166790","2,4660720",202000037197,154 677 000,A01,2,1,0,1,1,1,5,NULL,202000037197,154 677 000,A01,10,3,4,2,1957,0,0,-1,-1,3,3,1,202000037197,3,148,0,NULL,1,2,0,2,0,1,3,NULL," -1",1,0,1,5
202000038229,12,3,2020,00:21:00,5,75,75117,2,4,1,1,"AVENUE DE SAINT OUEN","48,8906880","2,3266520",202000038229,154 675 161,A01,1,1,0,2,1,13,5,NULL,202000038229,154 675 160,Z01,1,1,1,1,1991,5,1,0,-1,0,0,-1,202000038229,4,NULL,0,NULL,2,3,3,2,0,0,1,NULL," -1",1,-1,6,30
202000038229,12,3,2020,00:21:00,5,75,75117,2,4,1,1,"AVENUE DE SAINT OUEN","48,8906880","2,3266520",202000038229,154 675 161,A01,1,1,0,2,1,13,5,NULL,202000038229,154 675 161,A01,1,1,3,1,1980,5,2,0,-1,0,0,-1,202000038229,4,NULL,0,NULL,2,3,3,2,0,0,1,NULL," -1",1,-1,6,30
202000038639,8,2,2020,14:10:00,1,69,69389,2,1,1,2,"ST CYR (DE)                         (R )","45,7833700","4,8077100",202000038639,154 674 452,B01,1,1,0,2,4,2,5,NULL,202000038639,154 674 452,B01,1,1,3,1,1986,0,2,0,-1,-1," -1",-1,202000038639,4,"ST CYR (DE)                         (R )",0,NULL,2,3,0,1,(1),(1),1,NULL," -1",1,0,1,50
202000041609,29,6,2020,12:05:00,1,75,75103,2,1,1,3,"RUE COMMINES","48,8622250","2,3663900",202000041609,154 669 207,B01,2,1,0,0,1,1,5,NULL,202000041609,154 669 207,B01,1,1,4,2,1967,9,8,0,-1,0,0,-1,202000041609,4,NULL,0,NULL,1,1,0,1,(1),0,1,NULL," -1",1,0,1,30
202000041609,29,6,2020,12:05:00,1,75,75103,2,1,1,3,"RUE COMMINES","48,8622250","2,3663900",202000041609,154 669 207,B01,2,1,0,0,1,1,5,NULL,202000041609,154 669 208,A01,1,1,1,2,1982,9,1,0,-1,0,0,-1,202000041609,4,NULL,0,NULL,1,1,0,1,(1),0,1,NULL," -1",1,0,1,30
202000044096,10,3,2020,08:30:00,5,75,75108,2,7,2,3,"Place de l'Alma","48,8643910","2,3018040",202000044096,154 664 750,B01,1,1,0,2,8,1,5,NULL,202000044096,154 664 750,B01,1,1,4,1,1976,1,2,0,-1,-1," -1",-1,202000044096,4,NULL,0,NULL,1,4,3,1,0,0,1,NULL," -1",2,0,1,50
202000044096,10,3,2020,08:30:00,5,75,75108,2,7,2,3,"Place de l'Alma","48,8643910","2,3018040",202000044096,154 664 750,B01,1,1,0,2,8,1,5,NULL,202000044096,154 664 751,A01,1,1,1,2,1974,1,1,0,-1,0,0,-1,202000044096,4,NULL,0,NULL,1,4,3,1,0,0,1,NULL," -1",2,0,1,50
202000045477,25,7,2020,16:25:00,1,22,22207,2,2,1,3,"Rue du Lity","48,6185130"," -3,4623780",202000045477,154 662 330,B01,3,1,0,2,1,1,5,NULL,202000045477,154 662 330,B01,1,1,4,1,2006,5,2,-1,-1,0,0,-1,202000045477,4,NULL,-1,NULL,2,2,0,1,(1),(1),1,NULL," -1",2,0,1,50
202000045477,25,7,2020,16:25:00,1,22,22207,2,2,1,3,"Rue du Lity","48,6185130"," -3,4623780",202000045477,154 662 330,B01,3,1,0,2,1,1,5,NULL,202000045477,154 662 331,A01,1,1,1,1,1982,5,8,-1,-1,0,0,-1,202000045477,4,NULL,-1,NULL,2,2,0,1,(1),(1),1,NULL," -1",2,0,1,50
202000046895,20,10,2020,14:00:00,1,67,67482,2,1,1,3,"GENERAL OFFENSTEIN (RUE DU)","48,5558300","7,7520600",202000046895,154 659 852,B01,3,1,0,2,3,19,5,NULL,202000046895,154 659 852,B01,1,1,4,1,2013,0,8,0,-1,-1," -1",-1,202000046895,4,"GENERAL OFFENSTEIN (RUE DU)",0,NULL,2,2,0,1,0,0,1,NULL," -1",1,0,1,50
202000046895,20,10,2020,14:00:00,1,67,67482,2,1,1,3,"GENERAL OFFENSTEIN (RUE DU)","48,5558300","7,7520600",202000046895,154 659 852,B01,3,1,0,2,3,19,5,NULL,202000046895,154 659 864,A01,1,1,1,2,1996,0,1,0,-1,-1," -1",-1,202000046895,4,"GENERAL OFFENSTEIN (RUE DU)",0,NULL,2,2,0,1,0,0,1,NULL," -1",1,0,1,50
202000046895,20,10,2020,14:00:00,1,67,67482,2,1,1,3,"GENERAL OFFENSTEIN (RUE DU)","48,5558300","7,7520600",202000046895,154 659 852,B01,3,1,0,2,3,19,5,NULL,202000046895,154 659 864,A01,2,2,1,1,1996,0,1,0,-1,-1," -1",-1,202000046895,4,"GENERAL OFFENSTEIN (RUE DU)",0,NULL,2,2,0,1,0,0,1,NULL," -1",1,0,1,50
202000047688,30,11,2020,17:38:00,1,49,49007,2,1,1,3,"DAVIERS BOULEVARD","47,4793100"," -0,5603400",202000047688,154 658 468,B01,1,1,0,2,1,1,5,NULL,202000047688,154 658 468,B01,1,1,4,2,1954,5,8,0,-1,-1," -1",-1,202000047688,4,NULL,0,NULL,2,2,0,1,1,0,1,NULL," -1",1,0,1,50
202000047688,30,11,2020,17:38:00,1,49,49007,2,1,1,3,"DAVIERS BOULEVARD","47,4793100"," -0,5603400",202000047688,154 658 468,B01,1,1,0,2,1,1,5,NULL,202000047688,154 658 470,A01,1,1,1,1,1931,3,1,0,-1,-1," -1",-1,202000047688,4,NULL,0,NULL,2,2,0,1,1,0,1,NULL," -1",1,0,1,50
202000006845,16,5,2020,18:55:00,3,972,97209,2,1,2,7,"PARADISIERS (AVENUE DES)","14,6219400"," -61,0368600",202000006845,154 730 224,A01,2,1,0,2,1,26,5,NULL,202000006845,154 730 224,A01,1,1,3,1,2005,5,8,0,-1,-1,0,-1,202000006845,4,"PARADISIERS (AVENUE DES)",0,NULL,2,1,0,2,(1),(1),1,NULL," -1",2,0,1,30
202000007859,18,6,2020,19:05:00,1,45,45147,1,7,1,1,"Rue Colonel Fabien","47,9365767","1,9122121",202000007859,154 728 424,B01,3,1,0,2,1,3,5,NULL,202000007859,154 728 424,B01,1,1,4,1,2010,5,8,0,-1,0,0,-1,202000007859,6,NULL,0,NULL,-1,0,0,1,(1),(1),1,NULL," -1",2,0,1,50
202000007859,18,6,2020,19:05:00,1,45,45147,1,7,1,1,"Rue Colonel Fabien","47,9365767","1,9122121",202000007859,154 728 424,B01,3,1,0,2,1,3,5,NULL,202000007859,154 728 425,A01,1,1,1,1,1982,0,1,0,-1,0,0,-1,202000007859,6,NULL,0,NULL,-1,0,0,1,(1),(1),1,NULL," -1",2,0,1,50
202000010551,21,11,2020,20:20:00,5,75,75115,2,1,1,2,"RUE DE VOUILLE","48,8349090","2,3045710",202000010551,154 723 702,B01,1,1,0,2,8,23,5,NULL,202000010551,154 723 701,A01,1,1,4,1,1981,1,2,0,-1,0,0,-1,202000010551,4,NULL,0,NULL,2,3,1,1,0,0,1,NULL," -1",1,-1,6,50
202000010551,21,11,2020,20:20:00,5,75,75115,2,1,1,2,"RUE DE VOUILLE","48,8349090","2,3045710",202000010551,154 723 702,B01,1,1,0,2,8,23,5,NULL,202000010551,154 723 702,B01,1,1,1,1,1980,1,8,0,-1,0,0,-1,202000010551,4,NULL,0,NULL,2,3,1,1,0,0,1,NULL," -1",1,-1,6,50
202000011271,14,9,2020,20:05:00,2,35,35238,2,2,1,6,"REPUBLIQUE (PLACE DE LA)","48,1098300"," -1,6802000",202000011271,154 722 426,B01,3,1,0,9,1,1,5,NULL,202000011271,154 722 426,B01,1,1,4,2,1992,4,2,6,-1,-1," -1",-1,202000011271,4,"REPUBLIQUE (PLACE DE LA)",0,NULL,2,-1,2,1,(1),(1),1,NULL," -1",1,5,6,50
202000011844,12,10,2020,19:25:00,5,75,75119,2,1,1,6,"AVENUE JEAN JAURES","48,8887040","2,3927920",202000011844,154 721 419,A01,1,1,1,1,1,1,5,NULL,202000011844,154 721 419,A01,10,3,4,2,1990,5,0,-1,-1,2,3,1,202000011844,4,NULL,0,NULL,2,4,1,1,0,0,1,NULL," -1",1,-1,5,50
202000011844,12,10,2020,19:25:00,5,75,75119,2,1,1,6,"AVENUE JEAN JAURES","48,8887040","2,3927920",202000011844,154 721 419,A01,1,1,1,1,1,1,5,NULL,202000011844,154 721 419,A01,1,1,1,1,1991,1,2,8,-1,0,0,-1,202000011844,4,NULL,0,NULL,2,4,1,1,0,0,1,NULL," -1",1,-1,5,50
202000014480,9,5,2020,22:10:00,5,93,93063,2,1,2,1,"AV PAUL VAILLANT COUTURIER","48,8850900","2,4345300",202000014480,154 716 854,B01,2,1,0,2,7,15,5,NULL,202000014480,154 716 854,B01,1,1,4,1,1978,0,8,0,-1,-1," -1",-1,202000014480,3,117,0,NULL,2,2,0,1,1,0,1,NULL," -1",2,9,1,50
202000014480,9,5,2020,22:10:00,5,93,93063,2,1,2,1,"AV PAUL VAILLANT COUTURIER","48,8850900","2,4345300",202000014480,154 716 854,B01,2,1,0,2,7,15,5,NULL,202000014480,154 716 855,A01,1,1,1,2,2000,0,1,0,-1,-1," -1",-1,202000014480,3,117,0,NULL,2,2,0,1,1,0,1,NULL," -1",2,9,1,50
202000018941,22,2,2020,10:15:00,1,25,25204,1,6,1,3,"R-N 57. giratoire des 4 chemins","46,9245100","6,3368100",202000018941,154 708 928,B01,1,1,0,2,0,0,5,NULL,202000018941,154 708 927,A01,1,1,1,2,1978,5,1,0,-1,-1," -1",-1,202000018941,2,"R-N 57.",0,NULL,1,2,0,1,67,400,2,NULL," -1",1,5,1,80
202000018941,22,2,2020,10:15:00,1,25,25204,1,6,1,3,"R-N 57. giratoire des 4 chemins","46,9245100","6,3368100",202000018941,154 708 928,B01,1,1,0,2,0,0,5,NULL,202000018941,154 708 927,A01,2,2,1,2,2010,0,1,0,-1,-1," -1",-1,202000018941,2,"R-N 57.",0,NULL,1,2,0,1,67,400,2,NULL," -1",1,5,1,80
202000018941,22,2,2020,10:15:00,1,25,25204,1,6,1,3,"R-N 57. giratoire des 4 chemins","46,9245100","6,3368100",202000018941,154 708 928,B01,1,1,0,2,0,0,5,NULL,202000018941,154 708 928,B01,1,1,3,1,1938,0,2,0,-1,-1," -1",-1,202000018941,2,"R-N 57.",0,NULL,1,2,0,1,67,400,2,NULL," -1",1,5,1,80
202000021159,9,9,2020,17:55:00,1,29,29185,2,2,1,3,"4 Boulevard de l'Europe","48,6584096"," -4,1683251",202000021159,154 704 981,B01,1,1,0,2,1,1,5,NULL,202000021159,154 704 981,B01,1,1,3,1,1945,5,2,-1,-1,0,0,-1,202000021159,3,10,-1,NULL,2,2,0,1,13,800,2,NULL," -1",1,5,1,50
202000021159,9,9,2020,17:55:00,1,29,29185,2,2,1,3,"4 Boulevard de l'Europe","48,6584096"," -4,1683251",202000021159,154 704 981,B01,1,1,0,2,1,1,5,NULL,202000021159,154 704 982,A01,1,1,1,1,1961,3,1,-1,-1,0,0,-1,202000021159,3,10,-1,NULL,2,2,0,1,13,800,2,NULL," -1",1,5,1,50
202000021280,8,6,2020,11:30:00,1,35,35238,2,3,1,1,"CARTIER (BD JACQUES)","48,0970000"," -1,6847000",202000021280,154 704 769,B01,1,1,0,2,1,1,0,NULL,202000021280,154 704 768,A01,1,1,1,1,1993,5,1,0,-1,-1," -1",-1,202000021280,4,"CARTIER (BD JACQUES)",0,NULL,1,1,2,2,0,0,1,NULL," -1",1,0,1,50
202000021280,8,6,2020,11:30:00,1,35,35238,2,3,1,1,"CARTIER (BD JACQUES)","48,0970000"," -1,6847000",202000021280,154 704 769,B01,1,1,0,2,1,1,0,NULL,202000021280,154 704 769,B01,1,1,4,1,1988,1,2,0,-1,-1," -1",-1,202000021280,4,"CARTIER (BD JACQUES)",0,NULL,1,1,2,2,0,0,1,NULL," -1",1,0,1,50
202000021887,9,11,2020,19:45:00,5,31,31555,2,1,1,2,"BOULINGRIN (ROND POINT DU) DU 1AU 4","43,5948400","1,4523100",202000021887,154 703 711,B01,1,1,0,0,6,12,5,NULL,202000021887,154 703 711,B01,1,1,4,2,1994,0,2,0,-1,-1," -1",-1,202000021887,4,"BOULINGRIN (ROND POINT DU) DU 1AU 4",0,NULL,1,3,0,1,0,0,2,NULL," -1",1,0,1,50
202000021887,9,11,2020,19:45:00,5,31,31555,2,1,1,2,"BOULINGRIN (ROND POINT DU) DU 1AU 4","43,5948400","1,4523100",202000021887,154 703 711,B01,1,1,0,0,6,12,5,NULL,202000021887,154 703 712,A01,1,1,1,1,2002,4,2,0,-1,-1," -1",-1,202000021887,4,"BOULINGRIN (ROND POINT DU) DU 1AU 4",0,NULL,1,3,0,1,0,0,2,NULL," -1",1,0,1,50
202000022841,19,2,2020,11:00:00,1,69,69266,2,1,2,3,"FRANCIS DE PRESSENSE    (Rue)","45,7697400","4,8915100",202000022841,154 702 040,B01,1,1,0,2,1,1,5,NULL,202000022841,154 702 040,B01,1,1,4,1,1992,0,2,8,-1,-1," -1",-1,202000022841,4,"FRANCIS DE PRESSENSE    (Rue)",0,NULL,1,2,1,1,0,0,1,NULL," -1",2,0,5,50
202000022841,19,2,2020,11:00:00,1,69,69266,2,1,2,3,"FRANCIS DE PRESSENSE    (Rue)","45,7697400","4,8915100",202000022841,154 702 040,B01,1,1,0,2,1,1,5,NULL,202000022841,154 702 041,A01,1,1,1,1,1961,4,1,0,-1,-1," -1",-1,202000022841,4,"FRANCIS DE PRESSENSE    (Rue)",0,NULL,1,2,1,1,0,0,1,NULL," -1",2,0,5,50
202000023056,8,9,2020,03:04:00,5,92,92075,2,1,1,-1,"RAYMOND MARCHERON (RUE)","48,8191130","2,2874560",202000023056,154 701 662,A01,2,1,1,0,1,1,5,NULL,202000023056,154 701 662,A01,1,1,4,1,1990,5,8,0,-1,-1," -1",-1,202000023056,2,"RAYMOND MARCHERON (RUE)",0,NULL,2,2,0,1,(1),(1),1,NULL," -1",1,0,1,50
202000023056,8,9,2020,03:04:00,5,92,92075,2,1,1,-1,"RAYMOND MARCHERON (RUE)","48,8191130","2,2874560",202000023056,154 701 662,A01,2,1,1,0,1,1,5,NULL,202000023056,154 701 663,B01,4,2,1,1,1974,4,1,0,-1,-1," -1",-1,202000023056,2,"RAYMOND MARCHERON (RUE)",0,NULL,2,2,0,1,(1),(1),1,NULL," -1",1,0,1,50
202000023717,26,9,2020,11:45:00,1,69,69264,2,1,2,-1,"AMPERE  (rue)","45,9879500","4,7246000",202000023717,154 700 500,A01,3,1,1,0,0,25,5,NULL,202000023717,154 700 500,A01,1,1,3,1,1971,5,8,0,-1,-1," -1",-1,202000023717,4,NULL,0,NULL,1,1,0,1,1,0,1,NULL," -1",2,0,4,50
202000023717,26,9,2020,11:45:00,1,69,69264,2,1,2,-1,"AMPERE  (rue)","45,9879500","4,7246000",202000023717,154 700 500,A01,3,1,1,0,0,25,5,NULL,202000023717,154 700 502,B01,1,1,1,2,1994,5,1,0,-1,-1," -1",-1,202000023717,4,NULL,0,NULL,1,1,0,1,1,0,1,NULL," -1",2,0,4,50
202000024762,18,2,2020,08:03:00,1,74,74012,2,3,1,1,"COMBES (RUE DES)","46,1828600","6,2378190",202000024762,154 698 676,B01,2,1,0,2,8,26,0,NULL,202000024762,154 698 675,A01,1,1,1,1,1980,0,8,0,-1,-1," -1",-1,202000024762,3,Rd1205,0,NULL,2,2,1,1,3,215,1,NULL," -1",2,0,1,50
202000024762,18,2,2020,08:03:00,1,74,74012,2,3,1,1,"COMBES (RUE DES)","46,1828600","6,2378190",202000024762,154 698 676,B01,2,1,0,2,8,26,0,NULL,202000024762,154 698 676,B01,1,1,4,1,2000,0,8,0,-1,-1," -1",-1,202000024762,3,Rd1205,0,NULL,2,2,1,1,3,215,1,NULL," -1",2,0,1,50
202000024955,7,9,2020,18:30:00,1,75,75118,2,3,8,6,"BOULEVARD DE CLICHY","48,8826420","2,3369070",202000024955,154 698 323,A01,1,1,0,1,1,1,5,NULL,202000024955,154 698 323,A01,10,3,4,2,1931,5,0,-1,-1,4,3,1,202000024955,4,NULL,0,NULL,1,3,1,1,0,0,1,NULL," -1",1,-1,5,50
202000024955,7,9,2020,18:30:00,1,75,75118,2,3,8,6,"BOULEVARD DE CLICHY","48,8826420","2,3369070",202000024955,154 698 323,A01,1,1,0,1,1,1,5,NULL,202000024955,154 698 323,A01,1,1,1,2,1986,1,2,0,-1,0,0,-1,202000024955,4,NULL,0,NULL,1,3,1,1,0,0,1,NULL," -1",1,-1,5,50