Num_Acc,jour,mois,an,hrmn,lum,dep,com,agg,int,atm,col,adr,lat,long,Num_Acc,id_vehicule,num_veh,senc,catv,obs,obsm,choc,manv,motor,occutc,Num_Acc,id_vehicule,num_veh,place,catu,grav,sexe,an_nais,trajet,secu1,secu2,secu3,locp,actp,etatp,Num_Acc,catr,voie,v1,v2,circ,nbv,vosp,prof,pr,pr1,plan,lartpc,larrout,surf,infra,situ,vma
202000025450,6,6,2020,09:45:00,1,94,94059,2,2,1,3,"JEAN KIFFER (AV)","48,8068500","2,5710200",202000025450,154 697 442,B01,2,1,0,2,1,1,0,NULL,202000025450,154 697 442,B01,1,1,4,1,1965,0,8,0,-1,-1," -1",-1,202000025450,3,D235,0,NULL,-1,2,0,1,(1),(1),1,NULL," -1",1,0,1,50
202000025450,6,6,2020,09:45:00,1,94,94059,2,2,1,3,"JEAN KIFFER (AV)","48,8068500","2,5710200",202000025450,154 697 442,B01,2,1,0,2,1,1,0,NULL,202000025450,154 697 445,A01,1,1,1,2,1970,5,1,0,-1,-1," -1",-1,202000025450,3,D235,0,NULL,-1,2,0,1,(1),(1),1,NULL," -1",1,0,1,50
202000026649,18,2,2020,10:45:00,1,75,75107,2,1,1,6,"BOULEVARD DES INVALIDES","48,8553130","2,3149120",202000026649,154 695 368,A01,2,1,1,0,4,1,5,NULL,202000026649,154 695 368,A01,1,1,4,2,1993,9,8,0,-1,0,0,-1,202000026649,4,NULL,0,NULL,2,4,0,1,0,0,1,NULL,12,1,0,1,50
202000027969,14,12,2020,08:05:00,2,44,44184,2,1,1,3,"COUBERTIN (AVENUE PIERRE DE)","47,2679200"," -2,2335200",202000027969,154 693 087,B01,3,1,0,2,7,0,5,NULL,202000027969,154 693 087,B01,1,1,4,2,2009,2,2,0,-1,-1," -1",-1,202000027969,4,NULL,0,NULL,3,0,2,1,(1),(1),3,NULL," -1",1,0,1,50
202000027969,14,12,2020,08:05:00,2,44,44184,2,1,1,3,"COUBERTIN (AVENUE PIERRE DE)","47,2679200"," -2,2335200",202000027969,154 693 087,B01,3,1,0,2,7,0,5,NULL,202000027969,154 693 088,A01,1,1,1,2,1957,1,1,0,-1,-1," -1",-1,202000027969,4,NULL,0,NULL,3,0,2,1,(1),(1),3,NULL," -1",1,0,1,50
202000031340,31,5,2020,18:39:00,1,87,87048,1,1,1,6,"VEYRINAS (LIEU DIT)","45,7708000","1,2502800",202000031340,154 687 270,A01,1,1,6,0,1,14,5,NULL,202000031340,154 687 270,A01,1,1,4,1,1966,5,8,8,-1,-1," -1",-1,202000031340,4,"VEYRINAS (LIEU DIT)",0,NULL,2,2,0,1,0,0,2,NULL," -1",1,0,1,80
202000031380,2,8,2020,18:40:00,1,26,26198,2,1,8,1,"2 Boulevard Marre Desmarais","44,5601390","4,7479240",202000031380,154 687 195,B01,3,1,0,2,8,19,5,NULL,202000031380,154 687 195,B01,1,1,4,1,2003,9,2,-1,-1,0,0,-1,202000031380,4,2,0,NULL,1,1,0,1,(1),(1),1,NULL," -1",1,0,8,30
202000031380,2,8,2020,18:40:00,1,26,26198,2,1,8,1,"2 Boulevard Marre Desmarais","44,5601390","4,7479240",202000031380,154 687 195,B01,3,1,0,2,8,19,5,NULL,202000031380,154 687 197,A01,1,1,1,2,1942,0,1,8,-1,0,0,-1,202000031380,4,2,0,NULL,1,1,0,1,(1),(1),1,NULL," -1",1,0,8,30
202000031416,2,8,2020,21:15:00,4,75,75101,2,1,1,7,"QUAI DES TUILERIES","48,8632910","2,3225420",202000031416,154 687 136,A01,3,1,0,0,0,1,5,NULL,202000031416,154 687 136,A01,1,1,4,1,1985,9,8,0,-1,0,0,-1,202000031416,4,NULL,0,NULL,-1,0,1,1,0,0,1,NULL," -1",1,-1,5,50
202000035003,27,9,2020,23:57:00,5,75,75106,2,2,2,3,"BOULEVARD SAINT GERMAIN","48,8520950","2,3403020",202000035003,154 680 906,A01,1,1,0,2,8,1,5,NULL,202000035003,154 680 906,A01,1,1,4,2,1979,9,8,0,-1,0,0,-1,202000035003,4,NULL,0,NULL,1,3,0,1,0,0,1,NULL," -1",2,0,1,50
202000035052,30,7,2020,11:20:00,1,77,77058,2,6,1,-1,"GENETS (BOULEVARD DES) - D406","48,8353800","2,7222500",202000035052,154 680 816,B01,3,1,0,2,2,1,0,NULL,202000035052,154 680 816,B01,1,1,4,1,1961,5,8,0,-1,-1," -1",-1,202000035052,3,5,0,NULL,1,1,0,1,22,77,2,NULL," -1",1,0,1,50
202000035052,30,7,2020,11:20:00,1,77,77058,2,6,1,-1,"GENETS (BOULEVARD DES) - D406","48,8353800","2,7222500",202000035052,154 680 816,B01,3,1,0,2,2,1,0,NULL,202000035052,154 680 817,A01,1,1,1,1,1952,5,1,0,-1,-1," -1",-1,202000035052,3,5,0,NULL,1,1,0,1,22,77,2,NULL," -1",1,0,1,50
202000035886,31,5,2020,19:30:00,1,48,48034,1,1,1,7,D32,"44,3825890","3,2809480",202000035886,154 679 315,A01,1,1,0,0,9,1,5,NULL,202000035886,154 679 315,A01,1,1,4,1,2003,5,2,-1,-1,0,0,-1,202000035886,3,32,-1,NULL,3,2,0,1,14,800,1,NULL," -1",1,0,1,80
202000036434,1,9,2020,14:10:00,1,75,75111,2,3,1,3,"RUE DE LA ROQUETTE","48,8587600","2,3846550",202000036434,154 678 327,B01,2,1,0,2,1,17,5,NULL,202000036434,154 678 327,B01,1,1,4,2,1990,4,8,0,-1,-1," -1",-1,202000036434,4,NULL,0,NULL,2,2,0,2,0,0,1,NULL," -1",1,5,1,30
202000036434,1,9,2020,14:10:00,1,75,75111,2,3,1,3,"RUE DE LA ROQUETTE","48,8587600","2,3846550",202000036434,154 678 327,B01,2,1,0,2,1,17,5,NULL,202000036434,154 678 328,A01,1,1,1,1,1983,4,1,0,-1,-1," -1",-1,202000036434,4,NULL,0,NULL,2,2,0,2,0,0,1,NULL," -1",1,5,1,30
202000037216,30,7,2020,18:47:00,1,68,68112,2,1,1,3,"Route d'Issenheim","47,9019730","7,2323080",202000037216,154 676 966,A01,1,1,0,2,7,15,5,NULL,202000037216,154 676 965,B01,1,1,1,1,1985,5,2,6,-1,0,0,-1,202000037216,3,481,-1,NULL,2,2,0,1,(1),(1),1,NULL," -1",1,0,1,50
202000037216,30,7,2020,18:47:00,1,68,68112,2,1,1,3,"Route d'Issenheim","47,9019730","7,2323080",202000037216,154 676 966,A01,1,1,0,2,7,15,5,NULL,202000037216,154 676 966,A01,1,1,4,1,2006,5,0,-1,-1,0,0,-1,202000037216,3,481,-1,NULL,2,2,0,1,(1),(1),1,NULL," -1",1,0,1,50
202000037284,31,7,2020,09:10:00,1,07,07185,1,1,1,3,"D115 pk 9","45,1378560","4,6452000",202000037284,154 676 855,A01,2,1,0,2,3,0,0,NULL,202000037284,154 676 854,B01,1,1,1,1,1935,3,1,-1,-1,0,0,-1,202000037284,3,115,-1,NULL,-1,2,0,1,9,0,1,NULL," -1",1,0,1,80
202000037284,31,7,2020,09:10:00,1,07,07185,1,1,1,3,"D115 pk 9","45,1378560","4,6452000",202000037284,154 676 855,A01,2,1,0,2,3,0,0,NULL,202000037284,154 676 855,A01,1,1,3,1,1959,5,2,-1,-1,0,0,-1,202000037284,3,115,-1,NULL,-1,2,0,1,9,0,1,NULL," -1",1,0,1,80
202000037729,8,12,2020,16:30:00,1,75,75104,2,3,1,1,"RUE SAINT ANTOINE","48,8547870","2,3624410",202000037729,154 676 064,A01,1,1,0,2,1,13,5,NULL,202000037729,154 676 052,B01,1,1,4,2,1991,1,8,0,-1,0,0,-1,202000037729,4,NULL,0,NULL,2,4,1,1,0,0,1,NULL," -1",1,-1,5,30
202000037729,8,12,2020,16:30:00,1,75,75104,2,3,1,1,"RUE SAINT ANTOINE","48,8547870","2,3624410",202000037729,154 676 052,B01,2,1,0,2,1,1,5,NULL,202000037729,154 676 052,B01,1,1,4,2,1991,1,8,0,-1,0,0,-1,202000037729,4,NULL,0,NULL,2,4,1,1,0,0,1,NULL," -1",1,-1,5,30
202000037729,8,12,2020,16:30:00,1,75,75104,2,3,1,1,"RUE SAINT ANTOINE","48,8547870","2,3624410",202000037729,154 676 064,A01,1,1,0,2,1,13,5,NULL,202000037729,154 676 064,A01,1,1,1,2,1991,3,8,0,-1,0,0,-1,202000037729,4,NULL,0,NULL,2,4,1,1,0,0,1,NULL," -1",1,-1,5,30
202000037729,8,12,2020,16:30:00,1,75,75104,2,3,1,1,"RUE SAINT ANTOINE","48,8547870","2,3624410",202000037729,154 676 052,B01,2,1,0,2,1,1,5,NULL,202000037729,154 676 064,A01,1,1,1,2,1991,3,8,0,-1,0,0,-1,202000037729,4,NULL,0,NULL,2,4,1,1,0,0,1,NULL," -1",1,-1,5,30
202000039819,26,6,2020,10:20:00,1,85,85194,2,2,1,3,"Rue Jean Nicot","46,5009300"," -1,7856200",202000039819,154 672 380,B01,1,1,1,2,1,2,5,NULL,202000039819,154 672 379,A01,1,1,1,1,1947,5,1,0,-1,-1," -1",-1,202000039819,4,"Rue Jean Nicot",0,NULL,2,2,0,1,0,0,1,NULL," -1",1,9,1,50
202000039819,26,6,2020,10:20:00,1,85,85194,2,2,1,3,"Rue Jean Nicot","46,5009300"," -1,7856200",202000039819,154 672 380,B01,1,1,1,2,1,2,5,NULL,202000039819,154 672 380,B01,1,1,4,1,1937,5,8,0,-1,-1," -1",-1,202000039819,4,"Rue Jean Nicot",0,NULL,2,2,0,1,0,0,1,NULL," -1",1,9,1,50
202000039952,22,10,2020,10:00:00,1,22,22113,2,9,8,3,"DE BROGLIE (RUE DE)","48,7591000"," -3,4704200",202000039952,154 672 153,B01,0,1,0,0,0,0,5,NULL,202000039952,154 672 152,A01,1,1,1,2,1949,3,1,0,-1,-1," -1",-1,202000039952,3,"DE BROGLIE (RUE DE)",0,NULL,1,2,0,1,31,0,1,NULL," -1",2,9,1,50
202000039952,22,10,2020,10:00:00,1,22,22113,2,9,8,3,"DE BROGLIE (RUE DE)","48,7591000"," -3,4704200",202000039952,154 672 153,B01,0,1,0,0,0,0,5,NULL,202000039952,154 672 153,B01,1,1,4,1,1951,5,2,4,-1,-1," -1",-1,202000039952,3,"DE BROGLIE (RUE DE)",0,NULL,1,2,0,1,31,0,1,NULL," -1",2,9,1,50
202000042632,22,9,2020,17:10:00,1,75,75112,2,1,1,7,"BOULEVARD DIDEROT","48,8463360","2,3780790",202000042632,154 667 370,A01,1,1,0,2,1,1,5,NULL,202000042632,154 667 370,A01,1,1,4,2,1987,5,8,0,-1,0,0,-1,202000042632,4,NULL,0,NULL,2,2,3,1,0,0,1,NULL," -1",1,-1,6,50
202000043710,3,12,2020,12:54:00,1,63,63113,2,1,1,2,"BELLEVUE (RUE DE)","45,7675713","3,0732892",202000043710,154 665 431,A01,2,1,0,2,1,2,5,NULL,202000043710,154 665 430,B01,1,1,1,1,1985,0,1,-1,-1,0,0,-1,202000043710,4,"BELLEVUE (RUE DE)",0,NULL,2,2,0,1,(1),(1),1,NULL," -1",1,0,1,50
202000043710,3,12,2020,12:54:00,1,63,63113,2,1,1,2,"BELLEVUE (RUE DE)","45,7675713","3,0732892",202000043710,154 665 431,A01,2,1,0,2,1,2,5,NULL,202000043710,154 665 431,A01,1,1,4,1,1991,0,8,-1,-1,0,0,-1,202000043710,4,"BELLEVUE (RUE DE)",0,NULL,2,2,0,1,(1),(1),1,NULL," -1",1,0,1,50
202000046313,25,6,2020,08:50:00,1,85,85128,2,2,1,3,"Boulevard de l'Océan","46,4511420"," -1,1598840",202000046313,154 660 860,A01,2,1,0,2,1,1,5,NULL,202000046313,154 660 859,B01,1,1,1,2,1974,4,1,-1,-1,0,0,-1,202000046313,3,201,0,NULL,2,2,0,1,0,828,1,NULL," -1",1,0,1,50
202000046313,25,6,2020,08:50:00,1,85,85128,2,2,1,3,"Boulevard de l'Océan","46,4511420"," -1,1598840",202000046313,154 660 860,A01,2,1,0,2,1,1,5,NULL,202000046313,154 660 860,A01,1,1,3,1,1947,5,2,-1,-1,0,0,-1,202000046313,3,201,0,NULL,2,2,0,1,0,828,1,NULL," -1",1,0,1,50
202000047079,20,10,2020,20:50:00,2,38,38185,2,6,1,3,"Rond point Pierre et Marie Curie","45,1607200","5,7202900",202000047079,154 659 544,B01,1,1,0,2,1,1,6,NULL,202000047079,154 659 544,B01,1,1,4,1,1975,1,2,0,-1,-1," -1",-1,202000047079,3,5,0,NULL,1,4,1,1,1,625,3,NULL," -1",1,0,5,50
202000047079,20,10,2020,20:50:00,2,38,38185,2,6,1,3,"Rond point Pierre et Marie Curie","45,1607200","5,7202900",202000047079,154 659 544,B01,1,1,0,2,1,1,6,NULL,202000047079,154 659 548,A01,1,1,1,2,1982,0,1,0,-1,-1," -1",-1,202000047079,3,5,0,NULL,1,4,1,1,1,625,3,NULL," -1",1,0,5,50
202000047422,26,8,2020,15:50:00,1,53,53161,2,3,1,-1,"Rue de la Libération","48,1404360"," -0,5556840",202000047422,154 658 932,B01,2,1,0,2,1,1,5,NULL,202000047422,154 658 929,A01,1,1,1,1,1939,5,1,-1,-1,0,0,-1,202000047422,3,24,0,D,2,2,0,2,29,655,1,NULL," -1",1,0,1,50
202000047422,26,8,2020,15:50:00,1,53,53161,2,3,1,-1,"Rue de la Libération","48,1404360"," -0,5556840",202000047422,154 658 932,B01,2,1,0,2,1,1,5,NULL,202000047422,154 658 932,B01,1,1,3,1,2003,5,2,9,-1,0,0,-1,202000047422,3,24,0,D,2,2,0,2,29,655,1,NULL," -1",1,0,1,50
202000007605,20,7,2020,20:30:00,1,75,75101,2,7,1,6,"PLACE VENDOME","48,8670860","2,3290430",202000007605,154 728 862,A01,2,1,8,0,3,1,5,NULL,202000007605,154 728 862,A01,1,1,4,2,1976,1,2,0,-1,0,0,-1,202000007605,4,NULL,0,NULL,1,1,0,1,0,0,1,NULL," -1",1,0,1,50
202000009667,17,6,2020,16:45:00,1,75,75114,2,1,1,3,"BOULEVARD BRUNE","48,8270830","2,3078310",202000009667,154 725 261,B01,1,1,0,2,2,1,5,NULL,202000009667,154 725 260,A01,1,1,1,1,1962,4,1,0,-1,0,0,-1,202000009667,4,NULL,0,NULL,3,8,1,1,(1),0,1,NULL," -1",1,-1,5,50
202000009667,17,6,2020,16:45:00,1,75,75114,2,1,1,3,"BOULEVARD BRUNE","48,8270830","2,3078310",202000009667,154 725 261,B01,1,1,0,2,2,1,5,NULL,202000009667,154 725 261,B01,1,1,4,1,2003,5,8,0,-1,0,0,-1,202000009667,4,NULL,0,NULL,3,8,1,1,(1),0,1,NULL," -1",1,-1,5,50
202000013735,12,8,2020,19:00:00,1,67,67482,2,8,8,3,"AMELIE DE BERCKHEIM (RUE)","48,6020380","7,7851600",202000013735,154 718 123,A01,1,1,0,4,1,19,5,NULL,202000013735,154 718 122,B01,1,1,1,1,1990,4,1,8,-1,-1," -1",-1,202000013735,4,NULL,0,NULL,2,2,3,1,(1),(1),1,NULL," -1",1,4,6,50
202000013735,12,8,2020,19:00:00,1,67,67482,2,8,8,3,"AMELIE DE BERCKHEIM (RUE)","48,6020380","7,7851600",202000013735,154 718 123,A01,1,1,0,4,1,19,5,NULL,202000013735,154 718 123,A01,1,1,3,1,1964,9,8,0,-1,-1," -1",-1,202000013735,4,NULL,0,NULL,2,2,3,1,(1),(1),1,NULL," -1",1,4,6,50
202000013979,10,10,2020,14:00:00,1,06,06069,2,6,1,2,"GARAGAI (CHEMIN DU)","43,6446250","6,9778830",202000013979,154 717 704,B01,3,1,0,0,0,0,5,NULL,202000013979,154 717 704,B01,1,1,4,1,1950,5,2,8,-1,-1," -1",-1,202000013979,4,"GARAGAI (CHEMIN DU)",0,NULL,2,1,0,1,0,0,1,NULL," -1",1,0,1,50
202000013979,10,10,2020,14:00:00,1,06,06069,2,6,1,2,"GARAGAI (CHEMIN DU)","43,6446250","6,9778830",202000013979,154 717 704,B01,3,1,0,0,0,0,5,NULL,202000013979,154 717 705,A01,1,1,1,1,1948,5,8,0,-1,-1," -1",-1,202000013979,4,"GARAGAI (CHEMIN DU)",0,NULL,2,1,0,1,0,0,1,NULL," -1",1,0,1,50
202000014114,20,11,2020,17:15:00,2,971,97117,1,9,1,2,"Route de Neron","16,3279230"," -61,3961510",202000014114,154 717 480,A01,1,1,0,0,4,2,5,NULL,202000014114,154 717 479,B01,1,1,1,1,1993,5,1,-1,-1,0,0,-1,202000014114,3,113,0,NULL,2,2,0,1,(1),(1),4,NULL," -1",1,0,1,80
202000014114,20,11,2020,17:15:00,2,971,97117,1,9,1,2,"Route de Neron","16,3279230"," -61,3961510",202000014114,154 717 480,A01,1,1,0,0,4,2,5,NULL,202000014114,154 717 480,A01,1,1,4,1,1964,5,2,-1,-1,0,0,-1,202000014114,3,113,0,NULL,2,2,0,1,(1),(1),4,NULL," -1",1,0,1,80
202000014297,18,11,2020,18:17:00,3,92,92019,2,1,1,6,"PLESSIS PIQUET (ROUTE DU)","48,7694700","2,2479900",202000014297,154 717 176,A01,3,1,0,1,1,1,5,NULL,202000014297,154 717 176,A01,10,3,1,1,1984,5,0,-1,-1,1,1,2,202000014297,4,"PLESSIS-PIQUET (ROUTE FORESTIERE DU)",0,NULL,2,2,0,1,1,0,1,NULL," -1",1,0,1,50
202000014297,18,11,2020,18:17:00,3,92,92019,2,1,1,6,"PLESSIS PIQUET (ROUTE DU)","48,7694700","2,2479900",202000014297,154 717 176,A01,3,1,0,1,1,1,5,NULL,202000014297,154 717 176,A01,1,1,4,1,1964,5,8,0,-1,-1," -1",-1,202000014297,4,"PLESSIS-PIQUET (ROUTE FORESTIERE DU)",0,NULL,2,2,0,1,1,0,1,NULL," -1",1,0,1,50
202000015319,11,9,2020,18:30:00,1,03,03214,2,1,1,7,"Champ de la Croix","46,4236424","3,0332613",202000015319,154 715 348,A01,3,1,0,0,7,1,5,NULL,202000015319,154 715 348,A01,1,1,2,1,1975,5,0,-1,-1,0,0,-1,202000015319,4,5,0,NULL,2,2,0,2,(1),(1),3,NULL," -1",1,0,1,50
202000015583,14,6,2020,14:30:00,1,42,42138,1,3,1,3,"Route de Bellegarde","45,6461330","4,3527960",202000015583,154 714 884,A01,1,1,0,2,1,1,5,NULL,202000015583,154 714 884,A01,1,1,3,1,1963,5,2,-1,-1,0,0,-1,202000015583,3,1089,0,NULL,2,2,0,1,3,800,1,NULL,"5,5",1,0,1,80
202000015583,14,6,2020,14:30:00,1,42,42138,1,3,1,3,"Route de Bellegarde","45,6461330","4,3527960",202000015583,154 714 884,A01,1,1,0,2,1,1,5,NULL,202000015583,154 714 885,B01,1,1,1,1,1951,5,1,-1,-1,0,0,-1,202000015583,3,1089,0,NULL,2,2,0,1,3,800,1,NULL,"5,5",1,0,1,80
202000017650,10,8,2020,16:40:00,1,69,69383,2,2,1,3,"LAFAYETTE                           (CO)","45,7637000","4,8430000",202000017650,154 711 167,A01,1,1,0,2,1,1,5,NULL,202000017650,154 711 167,A01,1,1,4,2,1960,5,2,0,-1,-1," -1",-1,202000017650,4,"LAFAYETTE                           (CO)",0,NULL,2,2,3,1,0,0,1,NULL," -1",1,0,1,50
202000017650,10,8,2020,16:40:00,1,69,69383,2,2,1,3,"LAFAYETTE                           (CO)","45,7637000","4,8430000",202000017650,154 711 167,A01,1,1,0,2,1,1,5,NULL,202000017650,154 711 169,B01,1,1,1,1,1988,5,1,8,-1,-1," -1",-1,202000017650,4,"LAFAYETTE                           (CO)",0,NULL,2,2,3,1,0,0,1,NULL," -1",1,0,1,50
202000017866,9,10,2020,17:25:00,1,59,59012,2,3,1,1,"Rue du Roi Albert 1er","49,9939561","4,1246194",202000017866,154 710 794,B01,1,1,0,2,1,26,5,NULL,202000017866,154 710 793,A01,1,1,1,1,1983,0,1,-1,-1,0,0,-1,202000017866,3,156,0,D,2,2,0,1,(1),(1),3,NULL," -1",1,0,1,50
202000017866,9,10,2020,17:25:00,1,59,59012,2,3,1,1,"Rue du Roi Albert 1er","49,9939561","4,1246194",202000017866,154 710 794,B01,1,1,0,2,1,26,5,NULL,202000017866,154 710 794,B01,1,1,3,1,2007,5,0,-1,-1,0,0,-1,202000017866,3,156,0,D,2,2,0,1,(1),(1),3,NULL," -1",1,0,1,50
202000018148,15,11,2020,20:00:00,5,06,06088,2,1,8,2,"JOLY (CORNICHE ANDRE DE)","43,7004700","7,2941700",202000018148,154 710 305,B01,1,1,6,0,4,1,0,NULL,202000018148,154 710 305,B01,1,1,4,1,1992,5,2,8,-1,-1," -1",-1,202000018148,7,"JOLY (CORNICHE ANDRE DE)",0,NULL,2,2,2,2,0,0,1,NULL," -1",1,0,5,50
202000018148,15,11,2020,20:00:00,5,06,06088,2,1,8,2,"JOLY (CORNICHE ANDRE DE)","43,7004700","7,2941700",202000018148,154 710 305,B01,1,1,6,0,4,1,0,NULL,202000018148,154 710 306,A01,1,1,4,1,1950,5,2,6,-1,-1," -1",-1,202000018148,7,"JOLY (CORNICHE ANDRE DE)",0,NULL,2,2,2,2,0,0,1,NULL," -1",1,0,5,50
202000019204,11,9,2020,12:00:00,1,73,73151,2,2,1,2,"Chemin de Blardet","45,4956275","5,9903439",202000019204,154 708 452,B01,0,1,0,2,1,1,5,NULL,202000019204,154 708 451,A01,1,1,1,2,1977,4,1,-1,-1,0,0,-1,202000019204,4,NULL,0,NULL,2,2,0,1,(1),(1),1,NULL," -1",1,0,1,50
202000019204,11,9,2020,12:00:00,1,73,73151,2,2,1,2,"Chemin de Blardet","45,4956275","5,9903439",202000019204,154 708 452,B01,0,1,0,2,1,1,5,NULL,202000019204,154 708 452,B01,1,1,4,1,1978,5,2,-1,-1,0,0,-1,202000019204,4,NULL,0,NULL,2,2,0,1,(1),(1),1,NULL," -1",1,0,1,50
202000020070,13,11,2020,09:00:00,1,75,75116,2,3,8,3,"AVENUE FOCH","48,8735730","2,2879710",202000020070,154 706 887,B01,2,1,0,2,7,12,5,NULL,202000020070,154 706 886,A01,1,1,1,1,1974,9,2,6,-1,0,0,-1,202000020070,4,NULL,0,NULL,3,1,0,1,0,0,1,NULL," -1",1,0,1,50
202000020070,13,11,2020,09:00:00,1,75,75116,2,3,8,3,"AVENUE FOCH","48,8735730","2,2879710",202000020070,154 706 887,B01,2,1,0,2,7,12,5,NULL,202000020070,154 706 887,B01,1,1,4,2,1993,9,2,0,-1,0,0,-1,202000020070,4,NULL,0,NULL,3,1,0,1,0,0,1,NULL," -1",1,0,1,50
202000020209,24,4,2020,08:25:00,1,11,11262,2,1,1,-1,"LAKANAL (RUE)","43,1879747","3,0087633",202000020209,154 706 647,B01,1,1,0,2,0,19,5,NULL,202000020209,154 706 647,B01,1,1,3,2,1971,9,2,8,-1,0," -1",-1,202000020209,4,"LAKANAL (RUE)",0,NULL,2,2,0,1,0,0,1,NULL," -1",1,0,1,50
202000020209,24,4,2020,08:25:00,1,11,11262,2,1,1,-1,"LAKANAL (RUE)","43,1879747","3,0087633",202000020209,154 706 647,B01,1,1,0,2,0,19,5,NULL,202000020209,154 706 648,A01,1,1,1,2,1967,9,1,8,-1,-1," -1",-1,202000020209,4,"LAKANAL (RUE)",0,NULL,2,2,0,1,0,0,1,NULL," -1",1,0,1,50
202000021827,12,11,2020,15:00:00,1,38,38383,2,1,8,6,"Route de Tolvon","45,3787060","5,6289110",202000021827,154 703 812,A01,3,1,0,1,1,0,5,NULL,202000021827,154 703 812,A01,10,3,3,2,1949,5,0,-1,-1,1,1,2,202000021827,4,NULL,-1,NULL,2,2,0,2,(1),(1),1,NULL," -1",1,0,1,10
202000021827,12,11,2020,15:00:00,1,38,38383,2,1,8,6,"Route de Tolvon","45,3787060","5,6289110",202000021827,154 703 812,A01,3,1,0,1,1,0,5,NULL,202000021827,154 703 812,A01,1,1,3,1,1946,5,2,6,-1,0,0,-1,202000021827,4,NULL,-1,NULL,2,2,0,2,(1),(1),1,NULL," -1",1,0,1,10
202000023578,6,11,2020,17:00:00,2,37,37261,2,2,1,-1,"GIRAUDEAU (RUE)","47,3860976","0,6766601",202000023578,154 700 760,B01,1,1,0,2,7,1,5,NULL,202000023578,154 700 760,B01,1,1,3,1,1983,9,8,0,-1,-1," -1",-1,202000023578,4,NULL,0,NULL,2,2,0,1,(1),(1),1,NULL," -1",1,5,1,50
202000023721,24,10,2020,16:10:00,1,67,67049,2,1,1,-1,"2 Rue du Marechal Foch","48,5044444","7,6027826",202000023721,154 700 495,B01,3,1,1,0,3,25,5,NULL,202000023721,154 700 494,A01,1,1,1,1,1963,9,1,-1,-1,0,0,-1,202000023721,7,84,-1,NULL,2,2,0,1,(1),(1),1,NULL," -1",1,0,4,50
202000023721,24,10,2020,16:10:00,1,67,67049,2,1,1,-1,"2 Rue du Marechal Foch","48,5044444","7,6027826",202000023721,154 700 495,B01,3,1,1,0,3,25,5,NULL,202000023721,154 700 495,B01,1,1,3,1,1965,5,2,-1,-1,0,0,-1,202000023721,7,84,-1,NULL,2,2,0,1,(1),(1),1,NULL," -1",1,0,4,50
202000024832,5,9,2020,13:45:00,1,974,97406,2,3,1,3,"Rue de la République"," -21,1478580","55,6159550",202000024832,154 698 548,A01,1,1,0,2,1,1,5,NULL,202000024832,154 698 547,B01,1,1,1,2,1998,0,1,-1,-1,0,0,-1,202000024832,2,3,0,N,2,2,0,2,(1),(1),1,NULL," -1",1,0,1,50
202000024832,5,9,2020,13:45:00,1,974,97406,2,3,1,3,"Rue de la République"," -21,1478580","55,6159550",202000024832,154 698 548,A01,1,1,0,2,1,1,5,NULL,202000024832,154 698 548,A01,1,1,3,1,2001,1,0,-1,-1,0,0,-1,202000024832,2,3,0,N,2,2,0,2,(1),(1),1,NULL," -1",1,0,1,50
202000025092,6,8,2020,13:40:00,1,69,69381,2,3,1,3,"GENERAL GIRAUD (DU)                 (CO)","45,7709254","4,8167816",202000025092,154 698 071,Y01,1,1,0,2,1,18,0,NULL,202000025092,154 698 072,A01,1,1,1,1,1986,0,8,0,-1,-1," -1",-1,202000025092,4,NULL,0,NULL,2,2,0,2,(1),(1),1,NULL," -1",1,0,1,50
202000025092,6,8,2020,13:40:00,1,69,69381,2,3,1,3,"GENERAL GIRAUD (DU)                 (CO)","45,7709254","4,8167816",202000025092,154 698 071,Y01,1,1,0,2,1,18,0,NULL,202000025092,154 698 072,A01,10,3,3,1,2002,0,0,-1,-1,2,9,1,202000025092,4,NULL,0,NULL,2,2,0,2,(1),(1),1,NULL," -1",1,0,1,50
202000025255,6,8,2020,10:25:00,1,75,75112,2,1,1,6,"RUE VILLIOT","48,8411050","2,3744220",202000025255,154 697 782,Z01,3,1,0,1,0,25,5,NULL,202000025255,154 697 782,Z01,10,3,4,2,1998,4,0,-1,-1,5,9,1,202000025255,4,NULL,0,NULL,2,2,0,1,0,0,1,NULL," -1",1,0,4,50
202000026182,8,1,2020,16:05:00,1,33,33281,2,2,1,3,"AVE MARCEL DASSAULT / Rocade  A630 (E10) (Entrée bretelle)","44,8435200"," -0,6729400",202000026182,154 696 200,B01,3,1,0,2,1,1,5,NULL,202000026182,154 696 199,A01,1,1,1,1,1995,9,1,-1,-1,-1,0,-1,202000026182,1,A630,0,NULL,1,1,0,2,16,0,1,NULL," -1",1,3,8,50
202000026182,8,1,2020,16:05:00,1,33,33281,2,2,1,3,"AVE MARCEL DASSAULT / Rocade  A630 (E10) (Entrée bretelle)","44,8435200"," -0,6729400",202000026182,154 696 200,B01,3,1,0,2,1,1,5,NULL,202000026182,154 696 200,B01,1,1,4,1,1995,5,0,-1,-1,-1,0,-1,202000026182,1,A630,0,NULL,1,1,0,2,16,0,1,NULL," -1",1,3,8,50