Num_Acc,jour,mois,an,hrmn,lum,dep,com,agg,int,atm,col,adr,lat,long,Num_Acc,id_vehicule,num_veh,senc,catv,obs,obsm,choc,manv,motor,occutc,Num_Acc,id_vehicule,num_veh,place,catu,grav,sexe,an_nais,trajet,secu1,secu2,secu3,locp,actp,etatp,Num_Acc,catr,voie,v1,v2,circ,nbv,vosp,prof,pr,pr1,plan,lartpc,larrout,surf,infra,situ,vma
202000026841,6,9,2020,13:40:00,1,75,75113,2,2,8,3,"AVENUE D ITALIE","48,8222070","2,3585300",202000026841,154 695 022,A01,2,1,0,2,1,1,5,NULL,202000026841,154 695 021,B01,1,1,1,2,1990,5,1,0,-1,0,0,-1,202000026841,4,NULL,0,NULL,3,2,1,1,0,0,1,NULL," -1",2,0,1,50
202000026841,6,9,2020,13:40:00,1,75,75113,2,2,8,3,"AVENUE D ITALIE","48,8222070","2,3585300",202000026841,154 695 022,A01,2,1,0,2,1,1,5,NULL,202000026841,154 695 022,A01,1,1,4,1,1985,5,8,0,-1,0,0,-1,202000026841,4,NULL,0,NULL,3,2,1,1,0,0,1,NULL," -1",2,0,1,50
202000027055,5,11,2020,06:45:00,5,85,85191,2,2,1,3,"Boulevard Jean Yole","46,6804000"," -1,4301200",202000027055,154 694 651,B01,0,1,0,2,4,1,5,NULL,202000027055,154 694 651,B01,1,1,3,2,1955,1,2,4,-1,-1," -1",-1,202000027055,3,763,0,NULL,-1,2,1,1,49,238,1,NULL," -1",1,5,1,30
202000027055,5,11,2020,06:45:00,5,85,85191,2,2,1,3,"Boulevard Jean Yole","46,6804000"," -1,4301200",202000027055,154 694 651,B01,0,1,0,2,4,1,5,NULL,202000027055,154 694 654,A01,1,1,1,1,1971,4,1,0,-1,-1," -1",-1,202000027055,3,763,0,NULL,-1,2,1,1,49,238,1,NULL," -1",1,5,1,30
202000029633,2,6,2020,17:15:00,1,80,80164,2,1,1,2,"MARIUS PETIT (RUE)","49,8873800","2,3451400",202000029633,154 690 174,A01,0,1,0,2,1,1,5,NULL,202000029633,154 690 174,A01,1,1,4,1,2003,0,2,0,-1,-1," -1",-1,202000029633,4,"MARIUS PETIT (RUE)",0,NULL,1,1,0,1,0,0,1,NULL," -1",1,0,1,50
202000029633,2,6,2020,17:15:00,1,80,80164,2,1,1,2,"MARIUS PETIT (RUE)","49,8873800","2,3451400",202000029633,154 690 174,A01,0,1,0,2,1,1,5,NULL,202000029633,154 690 175,B01,1,1,1,1,1969,0,1,0,-1,-1," -1",-1,202000029633,4,"MARIUS PETIT (RUE)",0,NULL,1,1,0,1,0,0,1,NULL," -1",1,0,1,50
202000029765,3,6,2020,16:00:00,1,94,94044,2,1,1,1,"ALBERT GARRY (R)","48,7559430","2,4821320",202000029765,154 689 944,B01,1,1,0,2,8,19,0,NULL,202000029765,154 689 944,B01,1,1,4,1,2003,1,8,0,-1,-1," -1",-1,202000029765,4,"ALBERT GARRY (R)",0,NULL,2,2,0,1,0,0,1,NULL," -1",1,0,5,50
202000029938,15,12,2020,14:00:00,1,14,14578,1,1,1,2,D74,"49,3670320","0,1426080",202000029938,154 689 643,B01,2,1,1,0,1,2,5,NULL,202000029938,154 689 642,A01,1,1,1,1,1968,4,8,-1,-1,0,0,-1,202000029938,3,74,-1,NULL,2,2,0,1,4,(1),1,NULL," -1",1,0,1,80
202000029938,15,12,2020,14:00:00,1,14,14578,1,1,1,2,D74,"49,3670320","0,1426080",202000029938,154 689 643,B01,2,1,1,0,1,2,5,NULL,202000029938,154 689 643,B01,1,1,4,1,1950,5,2,-1,-1,0,0,-1,202000029938,3,74,-1,NULL,2,2,0,1,4,(1),1,NULL," -1",1,0,1,80
202000033886,13,1,2020,10:50:00,1,75,75117,2,4,1,3,"AVENUE DE VILLIERS","48,8817361","2,3145892",202000033886,154 682 883,A01,2,1,0,2,0,1,5,NULL,202000033886,154 682 883,A01,1,1,4,2,1984,9,8,2,-1,0,0,-1,202000033886,4,NULL,0,NULL,2,2,0,1,0,0,1,NULL,4,1,0,1,50
202000033886,13,1,2020,10:50:00,1,75,75117,2,4,1,3,"AVENUE DE VILLIERS","48,8817361","2,3145892",202000033886,154 682 883,A01,2,1,0,2,0,1,5,NULL,202000033886,154 682 884,B01,1,1,1,1,1956,4,1,8,-1,0,0,-1,202000033886,4,NULL,0,NULL,2,2,0,1,0,0,1,NULL,4,1,0,1,50
202000035916,10,1,2020,17:55:00,5,75,75106,2,2,2,3,"BOULEVARD RASPAIL","48,8455844","2,3286460",202000035916,154 679 260,A01,2,1,0,2,1,1,5,NULL,202000035916,154 679 260,A01,1,1,4,2,1986,9,8,2,-1,0,0,-1,202000035916,4,NULL,0,NULL,3,2,0,1,0,0,1,NULL," -1",2,0,1,50
202000035916,10,1,2020,17:55:00,5,75,75106,2,2,2,3,"BOULEVARD RASPAIL","48,8455844","2,3286460",202000035916,154 679 260,A01,2,1,0,2,1,1,5,NULL,202000035916,154 679 262,B01,1,1,1,1,1946,5,1,0,-1,0,0,-1,202000035916,4,NULL,0,NULL,3,2,0,1,0,0,1,NULL," -1",2,0,1,50
202000036104,1,7,2020,09:10:00,1,75,75105,2,1,1,1,"RUE DES FOSSES SAINT MARCEL","48,8390430","2,3561390",202000036104,154 678 921,A01,1,1,0,2,1,5,5,NULL,202000036104,154 678 920,B01,1,1,4,1,1979,1,2,0,-1,0,0,-1,202000036104,4,NULL,0,NULL,2,2,1,2,9,0,1,NULL," -1",1,-1,5,30
202000036104,1,7,2020,09:10:00,1,75,75105,2,1,1,1,"RUE DES FOSSES SAINT MARCEL","48,8390430","2,3561390",202000036104,154 678 920,B01,2,1,0,2,1,1,5,NULL,202000036104,154 678 920,B01,1,1,4,1,1979,1,2,0,-1,0,0,-1,202000036104,4,NULL,0,NULL,2,2,1,2,9,0,1,NULL," -1",1,-1,5,30
202000036104,1,7,2020,09:10:00,1,75,75105,2,1,1,1,"RUE DES FOSSES SAINT MARCEL","48,8390430","2,3561390",202000036104,154 678 921,A01,1,1,0,2,1,5,5,NULL,202000036104,154 678 921,A01,1,1,4,2,1996,1,8,0,-1,0,0,-1,202000036104,4,NULL,0,NULL,2,2,1,2,9,0,1,NULL," -1",1,-1,5,30
202000036104,1,7,2020,09:10:00,1,75,75105,2,1,1,1,"RUE DES FOSSES SAINT MARCEL","48,8390430","2,3561390",202000036104,154 678 920,B01,2,1,0,2,1,1,5,NULL,202000036104,154 678 921,A01,1,1,4,2,1996,1,8,0,-1,0,0,-1,202000036104,4,NULL,0,NULL,2,2,1,2,9,0,1,NULL," -1",1,-1,5,30
202000037942,1,7,2020,12:00:00,1,57,57193,2,1,1,1,"29 Rue des Jardins","49,2236620","6,2142220",202000037942,154 675 673,B01,0,1,0,2,7,19,5,NULL,202000037942,154 675 672,A01,1,1,1,2,1982,9,1,-1,-1,0,0,-1,202000037942,4,NULL,-1,NULL,2,2,0,1,(1),(1),1,NULL," -1",1,6,1,30
202000037942,1,7,2020,12:00:00,1,57,57193,2,1,1,1,"29 Rue des Jardins","49,2236620","6,2142220",202000037942,154 675 673,B01,0,1,0,2,7,19,5,NULL,202000037942,154 675 673,B01,1,1,4,1,2014,5,2,-1,-1,0,0,-1,202000037942,4,NULL,-1,NULL,2,2,0,1,(1),(1),1,NULL," -1",1,6,1,30
202000038355,25,8,2020,11:17:00,1,06,06130,1,1,1,2,D5,"43,7090900","6,8643520",202000038355,154 674 942,A01,0,1,0,9,1,2,5,NULL,202000038355,154 674 941,B01,1,1,3,1,1955,5,2,-1,-1,0,0,-1,202000038355,3,5,-1,NULL,2,2,0,2,13,764,3,NULL," -1",1,0,1,80
202000038355,25,8,2020,11:17:00,1,06,06130,1,1,1,2,D5,"43,7090900","6,8643520",202000038355,154 674 941,B01,0,1,0,9,1,2,5,NULL,202000038355,154 674 941,B01,1,1,3,1,1955,5,2,-1,-1,0,0,-1,202000038355,3,5,-1,NULL,2,2,0,2,13,764,3,NULL," -1",1,0,1,80
202000038355,25,8,2020,11:17:00,1,06,06130,1,1,1,2,D5,"43,7090900","6,8643520",202000038355,154 674 942,A01,0,1,0,9,1,2,5,NULL,202000038355,154 674 942,A01,1,1,3,1,1952,5,2,-1,-1,0,0,-1,202000038355,3,5,-1,NULL,2,2,0,2,13,764,3,NULL," -1",1,0,1,80
202000038355,25,8,2020,11:17:00,1,06,06130,1,1,1,2,D5,"43,7090900","6,8643520",202000038355,154 674 941,B01,0,1,0,9,1,2,5,NULL,202000038355,154 674 942,A01,1,1,3,1,1952,5,2,-1,-1,0,0,-1,202000038355,3,5,-1,NULL,2,2,0,2,13,764,3,NULL," -1",1,0,1,80
202000038662,27,1,2020,10:30:00,1,68,68166,2,6,1,3,"RICHWILLER (RUE DE)","47,7892000","7,3151700",202000038662,154 674 411,B01,2,1,0,2,1,0,6,NULL,202000038662,154 674 411,B01,1,1,4,2,1979,5,0,-1,-1,0,0,-1,202000038662,4,"RICHWILLER (RUE DE)",0,NULL,2,2,0,1,0,0,1,NULL," -1",1,0,1,50
202000038662,27,1,2020,10:30:00,1,68,68166,2,6,1,3,"RICHWILLER (RUE DE)","47,7892000","7,3151700",202000038662,154 674 411,B01,2,1,0,2,1,0,6,NULL,202000038662,154 674 412,A01,1,1,1,1,1974,5,1,8,-1,0,0,-1,202000038662,4,"RICHWILLER (RUE DE)",0,NULL,2,2,0,1,0,0,1,NULL," -1",1,0,1,50
202000040782,23,9,2020,18:05:00,1,72,72181,2,1,2,3,"BOLLEE (AV) N° PAIRS 64 A 146","48,0020100","0,2089600",202000040782,154 670 669,A01,1,1,0,2,1,25,5,NULL,202000040782,154 670 668,B01,1,1,1,1,1970,0,1,0,-1,-1," -1",-1,202000040782,4,"BOLLEE (AV) N° PAIRS 64 A 146",0,NULL,2,4,0,1,0,0,1,NULL," -1",2,0,1,50
202000040782,23,9,2020,18:05:00,1,72,72181,2,1,2,3,"BOLLEE (AV) N° PAIRS 64 A 146","48,0020100","0,2089600",202000040782,154 670 669,A01,1,1,0,2,1,25,5,NULL,202000040782,154 670 669,A01,1,1,4,1,1998,0,8,0,-1,-1," -1",-1,202000040782,4,"BOLLEE (AV) N° PAIRS 64 A 146",0,NULL,2,4,0,1,0,0,1,NULL," -1",2,0,1,50
202000041174,7,1,2020,10:00:00,1,75,75110,2,7,1,3,"BOULEVARD SAINT MARTIN","48,8679509","2,3623805",202000041174,154 670 003,A01,3,1,0,2,0,9,5,NULL,202000041174,154 670 000,B01,1,1,4,1,2002,9,2,6,-1,0,0,-1,202000041174,4,NULL,0,NULL,2,6,-1,1,0,0,1,NULL,18,1,0,1,50
202000041174,7,1,2020,10:00:00,1,75,75110,2,7,1,3,"BOULEVARD SAINT MARTIN","48,8679509","2,3623805",202000041174,154 670 003,A01,3,1,0,2,0,9,5,NULL,202000041174,154 670 003,A01,1,1,1,1,1995,9,8,2,-1,0,0,-1,202000041174,4,NULL,0,NULL,2,6,-1,1,0,0,1,NULL,18,1,0,1,50
202000041681,25,6,2020,14:45:00,1,45,45324,1,3,1,7,"D13 PR 16+50","47,7404879","2,1625960",202000041681,154 669 088,A01,2,1,0,0,7,0,5,NULL,202000041681,154 669 088,A01,1,1,3,1,1962,5,8,-1,-1,0,0,-1,202000041681,3,13,-1,NULL,2,2,0,1,16,50,1,NULL," -1",1,0,3,80
202000042419,23,7,2020,09:55:00,1,75,75107,2,1,1,3,"QUAI BRANLY","48,8587020","2,2929960",202000042419,154 667 742,A01,1,1,12,2,0,14,5,NULL,202000042419,154 667 740,B01,1,1,1,1,1971,9,1,0,-1,0,0,-1,202000042419,4,NULL,0,NULL,2,6,0,1,0,0,1,NULL," -1",1,0,1,50
202000042419,23,7,2020,09:55:00,1,75,75107,2,1,1,3,"QUAI BRANLY","48,8587020","2,2929960",202000042419,154 667 742,A01,1,1,12,2,0,14,5,NULL,202000042419,154 667 742,A01,1,1,4,2,1970,9,2,0,-1,0,0,-1,202000042419,4,NULL,0,NULL,2,6,0,1,0,0,1,NULL," -1",1,0,1,50
202000046158,6,3,2020,08:30:00,1,67,67067,2,1,1,-1,"25 Rue du Général Duport","48,7317063","7,7055344",202000046158,154 661 136,A01,2,1,1,0,2,1,5,NULL,202000046158,154 661 136,A01,1,1,3,1,1936,3,2,-1,-1,0,0,-1,202000046158,3,58,-1,NULL,2,2,0,1,(1),(1),1,NULL," -1",1,0,1,50
202000046158,6,3,2020,08:30:00,1,67,67067,2,1,1,-1,"25 Rue du Général Duport","48,7317063","7,7055344",202000046158,154 661 136,A01,2,1,1,0,2,1,5,NULL,202000046158,154 661 137,B01,1,1,1,1,1939,3,1,-1,-1,0,0,-1,202000046158,3,58,-1,NULL,2,2,0,1,(1),(1),1,NULL," -1",1,0,1,50
202000046257,25,6,2020,18:50:00,1,94,94015,2,1,1,3,"ADRIEN MENTIENNE (QU)","48,8476753","2,5123737",202000046257,154 660 955,B01,1,1,1,0,7,1,5,NULL,202000046257,154 660 954,A01,1,1,1,1,1969,5,8,0,-1,-1," -1",-1,202000046257,4,"ADRIEN MENTIENNE (QU)",0,NULL,1,1,0,1,1,0,1,NULL," -1",1,0,1,30
202000046257,25,6,2020,18:50:00,1,94,94015,2,1,1,3,"ADRIEN MENTIENNE (QU)","48,8476753","2,5123737",202000046257,154 660 955,B01,1,1,1,0,7,1,5,NULL,202000046257,154 660 955,B01,1,1,4,2,1990,5,2,0,-1,-1," -1",-1,202000046257,4,"ADRIEN MENTIENNE (QU)",0,NULL,1,1,0,1,1,0,1,NULL," -1",1,0,1,30
202000047057,2,12,2020,11:20:00,1,75,75118,2,1,1,3,"BOULEVARD DE LA CHAPELLE","48,8841850","2,3541480",202000047057,154 659 571,A01,1,1,0,2,0,1,5,NULL,202000047057,154 659 571,A01,1,1,4,1,1989,9,2,0,-1,0,0,-1,202000047057,4,NULL,0,NULL,3,1,1,1,0,0,1,NULL," -1",1,-1,5,30
202000006649,25,11,2020,07:48:00,1,31,31555,2,1,1,2,"MINIMES (AV DES) DU 1AU 178","43,6233800","1,4343600",202000006649,154 730 560,A01,2,1,0,2,3,1,5,NULL,202000006649,154 730 560,A01,1,1,4,2,1992,1,2,0,-1,-1," -1",-1,202000006649,3,120,0,N,3,2,0,1,0,829,1,NULL," -1",1,0,1,50
202000007218,16,9,2020,08:40:00,1,75,75112,2,1,1,3,"BOULEVARD PONIATOWSKI","48,8331250","2,4011960",202000007218,154 729 565,B01,2,1,0,2,1,1,5,NULL,202000007218,154 729 564,A01,1,1,1,1,1977,4,1,0,-1,0,0,-1,202000007218,4,NULL,0,NULL,-1,2,1,1,0,0,1,NULL," -1",1,-1,5,50
202000007218,16,9,2020,08:40:00,1,75,75112,2,1,1,3,"BOULEVARD PONIATOWSKI","48,8331250","2,4011960",202000007218,154 729 565,B01,2,1,0,2,1,1,5,NULL,202000007218,154 729 565,B01,1,1,4,2,1986,9,2,0,-1,0,0,-1,202000007218,4,NULL,0,NULL,-1,2,1,1,0,0,1,NULL," -1",1,-1,5,50
202000007994,14,10,2020,09:40:00,1,75,75101,2,4,2,3,"VOIE GEORGES POMPIDOU","48,8578860","2,3439190",202000007994,154 728 189,B01,3,1,0,2,8,1,5,NULL,202000007994,154 728 188,A01,1,1,4,2,1981,5,2,0,-1,0,0,-1,202000007994,4,NULL,0,NULL,2,2,0,1,0,0,1,NULL," -1",2,6,1,50
202000007994,14,10,2020,09:40:00,1,75,75101,2,4,2,3,"VOIE GEORGES POMPIDOU","48,8578860","2,3439190",202000007994,154 728 188,A01,3,1,0,2,7,9,5,NULL,202000007994,154 728 188,A01,1,1,4,2,1981,5,2,0,-1,0,0,-1,202000007994,4,NULL,0,NULL,2,2,0,1,0,0,1,NULL," -1",2,6,1,50
202000007994,14,10,2020,09:40:00,1,75,75101,2,4,2,3,"VOIE GEORGES POMPIDOU","48,8578860","2,3439190",202000007994,154 728 189,B01,3,1,0,2,8,1,5,NULL,202000007994,154 728 189,B01,1,1,4,1,1974,1,2,0,-1,0,0,-1,202000007994,4,NULL,0,NULL,2,2,0,1,0,0,1,NULL," -1",2,6,1,50
202000007994,14,10,2020,09:40:00,1,75,75101,2,4,2,3,"VOIE GEORGES POMPIDOU","48,8578860","2,3439190",202000007994,154 728 188,A01,3,1,0,2,7,9,5,NULL,202000007994,154 728 189,B01,1,1,4,1,1974,1,2,0,-1,0,0,-1,202000007994,4,NULL,0,NULL,2,2,0,1,0,0,1,NULL," -1",2,6,1,50
202000009069,15,9,2020,23:00:00,5,69,69388,2,2,1,3,"ETATS UNIS (DES)                    (BD)","45,7294146","4,8677242",202000009069,154 726 312,B01,1,1,0,2,1,15,6,NULL,202000009069,154 726 311,A01,2,2,1,1,1998,5,1,0,-1,-1," -1",-1,202000009069,4,"ETATS UNIS (DES)                    (BD)",0,NULL,3,5,2,1,0,0,1,NULL," -1",1,0,1,50
202000009069,15,9,2020,23:00:00,5,69,69388,2,2,1,3,"ETATS UNIS (DES)                    (BD)","45,7294146","4,8677242",202000009069,154 726 312,B01,1,1,0,2,1,15,6,NULL,202000009069,154 726 311,A01,1,1,1,1,1988,5,1,0,-1,-1," -1",-1,202000009069,4,"ETATS UNIS (DES)                    (BD)",0,NULL,3,5,2,1,0,0,1,NULL," -1",1,0,1,50
202000009069,15,9,2020,23:00:00,5,69,69388,2,2,1,3,"ETATS UNIS (DES)                    (BD)","45,7294146","4,8677242",202000009069,154 726 312,B01,1,1,0,2,1,15,6,NULL,202000009069,154 726 312,B01,1,1,4,1,2001,9,8,0,-1,-1," -1",-1,202000009069,4,"ETATS UNIS (DES)                    (BD)",0,NULL,3,5,2,1,0,0,1,NULL," -1",1,0,1,50
202000009766,17,6,2020,09:00:00,1,972,97213,1,1,1,3,"ROUTE NATIONALE 5","14,5981000"," -60,9990000",202000009766,154 725 075,B01,1,1,0,2,0,1,0,NULL,202000009766,154 725 075,B01,1,1,4,1,2002,5,2,8,-1,-1," -1",-1,202000009766,1,1,0,NULL,1,3,0,1,6,100,1,NULL," -1",1,0,1,70
202000009766,17,6,2020,09:00:00,1,972,97213,1,1,1,3,"ROUTE NATIONALE 5","14,5981000"," -60,9990000",202000009766,154 725 075,B01,1,1,0,2,0,1,0,NULL,202000009766,154 725 076,A01,1,1,1,2,1955,5,1,8,-1,-1," -1",-1,202000009766,1,1,0,NULL,1,3,0,1,6,100,1,NULL," -1",1,0,1,70
202000009860,8,10,2020,16:00:00,1,46,46042,1,3,1,3,"Départementale 811 (entre Cahors et Merc","44,4918030","1,4061760",202000009860,154 724 908,B01,1,1,0,2,3,15,5,NULL,202000009860,154 724 907,A01,1,1,1,1,1985,4,1,8,-1,-1," -1",-1,202000009860,3,"Départementale 811 (entre Cahors et Merc",0,NULL,2,2,0,2,3,600,2,NULL," -1",1,0,1,80
202000009860,8,10,2020,16:00:00,1,46,46042,1,3,1,3,"Départementale 811 (entre Cahors et Merc","44,4918030","1,4061760",202000009860,154 724 908,B01,1,1,0,2,3,15,5,NULL,202000009860,154 724 908,B01,1,1,4,1,1950,5,8,0,-1,-1," -1",-1,202000009860,3,"Départementale 811 (entre Cahors et Merc",0,NULL,2,2,0,2,3,600,2,NULL," -1",1,0,1,80
202000010071,18,8,2020,22:40:00,5,69,69381,2,7,1,3,"TERREAUX (DES)                      (PL)","45,7671400","4,8328400",202000010071,154 724 535,A01,3,1,0,2,0,8,5,NULL,202000010071,154 724 535,A01,1,1,4,2,1984,0,8,0,-1,-1," -1",-1,202000010071,4,"TERREAUX (DES)                      (PL)",0,NULL,2,2,1,1,0,1,1,NULL," -1",1,9,1,30
202000011811,12,10,2020,18:15:00,1,33,33522,2,8,1,3,"CRS GAMBETTA / RUE LAMARTINE","44,8151900"," -0,5872300",202000011811,154 721 475,A01,1,1,0,4,3,15,5,NULL,202000011811,154 721 474,B01,1,1,1,2,1992,9,8,0,-1,-1," -1",-1,202000011811,4,"CRS GAMBETTA",0,NULL,2,2,3,1,(1),(1),1,NULL," -1",1,4,6,50
202000011811,12,10,2020,18:15:00,1,33,33522,2,8,1,3,"CRS GAMBETTA / RUE LAMARTINE","44,8151900"," -0,5872300",202000011811,154 721 475,A01,1,1,0,4,3,15,5,NULL,202000011811,154 721 475,A01,1,1,4,2,2005,0,8,0,-1,-1," -1",-1,202000011811,4,"CRS GAMBETTA",0,NULL,2,2,3,1,(1),(1),1,NULL," -1",1,4,6,50
202000011932,8,10,2020,15:50:00,1,58,58225,1,1,1,7,"Champ des pierges","46,9215490","3,0838380",202000011932,154 721 256,A01,2,1,0,0,8,1,5,NULL,202000011932,154 721 256,A01,1,1,3,1,1968,5,2,-1,-1,0,0,-1,202000011932,4,5,-1,NULL,2,2,0,2,(1),(1),3,NULL," -1",1,0,1,80
202000013797,13,8,2020,13:20:00,1,75,75110,2,4,1,3,"RUE DU FAUBOURG SAINT MARTIN","48,8788610","2,3623020",202000013797,154 718 007,B01,2,1,0,2,3,1,5,NULL,202000013797,154 718 007,B01,1,1,4,2,2000,9,2,0,-1,0,0,-1,202000013797,4,NULL,0,NULL,2,3,0,1,0,0,1,NULL," -1",1,0,1,50
202000013797,13,8,2020,13:20:00,1,75,75110,2,4,1,3,"RUE DU FAUBOURG SAINT MARTIN","48,8788610","2,3623020",202000013797,154 718 007,B01,2,1,0,2,3,1,5,NULL,202000013797,154 718 008,A01,1,1,1,1,1994,4,1,0,-1,0,0,-1,202000013797,4,NULL,0,NULL,2,3,0,1,0,0,1,NULL," -1",1,0,1,50
202000014408,18,11,2020,16:15:00,1,75,75112,2,1,1,6,"RUE TRAVERSIERE","48,8484420","2,3741800",202000014408,154 716 982,A01,1,1,0,1,1,1,5,NULL,202000014408,154 716 982,A01,1,1,1,1,1978,5,2,0,-1,0,0,-1,202000014408,4,NULL,0,NULL,2,2,0,1,0,0,1,NULL," -1",1,0,1,30
202000014408,18,11,2020,16:15:00,1,75,75112,2,1,1,6,"RUE TRAVERSIERE","48,8484420","2,3741800",202000014408,154 716 982,A01,1,1,0,1,1,1,5,NULL,202000014408,154 716 982,A01,10,3,3,1,1952,5,0,-1,-1,2,4,2,202000014408,4,NULL,0,NULL,2,2,0,1,0,0,1,NULL," -1",1,0,1,30
202000014408,18,11,2020,16:15:00,1,75,75112,2,1,1,6,"RUE TRAVERSIERE","48,8484420","2,3741800",202000014408,154 716 982,A01,1,1,0,1,1,1,5,NULL,202000014408,154 716 982,A01,10,3,1,2,1948,5,0,-1,-1,2,4,2,202000014408,4,NULL,0,NULL,2,2,0,1,0,0,1,NULL," -1",1,0,1,30
202000014593,6,5,2020,16:10:00,1,94,94021,2,1,1,3,"PEPINIERE (SQ DE LA)","48,7677000","2,3662400",202000014593,154 716 684,B01,2,1,0,2,1,1,5,NULL,202000014593,154 716 683,A01,1,1,1,1,1951,0,8,0,-1,-1," -1",-1,202000014593,5,"PEPINIERE (SQ DE LA)",0,NULL,1,1,0,1,0,1,1,NULL," -1",1,0,1,30
202000014593,6,5,2020,16:10:00,1,94,94021,2,1,1,3,"PEPINIERE (SQ DE LA)","48,7677000","2,3662400",202000014593,154 716 684,B01,2,1,0,2,1,1,5,NULL,202000014593,154 716 684,B01,1,1,4,1,2011,5,8,8,-1,0,0,-1,202000014593,5,"PEPINIERE (SQ DE LA)",0,NULL,1,1,0,1,0,1,1,NULL," -1",1,0,1,30
202000015318,13,9,2020,09:00:00,1,84,84114,2,1,1,7,"152 Traverse du Luberon","43,8790300","5,2161780",202000015318,154 715 349,A01,0,1,0,0,3,1,5,NULL,202000015318,154 715 349,A01,1,1,2,1,1960,5,0,-1,-1,0,0,-1,202000015318,3,104,0,D,2,2,0,2,152,0,1,NULL," -1",1,9,1,30
202000015440,13,6,2020,19:10:00,1,92,92050,2,2,1,3,"RENAN ERNEST RUE","48,8930953","2,1871832",202000015440,154 715 134,B01,3,1,0,2,2,19,5,NULL,202000015440,154 715 134,B01,1,1,4,2,2004,5,8,0,-1,-1," -1",-1,202000015440,3,986,0,NULL,1,2,0,1,0,0,1,NULL," -1",1,0,5,50
202000015440,13,6,2020,19:10:00,1,92,92050,2,2,1,3,"RENAN ERNEST RUE","48,8930953","2,1871832",202000015440,154 715 134,B01,3,1,0,2,2,19,5,NULL,202000015440,154 715 135,A01,1,1,1,1,1982,1,1,0,-1,-1," -1",-1,202000015440,3,986,0,NULL,1,2,0,1,0,0,1,NULL," -1",1,0,5,50
202000015646,11,8,2020,08:20:00,1,62,62276,1,3,1,3,"boulevard de l ouest","50,5212720","2,8334050",202000015646,154 714 769,B01,0,1,0,2,7,1,5,NULL,202000015646,154 714 768,A01,1,1,1,1,1980,4,1,0,-1,-1," -1",-1,202000015646,4,NULL,0,NULL,2,2,0,1,1,0,3,NULL," -1",1,9,1,50
202000015646,11,8,2020,08:20:00,1,62,62276,1,3,1,3,"boulevard de l ouest","50,5212720","2,8334050",202000015646,154 714 769,B01,0,1,0,2,7,1,5,NULL,202000015646,154 714 769,B01,1,1,3,1,1946,0,8,8,-1,-1," -1",-1,202000015646,4,NULL,0,NULL,2,2,0,1,1,0,3,NULL," -1",1,9,1,50
202000016652,23,1,2020,06:50:00,5,42,42184,2,1,1,1,"Rue du Fuyant","46,0427518","4,0527699",202000016652,154 712 964,B01,3,1,0,2,6,16,5,NULL,202000016652,154 712 964,B01,1,1,4,1,1989,9,8,0,-1,-1," -1",-1,202000016652,4,NULL,0,NULL,2,7,0,1,(1),(1),3,NULL," -1",1,5,1,50
202000016652,23,1,2020,06:50:00,5,42,42184,2,1,1,1,"Rue du Fuyant","46,0427518","4,0527699",202000016652,154 712 964,B01,3,1,0,2,6,16,5,NULL,202000016652,154 712 965,A01,1,1,1,1,1990,1,1,0,-1,-1," -1",-1,202000016652,4,NULL,0,NULL,2,7,0,1,(1),(1),3,NULL," -1",1,5,1,50
202000018922,22,2,2020,09:00:00,1,83,83069,2,6,1,3,"APPEL DU 18 JUIN ( RD POINT DE L')","43,1065000","6,1285000",202000018922,154 708 958,A01,1,1,0,2,1,1,5,NULL,202000018922,154 708 958,A01,1,1,3,1,1945,5,2,6,-1,-1," -1",-1,202000018922,3,559,0,NULL,1,1,0,1,48,900,2,NULL," -1",1,9,1,50
202000018922,22,2,2020,09:00:00,1,83,83069,2,6,1,3,"APPEL DU 18 JUIN ( RD POINT DE L')","43,1065000","6,1285000",202000018922,154 708 958,A01,1,1,0,2,1,1,5,NULL,202000018922,154 708 959,B01,1,1,1,1,1973,9,1,0,-1,-1," -1",-1,202000018922,3,559,0,NULL,1,1,0,1,48,900,2,NULL," -1",1,9,1,50
202000020600,11,7,2020,19:45:00,1,45,45274,2,3,1,3,"Rue de Saint-Denis","47,8787838","1,9551193",202000020600,154 705 990,B01,1,1,6,2,8,1,5,NULL,202000020600,154 705 989,A01,1,1,1,1,2000,5,1,8,-1,-1," -1",-1,202000020600,4,NULL,0,NULL,2,2,0,1,(1),(1),1,NULL," -1",1,0,1,50
202000020600,11,7,2020,19:45:00,1,45,45274,2,3,1,3,"Rue de Saint-Denis","47,8787838","1,9551193",202000020600,154 705 990,B01,1,1,6,2,8,1,5,NULL,202000020600,154 705 990,B01,1,1,4,1,2004,1,8,0,-1,-1," -1",-1,202000020600,4,NULL,0,NULL,2,2,0,1,(1),(1),1,NULL," -1",1,0,1,50
202000021307,8,6,2020,14:00:00,1,75,75116,2,3,1,6,"RUE DE LA TOUR","48,8631480","2,2751420",202000021307,154 704 725,A01,2,1,0,1,1,5,5,NULL,202000021307,154 704 725,A01,1,1,1,2,1976,3,8,0,-1,0,0,-1,202000021307,4,NULL,0,NULL,1,1,0,1,0,0,1,NULL," -1",1,0,1,50