Num_Acc,jour,mois,an,hrmn,lum,dep,com,agg,int,atm,col,adr,lat,long,Num_Acc,id_vehicule,num_veh,senc,catv,obs,obsm,choc,manv,motor,occutc,Num_Acc,id_vehicule,num_veh,place,catu,grav,sexe,an_nais,trajet,secu1,secu2,secu3,locp,actp,etatp,Num_Acc,catr,voie,v1,v2,circ,nbv,vosp,prof,pr,pr1,plan,lartpc,larrout,surf,infra,situ,vma
202000021307,8,6,2020,14:00:00,1,75,75116,2,3,1,6,"RUE DE LA TOUR","48,8631480","2,2751420",202000021307,154 704 725,A01,2,1,0,1,1,5,5,NULL,202000021307,154 704 725,A01,10,3,4,2,1957,3,0,-1,-1,2,3,1,202000021307,4,NULL,0,NULL,1,1,0,1,0,0,1,NULL," -1",1,0,1,50
202000021525,6,10,2020,05:23:00,5,41,41018,2,3,2,3,"CROIX PICHON (RUE DE LA","47,5969300","1,3058100",202000021525,154 704 329,B01,0,1,0,2,1,1,5,NULL,202000021525,154 704 329,B01,1,1,4,1,2002,3,8,0,-1,-1," -1",-1,202000021525,4,"CROIX PICHON (RUE DE LA",0,NULL,4,2,0,1,0,0,2,NULL," -1",2,0,1,50
202000021525,6,10,2020,05:23:00,5,41,41018,2,3,2,3,"CROIX PICHON (RUE DE LA","47,5969300","1,3058100",202000021525,154 704 329,B01,0,1,0,2,1,1,5,NULL,202000021525,154 704 331,A01,1,1,1,2,1971,1,1,0,-1,-1," -1",-1,202000021525,4,"CROIX PICHON (RUE DE LA",0,NULL,4,2,0,1,0,0,2,NULL," -1",2,0,1,50
202000023329,7,6,2020,23:10:00,5,75,75118,2,2,1,3,"BOULEVARD BARBES","48,8838490","2,3494760",202000023329,154 701 183,B01,2,1,0,2,0,1,5,NULL,202000023329,154 701 183,B01,1,1,4,1,1991,9,2,0,-1,0,0,-1,202000023329,4,NULL,0,NULL,2,6,1,1,0,0,1,NULL," -1",1,-1,5,50
202000023329,7,6,2020,23:10:00,5,75,75118,2,2,1,3,"BOULEVARD BARBES","48,8838490","2,3494760",202000023329,154 701 183,B01,2,1,0,2,0,1,5,NULL,202000023329,154 701 184,A01,1,1,1,2,1980,9,1,0,-1,0,0,-1,202000023329,4,NULL,0,NULL,2,6,1,1,0,0,1,NULL," -1",1,-1,5,50
202000025177,6,8,2020,14:15:00,1,35,35238,2,9,1,3,"BULGARIE (BD DE)","48,0845000"," -1,6508000",202000025177,154 697 919,B01,0,1,0,2,7,15,0,NULL,202000025177,154 697 919,B01,1,1,4,1,2001,5,8,0,-1,-1," -1",-1,202000025177,4,"BULGARIE (BD DE)",0,NULL,2,2,1,1,(1),(1),2,NULL," -1",1,0,1,50
202000025177,6,8,2020,14:15:00,1,35,35238,2,9,1,3,"BULGARIE (BD DE)","48,0845000"," -1,6508000",202000025177,154 697 919,B01,0,1,0,2,7,15,0,NULL,202000025177,154 697 920,A01,2,2,1,1,2002,0,1,0,-1,-1," -1",-1,202000025177,4,"BULGARIE (BD DE)",0,NULL,2,2,1,1,(1),(1),2,NULL," -1",1,0,1,50
202000025177,6,8,2020,14:15:00,1,35,35238,2,9,1,3,"BULGARIE (BD DE)","48,0845000"," -1,6508000",202000025177,154 697 919,B01,0,1,0,2,7,15,0,NULL,202000025177,154 697 920,A01,1,1,1,2,1982,5,1,0,-1,-1," -1",-1,202000025177,4,"BULGARIE (BD DE)",0,NULL,2,2,1,1,(1),(1),2,NULL," -1",1,0,1,50
202000026411,8,7,2020,09:25:00,1,93,93001,1,1,1,6,"JEAN MARIE TJIBAOU (QUAI)","48,9166708","2,3712885",202000026411,154 695 788,A01,3,1,0,1,1,1,5,NULL,202000026411,154 695 788,A01,1,1,1,2,1972,0,8,0,-1,-1," -1",-1,202000026411,9,"JEAN MARIE TJIBAOU (QUAI)",0,NULL,-1,1,0,1,0,0,1,NULL," -1",1,0,8,50
202000026411,8,7,2020,09:25:00,1,93,93001,1,1,1,6,"JEAN MARIE TJIBAOU (QUAI)","48,9166708","2,3712885",202000026411,154 695 788,A01,3,1,0,1,1,1,5,NULL,202000026411,154 695 788,A01,10,3,4,2,1985,0,0,-1,-1,9,1,1,202000026411,9,"JEAN MARIE TJIBAOU (QUAI)",0,NULL,-1,1,0,1,0,0,1,NULL," -1",1,0,8,50
202000030709,26,3,2020,21:25:00,5,75,75111,2,2,1,3,"RUE MORAND","48,8688370","2,3762990",202000030709,154 688 324,B01,2,1,0,2,1,1,5,NULL,202000030709,154 688 323,A01,1,1,1,1,1978,1,1,0,-1,0,0,-1,202000030709,4,NULL,0,NULL,2,2,1,1,0,0,1,NULL," -1",1,-1,5,30
202000030709,26,3,2020,21:25:00,5,75,75111,2,2,1,3,"RUE MORAND","48,8688370","2,3762990",202000030709,154 688 324,B01,2,1,0,2,1,1,5,NULL,202000030709,154 688 324,B01,1,1,4,1,1994,1,2,0,-1,0,0,-1,202000030709,4,NULL,0,NULL,2,2,1,1,0,0,1,NULL," -1",1,-1,5,30
202000030928,5,9,2020,09:00:00,1,68,68201,1,3,1,3,D110,"47,7498820","7,0010110",202000030928,154 687 970,B01,1,1,0,0,7,1,5,NULL,202000030928,154 687 969,A01,1,1,1,1,1959,5,1,-1,-1,0,0,-1,202000030928,3,14.1,2,NULL,2,2,0,2,0,1,1,NULL," -1",1,5,8,80
202000030928,5,9,2020,09:00:00,1,68,68201,1,3,1,3,D110,"47,7498820","7,0010110",202000030928,154 687 970,B01,1,1,0,0,7,1,5,NULL,202000030928,154 687 970,B01,1,1,4,1,1977,5,2,-1,-1,0,0,-1,202000030928,3,14.1,2,NULL,2,2,0,2,0,1,1,NULL," -1",1,5,8,80
202000033710,26,9,2020,12:50:00,1,66,66136,2,1,1,3,"MERMOZ (AVENUE JEAN)","42,6931200","2,9153300",202000033710,154 683 183,B01,1,1,0,2,1,2,5,NULL,202000033710,154 683 180,A01,1,1,1,1,1949,5,1,0,-1,-1," -1",-1,202000033710,4,"MERMOZ (AVENUE JEAN)",0,NULL,2,-1,0,1,0,0,1,NULL," -1",1,0,1,50
202000033710,26,9,2020,12:50:00,1,66,66136,2,1,1,3,"MERMOZ (AVENUE JEAN)","42,6931200","2,9153300",202000033710,154 683 183,B01,1,1,0,2,1,2,5,NULL,202000033710,154 683 183,B01,1,1,4,2,1951,5,8,0,-1,-1," -1",-1,202000033710,4,"MERMOZ (AVENUE JEAN)",0,NULL,2,-1,0,1,0,0,1,NULL," -1",1,0,1,50
202000034084,5,7,2020,10:06:00,1,69,69228,1,2,1,3,"Route de la Grimodiere","45,5954230","4,6506770",202000034084,154 682 526,B01,3,1,0,2,8,1,5,NULL,202000034084,154 682 525,A01,1,1,1,1,1979,5,1,-1,-1,0,0,-1,202000034084,4,NULL,0,NULL,2,1,0,1,(1),(1),1,NULL,3,1,0,1,80
202000034084,5,7,2020,10:06:00,1,69,69228,1,2,1,3,"Route de la Grimodiere","45,5954230","4,6506770",202000034084,154 682 526,B01,3,1,0,2,8,1,5,NULL,202000034084,154 682 526,B01,1,1,4,1,1965,5,2,-1,-1,0,0,-1,202000034084,4,NULL,0,NULL,2,1,0,1,(1),(1),1,NULL,3,1,0,1,80
202000038493,1,2,2020,21:55:00,5,33,33063,2,2,2,3,"BD ANTOINE GAUTIER / RUE GENERAL DE LARMINAT / BD GEORGES POMPIDOU","44,8333400"," -0,5985500",202000038493,154 674 713,A01,2,1,0,2,1,1,5,NULL,202000038493,154 674 713,A01,1,1,3,1,1994,0,8,-1,-1,-1," -1",-1,202000038493,4,"BD ANTOINE GAUTIER",0,NULL,3,7,2,1,(1),(1),1,NULL," -1",2,5,1,50
202000039745,25,9,2020,09:50:00,1,92,92012,2,1,1,3,"GENERAL LECLERC (AVENUE DU) 1/33 - 2/58","48,8328423","2,2408611",202000039745,154 672 504,B01,1,1,0,2,8,1,5,NULL,202000039745,154 672 503,A01,1,1,1,1,1993,4,1,8,-1,-1," -1",-1,202000039745,3,910,0,NULL,3,6,0,1,0,0,1,NULL," -1",2,0,1,50
202000039745,25,9,2020,09:50:00,1,92,92012,2,1,1,3,"GENERAL LECLERC (AVENUE DU) 1/33 - 2/58","48,8328423","2,2408611",202000039745,154 672 504,B01,1,1,0,2,8,1,5,NULL,202000039745,154 672 504,B01,1,1,4,2,1968,9,2,8,-1,-1," -1",-1,202000039745,3,910,0,NULL,3,6,0,1,0,0,1,NULL," -1",2,0,1,50
202000041232,6,1,2020,18:15:00,3,63,63001,1,3,1,3,D51,"46,0151037","3,2110146",202000041232,154 669 903,B01,2,1,0,2,7,1,5,NULL,202000041232,154 669 900,A01,1,1,1,2,1977,5,1,-1,-1,0,0,-1,202000041232,3,12,0,NULL,2,2,0,3,14,550,1,NULL,"5,5",2,5,1,80
202000041232,6,1,2020,18:15:00,3,63,63001,1,3,1,3,D51,"46,0151037","3,2110146",202000041232,154 669 903,B01,2,1,0,2,7,1,5,NULL,202000041232,154 669 903,B01,1,1,4,2,1993,1,0,-1,-1,0,0,-1,202000041232,3,12,0,NULL,2,2,0,3,14,550,1,NULL,"5,5",2,5,1,80
202000041432,25,5,2020,16:50:00,1,92,92062,1,1,1,2,"DE DION BOUTON (QUAI) DU 29 AU 65","48,8811245","2,2457667",202000041432,154 669 528,A01,3,1,0,2,4,9,5,NULL,202000041432,154 669 528,A01,1,1,4,1,2000,0,2,8,-1,-1," -1",-1,202000041432,3,7,0,NULL,1,3,0,1,0,0,1,NULL," -1",1,0,1,50
202000041432,25,5,2020,16:50:00,1,92,92062,1,1,1,2,"DE DION BOUTON (QUAI) DU 29 AU 65","48,8811245","2,2457667",202000041432,154 669 528,A01,3,1,0,2,4,9,5,NULL,202000041432,154 669 529,B01,1,1,1,1,2000,1,1,0,-1,-1," -1",-1,202000041432,3,7,0,NULL,1,3,0,1,0,0,1,NULL," -1",1,0,1,50
202000045519,28,11,2020,18:45:00,5,33,33063,2,2,1,3,"GAUTIER (BD ANTOINE) (20-40) PAIRS","44,8334100"," -0,5985400",202000045519,154 662 264,B01,2,1,0,2,8,1,5,NULL,202000045519,154 662 259,A01,1,1,1,2,1965,4,1,-1,-1,-1," -1",-1,202000045519,4,"GAUTIER (BD ANTOINE) (20-40) PAIRS",0,NULL,3,8,2,1,(1),(1),1,NULL," -1",1,0,1,50
202000045519,28,11,2020,18:45:00,5,33,33063,2,2,1,3,"GAUTIER (BD ANTOINE) (20-40) PAIRS","44,8334100"," -0,5985400",202000045519,154 662 264,B01,2,1,0,2,8,1,5,NULL,202000045519,154 662 264,B01,1,1,4,2,1993,0,8,-1,-1,-1," -1",-1,202000045519,4,"GAUTIER (BD ANTOINE) (20-40) PAIRS",0,NULL,3,8,2,1,(1),(1),1,NULL," -1",1,0,1,50
202000045943,21,9,2020,19:20:00,1,75,75112,2,2,1,7,"QUAI DE BERCY","48,8386620","2,3757410",202000045943,154 661 529,A01,3,1,0,0,1,1,5,NULL,202000045943,154 661 529,A01,1,1,4,2,1960,1,2,8,-1,0,0,-1,202000045943,4,NULL,0,NULL,2,2,1,2,0,0,1,NULL," -1",1,0,1,50
202000046742,23,7,2020,14:30:00,1,72,72181,2,6,1,3,"TIRONNEAU ADRIEN (PL)","47,9829400","0,2105500",202000046742,154 660 120,B01,3,1,0,2,7,1,5,NULL,202000046742,154 660 101,A01,1,1,1,1,1953,0,1,0,-1,-1," -1",-1,202000046742,4,"TIRONNEAU ADRIEN (PL)",0,NULL,1,4,0,1,0,0,2,NULL," -1",1,0,1,50
202000046742,23,7,2020,14:30:00,1,72,72181,2,6,1,3,"TIRONNEAU ADRIEN (PL)","47,9829400","0,2105500",202000046742,154 660 120,B01,3,1,0,2,7,1,5,NULL,202000046742,154 660 120,B01,1,1,4,2,1975,0,8,0,-1,-1," -1",-1,202000046742,4,"TIRONNEAU ADRIEN (PL)",0,NULL,1,4,0,1,0,0,2,NULL," -1",1,0,1,50
202000007992,14,10,2020,14:05:00,1,75,75107,2,3,1,3,"BOULEVARD SAINT GERMAIN","48,8569710","2,3246050",202000007992,154 728 192,A01,1,1,0,2,1,7,5,NULL,202000007992,154 728 192,A01,1,1,4,1,2003,2,2,0,-1,0,0,-1,202000007992,4,NULL,0,NULL,2,4,3,1,0,0,1,NULL," -1",1,-1,6,50
202000008329,20,12,2020,03:30:00,3,33,33318,1,6,8,3,"AVE DE NOES","44,8129400"," -0,6352300",202000008329,154 727 600,B01,2,1,0,2,2,1,0,NULL,202000008329,154 727 600,B01,1,1,4,1,2002,1,8,-1,-1,-1," -1",-1,202000008329,4,"AVE DE NOES",0,NULL,2,2,0,1,(1),(1),2,NULL," -1",2,0,8,50
202000010731,12,5,2020,14:40:00,1,75,75112,2,1,1,3,"AVENUE DAUMESNIL","48,8399880","2,3941130",202000010731,154 723 394,B01,2,1,0,2,1,1,5,NULL,202000010731,154 723 393,A01,1,1,1,2,1937,3,8,0,-1,0,0,-1,202000010731,4,NULL,0,NULL,2,2,0,1,0,0,1,NULL," -1",1,0,1,50
202000010731,12,5,2020,14:40:00,1,75,75112,2,1,1,3,"AVENUE DAUMESNIL","48,8399880","2,3941130",202000010731,154 723 394,B01,2,1,0,2,1,1,5,NULL,202000010731,154 723 394,B01,1,1,4,1,1963,5,2,0,-1,0,0,-1,202000010731,4,NULL,0,NULL,2,2,0,1,0,0,1,NULL," -1",1,0,1,50
202000011029,29,1,2020,17:40:00,2,60,60035,1,1,1,-1,"RD 154","49,6554296","2,8521939",202000011029,154 722 881,C01,2,1,0,0,4,2,5,NULL,202000011029,154 722 879,A01,1,1,1,1,1983,0,1,-1,-1,0,0,-1,202000011029,3,154,-1,NULL,2,2,0,1,4,950,1,NULL,4,1,0,1,-1
202000011029,29,1,2020,17:40:00,2,60,60035,1,1,1,-1,"RD 154","49,6554296","2,8521939",202000011029,154 722 880,B01,2,1,0,0,4,2,5,NULL,202000011029,154 722 879,A01,1,1,1,1,1983,0,1,-1,-1,0,0,-1,202000011029,3,154,-1,NULL,2,2,0,1,4,950,1,NULL,4,1,0,1,-1
202000011029,29,1,2020,17:40:00,2,60,60035,1,1,1,-1,"RD 154","49,6554296","2,8521939",202000011029,154 722 881,C01,2,1,0,0,4,2,5,NULL,202000011029,154 722 880,B01,1,1,4,1,2004,5,0,-1,-1,0,0,-1,202000011029,3,154,-1,NULL,2,2,0,1,4,950,1,NULL,4,1,0,1,-1
202000011029,29,1,2020,17:40:00,2,60,60035,1,1,1,-1,"RD 154","49,6554296","2,8521939",202000011029,154 722 880,B01,2,1,0,0,4,2,5,NULL,202000011029,154 722 880,B01,1,1,4,1,2004,5,0,-1,-1,0,0,-1,202000011029,3,154,-1,NULL,2,2,0,1,4,950,1,NULL,4,1,0,1,-1
202000011029,29,1,2020,17:40:00,2,60,60035,1,1,1,-1,"RD 154","49,6554296","2,8521939",202000011029,154 722 881,C01,2,1,0,0,4,2,5,NULL,202000011029,154 722 881,C01,1,1,4,1,2005,5,0,-1,-1,0,0,-1,202000011029,3,154,-1,NULL,2,2,0,1,4,950,1,NULL,4,1,0,1,-1
202000011029,29,1,2020,17:40:00,2,60,60035,1,1,1,-1,"RD 154","49,6554296","2,8521939",202000011029,154 722 880,B01,2,1,0,0,4,2,5,NULL,202000011029,154 722 881,C01,1,1,4,1,2005,5,0,-1,-1,0,0,-1,202000011029,3,154,-1,NULL,2,2,0,1,4,950,1,NULL,4,1,0,1,-1
202000011339,14,9,2020,16:05:00,1,75,75112,2,1,1,3,"BOULEVARD SOULT","48,8401430","2,4088280",202000011339,154 722 302,B01,2,1,0,2,8,19,5,NULL,202000011339,154 722 301,A01,1,1,4,1,1975,1,2,6,-1,0,0,-1,202000011339,4,NULL,0,NULL,2,6,3,1,0,0,1,NULL," -1",1,0,1,50
202000011339,14,9,2020,16:05:00,1,75,75112,2,1,1,3,"BOULEVARD SOULT","48,8401430","2,4088280",202000011339,154 722 302,B01,2,1,0,2,8,19,5,NULL,202000011339,154 722 302,B01,1,1,4,2,2000,9,2,0,-1,0,0,-1,202000011339,4,NULL,0,NULL,2,6,3,1,0,0,1,NULL," -1",1,0,1,50
202000013096,16,7,2020,07:35:00,1,974,97407,1,9,1,3,"COMPAGNIE DES INDES (BD DE LA) "," -20,9453500","55,3244800",202000013096,154 719 269,B01,3,1,0,2,8,26,5,NULL,202000013096,154 719 268,A01,1,1,1,1,1986,4,1,4,-1,0,0,-1,202000013096,2,1001,0,NULL,-1,2,1,1,(1),(1),1,NULL," -1",1,2,5,50
202000013096,16,7,2020,07:35:00,1,974,97407,1,9,1,3,"COMPAGNIE DES INDES (BD DE LA) "," -20,9453500","55,3244800",202000013096,154 719 269,B01,3,1,0,2,8,26,5,NULL,202000013096,154 719 269,B01,1,1,4,1,1949,1,2,8,-1,0,0,-1,202000013096,2,1001,0,NULL,-1,2,1,1,(1),(1),1,NULL," -1",1,2,5,50
202000013529,12,6,2020,15:20:00,1,67,67482,2,3,1,3,"NEUHOF (ROUTE)","48,5518000","7,7661500",202000013529,154 718 493,B01,2,1,0,2,1,19,5,NULL,202000013529,154 718 492,A01,1,1,1,2,1966,5,1,8,-1,-1," -1",-1,202000013529,4,"NEUHOF (ROUTE)",0,NULL,2,3,0,1,0,0,2,NULL," -1",1,0,1,50
202000013529,12,6,2020,15:20:00,1,67,67482,2,3,1,3,"NEUHOF (ROUTE)","48,5518000","7,7661500",202000013529,154 718 493,B01,2,1,0,2,1,19,5,NULL,202000013529,154 718 493,B01,1,1,4,1,1991,0,8,0,-1,-1," -1",-1,202000013529,4,"NEUHOF (ROUTE)",0,NULL,2,3,0,1,0,0,2,NULL," -1",1,0,1,50
202000013698,14,8,2020,19:05:00,1,94,94041,2,1,8,3,"PAUL VAILLANT COUTURIER (BD)","48,8174140","2,3987440",202000013698,154 718 183,B01,1,1,0,2,3,13,5,NULL,202000013698,154 718 182,A01,1,1,1,1,1980,4,1,0,-1,-1," -1",-1,202000013698,3,19,0,NULL,2,3,3,1,(1),(1),1,NULL," -1",2,0,6,50
202000013698,14,8,2020,19:05:00,1,94,94041,2,1,8,3,"PAUL VAILLANT COUTURIER (BD)","48,8174140","2,3987440",202000013698,154 718 183,B01,1,1,0,2,3,13,5,NULL,202000013698,154 718 183,B01,1,1,4,1,1977,5,2,0,-1,-1," -1",-1,202000013698,3,19,0,NULL,2,3,3,1,(1),(1),1,NULL," -1",2,0,6,50
202000015675,12,8,2020,18:33:00,1,75,75106,2,2,1,3,"BOULEVARD RASPAIL","48,8420790","2,3295440",202000015675,154 714 716,A01,1,1,0,2,8,19,5,NULL,202000015675,154 714 716,A01,1,1,2,1,1961,1,2,0,-1,0,0,-1,202000015675,4,NULL,0,NULL,2,4,0,1,0,0,1,NULL," -1",1,0,1,50
202000015675,12,8,2020,18:33:00,1,75,75106,2,2,1,3,"BOULEVARD RASPAIL","48,8420790","2,3295440",202000015675,154 714 716,A01,1,1,0,2,8,19,5,NULL,202000015675,154 714 717,Z01,1,1,1,1,1999,9,1,0,-1,0,0,-1,202000015675,4,NULL,0,NULL,2,4,0,1,0,0,1,NULL," -1",1,0,1,50
202000016321,13,11,2020,13:20:00,1,63,63113,2,1,1,2,"AMADEO (RUE)","45,7801523","3,0738951",202000016321,154 713 532,B01,1,1,0,2,1,2,5,NULL,202000016321,154 713 531,A01,1,1,1,1,1980,1,1,-1,-1,0,0,-1,202000016321,4,NULL,0,NULL,2,2,0,1,(1),(1),1,NULL," -1",1,0,1,50
202000016321,13,11,2020,13:20:00,1,63,63113,2,1,1,2,"AMADEO (RUE)","45,7801523","3,0738951",202000016321,154 713 532,B01,1,1,0,2,1,2,5,NULL,202000016321,154 713 532,B01,1,1,3,1,1968,1,2,-1,-1,0,0,-1,202000016321,4,NULL,0,NULL,2,2,0,1,(1),(1),1,NULL," -1",1,0,1,50
202000017119,23,2,2020,07:17:00,2,75,75110,2,2,1,2,"RUE DU FAUBOURG SAINT MARTIN","48,8737720","2,3583130",202000017119,154 712 139,B01,1,1,0,2,4,23,5,NULL,202000017119,154 712 138,A01,1,1,1,1,1954,1,1,0,-1,0,0,-1,202000017119,4,NULL,0,NULL,2,4,0,1,0,0,1,NULL,12,1,0,1,50
202000017119,23,2,2020,07:17:00,2,75,75110,2,2,1,2,"RUE DU FAUBOURG SAINT MARTIN","48,8737720","2,3583130",202000017119,154 712 139,B01,1,1,0,2,4,23,5,NULL,202000017119,154 712 139,B01,1,1,4,1,1945,5,8,0,-1,0,0,-1,202000017119,4,NULL,0,NULL,2,4,0,1,0,0,1,NULL,12,1,0,1,50
202000017635,6,10,2020,12:30:00,1,91,91377,2,4,2,3,"MARTYRS DE SOWETO (AVENUE DES)","48,7345000","2,2705000",202000017635,154 711 201,B01,3,1,12,2,1,1,5,NULL,202000017635,154 711 199,A01,1,1,1,1,1975,0,1,8,-1,-1," -1",-1,202000017635,3,156,0,E,3,5,1,2,0,0,1,NULL," -1",2,0,1,50
202000017635,6,10,2020,12:30:00,1,91,91377,2,4,2,3,"MARTYRS DE SOWETO (AVENUE DES)","48,7345000","2,2705000",202000017635,154 711 201,B01,3,1,12,2,1,1,5,NULL,202000017635,154 711 201,B01,1,1,3,1,1983,0,8,8,-1,-1," -1",-1,202000017635,3,156,0,E,3,5,1,2,0,0,1,NULL," -1",2,0,1,50
202000017811,8,10,2020,20:20:00,5,92,92040,2,1,1,7,"PDT ROOSEVELT (QUAI DU)","48,8298674","2,2608635",202000017811,154 710 889,A01,1,1,0,0,1,25,5,NULL,202000017811,154 710 889,A01,1,1,4,2,1982,0,8,0,-1,-1," -1",-1,202000017811,3,7,0,NULL,1,1,0,1,0,0,1,NULL," -1",1,0,4,30
202000020660,12,7,2020,11:35:00,1,74,74282,2,2,1,3,"Route du Béné","46,0603210","6,2262940",202000020660,154 705 886,A01,2,1,0,9,1,1,5,NULL,202000020660,154 705 885,B01,1,1,1,1,1972,5,0,-1,-1,0,0,-1,202000020660,3,102,-1,NULL,2,-1,-1,1,9,500,2,NULL," -1",1,0,1,-1
202000020660,12,7,2020,11:35:00,1,74,74282,2,2,1,3,"Route du Béné","46,0603210","6,2262940",202000020660,154 705 885,B01,2,1,0,2,6,15,5,NULL,202000020660,154 705 885,B01,1,1,1,1,1972,5,0,-1,-1,0,0,-1,202000020660,3,102,-1,NULL,2,-1,-1,1,9,500,2,NULL," -1",1,0,1,-1
202000020660,12,7,2020,11:35:00,1,74,74282,2,2,1,3,"Route du Béné","46,0603210","6,2262940",202000020660,154 705 886,A01,2,1,0,9,1,1,5,NULL,202000020660,154 705 886,A01,1,1,3,2,1969,5,0,-1,-1,0,0,-1,202000020660,3,102,-1,NULL,2,-1,-1,1,9,500,2,NULL," -1",1,0,1,-1
202000020660,12,7,2020,11:35:00,1,74,74282,2,2,1,3,"Route du Béné","46,0603210","6,2262940",202000020660,154 705 885,B01,2,1,0,2,6,15,5,NULL,202000020660,154 705 886,A01,1,1,3,2,1969,5,0,-1,-1,0,0,-1,202000020660,3,102,-1,NULL,2,-1,-1,1,9,500,2,NULL," -1",1,0,1,-1
202000022088,17,12,2020,17:12:00,1,17,17306,2,3,1,3,"GROTTE (DE LA) (ALLEE)","45,6185600"," -1,0364000",202000022088,154 703 341,B01,3,1,1,0,2,1,5,NULL,202000022088,154 703 340,A01,1,1,1,1,1992,5,1,8,-1,-1," -1",-1,202000022088,4,"FALAISE (GERMAINE DE) (BD)",0,NULL,2,2,0,2,(1),(1),1,NULL," -1",1,0,1,30
202000022088,17,12,2020,17:12:00,1,17,17306,2,3,1,3,"GROTTE (DE LA) (ALLEE)","45,6185600"," -1,0364000",202000022088,154 703 341,B01,3,1,1,0,2,1,5,NULL,202000022088,154 703 341,B01,1,1,4,1,1951,5,8,8,-1,-1," -1",-1,202000022088,4,"FALAISE (GERMAINE DE) (BD)",0,NULL,2,2,0,2,(1),(1),1,NULL," -1",1,0,1,30
202000022153,25,4,2020,16:55:00,1,01,01412,1,3,1,3,D64,"46,1655540","4,9469970",202000022153,154 703 225,B01,2,1,0,0,8,15,5,NULL,202000022153,154 703 224,A01,1,1,4,2,1998,9,2,6,9,0,0,-1,202000022153,3,64,0,NULL,2,2,0,1,30,870,1,NULL," -1",1,0,1,70
202000022153,25,4,2020,16:55:00,1,01,01412,1,3,1,3,D64,"46,1655540","4,9469970",202000022153,154 703 225,B01,2,1,0,0,8,15,5,NULL,202000022153,154 703 225,B01,1,1,3,1,2003,5,0,-1,-1,0,0,-1,202000022153,3,64,0,NULL,2,2,0,1,30,870,1,NULL," -1",1,0,1,70
202000025743,4,10,2020,14:50:00,1,66,66230,1,1,1,2,"La Llentilla","42,6457180","2,5115400",202000025743,154 696 943,B01,1,1,0,2,4,1,5,NULL,202000025743,154 696 943,B01,1,1,4,1,1993,5,2,-1,-1,0,0,-1,202000025743,2,116,-1,NULL,2,2,0,1,35,0,1,NULL," -1",1,0,1,80
202000025743,4,10,2020,14:50:00,1,66,66230,1,1,1,2,"La Llentilla","42,6457180","2,5115400",202000025743,154 696 943,B01,1,1,0,2,4,1,5,NULL,202000025743,154 696 944,A01,1,1,1,1,1985,9,8,-1,-1,0,0,-1,202000025743,2,116,-1,NULL,2,2,0,1,35,0,1,NULL," -1",1,0,1,80
202000026216,16,1,2020,07:04:00,5,75,75117,2,2,1,3,"BOULEVARD DE DOUAUMONT","48,8966753","2,3095669",202000026216,154 696 138,B01,1,1,0,2,7,14,5,NULL,202000026216,154 696 137,A01,1,1,1,1,1984,4,1,0,-1,0,0,-1,202000026216,4,NULL,0,NULL,3,2,0,1,0,0,1,NULL," -1",1,0,1,50
202000026216,16,1,2020,07:04:00,5,75,75117,2,2,1,3,"BOULEVARD DE DOUAUMONT","48,8966753","2,3095669",202000026216,154 696 138,B01,1,1,0,2,7,14,5,NULL,202000026216,154 696 138,B01,1,1,2,1,1985,1,8,2,-1,0,0,-1,202000026216,4,NULL,0,NULL,3,2,0,1,0,0,1,NULL," -1",1,0,1,50
202000027582,4,6,2020,09:54:00,1,45,45068,2,1,3,7,"D40 - PR 0+730","48,0180825","2,7151919",202000027582,154 693 761,A01,1,1,0,0,8,1,5,NULL,202000027582,154 693 761,A01,1,1,4,1,1999,1,8,0,-1,0,0,-1,202000027582,3,40,0,NULL,2,2,0,1,0,730,1,NULL,4,3,0,1,50
202000028707,4,9,2020,14:20:00,1,59,59183,2,6,1,3,"RD 601","51,0228000","2,3182000",202000028707,154 691 760,B01,3,1,0,2,1,1,6,NULL,202000028707,154 691 760,B01,1,1,2,1,1958,5,0,0,-1,-1," -1",-1,202000028707,3,"RD 601",0,NULL,1,2,1,1,(1),(1),1,NULL," -1",1,0,1,50
202000028707,4,9,2020,14:20:00,1,59,59183,2,6,1,3,"RD 601","51,0228000","2,3182000",202000028707,154 691 760,B01,3,1,0,2,1,1,6,NULL,202000028707,154 691 761,A01,2,2,1,2,1990,5,1,0,-1,-1," -1",-1,202000028707,3,"RD 601",0,NULL,1,2,1,1,(1),(1),1,NULL," -1",1,0,1,50
202000028707,4,9,2020,14:20:00,1,59,59183,2,6,1,3,"RD 601","51,0228000","2,3182000",202000028707,154 691 760,B01,3,1,0,2,1,1,6,NULL,202000028707,154 691 761,A01,1,1,1,1,1990,5,1,0,-1,-1," -1",-1,202000028707,3,"RD 601",0,NULL,1,2,1,1,(1),(1),1,NULL," -1",1,0,1,50
202000029161,5,8,2020,17:30:00,1,29,29292,1,3,1,3,"D156 - Route de la Mer","47,8893546"," -4,3412894",202000029161,154 691 015,A01,1,1,0,2,8,15,5,NULL,202000029161,154 691 014,B01,1,1,3,1,2002,5,2,6,-1,0,0,-1,202000029161,3,156,-1,NULL,2,2,0,1,15,950,1,NULL," -1",1,5,1,50
202000029161,5,8,2020,17:30:00,1,29,29292,1,3,1,3,"D156 - Route de la Mer","47,8893546"," -4,3412894",202000029161,154 691 015,A01,1,1,0,2,8,15,5,NULL,202000029161,154 691 015,A01,1,1,3,1,1955,5,2,-1,-1,0,0,-1,202000029161,3,156,-1,NULL,2,2,0,1,15,950,1,NULL," -1",1,5,1,50