Num_Acc,jour,mois,an,hrmn,lum,dep,com,agg,int,atm,col,adr,lat,long,Num_Acc,id_vehicule,num_veh,senc,catv,obs,obsm,choc,manv,motor,occutc,Num_Acc,id_vehicule,num_veh,place,catu,grav,sexe,an_nais,trajet,secu1,secu2,secu3,locp,actp,etatp,Num_Acc,catr,voie,v1,v2,circ,nbv,vosp,prof,pr,pr1,plan,lartpc,larrout,surf,infra,situ,vma
202000030828,4,9,2020,08:04:00,1,37,37261,2,1,1,6,"ORATOIRE (RUE DE L')","47,4122391","0,6980867",202000030828,154 688 136,A01,2,1,0,1,3,1,5,NULL,202000030828,154 688 136,A01,10,3,4,1,1991,1,0,-1,-1,5,2,1,202000030828,4,NULL,0,NULL,2,0,1,1,(1),(1),1,NULL," -1",1,0,1,50
202000033026,2,8,2020,11:45:00,1,38,38317,2,3,7,3,"20 Rue de Chamrousse","45,1320320","5,7110020",202000033026,154 684 398,B01,3,1,0,2,3,26,5,NULL,202000033026,154 684 398,B01,1,1,3,1,1943,5,2,-1,-1,0,0,-1,202000033026,4,NULL,0,NULL,2,2,0,1,(1),(1),3,NULL," -1",1,0,1,50
202000033026,2,8,2020,11:45:00,1,38,38317,2,3,7,3,"20 Rue de Chamrousse","45,1320320","5,7110020",202000033026,154 684 398,B01,3,1,0,2,3,26,5,NULL,202000033026,154 684 399,A01,1,1,1,2,1989,5,1,-1,-1,0,0,-1,202000033026,4,NULL,0,NULL,2,2,0,1,(1),(1),3,NULL," -1",1,0,1,50
202000033082,29,10,2020,18:35:00,5,75,75120,2,3,2,3,"RUE JEAN VEBER","48,8624210","2,4091590",202000033082,154 684 292,A01,1,1,0,2,7,16,5,NULL,202000033082,154 684 292,A01,1,1,4,2,2002,9,8,0,-1,0,0,-1,202000033082,4,NULL,0,NULL,2,2,2,1,0,0,1,NULL," -1",2,-1,5,30
202000033082,29,10,2020,18:35:00,5,75,75120,2,3,2,3,"RUE JEAN VEBER","48,8624210","2,4091590",202000033082,154 684 292,A01,1,1,0,2,7,16,5,NULL,202000033082,154 684 295,B01,1,1,1,1,1975,9,8,0,-1,0,0,-1,202000033082,4,NULL,0,NULL,2,2,2,1,0,0,1,NULL," -1",2,-1,5,30
202000034541,2,9,2020,18:55:00,1,75,75111,2,1,1,3,"BOULEVARD VOLTAIRE","48,8641560","2,3694680",202000034541,154 681 721,B01,1,1,0,2,1,1,5,NULL,202000034541,154 681 721,B01,1,1,4,1,1989,9,8,0,-1,-1," -1",-1,202000034541,4,NULL,0,NULL,2,2,1,1,0,0,1,NULL," -1",1,0,1,50
202000034541,2,9,2020,18:55:00,1,75,75111,2,1,1,3,"BOULEVARD VOLTAIRE","48,8641560","2,3694680",202000034541,154 681 721,B01,1,1,0,2,1,1,5,NULL,202000034541,154 681 722,A01,1,1,1,1,1977,9,8,0,-1,-1," -1",-1,202000034541,4,NULL,0,NULL,2,2,1,1,0,0,1,NULL," -1",1,0,1,50
202000034768,12,2,2020,11:15:00,1,75,75101,2,3,1,-1,"QUAI DU LOUVRE","48,8590330","2,3398920",202000034768,154 681 320,Z01,0,1,0,2,0,9,5,NULL,202000034768,154 681 321,A01,1,1,4,1,1979,5,2,6,-1,0,0,-1,202000034768,4,NULL,0,NULL,1,5,0,1,0,0,1,NULL,15,1,0,1,50
202000034790,13,2,2020,18:50:00,2,974,97414,1,1,1,3,"24 Rue Leconte de Lisle"," -21,2790470","55,4133220",202000034790,154 681 287,B01,2,1,0,2,8,19,5,NULL,202000034790,154 681 286,A01,1,1,1,1,2000,5,1,-1,-1,0,0,-1,202000034790,4,20,-1,NULL,2,2,0,2,(1),(1),1,NULL," -1",1,6,1,-1
202000034790,13,2,2020,18:50:00,2,974,97414,1,1,1,3,"24 Rue Leconte de Lisle"," -21,2790470","55,4133220",202000034790,154 681 287,B01,2,1,0,2,8,19,5,NULL,202000034790,154 681 286,A01,2,2,1,2,2000,5,1,-1,-1,0,0,-1,202000034790,4,20,-1,NULL,2,2,0,2,(1),(1),1,NULL," -1",1,6,1,-1
202000034790,13,2,2020,18:50:00,2,974,97414,1,1,1,3,"24 Rue Leconte de Lisle"," -21,2790470","55,4133220",202000034790,154 681 287,B01,2,1,0,2,8,19,5,NULL,202000034790,154 681 287,B01,1,1,3,1,2004,5,0,-1,-1,0,0,-1,202000034790,4,20,-1,NULL,2,2,0,2,(1),(1),1,NULL," -1",1,6,1,-1
202000036059,1,7,2020,21:45:00,5,67,67482,2,7,1,3,"VIEUX MARCHE AUX VINS (PETITE RUE DU)","48,5838500","7,7414800",202000036059,154 679 008,B01,2,1,0,2,1,19,5,NULL,202000036059,154 679 007,A01,1,1,1,2,1962,0,1,8,-1,-1," -1",-1,202000036059,4,NULL,0,NULL,1,1,0,1,0,0,1,NULL," -1",1,0,1,50
202000036059,1,7,2020,21:45:00,5,67,67482,2,7,1,3,"VIEUX MARCHE AUX VINS (PETITE RUE DU)","48,5838500","7,7414800",202000036059,154 679 008,B01,2,1,0,2,1,19,5,NULL,202000036059,154 679 008,B01,1,1,4,1,1975,0,8,0,-1,-1," -1",-1,202000036059,4,NULL,0,NULL,1,1,0,1,0,0,1,NULL," -1",1,0,1,50
202000040543,6,12,2020,20:30:00,5,93,93066,2,1,1,-1,"HUIT MAI 1945 (PLACE)","48,9392800","2,3553800",202000040543,154 671 104,B01,0,1,0,2,0,0,5,NULL,202000040543,154 671 104,B01,1,1,4,1,1967,0,8,0,-1,-1," -1",-1,202000040543,4,NULL,0,NULL,2,2,0,1,0,1,1,NULL," -1",1,0,1,50
202000041744,28,6,2020,15:20:00,1,75,75114,2,1,1,6,"RUE D ALESIA","48,8278420","2,3293000",202000041744,154 668 973,Z01,2,1,0,1,1,1,5,NULL,202000041744,154 668 973,Z01,10,3,4,2,1995,5,8,8,-1,2,4,1,202000041744,4,NULL,0,NULL,2,3,0,1,(1),0,1,NULL," -1",1,0,1,50
202000041748,28,6,2020,01:35:00,5,75,75103,2,1,1,1,"RUE VIEILLE DU TEMPLE","48,8617630","2,3642320",202000041748,154 668 967,B01,1,1,0,2,1,5,1,NULL,202000041748,154 668 967,B01,1,1,4,2,1995,9,2,0,-1,0,0,-1,202000041748,4,NULL,0,NULL,1,1,0,1,(1),0,1,NULL," -1",1,0,1,30
202000041748,28,6,2020,01:35:00,5,75,75103,2,1,1,1,"RUE VIEILLE DU TEMPLE","48,8617630","2,3642320",202000041748,154 668 967,B01,1,1,0,2,1,5,1,NULL,202000041748,154 668 968,A01,1,1,1,1,1989,9,2,6,-1,0,0,-1,202000041748,4,NULL,0,NULL,1,1,0,1,(1),0,1,NULL," -1",1,0,1,30
202000042727,6,1,2020,15:45:00,1,01,01160,2,1,1,3,"Chemin du Levant","46,2601250","6,1149320",202000042727,154 667 205,A01,0,1,0,2,1,0,5,NULL,202000042727,154 667 205,A01,1,1,2,1,1937,5,0,-1,-1,0,0,-1,202000042727,4,NULL,0,NULL,2,2,0,1,(1),(1),1,NULL," -1",1,0,1,50
202000042727,6,1,2020,15:45:00,1,01,01160,2,1,1,3,"Chemin du Levant","46,2601250","6,1149320",202000042727,154 667 205,A01,0,1,0,2,1,0,5,NULL,202000042727,154 667 206,B01,1,1,1,1,1996,0,2,-1,-1,0,0,-1,202000042727,4,NULL,0,NULL,2,2,0,1,(1),(1),1,NULL," -1",1,0,1,50
202000043102,6,2,2020,17:45:00,1,64,64371,2,1,7,2,"Rue Jeanne d'Arc","43,2282410"," -0,8860950",202000043102,154 666 509,B01,1,1,0,0,4,2,5,NULL,202000043102,154 666 508,A01,1,1,1,1,1963,1,1,-1,-1,0,0,-1,202000043102,3,611,0,NULL,2,2,0,1,2,50,1,NULL," -1",1,0,1,70
202000043102,6,2,2020,17:45:00,1,64,64371,2,1,7,2,"Rue Jeanne d'Arc","43,2282410"," -0,8860950",202000043102,154 666 509,B01,1,1,0,0,4,2,5,NULL,202000043102,154 666 509,B01,1,1,3,1,1996,5,0,-1,-1,0,0,-1,202000043102,3,611,0,NULL,2,2,0,1,2,50,1,NULL," -1",1,0,1,70
202000044660,5,2,2020,17:15:00,1,51,51454,2,2,1,3,"Rue Docteur Lemoine","49,2683772","4,0352954",202000044660,154 663 711,B01,2,1,0,0,0,0,0,NULL,202000044660,154 663 711,B01,1,1,4,1,1986,1,8,-1,-1,-1," -1",-1,202000044660,4,NULL,0,NULL,2,2,0,1,(1),(1),1,NULL," -1",1,0,1,50
202000044660,5,2,2020,17:15:00,1,51,51454,2,2,1,3,"Rue Docteur Lemoine","49,2683772","4,0352954",202000044660,154 663 711,B01,2,1,0,0,0,0,0,NULL,202000044660,154 663 712,A01,1,1,1,1,1942,5,1,-1,-1,-1," -1",-1,202000044660,4,NULL,0,NULL,2,2,0,1,(1),(1),1,NULL," -1",1,0,1,50
202000045863,19,9,2020,11:47:00,1,90,90010,2,1,1,1,"LILLE (RUE DE)","47,6472980","6,8509130",202000045863,154 661 678,A01,2,1,0,2,1,25,5,NULL,202000045863,154 661 678,A01,1,1,4,1,2000,0,8,0,-1,0,0,-1,202000045863,4,"LILLE (RUE DE)",0,NULL,2,2,0,1,1,0,1,NULL," -1",1,0,1,50
202000045863,19,9,2020,11:47:00,1,90,90010,2,1,1,1,"LILLE (RUE DE)","47,6472980","6,8509130",202000045863,154 661 678,A01,2,1,0,2,1,25,5,NULL,202000045863,154 661 679,B01,1,1,1,2,1977,4,1,8,-1,0,0,-1,202000045863,4,"LILLE (RUE DE)",0,NULL,2,2,0,1,1,0,1,NULL," -1",1,0,1,50
202000045939,21,9,2020,16:10:00,1,75,75117,2,3,1,3,"BOULEVARD BERTHIER","48,8861130","2,2948140",202000045939,154 661 537,B01,1,1,0,2,1,17,5,NULL,202000045939,154 661 536,A01,1,1,1,1,2000,9,1,0,-1,0,0,-1,202000045939,4,NULL,0,NULL,2,2,0,1,0,0,1,NULL," -1",1,0,1,50
202000045939,21,9,2020,16:10:00,1,75,75117,2,3,1,3,"BOULEVARD BERTHIER","48,8861130","2,2948140",202000045939,154 661 537,B01,1,1,0,2,1,17,5,NULL,202000045939,154 661 537,B01,1,1,4,1,1990,5,2,0,-1,0,0,-1,202000045939,4,NULL,0,NULL,2,2,0,1,0,0,1,NULL," -1",1,0,1,50
202000007817,17,6,2020,21:30:00,2,69,69152,2,6,1,3,"BARRAGE                             (CH ","45,6934000","4,8280300",202000007817,154 728 499,A01,3,1,0,2,1,19,5,NULL,202000007817,154 728 499,A01,1,1,4,2,2003,5,8,0,-1,-1," -1",-1,202000007817,3,"BARRAGE                             (CH ",0,NULL,3,2,1,1,0,1,1,NULL," -1",1,0,1,50
202000007817,17,6,2020,21:30:00,2,69,69152,2,6,1,3,"BARRAGE                             (CH ","45,6934000","4,8280300",202000007817,154 728 499,A01,3,1,0,2,1,19,5,NULL,202000007817,154 728 501,B01,1,1,1,1,1986,5,1,0,-1,-1," -1",-1,202000007817,3,"BARRAGE                             (CH ",0,NULL,3,2,1,1,0,1,1,NULL," -1",1,0,1,50
202000008189,20,8,2020,09:45:00,1,95,95052,2,6,1,2,"RD 922","49,1379972","2,2721469",202000008189,154 727 841,B01,1,1,0,2,5,1,5,NULL,202000008189,154 727 840,A01,1,1,1,2,1973,5,1,-1,-1,0,0,-1,202000008189,3,922,-1,NULL,1,2,0,1,33,0,2,NULL," -1",1,0,1,50
202000008189,20,8,2020,09:45:00,1,95,95052,2,6,1,2,"RD 922","49,1379972","2,2721469",202000008189,154 727 841,B01,1,1,0,2,5,1,5,NULL,202000008189,154 727 841,B01,1,1,4,1,1940,5,2,-1,-1,0,0,-1,202000008189,3,922,-1,NULL,1,2,0,1,33,0,2,NULL," -1",1,0,1,50
202000008331,30,12,2020,17:15:00,2,31,31555,2,1,1,2,"MINIMES (BD DES) DU 1AU 76","43,6156300","1,4415400",202000008331,154 727 596,A01,1,1,0,2,4,1,5,NULL,202000008331,154 727 596,A01,1,1,4,2,1958,0,2,0,-1,-1," -1",-1,202000008331,4,"MINIMES (BD DES) DU 1AU 76",0,NULL,1,3,3,1,0,0,1,NULL," -1",1,0,1,50
202000008509,24,11,2020,14:12:00,1,10,10387,2,1,1,3,"CHOMEDEY DE MAISONNEUVE (AVE)","48,3073100","4,0700300",202000008509,154 727 285,B01,2,1,0,2,2,1,5,NULL,202000008509,154 727 284,A01,1,1,1,2,1977,2,1,4,-1,-1," -1",-1,202000008509,4,"CHOMEDEY DE MAISONNEUVE (AVE)",0,NULL,1,2,1,1,0,0,1,NULL," -1",1,0,5,50
202000008509,24,11,2020,14:12:00,1,10,10387,2,1,1,3,"CHOMEDEY DE MAISONNEUVE (AVE)","48,3073100","4,0700300",202000008509,154 727 285,B01,2,1,0,2,2,1,5,NULL,202000008509,154 727 285,B01,1,1,4,2,1968,0,2,0,-1,-1," -1",-1,202000008509,4,"CHOMEDEY DE MAISONNEUVE (AVE)",0,NULL,1,2,1,1,0,0,1,NULL," -1",1,0,5,50
202000013343,15,7,2020,13:00:00,1,57,57463,2,1,1,3,"MERCY (RUE DE )","49,0920000","6,2460000",202000013343,154 718 822,A01,3,1,0,2,0,0,5,NULL,202000013343,154 718 822,A01,1,1,3,1,1987,4,8,0,-1,-1," -1",-1,202000013343,4,"MERCY (RUE DE )",0,NULL,2,2,3,1,0,0,1,NULL," -1",1,0,6,30
202000013343,15,7,2020,13:00:00,1,57,57463,2,1,1,3,"MERCY (RUE DE )","49,0920000","6,2460000",202000013343,154 718 822,A01,3,1,0,2,0,0,5,NULL,202000013343,154 718 824,B01,1,1,1,1,1983,4,1,0,-1,-1," -1",-1,202000013343,4,"MERCY (RUE DE )",0,NULL,2,2,3,1,0,0,1,NULL," -1",1,0,6,30
202000014558,6,5,2020,17:00:00,1,974,97407,2,6,1,3,"14 JUILLET 1789(AVENUE DU)"," -20,9325400","55,2947500",202000014558,154 716 739,B01,3,1,0,2,1,1,5,NULL,202000014558,154 716 739,B01,1,1,4,2,2006,5,8,8,-1,-1," -1",-1,202000014558,4,"14 JUILLET 1789(AVENUE DU)",0,NULL,-1,2,0,1,0,0,1,NULL," -1",1,0,1,50
202000014558,6,5,2020,17:00:00,1,974,97407,2,6,1,3,"14 JUILLET 1789(AVENUE DU)"," -20,9325400","55,2947500",202000014558,154 716 739,B01,3,1,0,2,1,1,5,NULL,202000014558,154 716 740,A01,1,1,1,1,1978,0,1,0,-1,-1," -1",-1,202000014558,4,"14 JUILLET 1789(AVENUE DU)",0,NULL,-1,2,0,1,0,0,1,NULL," -1",1,0,1,50
202000015264,12,9,2020,15:35:00,1,75,75108,2,1,1,6,"COURS ALBERT 1ER","48,8648890","2,3071520",202000015264,154 715 441,A01,2,1,0,1,1,1,5,NULL,202000015264,154 715 441,A01,1,1,4,2,1988,5,8,0,-1,0,0,-1,202000015264,4,NULL,0,NULL,2,2,1,1,0,0,1,NULL," -1",1,-1,5,50
202000015264,12,9,2020,15:35:00,1,75,75108,2,1,1,6,"COURS ALBERT 1ER","48,8648890","2,3071520",202000015264,154 715 441,A01,2,1,0,1,1,1,5,NULL,202000015264,154 715 441,A01,10,3,1,1,1996,5,0,-1,-1,1,1,1,202000015264,4,NULL,0,NULL,2,2,1,1,0,0,1,NULL," -1",1,-1,5,50
202000018950,22,2,2020,17:45:00,1,75,75106,2,2,1,6,"BOULEVARD SAINT MICHEL","48,8513880","2,3431670",202000018950,154 708 913,A01,1,1,0,1,8,16,5,NULL,202000018950,154 708 913,A01,10,3,4,2,1958,9,0,-1,-1,1,3,1,202000018950,4,NULL,0,NULL,2,4,3,2,0,0,1,NULL,12,1,0,1,30
202000018950,22,2,2020,17:45:00,1,75,75106,2,2,1,6,"BOULEVARD SAINT MICHEL","48,8513880","2,3431670",202000018950,154 708 913,A01,1,1,0,1,8,16,5,NULL,202000018950,154 708 913,A01,1,1,1,2,1991,9,8,0,-1,0,0,-1,202000018950,4,NULL,0,NULL,2,4,3,2,0,0,1,NULL,12,1,0,1,30
202000019484,7,10,2020,16:00:00,1,69,69092,2,6,1,2,"DES PETITES SOEURS (rond point)","45,9946272","4,7071743",202000019484,154 707 918,B01,3,1,0,2,7,0,5,NULL,202000019484,154 707 916,A01,1,1,1,1,1953,0,1,0,-1,-1," -1",-1,202000019484,4,NULL,0,NULL,4,1,0,1,0,0,2,NULL," -1",1,0,1,50
202000019484,7,10,2020,16:00:00,1,69,69092,2,6,1,2,"DES PETITES SOEURS (rond point)","45,9946272","4,7071743",202000019484,154 707 918,B01,3,1,0,2,7,0,5,NULL,202000019484,154 707 918,B01,1,1,4,2,1948,0,2,6,-1,-1," -1",-1,202000019484,4,NULL,0,NULL,4,1,0,1,0,0,2,NULL," -1",1,0,1,50
202000020083,13,11,2020,19:50:00,5,94,94042,2,1,1,1,"JEAN JAURES (AV)","48,8208220","2,4643020",202000020083,154 706 863,A01,1,1,0,2,1,13,5,NULL,202000020083,154 706 862,B01,1,1,1,1,1962,9,8,8,-1,-1," -1",-1,202000020083,3,"JEAN JAURES (AV)",0,NULL,2,4,1,2,1,0,1,NULL," -1",1,0,5,50
202000020083,13,11,2020,19:50:00,5,94,94042,2,1,1,1,"JEAN JAURES (AV)","48,8208220","2,4643020",202000020083,154 706 862,B01,2,1,0,2,1,1,5,NULL,202000020083,154 706 862,B01,1,1,1,1,1962,9,8,8,-1,-1," -1",-1,202000020083,3,"JEAN JAURES (AV)",0,NULL,2,4,1,2,1,0,1,NULL," -1",1,0,5,50
202000020083,13,11,2020,19:50:00,5,94,94042,2,1,1,1,"JEAN JAURES (AV)","48,8208220","2,4643020",202000020083,154 706 863,A01,1,1,0,2,1,13,5,NULL,202000020083,154 706 863,A01,1,1,3,2,1986,9,2,0,-1,-1," -1",-1,202000020083,3,"JEAN JAURES (AV)",0,NULL,2,4,1,2,1,0,1,NULL," -1",1,0,5,50
202000020083,13,11,2020,19:50:00,5,94,94042,2,1,1,1,"JEAN JAURES (AV)","48,8208220","2,4643020",202000020083,154 706 862,B01,2,1,0,2,1,1,5,NULL,202000020083,154 706 863,A01,1,1,3,2,1986,9,2,0,-1,-1," -1",-1,202000020083,3,"JEAN JAURES (AV)",0,NULL,2,4,1,2,1,0,1,NULL," -1",1,0,5,50
202000021091,8,9,2020,13:45:00,1,75,75112,2,1,1,2,"RUE DE PICPUS","48,8436490","2,3966950",202000021091,154 705 100,A01,1,1,0,2,1,2,5,NULL,202000021091,154 705 099,B01,1,1,1,1,1997,5,2,6,-1,0,0,-1,202000021091,4,NULL,0,NULL,2,2,0,1,0,0,1,NULL," -1",1,0,1,50
202000021091,8,9,2020,13:45:00,1,75,75112,2,1,1,2,"RUE DE PICPUS","48,8436490","2,3966950",202000021091,154 705 100,A01,1,1,0,2,1,2,5,NULL,202000021091,154 705 100,A01,1,1,4,1,2000,1,2,0,-1,0,0,-1,202000021091,4,NULL,0,NULL,2,2,0,1,0,0,1,NULL," -1",1,0,1,50
202000021309,9,6,2020,08:40:00,1,75,75115,2,3,1,3,"RUE CAMBRONNE","48,8453790","2,3020670",202000021309,154 704 722,B01,2,1,0,2,2,1,5,NULL,202000021309,154 704 721,A01,1,1,1,1,1980,1,8,0,-1,0,0,-1,202000021309,4,NULL,0,NULL,2,2,1,1,0,0,1,NULL," -1",1,0,1,50
202000021309,9,6,2020,08:40:00,1,75,75115,2,3,1,3,"RUE CAMBRONNE","48,8453790","2,3020670",202000021309,154 704 722,B01,2,1,0,2,2,1,5,NULL,202000021309,154 704 722,B01,1,1,4,2,1971,1,8,0,-1,0,0,-1,202000021309,4,NULL,0,NULL,2,2,1,1,0,0,1,NULL," -1",1,0,1,50
202000022161,23,4,2020,16:15:00,1,988,98818,2,3,1,6,"RUE JULES GARNIER/RUE DU DOCTEUR MIALARET"," -22,2880700","166,4443500",202000022161,154 703 211,A01,3,1,14,0,1,1,5,NULL,202000022161,154 703 211,A01,1,1,4,1,1962,5,2,8,-1,-1," -1",-1,202000022161,4,268,0,NULL,3,2,1,1,0,0,1,NULL," -1",1,-1,5,50
202000022989,8,9,2020,19:17:00,1,51,51454,2,6,1,3,"Rond Point Porte Farman","49,2364916","4,0713624",202000022989,154 701 781,A01,1,1,0,2,7,1,5,NULL,202000022989,154 701 781,A01,1,1,4,1,1984,0,2,-1,-1,-1," -1",-1,202000022989,3,944,0,NULL,1,2,0,1,21,980,2,NULL," -1",1,0,1,50
202000023823,9,11,2020,07:50:00,1,17,17337,1,1,1,2,D734,"45,9910730"," -1,3611670",202000023823,154 700 309,B01,2,1,0,2,4,2,5,NULL,202000023823,154 700 308,A01,1,1,1,1,1978,1,1,-1,-1,0,0,-1,202000023823,3,734,-1,NULL,2,2,0,1,21,300,1,NULL," -1",1,0,1,80
202000023823,9,11,2020,07:50:00,1,17,17337,1,1,1,2,D734,"45,9910730"," -1,3611670",202000023823,154 700 309,B01,2,1,0,2,4,2,5,NULL,202000023823,154 700 309,B01,1,1,2,1,1954,3,0,-1,-1,0,0,-1,202000023823,3,734,-1,NULL,2,2,0,1,21,300,1,NULL," -1",1,0,1,80
202000024335,18,1,2020,19:30:00,5,75,75120,2,3,1,3,"BOULEVARD DE BELLEVILLE","48,8695724","2,3799790",202000024335,154 699 437,B01,1,1,0,2,4,1,5,NULL,202000024335,154 699 437,B01,1,1,4,1,1986,5,8,2,-1,0,0,-1,202000024335,4,NULL,0,NULL,3,2,1,1,0,0,1,NULL," -1",1,-1,5,50
202000024335,18,1,2020,19:30:00,5,75,75120,2,3,1,3,"BOULEVARD DE BELLEVILLE","48,8695724","2,3799790",202000024335,154 699 437,B01,1,1,0,2,4,1,5,NULL,202000024335,154 699 438,A01,1,1,1,1,1946,5,1,0,-1,0,0,-1,202000024335,4,NULL,0,NULL,3,2,1,1,0,0,1,NULL," -1",1,-1,5,50
202000025022,8,8,2020,10:15:00,1,71,71178,2,1,1,6,"Grande Rue","46,3608140","4,4822849",202000025022,154 698 201,A01,2,1,0,1,1,1,5,NULL,202000025022,154 698 201,A01,1,1,1,1,1987,5,2,-1,-1,0,0,-1,202000025022,3,41,-1,NULL,2,2,0,1,19,900,1,NULL," -1",1,0,1,50
202000025022,8,8,2020,10:15:00,1,71,71178,2,1,1,6,"Grande Rue","46,3608140","4,4822849",202000025022,154 698 201,A01,2,1,0,1,1,1,5,NULL,202000025022,154 698 201,A01,10,3,3,2,1941,3,0,-1,-1,2,3,1,202000025022,3,41,-1,NULL,2,2,0,1,19,900,1,NULL," -1",1,0,1,50
202000025105,4,8,2020,19:30:00,1,72,72181,2,2,1,3,"SEMARD PIERRE (RUE)","47,9724400","0,2020800",202000025105,154 698 050,B01,2,1,0,2,6,15,5,NULL,202000025105,154 698 050,B01,1,1,4,1,2004,1,8,0,-1,-1," -1",-1,202000025105,4,"SEMARD PIERRE (RUE)",0,NULL,2,2,0,1,0,0,1,NULL," -1",1,0,1,50
202000026853,6,9,2020,09:20:00,1,93,93057,2,5,1,3,"MONTYON (AL.) 1 A 74","48,9128396","2,5068391",202000026853,154 695 001,B01,0,1,0,2,1,1,0,NULL,202000026853,154 695 000,A01,1,1,1,2,1972,5,1,0,-1,-1," -1",-1,202000026853,3,78,0,NULL,-1,2,0,1,0,1,1,NULL," -1",1,0,1,50
202000026853,6,9,2020,09:20:00,1,93,93057,2,5,1,3,"MONTYON (AL.) 1 A 74","48,9128396","2,5068391",202000026853,154 695 001,B01,0,1,0,2,1,1,0,NULL,202000026853,154 695 000,A01,10,3,4,1,1954,5,0,-1,-1,1,B,1,202000026853,3,78,0,NULL,-1,2,0,1,0,1,1,NULL," -1",1,0,1,50
202000029363,27,10,2020,13:58:00,1,47,47032,2,3,1,3,"349 Avenue Albert Camus","44,1873660","0,6637580",202000029363,154 690 649,B01,1,1,0,2,1,17,5,NULL,202000029363,154 690 649,B01,1,1,4,1,1947,5,2,6,-1,0,0,-1,202000029363,4,"ALBERT CAMUS (avenue)",0,NULL,2,2,0,1,0,0,1,NULL," -1",1,0,1,50
202000029363,27,10,2020,13:58:00,1,47,47032,2,3,1,3,"349 Avenue Albert Camus","44,1873660","0,6637580",202000029363,154 690 649,B01,1,1,0,2,1,17,5,NULL,202000029363,154 690 650,A01,1,1,1,2,1990,2,1,0,-1,-1," -1",-1,202000029363,4,"ALBERT CAMUS (avenue)",0,NULL,2,2,0,1,0,0,1,NULL," -1",1,0,1,50
202000031742,15,9,2020,19:15:00,1,60,60057,2,1,1,-1,"NOTRE DAME DU THIL (RUE)","49,4447900","2,0800300",202000031742,154 686 567,B01,2,1,1,0,1,1,5,NULL,202000031742,154 686 567,B01,2,2,4,2,1975,0,8,0,-1,-1," -1",-1,202000031742,3,149,0,NULL,2,4,1,1,(1),(1),1,NULL," -1",1,0,5,50
202000031742,15,9,2020,19:15:00,1,60,60057,2,1,1,-1,"NOTRE DAME DU THIL (RUE)","49,4447900","2,0800300",202000031742,154 686 567,B01,2,1,1,0,1,1,5,NULL,202000031742,154 686 568,A01,1,1,1,2,1993,0,8,0,-1,-1," -1",-1,202000031742,3,149,0,NULL,2,4,1,1,(1),(1),1,NULL," -1",1,0,5,50
202000034695,11,2,2020,09:20:00,1,67,67482,2,1,6,2,"HOPITAL (ROUTE DE L )","48,5725071","7,7502474",202000034695,154 681 454,B01,1,1,0,2,4,9,5,NULL,202000034695,154 681 453,A01,1,1,1,1,1980,4,2,6,-1,-1,0,-1,202000034695,4,34,0,NULL,2,4,1,1,0,0,1,NULL," -1",1,0,1,50
202000034695,11,2,2020,09:20:00,1,67,67482,2,1,6,2,"HOPITAL (ROUTE DE L )","48,5725071","7,7502474",202000034695,154 681 454,B01,1,1,0,2,4,9,5,NULL,202000034695,154 681 454,B01,1,1,4,1,1993,9,8,0,-1,-1,0,-1,202000034695,4,34,0,NULL,2,4,1,1,0,0,1,NULL," -1",1,0,1,50
202000035299,12,1,2020,18:50:00,5,75,75112,2,2,1,6,"AVENUE LEDRU ROLLIN","48,8496123","2,3742761",202000035299,154 680 371,A01,2,1,0,1,1,1,5,NULL,202000035299,154 680 371,A01,1,1,1,1,2003,5,8,2,-1,0,0,-1,202000035299,4,NULL,0,NULL,2,1,0,1,78,0,1,NULL,3,1,0,1,50
202000035299,12,1,2020,18:50:00,5,75,75112,2,2,1,6,"AVENUE LEDRU ROLLIN","48,8496123","2,3742761",202000035299,154 680 371,A01,2,1,0,1,1,1,5,NULL,202000035299,154 680 371,A01,10,3,4,2,1964,3,0,-1,-1,4,3,1,202000035299,4,NULL,0,NULL,2,1,0,1,78,0,1,NULL,3,1,0,1,50
202000036414,1,9,2020,21:30:00,3,13,13117,1,1,1,2,"ROUTE NATIONALE 113 - LA GARE","43,4463580","5,2398310",202000036414,154 678 369,B01,1,1,0,2,4,2,5,NULL,202000036414,154 678 368,A01,1,1,1,1,1963,0,1,0,-1,-1," -1",-1,202000036414,3,113,0,NULL,2,3,0,2,13,500,1,NULL," -1",1,0,1,80
202000036414,1,9,2020,21:30:00,3,13,13117,1,1,1,2,"ROUTE NATIONALE 113 - LA GARE","43,4463580","5,2398310",202000036414,154 678 369,B01,1,1,0,2,4,2,5,NULL,202000036414,154 678 369,B01,1,1,4,1,2000,1,8,0,-1,0,0,-1,202000036414,3,113,0,NULL,2,3,0,2,13,500,1,NULL," -1",1,0,1,80
202000037672,17,11,2020,18:10:00,5,02,02691,2,3,1,3,"NOIRMONT (CHEMIN)","49,8473500","3,2685900",202000037672,154 676 151,B01,1,1,0,2,1,23,5,NULL,202000037672,154 676 151,B01,1,1,3,2,1985,1,8,0,-1,-1," -1",-1,202000037672,4,"NOIRMONT (CHEMIN)",0,NULL,2,2,0,1,0,0,1,NULL," -1",1,0,1,50