Num_Acc,jour,mois,an,hrmn,lum,dep,com,agg,int,atm,col,adr,lat,long,Num_Acc,id_vehicule,num_veh,senc,catv,obs,obsm,choc,manv,motor,occutc,Num_Acc,id_vehicule,num_veh,place,catu,grav,sexe,an_nais,trajet,secu1,secu2,secu3,locp,actp,etatp,Num_Acc,catr,voie,v1,v2,circ,nbv,vosp,prof,pr,pr1,plan,lartpc,larrout,surf,infra,situ,vma
202000037672,17,11,2020,18:10:00,5,02,02691,2,3,1,3,"NOIRMONT (CHEMIN)","49,8473500","3,2685900",202000037672,154 676 151,B01,1,1,0,2,1,23,5,NULL,202000037672,154 676 152,A01,1,1,1,2,1969,1,1,0,-1,-1," -1",-1,202000037672,4,"NOIRMONT (CHEMIN)",0,NULL,2,2,0,1,0,0,1,NULL," -1",1,0,1,50
202000037710,27,10,2020,12:00:00,1,75,75110,2,1,2,3,"RUE DU FAUBOURG DU TEMPLE","48,8690970","2,3683420",202000037710,154 676 090,B01,2,1,0,2,3,7,5,NULL,202000037710,154 676 090,B01,1,1,4,1,1987,1,2,0,-1,0,0,-1,202000037710,4,NULL,0,NULL,1,2,3,2,0,0,1,NULL," -1",2,-1,6,50
202000037710,27,10,2020,12:00:00,1,75,75110,2,1,2,3,"RUE DU FAUBOURG DU TEMPLE","48,8690970","2,3683420",202000037710,154 676 090,B01,2,1,0,2,3,7,5,NULL,202000037710,154 676 091,A01,1,1,1,1,1993,4,1,0,-1,0,0,-1,202000037710,4,NULL,0,NULL,1,2,3,2,0,0,1,NULL," -1",2,-1,6,50
202000038181,14,3,2020,00:37:00,5,64,64122,2,1,1,-1,"PETITES SOEURS DES PAUVRES (RUE DES","43,4810000"," -1,5488800",202000038181,154 675 243,A01,2,1,0,0,0,1,5,NULL,202000038181,154 675 243,A01,1,1,4,2,1998,5,8,0,-1,-1," -1",-1,202000038181,4,NULL,0,NULL,1,1,0,2,0,0,3,NULL," -1",1,0,1,50
202000038964,27,5,2020,19:00:00,1,75,75109,2,1,1,3,"RUE LA FAYETTE","48,8770100","2,3482630",202000038964,154 673 875,B01,2,1,0,2,3,13,5,NULL,202000038964,154 673 875,B01,1,1,4,1,1995,5,8,2,-1,0,0,-1,202000038964,4,NULL,0,NULL,2,4,0,1,0,0,1,NULL," -1",1,0,1,50
202000038964,27,5,2020,19:00:00,1,75,75109,2,1,1,3,"RUE LA FAYETTE","48,8770100","2,3482630",202000038964,154 673 875,B01,2,1,0,2,3,13,5,NULL,202000038964,154 673 876,A01,1,1,1,1,1973,4,1,0,-1,0,0,-1,202000038964,4,NULL,0,NULL,2,4,0,1,0,0,1,NULL," -1",1,0,1,50
202000039441,28,7,2020,17:30:00,1,33,33529,2,1,1,2,"LECLERC (AVE DU GAL) DU 02 ET +","44,6384500"," -1,1449700",202000039441,154 673 025,B01,1,1,0,2,1,1,5,NULL,202000039441,154 673 024,A01,1,1,1,1,1953,0,1,0,-1,-1," -1",-1,202000039441,3,650,0,NULL,2,3,0,1,16,560,1,NULL," -1",1,9,1,30
202000039441,28,7,2020,17:30:00,1,33,33529,2,1,1,2,"LECLERC (AVE DU GAL) DU 02 ET +","44,6384500"," -1,1449700",202000039441,154 673 025,B01,1,1,0,2,1,1,5,NULL,202000039441,154 673 025,B01,1,1,4,2,2002,5,8,-1,-1,-1," -1",-1,202000039441,3,650,0,NULL,2,3,0,1,16,560,1,NULL," -1",1,9,1,30
202000040398,26,2,2020,17:55:00,1,94,94028,2,3,8,3,"BORDIERES(RUE DES)","48,8004200","2,4512900",202000040398,154 671 375,A01,2,1,9,2,1,19,5,NULL,202000040398,154 671 374,B01,1,1,1,2,1984,5,1,0,-1,-1," -1",-1,202000040398,3,19,0,NULL,1,3,1,1,0,0,1,NULL,9,2,0,1,50
202000040398,26,2,2020,17:55:00,1,94,94028,2,3,8,3,"BORDIERES(RUE DES)","48,8004200","2,4512900",202000040398,154 671 375,A01,2,1,9,2,1,19,5,NULL,202000040398,154 671 375,A01,1,1,4,1,1972,5,8,0,-1,-1," -1",-1,202000040398,3,19,0,NULL,1,3,1,1,0,0,1,NULL,9,2,0,1,50
202000040766,18,11,2020,11:15:00,1,13,13004,2,4,1,3,"RUE MIREILLE","43,6745000","4,6385300",202000040766,154 670 701,B01,3,1,0,2,0,0,5,NULL,202000040766,154 670 701,B01,1,1,4,2,2000,0,8,0,-1,-1," -1",-1,202000040766,4,NULL,0,NULL,2,3,0,1,0,0,2,NULL," -1",1,0,1,50
202000040766,18,11,2020,11:15:00,1,13,13004,2,4,1,3,"RUE MIREILLE","43,6745000","4,6385300",202000040766,154 670 701,B01,3,1,0,2,0,0,5,NULL,202000040766,154 670 702,A01,1,1,1,2,1947,0,1,8,-1,-1," -1",-1,202000040766,4,NULL,0,NULL,2,3,0,1,0,0,2,NULL," -1",1,0,1,50
202000042103,20,6,2020,11:40:00,1,74,74010,2,1,1,6,"24 Chemin de Périaz (Seynod)","45,8766920","6,0894340",202000042103,154 668 327,A01,2,1,0,1,8,1,6,NULL,202000042103,154 668 327,A01,10,3,4,2,2015,5,0,-1,-1,3,3,2,202000042103,4,AP,0,C,2,2,0,2,1,0,3,NULL," -1",1,0,1,50
202000042103,20,6,2020,11:40:00,1,74,74010,2,1,1,6,"24 Chemin de Périaz (Seynod)","45,8766920","6,0894340",202000042103,154 668 327,A01,2,1,0,1,8,1,6,NULL,202000042103,154 668 327,A01,1,1,1,1,1986,5,2,-1,-1,0,0,-1,202000042103,4,AP,0,C,2,2,0,2,1,0,3,NULL," -1",1,0,1,50
202000042444,22,9,2020,12:35:00,1,67,67482,2,3,1,3,"BALE (RUE DE)","48,5694500","7,7631100",202000042444,154 667 699,B01,2,1,0,2,0,0,5,NULL,202000042444,154 667 699,B01,1,1,4,2,1994,0,8,0,-1,-1," -1",-1,202000042444,4,"BALE (RUE DE)",0,NULL,2,2,0,1,0,0,1,NULL," -1",1,0,1,50
202000042444,22,9,2020,12:35:00,1,67,67482,2,3,1,3,"BALE (RUE DE)","48,5694500","7,7631100",202000042444,154 667 699,B01,2,1,0,2,0,0,5,NULL,202000042444,154 667 702,A01,1,1,1,1,1945,0,1,8,-1,-1," -1",-1,202000042444,4,"BALE (RUE DE)",0,NULL,2,2,0,1,0,0,1,NULL," -1",1,0,1,50
202000043148,26,6,2020,16:10:00,1,65,65411,1,3,1,1,"RD 12","42,8854180"," -0,0163900",202000043148,154 666 420,B01,2,1,0,2,1,1,5,NULL,202000043148,154 666 419,A01,1,1,1,1,1986,5,1,-1,-1,0,0,-1,202000043148,3,12,-1,NULL,2,2,0,1,0,10,1,NULL," -1",1,0,1,80
202000043148,26,6,2020,16:10:00,1,65,65411,1,3,1,1,"RD 12","42,8854180"," -0,0163900",202000043148,154 666 420,B01,2,1,0,2,1,1,5,NULL,202000043148,154 666 420,B01,1,1,3,1,1986,5,2,-1,-1,0,0,-1,202000043148,3,12,-1,NULL,2,2,0,1,0,10,1,NULL," -1",1,0,1,80
202000044244,20,2,2020,19:40:00,2,59,59009,2,6,1,3,"VERSAILLE RUE DE","50,6155500","3,1290800",202000044244,154 664 483,B01,1,1,14,0,8,2,0,NULL,202000044244,154 664 483,B01,1,1,4,1,2000,5,2,8,-1,0,0,-1,202000044244,4,"RUE DE VERSAILLE ",0,NULL,2,2,0,1,0,0,1,NULL," -1",1,6,1,30
202000044908,26,8,2020,09:25:00,1,75,75113,2,2,1,1,"PONT CHARLES DE GAULLE","48,8419180","2,3678720",202000044908,154 663 292,A01,2,1,0,2,0,5,5,NULL,202000044908,154 663 290,B01,1,1,4,1,1985,1,2,6,-1,0,0,-1,202000044908,4,NULL,0,NULL,2,5,0,1,0,0,1,NULL," -1",1,2,1,50
202000044908,26,8,2020,09:25:00,1,75,75113,2,2,1,1,"PONT CHARLES DE GAULLE","48,8419180","2,3678720",202000044908,154 663 292,A01,2,1,0,2,0,5,5,NULL,202000044908,154 663 292,A01,1,1,1,1,1995,1,2,0,-1,0,0,-1,202000044908,4,NULL,0,NULL,2,5,0,1,0,0,1,NULL," -1",1,2,1,50
202000045858,21,9,2020,19:30:00,2,91,91687,2,9,1,1,"OCTAVE LONGUET (RUE)","48,6683600","2,3804300",202000045858,154 661 688,B01,3,1,0,2,0,0,0,NULL,202000045858,154 661 687,A01,1,1,1,1,1939,9,1,0,-1,-1," -1",-1,202000045858,9,"OCTAVE LONGUET (RUE)",0,NULL,2,2,0,1,0,0,1,NULL," -1",1,9,8,50
202000045858,21,9,2020,19:30:00,2,91,91687,2,9,1,1,"OCTAVE LONGUET (RUE)","48,6683600","2,3804300",202000045858,154 661 688,B01,3,1,0,2,0,0,0,NULL,202000045858,154 661 688,B01,1,1,4,1,2006,5,8,0,-1,-1," -1",-1,202000045858,9,"OCTAVE LONGUET (RUE)",0,NULL,2,2,0,1,0,0,1,NULL," -1",1,9,8,50
202000046881,23,8,2020,17:50:00,1,63,63113,2,2,1,4,"GANTIERE (RUE DE LA)","45,7650400","3,1230100",202000046881,154 659 868,B01,1,1,14,0,1,21,5,NULL,202000046881,154 659 868,B01,1,1,4,1,1978,5,2,6,-1,0,0,-1,202000046881,7,765,0,NULL,2,3,0,2,(1),(1),1,NULL," -1",1,9,1,50
202000046881,23,8,2020,17:50:00,1,63,63113,2,2,1,4,"GANTIERE (RUE DE LA)","45,7650400","3,1230100",202000046881,154 659 868,B01,1,1,14,0,1,21,5,NULL,202000046881,154 659 870,A01,1,1,1,1,2000,5,1,0,-1,0,0,-1,202000046881,7,765,0,NULL,2,3,0,2,(1),(1),1,NULL," -1",1,9,1,50
202000046881,23,8,2020,17:50:00,1,63,63113,2,2,1,4,"GANTIERE (RUE DE LA)","45,7650400","3,1230100",202000046881,154 659 868,B01,1,1,14,0,1,21,5,NULL,202000046881,154 659 873,C01,1,1,1,1,1983,9,1,0,-1,0,0,-1,202000046881,7,765,0,NULL,2,3,0,2,(1),(1),1,NULL," -1",1,9,1,50
202000006922,16,5,2020,16:20:00,1,29,29130,2,1,1,7,"Route de Trégana","48,3559210"," -4,6593830",202000006922,154 730 089,A01,0,1,0,0,0,1,5,NULL,202000006922,154 730 089,A01,1,1,3,1,2003,5,2,-1,-1,0,0,-1,202000006922,4,"Route de Trégana",0,NULL,2,2,0,2,(1),(1),1,NULL," -1",1,0,1,50
202000009715,18,6,2020,16:15:00,1,73,73010,2,3,1,3,"D54 / Impasse du Longeret","45,7903617","5,9427541",202000009715,154 725 170,A01,3,1,0,2,0,1,5,NULL,202000009715,154 725 169,B01,1,1,1,1,1982,5,1,-1,-1,0,0,-1,202000009715,3,54,-1,NULL,2,2,0,2,0,400,4,NULL," -1",1,0,1,50
202000009715,18,6,2020,16:15:00,1,73,73010,2,3,1,3,"D54 / Impasse du Longeret","45,7903617","5,9427541",202000009715,154 725 170,A01,3,1,0,2,0,1,5,NULL,202000009715,154 725 170,A01,1,1,3,1,2005,5,0,-1,-1,0,0,-1,202000009715,3,54,-1,NULL,2,2,0,2,0,400,4,NULL," -1",1,0,1,50
202000010561,21,11,2020,18:25:00,5,94,94046,2,1,1,3,"87 R CARNOT","48,8050220","2,4410190",202000010561,154 723 687,B01,3,1,0,2,1,9,5,NULL,202000010561,154 723 687,B01,1,1,4,1,2003,5,8,0,-1,-1," -1",-1,202000010561,4,"CARNOT (R)",0,NULL,2,2,0,1,0,0,1,NULL," -1",1,0,1,50
202000010561,21,11,2020,18:25:00,5,94,94046,2,1,1,3,"87 R CARNOT","48,8050220","2,4410190",202000010561,154 723 687,B01,3,1,0,2,1,9,5,NULL,202000010561,154 723 688,A01,1,1,1,1,1981,5,2,0,-1,-1," -1",-1,202000010561,4,"CARNOT (R)",0,NULL,2,2,0,1,0,0,1,NULL," -1",1,0,1,50
202000010711,11,5,2020,08:20:00,1,58,58194,2,2,2,3,"GRANDS JARDINS","46,9959000","3,1367000",202000010711,154 723 429,B01,3,1,0,2,3,1,0,NULL,202000010711,154 723 428,A01,1,1,1,1,1973,1,1,8,-1,-1," -1",-1,202000010711,3,"GRANDS JARDINS",0,NULL,2,2,0,1,0,0,1,NULL," -1",2,0,1,50
202000010711,11,5,2020,08:20:00,1,58,58194,2,2,2,3,"GRANDS JARDINS","46,9959000","3,1367000",202000010711,154 723 429,B01,3,1,0,2,3,1,0,NULL,202000010711,154 723 429,B01,1,1,4,1,1969,1,2,6,-1,-1," -1",-1,202000010711,3,"GRANDS JARDINS",0,NULL,2,2,0,1,0,0,1,NULL," -1",2,0,1,50
202000011869,11,10,2020,21:50:00,5,75,75111,2,1,1,-1,"RUE DE LA ROQUETTE","48,8561760","2,3761780",202000011869,154 721 380,B01,1,1,0,2,1,18,5,NULL,202000011869,154 721 379,A01,1,1,1,1,1963,4,1,0,-1,0,0,-1,202000011869,4,NULL,0,NULL,1,1,0,1,0,0,1,NULL," -1",1,0,1,30
202000011869,11,10,2020,21:50:00,5,75,75111,2,1,1,-1,"RUE DE LA ROQUETTE","48,8561760","2,3761780",202000011869,154 721 380,B01,1,1,0,2,1,18,5,NULL,202000011869,154 721 380,B01,1,1,4,1,1994,5,8,0,-1,0,0,-1,202000011869,4,NULL,0,NULL,1,1,0,1,0,0,1,NULL," -1",1,0,1,30
202000013574,15,6,2020,16:45:00,1,75,75113,2,1,1,3,"RUE ESQUIROL","48,8350710","2,3604140",202000013574,154 718 413,B01,2,1,0,2,1,1,5,NULL,202000013574,154 718 413,B01,1,1,4,2,1969,1,2,0,-1,0,0,-1,202000013574,4,NULL,0,NULL,1,1,0,2,(1),0,1,NULL," -1",1,0,1,50
202000013574,15,6,2020,16:45:00,1,75,75113,2,1,1,3,"RUE ESQUIROL","48,8350710","2,3604140",202000013574,154 718 413,B01,2,1,0,2,1,1,5,NULL,202000013574,154 718 414,A01,1,1,1,1,1956,5,1,0,-1,0,0,-1,202000013574,4,NULL,0,NULL,1,1,0,2,(1),0,1,NULL," -1",1,0,1,50
202000016985,24,2,2020,16:52:00,1,37,37122,2,1,1,3,"EIFFEL (RUE GUSTAVE)","47,3570444","0,6530718",202000016985,154 712 373,A01,2,1,0,2,1,26,5,NULL,202000016985,154 712 373,A01,1,1,4,1,1994,1,2,8,-1,-1," -1",-1,202000016985,4,NULL,0,NULL,2,2,1,1,6,0,1,NULL," -1",1,0,5,50
202000018587,22,1,2020,14:20:00,1,75,75103,2,1,1,7,"RUE DES ARCHIVES","48,8609702","2,3578944",202000018587,154 709 557,A01,1,1,0,0,8,1,5,NULL,202000018587,154 709 557,A01,1,1,4,2,1986,5,8,2,-1,0,0,-1,202000018587,4,NULL,0,NULL,1,1,0,1,51,0,1,NULL," -1",1,0,1,50
202000020156,12,11,2020,14:42:00,1,80,80001,2,9,7,3,"VERDUN (de)","50,1140000","1,8258000",202000020156,154 706 744,B01,3,1,0,2,0,0,5,NULL,202000020156,154 706 744,B01,1,1,3,1,1933,5,2,6,-1,-1," -1",-1,202000020156,9,"VERDUN (de)",0,NULL,1,2,0,1,0,0,2,NULL," -1",1,5,1,50
202000020156,12,11,2020,14:42:00,1,80,80001,2,9,7,3,"VERDUN (de)","50,1140000","1,8258000",202000020156,154 706 744,B01,3,1,0,2,0,0,5,NULL,202000020156,154 706 745,A01,1,1,1,1,1956,3,1,0,-1,-1," -1",-1,202000020156,9,"VERDUN (de)",0,NULL,1,2,0,1,0,0,2,NULL," -1",1,5,1,50
202000020615,6,7,2020,19:34:00,1,03,03185,2,6,1,3,"Rue Pierre Semard","46,3330671","2,6040570",202000020615,154 705 963,B01,1,1,0,2,0,2,5,NULL,202000020615,154 705 963,B01,1,1,3,1,1973,5,2,6,-1,-1," -1",-1,202000020615,3,D72,0,NULL,1,2,0,1,0,475,2,NULL," -1",1,9,1,50
202000021129,9,9,2020,10:30:00,1,92,92036,2,2,1,3,"MARCEL PAUL (AVENUE) (52/102)","48,9368200","2,3039120",202000021129,154 705 035,B01,2,1,0,2,7,1,5,NULL,202000021129,154 705 035,B01,1,1,4,1,1987,1,2,8,-1,-1," -1",-1,202000021129,3,911,0,NULL,3,4,0,1,0,0,1,NULL," -1",1,0,1,50
202000021129,9,9,2020,10:30:00,1,92,92036,2,2,1,3,"MARCEL PAUL (AVENUE) (52/102)","48,9368200","2,3039120",202000021129,154 705 035,B01,2,1,0,2,7,1,5,NULL,202000021129,154 705 036,A01,1,1,1,1,1993,4,8,8,-1,-1," -1",-1,202000021129,3,911,0,NULL,3,4,0,1,0,0,1,NULL," -1",1,0,1,50
202000021710,5,10,2020,07:45:00,2,69,69383,2,1,1,3,"ANTOINE CHARIAL                     (R )","45,7576200","4,8715000",202000021710,154 704 004,A01,1,1,0,2,7,19,5,NULL,202000021710,154 704 004,A01,1,1,4,1,2002,0,2,0,-1,-1," -1",-1,202000021710,4,NULL,0,NULL,1,1,0,1,0,0,1,NULL," -1",1,0,1,50
202000021710,5,10,2020,07:45:00,2,69,69383,2,1,1,3,"ANTOINE CHARIAL                     (R )","45,7576200","4,8715000",202000021710,154 704 004,A01,1,1,0,2,7,19,5,NULL,202000021710,154 704 005,B01,1,1,1,1,2000,0,1,0,-1,-1," -1",-1,202000021710,4,NULL,0,NULL,1,1,0,1,0,0,1,NULL," -1",1,0,1,50
202000022582,11,7,2020,10:45:00,1,29,29004,2,1,1,3,"Place de la Liberté (Parking)","47,9325440"," -3,7002150",202000022582,154 702 496,A01,3,1,0,2,3,9,5,NULL,202000022582,154 702 495,B01,1,1,1,2,1963,0,1,-1,-1,0,0,-1,202000022582,4,NULL,-1,NULL,1,1,0,1,(1),(1),1,NULL," -1",1,0,1,50
202000022582,11,7,2020,10:45:00,1,29,29004,2,1,1,3,"Place de la Liberté (Parking)","47,9325440"," -3,7002150",202000022582,154 702 496,A01,3,1,0,2,3,9,5,NULL,202000022582,154 702 496,A01,1,1,3,1,2006,5,0,-1,-1,0,0,-1,202000022582,4,NULL,-1,NULL,1,1,0,1,(1),(1),1,NULL," -1",1,0,1,50
202000024755,14,2,2020,07:50:00,5,76,76540,2,3,1,3,"NEUFCHATEL. ROUTE DE","49,4518000","1,0981700",202000024755,154 698 686,B01,2,1,0,2,1,1,5,NULL,202000024755,154 698 685,A01,1,1,1,1,1973,1,1,0,-1,0,0,-1,202000024755,3,928,0,NULL,2,3,0,1,1,0,1,NULL," -1",1,0,1,50
202000024755,14,2,2020,07:50:00,5,76,76540,2,3,1,3,"NEUFCHATEL. ROUTE DE","49,4518000","1,0981700",202000024755,154 698 686,B01,2,1,0,2,1,1,5,NULL,202000024755,154 698 686,B01,1,1,4,1,1985,0,2,0,-1,-1," -1",-1,202000024755,3,928,0,NULL,2,3,0,1,1,0,1,NULL," -1",1,0,1,50
202000027452,12,1,2020,17:35:00,5,59,59279,2,9,1,2,"LYS (RUE DE LA)","50,7805330","3,1061650",202000027452,154 693 988,B01,3,1,0,2,4,1,5,NULL,202000027452,154 693 986,A01,1,1,1,1,1984,0,1,-1,-1,-1," -1",-1,202000027452,7,945,0,NULL,2,2,0,1,(1),(1),1,NULL," -1",1,0,1,50
202000027452,12,1,2020,17:35:00,5,59,59279,2,9,1,2,"LYS (RUE DE LA)","50,7805330","3,1061650",202000027452,154 693 988,B01,3,1,0,2,4,1,5,NULL,202000027452,154 693 988,B01,1,1,4,1,2002,5,2,-1,-1,-1," -1",-1,202000027452,7,945,0,NULL,2,2,0,1,(1),(1),1,NULL," -1",1,0,1,50
202000031312,30,7,2020,11:35:00,1,69,69116,1,1,1,3,"Route du Mont Verdun","45,8412080","4,7776470",202000031312,154 687 326,A01,2,1,0,2,8,13,5,NULL,202000031312,154 687 325,B01,1,1,1,1,1944,5,1,-1,-1,0,0,-1,202000031312,3,92,-1,NULL,2,2,0,2,(1),(1),3,NULL," -1",1,0,1,50
202000031312,30,7,2020,11:35:00,1,69,69116,1,1,1,3,"Route du Mont Verdun","45,8412080","4,7776470",202000031312,154 687 326,A01,2,1,0,2,8,13,5,NULL,202000031312,154 687 326,A01,1,1,3,1,1948,5,2,6,-1,0,0,-1,202000031312,3,92,-1,NULL,2,2,0,2,(1),(1),3,NULL," -1",1,0,1,50
202000032309,5,7,2020,16:05:00,1,38,38564,1,1,1,6,D82K,"45,4851130","5,7060560",202000032309,154 685 603,A01,1,1,0,0,0,1,5,NULL,202000032309,154 685 603,A01,1,1,4,1,1976,5,6,-1,-1,0,0,-1,202000032309,3,82,0,K,2,2,0,2,1,230,1,NULL," -1",1,0,1,50
202000033744,11,12,2020,15:20:00,1,75,75111,2,2,2,3,"AVENUE DE LA REPUBLIQUE","48,8646120","2,3780280",202000033744,154 683 128,B01,2,1,0,2,1,1,5,NULL,202000033744,154 683 127,A01,1,1,1,1,1975,1,1,0,-1,0,0,-1,202000033744,4,NULL,0,NULL,2,4,1,2,0,0,1,NULL," -1",2,0,1,30
202000033744,11,12,2020,15:20:00,1,75,75111,2,2,2,3,"AVENUE DE LA REPUBLIQUE","48,8646120","2,3780280",202000033744,154 683 128,B01,2,1,0,2,1,1,5,NULL,202000033744,154 683 128,B01,1,1,4,1,1962,9,2,8,-1,0,0,-1,202000033744,4,NULL,0,NULL,2,4,1,2,0,0,1,NULL," -1",2,0,1,30
202000033876,13,1,2020,07:45:00,5,75,75105,2,2,8,3,"RUE DES ECOLES","48,8495920","2,3448760",202000033876,154 682 900,A01,1,1,0,2,1,13,5,NULL,202000033876,154 682 900,A01,1,1,4,1,2001,2,2,0,-1,0,0,-1,202000033876,4,NULL,0,NULL,2,4,0,1,50,0,1,NULL,12,1,0,1,50
202000033876,13,1,2020,07:45:00,5,75,75105,2,2,8,3,"RUE DES ECOLES","48,8495920","2,3448760",202000033876,154 682 900,A01,1,1,0,2,1,13,5,NULL,202000033876,154 682 901,B01,1,1,1,2,1982,1,1,0,-1,0,0,-1,202000033876,4,NULL,0,NULL,2,4,0,1,50,0,1,NULL,12,1,0,1,50
202000036150,3,7,2020,10:15:00,1,42,42097,1,3,1,3,"Route Departementale 1082","45,4886590","4,3295410",202000036150,154 678 842,B01,2,1,0,2,3,1,5,NULL,202000036150,154 678 842,B01,1,1,3,1,1962,5,2,-1,-1,0,0,-1,202000036150,3,1082,0,NULL,2,2,0,1,61,200,1,NULL,"10,5",1,0,1,70
202000036150,3,7,2020,10:15:00,1,42,42097,1,3,1,3,"Route Departementale 1082","45,4886590","4,3295410",202000036150,154 678 842,B01,2,1,0,2,3,1,5,NULL,202000036150,154 678 843,A01,1,1,1,2,1936,5,1,-1,-1,0,0,-1,202000036150,3,1082,0,NULL,2,2,0,1,61,200,1,NULL,"10,5",1,0,1,70
202000036428,31,8,2020,16:35:00,1,75,75117,2,7,1,2,"AVENUE DES TERNES","48,8794330","2,2908380",202000036428,154 678 340,A01,1,1,0,2,1,2,5,NULL,202000036428,154 678 339,B01,2,2,1,1,1999,4,1,0,-1,0,0,-1,202000036428,4,NULL,0,NULL,2,4,0,1,0,0,1,NULL," -1",1,0,1,50
202000036428,31,8,2020,16:35:00,1,75,75117,2,7,1,2,"AVENUE DES TERNES","48,8794330","2,2908380",202000036428,154 678 340,A01,1,1,0,2,1,2,5,NULL,202000036428,154 678 339,B01,1,1,1,1,1991,4,1,0,-1,0,0,-1,202000036428,4,NULL,0,NULL,2,4,0,1,0,0,1,NULL," -1",1,0,1,50
202000036428,31,8,2020,16:35:00,1,75,75117,2,7,1,2,"AVENUE DES TERNES","48,8794330","2,2908380",202000036428,154 678 340,A01,1,1,0,2,1,2,5,NULL,202000036428,154 678 340,A01,1,1,4,1,2004,2,2,0,-1,0,0,-1,202000036428,4,NULL,0,NULL,2,4,0,1,0,0,1,NULL," -1",1,0,1,50
202000036755,10,1,2020,02:30:00,5,75,75109,2,5,2,2,"RUE DU FAUBOURG POISSONNIERE","48,8796730","2,3495310",202000036755,154 677 747,A01,1,1,0,2,1,2,5,NULL,202000036755,154 677 747,A01,1,1,4,1,1988,9,8,2,-1,0,0,-1,202000036755,4,NULL,0,NULL,2,2,0,4,141,0,1,NULL,5,2,5,1,50
202000036846,9,1,2020,15:01:00,1,973,97302,2,1,1,3,"MONTABO (ROUTE DE) 1","4,9316956"," -52,2905231",202000036846,154 677 594,B01,1,1,0,2,8,1,0,NULL,202000036846,154 677 594,B01,1,1,4,2,2006,2,2,0,-1,-1," -1",-1,202000036846,3,0001,0,NULL,2,2,1,1,4,200,1,NULL," -1",1,0,5,70
202000036846,9,1,2020,15:01:00,1,973,97302,2,1,1,3,"MONTABO (ROUTE DE) 1","4,9316956"," -52,2905231",202000036846,154 677 594,B01,1,1,0,2,8,1,0,NULL,202000036846,154 677 595,A01,1,1,1,2,1987,0,1,0,-1,-1," -1",-1,202000036846,3,0001,0,NULL,2,2,1,1,4,200,1,NULL," -1",1,0,5,70
202000036914,9,1,2020,16:30:00,1,17,17299,2,1,3,3,"BACHELARD AVENUE VICTOR-LOUIS","45,9522300"," -0,9533100",202000036914,154 677 469,B01,2,1,0,2,8,1,5,NULL,202000036914,154 677 468,A01,1,1,1,1,1982,5,1,8,-1,-1," -1",-1,202000036914,4,NULL,0,NULL,2,2,2,1,0,0,1,NULL," -1",2,0,1,50
202000036914,9,1,2020,16:30:00,1,17,17299,2,1,3,3,"BACHELARD AVENUE VICTOR-LOUIS","45,9522300"," -0,9533100",202000036914,154 677 469,B01,2,1,0,2,8,1,5,NULL,202000036914,154 677 469,B01,1,1,3,2,1950,3,8,0,-1,-1," -1",-1,202000036914,4,NULL,0,NULL,2,2,2,1,0,0,1,NULL," -1",2,0,1,50
202000037489,26,10,2020,18:52:00,1,63,63113,2,1,1,3,"CARNOT (AVENUE)","45,7762300","3,0971100",202000037489,154 676 478,A01,1,1,0,2,0,26,5,NULL,202000037489,154 676 478,A01,1,1,4,1,1993,1,8,-1,-1,0,0,-1,202000037489,4,"CARNOT (AVENUE)",0,NULL,-1,2,0,1,(1),(1),1,NULL," -1",1,0,1,50
202000037489,26,10,2020,18:52:00,1,63,63113,2,1,1,3,"CARNOT (AVENUE)","45,7762300","3,0971100",202000037489,154 676 478,A01,1,1,0,2,0,26,5,NULL,202000037489,154 676 479,B01,1,1,1,2,1981,1,1,-1,-1,0,0,-1,202000037489,4,"CARNOT (AVENUE)",0,NULL,-1,2,0,1,(1),(1),1,NULL," -1",1,0,1,50
202000038722,8,2,2020,17:50:00,2,75,75108,2,1,2,3,"AVENUE HOCHE","48,8770410","2,3027620",202000038722,154 674 308,B01,2,1,0,2,1,1,5,NULL,202000038722,154 674 307,A01,1,1,1,1,1958,1,1,0,-1,0,0,-1,202000038722,4,NULL,0,NULL,2,2,0,2,10,0,1,NULL," -1",2,0,1,50
202000038722,8,2,2020,17:50:00,2,75,75108,2,1,2,3,"AVENUE HOCHE","48,8770410","2,3027620",202000038722,154 674 308,B01,2,1,0,2,1,1,5,NULL,202000038722,154 674 308,B01,1,1,4,2,1981,1,8,0,-1,0,0,-1,202000038722,4,NULL,0,NULL,2,2,0,2,10,0,1,NULL," -1",2,0,1,50
202000040592,6,2,2020,23:25:00,5,75,75117,2,2,1,3,"RUE BAYEN","48,8821530","2,2916930",202000040592,154 671 016,A01,2,1,0,2,8,5,5,NULL,202000040592,154 671 015,B01,1,1,1,1,1983,9,2,6,-1,0,0,-1,202000040592,4,NULL,0,NULL,1,1,0,1,0,0,1,NULL,3,1,0,1,30
202000040592,6,2,2020,23:25:00,5,75,75117,2,2,1,3,"RUE BAYEN","48,8821530","2,2916930",202000040592,154 671 016,A01,2,1,0,2,8,5,5,NULL,202000040592,154 671 016,A01,1,1,4,1,1977,9,8,0,-1,0,0,-1,202000040592,4,NULL,0,NULL,1,1,0,1,0,0,1,NULL,3,1,0,1,30
202000040765,23,9,2020,07:40:00,2,86,86066,1,6,1,3,"Le Pautron","46,7858950","0,5468570",202000040765,154 670 703,B01,2,1,0,2,0,1,5,NULL,202000040765,154 670 703,B01,1,1,4,1,1990,1,8,0,-1,-1," -1",-1,202000040765,3,749,0,NULL,2,2,0,1,18,625,1,NULL," -1",1,0,1,80