Num_Acc,jour,mois,an,hrmn,lum,dep,com,agg,int,atm,col,adr,lat,long,Num_Acc,id_vehicule,num_veh,senc,catv,obs,obsm,choc,manv,motor,occutc,Num_Acc,id_vehicule,num_veh,place,catu,grav,sexe,an_nais,trajet,secu1,secu2,secu3,locp,actp,etatp,Num_Acc,catr,voie,v1,v2,circ,nbv,vosp,prof,pr,pr1,plan,lartpc,larrout,surf,infra,situ,vma
202000040765,23,9,2020,07:40:00,2,86,86066,1,6,1,3,"Le Pautron","46,7858950","0,5468570",202000040765,154 670 703,B01,2,1,0,2,0,1,5,NULL,202000040765,154 670 704,A01,1,1,1,2,1993,1,1,0,-1,-1," -1",-1,202000040765,3,749,0,NULL,2,2,0,1,18,625,1,NULL," -1",1,0,1,80
202000041323,24,6,2020,17:42:00,1,66,66136,2,1,1,1,"BOURRAT BOULEVARD JEAN","42,7005400","2,9025400",202000041323,154 669 727,B01,1,1,0,2,1,1,5,NULL,202000041323,154 669 727,B01,1,1,4,2,2008,5,8,0,-1,-1," -1",-1,202000041323,4,"BOURRAT BOULEVARD JEAN",0,NULL,2,4,1,1,0,0,1,NULL," -1",1,0,1,50
202000041323,24,6,2020,17:42:00,1,66,66136,2,1,1,1,"BOURRAT BOULEVARD JEAN","42,7005400","2,9025400",202000041323,154 669 727,B01,1,1,0,2,1,1,5,NULL,202000041323,154 669 729,A01,1,1,1,2,1943,0,1,0,-1,-1," -1",-1,202000041323,4,"BOURRAT BOULEVARD JEAN",0,NULL,2,4,1,1,0,0,1,NULL," -1",1,0,1,50
202000043008,6,2,2020,09:00:00,1,54,54395,2,1,1,3,"NABECOR (RUE DE)","48,6803411","6,1916314",202000043008,154 666 683,B01,1,1,0,2,8,1,5,NULL,202000043008,154 666 683,B01,1,1,4,1,1975,0,2,0,-1,0,0,-1,202000043008,9,NULL,0,NULL,1,2,1,1,0,0,3,NULL," -1",1,0,1,50
202000043008,6,2,2020,09:00:00,1,54,54395,2,1,1,3,"NABECOR (RUE DE)","48,6803411","6,1916314",202000043008,154 666 683,B01,1,1,0,2,8,1,5,NULL,202000043008,154 666 684,A01,1,1,1,1,1996,0,1,0,-1,0,0,-1,202000043008,9,NULL,0,NULL,1,2,1,1,0,0,3,NULL," -1",1,0,1,50
202000044350,26,6,2020,07:00:00,1,75,75118,2,4,1,3,"BOULEVARD ORNANO","48,8953740","2,3466270",202000044350,154 664 280,A01,1,1,0,2,4,1,5,NULL,202000044350,154 664 280,A01,1,1,4,1,1989,9,2,8,-1,0,0,-1,202000044350,4,NULL,0,NULL,2,6,1,1,0,0,1,NULL," -1",1,-1,5,50
202000008288,30,12,2020,15:55:00,1,974,97411,2,3,1,3,"Rue Sainte Marie"," -20,8836000","55,4602600",202000008288,154 727 674,A01,2,1,0,2,1,26,5,NULL,202000008288,154 727 674,A01,1,1,3,1,2004,0,8,0,-1,-1," -1",-1,202000008288,4,NULL,0,NULL,3,2,0,1,0,0,1,NULL," -1",1,0,1,50
202000008288,30,12,2020,15:55:00,1,974,97411,2,3,1,3,"Rue Sainte Marie"," -20,8836000","55,4602600",202000008288,154 727 674,A01,2,1,0,2,1,26,5,NULL,202000008288,154 727 675,B01,1,1,1,2,1965,5,1,8,-1,-1," -1",-1,202000008288,4,NULL,0,NULL,3,2,0,1,0,0,1,NULL," -1",1,0,1,50
202000008442,30,12,2020,20:30:00,5,92,92072,2,1,2,7,"HAUTS CLOSEAUX (RUE DES)","48,8227582","2,2016698",202000008442,154 727 399,A01,3,1,0,0,0,1,5,NULL,202000008442,154 727 399,A01,1,1,3,2,1987,0,8,0,-1,-1," -1",-1,202000008442,4,"HAUTS CLOSEAUX (RUE DES)",0,NULL,1,1,0,4,0,0,1,NULL," -1",2,0,1,50
202000008517,23,11,2020,08:20:00,1,75,75116,2,5,2,3,"CHAUSSEE LA MUETTE","48,8583020","2,2726410",202000008517,154 727 268,A01,1,1,0,2,2,15,5,NULL,202000008517,154 727 268,A01,1,1,1,1,2002,2,2,0,-1,0,0,-1,202000008517,4,NULL,0,NULL,2,4,0,1,0,0,2,NULL," -1",2,0,1,50
202000008517,23,11,2020,08:20:00,1,75,75116,2,5,2,3,"CHAUSSEE LA MUETTE","48,8583020","2,2726410",202000008517,154 727 268,A01,1,1,0,2,2,15,5,NULL,202000008517,154 727 269,B01,1,1,4,1,1973,1,2,6,-1,0,0,-1,202000008517,4,NULL,0,NULL,2,4,0,1,0,0,2,NULL," -1",2,0,1,50
202000008898,27,2,2020,08:05:00,1,34,34172,2,2,2,2,"MORSE (RUE SAMUEL)","43,6065700","3,9133700",202000008898,154 726 616,B01,1,1,0,2,4,1,5,NULL,202000008898,154 726 616,B01,1,1,4,2,1964,1,8,0,-1,-1," -1",-1,202000008898,4,NULL,0,NULL,2,2,0,1,(1),(1),1,NULL," -1",2,5,1,50
202000008898,27,2,2020,08:05:00,1,34,34172,2,2,2,2,"MORSE (RUE SAMUEL)","43,6065700","3,9133700",202000008898,154 726 616,B01,1,1,0,2,4,1,5,NULL,202000008898,154 726 617,A01,1,1,1,1,1976,1,1,8,-1,-1," -1",-1,202000008898,4,NULL,0,NULL,2,2,0,1,(1),(1),1,NULL," -1",2,5,1,50
202000010868,27,2,2020,08:25:00,1,93,93053,2,2,3,3,"PARC (RUE DU)","48,8918500","2,4449800",202000010868,154 723 162,Y01,1,1,0,2,1,1,5,NULL,202000010868,154 723 161,A01,2,2,1,2,1970,0,1,0,-1,-1," -1",-1,202000010868,3,40,0,NULL,2,4,0,2,0,1,1,NULL," -1",2,0,1,50
202000010868,27,2,2020,08:25:00,1,93,93053,2,2,3,3,"PARC (RUE DU)","48,8918500","2,4449800",202000010868,154 723 162,Y01,1,1,0,2,1,1,5,NULL,202000010868,154 723 161,A01,1,1,1,2,1997,4,1,0,-1,-1," -1",-1,202000010868,3,40,0,NULL,2,4,0,2,0,1,1,NULL," -1",2,0,1,50
202000010868,27,2,2020,08:25:00,1,93,93053,2,2,3,3,"PARC (RUE DU)","48,8918500","2,4449800",202000010868,154 723 162,Y01,1,1,0,2,1,1,5,NULL,202000010868,154 723 162,Y01,1,1,4,2,1989,4,2,0,-1,-1," -1",-1,202000010868,3,40,0,NULL,2,4,0,2,0,1,1,NULL," -1",2,0,1,50
202000011610,24,5,2020,22:00:00,2,27,27226,1,1,1,5,D3,"49,3194680","1,6354550",202000011610,154 721 822,B01,0,1,0,0,4,1,5,NULL,202000011610,154 721 820,D01,1,1,1,1,2004,5,0,-1,-1,0,0,-1,202000011610,3,3,-1,NULL,2,2,0,1,20,674,1,NULL," -1",1,0,1,80
202000011610,24,5,2020,22:00:00,2,27,27226,1,1,1,5,D3,"49,3194680","1,6354550",202000011610,154 721 821,C01,0,1,0,0,4,1,5,NULL,202000011610,154 721 820,D01,1,1,1,1,2004,5,0,-1,-1,0,0,-1,202000011610,3,3,-1,NULL,2,2,0,1,20,674,1,NULL," -1",1,0,1,80
202000011610,24,5,2020,22:00:00,2,27,27226,1,1,1,5,D3,"49,3194680","1,6354550",202000011610,154 721 820,D01,0,1,0,0,4,1,5,NULL,202000011610,154 721 820,D01,1,1,1,1,2004,5,0,-1,-1,0,0,-1,202000011610,3,3,-1,NULL,2,2,0,1,20,674,1,NULL," -1",1,0,1,80
202000011610,24,5,2020,22:00:00,2,27,27226,1,1,1,5,D3,"49,3194680","1,6354550",202000011610,154 721 822,B01,0,1,0,0,4,1,5,NULL,202000011610,154 721 821,C01,1,1,4,2,2005,5,0,-1,-1,0,0,-1,202000011610,3,3,-1,NULL,2,2,0,1,20,674,1,NULL," -1",1,0,1,80
202000011610,24,5,2020,22:00:00,2,27,27226,1,1,1,5,D3,"49,3194680","1,6354550",202000011610,154 721 821,C01,0,1,0,0,4,1,5,NULL,202000011610,154 721 821,C01,1,1,4,2,2005,5,0,-1,-1,0,0,-1,202000011610,3,3,-1,NULL,2,2,0,1,20,674,1,NULL," -1",1,0,1,80
202000011610,24,5,2020,22:00:00,2,27,27226,1,1,1,5,D3,"49,3194680","1,6354550",202000011610,154 721 820,D01,0,1,0,0,4,1,5,NULL,202000011610,154 721 821,C01,1,1,4,2,2005,5,0,-1,-1,0,0,-1,202000011610,3,3,-1,NULL,2,2,0,1,20,674,1,NULL," -1",1,0,1,80
202000011610,24,5,2020,22:00:00,2,27,27226,1,1,1,5,D3,"49,3194680","1,6354550",202000011610,154 721 822,B01,0,1,0,0,4,1,5,NULL,202000011610,154 721 822,B01,1,1,3,1,2004,5,0,-1,-1,0,0,-1,202000011610,3,3,-1,NULL,2,2,0,1,20,674,1,NULL," -1",1,0,1,80
202000011610,24,5,2020,22:00:00,2,27,27226,1,1,1,5,D3,"49,3194680","1,6354550",202000011610,154 721 821,C01,0,1,0,0,4,1,5,NULL,202000011610,154 721 822,B01,1,1,3,1,2004,5,0,-1,-1,0,0,-1,202000011610,3,3,-1,NULL,2,2,0,1,20,674,1,NULL," -1",1,0,1,80
202000011610,24,5,2020,22:00:00,2,27,27226,1,1,1,5,D3,"49,3194680","1,6354550",202000011610,154 721 820,D01,0,1,0,0,4,1,5,NULL,202000011610,154 721 822,B01,1,1,3,1,2004,5,0,-1,-1,0,0,-1,202000011610,3,3,-1,NULL,2,2,0,1,20,674,1,NULL," -1",1,0,1,80
202000011610,24,5,2020,22:00:00,2,27,27226,1,1,1,5,D3,"49,3194680","1,6354550",202000011610,154 721 822,B01,0,1,0,0,4,1,5,NULL,202000011610,154 721 823,A01,1,1,1,1,1980,5,8,-1,-1,0,0,-1,202000011610,3,3,-1,NULL,2,2,0,1,20,674,1,NULL," -1",1,0,1,80
202000011610,24,5,2020,22:00:00,2,27,27226,1,1,1,5,D3,"49,3194680","1,6354550",202000011610,154 721 821,C01,0,1,0,0,4,1,5,NULL,202000011610,154 721 823,A01,1,1,1,1,1980,5,8,-1,-1,0,0,-1,202000011610,3,3,-1,NULL,2,2,0,1,20,674,1,NULL," -1",1,0,1,80
202000011610,24,5,2020,22:00:00,2,27,27226,1,1,1,5,D3,"49,3194680","1,6354550",202000011610,154 721 820,D01,0,1,0,0,4,1,5,NULL,202000011610,154 721 823,A01,1,1,1,1,1980,5,8,-1,-1,0,0,-1,202000011610,3,3,-1,NULL,2,2,0,1,20,674,1,NULL," -1",1,0,1,80
202000013752,14,8,2020,14:20:00,1,45,45208,2,3,1,3,"Avenue du Général de Gaulle","48,0045000","2,7373000",202000013752,154 718 091,A01,2,1,0,2,7,1,5,NULL,202000013752,154 718 091,A01,1,1,4,1,2003,0,8,0,-1,-1," -1",-1,202000013752,4,"LONGEARD (RUE DU)",0,NULL,-1,1,0,1,(1),(1),1,NULL," -1",1,0,1,50
202000013752,14,8,2020,14:20:00,1,45,45208,2,3,1,3,"Avenue du Général de Gaulle","48,0045000","2,7373000",202000013752,154 718 091,A01,2,1,0,2,7,1,5,NULL,202000013752,154 718 092,B01,1,1,1,2,1990,0,1,0,-1,-1," -1",-1,202000013752,4,"LONGEARD (RUE DU)",0,NULL,-1,1,0,1,(1),(1),1,NULL," -1",1,0,1,50
202000013764,14,8,2020,09:05:00,1,33,33009,2,4,1,3,"PLAGE (BD DE LA) DU 01 AU 53","44,6563300"," -1,1472200",202000013764,154 718 070,B01,1,1,0,2,1,1,5,NULL,202000013764,154 718 070,B01,1,1,4,1,1998,0,8,-1,-1,-1," -1",-1,202000013764,3,650,0,NULL,2,2,0,1,19,220,1,NULL," -1",1,0,8,50
202000013764,14,8,2020,09:05:00,1,33,33009,2,4,1,3,"PLAGE (BD DE LA) DU 01 AU 53","44,6563300"," -1,1472200",202000013764,154 718 070,B01,1,1,0,2,1,1,5,NULL,202000013764,154 718 071,A01,1,1,1,1,1990,5,1,-1,-1,-1," -1",-1,202000013764,3,650,0,NULL,2,2,0,1,19,220,1,NULL," -1",1,0,8,50
202000015257,12,9,2020,08:40:00,1,75,75115,2,3,1,3,"BOULEVARD LEFEBVRE","48,8311830","2,2918470",202000015257,154 715 454,B01,2,1,0,2,1,1,5,NULL,202000015257,154 715 453,A01,1,1,1,1,1981,4,1,0,-1,0,0,-1,202000015257,4,NULL,0,NULL,3,2,1,2,0,0,1,NULL," -1",1,-1,5,50
202000015257,12,9,2020,08:40:00,1,75,75115,2,3,1,3,"BOULEVARD LEFEBVRE","48,8311830","2,2918470",202000015257,154 715 454,B01,2,1,0,2,1,1,5,NULL,202000015257,154 715 454,B01,1,1,4,1,1986,1,8,0,-1,0,0,-1,202000015257,4,NULL,0,NULL,3,2,1,2,0,0,1,NULL," -1",1,-1,5,50
202000015630,12,8,2020,08:05:00,1,87,87085,1,1,1,7,"COUDERT (ECHANGEUR DU)","45,8343800","1,2154100",202000015630,154 714 795,A01,1,1,0,0,8,1,5,NULL,202000015630,154 714 795,A01,1,1,4,1,1984,5,8,8,-1,-1," -1",-1,202000015630,4,NULL,0,NULL,1,2,0,1,0,0,2,NULL," -1",1,3,1,70
202000016940,24,2,2020,13:50:00,1,69,69383,2,1,1,6,"GENERAL MOUTON DUVERNET (DU)        (R )","45,7554000","4,8620200",202000016940,154 712 453,A01,1,1,0,1,0,9,0,NULL,202000016940,154 712 453,A01,10,3,3,2,1956,5,8,8,-1,8,1,2,202000016940,4,NULL,0,NULL,2,2,1,1,0,0,1,NULL," -1",1,0,5,20
202000017506,11,6,2020,09:45:00,1,69,69388,2,1,1,6,"11 NOVEMBRE 1918 (DU)               (PL)","45,7367500","4,8690800",202000017506,154 711 437,A01,3,1,0,1,0,0,5,NULL,202000017506,154 711 437,A01,10,3,4,1,1948,0,0,-1,-1,5,3,1,202000017506,9,"11 NOVEMBRE 1918 (DU)               (PL)",0,NULL,-1,0,0,1,0,0,1,NULL," -1",1,0,4,50
202000017506,11,6,2020,09:45:00,1,69,69388,2,1,1,6,"11 NOVEMBRE 1918 (DU)               (PL)","45,7367500","4,8690800",202000017506,154 711 437,A01,3,1,0,1,0,0,5,NULL,202000017506,154 711 437,A01,1,1,1,1,1995,0,8,0,-1,-1," -1",-1,202000017506,9,"11 NOVEMBRE 1918 (DU)               (PL)",0,NULL,-1,0,0,1,0,0,1,NULL," -1",1,0,4,50
202000020949,20,2,2020,09:15:00,1,69,69386,2,1,1,3,"VAUBAN                              (R )","45,7648800","4,8300000",202000020949,154 705 355,B01,2,1,0,2,1,2,0,NULL,202000020949,154 705 355,B01,1,1,4,1,1989,5,8,0,-1,-1," -1",-1,202000020949,4,"VAUBAN                              (R )",0,NULL,1,1,1,1,0,0,1,NULL," -1",1,0,1,30
202000020949,20,2,2020,09:15:00,1,69,69386,2,1,1,3,"VAUBAN                              (R )","45,7648800","4,8300000",202000020949,154 705 355,B01,2,1,0,2,1,2,0,NULL,202000020949,154 705 356,A01,1,1,1,2,1955,5,1,8,-1,-1," -1",-1,202000020949,4,"VAUBAN                              (R )",0,NULL,1,1,1,1,0,0,1,NULL," -1",1,0,1,30
202000021002,9,9,2020,17:30:00,1,69,69387,2,1,1,3,"CHALLEMEL LACOUR                    (R )","45,7298000","4,8313000",202000021002,154 705 259,A01,3,1,0,2,1,1,0,NULL,202000021002,154 705 259,A01,1,1,4,2,1991,1,8,0,-1,-1," -1",-1,202000021002,4,"CHALLEMEL LACOUR                    (R )",0,NULL,-1,1,0,1,0,0,1,NULL," -1",1,0,4,50
202000021002,9,9,2020,17:30:00,1,69,69387,2,1,1,3,"CHALLEMEL LACOUR                    (R )","45,7298000","4,8313000",202000021002,154 705 259,A01,3,1,0,2,1,1,0,NULL,202000021002,154 705 260,B01,1,1,1,2,1985,0,1,0,-1,-1," -1",-1,202000021002,4,"CHALLEMEL LACOUR                    (R )",0,NULL,-1,1,0,1,0,0,1,NULL," -1",1,0,4,50
202000024965,7,9,2020,03:27:00,5,75,75109,2,7,1,3,"PLACE DU HAVRE","48,8755810","2,3265970",202000024965,154 698 306,B01,2,1,0,2,1,1,5,NULL,202000024965,154 698 305,A01,1,1,1,1,1986,5,1,0,-1,0,0,-1,202000024965,4,NULL,0,NULL,1,6,2,1,0,0,1,NULL," -1",1,0,1,50
202000024965,7,9,2020,03:27:00,5,75,75109,2,7,1,3,"PLACE DU HAVRE","48,8755810","2,3265970",202000024965,154 698 306,B01,2,1,0,2,1,1,5,NULL,202000024965,154 698 306,B01,1,1,4,1,2000,5,8,0,-1,0,0,-1,202000024965,4,NULL,0,NULL,1,6,2,1,0,0,1,NULL," -1",1,0,1,50
202000025499,3,10,2020,11:25:00,1,60,60103,2,1,1,3,"Rue du General de Gaulle","49,4091060","2,2510760",202000025499,154 697 357,A01,3,1,0,2,8,19,5,NULL,202000025499,154 697 356,B01,1,1,1,1,1986,3,8,-1,-1,0,0,-1,202000025499,4,NULL,-1,NULL,1,1,2,1,(1),(1),1,NULL," -1",1,0,1,50
202000025499,3,10,2020,11:25:00,1,60,60103,2,1,1,3,"Rue du General de Gaulle","49,4091060","2,2510760",202000025499,154 697 357,A01,3,1,0,2,8,19,5,NULL,202000025499,154 697 357,A01,1,1,4,1,2007,5,0,-1,-1,0,0,-1,202000025499,4,NULL,-1,NULL,1,1,2,1,(1),(1),1,NULL," -1",1,0,1,50
202000025586,7,11,2020,06:30:00,3,60,60542,1,1,5,3,"route nationale 31","49,4136944","2,1872675",202000025586,154 697 226,B01,1,1,0,2,8,2,5,NULL,202000025586,154 697 224,A01,1,1,1,2,1992,1,1,-1,-1,0,0,-1,202000025586,2,31,-1,NULL,2,4,0,1,34,750,1,NULL," -1",1,0,1,110
202000025586,7,11,2020,06:30:00,3,60,60542,1,1,5,3,"route nationale 31","49,4136944","2,1872675",202000025586,154 697 226,B01,1,1,0,2,8,2,5,NULL,202000025586,154 697 226,B01,1,1,4,1,2002,5,0,-1,-1,0,0,-1,202000025586,2,31,-1,NULL,2,4,0,1,34,750,1,NULL," -1",1,0,1,110
202000026047,14,12,2020,08:20:00,2,49,49007,2,1,1,3,"DESCAZEAUX BOULEVARD","47,4756500"," -0,5639500",202000026047,154 696 433,B01,1,1,0,2,1,1,5,NULL,202000026047,154 696 432,A01,1,1,1,2,1973,1,1,0,-1,-1," -1",-1,202000026047,4,NULL,0,NULL,-1,2,0,1,1,0,1,NULL," -1",1,0,1,50
202000026047,14,12,2020,08:20:00,2,49,49007,2,1,1,3,"DESCAZEAUX BOULEVARD","47,4756500"," -0,5639500",202000026047,154 696 433,B01,1,1,0,2,1,1,5,NULL,202000026047,154 696 433,B01,1,1,4,2,1984,1,2,0,-1,-1," -1",-1,202000026047,4,NULL,0,NULL,-1,2,0,1,1,0,1,NULL," -1",1,0,1,50
202000026915,6,9,2020,10:50:00,1,974,97418,1,1,1,2,"Rue Adolphe Pegoud"," -20,8975960","55,5175260",202000026915,154 694 909,A01,2,1,0,9,0,13,5,NULL,202000026915,154 694 908,B01,1,1,1,1,1968,5,0,-1,-1,0,0,-1,202000026915,9,NULL,-1,NULL,-1,2,1,1,(1),(1),1,NULL," -1",9,9,5,-1
202000026915,6,9,2020,10:50:00,1,974,97418,1,1,1,2,"Rue Adolphe Pegoud"," -20,8975960","55,5175260",202000026915,154 694 908,B01,2,1,0,9,0,17,5,NULL,202000026915,154 694 908,B01,1,1,1,1,1968,5,0,-1,-1,0,0,-1,202000026915,9,NULL,-1,NULL,-1,2,1,1,(1),(1),1,NULL," -1",9,9,5,-1
202000026915,6,9,2020,10:50:00,1,974,97418,1,1,1,2,"Rue Adolphe Pegoud"," -20,8975960","55,5175260",202000026915,154 694 909,A01,2,1,0,9,0,13,5,NULL,202000026915,154 694 909,A01,1,1,3,1,1953,5,2,-1,-1,0,0,-1,202000026915,9,NULL,-1,NULL,-1,2,1,1,(1),(1),1,NULL," -1",9,9,5,-1
202000026915,6,9,2020,10:50:00,1,974,97418,1,1,1,2,"Rue Adolphe Pegoud"," -20,8975960","55,5175260",202000026915,154 694 908,B01,2,1,0,9,0,17,5,NULL,202000026915,154 694 909,A01,1,1,3,1,1953,5,2,-1,-1,0,0,-1,202000026915,9,NULL,-1,NULL,-1,2,1,1,(1),(1),1,NULL," -1",9,9,5,-1
202000029471,1,10,2020,11:05:00,1,69,69386,2,2,3,3,"VITTON                              (CO)","45,7702632","4,8607754",202000029471,154 690 462,B01,1,1,0,2,0,1,5,NULL,202000029471,154 690 462,B01,1,1,3,2,1982,1,2,8,-1,-1," -1",-1,202000029471,4,NULL,0,NULL,2,4,1,1,0,0,1,NULL," -1",2,0,1,50
202000029471,1,10,2020,11:05:00,1,69,69386,2,2,3,3,"VITTON                              (CO)","45,7702632","4,8607754",202000029471,154 690 462,B01,1,1,0,2,0,1,5,NULL,202000029471,154 690 465,A01,1,1,1,1,1976,4,1,8,-1,-1," -1",-1,202000029471,4,NULL,0,NULL,2,4,1,1,0,0,1,NULL," -1",2,0,1,50
202000031486,2,6,2020,10:10:00,1,75,75110,2,1,1,3,"BOULEVARD DE LA VILLETTE","48,8734520","2,3752290",202000031486,154 687 012,B01,2,1,0,2,1,1,5,NULL,202000031486,154 687 012,B01,1,1,4,1,1986,1,8,0,-1,-1," -1",-1,202000031486,4,NULL,0,NULL,1,2,1,1,0,0,1,NULL," -1",1,0,1,50
202000031486,2,6,2020,10:10:00,1,75,75110,2,1,1,3,"BOULEVARD DE LA VILLETTE","48,8734520","2,3752290",202000031486,154 687 012,B01,2,1,0,2,1,1,5,NULL,202000031486,154 687 014,A01,1,1,1,1,1973,1,1,0,-1,-1," -1",-1,202000031486,4,NULL,0,NULL,1,2,1,1,0,0,1,NULL," -1",1,0,1,50
202000031859,12,12,2020,18:45:00,5,75,75113,2,1,1,6,"AVENUE D ITALIE","48,8271000","2,3569850",202000031859,154 686 358,A01,1,1,0,1,1,1,5,NULL,202000031859,154 686 358,A01,1,1,4,1,1975,1,8,8,-1,0,0,-1,202000031859,4,NULL,0,NULL,2,4,1,1,0,0,1,NULL," -1",2,-1,5,50
202000031859,12,12,2020,18:45:00,5,75,75113,2,1,1,6,"AVENUE D ITALIE","48,8271000","2,3569850",202000031859,154 686 358,A01,1,1,0,1,1,1,5,NULL,202000031859,154 686 358,A01,10,3,4,1,2000,4,0,-1,-1,2,3,1,202000031859,4,NULL,0,NULL,2,4,1,1,0,0,1,NULL," -1",2,-1,5,50
202000035175,27,10,2020,16:00:00,1,85,85194,1,6,2,3,"RD 760","46,5278400"," -1,7534000",202000035175,154 680 593,B01,1,1,0,2,7,1,5,NULL,202000035175,154 680 593,B01,1,1,4,2,1996,3,2,8,-1,-1," -1",-1,202000035175,3,"RD 760",0,NULL,2,2,0,3,87,1,1,NULL," -1",2,5,1,50
202000035175,27,10,2020,16:00:00,1,85,85194,1,6,2,3,"RD 760","46,5278400"," -1,7534000",202000035175,154 680 593,B01,1,1,0,2,7,1,5,NULL,202000035175,154 680 594,A01,1,1,1,1,1957,5,1,8,-1,-1," -1",-1,202000035175,3,"RD 760",0,NULL,2,2,0,3,87,1,1,NULL," -1",2,5,1,50
202000035608,30,5,2020,18:30:00,1,51,51454,2,1,1,3,"Avenue Jean Jaurès","49,2604507","4,0477345",202000035608,154 679 818,B01,2,1,0,2,4,1,0,NULL,202000035608,154 679 818,B01,1,1,4,1,1958,0,8,-1,-1,-1," -1",-1,202000035608,4,NULL,0,NULL,2,3,0,1,(1),(1),1,NULL," -1",1,0,1,50
202000035608,30,5,2020,18:30:00,1,51,51454,2,1,1,3,"Avenue Jean Jaurès","49,2604507","4,0477345",202000035608,154 679 818,B01,2,1,0,2,4,1,0,NULL,202000035608,154 679 820,A01,1,1,1,1,1937,0,1,4,-1,-1," -1",-1,202000035608,4,NULL,0,NULL,2,3,0,1,(1),(1),1,NULL," -1",1,0,1,50
202000038897,28,5,2020,08:17:00,1,87,87065,2,6,1,3,"TOULOUSE (RUE DE)","45,8039700","1,2917700",202000038897,154 673 995,B01,1,1,0,2,1,1,5,NULL,202000038897,154 673 995,B01,1,1,3,1,1979,0,2,0,-1,-1," -1",-1,202000038897,3,"MERMOZ (RUE JEAN-)",0,NULL,2,2,0,1,(1),(1),2,NULL," -1",1,5,1,50
202000038897,28,5,2020,08:17:00,1,87,87065,2,6,1,3,"TOULOUSE (RUE DE)","45,8039700","1,2917700",202000038897,154 673 995,B01,1,1,0,2,1,1,5,NULL,202000038897,154 673 996,A01,1,1,1,2,1988,4,1,0,-1,-1," -1",-1,202000038897,3,"MERMOZ (RUE JEAN-)",0,NULL,2,2,0,1,(1),(1),2,NULL," -1",1,5,1,50
202000043967,22,9,2020,17:45:00,1,75,75105,2,2,1,1,"QUAI DE LA TOURNELLE","48,8511510","2,3513080",202000043967,154 664 981,B01,2,1,0,2,1,15,5,NULL,202000043967,154 664 980,A01,1,1,4,1,1994,1,8,0,-1,0,0,-1,202000043967,4,NULL,0,NULL,2,3,1,1,0,0,1,NULL," -1",1,-1,5,50
202000043967,22,9,2020,17:45:00,1,75,75105,2,2,1,1,"QUAI DE LA TOURNELLE","48,8511510","2,3513080",202000043967,154 664 981,B01,2,1,0,2,1,15,5,NULL,202000043967,154 664 981,B01,1,1,4,2,2001,9,8,0,-1,0,0,-1,202000043967,4,NULL,0,NULL,2,3,1,1,0,0,1,NULL," -1",1,-1,5,50
202000046053,9,3,2020,11:15:00,1,68,68104,1,1,1,3,"RD 52","47,9927650","7,6053180",202000046053,154 661 336,A01,1,1,0,0,6,1,5,NULL,202000046053,154 661 335,B01,1,1,1,2,1991,1,8,-1,-1,0,0,-1,202000046053,3,52,0,NULL,2,2,0,1,36,0,1,NULL," -1",1,0,3,80
202000046053,9,3,2020,11:15:00,1,68,68104,1,1,1,3,"RD 52","47,9927650","7,6053180",202000046053,154 661 336,A01,1,1,0,0,6,1,5,NULL,202000046053,154 661 336,A01,1,1,3,1,1935,5,0,-1,-1,0,0,-1,202000046053,3,52,0,NULL,2,2,0,1,36,0,1,NULL," -1",1,0,3,80
202000046824,3,1,2020,11:35:00,1,42,42222,2,2,8,1,"Route des Lavandes","45,6100280","4,3069900",202000046824,154 659 963,B01,3,1,0,2,8,1,5,NULL,202000046824,154 659 962,A01,1,1,1,1,1992,0,1,-1,-1,0,0,-1,202000046824,4,NULL,0,NULL,2,1,0,1,(1),(1),1,NULL,3,1,0,1,50
202000046824,3,1,2020,11:35:00,1,42,42222,2,2,8,1,"Route des Lavandes","45,6100280","4,3069900",202000046824,154 659 963,B01,3,1,0,2,8,1,5,NULL,202000046824,154 659 963,B01,1,1,3,1,1957,5,0,-1,-1,0,0,-1,202000046824,4,NULL,0,NULL,2,1,0,1,(1),(1),1,NULL,3,1,0,1,50
202000047398,20,10,2020,07:55:00,1,93,93046,2,1,2,3,"R AMEDEE DUNOIS","48,9235500","2,5417481",202000047398,154 658 970,B01,1,1,0,2,1,1,5,NULL,202000047398,154 658 970,B01,1,1,4,1,1995,1,8,0,-1,-1," -1",-1,202000047398,4,"AMEDEE DUNOIS RUE",0,NULL,1,1,0,1,0,0,1,NULL," -1",2,0,1,30
202000047398,20,10,2020,07:55:00,1,93,93046,2,1,2,3,"R AMEDEE DUNOIS","48,9235500","2,5417481",202000047398,154 658 970,B01,1,1,0,2,1,1,5,NULL,202000047398,154 658 971,A01,1,1,1,1,1982,1,8,0,-1,-1," -1",-1,202000047398,4,"AMEDEE DUNOIS RUE",0,NULL,1,1,0,1,0,0,1,NULL," -1",2,0,1,30