Num_Acc,jour,mois,an,hrmn,lum,dep,com,agg,int,atm,col,adr,lat,long,Num_Acc,id_vehicule,num_veh,senc,catv,obs,obsm,choc,manv,motor,occutc,Num_Acc,id_vehicule,num_veh,place,catu,grav,sexe,an_nais,trajet,secu1,secu2,secu3,locp,actp,etatp,Num_Acc,catr,voie,v1,v2,circ,nbv,vosp,prof,pr,pr1,plan,lartpc,larrout,surf,infra,situ,vma
202000006499,30,12,2020,10:20:00,1,94,94068,2,1,1,3,"SAINT LOUIS (AV)","48,7894200","2,5027500",202000006499,154 730 809,B01,1,1,0,2,8,13,5,NULL,202000006499,154 730 809,B01,1,1,4,2,1959,0,8,0,-1,-1," -1",-1,202000006499,4,"SAINT LOUIS (AV)",0,NULL,2,2,0,1,0,0,1,NULL," -1",1,0,1,50
202000006499,30,12,2020,10:20:00,1,94,94068,2,1,1,3,"SAINT LOUIS (AV)","48,7894200","2,5027500",202000006499,154 730 809,B01,1,1,0,2,8,13,5,NULL,202000006499,154 730 810,A01,1,1,1,1,1960,0,1,0,-1,-1," -1",-1,202000006499,4,"SAINT LOUIS (AV)",0,NULL,2,2,0,1,0,0,1,NULL," -1",1,0,1,50
202000007060,26,2,2020,08:52:00,1,80,80021,2,1,1,3,"JULES BARNI (RUE)","49,8892500","2,3103000",202000007060,154 729 860,B01,0,1,0,2,4,15,5,NULL,202000007060,154 729 860,B01,1,1,4,1,1997,5,8,0,-1,-1," -1",-1,202000007060,4,"JULES BARNI (RUE)",0,NULL,2,2,0,1,0,0,1,NULL," -1",1,0,1,30
202000008712,15,5,2020,06:35:00,1,973,97302,2,3,2,3,"EUGENE GOBERT(RUE)","4,9322596"," -52,3300502",202000008712,154 726 935,B01,1,1,0,2,1,23,0,NULL,202000008712,154 726 935,B01,1,1,4,1,1973,0,8,0,-1,-1," -1",-1,202000008712,4,"rue EUGENE GOBERT",0,NULL,2,2,0,1,(1),(1),1,NULL," -1",2,0,1,50
202000008712,15,5,2020,06:35:00,1,973,97302,2,3,2,3,"EUGENE GOBERT(RUE)","4,9322596"," -52,3300502",202000008712,154 726 935,B01,1,1,0,2,1,23,0,NULL,202000008712,154 726 936,A01,1,1,1,1,1980,1,1,0,-1,-1," -1",-1,202000008712,4,"rue EUGENE GOBERT",0,NULL,2,2,0,1,(1),(1),1,NULL," -1",2,0,1,50
202000011700,16,6,2020,13:00:00,1,75,75117,2,3,1,7,"AVENUE DE CLICHY","48,8893650","2,3223400",202000011700,154 721 662,A01,2,1,0,0,0,1,5,NULL,202000011700,154 721 662,A01,1,1,4,1,1966,1,8,0,-1,0,0,-1,202000011700,4,NULL,0,NULL,2,2,0,2,0,0,1,NULL," -1",1,0,1,50
202000012518,19,11,2020,07:20:00,2,64,64445,2,3,2,1,MARCA,"43,2940800"," -0,3771800",202000012518,154 720 258,A01,2,1,0,2,2,1,5,NULL,202000012518,154 720 258,A01,1,1,4,2,1987,1,2,8,-1,-1," -1",-1,202000012518,4,NULL,0,NULL,2,2,0,1,0,0,1,NULL," -1",2,0,1,50
202000012518,19,11,2020,07:20:00,2,64,64445,2,3,2,1,MARCA,"43,2940800"," -0,3771800",202000012518,154 720 258,A01,2,1,0,2,2,1,5,NULL,202000012518,154 720 259,B01,1,1,1,1,1964,4,1,0,-1,-1," -1",-1,202000012518,4,NULL,0,NULL,2,2,0,1,0,0,1,NULL," -1",2,0,1,50
202000013161,16,7,2020,18:05:00,1,94,94046,2,4,1,3,"REPUBLIQUE (AV DE LA)","48,8006640","2,4306930",202000013161,154 719 152,B01,2,1,12,2,0,12,5,NULL,202000013161,154 719 152,B01,1,1,4,1,1979,5,8,8,-1,0,0,-1,202000013161,3,148,0,NULL,2,2,0,2,(1),(1),3,NULL," -1",1,0,1,50
202000013161,16,7,2020,18:05:00,1,94,94046,2,4,1,3,"REPUBLIQUE (AV DE LA)","48,8006640","2,4306930",202000013161,154 719 152,B01,2,1,12,2,0,12,5,NULL,202000013161,154 719 153,A01,1,1,1,1,1981,0,1,8,-1,-1," -1",-1,202000013161,3,148,0,NULL,2,2,0,2,(1),(1),3,NULL," -1",1,0,1,50
202000013232,15,9,2020,16:05:00,1,38,38442,1,1,1,6,"Les Marrons","45,3232040","5,7947090",202000013232,154 719 025,A01,2,1,0,0,9,1,5,NULL,202000013232,154 719 025,A01,1,1,4,2,1960,5,2,-1,-1,0,0,-1,202000013232,3,512,0,NULL,2,2,0,2,15,200,2,NULL," -1",1,0,3,80
202000020673,11,7,2020,19:40:00,1,90,90009,2,3,1,3,"Rue des Déportés","47,4848490","6,9246610",202000020673,154 705 865,B01,3,1,0,2,1,19,5,NULL,202000020673,154 705 864,A01,1,1,1,1,1990,5,1,-1,-1,0,0,-1,202000020673,3,39,0,NULL,2,2,0,1,(1),(1),1,NULL," -1",1,0,1,50
202000020673,11,7,2020,19:40:00,1,90,90009,2,3,1,3,"Rue des Déportés","47,4848490","6,9246610",202000020673,154 705 865,B01,3,1,0,2,1,19,5,NULL,202000020673,154 705 865,B01,1,1,3,1,2008,5,0,-1,-1,0,0,-1,202000020673,3,39,0,NULL,2,2,0,1,(1),(1),1,NULL," -1",1,0,1,50
202000021557,30,9,2020,16:58:00,1,05,05061,2,3,1,7,"PRE DE FOIRE ( RUE DU )","44,5549830","6,0745503",202000021557,154 704 273,A01,3,1,0,0,1,19,5,NULL,202000021557,154 704 273,A01,1,1,4,1,1998,5,8,0,-1,-1," -1",-1,202000021557,2,"PRE DE FOIRE ( RUE DU )",0,NULL,-1,2,1,2,0,1,1,NULL," -1",1,0,1,50
202000022224,22,4,2020,20:00:00,1,75,75101,2,2,1,3,"RUE DES LAVANDIERES SAINTE OPPORTUNE","48,8590930","2,3464330",202000022224,154 703 113,B01,1,1,0,2,1,1,5,NULL,202000022224,154 703 112,A01,1,1,1,1,1984,4,2,6,-1,0,0,-1,202000022224,4,NULL,0,NULL,2,5,1,1,0,0,1,NULL," -1",1,-1,5,50
202000022224,22,4,2020,20:00:00,1,75,75101,2,2,1,3,"RUE DES LAVANDIERES SAINTE OPPORTUNE","48,8590930","2,3464330",202000022224,154 703 113,B01,1,1,0,2,1,1,5,NULL,202000022224,154 703 113,B01,1,1,4,1,1979,9,2,0,-1,0,0,-1,202000022224,4,NULL,0,NULL,2,5,1,1,0,0,1,NULL," -1",1,-1,5,50
202000024956,7,9,2020,17:15:00,1,75,75118,2,1,1,-1,"RUE LEIBNIZ","48,8958060","2,3294090",202000024956,154 698 321,B01,1,1,0,2,3,18,5,NULL,202000024956,154 698 321,B01,1,1,4,1,1964,1,2,0,-1,0,0,-1,202000024956,4,NULL,0,NULL,1,1,0,1,0,0,1,NULL," -1",1,0,1,50
202000024956,7,9,2020,17:15:00,1,75,75118,2,1,1,-1,"RUE LEIBNIZ","48,8958060","2,3294090",202000024956,154 698 321,B01,1,1,0,2,3,18,5,NULL,202000024956,154 698 322,A01,3,2,1,1,2000,9,1,0,-1,0,0,-1,202000024956,4,NULL,0,NULL,1,1,0,1,0,0,1,NULL," -1",1,0,1,50
202000024956,7,9,2020,17:15:00,1,75,75118,2,1,1,-1,"RUE LEIBNIZ","48,8958060","2,3294090",202000024956,154 698 321,B01,1,1,0,2,3,18,5,NULL,202000024956,154 698 322,A01,1,1,1,1,1998,9,1,0,-1,0,0,-1,202000024956,4,NULL,0,NULL,1,1,0,1,0,0,1,NULL," -1",1,0,1,50
202000025378,5,11,2020,15:05:00,1,56,56083,2,6,1,3,"PARCO ( R-P DU )","47,7931000"," -3,2655400",202000025378,154 697 564,B01,3,1,0,2,7,1,0,NULL,202000025378,154 697 564,B01,1,1,3,1,1953,0,2,0,-1,-1," -1",-1,202000025378,3,23,0,C,2,2,0,3,0,880,1,NULL," -1",1,5,1,70
202000025378,5,11,2020,15:05:00,1,56,56083,2,6,1,3,"PARCO ( R-P DU )","47,7931000"," -3,2655400",202000025378,154 697 564,B01,3,1,0,2,7,1,0,NULL,202000025378,154 697 565,A01,1,1,1,1,1952,5,1,8,-1,-1," -1",-1,202000025378,3,23,0,C,2,2,0,3,0,880,1,NULL," -1",1,5,1,70
202000025983,17,12,2020,11:30:00,1,66,66210,2,6,8,3,"Rue des Freres Mach","42,6280810","2,7567530",202000025983,154 696 564,A01,2,1,0,2,5,1,5,NULL,202000025983,154 696 563,B01,1,1,1,1,1967,3,1,-1,-1,0,0,-1,202000025983,3,18,0,A,2,2,0,1,28,650,2,NULL," -1",1,0,1,50
202000025983,17,12,2020,11:30:00,1,66,66210,2,6,8,3,"Rue des Freres Mach","42,6280810","2,7567530",202000025983,154 696 564,A01,2,1,0,2,5,1,5,NULL,202000025983,154 696 564,A01,1,1,3,1,1977,5,8,-1,-1,0,0,-1,202000025983,3,18,0,A,2,2,0,1,28,650,2,NULL," -1",1,0,1,50
202000026464,8,7,2020,16:00:00,1,971,97116,1,4,1,1,"Chemin de Brion Lebraire","16,3205200"," -61,4605670",202000026464,154 695 694,B01,3,1,0,2,1,9,5,NULL,202000026464,154 695 693,A01,1,1,1,1,1946,5,1,-1,-1,0,0,-1,202000026464,3,108,0,D,2,2,0,1,1,500,1,NULL," -1",1,0,1,90
202000026464,8,7,2020,16:00:00,1,971,97116,1,4,1,1,"Chemin de Brion Lebraire","16,3205200"," -61,4605670",202000026464,154 695 694,B01,3,1,0,2,1,9,5,NULL,202000026464,154 695 694,B01,1,1,3,1,2007,5,0,0,-1,0,0,-1,202000026464,3,108,0,D,2,2,0,1,1,500,1,NULL," -1",1,0,1,90
202000027185,5,11,2020,09:00:00,1,75,75113,2,1,1,3,"RUE DE TOLBIAC","48,8261740","2,3579200",202000027185,154 694 438,B01,2,1,0,2,3,1,5,NULL,202000027185,154 694 436,A01,1,1,4,1,1972,9,2,6,-1,0,0,-1,202000027185,4,NULL,0,NULL,2,3,0,2,0,0,1,NULL," -1",1,0,1,50
202000027185,5,11,2020,09:00:00,1,75,75113,2,1,1,3,"RUE DE TOLBIAC","48,8261740","2,3579200",202000027185,154 694 438,B01,2,1,0,2,3,1,5,NULL,202000027185,154 694 438,B01,1,1,4,1,1964,1,2,0,-1,0,0,-1,202000027185,4,NULL,0,NULL,2,3,0,2,0,0,1,NULL," -1",1,0,1,50
202000027700,4,6,2020,13:30:00,1,75,75108,2,3,2,3,"AVENUE DES CHAMPS ELYSEES","48,8710890","2,3034860",202000027700,154 693 566,B01,2,1,0,2,1,1,5,NULL,202000027700,154 693 565,A01,1,1,1,2,1959,5,1,0,-1,0,0,-1,202000027700,4,NULL,0,NULL,2,8,1,1,0,0,1,NULL," -1",2,-1,5,50
202000027700,4,6,2020,13:30:00,1,75,75108,2,3,2,3,"AVENUE DES CHAMPS ELYSEES","48,8710890","2,3034860",202000027700,154 693 566,B01,2,1,0,2,1,1,5,NULL,202000027700,154 693 566,B01,1,1,4,1,1988,4,2,0,-1,0,0,-1,202000027700,4,NULL,0,NULL,2,8,1,1,0,0,1,NULL," -1",2,-1,5,50
202000027778,2,10,2020,07:40:00,2,91,91661,2,1,3,1,"Rue des Maraichers","48,6985160","2,2302670",202000027778,154 693 435,B01,0,1,0,2,1,1,5,NULL,202000027778,154 693 433,A01,1,1,1,2,1993,9,8,-1,-1,0,0,-1,202000027778,4,"MARAICHERS (RUE DES)",0,C,2,2,0,2,0,0,1,NULL," -1",2,0,1,50
202000027778,2,10,2020,07:40:00,2,91,91661,2,1,3,1,"Rue des Maraichers","48,6985160","2,2302670",202000027778,154 693 435,B01,0,1,0,2,1,1,5,NULL,202000027778,154 693 435,B01,1,1,3,2,1961,1,8,-1,-1,0,0,-1,202000027778,4,"MARAICHERS (RUE DES)",0,C,2,2,0,2,0,0,1,NULL," -1",2,0,1,50
202000029761,3,6,2020,12:40:00,1,75,75104,2,2,1,6,"RUE SAINT ANTOINE","48,8539180","2,3648450",202000029761,154 689 948,A01,2,1,0,1,8,7,5,NULL,202000029761,154 689 948,A01,10,3,4,2,1987,5,8,8,-1,4,3,2,202000029761,4,NULL,0,NULL,2,4,1,1,0,0,1,NULL," -1",1,0,5,50
202000029761,3,6,2020,12:40:00,1,75,75104,2,2,1,6,"RUE SAINT ANTOINE","48,8539180","2,3648450",202000029761,154 689 948,A01,2,1,0,1,8,7,5,NULL,202000029761,154 689 948,A01,1,1,1,1,1961,5,8,0,-1,0,0,-1,202000029761,4,NULL,0,NULL,2,4,1,1,0,0,1,NULL," -1",1,0,5,50
202000030534,13,2,2020,07:30:00,3,31,31149,2,1,1,3,"ROND POINT DU PETIT PRINCE ","43,6110400","1,3369300",202000030534,154 688 604,B01,0,1,0,2,7,1,5,NULL,202000030534,154 688 604,B01,1,1,4,1,1978,0,8,0,-1,-1,0,-1,202000030534,4,"ROND POINT DU PETIT PRINCE ",0,NULL,1,2,0,1,0,0,2,NULL," -1",1,0,1,50
202000030534,13,2,2020,07:30:00,3,31,31149,2,1,1,3,"ROND POINT DU PETIT PRINCE ","43,6110400","1,3369300",202000030534,154 688 604,B01,0,1,0,2,7,1,5,NULL,202000030534,154 688 605,A01,1,1,1,1,1967,0,1,0,-1,-1,0,-1,202000030534,4,"ROND POINT DU PETIT PRINCE ",0,NULL,1,2,0,1,0,0,2,NULL," -1",1,0,1,50
202000031111,29,10,2020,08:40:00,2,64,64125,2,6,1,3,"RUE LORE LANDA","43,4455000"," -1,5451500",202000031111,154 687 659,B01,1,1,0,2,7,1,6,NULL,202000031111,154 687 658,A01,1,1,1,2,1972,5,1,5,-1,-1," -1",-1,202000031111,3,255,-1,NULL,2,2,-1,1,1,195,1,NULL," -1",1,5,1,-1
202000031111,29,10,2020,08:40:00,2,64,64125,2,6,1,3,"RUE LORE LANDA","43,4455000"," -1,5451500",202000031111,154 687 659,B01,1,1,0,2,7,1,6,NULL,202000031111,154 687 659,B01,1,1,4,2,1971,5,2,8,-1,-1," -1",-1,202000031111,3,255,-1,NULL,2,2,-1,1,1,195,1,NULL," -1",1,5,1,-1
202000035685,30,5,2020,13:00:00,1,75,75114,2,3,1,3,"BOULEVARD JOURDAN","48,8223779","2,3291271",202000035685,154 679 675,B01,2,1,0,2,1,1,5,NULL,202000035685,154 679 675,B01,1,1,4,2,1998,5,8,2,-1,0,0,-1,202000035685,4,NULL,0,NULL,3,2,0,1,0,0,1,NULL," -1",1,0,1,50
202000035685,30,5,2020,13:00:00,1,75,75114,2,3,1,3,"BOULEVARD JOURDAN","48,8223779","2,3291271",202000035685,154 679 675,B01,2,1,0,2,1,1,5,NULL,202000035685,154 679 676,A01,1,1,1,1,1975,5,1,0,-1,0,0,-1,202000035685,4,NULL,0,NULL,3,2,0,1,0,0,1,NULL," -1",1,0,1,50
202000038963,28,5,2020,15:30:00,1,75,75111,2,3,1,3,"BOULEVARD DE MENILMONTANT","48,8609650","2,3882080",202000038963,154 673 878,B01,1,1,0,2,0,1,5,NULL,202000038963,154 673 877,A01,1,1,1,1,1959,3,1,0,-1,0,0,-1,202000038963,4,NULL,0,NULL,2,4,1,1,0,0,1,NULL," -1",1,-1,5,50
202000038963,28,5,2020,15:30:00,1,75,75111,2,3,1,3,"BOULEVARD DE MENILMONTANT","48,8609650","2,3882080",202000038963,154 673 878,B01,1,1,0,2,0,1,5,NULL,202000038963,154 673 878,B01,1,1,4,2,1978,9,8,0,-1,-1," -1",-1,202000038963,4,NULL,0,NULL,2,4,1,1,0,0,1,NULL," -1",1,-1,5,50
202000039127,29,7,2020,21:05:00,1,17,17300,2,1,1,3,"CRAPAUDIERES   AVENUE DES","46,1725300"," -1,1742300",202000039127,154 673 576,B01,1,1,0,2,3,13,5,NULL,202000039127,154 673 575,A01,1,1,1,1,1980,5,1,0,-1,-1," -1",-1,202000039127,9,"CRAPAUDIERES   AVENUE DES",0,NULL,3,2,0,1,0,0,1,NULL," -1",1,0,1,30
202000039127,29,7,2020,21:05:00,1,17,17300,2,1,1,3,"CRAPAUDIERES   AVENUE DES","46,1725300"," -1,1742300",202000039127,154 673 576,B01,1,1,0,2,3,13,5,NULL,202000039127,154 673 576,B01,1,1,4,1,1936,5,8,0,-1,-1," -1",-1,202000039127,9,"CRAPAUDIERES   AVENUE DES",0,NULL,3,2,0,1,0,0,1,NULL," -1",1,0,1,30
202000039489,29,6,2020,10:32:00,1,49,49007,2,1,1,3,"BEAUSSIER BOULEVARD","47,4687700"," -0,6002400",202000039489,154 672 937,B01,1,1,0,2,4,0,5,NULL,202000039489,154 672 937,B01,1,1,4,1,1996,0,8,0,-1,-1," -1",-1,202000039489,4,"BEAUSSIER BOULEVARD",0,NULL,2,2,0,1,0,0,1,NULL," -1",1,0,1,60
202000039489,29,6,2020,10:32:00,1,49,49007,2,1,1,3,"BEAUSSIER BOULEVARD","47,4687700"," -0,6002400",202000039489,154 672 937,B01,1,1,0,2,4,0,5,NULL,202000039489,154 672 939,A01,1,1,1,2,1978,5,1,8,-1,-1," -1",-1,202000039489,4,"BEAUSSIER BOULEVARD",0,NULL,2,2,0,1,0,0,1,NULL," -1",1,0,1,60
202000040518,6,12,2020,16:15:00,1,13,13028,2,6,1,3,"DULAC (AVENUE GUILLAUME)","43,1989824","5,6166640",202000040518,154 671 144,B01,3,1,0,2,1,1,5,NULL,202000040518,154 671 143,A01,1,1,1,1,1966,5,1,0,-1,-1," -1",-1,202000040518,4,"DULAC (AVENUE GUILLAUME)",0,NULL,2,1,0,1,0,0,1,NULL," -1",1,0,1,50
202000040518,6,12,2020,16:15:00,1,13,13028,2,6,1,3,"DULAC (AVENUE GUILLAUME)","43,1989824","5,6166640",202000040518,154 671 144,B01,3,1,0,2,1,1,5,NULL,202000040518,154 671 144,B01,1,1,4,2,2000,3,8,0,-1,-1," -1",-1,202000040518,4,"DULAC (AVENUE GUILLAUME)",0,NULL,2,1,0,1,0,0,1,NULL," -1",1,0,1,50
202000041616,25,6,2020,20:20:00,1,94,94017,2,1,1,6,"GABRIEL PERI (BD)","48,8194100","2,5029000",202000041616,154 669 194,A01,1,1,0,1,1,9,5,NULL,202000041616,154 669 194,A01,1,1,4,1,1962,0,2,0,-1,-1," -1",-1,202000041616,4,"GABRIEL PERI (BD)",0,NULL,1,2,1,2,1,0,1,NULL," -1",1,0,1,50
202000041616,25,6,2020,20:20:00,1,94,94017,2,1,1,6,"GABRIEL PERI (BD)","48,8194100","2,5029000",202000041616,154 669 194,A01,1,1,0,1,1,9,5,NULL,202000041616,154 669 194,A01,10,3,4,2,1970,0,0,-1,-1,1,3,1,202000041616,4,"GABRIEL PERI (BD)",0,NULL,1,2,1,2,1,0,1,NULL," -1",1,0,1,50
202000043596,22,10,2020,20:00:00,5,95,95252,2,3,1,1,"MAURICE DALESME (RUE)","48,9924100","2,2374000",202000043596,154 665 620,B01,2,1,0,2,1,1,5,NULL,202000043596,154 665 620,B01,1,1,4,2,1972,1,2,8,-1,-1," -1",-1,202000043596,4,"MAURICE DALESME (RUE)",0,NULL,1,1,1,1,(1),(1),1,NULL," -1",1,0,1,50
202000043596,22,10,2020,20:00:00,5,95,95252,2,3,1,1,"MAURICE DALESME (RUE)","48,9924100","2,2374000",202000043596,154 665 620,B01,2,1,0,2,1,1,5,NULL,202000043596,154 665 621,A01,1,1,1,1,2000,5,1,0,-1,-1," -1",-1,202000043596,4,"MAURICE DALESME (RUE)",0,NULL,1,1,1,1,(1),(1),1,NULL," -1",1,0,1,50
202000044495,28,7,2020,10:55:00,1,74,74010,2,2,1,3,"Chemin de Périaz (Seynod)","45,8768220","6,0895910",202000044495,154 664 040,B01,3,1,0,0,8,1,5,NULL,202000044495,154 664 039,A01,1,1,1,1,1948,0,1,-1,-1,0,0,-1,202000044495,4,0,0,Z,2,2,0,4,0,0,2,NULL," -1",1,0,1,50
202000044495,28,7,2020,10:55:00,1,74,74010,2,2,1,3,"Chemin de Périaz (Seynod)","45,8768220","6,0895910",202000044495,154 664 040,B01,3,1,0,0,8,1,5,NULL,202000044495,154 664 040,B01,1,1,3,1,1988,9,0,-1,-1,0,0,-1,202000044495,4,0,0,Z,2,2,0,4,0,0,2,NULL," -1",1,0,1,50
202000045982,21,9,2020,13:10:00,1,38,38334,1,1,1,7,"Route d''Uriage","45,1824270","5,8802390",202000045982,154 661 458,A01,2,1,0,0,1,1,5,NULL,202000045982,154 661 458,A01,1,1,3,2,1970,5,0,-1,-1,0,0,-1,202000045982,3,280,0,NULL,2,2,0,2,12,700,1,NULL," -1",1,3,1,80
202000046215,25,6,2020,07:53:00,1,37,37261,2,2,1,-1,"GRAMMONT (AVENUE DE)","47,3861626","0,6905012",202000046215,154 661 028,A01,2,1,0,2,8,1,5,NULL,202000046215,154 661 027,B01,1,1,1,1,1966,1,1,0,-1,-1," -1",-1,202000046215,3,910,0,NULL,2,2,0,1,(1),(1),1,NULL," -1",1,0,1,50
202000046215,25,6,2020,07:53:00,1,37,37261,2,2,1,-1,"GRAMMONT (AVENUE DE)","47,3861626","0,6905012",202000046215,154 661 028,A01,2,1,0,2,8,1,5,NULL,202000046215,154 661 028,A01,1,1,3,1,1971,1,8,0,-1,-1," -1",-1,202000046215,3,910,0,NULL,2,2,0,1,(1),(1),1,NULL," -1",1,0,1,50
202000046395,4,1,2020,10:20:00,1,28,28378,1,1,1,3,"La Brosse","48,2822750","0,8730290",202000046395,154 660 710,B01,2,1,0,2,8,2,5,NULL,202000046395,154 660 709,A01,1,1,1,2,1952,5,1,-1,-1,0,0,-1,202000046395,3,955,0,NULL,2,2,0,2,94,200,1,NULL," -1",1,0,1,80
202000046395,4,1,2020,10:20:00,1,28,28378,1,1,1,3,"La Brosse","48,2822750","0,8730290",202000046395,154 660 710,B01,2,1,0,2,8,2,5,NULL,202000046395,154 660 710,B01,1,1,3,1,1962,5,2,-1,-1,0,0,-1,202000046395,3,955,0,NULL,2,2,0,2,94,200,1,NULL," -1",1,0,1,80
202000046641,4,2,2020,11:30:00,1,94,94003,2,4,8,3,"ARISTIDE BRIAND (AV)","48,8096100","2,3259500",202000046641,154 660 275,B01,2,1,0,2,1,19,5,NULL,202000046641,154 660 275,B01,1,1,4,1,1980,0,8,0,-1,-1," -1",-1,202000046641,3,"ARISTIDE BRIAND (AV)",0,NULL,1,3,1,1,(1),(1),3,NULL," -1",2,5,5,50
202000046641,4,2,2020,11:30:00,1,94,94003,2,4,8,3,"ARISTIDE BRIAND (AV)","48,8096100","2,3259500",202000046641,154 660 275,B01,2,1,0,2,1,19,5,NULL,202000046641,154 660 276,A01,1,1,1,1,1967,9,8,0,-1,-1," -1",-1,202000046641,3,"ARISTIDE BRIAND (AV)",0,NULL,1,3,1,1,(1),(1),3,NULL," -1",2,5,5,50
202000007806,19,7,2020,19:30:00,1,37,37261,2,1,1,-1,"SAINT SAUVEUR (PONT)","47,3732283","0,6785342",202000007806,154 728 516,B01,3,1,0,2,7,19,5,NULL,202000007806,154 728 515,A01,1,1,1,1,1973,5,1,0,-1,-1," -1",-1,202000007806,3,86,0,NULL,2,4,0,1,0,0,1,NULL," -1",1,0,1,50
202000007806,19,7,2020,19:30:00,1,37,37261,2,1,1,-1,"SAINT SAUVEUR (PONT)","47,3732283","0,6785342",202000007806,154 728 516,B01,3,1,0,2,7,19,5,NULL,202000007806,154 728 516,B01,1,1,4,2,2006,0,8,0,-1,-1," -1",-1,202000007806,3,86,0,NULL,2,4,0,1,0,0,1,NULL," -1",1,0,1,50
202000008648,23,11,2020,18:10:00,5,75,75104,2,3,1,3,"QUAI DE L HOTEL DE VILLE","48,8549330","2,3535280",202000008648,154 727 051,B01,2,1,0,2,8,1,5,NULL,202000008648,154 727 050,A01,1,1,1,1,1998,4,1,0,-1,0,0,-1,202000008648,4,NULL,0,NULL,2,6,1,1,0,0,1,NULL," -1",1,-1,5,50
202000008648,23,11,2020,18:10:00,5,75,75104,2,3,1,3,"QUAI DE L HOTEL DE VILLE","48,8549330","2,3535280",202000008648,154 727 051,B01,2,1,0,2,8,1,5,NULL,202000008648,154 727 051,B01,1,1,4,2,1993,9,2,0,-1,0,0,-1,202000008648,4,NULL,0,NULL,2,6,1,1,0,0,1,NULL," -1",1,-1,5,50
202000009557,18,7,2020,16:40:00,1,75,75116,2,1,1,6,"AVENUE DU MAHATMA GANDHI","48,8764190","2,2646080",202000009557,154 725 451,A01,1,1,1,0,5,1,5,NULL,202000009557,154 725 451,A01,1,1,4,2,1969,5,2,0,-1,0,0,-1,202000009557,4,NULL,0,NULL,2,2,0,1,0,0,1,NULL," -1",1,0,1,50
202000009909,13,10,2020,11:00:00,1,75,75104,2,2,2,6,"RUE DU PONT LOUIS PHILIPPE","48,8546050","2,3551660",202000009909,154 724 821,Z01,1,1,0,1,0,1,5,NULL,202000009909,154 724 821,Z01,10,3,4,2,1970,1,8,8,-1,3,3,1,202000009909,4,NULL,0,NULL,-1,1,0,1,0,0,1,NULL," -1",2,0,1,30
202000011550,16,7,2020,10:15:00,1,33,33238,2,3,1,5,D651,"44,7082090"," -0,6070590",202000011550,154 721 931,C01,0,1,0,2,8,23,5,NULL,202000011550,154 721 931,C01,1,1,3,1,1953,5,0,-1,-1,0,0,-1,202000011550,3,651,-1,NULL,2,2,0,1,9,630,1,NULL," -1",1,5,1,50
202000011550,16,7,2020,10:15:00,1,33,33238,2,3,1,5,D651,"44,7082090"," -0,6070590",202000011550,154 721 931,C01,0,1,0,2,8,23,5,NULL,202000011550,154 721 932,A01,2,2,4,1,2008,5,1,-1,-1,0,0,-1,202000011550,3,651,-1,NULL,2,2,0,1,9,630,1,NULL," -1",1,5,1,50
202000011550,16,7,2020,10:15:00,1,33,33238,2,3,1,5,D651,"44,7082090"," -0,6070590",202000011550,154 721 931,C01,0,1,0,2,8,23,5,NULL,202000011550,154 721 932,A01,1,1,4,1,1947,5,1,-1,-1,0,0,-1,202000011550,3,651,-1,NULL,2,2,0,1,9,630,1,NULL," -1",1,5,1,50
202000011550,16,7,2020,10:15:00,1,33,33238,2,3,1,5,D651,"44,7082090"," -0,6070590",202000011550,154 721 931,C01,0,1,0,2,8,23,5,NULL,202000011550,154 721 933,B01,1,1,1,1,1951,5,1,-1,-1,0,0,-1,202000011550,3,651,-1,NULL,2,2,0,1,9,630,1,NULL," -1",1,5,1,50
202000014489,8,5,2020,18:57:00,1,12,12148,2,3,7,3,"Chemin des Glandolières","44,4804630","2,2248440",202000014489,154 716 843,B01,3,1,0,2,8,16,5,NULL,202000014489,154 716 842,A01,1,1,1,2,1961,3,1,-1,-1,0,0,-1,202000014489,4,"Chemin des Glandolières",-1,NULL,2,2,0,2,(1),(1),3,NULL," -1",1,0,1,50
202000014489,8,5,2020,18:57:00,1,12,12148,2,3,7,3,"Chemin des Glandolières","44,4804630","2,2248440",202000014489,154 716 843,B01,3,1,0,2,8,16,5,NULL,202000014489,154 716 843,B01,1,1,4,1,2008,5,2,-1,-1,0,0,-1,202000014489,4,"Chemin des Glandolières",-1,NULL,2,2,0,2,(1),(1),3,NULL," -1",1,0,1,50
202000016228,17,11,2020,18:05:00,5,13,13208,2,1,1,7,"POMPIDOU (PROMENADE)","43,2647250","5,3734800",202000016228,154 713 703,A01,2,1,0,0,1,13,5,NULL,202000016228,154 713 703,A01,1,1,3,1,1967,0,8,0,-1,-1," -1",-1,202000016228,4,"POMPIDOU (PROMENADE)",0,NULL,2,2,1,2,0,0,1,NULL," -1",1,9,5,50
202000018541,21,1,2020,08:00:00,3,49,49007,2,1,1,3,BRISSAC,"47,4619200"," -0,5484700",202000018541,154 709 638,B01,2,1,0,2,1,1,5,NULL,202000018541,154 709 638,B01,1,1,4,2,1979,0,2,8,-1,-1," -1",-1,202000018541,4,BRISSAC,0,NULL,2,2,0,1,0,0,1,NULL," -1",1,0,1,50
202000018541,21,1,2020,08:00:00,3,49,49007,2,1,1,3,BRISSAC,"47,4619200"," -0,5484700",202000018541,154 709 638,B01,2,1,0,2,1,1,5,NULL,202000018541,154 709 639,A01,1,1,1,2,1992,0,1,8,-1,-1," -1",-1,202000018541,4,BRISSAC,0,NULL,2,2,0,1,0,0,1,NULL," -1",1,0,1,50