Num_Acc,jour,mois,an,hrmn,lum,dep,com,agg,int,atm,col,adr,lat,long,Num_Acc,id_vehicule,num_veh,senc,catv,obs,obsm,choc,manv,motor,occutc,Num_Acc,id_vehicule,num_veh,place,catu,grav,sexe,an_nais,trajet,secu1,secu2,secu3,locp,actp,etatp,Num_Acc,catr,voie,v1,v2,circ,nbv,vosp,prof,pr,pr1,plan,lartpc,larrout,surf,infra,situ,vma
202000019584,7,10,2020,21:30:00,5,75,75116,2,3,1,3,"AVENUE DE VERSAILLES","48,8496840","2,2760040",202000019584,154 707 735,B01,2,1,0,2,8,15,5,NULL,202000019584,154 707 735,B01,1,1,4,1,2002,9,8,0,-1,0,0,-1,202000019584,4,NULL,0,NULL,2,4,0,1,0,0,1,NULL," -1",1,0,1,50
202000021867,10,11,2020,18:00:00,5,69,69266,2,1,1,3,"EMILE ZOLA     (Cours)","45,7678200","4,8884800",202000021867,154 703 747,B01,1,1,0,2,8,1,5,NULL,202000021867,154 703 747,B01,1,1,4,1,1981,1,2,4,-1,-1," -1",-1,202000021867,4,NULL,0,NULL,2,2,1,1,0,0,1,NULL," -1",1,0,5,50
202000021867,10,11,2020,18:00:00,5,69,69266,2,1,1,3,"EMILE ZOLA     (Cours)","45,7678200","4,8884800",202000021867,154 703 747,B01,1,1,0,2,8,1,5,NULL,202000021867,154 703 748,A01,1,1,1,1,2000,4,1,0,-1,-1," -1",-1,202000021867,4,NULL,0,NULL,2,2,1,1,0,0,1,NULL," -1",1,0,5,50
202000026758,8,9,2020,10:15:00,1,17,17241,1,2,1,1,"Cottieres Sud","45,2066900"," -0,1577650",202000026758,154 695 178,B01,2,1,0,0,0,16,5,NULL,202000026758,154 695 177,A01,1,1,1,1,1956,4,1,-1,-1,0,0,-1,202000026758,3,D158E,-1,NULL,2,2,0,1,(1),(1),1,NULL," -1",1,5,1,50
202000026758,8,9,2020,10:15:00,1,17,17241,1,2,1,1,"Cottieres Sud","45,2066900"," -0,1577650",202000026758,154 695 178,B01,2,1,0,0,0,16,5,NULL,202000026758,154 695 178,B01,1,1,3,1,1963,5,2,-1,-1,0,0,-1,202000026758,3,D158E,-1,NULL,2,2,0,1,(1),(1),1,NULL," -1",1,5,1,50
202000026862,6,9,2020,16:50:00,1,74,74034,1,4,1,3,"pont de gys","46,2830430","6,6166660",202000026862,154 694 986,B01,1,1,0,2,8,2,5,NULL,202000026862,154 694 986,B01,1,1,4,1,1965,5,2,-1,-1,0,0,-1,202000026862,3,D902,0,NULL,2,2,0,1,19,600,1,NULL," -1",1,0,1,70
202000026862,6,9,2020,16:50:00,1,74,74034,1,4,1,3,"pont de gys","46,2830430","6,6166660",202000026862,154 694 986,B01,1,1,0,2,8,2,5,NULL,202000026862,154 694 987,A01,1,1,1,1,1993,5,1,-1,-1,0,0,-1,202000026862,3,D902,0,NULL,2,2,0,1,19,600,1,NULL," -1",1,0,1,70
202000027603,2,6,2020,11:00:00,1,35,35281,2,1,1,6,"NANTES (RUE DE)","48,0931500"," -1,6910700",202000027603,154 693 726,A01,1,1,12,0,1,1,5,NULL,202000027603,154 693 726,A01,1,1,4,2,1959,0,8,0,-1,-1," -1",-1,202000027603,4,"NANTES (RUE DE)",0,NULL,2,1,0,1,0,0,1,NULL," -1",1,0,3,30
202000028297,7,7,2020,12:20:00,1,75,75116,2,5,1,5,"AVENUE KLEBER","48,8650110","2,2886910",202000028297,154 692 501,C01,1,1,0,2,1,1,5,NULL,202000028297,154 692 499,A01,1,1,4,1,2003,5,2,6,-1,0,0,-1,202000028297,4,NULL,0,NULL,2,2,0,1,0,0,1,NULL," -1",1,0,1,50
202000028297,7,7,2020,12:20:00,1,75,75116,2,5,1,5,"AVENUE KLEBER","48,8650110","2,2886910",202000028297,154 692 501,C01,1,1,0,2,1,1,5,NULL,202000028297,154 692 500,B01,1,1,1,2,1986,9,1,0,-1,0,0,-1,202000028297,4,NULL,0,NULL,2,2,0,1,0,0,1,NULL," -1",1,0,1,50
202000028297,7,7,2020,12:20:00,1,75,75116,2,5,1,5,"AVENUE KLEBER","48,8650110","2,2886910",202000028297,154 692 501,C01,1,1,0,2,1,1,5,NULL,202000028297,154 692 501,C01,1,1,1,1,1986,5,2,0,-1,0,0,-1,202000028297,4,NULL,0,NULL,2,2,0,1,0,0,1,NULL," -1",1,0,1,50
202000029228,3,8,2020,18:30:00,1,37,37261,2,2,1,3,"BOYER (RUE LEON)","47,3911909","0,6735659",202000029228,154 690 883,B01,2,1,0,2,7,1,5,NULL,202000029228,154 690 883,B01,1,1,4,2,1990,5,8,0,-1,-1," -1",-1,202000029228,4,NULL,0,NULL,2,2,0,1,(1),(1),1,NULL," -1",1,0,1,50
202000029228,3,8,2020,18:30:00,1,37,37261,2,2,1,3,"BOYER (RUE LEON)","47,3911909","0,6735659",202000029228,154 690 883,B01,2,1,0,2,7,1,5,NULL,202000029228,154 690 884,A01,1,1,1,1,1949,5,1,8,-1,-1," -1",-1,202000029228,4,NULL,0,NULL,2,2,0,1,(1),(1),1,NULL," -1",1,0,1,50
202000031580,29,9,2020,07:50:00,1,63,63113,2,2,1,3,"TORPILLEUR SIROCCO (RUE DU)","45,8058800","3,1066900",202000031580,154 686 854,B01,2,1,0,2,7,1,5,NULL,202000031580,154 686 854,B01,1,1,4,1,2000,0,8,0,-1,0,0,-1,202000031580,7,"TORPILLEUR SIROCCO (RUE DU)",0,NULL,2,-1,1,1,(1),(1),1,NULL," -1",1,-1,5,30
202000031580,29,9,2020,07:50:00,1,63,63113,2,2,1,3,"TORPILLEUR SIROCCO (RUE DU)","45,8058800","3,1066900",202000031580,154 686 854,B01,2,1,0,2,7,1,5,NULL,202000031580,154 686 855,A01,1,1,1,2,1981,0,1,0,-1,0,0,-1,202000031580,7,"TORPILLEUR SIROCCO (RUE DU)",0,NULL,2,-1,1,1,(1),(1),1,NULL," -1",1,-1,5,30
202000032245,4,7,2020,17:20:00,1,75,75118,2,7,1,3,"PLACE DE LA CHAPELLE","48,8848870","2,3593450",202000032245,154 685 708,B01,1,1,0,2,1,1,5,NULL,202000032245,154 685 707,A01,3,2,1,2,1979,9,1,0,-1,0,0,-1,202000032245,4,NULL,0,NULL,2,6,1,1,0,0,1,NULL," -1",1,-1,5,50
202000032245,4,7,2020,17:20:00,1,75,75118,2,7,1,3,"PLACE DE LA CHAPELLE","48,8848870","2,3593450",202000032245,154 685 708,B01,1,1,0,2,1,1,5,NULL,202000032245,154 685 707,A01,1,1,1,1,1968,9,1,0,-1,0,0,-1,202000032245,4,NULL,0,NULL,2,6,1,1,0,0,1,NULL," -1",1,-1,5,50
202000032245,4,7,2020,17:20:00,1,75,75118,2,7,1,3,"PLACE DE LA CHAPELLE","48,8848870","2,3593450",202000032245,154 685 708,B01,1,1,0,2,1,1,5,NULL,202000032245,154 685 708,B01,1,1,4,1,1994,9,2,0,-1,0,0,-1,202000032245,4,NULL,0,NULL,2,6,1,1,0,0,1,NULL," -1",1,-1,5,50
202000034224,2,7,2020,10:10:00,1,92,92049,2,1,8,7,"MARNE AVENUE DE LA","48,8133000","2,3045500",202000034224,154 682 283,A01,1,1,14,0,1,1,5,NULL,202000034224,154 682 283,A01,1,1,4,1,1995,1,8,0,-1,-1," -1",-1,202000034224,4,"MARNE (AV DE LA)",0,NULL,2,2,0,1,0,0,1,NULL," -1",1,0,6,50
202000035770,29,5,2020,22:30:00,5,92,92012,2,1,1,-1,"PARIS (RUE DE) 97BIS/FIN - 116/FIN","48,8414720","2,2387450",202000035770,154 679 530,A01,1,1,0,0,0,0,5,NULL,202000035770,154 679 530,A01,1,1,4,2,1955,0,8,8,-1,-1," -1",-1,202000035770,4,"PARIS (RUE DE) 97BIS/FIN - 116/FIN",0,NULL,2,1,0,1,0,0,1,NULL," -1",1,0,1,30
202000035770,29,5,2020,22:30:00,5,92,92012,2,1,1,-1,"PARIS (RUE DE) 97BIS/FIN - 116/FIN","48,8414720","2,2387450",202000035770,154 679 530,A01,1,1,0,0,0,0,5,NULL,202000035770,154 679 531,B01,1,1,1,1,1995,9,8,0,-1,-1," -1",-1,202000035770,4,"PARIS (RUE DE) 97BIS/FIN - 116/FIN",0,NULL,2,1,0,1,0,0,1,NULL," -1",1,0,1,30
202000039062,26,5,2020,19:00:00,1,77,77083,2,1,1,-1,"PIVERT (RUE DU)","48,8644100","2,5930800",202000039062,154 673 706,B01,1,1,1,0,1,1,5,NULL,202000039062,154 673 706,B01,1,1,4,1,1973,0,0,-1,-1,-1," -1",-1,202000039062,4,"PIVERT (RUE DU)",0,NULL,2,2,0,1,0,0,1,NULL," -1",1,0,1,30
202000039062,26,5,2020,19:00:00,1,77,77083,2,1,1,-1,"PIVERT (RUE DU)","48,8644100","2,5930800",202000039062,154 673 706,B01,1,1,1,0,1,1,5,NULL,202000039062,154 673 708,A01,1,1,1,2,1947,9,0,-1,-1,-1," -1",-1,202000039062,4,"PIVERT (RUE DU)",0,NULL,2,2,0,1,0,0,1,NULL," -1",1,0,1,30
202000039502,30,6,2020,20:30:00,1,34,34172,2,1,1,2,"TOULOUSE (AVENUE DE","43,6004200","3,8675100",202000039502,154 672 920,B01,2,1,0,2,6,13,5,NULL,202000039502,154 672 920,B01,1,1,4,1,1984,5,8,0,-1,-1," -1",-1,202000039502,4,NULL,0,NULL,2,4,1,1,0,0,1,NULL," -1",1,0,1,50
202000039833,26,6,2020,22:25:00,4,62,62907,2,1,9,5,"DARCHICOURT (AV FERNAND )","50,4853700","2,9976600",202000039833,154 672 355,C01,2,1,0,2,1,19,0,NULL,202000039833,154 672 355,C01,1,1,2,1,1984,5,2,0,-1,-1," -1",-1,202000039833,3,954,0,NULL,2,2,0,1,3,48,1,NULL," -1",2,0,1,50
202000039833,26,6,2020,22:25:00,4,62,62907,2,1,9,5,"DARCHICOURT (AV FERNAND )","50,4853700","2,9976600",202000039833,154 672 355,C01,2,1,0,2,1,19,0,NULL,202000039833,154 672 356,B01,1,1,1,1,1986,5,1,0,-1,-1," -1",-1,202000039833,3,954,0,NULL,2,2,0,1,3,48,1,NULL," -1",2,0,1,50
202000039833,26,6,2020,22:25:00,4,62,62907,2,1,9,5,"DARCHICOURT (AV FERNAND )","50,4853700","2,9976600",202000039833,154 672 355,C01,2,1,0,2,1,19,0,NULL,202000039833,154 672 357,A01,1,1,1,1,1993,3,1,0,-1,-1," -1",-1,202000039833,3,954,0,NULL,2,2,0,1,3,48,1,NULL," -1",2,0,1,50
202000041222,2,1,2020,11:50:00,1,92,92012,2,1,1,7,"VICTOR HUGO (AVENUE) 49/FIN - 60/FIN","48,8396220","2,2471280",202000041222,154 669 923,A01,1,1,0,0,0,26,5,NULL,202000041222,154 669 923,A01,1,1,4,1,1960,4,2,4,-1,-1," -1",-1,202000041222,4,"VICTOR HUGO (AVENUE) 49/FIN - 60/FIN",0,NULL,2,1,0,1,0,0,1,NULL," -1",1,9,4,50
202000043020,3,2,2020,11:35:00,1,33,33063,2,3,1,2,"BD MARECHAL LECLERC / RUE ALBERT THOMAS","44,8297938"," -0,5961714",202000043020,154 666 656,B01,1,1,0,2,4,17,5,NULL,202000043020,154 666 656,B01,1,1,4,2,2000,1,8,-1,-1,-1," -1",-1,202000043020,4,"BD MARECHAL LECLERC",0,NULL,3,7,2,1,(1),(1),1,NULL," -1",1,0,1,50
202000043020,3,2,2020,11:35:00,1,33,33063,2,3,1,2,"BD MARECHAL LECLERC / RUE ALBERT THOMAS","44,8297938"," -0,5961714",202000043020,154 666 656,B01,1,1,0,2,4,17,5,NULL,202000043020,154 666 657,A01,1,1,1,1,2000,4,8,-1,-1,-1," -1",-1,202000043020,4,"BD MARECHAL LECLERC",0,NULL,3,7,2,1,(1),(1),1,NULL," -1",1,0,1,50
202000043405,25,5,2020,08:10:00,1,29,29232,2,6,7,3,"Rond point  de Ti Douar","47,9805300"," -4,0728900",202000043405,154 665 957,B01,2,1,0,2,2,1,5,NULL,202000043405,154 665 956,A01,1,1,1,2,1989,1,1,0,-1,0,0,-1,202000043405,3,783,0,NULL,-1,2,0,1,52,400,2,NULL,"5,5",1,5,1,50
202000043405,25,5,2020,08:10:00,1,29,29232,2,6,7,3,"Rond point  de Ti Douar","47,9805300"," -4,0728900",202000043405,154 665 957,B01,2,1,0,2,2,1,5,NULL,202000043405,154 665 957,B01,1,1,4,1,1979,1,2,4,-1,-1,0,-1,202000043405,3,783,0,NULL,-1,2,0,1,52,400,2,NULL,"5,5",1,5,1,50
202000043549,23,10,2020,10:15:00,1,29,29056,1,1,1,6,D233,"48,4412730"," -4,2845390",202000043549,154 665 709,A01,1,1,13,0,1,1,5,NULL,202000043549,154 665 709,A01,1,1,3,1,2005,2,2,-1,-1,0,0,-1,202000043549,3,233,0,NULL,2,2,0,2,15,500,3,NULL," -1",2,0,3,80
202000044077,10,3,2020,12:30:00,1,13,13206,2,1,1,6,"TROIS ROIS (RUE DES)","43,2940905","5,3847331",202000044077,154 664 781,Z01,2,1,0,1,0,1,5,NULL,202000044077,154 664 781,Z01,10,3,4,1,1932,5,8,8,-1,2,3,1,202000044077,7,"TROIS ROIS (RUE DES)",0,NULL,1,1,0,1,0,0,1,NULL," -1",1,0,1,50
202000044179,9,3,2020,19:14:00,3,973,97302,1,9,1,3,"ROUTE NATIONALE 1","4,9305198"," -52,3296189",202000044179,154 664 597,A01,1,1,0,2,8,1,5,NULL,202000044179,154 664 596,B01,1,1,4,2,1947,3,1,0,-1,-1," -1",-1,202000044179,2,0001,0,NULL,1,2,0,1,0,100,2,NULL," -1",1,0,1,50
202000044179,9,3,2020,19:14:00,3,973,97302,1,9,1,3,"ROUTE NATIONALE 1","4,9305198"," -52,3296189",202000044179,154 664 597,A01,1,1,0,2,8,1,5,NULL,202000044179,154 664 597,A01,1,1,4,1,1982,0,8,0,-1,-1," -1",-1,202000044179,2,0001,0,NULL,1,2,0,1,0,100,2,NULL," -1",1,0,1,50
202000044978,4,1,2020,07:55:00,2,86,86082,2,6,2,-1,"Allée du Haut Poitou","46,3616650","0,1997450",202000044978,154 663 179,B01,1,1,0,2,1,16,5,NULL,202000044978,154 663 179,B01,1,1,3,1,1978,0,0,-1,-1,0,0,-1,202000044978,3,29,-1,NULL,2,2,0,2,14,500,3,NULL,5,2,2,1,80
202000044978,4,1,2020,07:55:00,2,86,86082,2,6,2,-1,"Allée du Haut Poitou","46,3616650","0,1997450",202000044978,154 663 179,B01,1,1,0,2,1,16,5,NULL,202000044978,154 663 180,A01,1,1,1,1,1970,4,8,-1,-1,0,0,-1,202000044978,3,29,-1,NULL,2,2,0,2,14,500,3,NULL,5,2,2,1,80
202000045946,20,9,2020,18:55:00,1,75,75107,2,2,1,2,"QUAI D ORSAY","48,8628440","2,3134400",202000045946,154 661 524,A01,1,1,0,2,3,2,5,NULL,202000045946,154 661 523,B01,1,1,1,1,1975,5,8,0,-1,0,0,-1,202000045946,4,NULL,0,NULL,2,4,1,1,0,0,1,NULL," -1",1,-1,5,50
202000045946,20,9,2020,18:55:00,1,75,75107,2,2,1,2,"QUAI D ORSAY","48,8628440","2,3134400",202000045946,154 661 523,B01,1,1,0,2,4,1,5,NULL,202000045946,154 661 523,B01,1,1,1,1,1975,5,8,0,-1,0,0,-1,202000045946,4,NULL,0,NULL,2,4,1,1,0,0,1,NULL," -1",1,-1,5,50
202000045946,20,9,2020,18:55:00,1,75,75107,2,2,1,2,"QUAI D ORSAY","48,8628440","2,3134400",202000045946,154 661 524,A01,1,1,0,2,3,2,5,NULL,202000045946,154 661 524,A01,1,1,4,2,1995,5,8,0,-1,0,0,-1,202000045946,4,NULL,0,NULL,2,4,1,1,0,0,1,NULL," -1",1,-1,5,50
202000045946,20,9,2020,18:55:00,1,75,75107,2,2,1,2,"QUAI D ORSAY","48,8628440","2,3134400",202000045946,154 661 523,B01,1,1,0,2,4,1,5,NULL,202000045946,154 661 524,A01,1,1,4,2,1995,5,8,0,-1,0,0,-1,202000045946,4,NULL,0,NULL,2,4,1,1,0,0,1,NULL," -1",1,-1,5,50
202000046535,2,1,2020,06:45:00,2,44,44162,2,1,1,6,"Route de Vannes","47,2561700"," -1,6364500",202000046535,154 660 459,A01,2,1,0,5,7,1,5,NULL,202000046535,154 660 459,A01,1,1,4,1,1960,0,8,0,-1,0,0,-1,202000046535,7,965,0,NULL,1,0,0,1,(1),(1),1,NULL," -1",1,0,1,50
202000047399,24,7,2020,15:05:00,1,75,75112,2,7,1,3,"AVENUE DU TREMBLAY","48,8272550","2,4643800",202000047399,154 658 967,B01,3,1,0,2,8,9,5,NULL,202000047399,154 658 966,A01,1,1,1,1,1990,4,1,0,-1,0,0,-1,202000047399,4,NULL,0,NULL,2,4,0,1,0,0,1,NULL," -1",1,0,1,50
202000047399,24,7,2020,15:05:00,1,75,75112,2,7,1,3,"AVENUE DU TREMBLAY","48,8272550","2,4643800",202000047399,154 658 967,B01,3,1,0,2,8,9,5,NULL,202000047399,154 658 967,B01,1,1,4,2,2004,9,2,0,-1,0,0,-1,202000047399,4,NULL,0,NULL,2,4,0,1,0,0,1,NULL," -1",1,0,1,50
202000008148,19,8,2020,16:00:00,1,35,35238,2,1,8,6,"ALMA (DE L')","48,1045519"," -1,6773029",202000008148,154 727 912,A01,3,1,0,1,2,2,5,NULL,202000008148,154 727 912,A01,10,3,3,2,1954,3,0,-1,-1,3,3,1,202000008148,4,"ALMA (DE L')",0,NULL,2,2,0,2,0,0,1,NULL," -1",2,0,1,30
202000008148,19,8,2020,16:00:00,1,35,35238,2,1,8,6,"ALMA (DE L')","48,1045519"," -1,6773029",202000008148,154 727 912,A01,3,1,0,1,2,2,5,NULL,202000008148,154 727 912,A01,1,1,1,1,1996,5,0,-1,-1,-1," -1",-1,202000008148,4,"ALMA (DE L')",0,NULL,2,2,0,2,0,0,1,NULL," -1",2,0,1,30
202000008417,30,12,2020,11:35:00,1,17,17300,2,1,1,3,"CORDOUAN   RUE DU","46,1626000"," -1,1494000",202000008417,154 727 442,B01,3,1,0,2,8,0,5,NULL,202000008417,154 727 441,A01,1,1,1,1,2004,3,8,0,-1,-1," -1",-1,202000008417,4,"CORDOUAN   RUE DU",0,NULL,1,1,0,1,0,0,1,NULL," -1",1,0,1,30
202000008417,30,12,2020,11:35:00,1,17,17300,2,1,1,3,"CORDOUAN   RUE DU","46,1626000"," -1,1494000",202000008417,154 727 441,A01,3,1,0,2,7,0,5,NULL,202000008417,154 727 441,A01,1,1,1,1,2004,3,8,0,-1,-1," -1",-1,202000008417,4,"CORDOUAN   RUE DU",0,NULL,1,1,0,1,0,0,1,NULL," -1",1,0,1,30
202000008417,30,12,2020,11:35:00,1,17,17300,2,1,1,3,"CORDOUAN   RUE DU","46,1626000"," -1,1494000",202000008417,154 727 442,B01,3,1,0,2,8,0,5,NULL,202000008417,154 727 442,B01,1,1,4,2,1953,5,8,0,-1,-1," -1",-1,202000008417,4,"CORDOUAN   RUE DU",0,NULL,1,1,0,1,0,0,1,NULL," -1",1,0,1,30
202000008417,30,12,2020,11:35:00,1,17,17300,2,1,1,3,"CORDOUAN   RUE DU","46,1626000"," -1,1494000",202000008417,154 727 441,A01,3,1,0,2,7,0,5,NULL,202000008417,154 727 442,B01,1,1,4,2,1953,5,8,0,-1,-1," -1",-1,202000008417,4,"CORDOUAN   RUE DU",0,NULL,1,1,0,1,0,0,1,NULL," -1",1,0,1,30
202000010275,29,12,2020,21:30:00,5,94,94041,2,1,8,3,"HOCHE (R)","48,8110500","2,3781400",202000010275,154 724 176,B01,1,1,0,2,3,1,5,NULL,202000010275,154 724 176,B01,1,1,4,1,1993,4,8,4,-1,-1," -1",-1,202000010275,4,"HOCHE (R)",0,NULL,2,2,0,1,0,1,1,NULL," -1",2,0,3,50
202000010548,20,11,2020,23:07:00,5,75,75111,2,2,1,3,"BOULEVARD VOLTAIRE","48,8637740","2,3701020",202000010548,154 723 707,B01,1,1,0,2,7,1,5,NULL,202000010548,154 723 706,A01,3,2,1,1,1977,9,1,0,-1,0,0,-1,202000010548,4,NULL,0,NULL,2,4,1,1,0,0,1,NULL," -1",1,-1,5,50
202000010548,20,11,2020,23:07:00,5,75,75111,2,2,1,3,"BOULEVARD VOLTAIRE","48,8637740","2,3701020",202000010548,154 723 707,B01,1,1,0,2,7,1,5,NULL,202000010548,154 723 706,A01,1,1,1,1,1989,4,1,0,-1,0,0,-1,202000010548,4,NULL,0,NULL,2,4,1,1,0,0,1,NULL," -1",1,-1,5,50
202000010548,20,11,2020,23:07:00,5,75,75111,2,2,1,3,"BOULEVARD VOLTAIRE","48,8637740","2,3701020",202000010548,154 723 707,B01,1,1,0,2,7,1,5,NULL,202000010548,154 723 707,B01,1,1,2,1,1998,9,2,0,-1,0,0,-1,202000010548,4,NULL,0,NULL,2,4,1,1,0,0,1,NULL," -1",1,-1,5,50
202000011033,28,1,2020,15:00:00,1,04,04049,2,1,1,7,"Route du Pierraret","44,0904250","6,0084650",202000011033,154 722 872,A01,1,1,0,0,0,1,5,NULL,202000011033,154 722 872,A01,1,1,2,1,1960,5,0,-1,-1,0,0,-1,202000011033,4,"Rte du Pierraret",-1,NULL,2,2,0,2,0,350,1,NULL," -1",1,0,1,50
202000011328,13,9,2020,07:25:00,1,75,75119,2,1,1,1,"RUE DE TANGER","48,8859710","2,3686310",202000011328,154 722 325,B01,2,1,0,2,1,13,5,NULL,202000011328,154 722 325,B01,1,1,2,2,1997,5,2,0,-1,0,0,-1,202000011328,4,NULL,0,NULL,2,3,0,1,0,0,1,NULL," -1",1,0,1,50
202000011328,13,9,2020,07:25:00,1,75,75119,2,1,1,1,"RUE DE TANGER","48,8859710","2,3686310",202000011328,154 722 325,B01,2,1,0,2,1,13,5,NULL,202000011328,154 722 327,A01,1,1,1,1,1947,1,1,0,-1,0,0,-1,202000011328,4,NULL,0,NULL,2,3,0,1,0,0,1,NULL," -1",1,0,1,50
202000012614,9,5,2020,12:40:00,1,88,88087,2,1,1,1,"FORGES (RUE DES)","48,1754400","6,4302700",202000012614,154 720 091,B01,1,1,0,2,1,13,0,NULL,202000012614,154 720 091,B01,1,1,3,1,1998,5,2,8,-1,-1," -1",-1,202000012614,4,NULL,0,NULL,2,2,0,4,0,0,3,NULL," -1",1,0,1,50
202000012614,9,5,2020,12:40:00,1,88,88087,2,1,1,1,"FORGES (RUE DES)","48,1754400","6,4302700",202000012614,154 720 091,B01,1,1,0,2,1,13,0,NULL,202000012614,154 720 092,A01,1,1,1,2,1975,1,1,8,-1,-1," -1",-1,202000012614,4,NULL,0,NULL,2,2,0,4,0,0,3,NULL," -1",1,0,1,50
202000014224,16,12,2020,13:00:00,1,31,31377,1,1,6,6,D25,"43,4319170","1,7256640",202000014224,154 717 293,A01,1,1,14,0,1,11,5,NULL,202000014224,154 717 293,A01,1,1,3,1,1958,5,2,9,-1,0,0,-1,202000014224,3,25,-1,NULL,4,2,0,2,66,525,1,NULL," -1",1,8,6,80
202000014829,24,1,2020,13:00:00,1,92,92051,2,1,1,2,"PARMENTIER (RUE)","48,8834955","2,2812469",202000014829,154 716 280,B01,1,1,0,2,1,2,0,NULL,202000014829,154 716 280,B01,1,1,4,2,1985,1,8,0,-1,-1," -1",-1,202000014829,4,"PARMENTIER (RUE)",0,NULL,1,1,0,1,0,0,1,NULL," -1",1,0,1,50
202000014829,24,1,2020,13:00:00,1,92,92051,2,1,1,2,"PARMENTIER (RUE)","48,8834955","2,2812469",202000014829,154 716 280,B01,1,1,0,2,1,2,0,NULL,202000014829,154 716 281,A01,2,2,1,1,2000,0,1,0,-1,-1," -1",-1,202000014829,4,"PARMENTIER (RUE)",0,NULL,1,1,0,1,0,0,1,NULL," -1",1,0,1,50
202000014829,24,1,2020,13:00:00,1,92,92051,2,1,1,2,"PARMENTIER (RUE)","48,8834955","2,2812469",202000014829,154 716 280,B01,1,1,0,2,1,2,0,NULL,202000014829,154 716 281,A01,1,1,1,1,2000,1,1,0,-1,-1," -1",-1,202000014829,4,"PARMENTIER (RUE)",0,NULL,1,1,0,1,0,0,1,NULL," -1",1,0,1,50
202000015248,12,9,2020,10:30:00,1,06,06069,1,1,1,7,"CABRIS (ROUTE DE)","43,6685030","6,8998080",202000015248,154 715 468,A01,1,1,13,0,2,21,5,NULL,202000015248,154 715 468,A01,1,1,4,1,1960,5,2,0,-1,-1," -1",-1,202000015248,3,"CABRIS (ROUTE DE)",0,NULL,2,1,0,1,7,418,4,NULL," -1",1,0,3,70
202000016689,23,1,2020,12:15:00,1,75,75119,2,1,8,2,"AVENUE SECRETAN","48,8814228","2,3728171",202000016689,154 712 900,B01,1,1,0,2,4,2,5,NULL,202000016689,154 712 900,B01,1,1,4,2,1986,9,8,2,-1,0,0,-1,202000016689,4,NULL,0,NULL,2,3,0,2,38,0,1,NULL," -1",1,0,1,50
202000016689,23,1,2020,12:15:00,1,75,75119,2,1,8,2,"AVENUE SECRETAN","48,8814228","2,3728171",202000016689,154 712 900,B01,1,1,0,2,4,2,5,NULL,202000016689,154 712 901,A01,1,1,1,2,1944,5,1,0,-1,0,0,-1,202000016689,4,NULL,0,NULL,2,3,0,2,38,0,1,NULL," -1",1,0,1,50
202000017275,11,9,2020,17:00:00,1,35,35210,1,3,1,3,"Le Grand Chemin","48,1764690"," -1,7607360",202000017275,154 711 858,B01,3,1,0,2,8,15,5,NULL,202000017275,154 711 857,A01,8,2,1,1,2016,0,3,-1,-1,0,0,-1,202000017275,3,231,-1,NULL,2,2,0,1,7,(1),1,NULL," -1",1,0,1,80
202000017275,11,9,2020,17:00:00,1,35,35210,1,3,1,3,"Le Grand Chemin","48,1764690"," -1,7607360",202000017275,154 711 858,B01,3,1,0,2,8,15,5,NULL,202000017275,154 711 857,A01,1,1,1,1,1986,0,1,-1,-1,0,0,-1,202000017275,3,231,-1,NULL,2,2,0,1,7,(1),1,NULL," -1",1,0,1,80
202000017275,11,9,2020,17:00:00,1,35,35210,1,3,1,3,"Le Grand Chemin","48,1764690"," -1,7607360",202000017275,154 711 858,B01,3,1,0,2,8,15,5,NULL,202000017275,154 711 858,B01,1,1,2,1,1973,5,2,6,-1,0,0,-1,202000017275,3,231,-1,NULL,2,2,0,1,7,(1),1,NULL," -1",1,0,1,80
202000019031,21,2,2020,08:20:00,1,83,83129,2,9,1,1,"BOUILIBAYE (CHE DE)","43,0914300","5,8371000",202000019031,154 708 772,B01,3,1,0,2,1,5,5,NULL,202000019031,154 708 772,B01,1,1,3,1,1992,1,2,0,-1,-1," -1",-1,202000019031,4,NULL,0,NULL,-1,1,0,1,0,0,1,NULL," -1",1,0,8,10
202000019031,21,2,2020,08:20:00,1,83,83129,2,9,1,1,"BOUILIBAYE (CHE DE)","43,0914300","5,8371000",202000019031,154 708 772,B01,3,1,0,2,1,5,5,NULL,202000019031,154 708 773,A01,1,1,1,2,1979,1,1,8,-1,-1,0,-1,202000019031,4,NULL,0,NULL,-1,1,0,1,0,0,1,NULL," -1",1,0,8,10
202000019096,10,9,2020,19:10:00,1,33,33063,2,3,1,3,"RUE STEHELIN CAUD ","44,8556900"," -0,6254200",202000019096,154 708 655,B01,1,1,0,2,1,1,5,NULL,202000019096,154 708 654,A01,1,1,1,1,1989,5,2,6,-1,-1," -1",-1,202000019096,4,"STEHELIN CAUD (RUE )",0,NULL,2,5,2,1,(1),(1),1,NULL," -1",1,5,1,50
202000019096,10,9,2020,19:10:00,1,33,33063,2,3,1,3,"RUE STEHELIN CAUD ","44,8556900"," -0,6254200",202000019096,154 708 655,B01,1,1,0,2,1,1,5,NULL,202000019096,154 708 655,B01,1,1,4,1,1963,1,8,0,-1,-1," -1",-1,202000019096,4,"STEHELIN CAUD (RUE )",0,NULL,2,5,2,1,(1),(1),1,NULL," -1",1,5,1,50