Num_Acc,jour,mois,an,hrmn,lum,dep,com,agg,int,atm,col,adr,lat,long,Num_Acc,id_vehicule,num_veh,senc,catv,obs,obsm,choc,manv,motor,occutc,Num_Acc,id_vehicule,num_veh,place,catu,grav,sexe,an_nais,trajet,secu1,secu2,secu3,locp,actp,etatp,Num_Acc,catr,voie,v1,v2,circ,nbv,vosp,prof,pr,pr1,plan,lartpc,larrout,surf,infra,situ,vma
202000019991,20,12,2020,15:20:00,1,59,59432,2,1,1,1,"22 Rue des Ecoles","50,1468480","3,2549670",202000019991,154 707 031,A01,0,1,0,0,1,1,5,NULL,202000019991,154 707 031,A01,1,1,3,1,1999,5,0,-1,-1,0,0,-1,202000019991,4,NULL,-1,NULL,2,2,0,1,(1),(1),1,NULL," -1",1,0,1,50
202000019991,20,12,2020,15:20:00,1,59,59432,2,1,1,1,"22 Rue des Ecoles","50,1468480","3,2549670",202000019991,154 707 031,A01,0,1,0,0,1,1,5,NULL,202000019991,154 707 032,B01,1,1,4,1,2005,5,0,-1,-1,0,0,-1,202000019991,4,NULL,-1,NULL,2,2,0,1,(1),(1),1,NULL," -1",1,0,1,50
202000022852,18,2,2020,19:05:00,5,49,49007,2,1,1,1,"Jean de la Fontaine","47,4587200"," -0,5515800",202000022852,154 702 024,B01,1,1,0,2,1,0,5,NULL,202000022852,154 702 023,A01,1,1,1,2,1997,0,1,8,-1,-1," -1",-1,202000022852,4,"Jean de la Fontaine",0,NULL,2,2,0,1,0,0,1,NULL," -1",2,0,1,60
202000022852,18,2,2020,19:05:00,5,49,49007,2,1,1,1,"Jean de la Fontaine","47,4587200"," -0,5515800",202000022852,154 702 024,B01,1,1,0,2,1,0,5,NULL,202000022852,154 702 024,B01,1,1,4,1,1996,0,8,0,-1,-1," -1",-1,202000022852,4,"Jean de la Fontaine",0,NULL,2,2,0,1,0,0,1,NULL," -1",2,0,1,60
202000026086,15,12,2020,17:55:00,5,75,75104,2,3,1,6,"RUE DE RIVOLI","48,8552200","2,3611480",202000026086,154 696 367,A01,0,1,14,0,0,14,5,NULL,202000026086,154 696 367,A01,1,1,4,1,1950,3,2,0,-1,0,0,-1,202000026086,4,NULL,0,NULL,2,4,1,1,0,0,1,NULL," -1",1,-1,5,30
202000028620,17,2,2020,18:20:00,5,07,07324,2,1,2,3,"2 b Avenue Marechal Foch","45,0722360","4,8223440",202000028620,154 691 921,A01,0,1,0,2,7,19,5,NULL,202000028620,154 691 921,A01,1,1,4,2,2003,1,0,-1,-1,0,0,-1,202000028620,3,86,0,NULL,2,2,0,1,35,800,3,NULL," -1",2,0,1,50
202000028620,17,2,2020,18:20:00,5,07,07324,2,1,2,3,"2 b Avenue Marechal Foch","45,0722360","4,8223440",202000028620,154 691 921,A01,0,1,0,2,7,19,5,NULL,202000028620,154 691 922,B01,1,1,1,1,1943,5,1,-1,-1,0,0,-1,202000028620,3,86,0,NULL,2,2,0,1,35,800,3,NULL," -1",2,0,1,50
202000029733,3,6,2020,18:30:00,1,75,75120,2,3,1,3,"RUE DES PYRENEES","48,8719740","2,3918760",202000029733,154 690 001,A01,1,1,0,2,7,19,5,NULL,202000029733,154 690 001,A01,1,1,4,1,1976,9,8,0,-1,-1," -1",-1,202000029733,4,NULL,0,NULL,2,2,3,1,0,0,1,NULL," -1",1,0,1,50
202000029733,3,6,2020,18:30:00,1,75,75120,2,3,1,3,"RUE DES PYRENEES","48,8719740","2,3918760",202000029733,154 690 001,A01,1,1,0,2,7,19,5,NULL,202000029733,154 690 008,B01,1,1,1,1,1996,9,2,6,-1,-1," -1",-1,202000029733,4,NULL,0,NULL,2,2,3,1,0,0,1,NULL," -1",1,0,1,50
202000029783,2,6,2020,20:20:00,1,94,94002,2,1,1,-1,"ETIENNE DOLET (R)","48,7928800","2,4255600",202000029783,154 689 910,B01,1,1,1,0,1,1,5,NULL,202000029783,154 689 909,A01,1,1,1,1,1989,4,8,0,-1,-1," -1",-1,202000029783,4,"ETIENNE DOLET (R)",0,NULL,2,2,0,1,0,1,1,NULL," -1",1,0,1,50
202000029783,2,6,2020,20:20:00,1,94,94002,2,1,1,-1,"ETIENNE DOLET (R)","48,7928800","2,4255600",202000029783,154 689 910,B01,1,1,1,0,1,1,5,NULL,202000029783,154 689 910,B01,1,1,4,2,1986,5,8,0,-1,-1," -1",-1,202000029783,4,"ETIENNE DOLET (R)",0,NULL,2,2,0,1,0,1,1,NULL," -1",1,0,1,50
202000029892,14,12,2020,13:30:00,1,75,75111,2,1,8,6,"BOULEVARD JULES FERRY","48,8675220","2,3686380",202000029892,154 689 714,A01,1,1,0,1,1,1,5,NULL,202000029892,154 689 714,A01,10,3,4,2,1963,5,0,-1,-1,2,4,2,202000029892,4,NULL,0,NULL,2,2,1,1,0,0,1,NULL," -1",2,-1,5,30
202000029892,14,12,2020,13:30:00,1,75,75111,2,1,8,6,"BOULEVARD JULES FERRY","48,8675220","2,3686380",202000029892,154 689 714,A01,1,1,0,1,1,1,5,NULL,202000029892,154 689 714,A01,10,3,4,1,1958,9,0,-1,-1,2,4,2,202000029892,4,NULL,0,NULL,2,2,1,1,0,0,1,NULL," -1",2,-1,5,30
202000029892,14,12,2020,13:30:00,1,75,75111,2,1,8,6,"BOULEVARD JULES FERRY","48,8675220","2,3686380",202000029892,154 689 714,A01,1,1,0,1,1,1,5,NULL,202000029892,154 689 714,A01,1,1,1,1,1999,5,2,0,-1,0,0,-1,202000029892,4,NULL,0,NULL,2,2,1,1,0,0,1,NULL," -1",2,-1,5,30
202000032627,14,2,2020,13:15:00,1,33,33522,2,1,1,-1,"Boulevard du Président Franklin Roosevelt","44,8179100"," -0,5777400",202000032627,154 685 080,A01,1,1,0,2,2,17,5,NULL,202000032627,154 685 078,B01,1,1,4,1,1972,5,8,-1,-1,-1," -1",-1,202000032627,4,"BD DU PDT FRANKLIN ROOSEVELT",0,NULL,3,6,2,1,(1),(1),1,NULL," -1",1,0,1,50
202000032627,14,2,2020,13:15:00,1,33,33522,2,1,1,-1,"Boulevard du Président Franklin Roosevelt","44,8179100"," -0,5777400",202000032627,154 685 078,B01,1,1,0,2,8,1,5,NULL,202000032627,154 685 078,B01,1,1,4,1,1972,5,8,-1,-1,-1," -1",-1,202000032627,4,"BD DU PDT FRANKLIN ROOSEVELT",0,NULL,3,6,2,1,(1),(1),1,NULL," -1",1,0,1,50
202000032627,14,2,2020,13:15:00,1,33,33522,2,1,1,-1,"Boulevard du Président Franklin Roosevelt","44,8179100"," -0,5777400",202000032627,154 685 080,A01,1,1,0,2,2,17,5,NULL,202000032627,154 685 080,A01,1,1,4,1,1943,5,8,-1,-1,-1," -1",-1,202000032627,4,"BD DU PDT FRANKLIN ROOSEVELT",0,NULL,3,6,2,1,(1),(1),1,NULL," -1",1,0,1,50
202000032627,14,2,2020,13:15:00,1,33,33522,2,1,1,-1,"Boulevard du Président Franklin Roosevelt","44,8179100"," -0,5777400",202000032627,154 685 078,B01,1,1,0,2,8,1,5,NULL,202000032627,154 685 080,A01,1,1,4,1,1943,5,8,-1,-1,-1," -1",-1,202000032627,4,"BD DU PDT FRANKLIN ROOSEVELT",0,NULL,3,6,2,1,(1),(1),1,NULL," -1",1,0,1,50
202000033247,28,9,2020,12:36:00,1,10,10387,2,6,2,3,"ROBERT GALLEY (RUE)","48,2895400","4,0671400",202000033247,154 684 001,B01,3,1,0,2,3,1,5,NULL,202000033247,154 684 001,B01,1,1,4,2,1991,9,8,0,-1,-1," -1",-1,202000033247,4,"ROBERT GALLEY (RUE)",0,NULL,1,2,2,1,0,0,2,NULL," -1",2,5,5,50
202000033438,1,6,2020,11:15:00,1,82,82134,1,2,7,5,"3755 Route de Montricoux","44,0787760","1,5801220",202000033438,154 683 664,B01,1,1,0,2,1,1,5,NULL,202000033438,154 683 662,A01,1,1,3,1,1984,5,2,-1,-1,0,0,-1,202000033438,3,958,-1,NULL,2,2,0,1,44,908,1,NULL," -1",1,0,1,80
202000033438,1,6,2020,11:15:00,1,82,82134,1,2,7,5,"3755 Route de Montricoux","44,0787760","1,5801220",202000033438,154 683 662,A01,1,1,0,2,1,1,5,NULL,202000033438,154 683 662,A01,1,1,3,1,1984,5,2,-1,-1,0,0,-1,202000033438,3,958,-1,NULL,2,2,0,1,44,908,1,NULL," -1",1,0,1,80
202000033438,1,6,2020,11:15:00,1,82,82134,1,2,7,5,"3755 Route de Montricoux","44,0787760","1,5801220",202000033438,154 683 664,B01,1,1,0,2,1,1,5,NULL,202000033438,154 683 664,B01,1,1,4,1,1987,5,2,-1,-1,0,0,-1,202000033438,3,958,-1,NULL,2,2,0,1,44,908,1,NULL," -1",1,0,1,80
202000033438,1,6,2020,11:15:00,1,82,82134,1,2,7,5,"3755 Route de Montricoux","44,0787760","1,5801220",202000033438,154 683 662,A01,1,1,0,2,1,1,5,NULL,202000033438,154 683 664,B01,1,1,4,1,1987,5,2,-1,-1,0,0,-1,202000033438,3,958,-1,NULL,2,2,0,1,44,908,1,NULL," -1",1,0,1,80
202000033438,1,6,2020,11:15:00,1,82,82134,1,2,7,5,"3755 Route de Montricoux","44,0787760","1,5801220",202000033438,154 683 664,B01,1,1,0,2,1,1,5,NULL,202000033438,154 683 665,C01,1,1,1,1,1976,5,1,-1,-1,0,0,-1,202000033438,3,958,-1,NULL,2,2,0,1,44,908,1,NULL," -1",1,0,1,80
202000033438,1,6,2020,11:15:00,1,82,82134,1,2,7,5,"3755 Route de Montricoux","44,0787760","1,5801220",202000033438,154 683 662,A01,1,1,0,2,1,1,5,NULL,202000033438,154 683 665,C01,1,1,1,1,1976,5,1,-1,-1,0,0,-1,202000033438,3,958,-1,NULL,2,2,0,1,44,908,1,NULL," -1",1,0,1,80
202000033896,13,1,2020,13:12:00,1,75,75109,2,1,8,-1,"RUE LA FAYETTE","48,8770751","2,3485009",202000033896,154 682 866,A01,2,1,0,2,3,1,5,NULL,202000033896,154 682 866,A01,1,1,4,1,1989,4,8,2,-1,0,0,-1,202000033896,4,NULL,0,NULL,2,4,1,1,89,0,1,NULL," -1",2,-1,5,50
202000034046,11,1,2020,11:15:00,1,17,17300,2,1,1,6,"GARROS   RUE ROLAND","46,1783400"," -1,1453300",202000034046,154 682 595,A01,3,1,0,1,1,1,5,NULL,202000034046,154 682 595,A01,10,3,1,1,2001,0,0,-1,-1,9,2,1,202000034046,4,"GARROS   RUE ROLAND",0,NULL,1,1,0,2,0,0,1,NULL," -1",1,0,1,30
202000034046,11,1,2020,11:15:00,1,17,17300,2,1,1,6,"GARROS   RUE ROLAND","46,1783400"," -1,1453300",202000034046,154 682 595,A01,3,1,0,1,1,1,5,NULL,202000034046,154 682 595,A01,1,1,3,2,1946,9,8,0,-1,-1," -1",-1,202000034046,4,"GARROS   RUE ROLAND",0,NULL,1,1,0,2,0,0,1,NULL," -1",1,0,1,30
202000034200,2,7,2020,09:20:00,1,75,75114,2,1,1,-1,"RUE VICTOR SCHOELCHER","48,8361360","2,3307490",202000034200,154 682 327,B01,2,1,1,2,8,1,5,NULL,202000034200,154 682 326,A01,1,1,1,1,1981,4,1,0,-1,0,0,-1,202000034200,4,NULL,0,NULL,1,1,0,1,(1),0,1,NULL," -1",1,0,1,50
202000034200,2,7,2020,09:20:00,1,75,75114,2,1,1,-1,"RUE VICTOR SCHOELCHER","48,8361360","2,3307490",202000034200,154 682 327,B01,2,1,1,2,8,1,5,NULL,202000034200,154 682 327,B01,1,1,4,2,1995,1,2,0,-1,0,0,-1,202000034200,4,NULL,0,NULL,1,1,0,1,(1),0,1,NULL," -1",1,0,1,50
202000034255,4,7,2020,08:05:00,1,12,12069,1,1,1,3,D999,"43,8762110","2,6746770",202000034255,154 682 226,B01,2,1,0,2,8,1,5,NULL,202000034255,154 682 225,A01,1,1,1,1,1970,4,8,-1,-1,0,0,-1,202000034255,3,999,-1,NULL,2,2,0,2,87,400,1,NULL," -1",1,0,1,80
202000034255,4,7,2020,08:05:00,1,12,12069,1,1,1,3,D999,"43,8762110","2,6746770",202000034255,154 682 226,B01,2,1,0,2,8,1,5,NULL,202000034255,154 682 225,A01,2,2,1,1,2009,0,8,-1,-1,0,0,-1,202000034255,3,999,-1,NULL,2,2,0,2,87,400,1,NULL," -1",1,0,1,80
202000034255,4,7,2020,08:05:00,1,12,12069,1,1,1,3,D999,"43,8762110","2,6746770",202000034255,154 682 226,B01,2,1,0,2,8,1,5,NULL,202000034255,154 682 226,B01,1,1,3,1,1948,5,2,-1,-1,0,0,-1,202000034255,3,999,-1,NULL,2,2,0,2,87,400,1,NULL," -1",1,0,1,80
202000034537,2,9,2020,08:34:00,1,75,75113,2,3,1,6,"AVENUE D ITALIE","48,8274290","2,3568780",202000034537,154 681 729,A01,1,1,0,1,1,1,5,NULL,202000034537,154 681 729,A01,10,3,4,1,1961,9,0,-1,-1,4,3,1,202000034537,4,NULL,0,NULL,2,6,2,2,0,0,1,NULL," -1",1,0,5,50
202000034537,2,9,2020,08:34:00,1,75,75113,2,3,1,6,"AVENUE D ITALIE","48,8274290","2,3568780",202000034537,154 681 729,A01,1,1,0,1,1,1,5,NULL,202000034537,154 681 729,A01,1,1,1,1,1991,1,8,0,-1,-1," -1",-1,202000034537,4,NULL,0,NULL,2,6,2,2,0,0,1,NULL," -1",1,0,5,50
202000038904,28,5,2020,16:45:00,1,69,69266,1,1,7,3,"LAURENT BONNEVAY    (Boulevard)","45,7849000","4,8675000",202000038904,154 673 982,B01,0,1,0,2,5,19,6,NULL,202000038904,154 673 982,B01,1,1,3,1,1955,0,8,0,-1,0,0,-1,202000038904,4,"LAURENT BONNEVAY    (Boulevard)",0,NULL,1,3,0,1,0,0,1,NULL," -1",1,6,1,70
202000038904,28,5,2020,16:45:00,1,69,69266,1,1,7,3,"LAURENT BONNEVAY    (Boulevard)","45,7849000","4,8675000",202000038904,154 673 982,B01,0,1,0,2,5,19,6,NULL,202000038904,154 673 983,A01,1,1,4,1,1984,5,2,6,-1,0,0,-1,202000038904,4,"LAURENT BONNEVAY    (Boulevard)",0,NULL,1,3,0,1,0,0,1,NULL," -1",1,6,1,70
202000039848,29,6,2020,18:10:00,1,33,33529,2,2,1,3,"DE GAULLE (AVE CHARLES) 87 ET +","44,6371700"," -1,1287800",202000039848,154 672 331,B01,2,1,0,2,7,1,5,NULL,202000039848,154 672 331,B01,1,1,4,2,1999,0,8,0,-1,-1," -1",-1,202000039848,3,650,0,NULL,2,2,0,1,15,210,1,NULL,"5,5",1,0,1,50
202000039848,29,6,2020,18:10:00,1,33,33529,2,2,1,3,"DE GAULLE (AVE CHARLES) 87 ET +","44,6371700"," -1,1287800",202000039848,154 672 331,B01,2,1,0,2,7,1,5,NULL,202000039848,154 672 332,A01,1,1,1,2,1992,0,1,0,-1,-1," -1",-1,202000039848,3,650,0,NULL,2,2,0,1,15,210,1,NULL,"5,5",1,0,1,50
202000042542,6,1,2020,16:30:00,1,75,75112,2,2,1,6,"RUE DE WATTIGNIES","48,8351730","2,3987762",202000042542,154 667 517,A01,2,1,0,1,2,1,5,NULL,202000042542,154 667 517,A01,10,3,4,2,1960,9,0,-1,-1,2,3,1,202000042542,4,NULL,0,NULL,2,1,0,1,0,0,1,NULL,3,1,0,1,30
202000042542,6,1,2020,16:30:00,1,75,75112,2,2,1,6,"RUE DE WATTIGNIES","48,8351730","2,3987762",202000042542,154 667 517,A01,2,1,0,1,2,1,5,NULL,202000042542,154 667 517,A01,1,1,1,1,1990,9,8,2,-1,0,0,-1,202000042542,4,NULL,0,NULL,2,1,0,1,0,0,1,NULL,3,1,0,1,30
202000042671,23,9,2020,18:30:00,1,93,93051,2,1,2,3,"CHARLES PRANARD","48,8484693","2,5745121",202000042671,154 667 297,A01,2,1,0,2,8,19,5,NULL,202000042671,154 667 297,A01,1,1,4,1,2010,5,2,0,-1,-1," -1",-1,202000042671,4,"CHARLES PRANARD",0,NULL,2,1,0,2,0,0,1,NULL," -1",2,0,1,30
202000042671,23,9,2020,18:30:00,1,93,93051,2,1,2,3,"CHARLES PRANARD","48,8484693","2,5745121",202000042671,154 667 297,A01,2,1,0,2,8,19,5,NULL,202000042671,154 667 298,B01,1,1,1,2,1996,5,1,0,-1,-1," -1",-1,202000042671,4,"CHARLES PRANARD",0,NULL,2,1,0,2,0,0,1,NULL," -1",2,0,1,30
202000042894,23,7,2020,19:30:00,1,27,27251,1,1,1,2,"Route de Serquigny","49,0923705","0,6795796",202000042894,154 666 896,B01,2,1,0,0,4,1,6,NULL,202000042894,154 666 896,B01,1,1,3,1,1999,5,2,-1,-1,0,0,-1,202000042894,3,133,0,NULL,2,2,0,1,6,150,1,NULL," -1",1,0,1,70
202000042894,23,7,2020,19:30:00,1,27,27251,1,1,1,2,"Route de Serquigny","49,0923705","0,6795796",202000042894,154 666 896,B01,2,1,0,0,4,1,6,NULL,202000042894,154 666 897,A01,1,1,4,1,1989,5,1,-1,-1,0,0,-1,202000042894,3,133,0,NULL,2,2,0,1,6,150,1,NULL," -1",1,0,1,70
202000044120,10,3,2020,08:25:00,1,92,92020,2,1,8,3,"PARIS AVENUE DE N° IMPAIRS","48,8081460","2,2956170",202000044120,154 664 711,B01,2,1,0,2,8,26,5,NULL,202000044120,154 664 711,B01,1,1,4,2,1981,1,2,0,-1,-1,0,-1,202000044120,3,906,0,NULL,2,2,0,1,0,0,1,NULL,6,2,0,1,50
202000044120,10,3,2020,08:25:00,1,92,92020,2,1,8,3,"PARIS AVENUE DE N° IMPAIRS","48,8081460","2,2956170",202000044120,154 664 711,B01,2,1,0,2,8,26,5,NULL,202000044120,154 664 712,A01,1,1,1,1,1987,1,2,8,-1,-1,0,-1,202000044120,3,906,0,NULL,2,2,0,1,0,0,1,NULL,6,2,0,1,50
202000044552,24,6,2020,17:30:00,1,80,80021,2,4,1,3,"GEORGES QUARANTE (AVENUE)","49,9170700","2,2573400",202000044552,154 663 923,B01,0,1,0,2,8,15,0,NULL,202000044552,154 663 923,B01,1,1,4,1,1965,0,2,0,-1,-1," -1",-1,202000044552,4,"GEORGES QUARANTE (AVENUE)",0,NULL,2,2,0,1,0,0,1,NULL," -1",1,0,1,50
202000044552,24,6,2020,17:30:00,1,80,80021,2,4,1,3,"GEORGES QUARANTE (AVENUE)","49,9170700","2,2573400",202000044552,154 663 923,B01,0,1,0,2,8,15,0,NULL,202000044552,154 663 925,A01,1,1,1,2,2000,0,1,0,-1,-1," -1",-1,202000044552,4,"GEORGES QUARANTE (AVENUE)",0,NULL,2,2,0,1,0,0,1,NULL," -1",1,0,1,50
202000046636,4,2,2020,16:35:00,1,94,94042,2,1,8,2,"CHAPSAL (R)","48,8228226","2,4656733",202000046636,154 660 285,B01,1,1,1,0,1,1,5,NULL,202000046636,154 660 285,B01,1,1,3,1,1958,5,2,0,-1,-1," -1",-1,202000046636,3,86,0,NULL,1,2,0,1,0,0,3,NULL,7,1,0,1,50
202000046636,4,2,2020,16:35:00,1,94,94042,2,1,8,2,"CHAPSAL (R)","48,8228226","2,4656733",202000046636,154 660 285,B01,1,1,1,0,1,1,5,NULL,202000046636,154 660 286,A01,1,1,1,1,1985,4,1,0,-1,-1," -1",-1,202000046636,3,86,0,NULL,1,2,0,1,0,0,3,NULL,7,1,0,1,50
202000047350,24,7,2020,12:04:00,1,03,03185,2,2,1,3,"Quai Favieres","46,3428971","2,6005875",202000047350,154 659 085,B01,2,1,0,2,3,1,5,NULL,202000047350,154 659 054,A01,2,2,1,1,1998,5,1,0,-1,-1," -1",-1,202000047350,4,"Quai Rouget de l'Isle",0,NULL,2,3,0,1,(1),(1),1,NULL," -1",1,0,1,50
202000047350,24,7,2020,12:04:00,1,03,03185,2,2,1,3,"Quai Favieres","46,3428971","2,6005875",202000047350,154 659 085,B01,2,1,0,2,3,1,5,NULL,202000047350,154 659 054,A01,1,1,1,1,1992,5,1,0,-1,-1," -1",-1,202000047350,4,"Quai Rouget de l'Isle",0,NULL,2,3,0,1,(1),(1),1,NULL," -1",1,0,1,50
202000047350,24,7,2020,12:04:00,1,03,03185,2,2,1,3,"Quai Favieres","46,3428971","2,6005875",202000047350,154 659 085,B01,2,1,0,2,3,1,5,NULL,202000047350,154 659 085,B01,1,1,4,2,2000,1,8,0,-1,-1," -1",-1,202000047350,4,"Quai Rouget de l'Isle",0,NULL,2,3,0,1,(1),(1),1,NULL," -1",1,0,1,50
202000006868,16,5,2020,16:15:00,1,33,33529,1,1,1,7,"RD804 piste cyclable","44,5722800"," -1,2201200",202000006868,154 730 183,A01,1,1,0,0,1,1,5,NULL,202000006868,154 730 183,A01,1,1,4,1,1990,0,2,-1,-1,-1," -1",-1,202000006868,3,804,0,NULL,2,2,1,4,27,307,3,NULL," -1",1,-1,5,20
202000007655,20,7,2020,20:50:00,1,92,92048,2,1,1,2,"PARIS (RUE DE) N° 12 A 164","48,8125990","2,2447140",202000007655,154 728 780,B01,2,1,0,2,4,23,5,NULL,202000007655,154 728 780,B01,1,1,3,1,2002,5,8,0,-1,-1," -1",-1,202000007655,4,"PARIS (RUE DE) ",0,NULL,3,0,0,2,0,0,1,NULL," -1",1,0,1,50
202000007655,20,7,2020,20:50:00,1,92,92048,2,1,1,2,"PARIS (RUE DE) N° 12 A 164","48,8125990","2,2447140",202000007655,154 728 780,B01,2,1,0,2,4,23,5,NULL,202000007655,154 728 781,A01,1,1,1,1,1968,4,1,0,-1,-1," -1",-1,202000007655,4,"PARIS (RUE DE) ",0,NULL,3,0,0,2,0,0,1,NULL," -1",1,0,1,50
202000008673,16,5,2020,09:35:00,1,83,83149,1,1,1,2,"RD560 PK65","43,5581903","6,2757192",202000008673,154 727 007,B01,1,1,0,2,4,0,5,NULL,202000008673,154 727 006,A01,1,1,1,2,1925,3,1,-1,-1,0,0,-1,202000008673,3,560,-1,NULL,2,2,0,1,65,0,1,NULL," -1",1,0,1,70
202000008673,16,5,2020,09:35:00,1,83,83149,1,1,1,2,"RD560 PK65","43,5581903","6,2757192",202000008673,154 727 007,B01,1,1,0,2,4,0,5,NULL,202000008673,154 727 007,B01,1,1,3,1,1948,5,0,-1,-1,0,0,-1,202000008673,3,560,-1,NULL,2,2,0,1,65,0,1,NULL," -1",1,0,1,70
202000010412,21,11,2020,09:00:00,1,44,44223,1,3,1,3,"Route de l'Hommeau","47,0653280"," -1,5082380",202000010412,154 723 948,A01,3,1,0,2,3,1,5,NULL,202000010412,154 723 947,B01,1,1,1,1,1950,5,1,-1,-1,0,0,-1,202000010412,4,NULL,0,NULL,2,2,0,1,(1),(1),1,NULL," -1",1,0,1,70
202000010412,21,11,2020,09:00:00,1,44,44223,1,3,1,3,"Route de l'Hommeau","47,0653280"," -1,5082380",202000010412,154 723 948,A01,3,1,0,2,3,1,5,NULL,202000010412,154 723 948,A01,1,1,4,2,1965,5,2,6,-1,0,0,-1,202000010412,4,NULL,0,NULL,2,2,0,1,(1),(1),1,NULL," -1",1,0,1,70
202000011272,14,9,2020,07:45:00,1,35,35278,2,6,1,3,"CHESNAIS BEAUREGARD (RUE DU)","48,1371494"," -1,6893592",202000011272,154 722 424,B01,0,1,0,2,7,0,0,NULL,202000011272,154 722 424,B01,1,1,4,2,1962,0,2,0,-1,-1," -1",-1,202000011272,4,"CHESNAIS BEAUREGARD (RUE DU)",0,NULL,2,4,0,1,0,0,1,NULL," -1",1,0,1,50
202000011272,14,9,2020,07:45:00,1,35,35278,2,6,1,3,"CHESNAIS BEAUREGARD (RUE DU)","48,1371494"," -1,6893592",202000011272,154 722 424,B01,0,1,0,2,7,0,0,NULL,202000011272,154 722 425,A01,1,1,1,1,1961,0,1,0,-1,-1," -1",-1,202000011272,4,"CHESNAIS BEAUREGARD (RUE DU)",0,NULL,2,4,0,1,0,0,1,NULL," -1",1,0,1,50
202000011660,12,6,2020,18:45:00,1,66,66136,2,1,1,2,"CLEMENCEAU (BOULEVARD)","42,6991800","2,8885600",202000011660,154 721 730,A01,1,1,0,2,1,1,5,NULL,202000011660,154 721 730,A01,1,1,4,1,2006,5,8,0,-1,-1," -1",-1,202000011660,4,"CLEMENCEAU (BOULEVARD)",0,NULL,2,3,0,1,0,0,1,NULL," -1",1,0,1,50
202000011660,12,6,2020,18:45:00,1,66,66136,2,1,1,2,"CLEMENCEAU (BOULEVARD)","42,6991800","2,8885600",202000011660,154 721 730,A01,1,1,0,2,1,1,5,NULL,202000011660,154 721 731,B01,1,1,1,1,1950,5,1,0,-1,-1," -1",-1,202000011660,4,"CLEMENCEAU (BOULEVARD)",0,NULL,2,3,0,1,0,0,1,NULL," -1",1,0,1,50
202000012186,26,12,2020,17:40:00,1,971,97101,2,1,1,1,"Bd René Serge NABAJOTH","16,2790005"," -61,5038681",202000012186,154 720 831,A01,3,1,0,2,2,21,5,NULL,202000012186,154 720 830,B01,1,1,4,2,1997,0,8,0,-1,-1," -1",-1,202000012186,4,NULL,0,NULL,2,2,0,1,0,0,1,NULL," -1",1,6,1,50
202000012186,26,12,2020,17:40:00,1,971,97101,2,1,1,1,"Bd René Serge NABAJOTH","16,2790005"," -61,5038681",202000012186,154 720 831,A01,3,1,0,2,2,21,5,NULL,202000012186,154 720 831,A01,1,1,3,1,2005,0,8,0,-1,-1," -1",-1,202000012186,4,NULL,0,NULL,2,2,0,1,0,0,1,NULL," -1",1,6,1,50
202000012627,11,5,2020,17:20:00,1,33,33529,1,8,2,3,"RN250 / voie ferrée","44,6181200"," -1,1311300",202000012627,154 720 068,B01,1,1,0,2,8,19,5,NULL,202000012627,154 720 068,B01,1,1,4,1,1998,5,8,-1,-1,-1," -1",-1,202000012627,2,250,0,NULL,2,2,0,1,41,245,2,NULL,7,2,0,1,80
202000012627,11,5,2020,17:20:00,1,33,33529,1,8,2,3,"RN250 / voie ferrée","44,6181200"," -1,1311300",202000012627,154 720 068,B01,1,1,0,2,8,19,5,NULL,202000012627,154 720 069,A01,1,1,1,1,1979,5,1,-1,-1,-1," -1",-1,202000012627,2,250,0,NULL,2,2,0,1,41,245,2,NULL,7,2,0,1,80
202000013242,16,7,2020,17:51:00,1,69,69179,1,1,1,2,"Route de Mornant","45,5908140","4,7273540",202000013242,154 719 010,B01,1,1,0,0,4,1,5,NULL,202000013242,154 719 010,B01,1,1,4,1,1969,5,2,-1,-1,0,0,-1,202000013242,3,2,-1,NULL,2,2,0,1,4,200,1,NULL," -1",1,0,1,80
202000013242,16,7,2020,17:51:00,1,69,69179,1,1,1,2,"Route de Mornant","45,5908140","4,7273540",202000013242,154 719 010,B01,1,1,0,0,4,1,5,NULL,202000013242,154 719 011,A01,1,1,1,2,1977,0,1,-1,-1,0,0,-1,202000013242,3,2,-1,NULL,2,2,0,1,4,200,1,NULL," -1",1,0,1,80
202000016358,10,11,2020,08:15:00,1,94,94081,2,1,1,1,"EUGENE PELLETAN (AV)","48,7927500","2,3865700",202000016358,154 713 465,B01,1,1,15,2,1,1,0,NULL,202000016358,154 713 464,A01,1,1,1,1,1968,1,8,4,-1,-1," -1",-1,202000016358,3,"EUGENE PELLETAN (AV)",0,NULL,2,2,1,1,(1),(1),1,NULL," -1",2,0,5,50
202000016358,10,11,2020,08:15:00,1,94,94081,2,1,1,1,"EUGENE PELLETAN (AV)","48,7927500","2,3865700",202000016358,154 713 465,B01,1,1,15,2,1,1,0,NULL,202000016358,154 713 465,B01,1,1,4,2,1968,1,8,0,-1,-1," -1",-1,202000016358,3,"EUGENE PELLETAN (AV)",0,NULL,2,2,1,1,(1),(1),1,NULL," -1",2,0,5,50