Num_Acc,jour,mois,an,hrmn,lum,dep,com,agg,int,atm,col,adr,lat,long,Num_Acc,id_vehicule,num_veh,senc,catv,obs,obsm,choc,manv,motor,occutc,Num_Acc,id_vehicule,num_veh,place,catu,grav,sexe,an_nais,trajet,secu1,secu2,secu3,locp,actp,etatp,Num_Acc,catr,voie,v1,v2,circ,nbv,vosp,prof,pr,pr1,plan,lartpc,larrout,surf,infra,situ,vma
202000013854,10,8,2020,11:20:00,1,33,33005,2,2,1,3,"Boulevard du Maréchal Juin","44,7328060"," -1,0792380",202000013854,154 717 919,A01,2,1,0,2,8,9,5,NULL,202000013854,154 717 918,B01,1,1,4,1,1946,5,2,6,-1,0,0,-1,202000013854,3,802,-1,NULL,2,2,0,1,7,130,1,NULL," -1",1,0,8,50
202000013854,10,8,2020,11:20:00,1,33,33005,2,2,1,3,"Boulevard du Maréchal Juin","44,7328060"," -1,0792380",202000013854,154 717 919,A01,2,1,0,2,8,9,5,NULL,202000013854,154 717 919,A01,1,1,4,1,1945,5,0,-1,-1,0,0,-1,202000013854,3,802,-1,NULL,2,2,0,1,7,130,1,NULL," -1",1,0,8,50
202000014867,15,7,2020,11:10:00,1,17,17380,2,2,1,1,"GRANDE COTE (AVENUE DE LA)","45,6465000"," -1,1017500",202000014867,154 716 199,B01,0,1,0,0,0,0,5,NULL,202000014867,154 716 197,A01,1,1,1,1,1942,5,1,0,-1,-1," -1",-1,202000014867,4,"GRANDE COTE (AVENUE DE LA)",0,NULL,-1,1,1,1,0,0,1,NULL," -1",1,0,5,50
202000014867,15,7,2020,11:10:00,1,17,17380,2,2,1,1,"GRANDE COTE (AVENUE DE LA)","45,6465000"," -1,1017500",202000014867,154 716 199,B01,0,1,0,0,0,0,5,NULL,202000014867,154 716 199,B01,1,1,4,1,1947,5,2,6,-1,-1," -1",-1,202000014867,4,"GRANDE COTE (AVENUE DE LA)",0,NULL,-1,1,1,1,0,0,1,NULL," -1",1,0,5,50
202000015269,12,9,2020,15:35:00,1,94,94081,2,1,1,6,"COMMUNE DE PARIS (AV DE LA)","48,7890800","2,3882800",202000015269,154 715 435,A01,3,1,15,1,1,25,5,NULL,202000015269,154 715 435,A01,10,3,4,1,2013,5,0,-1,-1,5,2,2,202000015269,9,"COMMUNE DE PARIS (AV DE LA)",0,NULL,-1,0,0,2,0,0,1,NULL," -1",1,6,4,50
202000015269,12,9,2020,15:35:00,1,94,94081,2,1,1,6,"COMMUNE DE PARIS (AV DE LA)","48,7890800","2,3882800",202000015269,154 715 435,A01,3,1,15,1,1,25,5,NULL,202000015269,154 715 435,A01,1,1,1,1,2006,5,8,0,-1,-1," -1",-1,202000015269,9,"COMMUNE DE PARIS (AV DE LA)",0,NULL,-1,0,0,2,0,0,1,NULL," -1",1,6,4,50
202000015425,13,6,2020,17:10:00,1,03,03185,2,1,1,3,"Avenue Jean Nègre","46,3485812","2,5829981",202000015425,154 715 170,B01,3,1,0,2,8,11,5,NULL,202000015425,154 715 170,B01,1,1,4,1,1941,5,8,0,-1,-1," -1",-1,202000015425,4,"avenue Jean Nègre",0,NULL,1,2,0,1,(1),(1),1,NULL," -1",1,0,1,50
202000015816,9,10,2020,06:48:00,1,973,97302,2,1,1,1,"RABAN (ROUTE DE)","4,9341114"," -52,3137081",202000015816,154 714 453,B01,0,1,0,2,1,5,0,NULL,202000015816,154 714 452,A01,1,1,1,1,1961,1,2,8,-1,-1," -1",-1,202000015816,4,"RABAN (ROUTE DE)",0,NULL,2,2,0,1,(1),(1),1,NULL," -1",1,0,3,50
202000015816,9,10,2020,06:48:00,1,973,97302,2,1,1,1,"RABAN (ROUTE DE)","4,9341114"," -52,3137081",202000015816,154 714 453,B01,0,1,0,2,1,5,0,NULL,202000015816,154 714 453,B01,1,1,4,1,2007,0,8,0,-1,-1," -1",-1,202000015816,4,"RABAN (ROUTE DE)",0,NULL,2,2,0,1,(1),(1),1,NULL," -1",1,0,3,50
202000018379,30,4,2020,12:20:00,1,75,75119,2,7,1,3,"PLACE AUGUSTE BARON","48,9008490","2,3889510",202000018379,154 709 932,B01,1,1,0,2,8,19,5,NULL,202000018379,154 709 931,A01,1,1,1,1,1986,4,1,0,-1,0,0,-1,202000018379,4,NULL,0,NULL,1,2,0,1,0,0,1,NULL," -1",1,0,1,50
202000018379,30,4,2020,12:20:00,1,75,75119,2,7,1,3,"PLACE AUGUSTE BARON","48,9008490","2,3889510",202000018379,154 709 932,B01,1,1,0,2,8,19,5,NULL,202000018379,154 709 932,B01,1,1,4,1,1990,4,2,6,-1,0,0,-1,202000018379,4,NULL,0,NULL,1,2,0,1,0,0,1,NULL," -1",1,0,1,50
202000020218,28,4,2020,11:38:00,1,75,75109,2,1,1,6,"RUE NOTRE DAME DE LORETTE","48,8770280","2,3389310",202000020218,154 706 632,A01,2,1,12,0,3,13,5,NULL,202000020218,154 706 632,A01,1,1,4,2,1971,4,8,0,-1,0,0,-1,202000020218,4,NULL,0,NULL,-1,2,2,2,0,0,1,NULL," -1",1,-1,5,50
202000021791,8,11,2020,17:05:00,1,974,97407,2,1,1,6,VERGES(AVENUE)," -20,9395900","55,3027700",202000021791,154 703 871,A01,1,1,0,1,1,25,5,NULL,202000021791,154 703 871,A01,10,3,4,2,1987,1,8,8,-1,5,3,1,202000021791,9,VERGES(AVENUE),0,NULL,-1,0,0,1,0,0,1,NULL," -1",1,0,4,30
202000021911,10,11,2020,13:00:00,1,75,75110,2,3,2,3,"BOULEVARD DE MAGENTA","48,8757540","2,3563620",202000021911,154 703 667,B01,2,1,0,2,1,1,5,NULL,202000021911,154 703 667,B01,1,1,4,1,2004,9,8,0,-1,0,0,-1,202000021911,4,NULL,0,NULL,1,4,1,1,0,0,1,NULL," -1",2,-1,5,50
202000021911,10,11,2020,13:00:00,1,75,75110,2,3,2,3,"BOULEVARD DE MAGENTA","48,8757540","2,3563620",202000021911,154 703 667,B01,2,1,0,2,1,1,5,NULL,202000021911,154 703 668,A01,1,1,1,1,1976,4,1,0,-1,0,0,-1,202000021911,4,NULL,0,NULL,1,4,1,1,0,0,1,NULL," -1",2,-1,5,50
202000022372,20,1,2020,19:30:00,5,75,75110,2,1,1,6,"BOULEVARD DE STRASBOURG","48,8711531","2,3552950",202000022372,154 702 860,A01,2,1,0,1,1,1,5,NULL,202000022372,154 702 860,A01,1,1,1,2,1985,1,8,2,-1,0,0,-1,202000022372,4,NULL,0,NULL,1,4,1,2,33,0,1,NULL," -1",1,-1,5,50
202000022372,20,1,2020,19:30:00,5,75,75110,2,1,1,6,"BOULEVARD DE STRASBOURG","48,8711531","2,3552950",202000022372,154 702 860,A01,2,1,0,1,1,1,5,NULL,202000022372,154 702 860,A01,10,3,4,1,1964,5,0,-1,-1,2,3,1,202000022372,4,NULL,0,NULL,1,4,1,2,33,0,1,NULL," -1",1,-1,5,50
202000022955,7,9,2020,11:30:00,1,88,88160,2,1,1,1,"CHIPOTTE (RUE DE LA)","48,1791000","6,4475000",202000022955,154 701 845,B01,1,1,0,2,1,5,0,NULL,202000022955,154 701 844,A01,1,1,1,1,1995,5,1,0,-1,-1," -1",-1,202000022955,4,"CHIPOTTE (RUE DE LA)",0,NULL,3,2,0,1,0,0,2,NULL," -1",1,0,1,50
202000022955,7,9,2020,11:30:00,1,88,88160,2,1,1,1,"CHIPOTTE (RUE DE LA)","48,1791000","6,4475000",202000022955,154 701 845,B01,1,1,0,2,1,5,0,NULL,202000022955,154 701 845,B01,1,1,3,1,1988,5,2,0,-1,-1," -1",-1,202000022955,4,"CHIPOTTE (RUE DE LA)",0,NULL,3,2,0,1,0,0,2,NULL," -1",1,0,1,50
202000023712,3,11,2020,06:35:00,5,53,53097,2,6,9,3,"Boulevard du Maréchal de Lattre de Tassigny","48,1478060"," -0,4127490",202000023712,154 700 508,B01,1,1,0,2,7,1,5,NULL,202000023712,154 700 507,A01,1,1,1,1,1967,1,1,-1,-1,0,0,-1,202000023712,3,32,0,D,2,2,0,1,12,(1),1,NULL," -1",2,0,1,70
202000023712,3,11,2020,06:35:00,5,53,53097,2,6,9,3,"Boulevard du Maréchal de Lattre de Tassigny","48,1478060"," -0,4127490",202000023712,154 700 508,B01,1,1,0,2,7,1,5,NULL,202000023712,154 700 508,B01,1,1,3,2,2000,1,9,-1,-1,0,0,-1,202000023712,3,32,0,D,2,2,0,1,12,(1),1,NULL," -1",2,0,1,70
202000026400,7,7,2020,21:05:00,1,94,94043,2,1,1,6,"FONTAINEBLEAU (AV DE)","48,8131900","2,3612500",202000026400,154 695 807,Z01,2,1,0,1,1,1,5,NULL,202000026400,154 695 807,Z01,10,3,4,1,1998,1,0,-1,-1,9,3,1,202000026400,3,"FONTAINEBLEAU (AV DE)",0,NULL,2,1,1,1,(1),(1),1,NULL," -1",1,0,4,50
202000026407,8,7,2020,09:30:00,1,93,93051,2,9,1,1,"MONT D'EST (BD)","48,8426418","2,5485471",202000026407,154 695 796,B01,-1,1,0,2,-1,-1,-1,NULL,202000026407,154 695 795,A01,1,1,1,2,2000,0,8,0,-1,-1," -1",-1,202000026407,3,"MONT D'EST (BD)",0,NULL,1,2,0,1,0,1,1,NULL," -1",1,9,8,50
202000026407,8,7,2020,09:30:00,1,93,93051,2,9,1,1,"MONT D'EST (BD)","48,8426418","2,5485471",202000026407,154 695 796,B01,-1,1,0,2,-1,-1,-1,NULL,202000026407,154 695 796,B01,1,1,4,2,1993,0,8,0,-1,-1," -1",-1,202000026407,3,"MONT D'EST (BD)",0,NULL,1,2,0,1,0,1,1,NULL," -1",1,9,8,50
202000026847,6,9,2020,17:05:00,1,75,75101,2,4,1,3,"RUE DE RIVOLI","48,8604840","2,3421380",202000026847,154 695 012,A01,1,1,0,2,3,11,5,NULL,202000026847,154 695 011,B01,1,1,4,2,1992,5,8,0,-1,0,0,-1,202000026847,4,NULL,0,NULL,2,3,1,1,0,0,1,NULL," -1",1,-1,5,30
202000026847,6,9,2020,17:05:00,1,75,75101,2,4,1,3,"RUE DE RIVOLI","48,8604840","2,3421380",202000026847,154 695 011,B01,2,1,0,2,3,1,5,NULL,202000026847,154 695 011,B01,1,1,4,2,1992,5,8,0,-1,0,0,-1,202000026847,4,NULL,0,NULL,2,3,1,1,0,0,1,NULL," -1",1,-1,5,30
202000026847,6,9,2020,17:05:00,1,75,75101,2,4,1,3,"RUE DE RIVOLI","48,8604840","2,3421380",202000026847,154 695 012,A01,1,1,0,2,3,11,5,NULL,202000026847,154 695 012,A01,1,1,1,1,1999,9,8,0,-1,0,0,-1,202000026847,4,NULL,0,NULL,2,3,1,1,0,0,1,NULL," -1",1,-1,5,30
202000026847,6,9,2020,17:05:00,1,75,75101,2,4,1,3,"RUE DE RIVOLI","48,8604840","2,3421380",202000026847,154 695 011,B01,2,1,0,2,3,1,5,NULL,202000026847,154 695 012,A01,1,1,1,1,1999,9,8,0,-1,0,0,-1,202000026847,4,NULL,0,NULL,2,3,1,1,0,0,1,NULL," -1",1,-1,5,30
202000029488,24,9,2020,12:55:00,1,86,86194,2,1,1,2,"Route de Parthenay","46,6019940","0,3151170",202000029488,154 690 430,B01,2,1,0,2,4,1,5,NULL,202000029488,154 690 430,B01,1,1,4,1,1996,9,2,8,-1,-1," -1",-1,202000029488,3,30,0,NULL,2,3,0,1,33,150,1,NULL," -1",1,0,1,50
202000029488,24,9,2020,12:55:00,1,86,86194,2,1,1,2,"Route de Parthenay","46,6019940","0,3151170",202000029488,154 690 430,B01,2,1,0,2,4,1,5,NULL,202000029488,154 690 431,A01,1,1,1,2,1952,9,1,8,-1,-1," -1",-1,202000029488,3,30,0,NULL,2,3,0,1,33,150,1,NULL," -1",1,0,1,50
202000030135,15,1,2020,10:00:00,1,91,91377,2,6,1,2,"BASCH (RUE VICTOR)","48,7276000","2,2733000",202000030135,154 689 283,B01,3,1,0,2,4,1,5,NULL,202000030135,154 689 282,A01,1,1,1,1,1969,1,1,0,-1,-1," -1",-1,202000030135,4,"BASCH (RUE VICTOR)",0,NULL,1,2,0,1,0,0,2,NULL," -1",1,0,1,50
202000030135,15,1,2020,10:00:00,1,91,91377,2,6,1,2,"BASCH (RUE VICTOR)","48,7276000","2,2733000",202000030135,154 689 283,B01,3,1,0,2,4,1,5,NULL,202000030135,154 689 283,B01,1,1,4,1,1991,1,2,0,-1,-1," -1",-1,202000030135,4,"BASCH (RUE VICTOR)",0,NULL,1,2,0,1,0,0,2,NULL," -1",1,0,1,50
202000031155,30,10,2020,15:30:00,1,75,75118,2,2,8,6,"RUE LAMARCK","48,8911220","2,3293980",202000031155,154 687 577,A01,2,1,0,1,7,1,5,NULL,202000031155,154 687 577,A01,10,3,4,1,1987,9,8,8,-1,3,3,1,202000031155,4,NULL,0,NULL,1,0,0,2,0,0,3,NULL," -1",1,0,1,50
202000031155,30,10,2020,15:30:00,1,75,75118,2,2,8,6,"RUE LAMARCK","48,8911220","2,3293980",202000031155,154 687 577,A01,2,1,0,1,7,1,5,NULL,202000031155,154 687 577,A01,1,1,4,1,1971,1,2,0,-1,0,0,-1,202000031155,4,NULL,0,NULL,1,0,0,2,0,0,3,NULL," -1",1,0,1,50
202000031590,29,9,2020,16:41:00,1,49,49267,2,1,1,2,MARMITIERE,"47,4705600"," -0,4916500",202000031590,154 686 838,B01,1,1,0,2,0,0,5,NULL,202000031590,154 686 838,B01,1,1,4,1,2009,0,8,0,-1,-1," -1",-1,202000031590,4,NULL,0,NULL,-1,2,0,1,0,0,1,NULL," -1",1,0,1,30
202000031590,29,9,2020,16:41:00,1,49,49267,2,1,1,2,MARMITIERE,"47,4705600"," -0,4916500",202000031590,154 686 838,B01,1,1,0,2,0,0,5,NULL,202000031590,154 686 839,A01,1,1,1,2,1983,0,1,0,-1,-1," -1",-1,202000031590,4,NULL,0,NULL,-1,2,0,1,0,0,1,NULL," -1",1,0,1,30
202000031594,28,9,2020,08:45:00,1,44,44109,2,6,1,3,"Boulevard de la Prairie au Duc","47,2046200"," -1,5626200",202000031594,154 686 833,B01,0,1,0,2,1,1,2,NULL,202000031594,154 686 832,A01,1,1,1,1,1987,4,1,0,-1,-1," -1",-1,202000031594,4,NULL,0,NULL,2,0,0,1,1,0,1,NULL," -1",1,0,1,30
202000031594,28,9,2020,08:45:00,1,44,44109,2,6,1,3,"Boulevard de la Prairie au Duc","47,2046200"," -1,5626200",202000031594,154 686 833,B01,0,1,0,2,1,1,2,NULL,202000031594,154 686 833,B01,1,1,2,2,1989,1,2,0,-1,-1," -1",-1,202000031594,4,NULL,0,NULL,2,0,0,1,1,0,1,NULL," -1",1,0,1,30
202000032317,5,7,2020,13:13:00,1,14,14257,2,1,1,1,"Rue d'Yverdon","49,1004032"," -0,4998631",202000032317,154 685 591,A01,1,1,0,2,1,13,5,NULL,202000032317,154 685 591,A01,1,1,3,1,1994,5,2,-1,-1,0,0,-1,202000032317,3,41,-1,NULL,2,2,0,3,0,35,1,NULL," -1",1,0,1,50
202000032317,5,7,2020,13:13:00,1,14,14257,2,1,1,1,"Rue d'Yverdon","49,1004032"," -0,4998631",202000032317,154 685 591,A01,1,1,0,2,1,13,5,NULL,202000032317,154 685 592,B01,1,1,1,1,1950,5,1,-1,-1,0,0,-1,202000032317,3,41,-1,NULL,2,2,0,3,0,35,1,NULL," -1",1,0,1,50
202000035250,23,10,2020,14:05:00,1,49,49007,2,1,1,7,LETANDUERE,"47,4644200"," -0,5554000",202000035250,154 680 458,A01,0,1,0,2,1,1,5,NULL,202000035250,154 680 458,A01,1,1,4,1,1977,1,8,0,-1,-1," -1",-1,202000035250,4,LETANDUERE,0,NULL,-1,2,0,1,1,0,1,NULL," -1",1,0,1,50
202000036007,3,7,2020,19:40:00,1,70,70528,2,1,1,2,"Rue de l'Eglise","47,4199720","5,7032230",202000036007,154 679 102,B01,0,1,0,2,4,2,5,NULL,202000036007,154 679 102,B01,1,1,4,1,2008,5,2,-1,-1,0,0,-1,202000036007,4,NULL,-1,NULL,2,1,0,1,(1),(1),1,NULL," -1",1,0,1,-1
202000038702,8,2,2020,07:30:00,2,75,75105,2,2,1,3,"QUAI SAINT MICHEL","48,8530900","2,3468430",202000038702,154 674 337,A01,2,1,0,2,1,1,5,NULL,202000038702,154 674 337,A01,1,1,4,1,1990,1,8,0,-1,0,0,-1,202000038702,4,NULL,0,NULL,1,3,1,1,0,0,1,NULL,"10,5",1,-1,5,50
202000038702,8,2,2020,07:30:00,2,75,75105,2,2,1,3,"QUAI SAINT MICHEL","48,8530900","2,3468430",202000038702,154 674 337,A01,2,1,0,2,1,1,5,NULL,202000038702,154 674 339,B01,1,1,1,1,1978,1,1,0,-1,0,0,-1,202000038702,4,NULL,0,NULL,1,3,1,1,0,0,1,NULL,"10,5",1,-1,5,50
202000038824,8,1,2020,08:15:00,1,94,94041,2,2,8,3,"VERDUN (AV DE)","48,8089000","2,3732700",202000038824,154 674 126,B01,2,1,0,2,3,1,5,NULL,202000038824,154 674 126,B01,1,1,4,1,1980,1,2,0,-1,-1," -1",-1,202000038824,3,5,0,NULL,2,2,3,1,0,1,1,NULL," -1",1,8,1,50
202000039580,30,6,2020,14:55:00,1,75,75108,2,5,8,7,"RUE DE SAINT PETERSBOURG","48,8806980","2,3247830",202000039580,154 672 784,A01,2,1,0,0,8,17,5,NULL,202000039580,154 672 784,A01,1,1,4,1,2004,5,8,0,-1,0,0,-1,202000039580,4,NULL,0,NULL,2,2,0,2,0,0,1,NULL," -1",1,8,1,50
202000040314,29,8,2020,19:08:00,1,75,75113,2,4,1,3,"BOULEVARD DE L HOPITAL","48,8399860","2,3617690",202000040314,154 671 515,A01,1,1,0,2,1,16,5,NULL,202000040314,154 671 514,B01,1,1,1,1,1993,4,1,0,-1,0,0,-1,202000040314,4,NULL,0,NULL,2,4,0,1,0,0,1,NULL," -1",1,0,1,50
202000040314,29,8,2020,19:08:00,1,75,75113,2,4,1,3,"BOULEVARD DE L HOPITAL","48,8399860","2,3617690",202000040314,154 671 515,A01,1,1,0,2,1,16,5,NULL,202000040314,154 671 515,A01,1,1,4,1,1980,9,8,0,-1,0,0,-1,202000040314,4,NULL,0,NULL,2,4,0,1,0,0,1,NULL," -1",1,0,1,50
202000040941,28,7,2020,18:40:00,1,75,75110,2,4,1,-1,"BOULEVARD DE MAGENTA","48,8731820","2,3588430",202000040941,154 670 404,A01,2,1,0,2,1,1,5,NULL,202000040941,154 670 404,A01,1,1,4,2,1993,1,8,0,-1,0,0,-1,202000040941,4,NULL,0,NULL,1,1,1,1,0,0,1,NULL," -1",1,-1,5,50
202000042408,27,7,2020,13:10:00,1,75,75113,2,4,1,5,"RUE DE TOLBIAC","48,8256890","2,3479990",202000042408,154 667 767,B01,2,1,0,2,1,2,5,NULL,202000042408,154 667 766,A01,1,1,1,2,1950,5,1,0,-1,0,0,-1,202000042408,4,NULL,0,NULL,2,3,0,1,0,0,1,NULL," -1",1,0,1,50
202000042408,27,7,2020,13:10:00,1,75,75113,2,4,1,5,"RUE DE TOLBIAC","48,8256890","2,3479990",202000042408,154 667 767,B01,2,1,0,2,1,2,5,NULL,202000042408,154 667 767,B01,1,1,4,2,1999,9,2,0,-1,0,0,-1,202000042408,4,NULL,0,NULL,2,3,0,1,0,0,1,NULL," -1",1,0,1,50
202000042408,27,7,2020,13:10:00,1,75,75113,2,4,1,5,"RUE DE TOLBIAC","48,8256890","2,3479990",202000042408,154 667 767,B01,2,1,0,2,1,2,5,NULL,202000042408,154 667 769,C01,1,1,1,1,1984,4,1,0,-1,0,0,-1,202000042408,4,NULL,0,NULL,2,3,0,1,0,0,1,NULL," -1",1,0,1,50
202000047401,23,7,2020,14:30:00,1,75,75112,2,1,1,3,"ROUTE DE LA FERME","48,8221830","2,4545110",202000047401,154 658 963,B01,1,1,0,2,1,1,5,NULL,202000047401,154 658 962,A01,1,1,1,2,1992,1,1,0,-1,0,0,-1,202000047401,4,NULL,0,NULL,2,2,0,2,0,0,1,NULL," -1",1,0,1,50
202000047401,23,7,2020,14:30:00,1,75,75112,2,1,1,3,"ROUTE DE LA FERME","48,8221830","2,4545110",202000047401,154 658 963,B01,1,1,0,2,1,1,5,NULL,202000047401,154 658 963,B01,1,1,4,2,1943,5,2,0,-1,0,0,-1,202000047401,4,NULL,0,NULL,2,2,0,2,0,0,1,NULL," -1",1,0,1,50
202000007716,21,7,2020,07:40:00,1,973,97309,2,1,1,2,"Rue Passiflore","4,8923640"," -52,2853460",202000007716,154 728 679,B01,2,1,0,2,1,2,5,NULL,202000007716,154 728 677,A01,1,1,1,1,1962,1,1,-1,-1,0,0,-1,202000007716,4,"Rue passiflore",0,NULL,2,2,0,1,(1),(1),1,NULL," -1",2,0,1,50
202000007716,21,7,2020,07:40:00,1,973,97309,2,1,1,2,"Rue Passiflore","4,8923640"," -52,2853460",202000007716,154 728 679,B01,2,1,0,2,1,2,5,NULL,202000007716,154 728 679,B01,1,1,3,1,1999,0,0,-1,-1,0,0,-1,202000007716,4,"Rue passiflore",0,NULL,2,2,0,1,(1),(1),1,NULL," -1",2,0,1,50
202000008645,23,11,2020,16:15:00,1,75,75112,2,1,1,3,"AVENUE DAUMESNIL","48,8380070","2,3998980",202000008645,154 727 058,A01,1,1,0,2,0,1,5,NULL,202000008645,154 727 058,A01,1,1,4,1,1961,9,2,0,-1,0,0,-1,202000008645,4,NULL,0,NULL,2,3,1,2,0,0,1,NULL," -1",1,-1,5,50
202000011702,15,6,2020,08:55:00,1,75,75114,2,7,1,3,"AVENUE DENFERT ROCHEREAU","48,8345450","2,3326150",202000011702,154 721 659,B01,1,1,0,2,1,7,5,NULL,202000011702,154 721 659,B01,1,1,4,2,1969,1,2,0,-1,0,0,-1,202000011702,4,NULL,0,NULL,1,4,3,1,0,0,3,NULL," -1",1,-1,6,50
202000011702,15,6,2020,08:55:00,1,75,75114,2,7,1,3,"AVENUE DENFERT ROCHEREAU","48,8345450","2,3326150",202000011702,154 721 659,B01,1,1,0,2,1,7,5,NULL,202000011702,154 721 660,A01,1,1,1,1,1953,1,1,0,-1,0,0,-1,202000011702,4,NULL,0,NULL,1,4,3,1,0,0,3,NULL," -1",1,-1,6,50
202000013203,16,7,2020,18:30:00,1,14,14406,2,3,7,3,"1 Chemin de la Baronnie","49,2527610"," -0,5609090",202000013203,154 719 076,B01,2,1,0,2,1,15,5,NULL,202000013203,154 719 076,B01,1,1,4,1,1958,5,2,-1,-1,0,0,-1,202000013203,3,126,-1,NULL,2,2,0,1,(1),(1),1,NULL," -1",1,0,1,50
202000013203,16,7,2020,18:30:00,1,14,14406,2,3,7,3,"1 Chemin de la Baronnie","49,2527610"," -0,5609090",202000013203,154 719 076,B01,2,1,0,2,1,15,5,NULL,202000013203,154 719 077,A01,1,1,1,1,1982,1,1,-1,-1,0,0,-1,202000013203,3,126,-1,NULL,2,2,0,1,(1),(1),1,NULL," -1",1,0,1,50
202000013313,13,9,2020,12:53:00,1,29,29039,2,6,1,6,"Avenue Robert Jan","47,8778459"," -3,9250284",202000013313,154 718 873,A01,1,1,12,0,1,21,5,NULL,202000013313,154 718 873,A01,1,1,4,1,1939,5,2,8,-1,-1," -1",-1,202000013313,4,"JAN (RUE ROBERT)",0,NULL,3,2,0,2,0,0,3,NULL," -1",1,0,1,30
202000013532,15,6,2020,11:52:00,1,64,64483,2,1,1,3,"LARRAMENDY PIERRE (AVENUE)","43,3848300"," -1,6615600",202000013532,154 718 486,A01,1,1,0,2,1,1,5,NULL,202000013532,154 718 486,A01,1,1,4,2,1948,0,8,0,-1,-1," -1",-1,202000013532,4,"LARRAMENDY PIERRE (AVENUE)",0,NULL,2,2,1,1,26,500,1,NULL," -1",1,0,1,50
202000013532,15,6,2020,11:52:00,1,64,64483,2,1,1,3,"LARRAMENDY PIERRE (AVENUE)","43,3848300"," -1,6615600",202000013532,154 718 486,A01,1,1,0,2,1,1,5,NULL,202000013532,154 718 487,B01,1,1,1,1,1974,4,1,0,-1,-1," -1",-1,202000013532,4,"LARRAMENDY PIERRE (AVENUE)",0,NULL,2,2,1,1,26,500,1,NULL," -1",1,0,1,50
202000016161,22,12,2020,09:00:00,1,51,51454,2,1,2,2,"Boulevard Paul Doumer","49,2508009","4,0226442",202000016161,154 713 830,B01,1,1,0,0,4,1,5,NULL,202000016161,154 713 830,B01,1,1,4,1,1997,0,8,-1,-1,-1," -1",-1,202000016161,4,NULL,0,NULL,2,4,0,1,(1),(1),1,NULL," -1",2,0,1,50
202000016161,22,12,2020,09:00:00,1,51,51454,2,1,2,2,"Boulevard Paul Doumer","49,2508009","4,0226442",202000016161,154 713 830,B01,1,1,0,0,4,1,5,NULL,202000016161,154 713 831,A01,1,1,1,2,1994,1,1,-1,-1,-1," -1",-1,202000016161,4,NULL,0,NULL,2,4,0,1,(1),(1),1,NULL," -1",2,0,1,50
202000016907,14,7,2020,07:10:00,1,2B,2B346,2,9,1,3,"58 Arena","42,5004410","9,4658960",202000016907,154 712 508,B01,2,1,0,2,2,1,5,NULL,202000016907,154 712 508,B01,1,1,4,1,1975,5,2,-1,-1,0,0,-1,202000016907,2,10,0,T,3,2,0,1,144,312,1,NULL," -1",1,0,3,50
202000016907,14,7,2020,07:10:00,1,2B,2B346,2,9,1,3,"58 Arena","42,5004410","9,4658960",202000016907,154 712 508,B01,2,1,0,2,2,1,5,NULL,202000016907,154 712 509,A01,1,1,1,1,1991,9,8,-1,-1,0,0,-1,202000016907,2,10,0,T,3,2,0,1,144,312,1,NULL," -1",1,0,3,50
202000018739,11,7,2020,00:02:00,5,75,75103,2,2,1,-1,"BOULEVARD DES FILLES DU CALVAIRE","48,8624720","2,3668890",202000018739,154 709 286,A01,2,1,0,2,4,12,5,NULL,202000018739,154 709 286,A01,1,1,3,1,2002,9,2,0,-1,0,0,-1,202000018739,4,NULL,0,NULL,2,4,3,1,0,0,1,NULL," -1",1,-1,6,50
202000020189,12,11,2020,10:25:00,1,75,75115,2,1,1,6,"RUE FONDARY","48,8460740","2,2984090",202000020189,154 706 684,A01,1,1,0,1,7,25,5,NULL,202000020189,154 706 684,A01,10,3,4,1,1947,5,0,-1,-1,5,1,1,202000020189,4,NULL,0,NULL,2,2,0,1,0,0,1,NULL," -1",1,0,4,30
202000020189,12,11,2020,10:25:00,1,75,75115,2,1,1,6,"RUE FONDARY","48,8460740","2,2984090",202000020189,154 706 684,A01,1,1,0,1,7,25,5,NULL,202000020189,154 706 684,A01,1,1,1,1,1942,5,2,0,-1,0,0,-1,202000020189,4,NULL,0,NULL,2,2,0,1,0,0,1,NULL," -1",1,0,4,30
202000021322,9,6,2020,17:45:00,1,93,93048,2,1,1,3,"CHANZY (BOULEVARD)","48,8584900","2,4311800",202000021322,154 704 697,A01,1,1,0,0,3,9,5,NULL,202000021322,154 704 697,A01,1,1,4,1,1993,-1,0,-1,-1,-1," -1",-1,202000021322,3,"CHANZY (BOULEVARD)",0,NULL,2,2,1,1,0,1,1,NULL," -1",1,0,1,50
202000021322,9,6,2020,17:45:00,1,93,93048,2,1,1,3,"CHANZY (BOULEVARD)","48,8584900","2,4311800",202000021322,154 704 697,A01,1,1,0,0,3,9,5,NULL,202000021322,154 704 698,B01,1,1,4,1,1951,-1,0,-1,-1,-1," -1",-1,202000021322,3,"CHANZY (BOULEVARD)",0,NULL,2,2,1,1,0,1,1,NULL," -1",1,0,1,50
202000026742,8,9,2020,08:50:00,1,38,38410,1,1,1,2,"Route de Saint Marcellin","45,0850660","5,1996120",202000026742,154 695 204,B01,1,1,0,0,4,1,5,NULL,202000026742,154 695 204,B01,1,1,3,1,1945,0,2,-1,-1,0,0,-1,202000026742,3,1092,0,NULL,2,2,0,1,160,30,1,NULL," -1",1,0,1,80