Num_Acc,jour,mois,an,hrmn,lum,dep,com,agg,int,atm,col,adr,lat,long,Num_Acc,id_vehicule,num_veh,senc,catv,obs,obsm,choc,manv,motor,occutc,Num_Acc,id_vehicule,num_veh,place,catu,grav,sexe,an_nais,trajet,secu1,secu2,secu3,locp,actp,etatp,Num_Acc,catr,voie,v1,v2,circ,nbv,vosp,prof,pr,pr1,plan,lartpc,larrout,surf,infra,situ,vma
202000026742,8,9,2020,08:50:00,1,38,38410,1,1,1,2,"Route de Saint Marcellin","45,0850660","5,1996120",202000026742,154 695 204,B01,1,1,0,0,4,1,5,NULL,202000026742,154 695 205,A01,1,1,1,1,1996,0,1,-1,-1,0,0,-1,202000026742,3,1092,0,NULL,2,2,0,1,160,30,1,NULL," -1",1,0,1,80
202000026964,2,8,2020,07:22:00,1,971,97116,1,1,7,4,"Rue du Moule - RN5","16,3152790"," -61,4827970",202000026964,154 694 824,C01,1,1,0,0,4,1,5,NULL,202000026964,154 694 822,A01,1,1,1,1,1989,1,1,-1,-1,0,0,-1,202000026964,2,5,0,NULL,2,2,0,1,(1),(1),3,NULL," -1",1,0,2,80
202000026964,2,8,2020,07:22:00,1,971,97116,1,1,7,4,"Rue du Moule - RN5","16,3152790"," -61,4827970",202000026964,154 694 823,B01,1,1,0,0,4,1,5,NULL,202000026964,154 694 822,A01,1,1,1,1,1989,1,1,-1,-1,0,0,-1,202000026964,2,5,0,NULL,2,2,0,1,(1),(1),3,NULL," -1",1,0,2,80
202000026964,2,8,2020,07:22:00,1,971,97116,1,1,7,4,"Rue du Moule - RN5","16,3152790"," -61,4827970",202000026964,154 694 824,C01,1,1,0,0,4,1,5,NULL,202000026964,154 694 823,B01,1,1,4,1,1964,5,2,6,9,0,0,-1,202000026964,2,5,0,NULL,2,2,0,1,(1),(1),3,NULL," -1",1,0,2,80
202000026964,2,8,2020,07:22:00,1,971,97116,1,1,7,4,"Rue du Moule - RN5","16,3152790"," -61,4827970",202000026964,154 694 823,B01,1,1,0,0,4,1,5,NULL,202000026964,154 694 823,B01,1,1,4,1,1964,5,2,6,9,0,0,-1,202000026964,2,5,0,NULL,2,2,0,1,(1),(1),3,NULL," -1",1,0,2,80
202000026964,2,8,2020,07:22:00,1,971,97116,1,1,7,4,"Rue du Moule - RN5","16,3152790"," -61,4827970",202000026964,154 694 824,C01,1,1,0,0,4,1,5,NULL,202000026964,154 694 824,C01,1,1,4,1,1963,5,2,6,9,0,0,-1,202000026964,2,5,0,NULL,2,2,0,1,(1),(1),3,NULL," -1",1,0,2,80
202000026964,2,8,2020,07:22:00,1,971,97116,1,1,7,4,"Rue du Moule - RN5","16,3152790"," -61,4827970",202000026964,154 694 823,B01,1,1,0,0,4,1,5,NULL,202000026964,154 694 824,C01,1,1,4,1,1963,5,2,6,9,0,0,-1,202000026964,2,5,0,NULL,2,2,0,1,(1),(1),3,NULL," -1",1,0,2,80
202000028708,5,9,2020,20:20:00,2,54,54357,2,6,1,3,"LECLERC (RUE DU GENERAL)","48,7086277","6,1656623",202000028708,154 691 759,B01,3,1,0,2,0,1,5,NULL,202000028708,154 691 759,B01,1,1,4,1,1994,0,2,0,-1,-1," -1",-1,202000028708,4,NULL,0,NULL,2,2,0,1,0,0,1,NULL," -1",1,0,1,50
202000029767,30,9,2020,11:15:00,1,14,14228,2,6,1,3,"Voie des Alliés","49,2946350"," -0,3777350",202000029767,154 689 935,B01,2,1,0,0,7,1,5,NULL,202000029767,154 689 934,A01,1,1,1,2,1984,5,1,-1,-1,0,0,-1,202000029767,3,7,-1,NULL,2,2,0,1,11,989,1,NULL," -1",1,0,1,50
202000029767,30,9,2020,11:15:00,1,14,14228,2,6,1,3,"Voie des Alliés","49,2946350"," -0,3777350",202000029767,154 689 935,B01,2,1,0,0,7,1,5,NULL,202000029767,154 689 935,B01,1,1,3,2,1950,5,0,-1,-1,0,0,-1,202000029767,3,7,-1,NULL,2,2,0,1,11,989,1,NULL," -1",1,0,1,50
202000030571,14,2,2020,08:07:00,1,75,75108,2,1,1,3,"RUE DU HAVRE","48,8746050","2,3268550",202000030571,154 688 537,A01,2,1,0,2,8,13,5,NULL,202000030571,154 688 537,A01,1,1,4,1,1971,9,2,0,-1,0,0,-1,202000030571,4,NULL,0,NULL,1,3,0,2,5,0,1,NULL," -1",1,0,1,50
202000030571,14,2,2020,08:07:00,1,75,75108,2,1,1,3,"RUE DU HAVRE","48,8746050","2,3268550",202000030571,154 688 537,A01,2,1,0,2,8,13,5,NULL,202000030571,154 688 538,B01,1,1,1,1,1963,1,2,6,-1,0,0,-1,202000030571,4,NULL,0,NULL,1,3,0,2,5,0,1,NULL," -1",1,0,1,50
202000031178,2,8,2020,22:30:00,5,75,75111,2,3,1,2,"RUE OBERKAMPF","48,8664040","2,3804860",202000031178,154 687 539,A01,1,1,0,2,1,7,5,NULL,202000031178,154 687 539,A01,1,1,4,1,1999,5,8,0,-1,0,0,-1,202000031178,4,NULL,0,NULL,2,2,3,1,0,0,1,NULL," -1",1,-1,6,50
202000031178,2,8,2020,22:30:00,5,75,75111,2,3,1,2,"RUE OBERKAMPF","48,8664040","2,3804860",202000031178,154 687 539,A01,1,1,0,2,1,7,5,NULL,202000031178,154 687 540,B01,1,1,1,1,1978,5,1,0,-1,-1," -1",-1,202000031178,4,NULL,0,NULL,2,2,3,1,0,0,1,NULL," -1",1,-1,6,50
202000032673,13,2,2020,20:15:00,5,75,75118,2,1,2,6,"BOULEVARD DE LA CHAPELLE","48,8839960","2,3515320",202000032673,154 685 004,A01,1,1,0,1,1,1,5,NULL,202000032673,154 685 004,A01,10,3,4,2,1968,1,0,-1,-1,2,3,1,202000032673,4,NULL,0,NULL,1,2,1,1,102,0,1,NULL," -1",2,-1,5,30
202000032673,13,2,2020,20:15:00,5,75,75118,2,1,2,6,"BOULEVARD DE LA CHAPELLE","48,8839960","2,3515320",202000032673,154 685 004,A01,1,1,0,1,1,1,5,NULL,202000032673,154 685 004,A01,1,1,1,1,1989,1,8,0,-1,0,0,-1,202000032673,4,NULL,0,NULL,1,2,1,1,102,0,1,NULL," -1",2,-1,5,30
202000034889,31,7,2020,08:05:00,1,75,75115,2,2,1,3,"RUE LECOURBE","48,8450040","2,3106510",202000034889,154 681 099,B01,1,1,0,2,6,19,5,NULL,202000034889,154 681 099,B01,1,1,4,2,1970,1,8,0,-1,0,0,-1,202000034889,4,NULL,0,NULL,1,2,1,1,0,0,1,NULL," -1",1,-1,5,50
202000034889,31,7,2020,08:05:00,1,75,75115,2,2,1,3,"RUE LECOURBE","48,8450040","2,3106510",202000034889,154 681 099,B01,1,1,0,2,6,19,5,NULL,202000034889,154 681 100,A01,1,1,1,1,1973,1,2,6,-1,0,0,-1,202000034889,4,NULL,0,NULL,1,2,1,1,0,0,1,NULL," -1",1,-1,5,50
202000035821,31,5,2020,11:40:00,1,19,19107,1,1,1,3,"1 Dautrement","45,1020001","1,3873061",202000035821,154 679 439,B01,1,1,13,0,8,2,5,NULL,202000035821,154 679 436,A01,1,1,1,1,1958,4,1,-1,-1,0,0,-1,202000035821,3,60,-1,NULL,2,2,0,2,6,600,3,NULL,5,1,0,1,90
202000035821,31,5,2020,11:40:00,1,19,19107,1,1,1,3,"1 Dautrement","45,1020001","1,3873061",202000035821,154 679 439,B01,1,1,13,0,8,2,5,NULL,202000035821,154 679 439,B01,1,1,3,1,1952,5,2,-1,-1,0,0,-1,202000035821,3,60,-1,NULL,2,2,0,2,6,600,3,NULL,5,1,0,1,90
202000039886,26,10,2020,09:40:00,1,75,75104,2,1,1,3,"RUE SAINT PAUL","48,8545260","2,3626360",202000039886,154 672 264,A01,1,1,0,2,1,9,5,NULL,202000039886,154 672 263,B01,1,1,1,1,1987,4,1,0,-1,0,0,-1,202000039886,4,NULL,0,NULL,2,2,0,1,0,0,1,NULL," -1",1,0,1,30
202000039886,26,10,2020,09:40:00,1,75,75104,2,1,1,3,"RUE SAINT PAUL","48,8545260","2,3626360",202000039886,154 672 264,A01,1,1,0,2,1,9,5,NULL,202000039886,154 672 264,A01,1,1,4,1,1986,1,2,0,-1,0,0,-1,202000039886,4,NULL,0,NULL,2,2,0,1,0,0,1,NULL," -1",1,0,1,30
202000040865,24,9,2020,19:05:00,2,75,75117,2,2,2,7,"AVENUE DE CLICHY","48,8897130","2,3217140",202000040865,154 670 540,A01,1,1,0,0,1,1,5,NULL,202000040865,154 670 540,A01,1,1,4,1,1974,1,2,0,-1,0,0,-1,202000040865,4,NULL,0,NULL,2,2,3,2,0,0,1,NULL," -1",2,0,1,50
202000043003,4,2,2020,19:29:00,5,63,63113,2,1,1,-1,"BLATIN (RUE)","45,7766000","3,0764600",202000043003,154 666 695,B01,2,1,1,0,1,1,5,NULL,202000043003,154 666 694,A01,1,1,1,1,1996,0,1,0,-1,0,0,-1,202000043003,4,"BLATIN (RUE)",0,NULL,2,2,0,1,(1),(1),1,NULL," -1",1,0,1,50
202000043003,4,2,2020,19:29:00,5,63,63113,2,1,1,-1,"BLATIN (RUE)","45,7766000","3,0764600",202000043003,154 666 695,B01,2,1,1,0,1,1,5,NULL,202000043003,154 666 695,B01,1,1,4,1,1964,0,2,8,-1,0,0,-1,202000043003,4,"BLATIN (RUE)",0,NULL,2,2,0,1,(1),(1),1,NULL," -1",1,0,1,50
202000043996,22,9,2020,08:30:00,1,94,94046,2,1,1,7,"GENERAL DE GAULLE (AV DU)","48,8094660","2,4239870",202000043996,154 664 931,A01,1,1,0,0,1,25,5,NULL,202000043996,154 664 931,A01,1,1,4,1,2002,0,8,0,-1,-1," -1",-1,202000043996,3,6,0,NULL,2,0,1,1,0,1,1,NULL," -1",1,0,1,30
202000044268,25,6,2020,14:30:00,1,56,56098,2,3,2,3,"THOMAS ( ET  IMP. ALBERT )","47,7591200"," -3,3493700",202000044268,154 664 442,A01,2,1,0,2,1,1,5,NULL,202000044268,154 664 439,B01,1,1,1,2,1993,5,1,8,-1,-1," -1",-1,202000044268,4,"THOMAS ( ET  IMP. ALBERT )",0,NULL,2,2,0,1,0,0,1,NULL," -1",2,0,1,30
202000044268,25,6,2020,14:30:00,1,56,56098,2,3,2,3,"THOMAS ( ET  IMP. ALBERT )","47,7591200"," -3,3493700",202000044268,154 664 442,A01,2,1,0,2,1,1,5,NULL,202000044268,154 664 442,A01,1,1,4,1,1979,1,2,8,-1,-1," -1",-1,202000044268,4,"THOMAS ( ET  IMP. ALBERT )",0,NULL,2,2,0,1,0,0,1,NULL," -1",2,0,1,30
202000044796,23,5,2020,18:45:00,1,18,18057,2,1,1,7,"Route de la Châtre","46,5608630","2,1854160",202000044796,154 663 473,A01,1,1,0,0,0,0,5,NULL,202000044796,154 663 473,A01,1,1,3,1,2005,5,0,-1,-1,0,0,-1,202000044796,3,943,0,E,2,2,0,2,2,500,1,NULL," -1",1,0,1,50
202000045883,6,8,2020,13:50:00,1,64,64483,2,9,1,6,"LARRAMENDY PIERRE (AVENUE)","43,3825600"," -1,6579400",202000045883,154 661 639,B01,2,1,0,1,1,13,5,NULL,202000045883,154 661 639,B01,1,1,3,1,1960,1,8,0,-1,-1," -1",-1,202000045883,9,NULL,0,NULL,2,2,1,1,0,0,1,NULL," -1",1,9,5,30
202000045883,6,8,2020,13:50:00,1,64,64483,2,9,1,6,"LARRAMENDY PIERRE (AVENUE)","43,3825600"," -1,6579400",202000045883,154 661 639,B01,2,1,0,1,1,13,5,NULL,202000045883,154 661 639,B01,10,3,4,2,1999,0,0,-1,-1,0,3,2,202000045883,9,NULL,0,NULL,2,2,1,1,0,0,1,NULL," -1",1,9,5,30
202000011797,9,10,2020,08:21:00,2,49,49353,2,6,2,1,Buisson,"47,4423270"," -0,4833440",202000011797,154 721 497,B01,-1,1,0,2,0,0,5,NULL,202000011797,154 721 497,B01,1,1,4,1,1972,0,8,0,-1,-1," -1",-1,202000011797,3,117,0,NULL,2,2,0,1,(1),(1),1,NULL," -1",1,0,1,50
202000011797,9,10,2020,08:21:00,2,49,49353,2,6,2,1,Buisson,"47,4423270"," -0,4833440",202000011797,154 721 497,B01,-1,1,0,2,0,0,5,NULL,202000011797,154 721 498,A01,1,1,1,2,1965,0,1,0,-1,-1," -1",-1,202000011797,3,117,0,NULL,2,2,0,1,(1),(1),1,NULL," -1",1,0,1,50
202000015601,14,8,2020,15:53:00,1,54,54397,2,3,1,-1,"Rue de Cumène","48,6144060","6,1170030",202000015601,154 714 855,C01,3,1,0,2,1,1,5,NULL,202000015601,154 714 854,A01,1,1,1,1,1991,1,1,-1,-1,0,0,-1,202000015601,9,NULL,-1,NULL,2,2,0,2,(1),(1),1,NULL," -1",1,0,1,50
202000015601,14,8,2020,15:53:00,1,54,54397,2,3,1,-1,"Rue de Cumène","48,6144060","6,1170030",202000015601,154 714 855,C01,3,1,0,2,1,1,5,NULL,202000015601,154 714 855,C01,1,1,3,1,2002,5,0,-1,-1,-1," -1",-1,202000015601,9,NULL,-1,NULL,2,2,0,2,(1),(1),1,NULL," -1",1,0,1,50
202000017134,11,9,2020,17:50:00,1,71,71153,2,7,1,3,"JAURES (RUE JEAN)","46,8060521","4,4169949",202000017134,154 712 109,B01,1,1,0,2,0,1,0,NULL,202000017134,154 712 109,B01,1,1,4,1,1948,0,8,8,-1,-1," -1",-1,202000017134,3,984,0,NULL,2,0,0,1,0,0,1,NULL," -1",1,5,1,50
202000017134,11,9,2020,17:50:00,1,71,71153,2,7,1,3,"JAURES (RUE JEAN)","46,8060521","4,4169949",202000017134,154 712 109,B01,1,1,0,2,0,1,0,NULL,202000017134,154 712 110,A01,1,1,1,2,1997,5,1,8,-1,-1," -1",-1,202000017134,3,984,0,NULL,2,0,0,1,0,0,1,NULL," -1",1,5,1,50
202000017152,11,9,2020,11:20:00,1,54,54395,2,2,1,3,"PLACIEUX (RUE DU)","48,6761739","6,1628070",202000017152,154 712 080,B01,3,1,0,2,8,1,5,NULL,202000017152,154 712 080,B01,1,1,4,1,1979,0,8,0,-1,-1," -1",-1,202000017152,4,NULL,0,NULL,2,3,1,1,0,0,1,NULL," -1",1,0,1,50
202000020120,14,11,2020,07:40:00,2,37,37159,2,3,1,3,"50 Rue du Val de l'Indre","47,2775061","0,6377993",202000020120,154 706 807,B01,2,1,0,0,1,23,5,NULL,202000020120,154 706 806,A01,1,1,1,1,1958,3,8,-1,-1,0,0,-1,202000020120,3,17,-1,NULL,2,2,0,1,22,850,1,NULL," -1",1,0,1,30
202000020120,14,11,2020,07:40:00,2,37,37159,2,3,1,3,"50 Rue du Val de l'Indre","47,2775061","0,6377993",202000020120,154 706 807,B01,2,1,0,0,1,23,5,NULL,202000020120,154 706 807,B01,1,1,3,1,1986,9,0,-1,-1,0,0,-1,202000020120,3,17,-1,NULL,2,2,0,1,22,850,1,NULL," -1",1,0,1,30
202000020478,21,1,2020,14:35:00,1,94,94076,2,1,1,2,"VERDUN (R DE)","48,7907500","2,3532500",202000020478,154 706 223,A01,1,1,12,0,4,1,0,NULL,202000020478,154 706 223,A01,1,1,4,2,1959,1,2,6,-1,-1," -1",-1,202000020478,4,"VERDUN (R DE)",0,NULL,2,2,0,1,0,0,1,NULL," -1",1,0,1,50
202000020842,20,2,2020,10:10:00,1,75,75116,2,7,1,3,"PLACE CHARLES DE GAULLE","48,8740890","2,2941950",202000020842,154 705 553,B01,1,1,0,2,5,1,5,NULL,202000020842,154 705 553,B01,1,1,4,1,1980,1,8,0,-1,0,0,-1,202000020842,4,NULL,0,NULL,1,8,0,1,0,0,1,NULL,24,1,0,1,50
202000020842,20,2,2020,10:10:00,1,75,75116,2,7,1,3,"PLACE CHARLES DE GAULLE","48,8740890","2,2941950",202000020842,154 705 553,B01,1,1,0,2,5,1,5,NULL,202000020842,154 705 554,A01,1,1,1,1,1989,1,1,0,-1,0,0,-1,202000020842,4,NULL,0,NULL,1,8,0,1,0,0,1,NULL,24,1,0,1,50
202000021624,7,10,2020,13:00:00,1,22,22180,1,1,8,7,"La Perriere Mallet","48,4190620"," -2,2174790",202000021624,154 704 159,A01,1,1,13,0,2,1,5,NULL,202000021624,154 704 159,A01,1,1,4,2,2004,1,0,-1,-1,0,0,-1,202000021624,3,19,0,NULL,2,2,0,1,10,(1),1,NULL," -1",1,0,3,80
202000022330,17,1,2020,15:53:00,1,49,49007,2,1,1,3,BEAUREPAIRE,"47,4745743"," -0,5605466",202000022330,154 702 937,B01,1,1,0,2,0,0,5,NULL,202000022330,154 702 937,B01,1,1,4,1,1972,0,8,0,-1,-1," -1",-1,202000022330,4,BEAUREPAIRE,0,NULL,2,2,0,1,0,0,1,NULL," -1",1,0,1,60
202000022330,17,1,2020,15:53:00,1,49,49007,2,1,1,3,BEAUREPAIRE,"47,4745743"," -0,5605466",202000022330,154 702 937,B01,1,1,0,2,0,0,5,NULL,202000022330,154 702 938,A01,1,1,1,1,2001,0,1,8,-1,-1," -1",-1,202000022330,4,BEAUREPAIRE,0,NULL,2,2,0,1,0,0,1,NULL," -1",1,0,1,60
202000022902,9,9,2020,11:05:00,1,67,67326,2,1,1,1,"Rue du Depot","48,6238180","7,7205510",202000022902,154 701 937,B01,1,1,0,0,8,19,5,NULL,202000022902,154 701 936,A01,1,1,1,1,1988,4,1,-1,-1,0,0,-1,202000022902,4,NULL,-1,NULL,2,2,0,1,(1),(1),1,NULL," -1",1,9,1,50
202000022902,9,9,2020,11:05:00,1,67,67326,2,1,1,1,"Rue du Depot","48,6238180","7,7205510",202000022902,154 701 937,B01,1,1,0,0,8,19,5,NULL,202000022902,154 701 937,B01,1,1,2,1,1950,0,2,-1,-1,0,0,-1,202000022902,4,NULL,-1,NULL,2,2,0,1,(1),(1),1,NULL," -1",1,9,1,50
202000023403,7,6,2020,18:55:00,1,07,07280,2,3,1,-1,"Rue Gaston Roussel","44,3402100","4,1518500",202000023403,154 701 065,B01,0,1,0,2,1,16,5,NULL,202000023403,154 701 065,B01,1,1,3,1,2008,5,2,-1,-1,0,0,-1,202000023403,4,NULL,-1,NULL,2,2,0,1,(1),(1),1,NULL," -1",1,0,1,50
202000023403,7,6,2020,18:55:00,1,07,07280,2,3,1,-1,"Rue Gaston Roussel","44,3402100","4,1518500",202000023403,154 701 065,B01,0,1,0,2,1,16,5,NULL,202000023403,154 701 066,A01,1,1,1,1,1994,5,1,-1,-1,0,0,-1,202000023403,4,NULL,-1,NULL,2,2,0,1,(1),(1),1,NULL," -1",1,0,1,50
202000023532,8,9,2020,19:35:00,1,35,35238,2,1,1,3,"PIAF (ALLEE EDITH)","48,0997000"," -1,6398500",202000023532,154 700 839,B01,3,1,0,2,3,1,6,NULL,202000023532,154 700 838,A01,1,1,1,2,1982,0,1,0,-1,-1," -1",-1,202000023532,4,"PIAF (ALLEE EDITH)",0,NULL,2,2,0,1,0,0,1,NULL," -1",1,0,1,50
202000023532,8,9,2020,19:35:00,1,35,35238,2,1,1,3,"PIAF (ALLEE EDITH)","48,0997000"," -1,6398500",202000023532,154 700 839,B01,3,1,0,2,3,1,6,NULL,202000023532,154 700 839,B01,1,1,4,1,1963,3,8,0,-1,-1," -1",-1,202000023532,4,"PIAF (ALLEE EDITH)",0,NULL,2,2,0,1,0,0,1,NULL," -1",1,0,1,50
202000024129,17,4,2020,18:35:00,1,75,75106,2,2,1,3,"RUE DU CHERCHE MIDI","48,8455220","2,3191450",202000024129,154 699 780,A01,2,1,0,2,1,5,5,NULL,202000024129,154 699 779,B01,1,1,1,2,1964,9,1,8,-1,0,0,-1,202000024129,4,NULL,0,NULL,4,2,0,1,0,0,1,NULL," -1",1,0,1,50
202000024129,17,4,2020,18:35:00,1,75,75106,2,2,1,3,"RUE DU CHERCHE MIDI","48,8455220","2,3191450",202000024129,154 699 780,A01,2,1,0,2,1,5,5,NULL,202000024129,154 699 780,A01,1,1,4,1,1977,1,8,0,-1,0,0,-1,202000024129,4,NULL,0,NULL,4,2,0,1,0,0,1,NULL," -1",1,0,1,50
202000025262,6,8,2020,11:40:00,1,75,75104,2,2,1,7,"PONT AU CHANGE","48,8572370","2,3471100",202000025262,154 697 775,A01,3,1,0,0,1,1,5,NULL,202000025262,154 697 775,A01,1,1,4,1,1980,1,2,0,-1,0,0,-1,202000025262,4,NULL,0,NULL,2,4,0,1,0,0,1,NULL," -1",1,8,1,30
202000026230,17,1,2020,09:26:00,1,75,75108,2,1,1,7,"AVENUE GEORGE V","48,8688020","2,3011147",202000026230,154 696 111,A01,2,1,0,0,0,1,5,NULL,202000026230,154 696 111,A01,1,1,4,1,1958,1,8,2,-1,0,0,-1,202000026230,4,NULL,0,NULL,2,2,0,2,31,0,1,NULL," -1",2,0,1,50
202000026517,7,7,2020,22:10:00,5,69,69266,2,2,1,3,"COLIN     (Rue)","45,7747300","4,8740800",202000026517,154 695 600,B01,1,1,0,2,7,1,6,NULL,202000026517,154 695 600,B01,1,1,4,2,1996,0,8,0,-1,-1," -1",-1,202000026517,4,"COLIN  (Rue)",0,NULL,1,2,2,1,0,0,1,NULL," -1",1,0,5,50
202000026857,5,8,2020,20:15:00,1,22,22050,2,1,1,1,"Boulevard André Aubert","48,4639800"," -2,0427380",202000026857,154 694 993,B01,3,1,0,2,8,1,5,NULL,202000026857,154 694 993,B01,1,1,3,1,1958,5,2,-1,-1,0,0,-1,202000026857,4,NULL,-1,NULL,2,2,0,1,(1),(1),1,NULL," -1",1,0,1,50
202000028008,15,12,2020,17:15:00,5,75,75112,2,3,2,7,"AVENUE DAUMESNIL","48,8380890","2,3997150",202000028008,154 693 019,A01,1,1,0,0,2,1,5,NULL,202000028008,154 693 019,A01,1,1,4,2,1995,1,2,0,-1,0,0,-1,202000028008,4,NULL,0,NULL,2,2,1,2,0,0,1,NULL," -1",2,-1,5,50
202000028868,27,1,2020,18:40:00,5,86,86194,2,2,1,3,"Rue de la Devinière","46,5670135","0,3763314",202000028868,154 691 480,A01,3,1,0,2,1,19,5,NULL,202000028868,154 691 479,B01,1,1,1,1,1989,0,1,0,-1,-1," -1",-1,202000028868,4,NULL,0,NULL,2,2,0,1,(1),(1),1,NULL," -1",2,9,1,50
202000028868,27,1,2020,18:40:00,5,86,86194,2,2,1,3,"Rue de la Devinière","46,5670135","0,3763314",202000028868,154 691 480,A01,3,1,0,2,1,19,5,NULL,202000028868,154 691 480,A01,1,1,4,2,2000,2,8,0,-1,-1," -1",-1,202000028868,4,NULL,0,NULL,2,2,0,1,(1),(1),1,NULL," -1",2,9,1,50
202000029118,4,8,2020,15:20:00,1,75,75108,2,7,1,6,"PLACE DE LA CONCORDE","48,8643700","2,3203640",202000029118,154 691 082,A01,3,1,12,0,8,13,5,NULL,202000029118,154 691 082,A01,1,1,4,2,1950,5,8,0,-1,0,0,-1,202000029118,4,NULL,0,NULL,4,6,1,1,0,0,1,NULL," -1",1,-1,5,50
202000029287,3,11,2020,09:40:00,1,03,03190,2,1,2,3,"Rue de Paris","46,5699678","3,3293191",202000029287,154 690 775,B01,1,1,1,0,3,1,5,NULL,202000029287,154 690 774,A01,1,1,1,1,1970,9,1,0,-1,-1," -1",-1,202000029287,4,"rue de Paris",0,NULL,1,1,0,1,(1),(1),1,NULL," -1",2,0,1,50
202000029287,3,11,2020,09:40:00,1,03,03190,2,1,2,3,"Rue de Paris","46,5699678","3,3293191",202000029287,154 690 775,B01,1,1,1,0,3,1,5,NULL,202000029287,154 690 775,B01,1,1,3,2,1969,0,8,0,-1,-1," -1",-1,202000029287,4,"rue de Paris",0,NULL,1,1,0,1,(1),(1),1,NULL," -1",2,0,1,50
202000032988,28,10,2020,10:15:00,1,67,67482,2,3,1,3,"SOLEURE (RUE DE)","48,5770000","7,7535600",202000032988,154 684 461,B01,2,1,0,2,1,1,5,NULL,202000032988,154 684 460,A01,1,1,1,1,1994,0,1,8,-1,-1," -1",-1,202000032988,4,NULL,0,NULL,2,2,0,1,0,0,1,NULL," -1",1,0,1,30
202000032988,28,10,2020,10:15:00,1,67,67482,2,3,1,3,"SOLEURE (RUE DE)","48,5770000","7,7535600",202000032988,154 684 461,B01,2,1,0,2,1,1,5,NULL,202000032988,154 684 461,B01,1,1,4,1,1999,0,8,0,-1,-1," -1",-1,202000032988,4,NULL,0,NULL,2,2,0,1,0,0,1,NULL," -1",1,0,1,30
202000033359,1,6,2020,18:35:00,1,75,75104,2,1,1,3,"BOULEVARD DE SEBASTOPOL","48,8609630","2,3496270",202000033359,154 683 801,B01,1,1,0,2,4,13,5,NULL,202000033359,154 683 801,B01,1,1,4,1,1989,9,2,0,-1,-1," -1",-1,202000033359,4,NULL,0,NULL,1,4,0,1,0,0,1,NULL," -1",1,0,1,50
202000033359,1,6,2020,18:35:00,1,75,75104,2,1,1,3,"BOULEVARD DE SEBASTOPOL","48,8609630","2,3496270",202000033359,154 683 801,B01,1,1,0,2,4,13,5,NULL,202000033359,154 683 815,A01,1,1,4,1,1994,9,2,6,-1,-1," -1",-1,202000033359,4,NULL,0,NULL,1,4,0,1,0,0,1,NULL," -1",1,0,1,50
202000034406,16,3,2020,16:25:00,1,33,33522,2,2,1,2,"BD GEORGE V / RUE DE LA LIBERTE","44,8213100"," -0,5831500",202000034406,154 681 970,B01,1,1,0,0,4,1,5,NULL,202000034406,154 681 969,A01,1,1,1,1,1989,4,8,-1,-1,-1," -1",-1,202000034406,4,"BD GEORGE V",0,NULL,2,6,2,1,(1),(1),1,NULL," -1",9,5,1,50
202000034406,16,3,2020,16:25:00,1,33,33522,2,2,1,2,"BD GEORGE V / RUE DE LA LIBERTE","44,8213100"," -0,5831500",202000034406,154 681 970,B01,1,1,0,0,4,1,5,NULL,202000034406,154 681 970,B01,1,1,4,2,1964,0,8,-1,-1,-1," -1",-1,202000034406,4,"BD GEORGE V",0,NULL,2,6,2,1,(1),(1),1,NULL," -1",9,5,1,50
202000036061,1,7,2020,14:20:00,1,67,67482,2,1,1,3,"PAUL BATIMENT (rue)","48,5427917","7,7761729",202000036061,154 679 003,B01,2,1,0,2,0,19,5,NULL,202000036061,154 679 003,B01,1,1,4,1,2010,5,2,0,-1,-1," -1",-1,202000036061,4,62,0,NULL,2,2,0,1,0,0,1,NULL," -1",1,0,1,50
202000036061,1,7,2020,14:20:00,1,67,67482,2,1,1,3,"PAUL BATIMENT (rue)","48,5427917","7,7761729",202000036061,154 679 003,B01,2,1,0,2,0,19,5,NULL,202000036061,154 679 004,A01,1,1,1,2,1982,5,1,8,-1,-1," -1",-1,202000036061,4,62,0,NULL,2,2,0,1,0,0,1,NULL," -1",1,0,1,50
202000037669,26,9,2020,19:02:00,1,10,10333,2,1,1,3,"PRESIDENT WILSON (RUE)","48,2893600","4,0644300",202000037669,154 676 157,A01,1,1,0,2,4,26,5,NULL,202000037669,154 676 155,B01,1,1,1,1,1993,5,1,0,-1,-1," -1",-1,202000037669,4,"PRESIDENT WILSON (RUE)",0,NULL,1,1,0,1,0,0,1,NULL," -1",1,0,4,50
202000037669,26,9,2020,19:02:00,1,10,10333,2,1,1,3,"PRESIDENT WILSON (RUE)","48,2893600","4,0644300",202000037669,154 676 157,A01,1,1,0,2,4,26,5,NULL,202000037669,154 676 157,A01,1,1,4,1,1981,5,8,0,-1,-1," -1",-1,202000037669,4,"PRESIDENT WILSON (RUE)",0,NULL,1,1,0,1,0,0,1,NULL," -1",1,0,4,50
202000038328,31,8,2020,10:35:00,1,75,75115,2,2,1,3,"RUE DU COTENTIN","48,8386730","2,3145740",202000038328,154 674 991,A01,2,1,0,2,1,1,5,NULL,202000038328,154 674 990,B01,1,1,1,1,1994,4,1,0,-1,0,0,-1,202000038328,4,NULL,0,NULL,1,1,0,1,0,0,1,NULL," -1",1,0,1,50
202000038328,31,8,2020,10:35:00,1,75,75115,2,2,1,3,"RUE DU COTENTIN","48,8386730","2,3145740",202000038328,154 674 991,A01,2,1,0,2,1,1,5,NULL,202000038328,154 674 991,A01,1,1,4,2,1960,5,2,0,-1,0,0,-1,202000038328,4,NULL,0,NULL,1,1,0,1,0,0,1,NULL," -1",1,0,1,50