Num_Acc,jour,mois,an,hrmn,lum,dep,com,agg,int,atm,col,adr,lat,long,Num_Acc,id_vehicule,num_veh,senc,catv,obs,obsm,choc,manv,motor,occutc,Num_Acc,id_vehicule,num_veh,place,catu,grav,sexe,an_nais,trajet,secu1,secu2,secu3,locp,actp,etatp,Num_Acc,catr,voie,v1,v2,circ,nbv,vosp,prof,pr,pr1,plan,lartpc,larrout,surf,infra,situ,vma
202000041294,24,7,2020,08:28:00,1,84,84087,2,6,7,3,"SYRAH (GIRATOIRE)","44,1120500","4,8506500",202000041294,154 669 783,B01,3,1,0,2,1,1,5,NULL,202000041294,154 669 784,A01,1,1,1,1,1957,5,1,-1,-1,-1," -1",-1,202000041294,4,"SYRAH (GIRATOIRE)",0,NULL,1,2,0,1,0,0,2,NULL," -1",1,5,1,50
202000041575,26,5,2020,20:10:00,2,75,75108,2,2,1,3,"RUE D ANJOU","48,8707380","2,3213730",202000041575,154 669 263,B01,2,1,0,2,2,5,5,NULL,202000041575,154 669 262,A01,1,1,1,2,1975,1,1,0,-1,0,0,-1,202000041575,4,NULL,0,NULL,1,1,0,1,0,0,1,NULL," -1",1,0,1,50
202000041575,26,5,2020,20:10:00,2,75,75108,2,2,1,3,"RUE D ANJOU","48,8707380","2,3213730",202000041575,154 669 263,B01,2,1,0,2,2,5,5,NULL,202000041575,154 669 263,B01,1,1,4,1,1998,1,8,0,-1,0,0,-1,202000041575,4,NULL,0,NULL,1,1,0,1,0,0,1,NULL," -1",1,0,1,50
202000041671,30,6,2020,11:45:00,1,38,38375,1,1,1,3,D530,"44,9528600","6,1826100",202000041671,154 669 105,B01,2,1,0,2,1,1,5,NULL,202000041671,154 669 105,B01,1,1,3,1,2002,5,2,-1,-1,0,0,-1,202000041671,3,530,-1,NULL,2,2,0,2,17,400,2,NULL,5,1,0,1,70
202000041671,30,6,2020,11:45:00,1,38,38375,1,1,1,3,D530,"44,9528600","6,1826100",202000041671,154 669 105,B01,2,1,0,2,1,1,5,NULL,202000041671,154 669 106,A01,1,1,1,1,1999,5,1,-1,-1,0,0,-1,202000041671,3,530,-1,NULL,2,2,0,2,17,400,2,NULL,5,1,0,1,70
202000042062,29,8,2020,09:15:00,1,17,17293,1,1,1,1,"Départementale 115","46,1343390"," -0,7873470",202000042062,154 668 406,B01,1,1,0,2,3,1,5,NULL,202000042062,154 668 406,B01,1,1,3,1,1954,5,2,-1,-1,0,0,-1,202000042062,3,115,-1,NULL,2,2,0,1,17,290,1,NULL," -1",2,0,1,80
202000042062,29,8,2020,09:15:00,1,17,17293,1,1,1,1,"Départementale 115","46,1343390"," -0,7873470",202000042062,154 668 406,B01,1,1,0,2,3,1,5,NULL,202000042062,154 668 407,A01,1,1,1,2,2000,1,1,-1,-1,0,0,-1,202000042062,3,115,-1,NULL,2,2,0,1,17,290,1,NULL," -1",2,0,1,80
202000046252,25,6,2020,17:00:00,1,75,75107,2,7,1,3,"PLACE JOFFRE","48,8526720","2,3030800",202000046252,154 660 961,B01,1,1,0,2,8,9,5,NULL,202000046252,154 660 961,B01,1,1,4,2,2003,5,8,0,-1,0,0,-1,202000046252,4,NULL,0,NULL,2,2,0,1,0,0,1,NULL," -1",1,0,1,50
202000046252,25,6,2020,17:00:00,1,75,75107,2,7,1,3,"PLACE JOFFRE","48,8526720","2,3030800",202000046252,154 660 961,B01,1,1,0,2,8,9,5,NULL,202000046252,154 660 962,A01,2,2,1,1,1959,4,1,0,-1,0,0,-1,202000046252,4,NULL,0,NULL,2,2,0,1,0,0,1,NULL," -1",1,0,1,50
202000046252,25,6,2020,17:00:00,1,75,75107,2,7,1,3,"PLACE JOFFRE","48,8526720","2,3030800",202000046252,154 660 961,B01,1,1,0,2,8,9,5,NULL,202000046252,154 660 962,A01,1,1,1,2,2003,9,1,0,-1,0,0,-1,202000046252,4,NULL,0,NULL,2,2,0,1,0,0,1,NULL," -1",1,0,1,50
202000008059,27,8,2020,07:00:00,2,11,11076,1,6,1,3,"Rond-point du 4e Régiment Étranger (Zone militaire)","43,3026720","1,9745400",202000008059,154 728 078,B01,2,1,0,2,1,1,5,NULL,202000008059,154 728 077,A01,1,1,1,1,1946,5,1,-1,-1,0,0,-1,202000008059,3,6313,0,D,2,2,0,1,(1),(1),1,NULL," -1",1,5,1,80
202000008059,27,8,2020,07:00:00,2,11,11076,1,6,1,3,"Rond-point du 4e Régiment Étranger (Zone militaire)","43,3026720","1,9745400",202000008059,154 728 078,B01,2,1,0,2,1,1,5,NULL,202000008059,154 728 078,B01,1,1,4,1,1977,1,2,4,9,0,0,-1,202000008059,3,6313,0,D,2,2,0,1,(1),(1),1,NULL," -1",1,5,1,80
202000009308,29,1,2020,08:35:00,1,92,92064,2,1,1,3,VAUGUYON,"48,8436382","2,2223461",202000009308,154 725 880,A01,3,1,1,2,5,2,0,NULL,202000009308,154 725 880,A01,1,1,1,1,1980,1,8,8,-1,-1," -1",-1,202000009308,4,VAUGUYON,0,NULL,1,2,0,1,0,0,1,NULL," -1",1,0,1,50
202000009308,29,1,2020,08:35:00,1,92,92064,2,1,1,3,VAUGUYON,"48,8436382","2,2223461",202000009308,154 725 880,A01,3,1,1,2,5,2,0,NULL,202000009308,154 725 881,Y01,1,1,4,1,1976,4,8,0,-1,0,0,-1,202000009308,4,VAUGUYON,0,NULL,1,2,0,1,0,0,1,NULL," -1",1,0,1,50
202000010084,17,8,2020,10:25:00,1,64,64445,2,6,1,3,"BACHAGA BOUALAN","43,3163500"," -0,3748300",202000010084,154 724 510,B01,1,1,0,2,7,3,5,NULL,202000010084,154 724 510,B01,1,1,4,1,1994,0,8,0,-1,-1," -1",-1,202000010084,4,"BACHAGA BOUALAN",0,NULL,1,3,0,1,0,0,2,NULL," -1",1,0,1,50
202000010084,17,8,2020,10:25:00,1,64,64445,2,6,1,3,"BACHAGA BOUALAN","43,3163500"," -0,3748300",202000010084,154 724 510,B01,1,1,0,2,7,3,5,NULL,202000010084,154 724 511,A01,1,1,1,2,1990,9,1,8,-1,-1," -1",-1,202000010084,4,"BACHAGA BOUALAN",0,NULL,1,3,0,1,0,0,2,NULL," -1",1,0,1,50
202000013863,10,10,2020,11:20:00,1,75,75119,2,3,1,5,"QUAI DE L OISE","48,8923630","2,3854380",202000013863,154 717 906,B01,1,1,0,2,3,1,5,NULL,202000013863,154 717 904,A01,1,1,1,1,1988,9,2,6,-1,0,0,-1,202000013863,4,NULL,0,NULL,2,3,1,1,0,0,1,NULL," -1",1,-1,5,30
202000013863,10,10,2020,11:20:00,1,75,75119,2,3,1,5,"QUAI DE L OISE","48,8923630","2,3854380",202000013863,154 717 905,C01,2,1,0,2,2,1,5,NULL,202000013863,154 717 904,A01,1,1,1,1,1988,9,2,6,-1,0,0,-1,202000013863,4,NULL,0,NULL,2,3,1,1,0,0,1,NULL," -1",1,-1,5,30
202000013863,10,10,2020,11:20:00,1,75,75119,2,3,1,5,"QUAI DE L OISE","48,8923630","2,3854380",202000013863,154 717 906,B01,1,1,0,2,3,1,5,NULL,202000013863,154 717 905,C01,1,1,4,1,2006,9,2,0,-1,0,0,-1,202000013863,4,NULL,0,NULL,2,3,1,1,0,0,1,NULL," -1",1,-1,5,30
202000013863,10,10,2020,11:20:00,1,75,75119,2,3,1,5,"QUAI DE L OISE","48,8923630","2,3854380",202000013863,154 717 905,C01,2,1,0,2,2,1,5,NULL,202000013863,154 717 905,C01,1,1,4,1,2006,9,2,0,-1,0,0,-1,202000013863,4,NULL,0,NULL,2,3,1,1,0,0,1,NULL," -1",1,-1,5,30
202000013863,10,10,2020,11:20:00,1,75,75119,2,3,1,5,"QUAI DE L OISE","48,8923630","2,3854380",202000013863,154 717 906,B01,1,1,0,2,3,1,5,NULL,202000013863,154 717 906,B01,1,1,4,1,1986,9,2,0,-1,0,0,-1,202000013863,4,NULL,0,NULL,2,3,1,1,0,0,1,NULL," -1",1,-1,5,30
202000013863,10,10,2020,11:20:00,1,75,75119,2,3,1,5,"QUAI DE L OISE","48,8923630","2,3854380",202000013863,154 717 905,C01,2,1,0,2,2,1,5,NULL,202000013863,154 717 906,B01,1,1,4,1,1986,9,2,0,-1,0,0,-1,202000013863,4,NULL,0,NULL,2,3,1,1,0,0,1,NULL," -1",1,-1,5,30
202000015304,12,9,2020,20:30:00,3,77,77509,1,1,1,2,D201,"48,4788390","3,0517960",202000015304,154 715 373,A01,1,1,0,2,4,1,5,NULL,202000015304,154 715 372,B01,1,1,1,2,1939,5,1,-1,-1,0,0,-1,202000015304,3,201,-1,NULL,2,2,0,1,3,870,1,NULL," -1",1,0,1,80
202000015304,12,9,2020,20:30:00,3,77,77509,1,1,1,2,D201,"48,4788390","3,0517960",202000015304,154 715 373,A01,1,1,0,2,4,1,5,NULL,202000015304,154 715 373,A01,1,1,3,1,1956,3,0,-1,-1,0,0,-1,202000015304,3,201,-1,NULL,2,2,0,1,3,870,1,NULL," -1",1,0,1,80
202000015881,9,10,2020,09:23:00,1,25,25056,2,2,1,3,"FONTAINE-ARGENT AVENUE","47,2469900","6,0351500",202000015881,154 714 329,A01,2,1,0,2,1,19,5,NULL,202000015881,154 714 328,B01,1,1,1,2,1992,1,1,0,-1,-1," -1",-1,202000015881,4,NULL,0,NULL,2,2,3,1,(1),(1),1,NULL," -1",1,5,1,50
202000015881,9,10,2020,09:23:00,1,25,25056,2,2,1,3,"FONTAINE-ARGENT AVENUE","47,2469900","6,0351500",202000015881,154 714 329,A01,2,1,0,2,1,19,5,NULL,202000015881,154 714 329,A01,1,1,4,1,2009,2,2,0,-1,-1," -1",-1,202000015881,4,NULL,0,NULL,2,2,3,1,(1),(1),1,NULL," -1",1,5,1,50
202000017601,9,10,2020,20:45:00,3,59,59139,1,1,1,3,D45,"50,1058130","3,4050970",202000017601,154 711 260,B01,1,1,0,2,4,2,5,NULL,202000017601,154 711 260,B01,1,1,3,1,1970,1,2,4,-1,0,0,-1,202000017601,3,45,-1,NULL,2,2,0,1,(1),(1),1,NULL," -1",1,0,1,-1
202000017601,9,10,2020,20:45:00,3,59,59139,1,1,1,3,D45,"50,1058130","3,4050970",202000017601,154 711 260,B01,1,1,0,2,4,2,5,NULL,202000017601,154 711 262,A01,1,1,1,1,1981,5,1,-1,-1,0,0,-1,202000017601,3,45,-1,NULL,2,2,0,1,(1),(1),1,NULL," -1",1,0,1,-1
202000020740,9,7,2020,10:00:00,1,67,67482,2,2,7,3,"RHIN (AVENUE DU)","48,5715050","7,7703550",202000020740,154 705 739,B01,3,1,0,2,8,19,0,NULL,202000020740,154 705 738,A01,1,1,1,2,1965,0,8,0,-1,-1," -1",-1,202000020740,4,"RHIN (AVENUE DU)",0,NULL,2,2,0,1,0,0,1,NULL," -1",1,0,5,50
202000020740,9,7,2020,10:00:00,1,67,67482,2,2,7,3,"RHIN (AVENUE DU)","48,5715050","7,7703550",202000020740,154 705 739,B01,3,1,0,2,8,19,0,NULL,202000020740,154 705 739,B01,1,1,4,2,1994,0,8,0,-1,-1," -1",-1,202000020740,4,"RHIN (AVENUE DU)",0,NULL,2,2,0,1,0,0,1,NULL," -1",1,0,5,50
202000020849,21,2,2020,17:20:00,1,75,75108,2,7,1,3,"PLACE DE LA CONCORDE","48,8667590","2,3220700",202000020849,154 705 544,A01,3,1,0,2,2,1,5,NULL,202000020849,154 705 543,B01,1,1,1,1,1961,1,2,6,-1,0,0,-1,202000020849,4,NULL,0,NULL,2,4,0,1,0,0,1,NULL,18,1,0,1,50
202000020849,21,2,2020,17:20:00,1,75,75108,2,7,1,3,"PLACE DE LA CONCORDE","48,8667590","2,3220700",202000020849,154 705 544,A01,3,1,0,2,2,1,5,NULL,202000020849,154 705 544,A01,1,1,4,2,1971,9,8,0,-1,0,0,-1,202000020849,4,NULL,0,NULL,2,4,0,1,0,0,1,NULL,18,1,0,1,50
202000021960,19,12,2020,15:55:00,1,54,54459,2,1,1,3,"Rue de Messein","48,5904613","6,1703467",202000021960,154 703 579,A01,1,1,0,2,0,1,5,NULL,202000021960,154 703 578,B01,1,1,1,1,1987,5,1,-1,-1,0,0,-1,202000021960,3,115,-1,NULL,2,2,0,1,11,600,1,NULL," -1",1,0,1,50
202000021960,19,12,2020,15:55:00,1,54,54459,2,1,1,3,"Rue de Messein","48,5904613","6,1703467",202000021960,154 703 579,A01,1,1,0,2,0,1,5,NULL,202000021960,154 703 579,A01,1,1,2,1,1949,5,2,-1,-1,0,0,-1,202000021960,3,115,-1,NULL,2,2,0,1,11,600,1,NULL," -1",1,0,1,50
202000022671,8,7,2020,11:40:00,1,71,71153,2,1,1,3,"YSER (RUE DE L')","46,8057487","4,4389620",202000022671,154 702 325,B01,2,1,1,0,1,1,5,NULL,202000022671,154 702 325,B01,1,1,4,1,1996,0,8,0,-1,-1," -1",-1,202000022671,4,NULL,0,NULL,1,1,0,1,0,0,1,NULL," -1",1,0,1,50
202000022671,8,7,2020,11:40:00,1,71,71153,2,1,1,3,"YSER (RUE DE L')","46,8057487","4,4389620",202000022671,154 702 325,B01,2,1,1,0,1,1,5,NULL,202000022671,154 702 326,A01,1,1,1,1,1970,4,1,0,-1,-1," -1",-1,202000022671,4,NULL,0,NULL,1,1,0,1,0,0,1,NULL," -1",1,0,1,50
202000023014,5,9,2020,19:30:00,1,30,30032,2,6,1,3,"NIMES ROUTE DE CD 999","43,8150000","4,6214500",202000023014,154 701 733,B01,0,1,0,2,1,25,5,NULL,202000023014,154 701 732,A01,1,1,1,1,1990,0,1,0,-1,-1," -1",-1,202000023014,4,"Route de Nîmes",0,NULL,2,2,0,1,1,0,1,NULL," -1",1,0,1,50
202000023014,5,9,2020,19:30:00,1,30,30032,2,6,1,3,"NIMES ROUTE DE CD 999","43,8150000","4,6214500",202000023014,154 701 733,B01,0,1,0,2,1,25,5,NULL,202000023014,154 701 733,B01,1,1,3,1,2008,5,2,0,-1,-1," -1",-1,202000023014,4,"Route de Nîmes",0,NULL,2,2,0,1,1,0,1,NULL," -1",1,0,1,50
202000023365,8,6,2020,12:30:00,1,93,93014,2,1,1,2,"POSTES (CHEMIN DES)","48,9086270","2,5351960",202000023365,154 701 126,B01,1,1,0,2,0,0,0,NULL,202000023365,154 701 126,B01,1,1,4,2,1936,5,8,0,-1,-1," -1",-1,202000023365,7,"POSTES (CHEMIN DES)",0,NULL,-1,4,0,1,0,0,3,NULL," -1",1,0,1,50
202000024930,7,9,2020,13:40:00,1,30,30189,1,1,1,2,"POULX (ROUTE DE)","43,8678300","4,4057500",202000024930,154 698 361,B01,2,1,0,2,1,1,5,NULL,202000024930,154 698 361,B01,1,1,4,1,1996,5,2,0,-1,-1," -1",-1,202000024930,3,127,0,NULL,2,2,0,2,1,800,2,NULL," -1",1,0,1,50
202000024930,7,9,2020,13:40:00,1,30,30189,1,1,1,2,"POULX (ROUTE DE)","43,8678300","4,4057500",202000024930,154 698 361,B01,2,1,0,2,1,1,5,NULL,202000024930,154 698 362,A01,1,1,1,2,1951,5,1,0,-1,-1," -1",-1,202000024930,3,127,0,NULL,2,2,0,2,1,800,2,NULL," -1",1,0,1,50
202000025198,3,6,2020,12:10:00,1,31,31045,1,6,2,3,Rn125,"43,0281340","0,6110070",202000025198,154 697 889,B01,1,1,0,2,7,1,0,NULL,202000025198,154 697 887,A01,1,1,1,2,1945,5,8,-1,-1,0,0,-1,202000025198,2,125,-1,NULL,2,2,0,1,1,161,3,NULL," -1",2,5,1,80
202000025198,3,6,2020,12:10:00,1,31,31045,1,6,2,3,Rn125,"43,0281340","0,6110070",202000025198,154 697 889,B01,1,1,0,2,7,1,0,NULL,202000025198,154 697 889,B01,1,1,4,1,1957,5,2,6,-1,0,0,-1,202000025198,2,125,-1,NULL,2,2,0,1,1,161,3,NULL," -1",2,5,1,80
202000025873,9,4,2020,00:10:00,5,973,97312,2,1,1,3,"Rue Léonel Dréan","5,3795824"," -52,9578495",202000025873,154 696 737,A01,1,1,0,2,8,1,0,NULL,202000025873,154 696 737,A01,1,1,4,1,1984,0,0,-1,-1,0,0,-1,202000025873,4,"Rue Léonel Dréan",0,NULL,2,2,0,1,(1),(1),1,NULL,5,1,0,1,50
202000025873,9,4,2020,00:10:00,5,973,97312,2,1,1,3,"Rue Léonel Dréan","5,3795824"," -52,9578495",202000025873,154 696 737,A01,1,1,0,2,8,1,0,NULL,202000025873,154 696 738,B01,1,1,1,1,1997,5,1,-1,-1,0,0,-1,202000025873,4,"Rue Léonel Dréan",0,NULL,2,2,0,1,(1),(1),1,NULL,5,1,0,1,50
202000026227,17,1,2020,01:45:00,5,75,75111,2,2,1,2,"RUE DES TROIS BORNES","48,8668760","2,3733620",202000026227,154 696 115,A01,2,1,0,2,1,2,5,NULL,202000026227,154 696 115,A01,1,1,4,1,1999,5,8,2,-1,0,0,-1,202000026227,4,NULL,0,NULL,2,4,0,1,0,0,1,NULL,12,1,0,1,30
202000026227,17,1,2020,01:45:00,5,75,75111,2,2,1,2,"RUE DES TROIS BORNES","48,8668760","2,3733620",202000026227,154 696 115,A01,2,1,0,2,1,2,5,NULL,202000026227,154 696 116,B01,1,1,1,1,1971,4,1,0,-1,0,0,-1,202000026227,4,NULL,0,NULL,2,4,0,1,0,0,1,NULL,12,1,0,1,30
202000026676,14,2,2020,12:00:00,1,60,60157,2,2,1,3,"avenue gambetta","49,3829490","2,4026850",202000026676,154 695 325,B01,0,1,0,2,0,1,0,NULL,202000026676,154 695 324,A01,1,1,1,1,1956,3,1,-1,-1,0,0,-1,202000026676,4,NULL,-1,NULL,2,2,-1,1,(1),(1),1,NULL,4,1,0,1,-1
202000026676,14,2,2020,12:00:00,1,60,60157,2,2,1,3,"avenue gambetta","49,3829490","2,4026850",202000026676,154 695 325,B01,0,1,0,2,0,1,0,NULL,202000026676,154 695 325,B01,1,1,4,1,1961,5,2,-1,-1,0,0,-1,202000026676,4,NULL,-1,NULL,2,2,-1,1,(1),(1),1,NULL,4,1,0,1,-1
202000026924,6,9,2020,15:30:00,1,73,73256,1,1,1,1,D902,"45,1979377","6,4642718",202000026924,154 694 892,B01,2,1,0,2,1,17,5,NULL,202000026924,154 694 892,B01,1,1,3,1,1983,5,2,-1,-1,0,0,-1,202000026924,3,902,0,NULL,2,2,0,2,106,280,4,NULL," -1",1,8,1,80
202000026924,6,9,2020,15:30:00,1,73,73256,1,1,1,1,D902,"45,1979377","6,4642718",202000026924,154 694 892,B01,2,1,0,2,1,17,5,NULL,202000026924,154 694 893,A01,1,1,1,2,1961,5,1,-1,-1,0,0,-1,202000026924,3,902,0,NULL,2,2,0,2,106,280,4,NULL," -1",1,8,1,80
202000027399,2,2,2020,10:10:00,1,83,83069,1,6,1,3,"NICE (ROUTE DE)","43,1287000","6,1553000",202000027399,154 694 079,B01,1,1,0,2,1,9,6,NULL,202000027399,154 694 079,B01,1,1,4,1,1950,5,2,8,-1,-1," -1",-1,202000027399,3,"NICE (ROUTE DE)",0,NULL,-1,1,0,1,1,0,2,NULL," -1",1,9,8,30
202000027399,2,2,2020,10:10:00,1,83,83069,1,6,1,3,"NICE (ROUTE DE)","43,1287000","6,1553000",202000027399,154 694 079,B01,1,1,0,2,1,9,6,NULL,202000027399,154 694 080,A01,1,1,1,1,1984,9,1,8,-1,-1," -1",-1,202000027399,3,"NICE (ROUTE DE)",0,NULL,-1,1,0,1,1,0,2,NULL," -1",1,9,8,30
202000027748,1,10,2020,12:40:00,1,66,66149,1,1,1,3,"3 Avenue du Pla d'Alt","42,6235980","2,4421670",202000027748,154 693 478,B01,1,1,0,2,3,2,5,NULL,202000027748,154 693 478,B01,1,1,3,1,1956,5,2,-1,-1,0,0,-1,202000027748,2,116,0,NULL,2,2,0,1,40,800,1,NULL," -1",1,0,1,90
202000027748,1,10,2020,12:40:00,1,66,66149,1,1,1,3,"3 Avenue du Pla d'Alt","42,6235980","2,4421670",202000027748,154 693 478,B01,1,1,0,2,3,2,5,NULL,202000027748,154 693 480,A01,1,1,1,1,1946,9,1,-1,-1,0,0,-1,202000027748,2,116,0,NULL,2,2,0,1,40,800,1,NULL," -1",1,0,1,90
202000031413,2,8,2020,15:00:00,1,75,75113,2,1,1,1,"AVENUE D ITALIE","48,8237040","2,3580420",202000031413,154 687 140,B01,2,1,0,2,1,1,5,NULL,202000031413,154 687 140,B01,1,1,1,1,1982,9,8,0,-1,0,0,-1,202000031413,4,NULL,0,NULL,2,0,1,1,0,0,1,NULL," -1",1,-1,5,50
202000031413,2,8,2020,15:00:00,1,75,75113,2,1,1,1,"AVENUE D ITALIE","48,8237040","2,3580420",202000031413,154 687 140,B01,2,1,0,2,1,1,5,NULL,202000031413,154 687 142,A01,1,1,4,2,1965,3,2,0,-1,0,0,-1,202000031413,4,NULL,0,NULL,2,0,1,1,0,0,1,NULL," -1",1,-1,5,50
202000032114,28,2,2020,12:10:00,1,33,33281,2,6,2,3,"AVE DE MAGUDAS / AVE DE LA LIBERATION","44,8561500"," -0,6439000",202000032114,154 685 926,B01,0,1,0,2,0,1,5,NULL,202000032114,154 685 925,A01,1,1,1,1,1985,0,8,-1,-1,-1," -1",-1,202000032114,4,"AVE DE MAGUDAS",0,NULL,2,4,2,1,0,0,1,NULL," -1",2,0,1,50
202000032114,28,2,2020,12:10:00,1,33,33281,2,6,2,3,"AVE DE MAGUDAS / AVE DE LA LIBERATION","44,8561500"," -0,6439000",202000032114,154 685 926,B01,0,1,0,2,0,1,5,NULL,202000032114,154 685 926,B01,1,1,4,2,1985,0,8,-1,-1,-1," -1",-1,202000032114,4,"AVE DE MAGUDAS",0,NULL,2,4,2,1,0,0,1,NULL," -1",2,0,1,50
202000032680,13,2,2020,16:05:00,1,75,75107,2,2,1,3,"PORT DE LA BOURDONNAIS","48,8606410","2,2954590",202000032680,154 684 993,A01,1,1,0,2,0,1,5,NULL,202000032680,154 684 993,A01,1,1,4,1,1966,9,8,0,-1,0,0,-1,202000032680,4,NULL,0,NULL,2,4,1,1,0,0,1,NULL," -1",1,-1,5,50
202000032680,13,2,2020,16:05:00,1,75,75107,2,2,1,3,"PORT DE LA BOURDONNAIS","48,8606410","2,2954590",202000032680,154 684 993,A01,1,1,0,2,0,1,5,NULL,202000032680,154 684 994,B01,1,1,1,1,1970,4,1,0,-1,0,0,-1,202000032680,4,NULL,0,NULL,2,4,1,1,0,0,1,NULL," -1",1,-1,5,50
202000033856,9,12,2020,18:05:00,5,44,44184,2,2,1,3,"LAGRANGE (AVENUE LÉO)","47,2694100"," -2,2283400",202000033856,154 682 938,B01,2,1,0,2,8,19,5,NULL,202000033856,154 682 938,B01,1,1,4,1,2002,1,2,8,-1,-1," -1",-1,202000033856,4,NULL,0,NULL,2,3,0,1,(1),(1),1,NULL," -1",1,0,1,50
202000033856,9,12,2020,18:05:00,5,44,44184,2,2,1,3,"LAGRANGE (AVENUE LÉO)","47,2694100"," -2,2283400",202000033856,154 682 938,B01,2,1,0,2,8,19,5,NULL,202000033856,154 682 939,A01,1,1,1,2,1940,5,1,8,-1,-1," -1",-1,202000033856,4,NULL,0,NULL,2,3,0,1,(1),(1),1,NULL," -1",1,0,1,50
202000036758,10,1,2020,02:40:00,5,75,75104,2,2,2,2,"BOULEVARD DE SEBASTOPOL","48,8595129","2,3487702",202000036758,154 677 741,A01,1,1,0,2,1,2,5,NULL,202000036758,154 677 740,B01,1,1,1,1,1996,5,1,0,-1,0,0,-1,202000036758,4,NULL,0,NULL,1,4,3,1,0,0,1,NULL,12,2,-1,6,50
202000036758,10,1,2020,02:40:00,5,75,75104,2,2,2,2,"BOULEVARD DE SEBASTOPOL","48,8595129","2,3487702",202000036758,154 677 741,A01,1,1,0,2,1,2,5,NULL,202000036758,154 677 741,A01,1,1,4,1,1990,5,8,2,-1,0,0,-1,202000036758,4,NULL,0,NULL,1,4,3,1,0,0,1,NULL,12,2,-1,6,50
202000036912,8,1,2020,07:20:00,5,29,29019,2,6,2,3,"Avenue Victor le Gorgeu","48,4019632"," -4,5025700",202000036912,154 677 471,B01,2,1,0,2,7,1,0,NULL,202000036912,154 677 471,B01,1,1,4,1,1984,1,2,0,-1,0,0,-1,202000036912,3,5,0,NULL,-1,4,0,1,0,1,1,NULL," -1",2,0,1,50
202000036912,8,1,2020,07:20:00,5,29,29019,2,6,2,3,"Avenue Victor le Gorgeu","48,4019632"," -4,5025700",202000036912,154 677 471,B01,2,1,0,2,7,1,0,NULL,202000036912,154 677 472,A01,1,1,1,2,1981,0,1,0,-1,0,0,-1,202000036912,3,5,0,NULL,-1,4,0,1,0,1,1,NULL," -1",2,0,1,50
202000037812,30,6,2020,08:45:00,1,13,13206,2,2,1,3,"PRADO (AVENUE DU)","43,2841000","5,3848000",202000037812,154 675 901,B01,2,1,0,2,8,1,5,NULL,202000037812,154 675 901,B01,1,1,4,1,1959,1,2,0,-1,-1," -1",-1,202000037812,4,"PRADO (AVENUE DU)",0,NULL,2,6,3,1,0,0,1,NULL," -1",1,0,1,50
202000037812,30,6,2020,08:45:00,1,13,13206,2,2,1,3,"PRADO (AVENUE DU)","43,2841000","5,3848000",202000037812,154 675 901,B01,2,1,0,2,8,1,5,NULL,202000037812,154 675 913,A01,1,1,1,1,1972,0,1,8,-1,-1," -1",-1,202000037812,4,"PRADO (AVENUE DU)",0,NULL,2,6,3,1,0,0,1,NULL," -1",1,0,1,50
202000039261,25,7,2020,10:10:00,1,21,21519,1,4,1,2,"Route Dijon","47,7832920","4,8518170",202000039261,154 673 335,B01,2,1,0,2,4,15,5,NULL,202000039261,154 673 334,A01,1,1,1,1,1976,4,0,-1,-1,0,0,-1,202000039261,3,29,0,NULL,2,2,0,4,43,800,2,NULL," -1",1,0,1,50
202000039261,25,7,2020,10:10:00,1,21,21519,1,4,1,2,"Route Dijon","47,7832920","4,8518170",202000039261,154 673 335,B01,2,1,0,2,4,15,5,NULL,202000039261,154 673 335,B01,1,1,4,1,1947,5,2,-1,-1,0,0,-1,202000039261,3,29,0,NULL,2,2,0,4,43,800,2,NULL," -1",1,0,1,50
202000039693,24,9,2020,18:25:00,1,75,75101,2,2,3,7,"RUE DE L AMIRAL DE COLIGNY","48,8609090","2,3408520",202000039693,154 672 597,A01,1,1,0,0,0,1,5,NULL,202000039693,154 672 597,A01,1,1,4,2,1963,1,2,8,-1,0,0,-1,202000039693,4,NULL,0,NULL,2,3,1,1,0,0,1,NULL," -1",2,0,1,30
202000039883,26,10,2020,19:15:00,5,75,75107,2,2,1,3,"PONT DE L ALMA","48,8628780","2,3017120",202000039883,154 672 268,B01,1,1,0,2,7,17,5,NULL,202000039883,154 672 267,A01,1,1,4,1,1958,1,2,0,-1,0,0,-1,202000039883,4,NULL,0,NULL,2,10,1,1,4419,0,1,NULL," -1",1,-1,5,50
202000039883,26,10,2020,19:15:00,5,75,75107,2,2,1,3,"PONT DE L ALMA","48,8628780","2,3017120",202000039883,154 672 267,A01,1,1,0,2,0,13,5,NULL,202000039883,154 672 267,A01,1,1,4,1,1958,1,2,0,-1,0,0,-1,202000039883,4,NULL,0,NULL,2,10,1,1,4419,0,1,NULL," -1",1,-1,5,50
202000039883,26,10,2020,19:15:00,5,75,75107,2,2,1,3,"PONT DE L ALMA","48,8628780","2,3017120",202000039883,154 672 268,B01,1,1,0,2,7,17,5,NULL,202000039883,154 672 268,B01,1,1,4,1,1982,1,2,0,-1,0,0,-1,202000039883,4,NULL,0,NULL,2,10,1,1,4419,0,1,NULL," -1",1,-1,5,50
202000039883,26,10,2020,19:15:00,5,75,75107,2,2,1,3,"PONT DE L ALMA","48,8628780","2,3017120",202000039883,154 672 267,A01,1,1,0,2,0,13,5,NULL,202000039883,154 672 268,B01,1,1,4,1,1982,1,2,0,-1,0,0,-1,202000039883,4,NULL,0,NULL,2,10,1,1,4419,0,1,NULL," -1",1,-1,5,50