Num_Acc,jour,mois,an,hrmn,lum,dep,com,agg,int,atm,col,adr,lat,long,Num_Acc,id_vehicule,num_veh,senc,catv,obs,obsm,choc,manv,motor,occutc,Num_Acc,id_vehicule,num_veh,place,catu,grav,sexe,an_nais,trajet,secu1,secu2,secu3,locp,actp,etatp,Num_Acc,catr,voie,v1,v2,circ,nbv,vosp,prof,pr,pr1,plan,lartpc,larrout,surf,infra,situ,vma
202000041583,29,6,2020,20:50:00,1,21,21054,2,2,1,3,"Rue Gustave Eiffel","47,0395290","4,8456600",202000041583,154 669 249,B01,1,1,0,2,1,1,0,NULL,202000041583,154 669 249,B01,1,1,4,1,1940,3,8,0,-1,0," -1",-1,202000041583,4,NULL,0,NULL,2,2,0,1,(1),(1),1,NULL," -1",1,5,1,50
202000041583,29,6,2020,20:50:00,1,21,21054,2,2,1,3,"Rue Gustave Eiffel","47,0395290","4,8456600",202000041583,154 669 249,B01,1,1,0,2,1,1,0,NULL,202000041583,154 669 250,A01,1,1,1,1,1976,1,1,0,-1,0,0,-1,202000041583,4,NULL,0,NULL,2,2,0,1,(1),(1),1,NULL," -1",1,5,1,50
202000045072,23,5,2020,20:00:00,1,44,44109,2,2,1,3,"Rue de Strasbourg","47,2171700"," -1,5522500",202000045072,154 663 023,A01,1,1,0,2,7,15,5,NULL,202000045072,154 663 022,B01,1,1,4,1,1997,0,2,0,-1,-1," -1",-1,202000045072,4,NULL,0,NULL,2,0,0,1,(1),(1),1,NULL," -1",1,0,1,50
202000045072,23,5,2020,20:00:00,1,44,44109,2,2,1,3,"Rue de Strasbourg","47,2171700"," -1,5522500",202000045072,154 663 023,A01,1,1,0,2,7,15,5,NULL,202000045072,154 663 023,A01,1,1,4,2,1987,0,8,0,-1,-1," -1",-1,202000045072,4,NULL,0,NULL,2,0,0,1,(1),(1),1,NULL," -1",1,0,1,50
202000045869,19,9,2020,18:20:00,1,80,80021,2,1,1,2,"PARIS (RUE DE)","49,8883500","2,2895600",202000045869,154 661 668,A01,0,1,0,2,1,1,1,NULL,202000045869,154 661 667,B01,1,1,1,2,1988,5,1,0,-1,0,0,-1,202000045869,4,"PARIS (RUE DE)",0,NULL,2,2,0,1,0,0,1,NULL," -1",1,0,1,50
202000045869,19,9,2020,18:20:00,1,80,80021,2,1,1,2,"PARIS (RUE DE)","49,8883500","2,2895600",202000045869,154 661 668,A01,0,1,0,2,1,1,1,NULL,202000045869,154 661 668,A01,1,1,3,1,1997,5,8,0,-1,0,0,-1,202000045869,4,"PARIS (RUE DE)",0,NULL,2,2,0,1,0,0,1,NULL," -1",1,0,1,50
202000046875,22,7,2020,08:45:00,1,62,62724,1,1,1,2,"RD 40","50,3980500","2,8967900",202000046875,154 659 880,B01,1,1,0,0,0,1,0,NULL,202000046875,154 659 877,A01,1,1,1,1,1947,4,1,0,-1,-1," -1",-1,202000046875,3,40,0,NULL,2,2,0,1,5,630,1,NULL," -1",1,0,1,80
202000046875,22,7,2020,08:45:00,1,62,62724,1,1,1,2,"RD 40","50,3980500","2,8967900",202000046875,154 659 880,B01,1,1,0,0,0,1,0,NULL,202000046875,154 659 880,B01,1,1,3,1,1963,1,2,0,-1,-1," -1",-1,202000046875,3,40,0,NULL,2,2,0,1,5,630,1,NULL," -1",1,0,1,80
202000047184,24,7,2020,07:40:00,1,17,17300,2,3,7,3,"Avenue Denfert Rochereau","46,1651880"," -1,1927400",202000047184,154 659 340,Y01,1,1,0,2,3,1,5,NULL,202000047184,154 659 340,Y01,1,1,4,1,2002,1,8,0,-1,0,0,-1,202000047184,4,"avenue Denfert Rochereau",0,NULL,1,1,1,1,0,0,2,NULL," -1",1,9,1,50
202000047184,24,7,2020,07:40:00,1,17,17300,2,3,7,3,"Avenue Denfert Rochereau","46,1651880"," -1,1927400",202000047184,154 659 340,Y01,1,1,0,2,3,1,5,NULL,202000047184,154 659 341,A01,1,1,1,1,1964,1,1,8,-1,-1," -1",-1,202000047184,4,"avenue Denfert Rochereau",0,NULL,1,1,1,1,0,0,2,NULL," -1",1,9,1,50
202000006648,25,11,2020,07:50:00,2,31,31555,2,1,1,3,"RUE MARIA MONBIOLA","43,5789300","1,4369800",202000006648,154 730 562,A01,1,1,0,2,1,1,5,NULL,202000006648,154 730 562,A01,1,1,4,1,2008,0,2,0,-1,-1," -1",-1,202000006648,4,"RUE MARIA MONBIOLA",0,NULL,2,5,0,1,0,0,1,NULL," -1",1,0,1,50
202000006648,25,11,2020,07:50:00,2,31,31555,2,1,1,3,"RUE MARIA MONBIOLA","43,5789300","1,4369800",202000006648,154 730 562,A01,1,1,0,2,1,1,5,NULL,202000006648,154 730 563,B01,1,1,1,1,1969,4,1,0,-1,-1," -1",-1,202000006648,4,"RUE MARIA MONBIOLA",0,NULL,2,5,0,1,0,0,1,NULL," -1",1,0,1,50
202000009896,13,10,2020,18:57:00,5,75,75105,2,1,1,3,"AVENUE DES GOBELINS","48,8373270","2,3515000",202000009896,154 724 847,A01,2,1,0,2,8,11,5,NULL,202000009896,154 724 846,B01,2,2,4,2,1997,9,2,6,-1,0,0,-1,202000009896,4,NULL,0,NULL,1,2,0,1,0,0,1,NULL," -1",1,0,1,30
202000009896,13,10,2020,18:57:00,5,75,75105,2,1,1,3,"AVENUE DES GOBELINS","48,8373270","2,3515000",202000009896,154 724 847,A01,2,1,0,2,8,11,5,NULL,202000009896,154 724 846,B01,1,1,4,1,1988,9,2,6,-1,0,0,-1,202000009896,4,NULL,0,NULL,1,2,0,1,0,0,1,NULL," -1",1,0,1,30
202000009896,13,10,2020,18:57:00,5,75,75105,2,1,1,3,"AVENUE DES GOBELINS","48,8373270","2,3515000",202000009896,154 724 847,A01,2,1,0,2,8,11,5,NULL,202000009896,154 724 847,A01,1,1,4,2,2000,9,8,0,-1,0,0,-1,202000009896,4,NULL,0,NULL,1,2,0,1,0,0,1,NULL," -1",1,0,1,30
202000011223,11,9,2020,14:15:00,1,80,80021,2,1,1,3,"GENERAL LECLERC (RUE DU )","49,8962000","2,2939700",202000011223,154 722 508,B01,0,1,0,2,1,1,5,NULL,202000011223,154 722 508,B01,1,1,4,1,1990,5,8,0,-1,0,0,-1,202000011223,4,"GENERAL LECLERC (RUE DU )",0,NULL,2,2,0,1,0,0,1,NULL," -1",1,0,1,50
202000011223,11,9,2020,14:15:00,1,80,80021,2,1,1,3,"GENERAL LECLERC (RUE DU )","49,8962000","2,2939700",202000011223,154 722 508,B01,0,1,0,2,1,1,5,NULL,202000011223,154 722 509,A01,1,1,1,2,1986,5,1,0,-1,0,0,-1,202000011223,4,"GENERAL LECLERC (RUE DU )",0,NULL,2,2,0,1,0,0,1,NULL," -1",1,0,1,50
202000011712,16,6,2020,18:10:00,1,94,94041,2,1,1,3,"PAUL VAILLANT COUTURIER (BD)","48,8195900","2,3961700",202000011712,154 721 643,B01,1,1,0,2,1,1,5,NULL,202000011712,154 721 642,A01,1,1,1,1,1986,0,1,0,-1,-1," -1",-1,202000011712,3,152,0,NULL,2,4,3,1,(1),(1),1,NULL," -1",1,0,6,50
202000011712,16,6,2020,18:10:00,1,94,94041,2,1,1,3,"PAUL VAILLANT COUTURIER (BD)","48,8195900","2,3961700",202000011712,154 721 643,B01,1,1,0,2,1,1,5,NULL,202000011712,154 721 643,B01,1,1,4,1,1991,0,8,0,-1,-1," -1",-1,202000011712,3,152,0,NULL,2,4,3,1,(1),(1),1,NULL," -1",1,0,6,50
202000012278,26,12,2020,11:46:00,1,75,75111,2,3,1,2,"RUE DE CHARONNE","48,8559340","2,3923500",202000012278,154 720 671,B01,2,1,0,2,1,23,5,NULL,202000012278,154 720 670,A01,1,1,1,2,1945,5,1,0,-1,0,0,-1,202000012278,4,NULL,0,NULL,2,2,0,1,0,0,1,NULL," -1",1,0,1,50
202000012278,26,12,2020,11:46:00,1,75,75111,2,3,1,2,"RUE DE CHARONNE","48,8559340","2,3923500",202000012278,154 720 671,B01,2,1,0,2,1,23,5,NULL,202000012278,154 720 671,B01,1,1,3,1,1944,5,2,0,-1,0,0,-1,202000012278,4,NULL,0,NULL,2,2,0,1,0,0,1,NULL," -1",1,0,1,50
202000015417,14,6,2020,13:30:00,1,25,25056,2,2,1,3,"MICHEL  AVENUE LOUISE","47,2354300","6,0157800",202000015417,154 715 184,A01,2,1,0,2,3,19,5,NULL,202000015417,154 715 184,A01,1,1,3,1,1987,0,8,0,-1,-1," -1",-1,202000015417,4,NULL,0,NULL,2,2,2,2,0,0,1,NULL," -1",1,0,1,50
202000015417,14,6,2020,13:30:00,1,25,25056,2,2,1,3,"MICHEL  AVENUE LOUISE","47,2354300","6,0157800",202000015417,154 715 184,A01,2,1,0,2,3,19,5,NULL,202000015417,154 715 185,B01,1,1,1,1,1955,5,1,5,-1,-1," -1",-1,202000015417,4,NULL,0,NULL,2,2,2,2,0,0,1,NULL," -1",1,0,1,50
202000017138,10,9,2020,20:44:00,5,67,67482,2,3,1,3,"RATHSAMHAUSEN (RUE DE)","48,5688470","7,7625780",202000017138,154 712 103,A01,1,1,0,2,1,1,5,NULL,202000017138,154 712 103,A01,1,1,4,1,1980,0,8,0,-1,-1," -1",-1,202000017138,4,"RATHSAMHAUSEN (RUE DE)",0,NULL,2,3,1,1,0,0,1,NULL," -1",1,0,1,50
202000018829,13,7,2020,01:25:00,3,56,56069,1,1,1,6,"Lieu-dit Kervaillet","47,6408080"," -3,4365430",202000018829,154 709 123,A01,3,1,0,1,1,1,5,NULL,202000018829,154 709 123,A01,1,1,4,1,1987,5,0,-1,-1,0,0,-1,202000018829,4,NULL,-1,NULL,2,2,0,2,(1),(1),1,NULL," -1",1,0,1,50
202000018829,13,7,2020,01:25:00,3,56,56069,1,1,1,6,"Lieu-dit Kervaillet","47,6408080"," -3,4365430",202000018829,154 709 123,A01,3,1,0,1,1,1,5,NULL,202000018829,154 709 123,A01,10,3,3,2,1986,5,0,-1,-1,1,1,2,202000018829,4,NULL,-1,NULL,2,2,0,2,(1),(1),1,NULL," -1",1,0,1,50
202000020343,25,4,2020,15:20:00,1,64,64445,2,1,7,3,"Bd du Commandant Rene Mouchotte","43,3053109"," -0,3285242",202000020343,154 706 438,A01,1,1,0,2,1,2,5,NULL,202000020343,154 706 438,A01,1,1,4,2,1949,5,8,8,-1,-1," -1",-1,202000020343,4,NULL,0,NULL,2,1,0,1,0,0,2,NULL," -1",1,0,1,50
202000020343,25,4,2020,15:20:00,1,64,64445,2,1,7,3,"Bd du Commandant Rene Mouchotte","43,3053109"," -0,3285242",202000020343,154 706 438,A01,1,1,0,2,1,2,5,NULL,202000020343,154 706 439,B01,1,1,1,2,1958,5,1,0,-1,-1," -1",-1,202000020343,4,NULL,0,NULL,2,1,0,1,0,0,2,NULL," -1",1,0,1,50
202000020426,21,1,2020,08:50:00,1,45,45286,2,3,1,3,"Rue des Epiceas - Rue de rosette","47,8903500","1,9412100",202000020426,154 706 310,A01,0,1,0,2,3,19,5,NULL,202000020426,154 706 309,B01,1,1,1,2,1986,1,1,0,-1,0,0,-1,202000020426,4,"Rue de rosette",0,NULL,2,2,0,1,(1),(1),1,NULL," -1",7,0,1,50
202000020426,21,1,2020,08:50:00,1,45,45286,2,3,1,3,"Rue des Epiceas - Rue de rosette","47,8903500","1,9412100",202000020426,154 706 310,A01,0,1,0,2,3,19,5,NULL,202000020426,154 706 310,A01,1,1,4,1,2008,2,2,0,-1,0,0,-1,202000020426,4,"Rue de rosette",0,NULL,2,2,0,1,(1),(1),1,NULL," -1",7,0,1,50
202000021049,9,9,2020,12:30:00,1,35,35238,2,6,1,6,"SANGNIER (MARC)","48,0933100"," -1,6584700",202000021049,154 705 173,A01,2,1,0,1,5,1,5,NULL,202000021049,154 705 173,A01,10,3,1,1,2014,5,0,-1,-1,3,3,2,202000021049,4,"SANGNIER (MARC)",0,NULL,2,2,-1,1,(1),(1),1,NULL," -1",1,5,1,30
202000021049,9,9,2020,12:30:00,1,35,35238,2,6,1,6,"SANGNIER (MARC)","48,0933100"," -1,6584700",202000021049,154 705 173,A01,2,1,0,1,5,1,5,NULL,202000021049,154 705 173,A01,1,1,4,2,1959,5,8,0,-1,-1," -1",-1,202000021049,4,"SANGNIER (MARC)",0,NULL,2,2,-1,1,(1),(1),1,NULL," -1",1,5,1,30
202000026160,16,1,2020,16:25:00,1,64,64284,2,3,7,3,"GENERAL LECLERC DU","43,2879300"," -0,3898700",202000026160,154 696 236,B01,2,1,0,2,1,1,5,NULL,202000026160,154 696 236,B01,1,1,4,1,1953,0,2,8,-1,-1," -1",-1,202000026160,4,NULL,0,NULL,2,2,0,1,0,0,1,NULL," -1",1,0,1,30
202000026160,16,1,2020,16:25:00,1,64,64284,2,3,7,3,"GENERAL LECLERC DU","43,2879300"," -0,3898700",202000026160,154 696 236,B01,2,1,0,2,1,1,5,NULL,202000026160,154 696 237,A01,1,1,1,2,1967,0,1,0,-1,-1," -1",-1,202000026160,4,NULL,0,NULL,2,2,0,1,0,0,1,NULL," -1",1,0,1,30
202000026943,6,8,2020,10:25:00,1,85,85302,1,1,1,3,"D111 ","46,9676110"," -1,0056060",202000026943,154 694 860,B01,2,1,0,2,8,1,5,NULL,202000026943,154 694 859,A01,1,1,1,1,1966,4,1,-1,-1,0,0,-1,202000026943,3,111,-1,NULL,2,2,0,2,9,26,4,NULL," -1",1,0,1,50
202000026943,6,8,2020,10:25:00,1,85,85302,1,1,1,3,"D111 ","46,9676110"," -1,0056060",202000026943,154 694 860,B01,2,1,0,2,8,1,5,NULL,202000026943,154 694 860,B01,1,1,3,1,1960,5,2,-1,-1,0,0,-1,202000026943,3,111,-1,NULL,2,2,0,2,9,26,4,NULL," -1",1,0,1,50
202000029889,14,12,2020,15:45:00,1,75,75112,2,1,1,3,"RUE DE LYON","48,8508650","2,3701670",202000029889,154 689 721,A01,1,1,0,2,8,13,5,NULL,202000029889,154 689 720,B01,1,1,4,2,1986,9,2,0,-1,0,0,-1,202000029889,4,NULL,0,NULL,1,4,3,1,0,0,1,NULL," -1",2,-1,6,50
202000029889,14,12,2020,15:45:00,1,75,75112,2,1,1,3,"RUE DE LYON","48,8508650","2,3701670",202000029889,154 689 721,A01,1,1,0,2,8,13,5,NULL,202000029889,154 689 721,A01,1,1,1,1,1978,9,2,0,-1,0,0,-1,202000029889,4,NULL,0,NULL,1,4,3,1,0,0,1,NULL," -1",2,-1,6,50
202000029956,11,12,2020,18:40:00,2,69,69072,1,1,2,2,"Ancienne Route Nationale 7","45,8108600","4,7304300",202000029956,154 689 610,A01,3,1,0,2,4,14,5,NULL,202000029956,154 689 610,A01,1,1,4,1,1993,1,0,-1,-1,0,0,-1,202000029956,4,7,-1,NULL,2,2,0,1,(1),(1),1,NULL," -1",2,0,1,-1
202000029956,11,12,2020,18:40:00,2,69,69072,1,1,2,2,"Ancienne Route Nationale 7","45,8108600","4,7304300",202000029956,154 689 610,A01,3,1,0,2,4,14,5,NULL,202000029956,154 689 611,B01,1,1,1,1,1945,0,1,-1,-1,0,0,-1,202000029956,4,7,-1,NULL,2,2,0,1,(1),(1),1,NULL," -1",2,0,1,-1
202000033014,29,10,2020,11:50:00,1,35,35238,2,2,1,3,"MITTERAND (MAIL FRANCOIS)","48,1085400"," -1,6929400",202000033014,154 684 417,B01,3,1,0,2,1,1,5,NULL,202000033014,154 684 416,A01,1,1,1,2,1964,1,1,0,-1,-1," -1",-1,202000033014,4,"MITTERAND (MAIL FRANCOIS)",0,NULL,2,2,3,1,0,0,1,NULL," -1",1,0,1,50
202000033014,29,10,2020,11:50:00,1,35,35238,2,2,1,3,"MITTERAND (MAIL FRANCOIS)","48,1085400"," -1,6929400",202000033014,154 684 417,B01,3,1,0,2,1,1,5,NULL,202000033014,154 684 417,B01,1,1,4,1,1998,5,2,0,-1,-1," -1",-1,202000033014,4,"MITTERAND (MAIL FRANCOIS)",0,NULL,2,2,3,1,0,0,1,NULL," -1",1,0,1,50
202000033590,9,12,2020,09:25:00,1,64,64445,2,1,1,3,"BALAITOUS DU","43,3126580"," -0,3709880",202000033590,154 683 383,A01,1,1,0,2,3,26,5,NULL,202000033590,154 683 383,A01,1,1,4,2,2003,2,8,0,-1,-1," -1",-1,202000033590,4,NULL,0,NULL,-1,2,0,1,0,0,1,NULL," -1",1,0,1,30
202000033590,9,12,2020,09:25:00,1,64,64445,2,1,1,3,"BALAITOUS DU","43,3126580"," -0,3709880",202000033590,154 683 383,A01,1,1,0,2,3,26,5,NULL,202000033590,154 683 385,B01,1,1,1,2,1974,5,1,0,-1,-1," -1",-1,202000033590,4,NULL,0,NULL,-1,2,0,1,0,0,1,NULL," -1",1,0,1,30
202000033679,30,5,2020,00:45:00,3,75,75120,2,1,1,6,"COURS DE VINCENNES","48,8482340","2,4009590",202000033679,154 683 237,A01,1,1,15,0,1,1,5,NULL,202000033679,154 683 237,A01,1,1,3,1,1996,9,8,2,-1,0,0,-1,202000033679,4,NULL,0,NULL,1,1,-1,1,0,0,1,NULL," -1",1,0,1,30
202000034036,10,1,2020,09:20:00,1,33,33063,2,2,2,3,"RUE DU JARDIN PUBLIC / RUE BINAUD","44,8594100"," -0,5711700",202000034036,154 682 615,B01,2,1,0,2,8,1,5,NULL,202000034036,154 682 614,A01,1,1,1,2,1999,9,1,-1,-1,-1,0,-1,202000034036,4,"RUE DU JARDIN PUBLIC",0,NULL,2,2,0,1,(1),(1),1,NULL," -1",2,0,1,50
202000034036,10,1,2020,09:20:00,1,33,33063,2,2,2,3,"RUE DU JARDIN PUBLIC / RUE BINAUD","44,8594100"," -0,5711700",202000034036,154 682 615,B01,2,1,0,2,8,1,5,NULL,202000034036,154 682 615,B01,1,1,4,1,1982,1,8,-1,-1,-1," -1",-1,202000034036,4,"RUE DU JARDIN PUBLIC",0,NULL,2,2,0,1,(1),(1),1,NULL," -1",2,0,1,50
202000034327,16,3,2020,13:30:00,1,67,67482,2,3,1,3,"KOENIGSHOFFEN (RUE DE)","48,5804529","7,7276513",202000034327,154 682 110,B01,2,1,0,2,1,1,5,NULL,202000034327,154 682 109,A01,1,1,1,1,1981,4,1,8,-1,-1,0,-1,202000034327,4,NULL,0,NULL,2,4,1,1,0,0,1,NULL," -1",1,0,1,50
202000034327,16,3,2020,13:30:00,1,67,67482,2,3,1,3,"KOENIGSHOFFEN (RUE DE)","48,5804529","7,7276513",202000034327,154 682 110,B01,2,1,0,2,1,1,5,NULL,202000034327,154 682 110,B01,1,1,4,1,1995,0,2,0,-1,-1,0,-1,202000034327,4,NULL,0,NULL,2,4,1,1,0,0,1,NULL," -1",1,0,1,50
202000035677,7,12,2020,08:00:00,1,974,97422,1,9,1,6,"Rue des Poinsetias"," -21,2484670","55,5252750",202000035677,154 679 688,A01,2,1,0,2,1,2,5,NULL,202000035677,154 679 688,A01,1,1,3,1,2007,2,0,-1,-1,0,0,-1,202000035677,2,3,0,NULL,3,2,0,1,(1),(1),1,NULL," -1",1,6,1,30
202000038125,15,3,2020,16:20:00,1,64,64067,1,1,1,6,"54, Quartier Lous Mats","43,2634210"," -0,2938040",202000038125,154 675 337,A01,0,1,0,9,0,0,5,NULL,202000038125,154 675 337,A01,1,1,3,1,1968,0,0,-1,-1,0,0,-1,202000038125,9,NULL,-1,NULL,2,2,0,1,(1),(1),1,NULL," -1",1,0,1,70
202000038376,31,8,2020,15:00:00,1,18,18015,2,1,1,-1,"57 Avenue du Parc des Sports","47,4863810","2,4437920",202000038376,154 674 912,B01,1,1,1,0,1,25,5,NULL,202000038376,154 674 911,A01,1,1,1,2,1962,5,9,-1,-1,0,0,-1,202000038376,3,923,-1,NULL,2,2,0,1,(1),(1),1,NULL," -1",1,0,3,50
202000038376,31,8,2020,15:00:00,1,18,18015,2,1,1,-1,"57 Avenue du Parc des Sports","47,4863810","2,4437920",202000038376,154 674 912,B01,1,1,1,0,1,25,5,NULL,202000038376,154 674 912,B01,1,1,3,1,2006,5,0,-1,-1,0,0,-1,202000038376,3,923,-1,NULL,2,2,0,1,(1),(1),1,NULL," -1",1,0,3,50
202000039826,29,6,2020,13:20:00,1,77,77037,2,4,7,1,"GRES (REU DES)","48,4739500","2,7050500",202000039826,154 672 368,B01,1,1,0,2,1,15,5,NULL,202000039826,154 672 367,A01,2,2,3,1,2008,2,8,0,-1,-1," -1",-1,202000039826,4,"GRES (RUE DES)",0,NULL,2,2,0,1,0,0,3,NULL," -1",1,0,1,50
202000039826,29,6,2020,13:20:00,1,77,77037,2,4,7,1,"GRES (REU DES)","48,4739500","2,7050500",202000039826,154 672 368,B01,1,1,0,2,1,15,5,NULL,202000039826,154 672 367,A01,1,1,1,2,1999,1,1,8,-1,-1," -1",-1,202000039826,4,"GRES (RUE DES)",0,NULL,2,2,0,1,0,0,3,NULL," -1",1,0,1,50
202000039826,29,6,2020,13:20:00,1,77,77037,2,4,7,1,"GRES (REU DES)","48,4739500","2,7050500",202000039826,154 672 368,B01,1,1,0,2,1,15,5,NULL,202000039826,154 672 368,B01,1,1,1,1,2018,-1,8,-1,-1,-1," -1",-1,202000039826,4,"GRES (RUE DES)",0,NULL,2,2,0,1,0,0,3,NULL," -1",1,0,1,50
202000039956,25,10,2020,18:00:00,5,75,75120,2,1,3,6,"RUE DES PYRENEES","48,8727620","2,3908230",202000039956,154 672 147,A01,2,1,0,1,7,1,5,NULL,202000039956,154 672 147,A01,10,3,4,2,1966,9,0,-1,-1,3,3,1,202000039956,4,NULL,0,NULL,2,2,3,1,0,0,1,NULL," -1",2,-1,6,50
202000039956,25,10,2020,18:00:00,5,75,75120,2,1,3,6,"RUE DES PYRENEES","48,8727620","2,3908230",202000039956,154 672 147,A01,2,1,0,1,7,1,5,NULL,202000039956,154 672 147,A01,1,1,1,1,1985,9,2,4,-1,0,0,-1,202000039956,4,NULL,0,NULL,2,2,3,1,0,0,1,NULL," -1",2,-1,6,50
202000040298,29,8,2020,16:34:00,1,17,17300,2,6,1,3,"REPUBLIQUE   BOULEVARD DE LA","46,1399700"," -1,1450400",202000040298,154 671 541,B01,1,1,0,2,7,1,5,NULL,202000040298,154 671 541,B01,1,1,4,2,1993,5,8,0,-1,-1," -1",-1,202000040298,4,"REPUBLIQUE   BOULEVARD DE LA",0,NULL,3,4,1,1,0,0,1,NULL," -1",1,9,5,50
202000040298,29,8,2020,16:34:00,1,17,17300,2,6,1,3,"REPUBLIQUE   BOULEVARD DE LA","46,1399700"," -1,1450400",202000040298,154 671 541,B01,1,1,0,2,7,1,5,NULL,202000040298,154 671 542,A01,1,1,1,1,1953,5,8,0,-1,-1," -1",-1,202000040298,4,"REPUBLIQUE   BOULEVARD DE LA",0,NULL,3,4,1,1,0,0,1,NULL," -1",1,9,5,50
202000041667,28,6,2020,11:30:00,1,88,88377,2,2,1,1,"1 Rue du Bois","47,9867330","5,9739550",202000041667,154 669 111,B01,2,1,0,2,1,1,5,NULL,202000041667,154 669 110,A01,1,1,1,1,1960,5,1,-1,-1,0,0,-1,202000041667,3,2,-1,NULL,2,2,0,1,48,3,2,NULL," -1",1,0,1,50
202000041667,28,6,2020,11:30:00,1,88,88377,2,2,1,1,"1 Rue du Bois","47,9867330","5,9739550",202000041667,154 669 111,B01,2,1,0,2,1,1,5,NULL,202000041667,154 669 111,B01,1,1,4,1,1976,5,2,-1,-1,0,0,-1,202000041667,3,2,-1,NULL,2,2,0,1,48,3,2,NULL," -1",1,0,1,50
202000042546,23,9,2020,09:30:00,1,14,14118,2,1,1,6,"HASTINGS (RUE D')","49,1848700"," -0,3803300",202000042546,154 667 510,A01,1,1,1,0,1,1,5,NULL,202000042546,154 667 510,A01,1,1,4,1,2005,2,8,0,-1,0,0,-1,202000042546,4,sans,0,NULL,2,2,0,1,1,0,1,NULL," -1",1,0,1,50
202000043760,4,12,2020,12:25:00,1,75,75106,2,1,1,2,"BOULEVARD DU MONTPARNASSE","48,8460040","2,3183410",202000043760,154 665 341,A01,2,1,0,2,1,2,5,NULL,202000043760,154 665 340,B01,1,1,1,1,1964,1,1,0,-1,0,0,-1,202000043760,4,NULL,0,NULL,2,4,0,1,0,0,1,NULL," -1",1,0,1,50
202000043760,4,12,2020,12:25:00,1,75,75106,2,1,1,2,"BOULEVARD DU MONTPARNASSE","48,8460040","2,3183410",202000043760,154 665 341,A01,2,1,0,2,1,2,5,NULL,202000043760,154 665 341,A01,1,1,4,1,1981,4,2,0,-1,0,0,-1,202000043760,4,NULL,0,NULL,2,4,0,1,0,0,1,NULL," -1",1,0,1,50
202000044717,5,2,2020,09:15:00,1,33,33075,2,3,1,3,"ALL DU BRION","44,8763100"," -0,6076700",202000044717,154 663 602,B01,2,1,0,2,1,19,5,NULL,202000044717,154 663 602,B01,1,1,4,1,2007,0,8,-1,-1,-1," -1",-1,202000044717,4,"ALL DU BRION",0,NULL,2,4,2,1,(1),(1),1,NULL," -1",1,0,1,30
202000044717,5,2,2020,09:15:00,1,33,33075,2,3,1,3,"ALL DU BRION","44,8763100"," -0,6076700",202000044717,154 663 602,B01,2,1,0,2,1,19,5,NULL,202000044717,154 663 606,A01,1,1,1,1,1970,1,8,-1,-1,-1," -1",-1,202000044717,4,"ALL DU BRION",0,NULL,2,4,2,1,(1),(1),1,NULL," -1",1,0,1,30
202000046295,24,6,2020,11:25:00,1,44,44125,1,4,1,3,"Avenue Louis Clément","47,3676190"," -2,5377850",202000046295,154 660 891,B01,2,1,0,2,8,1,5,NULL,202000046295,154 660 890,A01,1,1,1,1,1964,4,1,-1,-1,0,0,-1,202000046295,3,NULL,-1,NULL,2,2,0,1,(1),(1),3,NULL," -1",1,0,1,70
202000046295,24,6,2020,11:25:00,1,44,44125,1,4,1,3,"Avenue Louis Clément","47,3676190"," -2,5377850",202000046295,154 660 891,B01,2,1,0,2,8,1,5,NULL,202000046295,154 660 891,B01,1,1,4,1,1949,5,2,-1,-1,0,0,-1,202000046295,3,NULL,-1,NULL,2,2,0,1,(1),(1),3,NULL," -1",1,0,1,70
202000006673,25,11,2020,13:00:00,1,75,75112,2,3,8,3,"RUE DU SERGENT BAUCHAT","48,8457310","2,3934250",202000006673,154 730 512,A01,2,1,0,2,7,1,5,NULL,202000006673,154 730 511,B01,1,1,1,1,1966,4,1,0,-1,0,0,-1,202000006673,4,NULL,0,NULL,2,2,0,1,0,0,1,NULL," -1",1,0,1,50
202000006673,25,11,2020,13:00:00,1,75,75112,2,3,8,3,"RUE DU SERGENT BAUCHAT","48,8457310","2,3934250",202000006673,154 730 512,A01,2,1,0,2,7,1,5,NULL,202000006673,154 730 512,A01,1,1,4,2,1954,3,8,0,-1,0,0,-1,202000006673,4,NULL,0,NULL,2,2,0,1,0,0,1,NULL," -1",1,0,1,50
202000006824,17,5,2020,10:30:00,1,68,68252,1,3,1,3,"Route de Ribeauvillé","48,1642250","7,3666870",202000006824,154 730 261,B01,2,1,0,2,1,1,5,NULL,202000006824,154 730 260,A01,1,1,1,1,1928,3,1,-1,-1,0,0,-1,202000006824,3,416,-1,NULL,2,1,0,1,23,640,1,NULL," -1",1,0,1,80
202000006824,17,5,2020,10:30:00,1,68,68252,1,3,1,3,"Route de Ribeauvillé","48,1642250","7,3666870",202000006824,154 730 261,B01,2,1,0,2,1,1,5,NULL,202000006824,154 730 261,B01,1,1,3,1,1970,5,2,-1,-1,0,0,-1,202000006824,3,416,-1,NULL,2,1,0,1,23,640,1,NULL," -1",1,0,1,80
202000007186,16,9,2020,10:20:00,1,17,17380,1,2,1,3,"PALMYRE (AVENUE DE LA)","45,6571600"," -1,1207100",202000007186,154 729 621,B01,1,1,0,2,1,2,0,NULL,202000007186,154 729 620,A01,1,1,1,1,1951,0,8,0,-1,-1," -1",-1,202000007186,3,25,0,NULL,-1,2,0,1,28,541,1,NULL," -1",1,0,1,70