Num_Acc,jour,mois,an,hrmn,lum,dep,com,agg,int,atm,col,adr,lat,long,Num_Acc,id_vehicule,num_veh,senc,catv,obs,obsm,choc,manv,motor,occutc,Num_Acc,id_vehicule,num_veh,place,catu,grav,sexe,an_nais,trajet,secu1,secu2,secu3,locp,actp,etatp,Num_Acc,catr,voie,v1,v2,circ,nbv,vosp,prof,pr,pr1,plan,lartpc,larrout,surf,infra,situ,vma
202000007186,16,9,2020,10:20:00,1,17,17380,1,2,1,3,"PALMYRE (AVENUE DE LA)","45,6571600"," -1,1207100",202000007186,154 729 621,B01,1,1,0,2,1,2,0,NULL,202000007186,154 729 621,B01,1,1,4,1,1957,5,2,0,-1,-1," -1",-1,202000007186,3,25,0,NULL,-1,2,0,1,28,541,1,NULL," -1",1,0,1,70
202000007661,18,7,2020,12:55:00,1,95,95229,2,6,1,7,"Avenue Jean Rostand","49,0341805","2,3419283",202000007661,154 728 766,A01,1,1,12,0,7,1,5,NULL,202000007661,154 728 766,A01,1,1,4,1,1943,3,0,-1,-1,0,0,-1,202000007661,3,11,-1,NULL,2,2,0,1,0,25,3,NULL," -1",1,0,4,50
202000007954,14,10,2020,19:50:00,1,33,33318,2,3,1,2,"AVE CAMILLE JULLIAN","44,7926800"," -0,6148400",202000007954,154 728 258,B01,0,1,0,2,4,1,5,NULL,202000007954,154 728 258,B01,1,1,4,2,1976,0,8,0,-1,-1," -1",-1,202000007954,4,"AVE CAMILLE JULLIAN",0,NULL,1,3,2,1,(1),(1),1,NULL," -1",2,0,1,50
202000007954,14,10,2020,19:50:00,1,33,33318,2,3,1,2,"AVE CAMILLE JULLIAN","44,7926800"," -0,6148400",202000007954,154 728 258,B01,0,1,0,2,4,1,5,NULL,202000007954,154 728 259,A01,1,1,1,1,1994,0,1,0,-1,-1," -1",-1,202000007954,4,"AVE CAMILLE JULLIAN",0,NULL,1,3,2,1,(1),(1),1,NULL," -1",2,0,1,50
202000008172,18,8,2020,17:00:00,1,75,75103,2,3,1,7,"RUE AUX OURS","48,8632320","2,3516650",202000008172,154 727 872,A01,1,1,0,0,0,1,5,NULL,202000008172,154 727 872,A01,1,1,4,1,1991,5,8,0,-1,0,0,-1,202000008172,4,NULL,0,NULL,2,2,0,1,0,0,1,NULL," -1",1,0,1,50
202000008285,25,12,2020,15:50:00,1,987,98735,1,1,1,3,"PIERRE LOTI (ALLEE QTIER POROI)"," -17,5553600"," -149,5472600",202000008285,154 727 678,B01,3,1,0,2,8,0,5,NULL,202000008285,154 727 678,B01,1,1,3,1,2012,0,8,0,-1,-1," -1",-1,202000008285,4,"PIERRE LOTI (ALLEE QTIER POROI)",0,NULL,2,2,0,1,4,0,1,NULL," -1",1,0,1,50
202000008285,25,12,2020,15:50:00,1,987,98735,1,1,1,3,"PIERRE LOTI (ALLEE QTIER POROI)"," -17,5553600"," -149,5472600",202000008285,154 727 678,B01,3,1,0,2,8,0,5,NULL,202000008285,154 727 679,A01,1,1,4,1,1976,0,2,0,-1,-1," -1",-1,202000008285,4,"PIERRE LOTI (ALLEE QTIER POROI)",0,NULL,2,2,0,1,4,0,1,NULL," -1",1,0,1,50
202000009576,18,7,2020,09:25:00,1,40,40304,2,3,7,3,"Avenue Edmond Rostand","43,6631610"," -1,4200580",202000009576,154 725 422,B01,2,1,0,2,1,1,5,NULL,202000009576,154 725 421,A01,1,1,1,1,1968,9,1,-1,-1,0,0,-1,202000009576,3,RD152,0,D,2,2,2,4,(1),(1),1,NULL," -1",1,0,5,-1
202000009576,18,7,2020,09:25:00,1,40,40304,2,3,7,3,"Avenue Edmond Rostand","43,6631610"," -1,4200580",202000009576,154 725 422,B01,2,1,0,2,1,1,5,NULL,202000009576,154 725 422,B01,1,1,4,1,1959,3,0,-1,-1,0,0,-1,202000009576,3,RD152,0,D,2,2,2,4,(1),(1),1,NULL," -1",1,0,5,-1
202000011469,14,9,2020,08:45:00,1,87,87185,1,1,7,1,"Route de l'Abattoir","45,8840460","1,0736310",202000011469,154 722 071,B01,1,1,0,2,8,1,5,NULL,202000011469,154 722 070,A01,1,1,1,2,1991,1,1,-1,-1,0,0,-1,202000011469,3,941,-1,D,2,2,0,1,50,11,1,NULL," -1",1,0,3,80
202000011469,14,9,2020,08:45:00,1,87,87185,1,1,7,1,"Route de l'Abattoir","45,8840460","1,0736310",202000011469,154 722 071,B01,1,1,0,2,8,1,5,NULL,202000011469,154 722 071,B01,1,1,3,1,1943,5,2,-1,-1,0,0,-1,202000011469,3,941,-1,D,2,2,0,1,50,11,1,NULL," -1",1,0,3,80
202000011567,16,6,2020,18:40:00,1,75,75108,2,7,1,2,"PLACE DE LA CONCORDE","48,8670490","2,3206720",202000011567,154 721 896,B01,1,1,0,2,6,15,5,NULL,202000011567,154 721 896,B01,1,1,4,1,1985,5,8,0,-1,0,0,-1,202000011567,4,NULL,0,NULL,1,4,0,1,0,0,2,NULL," -1",1,0,1,50
202000011567,16,6,2020,18:40:00,1,75,75108,2,7,1,2,"PLACE DE LA CONCORDE","48,8670490","2,3206720",202000011567,154 721 896,B01,1,1,0,2,6,15,5,NULL,202000011567,154 721 897,A01,2,2,1,2,1932,5,1,0,-1,0,0,-1,202000011567,4,NULL,0,NULL,1,4,0,1,0,0,2,NULL," -1",1,0,1,50
202000011567,16,6,2020,18:40:00,1,75,75108,2,7,1,2,"PLACE DE LA CONCORDE","48,8670490","2,3206720",202000011567,154 721 896,B01,1,1,0,2,6,15,5,NULL,202000011567,154 721 897,A01,1,1,1,1,1957,9,1,0,-1,0,0,-1,202000011567,4,NULL,0,NULL,1,4,0,1,0,0,2,NULL," -1",1,0,1,50
202000011888,12,10,2020,16:27:00,1,93,93046,2,2,8,3,"LUCIE AUBRAC ALLEE","48,9313700","2,5456200",202000011888,154 721 347,B01,-1,1,0,2,6,1,5,NULL,202000011888,154 721 346,A01,1,1,1,1,1995,9,1,8,-1,-1," -1",-1,202000011888,3,NULL,0,NULL,2,2,0,1,1,0,1,NULL," -1",1,0,1,50
202000011888,12,10,2020,16:27:00,1,93,93046,2,2,8,3,"LUCIE AUBRAC ALLEE","48,9313700","2,5456200",202000011888,154 721 347,B01,-1,1,0,2,6,1,5,NULL,202000011888,154 721 347,B01,1,1,3,1,2006,0,2,0,-1,-1," -1",-1,202000011888,3,NULL,0,NULL,2,2,0,1,1,0,1,NULL," -1",1,0,1,50
202000012471,20,11,2020,16:15:00,1,85,85224,2,6,1,3,"ROUTE DE LA VENDEE","46,9965290"," -1,3278870",202000012471,154 720 337,B01,2,1,0,2,7,1,5,NULL,202000012471,154 720 336,A01,1,1,1,1,1964,5,1,-1,-1,0,0,-1,202000012471,3,137,-1,NULL,2,2,0,3,86,900,1,NULL," -1",1,5,1,50
202000012471,20,11,2020,16:15:00,1,85,85224,2,6,1,3,"ROUTE DE LA VENDEE","46,9965290"," -1,3278870",202000012471,154 720 337,B01,2,1,0,2,7,1,5,NULL,202000012471,154 720 337,B01,1,1,3,1,1965,5,2,-1,-1,0,0,-1,202000012471,3,137,-1,NULL,2,2,0,3,86,900,1,NULL," -1",1,5,1,50
202000014412,18,11,2020,16:15:00,1,75,75116,2,1,1,2,"BOULEVARD LANNES","48,8635710","2,2689830",202000014412,154 716 975,A01,1,1,0,2,1,2,5,NULL,202000014412,154 716 975,A01,1,1,4,1,2005,5,2,0,-1,0,0,-1,202000014412,4,NULL,0,NULL,2,2,0,1,0,0,1,NULL," -1",1,0,1,50
202000015065,13,7,2020,14:30:00,1,74,74281,2,1,1,2,"CORNICHE (BD DE LA) SUPERIEUR N°20","46,3626400","6,4519100",202000015065,154 715 799,B01,2,1,0,2,4,2,0,NULL,202000015065,154 715 799,B01,1,1,4,1,1972,5,2,8,-1,-1," -1",-1,202000015065,4,"CORNICHE (BD DE LA) SUPERIEUR N°20",0,NULL,2,2,0,1,1,0,1,NULL," -1",1,0,1,50
202000015065,13,7,2020,14:30:00,1,74,74281,2,1,1,2,"CORNICHE (BD DE LA) SUPERIEUR N°20","46,3626400","6,4519100",202000015065,154 715 799,B01,2,1,0,2,4,2,0,NULL,202000015065,154 715 801,A01,1,1,1,2,1987,0,1,0,-1,-1," -1",-1,202000015065,4,"CORNICHE (BD DE LA) SUPERIEUR N°20",0,NULL,2,2,0,1,1,0,1,NULL," -1",1,0,1,50
202000016444,6,5,2020,15:00:00,1,02,02131,2,9,1,3,"chemin de la Fosselle","49,3909910","3,3818950",202000016444,154 713 317,A01,3,1,0,2,0,26,5,NULL,202000016444,154 713 316,B01,1,1,1,1,2000,9,1,-1,-1,0,0,-1,202000016444,4,NULL,0,NULL,2,2,0,1,(1),(1),1,NULL," -1",1,0,1,50
202000016444,6,5,2020,15:00:00,1,02,02131,2,9,1,3,"chemin de la Fosselle","49,3909910","3,3818950",202000016444,154 713 317,A01,3,1,0,2,0,26,5,NULL,202000016444,154 713 317,A01,1,1,3,1,2007,5,0,-1,-1,0,0,-1,202000016444,4,NULL,0,NULL,2,2,0,1,(1),(1),1,NULL," -1",1,0,1,50
202000019201,11,9,2020,11:30:00,1,64,64436,2,1,1,3,"Route Departementale 918","43,2330100"," -1,2987710",202000019201,154 708 456,B01,1,1,0,2,8,1,5,NULL,202000019201,154 708 456,B01,1,1,3,1,1959,5,2,-1,-1,0,0,-1,202000019201,3,918,0,D,2,2,0,1,50,20,1,NULL," -1",1,0,1,50
202000019201,11,9,2020,11:30:00,1,64,64436,2,1,1,3,"Route Departementale 918","43,2330100"," -1,2987710",202000019201,154 708 456,B01,1,1,0,2,8,1,5,NULL,202000019201,154 708 457,A01,1,1,1,1,1948,5,1,-1,-1,0,0,-1,202000019201,3,918,0,D,2,2,0,1,50,20,1,NULL," -1",1,0,1,50
202000020683,7,7,2020,12:30:00,1,35,35275,2,3,1,1,"La Janais","48,1483360"," -1,8300710",202000020683,154 705 845,B01,2,1,0,2,1,1,5,NULL,202000020683,154 705 845,B01,1,1,3,1,1959,5,2,-1,-1,0,0,-1,202000020683,3,21,0,NULL,2,2,0,1,23,809,3,NULL," -1",1,0,1,50
202000020683,7,7,2020,12:30:00,1,35,35275,2,3,1,1,"La Janais","48,1483360"," -1,8300710",202000020683,154 705 845,B01,2,1,0,2,1,1,5,NULL,202000020683,154 705 846,A01,1,1,1,1,1973,9,1,-1,-1,0,0,-1,202000020683,3,21,0,NULL,2,2,0,1,23,809,3,NULL," -1",1,0,1,50
202000021041,8,9,2020,22:05:00,5,50,50129,2,2,1,3,"TANNERIES (RUE DES)","49,6322100"," -1,6234200",202000021041,154 705 185,B01,0,1,0,2,1,1,5,NULL,202000021041,154 705 185,B01,1,1,3,1,1976,5,8,0,-1,-1," -1",-1,202000021041,4,"TANNERIES (RUE DES)",0,NULL,3,4,0,2,0,0,1,NULL," -1",1,5,1,50
202000021041,8,9,2020,22:05:00,5,50,50129,2,2,1,3,"TANNERIES (RUE DES)","49,6322100"," -1,6234200",202000021041,154 705 185,B01,0,1,0,2,1,1,5,NULL,202000021041,154 705 186,A01,1,1,1,1,1974,5,8,0,-1,-1," -1",-1,202000021041,4,"TANNERIES (RUE DES)",0,NULL,3,4,0,2,0,0,1,NULL," -1",1,5,1,50
202000021093,9,9,2020,17:45:00,1,75,75111,2,2,1,3,"RUE DU GRAND PRIEURE","48,8664750","2,3682030",202000021093,154 705 095,A01,1,1,0,2,1,18,5,NULL,202000021093,154 705 095,A01,1,1,4,1,2003,2,8,0,-1,0,0,-1,202000021093,4,NULL,0,NULL,1,1,2,1,0,0,1,NULL," -1",1,-1,5,50
202000021093,9,9,2020,17:45:00,1,75,75111,2,2,1,3,"RUE DU GRAND PRIEURE","48,8664750","2,3682030",202000021093,154 705 095,A01,1,1,0,2,1,18,5,NULL,202000021093,154 705 096,B01,1,1,4,2,1988,1,8,0,-1,0,0,-1,202000021093,4,NULL,0,NULL,1,1,2,1,0,0,1,NULL," -1",1,-1,5,50
202000021179,9,6,2020,15:55:00,1,75,75104,2,3,1,1,"RUE SAINT ANTOINE","48,8546360","2,3627680",202000021179,154 704 952,A01,2,1,0,2,1,13,5,NULL,202000021179,154 704 951,B01,1,1,4,1,1959,5,2,0,-1,0,0,-1,202000021179,4,NULL,0,NULL,2,4,1,1,0,0,1,NULL," -1",1,-1,5,50
202000021179,9,6,2020,15:55:00,1,75,75104,2,3,1,1,"RUE SAINT ANTOINE","48,8546360","2,3627680",202000021179,154 704 951,B01,1,1,0,2,1,1,5,NULL,202000021179,154 704 951,B01,1,1,4,1,1959,5,2,0,-1,0,0,-1,202000021179,4,NULL,0,NULL,2,4,1,1,0,0,1,NULL," -1",1,-1,5,50
202000021179,9,6,2020,15:55:00,1,75,75104,2,3,1,1,"RUE SAINT ANTOINE","48,8546360","2,3627680",202000021179,154 704 952,A01,2,1,0,2,1,13,5,NULL,202000021179,154 704 952,A01,1,1,1,1,2002,5,2,0,-1,0,0,-1,202000021179,4,NULL,0,NULL,2,4,1,1,0,0,1,NULL," -1",1,-1,5,50
202000021179,9,6,2020,15:55:00,1,75,75104,2,3,1,1,"RUE SAINT ANTOINE","48,8546360","2,3627680",202000021179,154 704 951,B01,1,1,0,2,1,1,5,NULL,202000021179,154 704 952,A01,1,1,1,1,2002,5,2,0,-1,0,0,-1,202000021179,4,NULL,0,NULL,2,4,1,1,0,0,1,NULL," -1",1,-1,5,50
202000024840,9,9,2020,07:10:00,2,88,88388,1,1,7,5,"Route de Bains","48,1369240","6,3899980",202000024840,154 698 534,B01,1,1,0,2,8,1,5,NULL,202000024840,154 698 533,C01,1,1,1,1,1965,1,1,-1,-1,0,0,-1,202000024840,3,51,0,NULL,2,2,0,1,5,960,2,NULL," -1",1,0,1,80
202000024840,9,9,2020,07:10:00,2,88,88388,1,1,7,5,"Route de Bains","48,1369240","6,3899980",202000024840,154 698 534,B01,1,1,0,2,8,1,5,NULL,202000024840,154 698 534,B01,1,1,3,1,1974,5,2,6,9,0,0,-1,202000024840,3,51,0,NULL,2,2,0,1,5,960,2,NULL," -1",1,0,1,80
202000024840,9,9,2020,07:10:00,2,88,88388,1,1,7,5,"Route de Bains","48,1369240","6,3899980",202000024840,154 698 534,B01,1,1,0,2,8,1,5,NULL,202000024840,154 698 535,A01,1,1,4,1,1998,1,2,6,9,0,0,-1,202000024840,3,51,0,NULL,2,2,0,1,5,960,2,NULL," -1",1,0,1,80
202000026515,6,7,2020,11:30:00,1,73,73065,1,2,1,3,"D10 LANDIERS (AVENUE DES)","45,5911967","5,9033932",202000026515,154 695 604,B01,1,1,0,2,1,1,5,NULL,202000026515,154 695 603,A01,1,1,1,1,1977,3,1,0,-1,-1," -1",-1,202000026515,3,10,0,NULL,2,2,0,1,1,177,1,NULL," -1",1,-1,5,70
202000026515,6,7,2020,11:30:00,1,73,73065,1,2,1,3,"D10 LANDIERS (AVENUE DES)","45,5911967","5,9033932",202000026515,154 695 604,B01,1,1,0,2,1,1,5,NULL,202000026515,154 695 604,B01,1,1,4,2,1993,1,8,0,-1,-1," -1",-1,202000026515,3,10,0,NULL,2,2,0,1,1,177,1,NULL," -1",1,-1,5,70
202000029211,2,8,2020,12:27:00,1,87,87085,2,3,1,5,"GIFFARD (RUE HENRI)","45,8858100","1,2666700",202000029211,154 690 915,B01,1,1,0,2,1,1,5,NULL,202000029211,154 690 914,C01,1,1,4,1,1973,5,8,8,-1,-1," -1",-1,202000029211,4,"GIFFARD (RUE HENRI)",0,NULL,2,2,0,1,0,0,2,NULL," -1",1,0,1,50
202000029211,2,8,2020,12:27:00,1,87,87085,2,3,1,5,"GIFFARD (RUE HENRI)","45,8858100","1,2666700",202000029211,154 690 914,C01,0,1,0,2,1,1,5,NULL,202000029211,154 690 914,C01,1,1,4,1,1973,5,8,8,-1,-1," -1",-1,202000029211,4,"GIFFARD (RUE HENRI)",0,NULL,2,2,0,1,0,0,2,NULL," -1",1,0,1,50
202000029211,2,8,2020,12:27:00,1,87,87085,2,3,1,5,"GIFFARD (RUE HENRI)","45,8858100","1,2666700",202000029211,154 690 915,B01,1,1,0,2,1,1,5,NULL,202000029211,154 690 915,B01,1,1,1,1,1972,5,8,8,-1,-1," -1",-1,202000029211,4,"GIFFARD (RUE HENRI)",0,NULL,2,2,0,1,0,0,2,NULL," -1",1,0,1,50
202000029211,2,8,2020,12:27:00,1,87,87085,2,3,1,5,"GIFFARD (RUE HENRI)","45,8858100","1,2666700",202000029211,154 690 914,C01,0,1,0,2,1,1,5,NULL,202000029211,154 690 915,B01,1,1,1,1,1972,5,8,8,-1,-1," -1",-1,202000029211,4,"GIFFARD (RUE HENRI)",0,NULL,2,2,0,1,0,0,2,NULL," -1",1,0,1,50
202000029211,2,8,2020,12:27:00,1,87,87085,2,3,1,5,"GIFFARD (RUE HENRI)","45,8858100","1,2666700",202000029211,154 690 915,B01,1,1,0,2,1,1,5,NULL,202000029211,154 690 916,A01,1,1,1,1,1974,5,2,8,-1,-1," -1",-1,202000029211,4,"GIFFARD (RUE HENRI)",0,NULL,2,2,0,1,0,0,2,NULL," -1",1,0,1,50
202000029211,2,8,2020,12:27:00,1,87,87085,2,3,1,5,"GIFFARD (RUE HENRI)","45,8858100","1,2666700",202000029211,154 690 914,C01,0,1,0,2,1,1,5,NULL,202000029211,154 690 916,A01,1,1,1,1,1974,5,2,8,-1,-1," -1",-1,202000029211,4,"GIFFARD (RUE HENRI)",0,NULL,2,2,0,1,0,0,2,NULL," -1",1,0,1,50
202000029756,18,8,2020,14:00:00,1,10,10021,2,9,1,3,"25 Route de Troyes","48,4471860","4,2507990",202000029756,154 689 954,B01,1,1,0,2,3,1,5,NULL,202000029756,154 689 954,B01,1,1,4,1,1972,5,2,-1,-1,0,0,-1,202000029756,3,5,-1,NULL,2,2,0,1,(1),(1),1,NULL," -1",1,0,1,50
202000029756,18,8,2020,14:00:00,1,10,10021,2,9,1,3,"25 Route de Troyes","48,4471860","4,2507990",202000029756,154 689 954,B01,1,1,0,2,3,1,5,NULL,202000029756,154 689 957,A01,1,1,1,2,1944,5,1,-1,-1,0,0,-1,202000029756,3,5,-1,NULL,2,2,0,1,(1),(1),1,NULL," -1",1,0,1,50
202000030031,13,1,2020,08:54:00,1,05,05061,2,1,1,3,"EMILE FABRE (COURS  )","44,5610600","6,0772300",202000030031,154 689 472,B01,3,1,0,2,2,19,5,NULL,202000030031,154 689 472,B01,1,1,4,1,2008,9,8,0,-1,0,0,-1,202000030031,4,"EMILE FABRE (COURS  )",0,NULL,1,2,0,1,0,1,2,NULL," -1",1,0,1,50
202000030031,13,1,2020,08:54:00,1,05,05061,2,1,1,3,"EMILE FABRE (COURS  )","44,5610600","6,0772300",202000030031,154 689 472,B01,3,1,0,2,2,19,5,NULL,202000030031,154 689 473,A01,1,1,1,2,1969,9,1,0,-1,0,0,-1,202000030031,4,"EMILE FABRE (COURS  )",0,NULL,1,2,0,1,0,1,2,NULL," -1",1,0,1,50
202000031886,2,8,2020,10:30:00,1,34,34025,2,2,1,1,"5 Avenue de Servian","43,4108620","3,2558210",202000031886,154 686 316,B01,3,1,0,2,1,1,0,NULL,202000031886,154 686 315,A01,1,1,1,2,1942,3,1,-1,-1,0,0,-1,202000031886,4,NULL,-1,NULL,1,2,0,1,(1),(1),1,NULL," -1",1,0,1,30
202000031886,2,8,2020,10:30:00,1,34,34025,2,2,1,1,"5 Avenue de Servian","43,4108620","3,2558210",202000031886,154 686 316,B01,3,1,0,2,1,1,0,NULL,202000031886,154 686 316,B01,1,1,4,1,1964,5,2,-1,-1,0,0,-1,202000031886,4,NULL,-1,NULL,1,2,0,1,(1),(1),1,NULL," -1",1,0,1,30
202000032031,15,1,2020,16:50:00,1,971,97125,2,1,1,5,"Rue Martin Luther King","16,2573140"," -61,2706480",202000032031,154 686 067,A01,1,1,0,2,1,5,5,NULL,202000032031,154 686 067,A01,1,1,4,1,2005,5,0,-1,-1,0,0,-1,202000032031,3,118,-1,NULL,2,2,0,1,(1),(1),1,NULL," -1",1,0,1,50
202000032031,15,1,2020,16:50:00,1,971,97125,2,1,1,5,"Rue Martin Luther King","16,2573140"," -61,2706480",202000032031,154 686 067,A01,1,1,0,2,1,5,5,NULL,202000032031,154 686 068,B01,1,1,1,1,1966,5,1,-1,-1,0,0,-1,202000032031,3,118,-1,NULL,2,2,0,1,(1),(1),1,NULL," -1",1,0,1,50
202000032031,15,1,2020,16:50:00,1,971,97125,2,1,1,5,"Rue Martin Luther King","16,2573140"," -61,2706480",202000032031,154 686 067,A01,1,1,0,2,1,5,5,NULL,202000032031,154 686 069,C01,1,1,1,2,1975,5,1,-1,-1,0,0,-1,202000032031,3,118,-1,NULL,2,2,0,1,(1),(1),1,NULL," -1",1,0,1,50
202000034195,2,7,2020,18:40:00,1,75,75116,2,1,1,3,"ROUTE DE SEVRES A NEUILLY","48,8616620","2,2378960",202000034195,154 682 336,B01,2,1,0,2,1,1,5,NULL,202000034195,154 682 335,A01,1,1,1,1,1975,5,2,0,-1,0,0,-1,202000034195,4,NULL,0,NULL,2,2,1,1,0,0,3,NULL," -1",1,-1,5,50
202000034195,2,7,2020,18:40:00,1,75,75116,2,1,1,3,"ROUTE DE SEVRES A NEUILLY","48,8616620","2,2378960",202000034195,154 682 335,A01,2,1,0,2,4,14,5,NULL,202000034195,154 682 335,A01,1,1,1,1,1975,5,2,0,-1,0,0,-1,202000034195,4,NULL,0,NULL,2,2,1,1,0,0,3,NULL," -1",1,-1,5,50
202000034195,2,7,2020,18:40:00,1,75,75116,2,1,1,3,"ROUTE DE SEVRES A NEUILLY","48,8616620","2,2378960",202000034195,154 682 336,B01,2,1,0,2,1,1,5,NULL,202000034195,154 682 336,B01,1,1,4,1,1986,5,2,0,-1,0,0,-1,202000034195,4,NULL,0,NULL,2,2,1,1,0,0,3,NULL," -1",1,-1,5,50
202000034195,2,7,2020,18:40:00,1,75,75116,2,1,1,3,"ROUTE DE SEVRES A NEUILLY","48,8616620","2,2378960",202000034195,154 682 335,A01,2,1,0,2,4,14,5,NULL,202000034195,154 682 336,B01,1,1,4,1,1986,5,2,0,-1,0,0,-1,202000034195,4,NULL,0,NULL,2,2,1,1,0,0,3,NULL," -1",1,-1,5,50
202000035621,11,1,2020,15:30:00,1,75,75116,2,3,1,4,"AVENUE DE NEW YORK","48,8632061","2,2961761",202000035621,154 679 802,C01,2,1,0,2,1,7,5,NULL,202000035621,154 679 802,C01,1,1,4,1,1971,5,8,2,-1,0,0,-1,202000035621,4,NULL,0,NULL,2,4,3,1,0,0,1,NULL," -1",1,-1,6,50
202000035621,11,1,2020,15:30:00,1,75,75116,2,3,1,4,"AVENUE DE NEW YORK","48,8632061","2,2961761",202000035621,154 679 802,C01,2,1,0,2,1,7,5,NULL,202000035621,154 679 806,B01,1,1,1,1,1970,5,1,0,-1,0,0,-1,202000035621,4,NULL,0,NULL,2,4,3,1,0,0,1,NULL," -1",1,-1,6,50
202000035621,11,1,2020,15:30:00,1,75,75116,2,3,1,4,"AVENUE DE NEW YORK","48,8632061","2,2961761",202000035621,154 679 802,C01,2,1,0,2,1,7,5,NULL,202000035621,154 679 807,A01,2,2,4,2,1963,5,2,6,-1,0,0,-1,202000035621,4,NULL,0,NULL,2,4,3,1,0,0,1,NULL," -1",1,-1,6,50
202000035621,11,1,2020,15:30:00,1,75,75116,2,3,1,4,"AVENUE DE NEW YORK","48,8632061","2,2961761",202000035621,154 679 802,C01,2,1,0,2,1,7,5,NULL,202000035621,154 679 807,A01,1,1,1,1,1958,5,2,6,-1,0,0,-1,202000035621,4,NULL,0,NULL,2,4,3,1,0,0,1,NULL," -1",1,-1,6,50
202000037182,30,7,2020,17:00:00,1,75,75111,2,4,1,3,"RUE DU FAUBOURG SAINT ANTOINE","48,8488210","2,3929940",202000037182,154 677 029,B01,1,1,0,2,0,1,5,NULL,202000037182,154 677 028,A01,1,1,1,1,1996,9,1,0,-1,0,0,-1,202000037182,4,NULL,0,NULL,2,4,1,1,0,0,1,NULL," -1",1,-1,5,50
202000037182,30,7,2020,17:00:00,1,75,75111,2,4,1,3,"RUE DU FAUBOURG SAINT ANTOINE","48,8488210","2,3929940",202000037182,154 677 029,B01,1,1,0,2,0,1,5,NULL,202000037182,154 677 029,B01,1,1,4,1,2001,1,8,0,-1,0,0,-1,202000037182,4,NULL,0,NULL,2,4,1,1,0,0,1,NULL," -1",1,-1,5,50
202000037625,8,12,2020,08:00:00,1,33,33281,2,2,1,3,"AVE MONTESQUIEU","44,8463900"," -0,6350900",202000037625,154 676 237,B01,1,1,0,2,8,1,5,NULL,202000037625,154 676 237,B01,1,1,4,1,1970,0,2,0,-1,-1," -1",-1,202000037625,4,"AVE MONTESQUIEU",0,NULL,2,4,2,1,(1),(1),1,NULL," -1",2,0,1,50
202000037625,8,12,2020,08:00:00,1,33,33281,2,2,1,3,"AVE MONTESQUIEU","44,8463900"," -0,6350900",202000037625,154 676 237,B01,1,1,0,2,8,1,5,NULL,202000037625,154 676 240,A01,1,1,1,2,1997,1,1,0,-1,-1," -1",-1,202000037625,4,"AVE MONTESQUIEU",0,NULL,2,4,2,1,(1),(1),1,NULL," -1",2,0,1,50
202000038303,31,8,2020,15:20:00,1,33,33529,2,6,1,3,"BISCAROSSE (AVE DE) JUSQU'A DUNE","44,5979500"," -1,1964300",202000038303,154 675 034,A01,1,1,0,2,1,9,5,NULL,202000038303,154 675 033,B01,1,1,4,1,1945,0,2,0,-1,-1," -1",-1,202000038303,3,804,0,NULL,2,-1,-1,1,23,670,3,NULL," -1",1,-1,5,80
202000038303,31,8,2020,15:20:00,1,33,33529,2,6,1,3,"BISCAROSSE (AVE DE) JUSQU'A DUNE","44,5979500"," -1,1964300",202000038303,154 675 033,B01,2,1,0,2,8,1,5,NULL,202000038303,154 675 033,B01,1,1,4,1,1945,0,2,0,-1,-1," -1",-1,202000038303,3,804,0,NULL,2,-1,-1,1,23,670,3,NULL," -1",1,-1,5,80
202000038303,31,8,2020,15:20:00,1,33,33529,2,6,1,3,"BISCAROSSE (AVE DE) JUSQU'A DUNE","44,5979500"," -1,1964300",202000038303,154 675 034,A01,1,1,0,2,1,9,5,NULL,202000038303,154 675 034,A01,1,1,1,2,1986,0,8,0,-1,-1," -1",-1,202000038303,3,804,0,NULL,2,-1,-1,1,23,670,3,NULL," -1",1,-1,5,80
202000038303,31,8,2020,15:20:00,1,33,33529,2,6,1,3,"BISCAROSSE (AVE DE) JUSQU'A DUNE","44,5979500"," -1,1964300",202000038303,154 675 033,B01,2,1,0,2,8,1,5,NULL,202000038303,154 675 034,A01,1,1,1,2,1986,0,8,0,-1,-1," -1",-1,202000038303,3,804,0,NULL,2,-1,-1,1,23,670,3,NULL," -1",1,-1,5,80
202000038666,8,2,2020,18:45:00,2,64,64445,2,1,1,3,"BUROS DE","43,3116400"," -0,3512300",202000038666,154 674 402,B01,1,1,0,2,3,1,5,NULL,202000038666,154 674 402,B01,1,1,4,1,1944,5,8,0,-1,-1," -1",-1,202000038666,4,"BUROS DE",0,NULL,2,2,0,1,0,0,1,NULL," -1",1,0,1,50
202000038666,8,2,2020,18:45:00,2,64,64445,2,1,1,3,"BUROS DE","43,3116400"," -0,3512300",202000038666,154 674 402,B01,1,1,0,2,3,1,5,NULL,202000038666,154 674 403,A01,1,1,1,2,2001,2,1,8,-1,-1," -1",-1,202000038666,4,"BUROS DE",0,NULL,2,2,0,1,0,0,1,NULL," -1",1,0,1,50
202000041387,27,5,2020,19:25:00,1,34,34172,2,9,1,3,"FRANKLIN (ROND POINT BENJAMIN)","43,6190000","3,9128100",202000041387,154 669 611,B01,0,1,0,2,7,1,0,NULL,202000041387,154 669 611,B01,1,1,4,1,1983,0,2,6,-1,0,0,-1,202000041387,4,NULL,0,NULL,4,2,1,1,(1),(1),2,NULL," -1",1,0,1,50