Num_Acc,jour,mois,an,hrmn,lum,dep,com,agg,int,atm,col,adr,lat,long,Num_Acc,id_vehicule,num_veh,senc,catv,obs,obsm,choc,manv,motor,occutc,Num_Acc,id_vehicule,num_veh,place,catu,grav,sexe,an_nais,trajet,secu1,secu2,secu3,locp,actp,etatp,Num_Acc,catr,voie,v1,v2,circ,nbv,vosp,prof,pr,pr1,plan,lartpc,larrout,surf,infra,situ,vma
202000041387,27,5,2020,19:25:00,1,34,34172,2,9,1,3,"FRANKLIN (ROND POINT BENJAMIN)","43,6190000","3,9128100",202000041387,154 669 611,B01,0,1,0,2,7,1,0,NULL,202000041387,154 669 612,A01,1,1,1,1,1984,5,1,0,-1,0,0,-1,202000041387,4,NULL,0,NULL,4,2,1,1,(1),(1),2,NULL," -1",1,0,1,50
202000041652,30,6,2020,16:05:00,1,02,02719,2,3,1,3,"2 Rue Achille Chemin","49,5958800","3,2464300",202000041652,154 669 137,A01,1,1,0,2,2,26,5,NULL,202000041652,154 669 137,A01,1,1,4,1,2004,5,0,-1,-1,0,0,-1,202000041652,4,NULL,0,C,2,2,0,1,29,500,1,NULL," -1",1,0,1,30
202000041652,30,6,2020,16:05:00,1,02,02719,2,3,1,3,"2 Rue Achille Chemin","49,5958800","3,2464300",202000041652,154 669 137,A01,1,1,0,2,2,26,5,NULL,202000041652,154 669 138,B01,1,1,1,1,1974,9,1,-1,-1,0,0,-1,202000041652,4,NULL,0,C,2,2,0,1,29,500,1,NULL," -1",1,0,1,30
202000043268,28,6,2020,16:00:00,1,988,98817,2,3,1,3,"LA CORNICHE DU MONT DORE"," -22,2775310","166,5740630",202000043268,154 666 214,B01,1,1,0,2,3,0,5,NULL,202000043268,154 666 213,A01,1,1,1,1,1964,5,1,-1,-1,0,0,-1,202000043268,3,2,-1,S,2,2,0,1,6,265,1,NULL," -1",1,5,1,50
202000043268,28,6,2020,16:00:00,1,988,98817,2,3,1,3,"LA CORNICHE DU MONT DORE"," -22,2775310","166,5740630",202000043268,154 666 214,B01,1,1,0,2,3,0,5,NULL,202000043268,154 666 214,B01,1,1,4,1,1964,5,2,-1,-1,0,0,-1,202000043268,3,2,-1,S,2,2,0,1,6,265,1,NULL," -1",1,5,1,50
202000043280,27,6,2020,15:05:00,1,74,74185,2,3,1,3,"904 Chemin des Dessous","46,1496210","6,2210140",202000043280,154 666 193,B01,3,1,0,2,1,15,5,NULL,202000043280,154 666 192,A01,1,1,1,1,2000,0,1,-1,-1,0,0,-1,202000043280,4,NULL,-1,NULL,2,2,0,1,0,(1),1,NULL," -1",1,0,1,50
202000043280,27,6,2020,15:05:00,1,74,74185,2,3,1,3,"904 Chemin des Dessous","46,1496210","6,2210140",202000043280,154 666 193,B01,3,1,0,2,1,15,5,NULL,202000043280,154 666 193,B01,1,1,3,1,2005,5,0,-1,-1,0,0,-1,202000043280,4,NULL,-1,NULL,2,2,0,1,0,(1),1,NULL," -1",1,0,1,50
202000043811,4,12,2020,15:32:00,2,76,76550,1,1,1,2,"route de la foret","49,3840280","0,9698010",202000043811,154 665 263,B01,1,1,0,2,4,0,5,NULL,202000043811,154 665 262,A01,1,1,1,2,1956,9,1,-1,-1,0,0,-1,202000043811,3,351,-1,NULL,2,2,0,4,3,350,1,NULL," -1",1,0,1,80
202000043811,4,12,2020,15:32:00,2,76,76550,1,1,1,2,"route de la foret","49,3840280","0,9698010",202000043811,154 665 263,B01,1,1,0,2,4,0,5,NULL,202000043811,154 665 263,B01,1,1,3,1,1954,5,2,-1,-1,0,0,-1,202000043811,3,351,-1,NULL,2,2,0,4,3,350,1,NULL," -1",1,0,1,80
202000043961,21,9,2020,16:50:00,1,06,06027,2,1,1,7,"CHENES AVENUE DES","43,6613400","7,1583900",202000043961,154 664 991,A01,1,1,0,0,0,26,5,NULL,202000043961,154 664 991,A01,1,1,4,1,2007,0,8,0,-1,-1," -1",-1,202000043961,1,"CHENES AVENUE DES",0,NULL,2,2,0,2,0,0,2,NULL," -1",1,0,1,50
202000045961,21,9,2020,18:40:00,2,92,92076,2,1,1,3,"LA CELLE SAINT CLOUD","48,8468572","2,1681234",202000045961,154 661 498,B01,1,1,0,2,3,1,5,NULL,202000045961,154 661 497,A01,1,1,1,2,1940,5,1,0,-1,-1," -1",-1,202000045961,4,"LA CELLE SAINT CLOUD (AV DE LA)",0,NULL,2,2,0,1,0,0,1,NULL," -1",1,0,1,50
202000045961,21,9,2020,18:40:00,2,92,92076,2,1,1,3,"LA CELLE SAINT CLOUD","48,8468572","2,1681234",202000045961,154 661 498,B01,1,1,0,2,3,1,5,NULL,202000045961,154 661 497,A01,2,2,1,1,1931,5,1,0,-1,-1," -1",-1,202000045961,4,"LA CELLE SAINT CLOUD (AV DE LA)",0,NULL,2,2,0,1,0,0,1,NULL," -1",1,0,1,50
202000045961,21,9,2020,18:40:00,2,92,92076,2,1,1,3,"LA CELLE SAINT CLOUD","48,8468572","2,1681234",202000045961,154 661 498,B01,1,1,0,2,3,1,5,NULL,202000045961,154 661 498,B01,1,1,4,1,1967,9,8,0,-1,-1," -1",-1,202000045961,4,"LA CELLE SAINT CLOUD (AV DE LA)",0,NULL,2,2,0,1,0,0,1,NULL," -1",1,0,1,50
202000046202,24,6,2020,20:10:00,1,54,54482,2,1,1,-1,"JACQUES CARTIER","48,7025670","6,1965043",202000046202,154 661 048,B01,1,1,0,2,1,19,5,NULL,202000046202,154 661 048,B01,1,1,4,1,2016,5,8,0,-1,0,0,-1,202000046202,4,NULL,0,NULL,2,1,0,1,0,0,2,NULL," -1",1,0,1,20
202000046202,24,6,2020,20:10:00,1,54,54482,2,1,1,-1,"JACQUES CARTIER","48,7025670","6,1965043",202000046202,154 661 048,B01,1,1,0,2,1,19,5,NULL,202000046202,154 661 049,A01,1,1,1,2,1960,5,1,0,-1,0,0,-1,202000046202,4,NULL,0,NULL,2,1,0,1,0,0,2,NULL," -1",1,0,1,20
202000046202,24,6,2020,20:10:00,1,54,54482,2,1,1,-1,"JACQUES CARTIER","48,7025670","6,1965043",202000046202,154 661 048,B01,1,1,0,2,1,19,5,NULL,202000046202,154 661 049,A01,2,2,1,1,1948,5,1,0,-1,0,0,-1,202000046202,4,NULL,0,NULL,2,1,0,1,0,0,2,NULL," -1",1,0,1,20
202000046302,26,6,2020,08:05:00,1,26,26086,2,1,1,2,"29 Rue de la Gare","44,6938570","5,4830470",202000046302,154 660 876,A01,1,1,0,2,1,2,5,NULL,202000046302,154 660 875,B01,1,1,1,1,1967,4,1,-1,-1,0,0,-1,202000046302,3,"29 rue de la Gare ",0,NULL,2,2,0,1,7,917,1,NULL," -1",1,0,1,50
202000046302,26,6,2020,08:05:00,1,26,26086,2,1,1,2,"29 Rue de la Gare","44,6938570","5,4830470",202000046302,154 660 876,A01,1,1,0,2,1,2,5,NULL,202000046302,154 660 876,A01,1,1,4,1,1999,1,0,-1,-1,0,0,-1,202000046302,3,"29 rue de la Gare ",0,NULL,2,2,0,1,7,917,1,NULL," -1",1,0,1,50
202000008030,15,10,2020,03:30:00,5,69,69063,2,1,1,6,"2 Quai de la Jonchère","45,8139910","4,8451580",202000008030,154 728 131,A01,2,1,0,0,6,1,5,NULL,202000008030,154 728 131,A01,1,1,3,1,1986,5,9,-1,-1,0,0,-1,202000008030,3,51,0,NULL,2,2,2,2,5,700,1,NULL," -1",1,0,5,70
202000008811,16,5,2020,12:00:00,1,15,15088,1,3,1,7,"Le Puech des Ouilhes","44,9239898","2,2740488",202000008811,154 726 760,A01,3,1,0,0,1,1,6,NULL,202000008811,154 726 760,A01,1,1,3,1,1948,5,0,-1,-1,0,0,-1,202000008811,4,10,-1,NULL,2,2,0,2,(1),(1),3,NULL," -1",1,0,1,30
202000013350,12,9,2020,21:10:00,5,75,75118,2,3,1,3,"BOULEVARD ORNANO","48,8926950","2,3488260",202000013350,154 718 811,B01,1,1,0,2,0,11,5,NULL,202000013350,154 718 811,B01,1,1,4,1,1991,9,2,0,-1,0,0,-1,202000013350,4,NULL,0,NULL,1,6,0,1,0,0,1,NULL," -1",1,0,1,50
202000013350,12,9,2020,21:10:00,5,75,75118,2,3,1,3,"BOULEVARD ORNANO","48,8926950","2,3488260",202000013350,154 718 811,B01,1,1,0,2,0,11,5,NULL,202000013350,154 718 812,A01,1,1,1,1,1975,9,1,0,-1,0,0,-1,202000013350,4,NULL,0,NULL,1,6,0,1,0,0,1,NULL," -1",1,0,1,50
202000016091,15,12,2020,14:05:00,1,22,22362,2,6,1,3,"Rue du Port","48,7908780"," -3,2304150",202000016091,154 713 955,B01,3,1,0,2,1,9,5,NULL,202000016091,154 713 955,B01,1,1,3,1,1954,5,2,4,6,0,0,-1,202000016091,3,8,0,NULL,2,2,0,1,32,0,1,NULL," -1",1,5,1,50
202000016091,15,12,2020,14:05:00,1,22,22362,2,6,1,3,"Rue du Port","48,7908780"," -3,2304150",202000016091,154 713 955,B01,3,1,0,2,1,9,5,NULL,202000016091,154 713 956,A01,1,1,1,2,1961,0,1,-1,-1,0,0,-1,202000016091,3,8,0,NULL,2,2,0,1,32,0,1,NULL," -1",1,5,1,50
202000017116,22,2,2020,23:35:00,5,75,75113,2,2,1,3,"AVENUE DE LA PORTE D ITALIE","48,8188860","2,3595650",202000017116,154 712 143,A01,1,1,0,2,8,13,5,NULL,202000017116,154 712 143,A01,1,1,4,1,1989,3,8,0,-1,0,0,-1,202000017116,4,NULL,0,NULL,2,0,3,1,0,0,1,NULL,0,1,-1,6,50
202000017116,22,2,2020,23:35:00,5,75,75113,2,2,1,3,"AVENUE DE LA PORTE D ITALIE","48,8188860","2,3595650",202000017116,154 712 143,A01,1,1,0,2,8,13,5,NULL,202000017116,154 712 144,B01,1,1,1,1,1975,4,1,0,-1,0,0,-1,202000017116,4,NULL,0,NULL,2,0,3,1,0,0,1,NULL,0,1,-1,6,50
202000020072,12,11,2020,15:10:00,1,75,75116,2,4,1,3,"AVENUE DE MALAKOFF","48,8770830","2,2834640",202000020072,154 706 883,B01,3,1,0,2,1,19,5,NULL,202000020072,154 706 883,B01,1,1,4,1,1979,9,2,0,-1,0,0,-1,202000020072,4,NULL,0,NULL,2,2,0,1,0,0,1,NULL," -1",1,0,1,50
202000020072,12,11,2020,15:10:00,1,75,75116,2,4,1,3,"AVENUE DE MALAKOFF","48,8770830","2,2834640",202000020072,154 706 883,B01,3,1,0,2,1,19,5,NULL,202000020072,154 706 884,A01,1,1,1,1,1991,9,1,0,-1,0,0,-1,202000020072,4,NULL,0,NULL,2,2,0,1,0,0,1,NULL," -1",1,0,1,50
202000020347,25,4,2020,19:00:00,1,29,29039,2,2,1,1,"D322 - Rue de Trégunc","47,8742600"," -3,9052300",202000020347,154 706 432,B01,1,1,0,2,1,1,0,NULL,202000020347,154 706 432,B01,1,1,4,1,1969,5,2,8,-1,0,0,-1,202000020347,3,"D322 ",0,NULL,2,2,0,1,0,500,1,NULL," -1",1,5,1,50
202000020347,25,4,2020,19:00:00,1,29,29039,2,2,1,1,"D322 - Rue de Trégunc","47,8742600"," -3,9052300",202000020347,154 706 432,B01,1,1,0,2,1,1,0,NULL,202000020347,154 706 433,A01,1,1,1,2,1968,5,1,8,-1,0,0,-1,202000020347,3,"D322 ",0,NULL,2,2,0,1,0,500,1,NULL," -1",1,5,1,50
202000021102,8,9,2020,23:00:00,5,94,94041,2,1,1,-1,"GEORGES GOSNAT (AV)","48,8129540","2,3875250",202000021102,154 705 078,B01,1,1,0,0,8,2,0,NULL,202000021102,154 705 077,A01,1,1,1,1,1967,0,1,0,-1,-1," -1",-1,202000021102,3,154,0,NULL,1,3,3,1,(1),(1),1,NULL," -1",1,0,6,50
202000021102,8,9,2020,23:00:00,5,94,94041,2,1,1,-1,"GEORGES GOSNAT (AV)","48,8129540","2,3875250",202000021102,154 705 078,B01,1,1,0,0,8,2,0,NULL,202000021102,154 705 078,B01,1,1,4,1,1993,0,8,0,-1,-1," -1",-1,202000021102,3,154,0,NULL,1,3,3,1,(1),(1),1,NULL," -1",1,0,6,50
202000022274,21,4,2020,13:15:00,1,75,75114,2,3,1,3,"AVENUE DU MAINE","48,8399780","2,3216820",202000022274,154 703 036,A01,2,1,0,2,6,1,5,NULL,202000022274,154 703 036,A01,1,1,4,1,1993,1,8,0,-1,0,0,-1,202000022274,4,NULL,0,NULL,2,2,0,1,0,0,1,NULL," -1",1,0,1,50
202000024294,18,1,2020,09:30:00,1,69,69259,2,1,1,3,"JEAN MACE                           (R )","45,6984011","4,8844909",202000024294,154 699 513,B01,3,1,0,2,1,17,0,NULL,202000024294,154 699 513,B01,1,1,4,1,2000,0,8,0,-1,-1,0,-1,202000024294,4,"JEAN MACE                           (R )",0,NULL,2,2,0,1,0,0,1,NULL," -1",1,0,1,50
202000024294,18,1,2020,09:30:00,1,69,69259,2,1,1,3,"JEAN MACE                           (R )","45,6984011","4,8844909",202000024294,154 699 513,B01,3,1,0,2,1,17,0,NULL,202000024294,154 699 514,A01,1,1,1,1,1970,0,8,0,-1,-1,0,-1,202000024294,4,"JEAN MACE                           (R )",0,NULL,2,2,0,1,0,0,1,NULL," -1",1,0,1,50
202000025960,17,12,2020,17:50:00,3,18,18124,1,1,1,2,D20,"47,0957500","2,0920800",202000025960,154 696 603,B01,1,1,13,2,6,1,5,NULL,202000025960,154 696 602,A01,1,1,1,1,1992,1,0,-1,-1,0,0,-1,202000025960,3,20,0,NULL,2,2,0,1,2,500,1,NULL," -1",1,0,1,80
202000025960,17,12,2020,17:50:00,3,18,18124,1,1,1,2,D20,"47,0957500","2,0920800",202000025960,154 696 603,B01,1,1,13,2,6,1,5,NULL,202000025960,154 696 603,B01,1,1,4,1,1959,5,2,4,9,0,0,-1,202000025960,3,20,0,NULL,2,2,0,1,2,500,1,NULL," -1",1,0,1,80
202000033308,1,6,2020,07:20:00,1,13,13208,2,1,1,7,"GOUDES (CHEMIN DES)","43,2300785","5,3548104",202000033308,154 683 891,A01,3,1,0,0,1,0,0,NULL,202000033308,154 683 891,A01,1,1,3,1,1957,0,8,-1,-1,-1," -1",-1,202000033308,4,NULL,0,NULL,2,2,0,1,1,0,3,NULL,4,1,0,1,50
202000036086,30,6,2020,13:00:00,1,25,25056,2,3,1,2,"LABBE RUE","47,2394600","6,0121700",202000036086,154 678 956,B01,2,1,0,2,1,2,0,NULL,202000036086,154 678 956,B01,1,1,4,2,2000,4,8,0,-1,-1," -1",-1,202000036086,4,NULL,0,NULL,1,1,0,2,(1),(1),1,NULL," -1",1,5,1,50
202000036086,30,6,2020,13:00:00,1,25,25056,2,3,1,2,"LABBE RUE","47,2394600","6,0121700",202000036086,154 678 956,B01,2,1,0,2,1,2,0,NULL,202000036086,154 678 957,A01,1,1,1,1,1990,0,1,0,-1,-1," -1",-1,202000036086,4,NULL,0,NULL,1,1,0,2,(1),(1),1,NULL," -1",1,5,1,50
202000037608,8,12,2020,16:35:00,1,33,33318,2,6,1,3,"AVE DES PROVINCES","44,7947000"," -0,6822500",202000037608,154 676 294,B01,1,1,0,2,7,1,5,NULL,202000037608,154 676 270,A01,1,1,1,2,1964,0,1,-1,-1,-1," -1",-1,202000037608,4,"AVE DU POITOU",0,NULL,2,2,0,1,(1),(1),1,NULL," -1",1,0,8,50
202000037608,8,12,2020,16:35:00,1,33,33318,2,6,1,3,"AVE DES PROVINCES","44,7947000"," -0,6822500",202000037608,154 676 294,B01,1,1,0,2,7,1,5,NULL,202000037608,154 676 294,B01,1,1,4,2,2003,2,8,-1,-1,-1," -1",-1,202000037608,4,"AVE DU POITOU",0,NULL,2,2,0,1,(1),(1),1,NULL," -1",1,0,8,50
202000039325,29,7,2020,14:30:00,1,22,22054,2,9,1,7,"56 Rue des Hôpitaux","48,6312530"," -2,4518720",202000039325,154 673 224,A01,3,1,0,0,0,1,5,NULL,202000039325,154 673 224,A01,1,1,3,1,2005,5,0,-1,-1,0,0,-1,202000039325,4,NULL,-1,NULL,2,2,0,1,(1),(1),1,NULL," -1",1,0,1,50
202000039461,28,7,2020,02:24:00,5,06,06004,2,2,1,-1,"PEYREGOUE CH.DE LA","43,5837000","7,1064700",202000039461,154 672 991,B01,3,1,0,2,0,26,5,NULL,202000039461,154 672 990,A01,1,1,3,1,1995,0,2,0,-1,-1," -1",-1,202000039461,4,"PEYREGOUE CH.DE LA",0,NULL,2,2,0,2,0,855,1,NULL," -1",1,5,1,50
202000039461,28,7,2020,02:24:00,5,06,06004,2,2,1,-1,"PEYREGOUE CH.DE LA","43,5837000","7,1064700",202000039461,154 672 991,B01,3,1,0,2,0,26,5,NULL,202000039461,154 672 991,B01,1,1,3,1,1986,0,8,0,-1,-1," -1",-1,202000039461,4,"PEYREGOUE CH.DE LA",0,NULL,2,2,0,2,0,855,1,NULL," -1",1,5,1,50
202000041195,7,1,2020,14:21:00,1,94,94018,2,1,1,3,"CARRIERES (QU DES)","48,8199100","2,4048400",202000041195,154 669 966,B01,1,1,1,0,7,0,0,NULL,202000041195,154 669 966,B01,1,1,4,1,1986,5,8,0,-1,-1,0,-1,202000041195,3,103,0,NULL,3,3,0,1,0,0,1,NULL,"10,5",1,0,3,30
202000041421,27,5,2020,09:20:00,1,75,75104,2,1,1,6,"VOIE GEORGES POMPIDOU","48,8504566","2,3611394",202000041421,154 669 548,A01,3,1,0,1,4,1,5,NULL,202000041421,154 669 548,A01,10,3,4,1,1951,9,0,-1,-1,1,9,1,202000041421,4,NULL,0,NULL,2,2,1,1,0,0,1,NULL," -1",1,-1,5,30
202000041421,27,5,2020,09:20:00,1,75,75104,2,1,1,6,"VOIE GEORGES POMPIDOU","48,8504566","2,3611394",202000041421,154 669 548,A01,3,1,0,1,4,1,5,NULL,202000041421,154 669 548,A01,1,1,1,1,2000,9,8,2,-1,0,0,-1,202000041421,4,NULL,0,NULL,2,2,1,1,0,0,1,NULL," -1",1,-1,5,30
202000043407,25,5,2020,17:05:00,1,17,17300,2,3,1,3,"SCHOELCHER   AVENUE VICTOR","46,1537873"," -1,1275469",202000043407,154 665 953,B01,3,1,0,2,0,0,5,NULL,202000043407,154 665 952,A01,1,1,1,2,1952,5,1,8,-1,-1," -1",-1,202000043407,4,"SCHOELCHER   AVENUE VICTOR",0,NULL,-1,2,0,1,36,0,1,NULL," -1",1,9,1,50
202000043407,25,5,2020,17:05:00,1,17,17300,2,3,1,3,"SCHOELCHER   AVENUE VICTOR","46,1537873"," -1,1275469",202000043407,154 665 953,B01,3,1,0,2,0,0,5,NULL,202000043407,154 665 953,B01,1,1,4,2,2009,2,2,8,-1,-1," -1",-1,202000043407,4,"SCHOELCHER   AVENUE VICTOR",0,NULL,-1,2,0,1,36,0,1,NULL," -1",1,9,1,50
202000044547,25,6,2020,16:00:00,1,81,81021,2,1,1,1,THORE,"43,5077800","2,3590700",202000044547,154 663 930,B01,2,1,0,2,1,6,0,NULL,202000044547,154 663 930,B01,1,1,3,1,2006,5,8,0,-1,-1," -1",-1,202000044547,2,THORE,0,NULL,3,2,0,1,26,895,1,NULL," -1",1,0,1,50
202000044547,25,6,2020,16:00:00,1,81,81021,2,1,1,1,THORE,"43,5077800","2,3590700",202000044547,154 663 930,B01,2,1,0,2,1,6,0,NULL,202000044547,154 663 932,A01,1,1,1,1,1999,5,1,0,-1,-1," -1",-1,202000044547,2,THORE,0,NULL,3,2,0,1,26,895,1,NULL," -1",1,0,1,50
202000044901,26,8,2020,10:30:00,1,75,75115,2,1,1,6,"RUE LECOURBE","48,8440920","2,3076170",202000044901,154 663 302,Z01,2,1,0,1,1,1,5,NULL,202000044901,154 663 302,Z01,10,3,4,2,1943,5,8,8,-1,5,9,1,202000044901,4,NULL,0,NULL,1,3,0,1,39,0,1,NULL," -1",1,0,4,50
202000046694,22,5,2020,15:35:00,1,75,75113,2,2,1,3,"RUE DUNOIS","48,8321640","2,3677300",202000046694,154 660 202,A01,2,1,0,2,1,1,5,NULL,202000046694,154 660 181,B01,1,1,1,1,1998,1,1,0,-1,0,0,-1,202000046694,4,NULL,0,NULL,1,2,1,1,0,0,1,NULL," -1",1,0,1,50
202000046694,22,5,2020,15:35:00,1,75,75113,2,2,1,3,"RUE DUNOIS","48,8321640","2,3677300",202000046694,154 660 202,A01,2,1,0,2,1,1,5,NULL,202000046694,154 660 202,A01,1,1,4,2,1983,9,2,8,-1,0,0,-1,202000046694,4,NULL,0,NULL,1,2,1,1,0,0,1,NULL," -1",1,0,1,50
202000046772,23,7,2020,10:40:00,1,67,67482,2,3,7,3,"CIRIERS (RUE DES)","48,5578770","7,7596830",202000046772,154 660 053,B01,1,1,0,2,3,1,5,NULL,202000046772,154 660 040,A01,1,1,1,2,1963,5,1,0,-1,-1," -1",-1,202000046772,4,NULL,0,NULL,2,2,0,1,0,0,1,NULL," -1",1,0,5,30
202000046772,23,7,2020,10:40:00,1,67,67482,2,3,7,3,"CIRIERS (RUE DES)","48,5578770","7,7596830",202000046772,154 660 053,B01,1,1,0,2,3,1,5,NULL,202000046772,154 660 053,B01,1,1,3,2,1954,5,8,0,-1,-1," -1",-1,202000046772,4,NULL,0,NULL,2,2,0,1,0,0,1,NULL," -1",1,0,5,30
202000047330,20,10,2020,16:40:00,1,75,75114,2,1,2,3,"AVENUE DENFERT ROCHEREAU","48,8378840","2,3357990",202000047330,154 659 081,B01,1,1,0,2,1,1,5,NULL,202000047330,154 659 080,A01,1,1,1,1,2001,1,8,8,-1,0,0,-1,202000047330,4,NULL,0,NULL,1,3,1,1,0,0,1,NULL," -1",2,-1,5,50
202000047330,20,10,2020,16:40:00,1,75,75114,2,1,2,3,"AVENUE DENFERT ROCHEREAU","48,8378840","2,3357990",202000047330,154 659 081,B01,1,1,0,2,1,1,5,NULL,202000047330,154 659 081,B01,1,1,4,2,1964,9,8,0,-1,0,0,-1,202000047330,4,NULL,0,NULL,1,3,1,1,0,0,1,NULL," -1",2,-1,5,50
202000047617,25,7,2020,10:30:00,1,70,70115,1,1,1,7,D26,"47,6040510","6,3134690",202000047617,154 658 591,A01,1,1,0,0,0,0,5,NULL,202000047617,154 658 591,A01,1,1,3,2,1995,5,2,-1,-1,0,0,-1,202000047617,3,26,0,D,2,2,0,2,1,500,1,NULL," -1",1,0,1,-1
202000006558,26,11,2020,22:10:00,5,94,94081,2,6,1,3,"PRESIDENT SALVADOR ALLENDE (AV DU)","48,7960700","2,4169900",202000006558,154 730 714,B01,2,1,0,2,1,1,5,NULL,202000006558,154 730 713,A01,1,1,1,1,1987,0,1,0,-1,-1," -1",-1,202000006558,3,148,0,NULL,1,2,0,1,0,1,2,NULL," -1",1,0,1,50
202000006558,26,11,2020,22:10:00,5,94,94081,2,6,1,3,"PRESIDENT SALVADOR ALLENDE (AV DU)","48,7960700","2,4169900",202000006558,154 730 714,B01,2,1,0,2,1,1,5,NULL,202000006558,154 730 714,B01,1,1,4,1,1994,1,2,0,-1,-1," -1",-1,202000006558,3,148,0,NULL,1,2,0,1,0,1,2,NULL," -1",1,0,1,50
202000007869,18,6,2020,08:00:00,1,31,31555,2,4,1,3,"CHE DU CANAL","43,5734700","1,4637500",202000007869,154 728 406,B01,0,1,0,2,7,1,5,NULL,202000007869,154 728 405,A01,1,1,1,2,1997,0,1,0,-1,-1," -1",-1,202000007869,4,"CHE DU CANAL",0,NULL,2,2,0,1,0,0,4,NULL," -1",1,0,1,50
202000007869,18,6,2020,08:00:00,1,31,31555,2,4,1,3,"CHE DU CANAL","43,5734700","1,4637500",202000007869,154 728 406,B01,0,1,0,2,7,1,5,NULL,202000007869,154 728 406,B01,1,1,4,1,1974,0,8,0,-1,-1," -1",-1,202000007869,4,"CHE DU CANAL",0,NULL,2,2,0,1,0,0,4,NULL," -1",1,0,1,50
202000008158,19,8,2020,16:15:00,1,10,10387,2,2,1,3,"JULES GUESDE (RUE)","48,2905000","4,0821000",202000008158,154 727 896,A01,2,1,0,2,8,9,5,NULL,202000008158,154 727 895,B01,1,1,1,2,1972,3,1,0,-1,-1," -1",-1,202000008158,4,"JULES GUESDE (RUE)",0,NULL,2,3,1,1,0,0,1,NULL," -1",1,0,1,50
202000008158,19,8,2020,16:15:00,1,10,10387,2,2,1,3,"JULES GUESDE (RUE)","48,2905000","4,0821000",202000008158,154 727 896,A01,2,1,0,2,8,9,5,NULL,202000008158,154 727 896,A01,1,1,4,1,2005,5,8,0,-1,-1," -1",-1,202000008158,4,"JULES GUESDE (RUE)",0,NULL,2,3,1,1,0,0,1,NULL," -1",1,0,1,50
202000009923,12,10,2020,14:05:00,1,92,92072,2,1,1,7,"TROYON (RUE)","48,8249000","2,2283000",202000009923,154 724 798,A01,3,1,0,0,0,1,5,NULL,202000009923,154 724 798,A01,1,1,4,1,1980,1,8,0,-1,-1," -1",-1,202000009923,3,7,0,NULL,3,2,0,1,0,0,1,NULL," -1",1,0,1,50
202000012716,5,5,2020,18:45:00,1,53,53096,2,2,1,3,"Rue des Mirettes","48,3001000"," -0,9201210",202000012716,154 719 924,B01,3,1,0,2,7,1,5,NULL,202000012716,154 719 924,B01,1,1,3,2,1937,5,0,-1,-1,0,0,-1,202000012716,4,NULL,0,NULL,2,2,0,2,(1),(1),1,NULL,7,1,0,1,50
202000012716,5,5,2020,18:45:00,1,53,53096,2,2,1,3,"Rue des Mirettes","48,3001000"," -0,9201210",202000012716,154 719 924,B01,3,1,0,2,7,1,5,NULL,202000012716,154 719 925,A01,1,1,1,1,1964,1,8,-1,-1,0,0,-1,202000012716,4,NULL,0,NULL,2,2,0,2,(1),(1),1,NULL,7,1,0,1,50
202000014168,23,12,2020,19:25:00,5,31,31149,2,1,1,3,"ESPLANADE FRANCOIS MITTERRAND ","43,6057000","1,3356600",202000014168,154 717 382,B01,0,1,0,2,1,1,5,NULL,202000014168,154 717 382,B01,1,1,4,2,1966,0,8,0,-1,-1," -1",-1,202000014168,4,"ESPLANADE FRANCOIS MITTERRAND ",0,NULL,1,2,0,1,0,0,2,NULL," -1",1,0,1,50
202000014168,23,12,2020,19:25:00,5,31,31149,2,1,1,3,"ESPLANADE FRANCOIS MITTERRAND ","43,6057000","1,3356600",202000014168,154 717 382,B01,0,1,0,2,1,1,5,NULL,202000014168,154 717 383,A01,1,1,1,1,1945,5,1,0,-1,-1," -1",-1,202000014168,4,"ESPLANADE FRANCOIS MITTERRAND ",0,NULL,1,2,0,1,0,0,2,NULL," -1",1,0,1,50
202000019298,10,6,2020,21:45:00,2,75,75110,2,1,1,3,"QUAI DE VALMY","48,8692740","2,3665730",202000019298,154 708 276,A01,2,1,0,2,6,1,5,NULL,202000019298,154 708 276,A01,1,1,4,1,1959,5,2,8,-1,0,0,-1,202000019298,4,NULL,0,NULL,1,2,2,1,0,0,1,NULL," -1",1,-1,5,50
202000019596,10,8,2020,08:00:00,1,69,69091,2,9,1,3,"SEMARD (PIERRE) ( R )","45,5846000","4,7661500",202000019596,154 707 707,B01,1,1,0,2,1,1,5,NULL,202000019596,154 707 707,B01,1,1,4,1,1960,5,2,8,-1,-1," -1",-1,202000019596,4,"SEMARD (PIERRE) ( R )",0,NULL,2,1,0,2,0,0,3,NULL," -1",1,0,1,50
202000019596,10,8,2020,08:00:00,1,69,69091,2,9,1,3,"SEMARD (PIERRE) ( R )","45,5846000","4,7661500",202000019596,154 707 707,B01,1,1,0,2,1,1,5,NULL,202000019596,154 707 708,A01,1,1,1,2,1995,1,1,8,-1,-1," -1",-1,202000019596,4,"SEMARD (PIERRE) ( R )",0,NULL,2,1,0,2,0,0,3,NULL," -1",1,0,1,50
202000020658,12,7,2020,10:01:00,1,22,22185,1,1,1,-1,D44,"48,3833620"," -2,4750670",202000020658,154 705 889,A01,3,1,0,0,8,13,5,NULL,202000020658,154 705 888,B01,1,1,1,1,1972,5,2,-1,-1,0,0,-1,202000020658,3,44,0,NULL,2,2,0,2,(1),(1),1,NULL," -1",1,0,3,-1