Num_Acc,jour,mois,an,hrmn,lum,dep,com,agg,int,atm,col,adr,lat,long,Num_Acc,id_vehicule,num_veh,senc,catv,obs,obsm,choc,manv,motor,occutc,Num_Acc,id_vehicule,num_veh,place,catu,grav,sexe,an_nais,trajet,secu1,secu2,secu3,locp,actp,etatp,Num_Acc,catr,voie,v1,v2,circ,nbv,vosp,prof,pr,pr1,plan,lartpc,larrout,surf,infra,situ,vma
202000020658,12,7,2020,10:01:00,1,22,22185,1,1,1,-1,D44,"48,3833620"," -2,4750670",202000020658,154 705 888,B01,3,1,0,9,0,1,5,NULL,202000020658,154 705 888,B01,1,1,1,1,1972,5,2,-1,-1,0,0,-1,202000020658,3,44,0,NULL,2,2,0,2,(1),(1),1,NULL," -1",1,0,3,-1
202000020658,12,7,2020,10:01:00,1,22,22185,1,1,1,-1,D44,"48,3833620"," -2,4750670",202000020658,154 705 889,A01,3,1,0,0,8,13,5,NULL,202000020658,154 705 889,A01,1,1,4,1,1965,5,2,-1,-1,0,0,-1,202000020658,3,44,0,NULL,2,2,0,2,(1),(1),1,NULL," -1",1,0,3,-1
202000020658,12,7,2020,10:01:00,1,22,22185,1,1,1,-1,D44,"48,3833620"," -2,4750670",202000020658,154 705 888,B01,3,1,0,9,0,1,5,NULL,202000020658,154 705 889,A01,1,1,4,1,1965,5,2,-1,-1,0,0,-1,202000020658,3,44,0,NULL,2,2,0,2,(1),(1),1,NULL," -1",1,0,3,-1
202000023758,8,11,2020,19:05:00,3,91,91434,2,1,1,2,"SALVADOR ALLENDE (RUE)","48,6590520","2,3487830",202000023758,154 700 428,B01,2,1,0,2,0,0,5,NULL,202000023758,154 700 427,A01,1,1,1,1,1975,9,1,0,-1,-1," -1",-1,202000023758,4,"SALVADOR ALLENDE (RUE)",0,NULL,2,2,0,1,25,0,1,NULL," -1",1,0,1,50
202000023758,8,11,2020,19:05:00,3,91,91434,2,1,1,2,"SALVADOR ALLENDE (RUE)","48,6590520","2,3487830",202000023758,154 700 428,B01,2,1,0,2,0,0,5,NULL,202000023758,154 700 428,B01,1,1,4,1,2002,9,8,0,-1,-1," -1",-1,202000023758,4,"SALVADOR ALLENDE (RUE)",0,NULL,2,2,0,1,25,0,1,NULL," -1",1,0,1,50
202000024086,18,4,2020,11:30:00,1,972,97213,2,9,1,1,"ROUTE DEPARTEMENTALE 14","14,6227000"," -61,0170000",202000024086,154 699 850,Y01,2,1,0,2,1,1,6,NULL,202000024086,154 699 849,A01,1,1,1,2,1960,9,1,-1,-1,-1,0,-1,202000024086,4,"ROUTE DEPARTEMENTALE 14",0,NULL,2,2,0,3,1,0,1,NULL," -1",1,0,1,30
202000024086,18,4,2020,11:30:00,1,972,97213,2,9,1,1,"ROUTE DEPARTEMENTALE 14","14,6227000"," -61,0170000",202000024086,154 699 850,Y01,2,1,0,2,1,1,6,NULL,202000024086,154 699 850,Y01,1,1,4,1,2003,5,8,0,-1,-1,0,-1,202000024086,4,"ROUTE DEPARTEMENTALE 14",0,NULL,2,2,0,3,1,0,1,NULL," -1",1,0,1,30
202000025432,3,6,2020,18:15:00,1,75,75112,2,2,1,3,"RUE JOSEPH KESSEL","48,8349089","2,3846374",202000025432,154 697 468,A01,2,1,0,2,8,7,5,NULL,202000025432,154 697 468,A01,1,1,4,2,1990,9,8,8,-1,-1," -1",-1,202000025432,4,NULL,0,NULL,2,4,2,1,0,0,1,NULL," -1",1,0,5,30
202000026161,16,1,2020,08:35:00,1,64,64024,2,3,1,3,"BIARRITZ (AVENUE DE)","43,4811000"," -1,5333700",202000026161,154 696 234,B01,1,1,0,2,7,1,5,NULL,202000026161,154 696 234,B01,1,1,4,2,1980,1,8,0,-1,-1," -1",-1,202000026161,4,NULL,0,NULL,2,2,1,1,0,0,1,NULL," -1",1,0,1,50
202000026161,16,1,2020,08:35:00,1,64,64024,2,3,1,3,"BIARRITZ (AVENUE DE)","43,4811000"," -1,5333700",202000026161,154 696 234,B01,1,1,0,2,7,1,5,NULL,202000026161,154 696 235,A01,1,1,1,1,1962,5,1,8,-1,-1," -1",-1,202000026161,4,NULL,0,NULL,2,2,1,1,0,0,1,NULL," -1",1,0,1,50
202000029295,3,11,2020,13:25:00,1,75,75113,2,2,1,3,"AVENUE D ITALIE","48,8222060","2,3585200",202000029295,154 690 764,B01,3,1,0,2,1,19,1,NULL,202000029295,154 690 763,A01,1,1,1,1,1950,5,1,0,-1,0,0,-1,202000029295,4,NULL,0,NULL,2,4,0,1,0,0,1,NULL," -1",1,0,1,50
202000029295,3,11,2020,13:25:00,1,75,75113,2,2,1,3,"AVENUE D ITALIE","48,8222060","2,3585200",202000029295,154 690 764,B01,3,1,0,2,1,19,1,NULL,202000029295,154 690 764,B01,1,1,4,2,1990,9,8,0,-1,0,0,-1,202000029295,4,NULL,0,NULL,2,4,0,1,0,0,1,NULL," -1",1,0,1,50
202000029297,3,11,2020,09:05:00,1,75,75111,2,2,1,-1,"AVENUE DE LA REPUBLIQUE","48,8652930","2,3744900",202000029297,154 690 759,A01,2,1,0,2,4,21,5,NULL,202000029297,154 690 759,A01,1,1,4,2,1970,9,8,0,-1,0,0,-1,202000029297,4,NULL,0,NULL,2,1,0,2,0,0,1,NULL," -1",1,0,1,30
202000030900,4,9,2020,08:30:00,1,92,92026,2,3,1,3,"FAUVELLES ( RUE DES )","48,9003480","2,2306511",202000030900,154 688 013,B01,3,1,0,2,8,15,5,NULL,202000030900,154 688 012,A01,1,1,1,1,1999,0,2,0,-1,-1," -1",-1,202000030900,4,"FAUVELLES (RUE DES)",0,NULL,2,2,0,1,0,0,1,NULL," -1",1,0,1,50
202000030900,4,9,2020,08:30:00,1,92,92026,2,3,1,3,"FAUVELLES ( RUE DES )","48,9003480","2,2306511",202000030900,154 688 013,B01,3,1,0,2,8,15,5,NULL,202000030900,154 688 013,B01,1,1,4,2,1973,1,2,0,-1,-1," -1",-1,202000030900,4,"FAUVELLES (RUE DES)",0,NULL,2,2,0,1,0,0,1,NULL," -1",1,0,1,50
202000031068,1,11,2020,11:45:00,1,65,65436,1,1,1,3,"1 Route de Coussan","43,2409210","0,1744460",202000031068,154 687 730,A01,1,1,0,2,1,21,5,NULL,202000031068,154 687 729,B01,1,1,1,2,1989,4,1,-1,-1,0,0,-1,202000031068,3,49,-1,NULL,2,2,0,1,4,350,1,NULL," -1",1,0,1,80
202000031068,1,11,2020,11:45:00,1,65,65436,1,1,1,3,"1 Route de Coussan","43,2409210","0,1744460",202000031068,154 687 730,A01,1,1,0,2,1,21,5,NULL,202000031068,154 687 730,A01,1,1,4,1,1968,5,2,-1,-1,0,0,-1,202000031068,3,49,-1,NULL,2,2,0,1,4,350,1,NULL," -1",1,0,1,80
202000031976,15,1,2020,14:30:00,1,94,94076,1,1,1,1,"STALINGRAD (AV DE)","48,7853600","2,3667200",202000031976,154 686 167,B01,2,1,0,2,1,1,5,NULL,202000031976,154 686 167,B01,1,1,4,1,1955,0,8,0,-1,-1," -1",-1,202000031976,3,"STALINGRAD (AV DE)",0,NULL,1,0,1,1,0,0,1,NULL," -1",1,6,5,30
202000031976,15,1,2020,14:30:00,1,94,94076,1,1,1,1,"STALINGRAD (AV DE)","48,7853600","2,3667200",202000031976,154 686 167,B01,2,1,0,2,1,1,5,NULL,202000031976,154 686 168,A01,1,1,1,1,1997,0,1,0,-1,-1," -1",-1,202000031976,3,"STALINGRAD (AV DE)",0,NULL,1,0,1,1,0,0,1,NULL," -1",1,6,5,30
202000033290,29,9,2020,19:30:00,5,75,75116,2,1,1,2,"RUE DE LA POMPE","48,8671320","2,2805460",202000033290,154 683 922,A01,1,1,0,2,3,1,5,NULL,202000033290,154 683 921,B01,1,1,1,1,1948,5,1,0,-1,-1," -1",-1,202000033290,4,NULL,0,NULL,2,2,0,1,0,0,1,NULL," -1",1,0,1,50
202000033290,29,9,2020,19:30:00,5,75,75116,2,1,1,2,"RUE DE LA POMPE","48,8671320","2,2805460",202000033290,154 683 922,A01,1,1,0,2,3,1,5,NULL,202000033290,154 683 922,A01,1,1,4,1,1989,4,8,0,-1,0,0,-1,202000033290,4,NULL,0,NULL,2,2,0,1,0,0,1,NULL," -1",1,0,1,50
202000033757,11,12,2020,13:55:00,1,94,94073,2,1,2,1,"COUTURE DU MOULIN (R DE LA)","48,7636700","2,3828300",202000033757,154 683 104,B01,0,1,1,0,0,0,0,NULL,202000033757,154 683 104,B01,1,1,4,2,1972,0,8,0,-1,-1," -1",-1,202000033757,4,"COUTURE DU MOULIN (R DE LA)",0,NULL,2,2,0,1,0,1,2,NULL," -1",2,0,1,50
202000033757,11,12,2020,13:55:00,1,94,94073,2,1,2,1,"COUTURE DU MOULIN (R DE LA)","48,7636700","2,3828300",202000033757,154 683 104,B01,0,1,1,0,0,0,0,NULL,202000033757,154 683 105,A01,1,1,1,1,1957,0,1,8,-1,-1," -1",-1,202000033757,4,"COUTURE DU MOULIN (R DE LA)",0,NULL,2,2,0,1,0,1,2,NULL," -1",2,0,1,50
202000034284,16,3,2020,19:40:00,3,55,55302,1,1,1,2,RN935,"48,7470740","5,2066080",202000034284,154 682 179,B01,1,1,0,2,4,2,-1,NULL,202000034284,154 682 178,A01,1,1,1,2,1989,0,1,0,-1,0,0,-1,202000034284,3,135,0,NULL,2,2,0,1,3,799,1,NULL," -1",1,0,1,80
202000034284,16,3,2020,19:40:00,3,55,55302,1,1,1,2,RN935,"48,7470740","5,2066080",202000034284,154 682 179,B01,1,1,0,2,4,2,-1,NULL,202000034284,154 682 179,B01,1,1,2,1,1953,5,8,0,-1,-1," -1",-1,202000034284,3,135,0,NULL,2,2,0,1,3,799,1,NULL," -1",1,0,1,80
202000034638,2,9,2020,18:00:00,1,21,21021,2,4,1,2,"56 Rue de Dijon","47,3459944","5,1865618",202000034638,154 681 560,A01,2,1,0,2,1,1,6,NULL,202000034638,154 681 560,A01,1,1,4,1,1963,5,2,6,-1,0,0,-1,202000034638,3,34,-1,C,2,2,0,1,(1),(1),2,NULL," -1",1,0,1,50
202000034638,2,9,2020,18:00:00,1,21,21021,2,4,1,2,"56 Rue de Dijon","47,3459944","5,1865618",202000034638,154 681 560,A01,2,1,0,2,1,1,6,NULL,202000034638,154 681 561,B01,1,1,1,2,1983,3,1,-1,-1,0,0,-1,202000034638,3,34,-1,C,2,2,0,1,(1),(1),2,NULL," -1",1,0,1,50
202000038685,10,1,2020,07:35:00,1,66,66217,2,1,1,-1,"rue de lorraine","42,6131300","2,8103700",202000038685,154 674 371,B01,2,1,0,2,1,1,5,NULL,202000038685,154 674 370,A01,1,1,1,1,2001,1,8,-1,-1,0,0,-1,202000038685,3,23,0,NULL,2,2,0,2,8,728,1,NULL," -1",2,0,1,50
202000038685,10,1,2020,07:35:00,1,66,66217,2,1,1,-1,"rue de lorraine","42,6131300","2,8103700",202000038685,154 674 371,B01,2,1,0,2,1,1,5,NULL,202000038685,154 674 371,B01,1,1,3,2,1970,1,4,-1,-1,0,0,-1,202000038685,3,23,0,NULL,2,2,0,2,8,728,1,NULL," -1",2,0,1,50
202000041569,26,5,2020,10:05:00,1,75,75117,2,2,1,2,"BOULEVARD BESSIERES","48,8942870","2,3137800",202000041569,154 669 274,A01,1,1,0,2,1,13,5,NULL,202000041569,154 669 274,A01,1,1,4,1,1994,4,8,0,-1,0,0,-1,202000041569,4,NULL,0,NULL,3,1,1,1,0,0,1,NULL," -1",1,0,1,50
202000041569,26,5,2020,10:05:00,1,75,75117,2,2,1,2,"BOULEVARD BESSIERES","48,8942870","2,3137800",202000041569,154 669 274,A01,1,1,0,2,1,13,5,NULL,202000041569,154 669 275,B01,1,1,1,1,1963,4,1,0,-1,0,0,-1,202000041569,4,NULL,0,NULL,3,1,1,1,0,0,1,NULL," -1",1,0,1,50
202000041868,7,10,2020,17:00:00,1,07,07324,2,6,1,1,"1 Avenue Marechal Foch","45,0724300","4,8221340",202000041868,154 668 766,B01,0,1,0,2,7,1,5,NULL,202000041868,154 668 765,A01,1,1,1,2,1993,1,1,-1,-1,0,0,-1,202000041868,3,86,-1,NULL,1,2,0,1,999,30,2,NULL," -1",1,5,1,50
202000041868,7,10,2020,17:00:00,1,07,07324,2,6,1,1,"1 Avenue Marechal Foch","45,0724300","4,8221340",202000041868,154 668 766,B01,0,1,0,2,7,1,5,NULL,202000041868,154 668 766,B01,1,1,3,1,1939,5,2,-1,-1,0,0,-1,202000041868,3,86,-1,NULL,1,2,0,1,999,30,2,NULL," -1",1,5,1,50
202000042345,22,2,2020,16:30:00,1,22,22278,2,6,1,3,"AURORE (RD PT DE L')","48,5132300"," -2,7382300",202000042345,154 667 874,B01,0,1,0,2,8,16,5,NULL,202000042345,154 667 874,B01,1,1,3,2,1950,5,2,0,-1,0,0,-1,202000042345,4,"AURORE (RD PT DE L')",0,NULL,1,2,0,1,0,0,4,NULL," -1",1,5,1,30
202000042345,22,2,2020,16:30:00,1,22,22278,2,6,1,3,"AURORE (RD PT DE L')","48,5132300"," -2,7382300",202000042345,154 667 874,B01,0,1,0,2,8,16,5,NULL,202000042345,154 667 875,A01,1,1,1,2,1997,5,1,8,-1,0,0,-1,202000042345,4,"AURORE (RD PT DE L')",0,NULL,1,2,0,1,0,0,4,NULL," -1",1,5,1,30
202000042883,5,1,2020,19:15:00,5,75,75113,2,1,1,3,"RUE DE TOLBIAC","48,8294530","2,3747105",202000042883,154 666 916,B01,2,1,0,2,1,1,5,NULL,202000042883,154 666 916,B01,1,1,4,1,2000,1,2,0,-1,0,0,-1,202000042883,4,NULL,0,NULL,2,3,0,1,15,0,1,NULL,9,1,0,1,50
202000042883,5,1,2020,19:15:00,5,75,75113,2,1,1,3,"RUE DE TOLBIAC","48,8294530","2,3747105",202000042883,154 666 916,B01,2,1,0,2,1,1,5,NULL,202000042883,154 666 917,A01,1,1,1,2,1988,5,1,0,-1,0,0,-1,202000042883,4,NULL,0,NULL,2,3,0,1,15,0,1,NULL,9,1,0,1,50
202000043385,24,5,2020,17:35:00,1,63,63019,1,1,1,7,"CD 54","45,8012700","3,1753600",202000043385,154 665 990,A01,1,1,0,0,0,1,5,NULL,202000043385,154 665 990,A01,1,1,3,1,2000,5,2,8,-1,0,0,-1,202000043385,3,54,0,NULL,2,2,0,1,4,640,1,NULL,"5,5",1,0,1,80
202000043508,26,5,2020,13:00:00,1,64,64421,2,3,1,1,"7 Rue du Pont de Salles","43,1486930"," -0,5060750",202000043508,154 665 776,B01,1,1,0,2,1,1,5,NULL,202000043508,154 665 775,A01,1,1,1,2,1979,4,1,-1,-1,0,0,-1,202000043508,4,NULL,-1,NULL,2,2,0,1,(1),(1),1,NULL," -1",1,0,1,50
202000043508,26,5,2020,13:00:00,1,64,64421,2,3,1,1,"7 Rue du Pont de Salles","43,1486930"," -0,5060750",202000043508,154 665 776,B01,1,1,0,2,1,1,5,NULL,202000043508,154 665 776,B01,1,1,4,2,1950,5,0,-1,-1,0,0,-1,202000043508,4,NULL,-1,NULL,2,2,0,1,(1),(1),1,NULL," -1",1,0,1,50
202000043935,13,9,2020,10:25:00,1,44,44184,2,2,1,3,"PORNICHET (RUE DE) DU 01 AU 101 - DU 02","47,2700200"," -2,2172900",202000043935,154 665 033,B01,2,1,0,2,8,1,5,NULL,202000043935,154 665 033,B01,1,1,4,1,1970,5,8,0,-1,-1," -1",-1,202000043935,4,NULL,0,NULL,2,2,0,1,(1),(1),1,NULL," -1",1,0,8,50
202000043935,13,9,2020,10:25:00,1,44,44184,2,2,1,3,"PORNICHET (RUE DE) DU 01 AU 101 - DU 02","47,2700200"," -2,2172900",202000043935,154 665 033,B01,2,1,0,2,8,1,5,NULL,202000043935,154 665 034,A01,1,1,1,2,1948,5,8,0,-1,-1," -1",-1,202000043935,4,NULL,0,NULL,2,2,0,1,(1),(1),1,NULL," -1",1,0,8,50
202000044095,10,3,2020,18:55:00,5,75,75109,2,2,1,6,"RUE LA FAYETTE","48,8772060","2,3489930",202000044095,154 664 752,A01,2,1,0,1,2,2,5,NULL,202000044095,154 664 752,A01,1,1,4,1,1979,1,8,0,-1,0,0,-1,202000044095,4,NULL,0,NULL,1,2,2,2,0,0,1,NULL," -1",1,0,5,50
202000044095,10,3,2020,18:55:00,5,75,75109,2,2,1,6,"RUE LA FAYETTE","48,8772060","2,3489930",202000044095,154 664 752,A01,2,1,0,1,2,2,5,NULL,202000044095,154 664 752,A01,10,3,4,2,1950,9,0,-1,-1,4,3,1,202000044095,4,NULL,0,NULL,1,2,2,2,0,0,1,NULL," -1",1,0,5,50
202000045614,25,7,2020,07:40:00,1,67,67351,2,1,7,-1,"Rue Principale Niederseebach","48,9515000","7,9981110",202000045614,154 662 107,B01,1,1,0,2,3,1,5,NULL,202000045614,154 662 107,B01,1,1,3,1,1971,5,0,-1,-1,0,0,-1,202000045614,3,645,0,D,2,2,0,1,0,750,1,NULL," -1",1,0,1,50
202000045614,25,7,2020,07:40:00,1,67,67351,2,1,7,-1,"Rue Principale Niederseebach","48,9515000","7,9981110",202000045614,154 662 107,B01,1,1,0,2,3,1,5,NULL,202000045614,154 662 109,A01,1,1,1,1,1997,1,1,-1,-1,0,0,-1,202000045614,3,645,0,D,2,2,0,1,0,750,1,NULL," -1",1,0,1,50
202000045944,21,9,2020,17:10:00,1,75,75110,2,4,1,3,"RUE DU CHATEAU LANDON","48,8802370","2,3622310",202000045944,154 661 528,B01,1,1,0,2,1,1,5,NULL,202000045944,154 661 527,A01,1,1,4,1,2000,1,8,0,-1,0,0,-1,202000045944,4,NULL,0,NULL,2,2,1,2,0,0,3,NULL," -1",1,-1,5,50
202000045944,21,9,2020,17:10:00,1,75,75110,2,4,1,3,"RUE DU CHATEAU LANDON","48,8802370","2,3622310",202000045944,154 661 527,A01,2,1,0,2,2,16,5,NULL,202000045944,154 661 527,A01,1,1,4,1,2000,1,8,0,-1,0,0,-1,202000045944,4,NULL,0,NULL,2,2,1,2,0,0,3,NULL," -1",1,-1,5,50
202000045944,21,9,2020,17:10:00,1,75,75110,2,4,1,3,"RUE DU CHATEAU LANDON","48,8802370","2,3622310",202000045944,154 661 528,B01,1,1,0,2,1,1,5,NULL,202000045944,154 661 528,B01,1,1,4,1,1984,1,2,8,-1,0,0,-1,202000045944,4,NULL,0,NULL,2,2,1,2,0,0,3,NULL," -1",1,-1,5,50
202000045944,21,9,2020,17:10:00,1,75,75110,2,4,1,3,"RUE DU CHATEAU LANDON","48,8802370","2,3622310",202000045944,154 661 527,A01,2,1,0,2,2,16,5,NULL,202000045944,154 661 528,B01,1,1,4,1,1984,1,2,8,-1,0,0,-1,202000045944,4,NULL,0,NULL,2,2,1,2,0,0,3,NULL," -1",1,-1,5,50
202000047159,25,8,2020,14:35:00,1,75,75118,2,1,1,-1,"BOULEVARD NEY","48,8979140","2,3389860",202000047159,154 659 392,B01,1,1,0,2,0,17,5,NULL,202000047159,154 659 392,B01,1,1,4,1,1989,1,8,0,-1,0,0,-1,202000047159,4,NULL,0,NULL,1,4,2,1,0,0,1,NULL," -1",1,-1,5,50
202000047159,25,8,2020,14:35:00,1,75,75118,2,1,1,-1,"BOULEVARD NEY","48,8979140","2,3389860",202000047159,154 659 392,B01,1,1,0,2,0,17,5,NULL,202000047159,154 659 401,A01,1,1,1,2,1972,3,1,0,-1,0,0,-1,202000047159,4,NULL,0,NULL,1,4,2,1,0,0,1,NULL," -1",1,-1,5,50
202000007303,17,9,2020,17:30:00,1,60,60088,2,2,1,3,"Rue Louis Denoual","49,1978100","2,2098930",202000007303,154 729 410,B01,0,1,0,0,1,19,5,NULL,202000007303,154 729 410,B01,1,1,3,1,2007,2,0,-1,-1,0,0,-1,202000007303,3,923,0,NULL,2,2,0,1,3,350,1,NULL," -1",1,0,1,50
202000007989,14,10,2020,08:55:00,1,75,75111,2,1,2,3,"BOULEVARD VOLTAIRE","48,8536430","2,3871100",202000007989,154 728 198,B01,2,1,0,2,1,1,5,NULL,202000007989,154 728 197,A01,1,1,1,2,1980,1,1,0,-1,0,0,-1,202000007989,4,NULL,0,NULL,2,6,1,1,0,0,1,NULL," -1",2,-1,5,50
202000007989,14,10,2020,08:55:00,1,75,75111,2,1,2,3,"BOULEVARD VOLTAIRE","48,8536430","2,3871100",202000007989,154 728 198,B01,2,1,0,2,1,1,5,NULL,202000007989,154 728 198,B01,1,1,4,2,1989,2,2,0,-1,0,0,-1,202000007989,4,NULL,0,NULL,2,6,1,1,0,0,1,NULL," -1",2,-1,5,50
202000008537,24,11,2020,17:45:00,3,10,10245,1,1,1,2,"Départementale 21","48,2523800","4,1700630",202000008537,154 727 238,B01,1,1,0,2,4,1,2,NULL,202000008537,154 727 237,A01,1,1,1,1,2000,0,8,-1,-1,0,0,-1,202000008537,3,21,-1,NULL,2,2,0,1,11,150,1,NULL," -1",1,0,1,80
202000008537,24,11,2020,17:45:00,3,10,10245,1,1,1,2,"Départementale 21","48,2523800","4,1700630",202000008537,154 727 238,B01,1,1,0,2,4,1,2,NULL,202000008537,154 727 238,B01,1,1,2,1,1975,1,2,9,-1,0,0,-1,202000008537,3,21,-1,NULL,2,2,0,1,11,150,1,NULL," -1",1,0,1,80
202000009443,20,7,2020,08:10:00,1,32,32253,1,1,1,1,D40,"43,9732840","0,7902080",202000009443,154 725 649,B01,2,1,0,2,1,1,5,NULL,202000009443,154 725 648,A01,1,1,1,1,1999,5,1,-1,-1,0,0,-1,202000009443,3,40,-1,NULL,2,2,0,1,67,315,1,NULL," -1",1,0,1,80
202000009443,20,7,2020,08:10:00,1,32,32253,1,1,1,1,D40,"43,9732840","0,7902080",202000009443,154 725 649,B01,2,1,0,2,1,1,5,NULL,202000009443,154 725 649,B01,1,1,2,1,1965,5,2,-1,-1,0,0,-1,202000009443,3,40,-1,NULL,2,2,0,1,67,315,1,NULL," -1",1,0,1,80
202000013409,13,9,2020,16:40:00,1,21,21256,1,1,1,2,"Rue de Bourgogne","47,3236503","5,3081775",202000013409,154 718 715,B01,2,1,0,2,4,2,5,NULL,202000013409,154 718 714,A01,1,1,1,1,1985,5,1,-1,-1,0,0,-1,202000013409,3,961,-1,NULL,2,2,0,1,8,800,1,NULL," -1",1,0,1,90
202000013409,13,9,2020,16:40:00,1,21,21256,1,1,1,2,"Rue de Bourgogne","47,3236503","5,3081775",202000013409,154 718 715,B01,2,1,0,2,4,2,5,NULL,202000013409,154 718 715,B01,1,1,3,1,1997,5,2,-1,-1,0,0,-1,202000013409,3,961,-1,NULL,2,2,0,1,8,800,1,NULL," -1",1,0,1,90
202000013831,14,8,2020,17:20:00,1,32,32391,1,1,1,7,Laliboy,"43,9955310","0,5683170",202000013831,154 717 953,A01,3,1,0,0,9,1,5,NULL,202000013831,154 717 953,A01,1,1,3,1,1965,5,0,-1,-1,0,0,-1,202000013831,4,10,0,NULL,-1,2,0,3,(1),(1),1,NULL," -1",1,0,1,50
202000014522,7,5,2020,17:55:00,1,75,75117,2,1,1,-1,"BOULEVARD BERTHIER","48,8929930","2,3100280",202000014522,154 716 801,Z01,2,1,0,2,1,1,5,NULL,202000014522,154 716 800,A01,1,1,4,1,1980,4,8,0,-1,0,0,-1,202000014522,4,NULL,0,NULL,1,1,1,1,0,0,1,NULL," -1",1,-1,5,50
202000014522,7,5,2020,17:55:00,1,75,75117,2,1,1,-1,"BOULEVARD BERTHIER","48,8929930","2,3100280",202000014522,154 716 800,A01,2,1,0,2,4,21,5,NULL,202000014522,154 716 800,A01,1,1,4,1,1980,4,8,0,-1,0,0,-1,202000014522,4,NULL,0,NULL,1,1,1,1,0,0,1,NULL," -1",1,-1,5,50
202000015153,5,7,2020,10:50:00,1,19,19177,1,1,1,7,D17,"45,2851840","1,2932110",202000015153,154 715 629,A01,1,1,0,0,3,1,0,NULL,202000015153,154 715 629,A01,1,1,2,1,1949,5,2,6,-1,0,0,-1,202000015153,3,17,0,NULL,2,2,0,2,7,150,1,NULL," -1",1,0,1,90
202000015403,11,9,2020,08:00:00,1,82,82121,2,6,1,3,"GOUZE(boulevard h)","44,0043764","1,3621013",202000015403,154 715 205,B01,1,1,0,2,4,1,5,NULL,202000015403,154 715 205,B01,1,1,4,2,1971,1,2,8,-1,-1," -1",-1,202000015403,3,999,0,NULL,3,1,0,1,17,520,1,NULL," -1",1,0,1,50
202000015403,11,9,2020,08:00:00,1,82,82121,2,6,1,3,"GOUZE(boulevard h)","44,0043764","1,3621013",202000015403,154 715 205,B01,1,1,0,2,4,1,5,NULL,202000015403,154 715 206,A01,1,1,1,2,1984,0,1,8,-1,-1," -1",-1,202000015403,3,999,0,NULL,3,1,0,1,17,520,1,NULL," -1",1,0,1,50
202000016339,13,11,2020,16:49:00,1,31,31555,2,1,1,3,"BD DE LA GARE","43,6064400","1,4565100",202000016339,154 713 502,B01,0,1,0,2,1,1,0,NULL,202000016339,154 713 502,B01,1,1,4,2,1976,1,2,0,-1,-1," -1",-1,202000016339,4,"BD DE LA GARE",0,NULL,1,2,0,1,0,0,1,NULL," -1",1,0,1,50
202000016339,13,11,2020,16:49:00,1,31,31555,2,1,1,3,"BD DE LA GARE","43,6064400","1,4565100",202000016339,154 713 502,B01,0,1,0,2,1,1,0,NULL,202000016339,154 713 503,A01,1,1,1,1,1999,0,1,0,-1,-1," -1",-1,202000016339,4,"BD DE LA GARE",0,NULL,1,2,0,1,0,0,1,NULL," -1",1,0,1,50
202000017728,20,7,2020,18:25:00,1,40,40281,2,6,1,3,"KENNEDY (AV DU PDT. JOHN FIDGERALD)","43,8666700"," -0,4884700",202000017728,154 711 035,B01,3,1,0,2,7,1,0,NULL,202000017728,154 711 032,A01,1,1,1,1,1959,5,1,8,-1,-1," -1",-1,202000017728,3,"KENNEDY (AV DU PDT. JOHN FIDGERALD)",0,NULL,4,2,0,1,(1),(1),3,NULL," -1",1,0,1,50
202000017728,20,7,2020,18:25:00,1,40,40281,2,6,1,3,"KENNEDY (AV DU PDT. JOHN FIDGERALD)","43,8666700"," -0,4884700",202000017728,154 711 035,B01,3,1,0,2,7,1,0,NULL,202000017728,154 711 035,B01,1,1,3,2,1970,5,2,0,-1,-1," -1",-1,202000017728,3,"KENNEDY (AV DU PDT. JOHN FIDGERALD)",0,NULL,4,2,0,1,(1),(1),3,NULL," -1",1,0,1,50
202000017857,9,10,2020,10:05:00,1,57,57209,1,6,2,3,D910,"49,0337320","6,5962280",202000017857,154 710 807,B01,2,1,0,2,5,1,5,NULL,202000017857,154 710 806,A01,1,1,1,1,1943,5,8,-1,-1,0,0,-1,202000017857,3,910,-1,NULL,2,2,0,1,37,500,1,NULL," -1",2,5,1,80
202000017857,9,10,2020,10:05:00,1,57,57209,1,6,2,3,D910,"49,0337320","6,5962280",202000017857,154 710 807,B01,2,1,0,2,5,1,5,NULL,202000017857,154 710 807,B01,1,1,3,1,1967,5,4,-1,-1,0,0,-1,202000017857,3,910,-1,NULL,2,2,0,1,37,500,1,NULL," -1",2,5,1,80
202000018043,21,12,2020,06:45:00,5,45,45068,2,1,2,3,"Rue du Vieux Rang de l’Anglee","48,0212612","2,7230714",202000018043,154 710 485,B01,0,1,0,0,1,1,5,NULL,202000018043,154 710 485,B01,1,1,4,1,1968,1,2,0,-1,-1," -1",-1,202000018043,4,NULL,0,NULL,2,2,0,1,(1),(1),4,NULL," -1",2,0,1,50
202000018043,21,12,2020,06:45:00,5,45,45068,2,1,2,3,"Rue du Vieux Rang de l’Anglee","48,0212612","2,7230714",202000018043,154 710 485,B01,0,1,0,0,1,1,5,NULL,202000018043,154 710 486,A01,1,1,1,1,1959,4,1,8,-1,-1," -1",-1,202000018043,4,NULL,0,NULL,2,2,0,1,(1),(1),4,NULL," -1",2,0,1,50