Num_Acc,jour,mois,an,hrmn,lum,dep,com,agg,int,atm,col,adr,lat,long,Num_Acc,id_vehicule,num_veh,senc,catv,obs,obsm,choc,manv,motor,occutc,Num_Acc,id_vehicule,num_veh,place,catu,grav,sexe,an_nais,trajet,secu1,secu2,secu3,locp,actp,etatp,Num_Acc,catr,voie,v1,v2,circ,nbv,vosp,prof,pr,pr1,plan,lartpc,larrout,surf,infra,situ,vma
202000020018,13,11,2020,19:10:00,5,83,83137,2,6,8,3,"GASQUET (AVE JOSEPH DE 1408 A FIN","43,1195382","5,9781643",202000020018,154 706 974,B01,3,1,0,2,5,0,0,NULL,202000020018,154 706 974,B01,1,1,3,1,1964,1,2,8,-1,-1," -1",-1,202000020018,3,559,0,NULL,2,1,0,1,31,721,1,NULL," -1",2,5,8,30
202000020018,13,11,2020,19:10:00,5,83,83137,2,6,8,3,"GASQUET (AVE JOSEPH DE 1408 A FIN","43,1195382","5,9781643",202000020018,154 706 974,B01,3,1,0,2,5,0,0,NULL,202000020018,154 706 975,A01,1,1,1,1,1983,0,8,8,-1,-1," -1",-1,202000020018,3,559,0,NULL,2,1,0,1,31,721,1,NULL," -1",2,5,8,30
202000021220,10,6,2020,18:55:00,1,08,08222,2,2,1,3,"129 Rue Saint-louis","50,0001400","4,6982220",202000021220,154 704 886,B01,2,1,0,2,1,1,5,NULL,202000021220,154 704 885,A01,1,1,1,1,1975,0,1,-1,-1,0,0,-1,202000021220,3,7,-1,NULL,2,2,0,1,(1),(1),1,NULL," -1",2,0,1,-1
202000021220,10,6,2020,18:55:00,1,08,08222,2,2,1,3,"129 Rue Saint-louis","50,0001400","4,6982220",202000021220,154 704 886,B01,2,1,0,2,1,1,5,NULL,202000021220,154 704 886,B01,1,1,3,1,2010,5,0,-1,-1,0,0,-1,202000021220,3,7,-1,NULL,2,2,0,1,(1),(1),1,NULL," -1",2,0,1,-1
202000021737,5,10,2020,07:55:00,2,64,64445,2,9,2,3,CONDORCET,"43,3145900"," -0,3634100",202000021737,154 703 960,B01,3,1,0,2,8,1,5,NULL,202000021737,154 703 960,B01,1,1,4,1,2002,2,2,0,-1,-1," -1",-1,202000021737,6,NULL,0,NULL,-1,0,0,1,0,0,1,NULL," -1",2,0,1,30
202000021737,5,10,2020,07:55:00,2,64,64445,2,9,2,3,CONDORCET,"43,3145900"," -0,3634100",202000021737,154 703 960,B01,3,1,0,2,8,1,5,NULL,202000021737,154 703 961,A01,1,1,1,1,2001,2,1,0,-1,-1," -1",-1,202000021737,6,NULL,0,NULL,-1,0,0,1,0,0,1,NULL," -1",2,0,1,30
202000022310,20,4,2020,11:02:00,1,66,66136,2,3,2,3,"PYRENEES (BOULEVARD DES)","42,6947900","2,8890900",202000022310,154 702 973,A01,1,1,0,2,1,19,5,NULL,202000022310,154 702 972,B01,1,1,1,1,1985,9,1,0,-1,0,0,-1,202000022310,4,"PYRENEES (BOULEVARD DES)",0,NULL,2,4,0,1,0,0,1,NULL," -1",1,0,1,50
202000022310,20,4,2020,11:02:00,1,66,66136,2,3,2,3,"PYRENEES (BOULEVARD DES)","42,6947900","2,8890900",202000022310,154 702 973,A01,1,1,0,2,1,19,5,NULL,202000022310,154 702 973,A01,1,1,4,1,1985,9,8,0,-1,0,0,-1,202000022310,4,"PYRENEES (BOULEVARD DES)",0,NULL,2,4,0,1,0,0,1,NULL," -1",1,0,1,50
202000022653,9,7,2020,08:30:00,1,69,69388,2,1,1,3,"JEAN XXIII                          (BD)","45,7399400","4,8738300",202000022653,154 702 360,B01,1,1,0,2,1,15,0,NULL,202000022653,154 702 359,A01,1,1,1,2,1978,9,1,8,-1,-1," -1",-1,202000022653,4,NULL,0,NULL,2,-1,0,1,0,0,1,NULL," -1",1,0,1,50
202000022653,9,7,2020,08:30:00,1,69,69388,2,1,1,3,"JEAN XXIII                          (BD)","45,7399400","4,8738300",202000022653,154 702 360,B01,1,1,0,2,1,15,0,NULL,202000022653,154 702 360,B01,1,1,4,1,1998,4,8,0,-1,-1," -1",-1,202000022653,4,NULL,0,NULL,2,-1,0,1,0,0,1,NULL," -1",1,0,1,50
202000022675,8,7,2020,14:08:00,1,65,65226,2,1,1,1,"OURS (CHEMIN DE L')","43,2383050","0,0098330",202000022675,154 702 319,A01,1,1,0,2,1,17,5,NULL,202000022675,154 702 318,B01,1,1,1,1,1945,5,1,0,-1,-1," -1",-1,202000022675,4,"OURS (CHEMIN DE L')",0,NULL,2,2,0,1,(1),(1),1,NULL," -1",1,0,1,50
202000022675,8,7,2020,14:08:00,1,65,65226,2,1,1,1,"OURS (CHEMIN DE L')","43,2383050","0,0098330",202000022675,154 702 319,A01,1,1,0,2,1,17,5,NULL,202000022675,154 702 319,A01,1,1,4,1,2003,5,8,0,-1,-1," -1",-1,202000022675,4,"OURS (CHEMIN DE L')",0,NULL,2,2,0,1,(1),(1),1,NULL," -1",1,0,1,50
202000022972,8,9,2020,19:50:00,1,68,68056,2,3,1,3,"Rue de la Libération","47,7188400","7,3099800",202000022972,154 701 809,A01,3,1,0,2,6,1,5,NULL,202000022972,154 701 809,A01,1,1,2,2,1993,1,8,0,-1,-1," -1",-1,202000022972,3,"Libération - Brunstatt(Rue de la) ",0,NULL,2,2,0,1,4,260,1,NULL," -1",1,0,1,50
202000022972,8,9,2020,19:50:00,1,68,68056,2,3,1,3,"Rue de la Libération","47,7188400","7,3099800",202000022972,154 701 809,A01,3,1,0,2,6,1,5,NULL,202000022972,154 701 810,B01,1,1,1,2,1981,1,1,0,-1,-1," -1",-1,202000022972,3,"Libération - Brunstatt(Rue de la) ",0,NULL,2,2,0,1,4,260,1,NULL," -1",1,0,1,50
202000025861,14,4,2020,07:50:00,1,67,67445,2,3,7,1,"14 Rue de la Gare","48,2879181","7,4276447",202000025861,154 696 756,A01,2,1,0,2,1,15,5,NULL,202000025861,154 696 755,B01,1,1,1,1,1968,1,1,-1,-1,0,0,-1,202000025861,3,81,0,NULL,2,2,1,2,0,595,1,NULL,"5,5",1,5,1,30
202000025861,14,4,2020,07:50:00,1,67,67445,2,3,7,1,"14 Rue de la Gare","48,2879181","7,4276447",202000025861,154 696 756,A01,2,1,0,2,1,15,5,NULL,202000025861,154 696 756,A01,1,1,2,1,1934,3,4,-1,-1,0,0,-1,202000025861,3,81,0,NULL,2,2,1,2,0,595,1,NULL,"5,5",1,5,1,30
202000026410,8,7,2020,09:18:00,1,93,93006,2,1,1,3,"AV GAMBETTA","48,8726000","2,4193000",202000026410,154 695 789,A01,1,1,1,0,0,0,0,NULL,202000026410,154 695 789,A01,1,1,4,1,1986,9,2,0,-1,-1," -1",-1,202000026410,3,"GAMBETTA AV.",0,NULL,2,4,1,1,0,1,1,NULL," -1",1,0,1,50
202000030872,4,9,2020,13:59:00,1,75,75113,2,3,1,3,"BOULEVARD DE L HOPITAL","48,8357180","2,3586350",202000030872,154 688 059,B01,2,1,0,2,2,1,5,NULL,202000030872,154 688 058,A01,1,1,1,1,1980,1,1,0,-1,0,0,-1,202000030872,4,NULL,0,NULL,2,4,0,2,0,0,1,NULL," -1",1,0,1,50
202000030872,4,9,2020,13:59:00,1,75,75113,2,3,1,3,"BOULEVARD DE L HOPITAL","48,8357180","2,3586350",202000030872,154 688 059,B01,2,1,0,2,2,1,5,NULL,202000030872,154 688 059,B01,1,1,4,2,1977,1,2,0,-1,0,0,-1,202000030872,4,NULL,0,NULL,2,4,0,2,0,0,1,NULL," -1",1,0,1,50
202000031378,1,6,2020,17:40:00,1,67,67482,2,1,1,3,"SCHIRMECK (ROUTE DE)","48,5643880","7,7054490",202000031378,154 687 200,B01,2,1,0,2,7,1,5,NULL,202000031378,154 687 198,A01,1,1,1,1,1969,4,1,8,-1,-1," -1",-1,202000031378,7,392,0,NULL,2,3,1,1,53,700,1,NULL,9,1,9,5,50
202000031378,1,6,2020,17:40:00,1,67,67482,2,1,1,3,"SCHIRMECK (ROUTE DE)","48,5643880","7,7054490",202000031378,154 687 200,B01,2,1,0,2,7,1,5,NULL,202000031378,154 687 200,B01,1,1,4,1,1968,0,8,0,-1,-1," -1",-1,202000031378,7,392,0,NULL,2,3,1,1,53,700,1,NULL,9,1,9,5,50
202000031484,2,6,2020,11:40:00,1,75,75113,2,2,1,3,"RUE OLIVIER MESSIAEN","48,8304440","2,3783550",202000031484,154 687 018,B01,2,1,0,2,1,1,5,NULL,202000031484,154 687 016,A01,1,1,1,1,1968,3,1,0,-1,-1," -1",-1,202000031484,4,NULL,0,NULL,2,2,0,1,0,0,1,NULL," -1",1,0,1,30
202000031484,2,6,2020,11:40:00,1,75,75113,2,2,1,3,"RUE OLIVIER MESSIAEN","48,8304440","2,3783550",202000031484,154 687 018,B01,2,1,0,2,1,1,5,NULL,202000031484,154 687 018,B01,1,1,4,1,1964,9,8,8,-1,-1," -1",-1,202000031484,4,NULL,0,NULL,2,2,0,1,0,0,1,NULL," -1",1,0,1,30
202000031562,30,9,2020,13:05:00,1,69,69388,2,3,1,3,"MARIUS BERLIET                      (R )","45,7390200","4,8665100",202000031562,154 686 889,B01,1,1,0,2,0,0,0,NULL,202000031562,154 686 888,A01,1,1,1,2,1943,5,8,0,-1,-1," -1",-1,202000031562,4,"MARIUS BERLIET                      (R )",0,NULL,4,3,3,1,0,0,1,NULL," -1",1,0,5,50
202000031562,30,9,2020,13:05:00,1,69,69388,2,3,1,3,"MARIUS BERLIET                      (R )","45,7390200","4,8665100",202000031562,154 686 889,B01,1,1,0,2,0,0,0,NULL,202000031562,154 686 889,B01,1,1,4,1,1994,0,2,0,-1,-1," -1",-1,202000031562,4,"MARIUS BERLIET                      (R )",0,NULL,4,3,3,1,0,0,1,NULL," -1",1,0,5,50
202000031856,11,12,2020,20:19:00,5,75,75116,2,1,2,3,"BOULEVARD LANNES","48,8658750","2,2709810",202000031856,154 686 365,B01,3,1,0,2,1,1,5,NULL,202000031856,154 686 364,A01,1,1,1,1,1966,5,8,8,-1,0,0,-1,202000031856,4,NULL,0,NULL,2,4,0,1,0,0,1,NULL," -1",2,0,1,50
202000031856,11,12,2020,20:19:00,5,75,75116,2,1,2,3,"BOULEVARD LANNES","48,8658750","2,2709810",202000031856,154 686 365,B01,3,1,0,2,1,1,5,NULL,202000031856,154 686 365,B01,1,1,4,2,1996,9,2,8,-1,0,0,-1,202000031856,4,NULL,0,NULL,2,4,0,1,0,0,1,NULL," -1",2,0,1,50
202000033505,30,9,2020,17:20:00,1,74,74243,1,1,1,1,"Route de Feigères","46,1306110","6,0790420",202000033505,154 683 540,B01,2,1,0,2,1,13,5,NULL,202000033505,154 683 540,B01,1,1,3,1,1974,0,2,6,-1,0,0,-1,202000033505,3,37,0,NULL,2,2,0,2,0,750,3,NULL," -1",1,0,1,80
202000033505,30,9,2020,17:20:00,1,74,74243,1,1,1,1,"Route de Feigères","46,1306110","6,0790420",202000033505,154 683 540,B01,2,1,0,2,1,13,5,NULL,202000033505,154 683 541,A01,1,1,1,2,1992,0,1,-1,-1,0,0,-1,202000033505,3,37,0,NULL,2,2,0,2,0,750,3,NULL," -1",1,0,1,80
202000033560,31,5,2020,07:55:00,1,971,97101,1,9,2,3,RN11,"16,2719500"," -61,5154900",202000033560,154 683 444,B01,2,1,0,2,7,1,0,NULL,202000033560,154 683 441,A01,1,1,1,2,1995,5,1,0,-1,-1," -1",-1,202000033560,2,11,0,NULL,1,2,0,1,0,0,1,NULL," -1",2,0,1,50
202000033560,31,5,2020,07:55:00,1,971,97101,1,9,2,3,RN11,"16,2719500"," -61,5154900",202000033560,154 683 444,B01,2,1,0,2,7,1,0,NULL,202000033560,154 683 444,B01,1,1,4,1,1961,5,2,8,-1,-1," -1",-1,202000033560,2,11,0,NULL,1,2,0,1,0,0,1,NULL," -1",2,0,1,50
202000033893,13,1,2020,08:00:00,1,75,75111,2,3,1,3,"RUE DE MONTREUIL","48,8504630","2,3899580",202000033893,154 682 870,A01,2,1,0,2,7,14,5,NULL,202000033893,154 682 869,B01,1,1,1,1,1967,4,1,0,-1,0,0,-1,202000033893,4,NULL,0,NULL,2,1,1,1,0,0,1,NULL,3,1,-1,5,30
202000033893,13,1,2020,08:00:00,1,75,75111,2,3,1,3,"RUE DE MONTREUIL","48,8504630","2,3899580",202000033893,154 682 870,A01,2,1,0,2,7,14,5,NULL,202000033893,154 682 870,A01,1,1,4,1,1982,1,8,2,-1,0,0,-1,202000033893,4,NULL,0,NULL,2,1,1,1,0,0,1,NULL,3,1,-1,5,30
202000034942,31,7,2020,07:30:00,1,39,39470,1,4,7,3,NULL,"46,4675610","6,0685300",202000034942,154 681 006,B01,2,1,0,2,1,1,5,NULL,202000034942,154 681 006,B01,1,1,3,2,1969,5,2,-1,-1,0,0,-1,202000034942,3,1005,0,NULL,2,2,0,1,0,1,1,NULL," -1",1,5,1,80
202000034942,31,7,2020,07:30:00,1,39,39470,1,4,7,3,NULL,"46,4675610","6,0685300",202000034942,154 681 006,B01,2,1,0,2,1,1,5,NULL,202000034942,154 681 007,A01,1,1,1,1,1959,5,1,-1,-1,0,0,-1,202000034942,3,1005,0,NULL,2,2,0,1,0,1,1,NULL," -1",1,5,1,80
202000036726,10,2,2020,07:20:00,5,66,66136,2,3,1,3,"JULIEN PANCHOT (AVENUE)","42,6928600","2,8859000",202000036726,154 677 794,B01,1,1,0,2,1,16,5,NULL,202000036726,154 677 794,B01,1,1,4,1,1958,1,2,8,-1,0,0,-1,202000036726,4,"JULIEN PANCHOT (AVENUE)",0,NULL,2,2,0,1,0,0,1,NULL," -1",1,0,1,50
202000036726,10,2,2020,07:20:00,5,66,66136,2,3,1,3,"JULIEN PANCHOT (AVENUE)","42,6928600","2,8859000",202000036726,154 677 794,B01,1,1,0,2,1,16,5,NULL,202000036726,154 677 795,A01,1,1,1,2,1999,0,1,0,-1,-1," -1",-1,202000036726,4,"JULIEN PANCHOT (AVENUE)",0,NULL,2,2,0,1,0,0,1,NULL," -1",1,0,1,50
202000038961,27,5,2020,20:30:00,1,75,75114,2,4,1,2,"BOULEVARD RASPAIL","48,8405743","2,3301140",202000038961,154 673 882,B01,2,1,0,2,1,7,5,NULL,202000038961,154 673 881,A01,1,1,1,2,1975,9,1,0,-1,0,0,-1,202000038961,4,NULL,0,NULL,2,4,3,1,0,0,1,NULL," -1",1,-1,6,50
202000038961,27,5,2020,20:30:00,1,75,75114,2,4,1,2,"BOULEVARD RASPAIL","48,8405743","2,3301140",202000038961,154 673 882,B01,2,1,0,2,1,7,5,NULL,202000038961,154 673 882,B01,1,1,4,1,2002,9,8,2,-1,0,0,-1,202000038961,4,NULL,0,NULL,2,4,3,1,0,0,1,NULL," -1",1,-1,6,50
202000040405,27,8,2020,12:23:00,1,69,69384,2,1,1,1,"CANUTS (DES)                        (BD)","45,7799216","4,8274192",202000040405,154 671 362,B01,1,1,0,2,1,1,5,NULL,202000040405,154 671 362,B01,1,1,2,2,1965,0,8,0,-1,-1," -1",-1,202000040405,4,NULL,0,NULL,2,1,1,1,(1),(1),1,NULL," -1",1,0,5,50
202000040405,27,8,2020,12:23:00,1,69,69384,2,1,1,1,"CANUTS (DES)                        (BD)","45,7799216","4,8274192",202000040405,154 671 362,B01,1,1,0,2,1,1,5,NULL,202000040405,154 671 363,A01,1,1,1,1,2002,0,8,0,-1,-1," -1",-1,202000040405,4,NULL,0,NULL,2,1,1,1,(1),(1),1,NULL," -1",1,0,5,50
202000042218,11,3,2020,21:05:00,5,75,75110,2,2,1,3,"BOULEVARD DE LA CHAPELLE","48,8843110","2,3593660",202000042218,154 668 110,B01,2,1,0,2,7,1,5,NULL,202000042218,154 668 110,B01,1,1,4,2,1982,5,8,0,-1,0,0,-1,202000042218,4,NULL,0,NULL,2,2,1,1,0,0,2,NULL," -1",1,0,1,50
202000042218,11,3,2020,21:05:00,5,75,75110,2,2,1,3,"BOULEVARD DE LA CHAPELLE","48,8843110","2,3593660",202000042218,154 668 110,B01,2,1,0,2,7,1,5,NULL,202000042218,154 668 111,A01,1,1,1,1,1982,4,1,0,-1,0,0,-1,202000042218,4,NULL,0,NULL,2,2,1,1,0,0,2,NULL," -1",1,0,1,50
202000042987,6,2,2020,07:00:00,2,74,74012,2,1,1,1,"BONNEVILLE (ROUTE DE)","46,1789112","6,2409651",202000042987,154 666 722,B01,1,1,0,2,0,0,0,NULL,202000042987,154 666 721,A01,1,1,1,1,1988,0,8,8,-1,-1," -1",-1,202000042987,3,"BONNEVILLE (ROUTE DE)",0,NULL,2,2,0,1,3,130,1,NULL," -1",1,0,4,50
202000042987,6,2,2020,07:00:00,2,74,74012,2,1,1,1,"BONNEVILLE (ROUTE DE)","46,1789112","6,2409651",202000042987,154 666 722,B01,1,1,0,2,0,0,0,NULL,202000042987,154 666 722,B01,1,1,4,2,1965,0,8,0,-1,-1," -1",-1,202000042987,3,"BONNEVILLE (ROUTE DE)",0,NULL,2,2,0,1,3,130,1,NULL," -1",1,0,4,50
202000043096,5,2,2020,14:00:00,1,29,29119,1,6,1,3,"Lieu-dit Lanvenec","48,4671466"," -4,6406052",202000043096,154 666 524,B01,1,1,0,2,5,1,5,NULL,202000043096,154 666 523,A01,1,1,1,1,1964,4,1,-1,-1,0,0,-1,202000043096,3,68,-1,NULL,2,2,0,1,4,600,4,NULL," -1",1,0,1,80
202000043096,5,2,2020,14:00:00,1,29,29119,1,6,1,3,"Lieu-dit Lanvenec","48,4671466"," -4,6406052",202000043096,154 666 524,B01,1,1,0,2,5,1,5,NULL,202000043096,154 666 524,B01,1,1,4,1,1988,9,2,-1,-1,0,0,-1,202000043096,3,68,-1,NULL,2,2,0,1,4,600,4,NULL," -1",1,0,1,80
202000043974,22,9,2020,09:10:00,1,75,75117,2,3,1,3,"AVENUE MAC MAHON","48,8779380","2,2943390",202000043974,154 664 971,B01,1,1,0,2,1,13,5,NULL,202000043974,154 664 970,A01,1,1,1,1,1975,2,1,0,-1,0,0,-1,202000043974,4,NULL,0,NULL,2,3,0,2,0,0,1,NULL," -1",1,0,1,30
202000043974,22,9,2020,09:10:00,1,75,75117,2,3,1,3,"AVENUE MAC MAHON","48,8779380","2,2943390",202000043974,154 664 971,B01,1,1,0,2,1,13,5,NULL,202000043974,154 664 971,B01,1,1,4,1,1993,1,2,0,-1,0,0,-1,202000043974,4,NULL,0,NULL,2,3,0,2,0,0,1,NULL," -1",1,0,1,30
202000044861,25,8,2020,19:00:00,1,10,10387,2,9,1,3,"GEORGES POMPIDOU (RUE)","48,2881000","4,0822000",202000044861,154 663 375,B01,3,1,0,2,3,1,5,NULL,202000044861,154 663 375,B01,1,1,3,1,1974,1,2,0,-1,-1," -1",-1,202000044861,4,"GEORGES POMPIDOU (RUE)",0,NULL,1,2,0,1,0,0,1,NULL," -1",1,0,5,50
202000044861,25,8,2020,19:00:00,1,10,10387,2,9,1,3,"GEORGES POMPIDOU (RUE)","48,2881000","4,0822000",202000044861,154 663 375,B01,3,1,0,2,3,1,5,NULL,202000044861,154 663 376,A01,1,1,1,2,1988,0,1,0,-1,-1," -1",-1,202000044861,4,"GEORGES POMPIDOU (RUE)",0,NULL,1,2,0,1,0,0,1,NULL," -1",1,0,5,50
202000045337,2,1,2020,19:00:00,4,09,09225,1,9,1,4,"MIREPOIX ROUTE DE","43,1016610","1,6358060",202000045337,154 662 563,B01,1,1,0,2,4,2,5,NULL,202000045337,154 662 560,A01,1,1,1,1,1973,5,1,0,-1,-1," -1",-1,202000045337,3,"MIREPOIX ROUTE DE",0,NULL,2,2,0,1,28,61,1,NULL," -1",1,3,1,70
202000045337,2,1,2020,19:00:00,4,09,09225,1,9,1,4,"MIREPOIX ROUTE DE","43,1016610","1,6358060",202000045337,154 662 563,B01,1,1,0,2,4,2,5,NULL,202000045337,154 662 562,C01,1,1,1,1,1953,5,1,0,-1,-1," -1",-1,202000045337,3,"MIREPOIX ROUTE DE",0,NULL,2,2,0,1,28,61,1,NULL," -1",1,3,1,70
202000045337,2,1,2020,19:00:00,4,09,09225,1,9,1,4,"MIREPOIX ROUTE DE","43,1016610","1,6358060",202000045337,154 662 563,B01,1,1,0,2,4,2,5,NULL,202000045337,154 662 563,B01,1,1,3,2,1981,1,8,4,-1,-1," -1",-1,202000045337,3,"MIREPOIX ROUTE DE",0,NULL,2,2,0,1,28,61,1,NULL," -1",1,3,1,70
202000046785,20,10,2020,08:50:00,1,69,69383,2,1,1,6,"FELIX FAURE                         (AV)","45,7536800","4,8597700",202000046785,154 660 015,A01,1,1,0,1,1,26,0,NULL,202000046785,154 660 015,A01,1,1,1,2,1979,1,8,0,-1,-1," -1",-1,202000046785,4,NULL,0,NULL,2,6,1,1,0,0,1,NULL," -1",1,0,1,50
202000046785,20,10,2020,08:50:00,1,69,69383,2,1,1,6,"FELIX FAURE                         (AV)","45,7536800","4,8597700",202000046785,154 660 015,A01,1,1,0,1,1,26,0,NULL,202000046785,154 660 015,A01,10,3,4,2,1993,2,0,-1,-1,2,3,1,202000046785,4,NULL,0,NULL,2,6,1,1,0,0,1,NULL," -1",1,0,1,50
202000007172,16,9,2020,14:40:00,1,35,35238,2,1,1,6,"LIBERTE (BD DE LA)","48,1069000"," -1,6811500",202000007172,154 729 647,A01,0,1,0,1,1,26,5,NULL,202000007172,154 729 647,A01,10,3,1,2,1999,0,0,-1,-1,4,3,1,202000007172,4,"LIBERTE (BD DE LA)",0,NULL,1,1,1,1,0,0,1,NULL," -1",1,0,5,50
202000007172,16,9,2020,14:40:00,1,35,35238,2,1,1,6,"LIBERTE (BD DE LA)","48,1069000"," -1,6811500",202000007172,154 729 647,A01,0,1,0,1,1,26,5,NULL,202000007172,154 729 647,A01,1,1,4,2,1999,0,2,0,-1,-1," -1",-1,202000007172,4,"LIBERTE (BD DE LA)",0,NULL,1,1,1,1,0,0,1,NULL," -1",1,0,5,50
202000007453,30,1,2020,08:50:00,1,38,38486,2,2,1,1,"Rue du Dauphiné","45,1669700","5,6943100",202000007453,154 729 135,A01,3,1,0,2,1,13,5,NULL,202000007453,154 729 134,B01,1,1,1,1,1975,0,1,-1,-1,0,0,-1,202000007453,4,NULL,0,NULL,2,2,0,1,(1),(1),1,NULL," -1",1,5,1,30
202000007453,30,1,2020,08:50:00,1,38,38486,2,2,1,1,"Rue du Dauphiné","45,1669700","5,6943100",202000007453,154 729 135,A01,3,1,0,2,1,13,5,NULL,202000007453,154 729 135,A01,1,1,3,2,1943,5,2,4,-1,0,0,-1,202000007453,4,NULL,0,NULL,2,2,0,1,(1),(1),1,NULL," -1",1,5,1,30
202000007581,19,6,2020,12:30:00,1,75,75119,2,1,1,3,"AVENUE SIMON BOLIVAR","48,8769180","2,3743490",202000007581,154 728 905,B01,1,1,0,2,1,1,5,NULL,202000007581,154 728 903,A01,1,1,1,1,1959,4,1,0,-1,0,0,-1,202000007581,4,NULL,0,NULL,2,2,0,2,(1),0,3,NULL," -1",1,0,1,50
202000007581,19,6,2020,12:30:00,1,75,75119,2,1,1,3,"AVENUE SIMON BOLIVAR","48,8769180","2,3743490",202000007581,154 728 905,B01,1,1,0,2,1,1,5,NULL,202000007581,154 728 905,B01,1,1,4,1,1998,4,2,0,-1,0,0,-1,202000007581,4,NULL,0,NULL,2,2,0,2,(1),0,3,NULL," -1",1,0,1,50
202000008292,29,12,2020,06:20:00,2,972,97209,2,1,1,3,"BISHOP (Avenue Maurice)","14,6105900"," -61,0547400",202000008292,154 727 666,B01,1,1,0,2,6,19,5,NULL,202000008292,154 727 666,B01,1,1,4,1,1991,0,8,8,-1,-1," -1",-1,202000008292,4,"BISHOP (Avenue Maurice)",0,NULL,3,6,3,1,2,300,1,NULL," -1",1,0,1,50
202000008292,29,12,2020,06:20:00,2,972,97209,2,1,1,3,"BISHOP (Avenue Maurice)","14,6105900"," -61,0547400",202000008292,154 727 666,B01,1,1,0,2,6,19,5,NULL,202000008292,154 727 667,A01,1,1,1,2,1964,1,1,0,-1,-1," -1",-1,202000008292,4,"BISHOP (Avenue Maurice)",0,NULL,3,6,3,1,2,300,1,NULL," -1",1,0,1,50
202000011287,16,7,2020,19:35:00,1,69,69259,2,3,1,3,"GEORGES LYVET                       (R )","45,6959800","4,8747200",202000011287,154 722 413,B01,3,1,0,2,1,19,5,NULL,202000011287,154 722 401,A01,1,1,1,2,2001,0,1,0,-1,-1," -1",-1,202000011287,4,"GEORGES LYVET                       (R )",0,NULL,2,2,2,1,0,0,1,NULL," -1",1,0,1,50
202000011287,16,7,2020,19:35:00,1,69,69259,2,3,1,3,"GEORGES LYVET                       (R )","45,6959800","4,8747200",202000011287,154 722 413,B01,3,1,0,2,1,19,5,NULL,202000011287,154 722 401,A01,2,2,1,1,2001,0,1,0,-1,-1," -1",-1,202000011287,4,"GEORGES LYVET                       (R )",0,NULL,2,2,2,1,0,0,1,NULL," -1",1,0,1,50
202000011287,16,7,2020,19:35:00,1,69,69259,2,3,1,3,"GEORGES LYVET                       (R )","45,6959800","4,8747200",202000011287,154 722 413,B01,3,1,0,2,1,19,5,NULL,202000011287,154 722 401,A01,3,2,1,2,2001,0,1,0,-1,-1," -1",-1,202000011287,4,"GEORGES LYVET                       (R )",0,NULL,2,2,2,1,0,0,1,NULL," -1",1,0,1,50
202000011287,16,7,2020,19:35:00,1,69,69259,2,3,1,3,"GEORGES LYVET                       (R )","45,6959800","4,8747200",202000011287,154 722 413,B01,3,1,0,2,1,19,5,NULL,202000011287,154 722 401,A01,4,2,1,2,2001,0,1,0,-1,-1," -1",-1,202000011287,4,"GEORGES LYVET                       (R )",0,NULL,2,2,2,1,0,0,1,NULL," -1",1,0,1,50
202000011287,16,7,2020,19:35:00,1,69,69259,2,3,1,3,"GEORGES LYVET                       (R )","45,6959800","4,8747200",202000011287,154 722 413,B01,3,1,0,2,1,19,5,NULL,202000011287,154 722 413,B01,1,1,4,1,1964,0,8,0,-1,-1," -1",-1,202000011287,4,"GEORGES LYVET                       (R )",0,NULL,2,2,2,1,0,0,1,NULL," -1",1,0,1,50
202000015741,12,8,2020,08:25:00,1,971,97128,1,1,1,1,Dupré,"16,2266810"," -61,3911560",202000015741,154 714 597,B01,2,1,0,2,1,0,0,NULL,202000015741,154 714 596,A01,1,1,1,1,1964,5,1,-1,-1,0,0,-1,202000015741,3,105,-1,NULL,2,2,0,4,(1),(1),3,NULL," -1",1,0,1,90
202000015741,12,8,2020,08:25:00,1,971,97128,1,1,1,1,Dupré,"16,2266810"," -61,3911560",202000015741,154 714 597,B01,2,1,0,2,1,0,0,NULL,202000015741,154 714 597,B01,1,1,3,1,1993,5,2,-1,-1,0,0,-1,202000015741,3,105,-1,NULL,2,2,0,4,(1),(1),3,NULL," -1",1,0,1,90
202000020065,13,11,2020,15:40:00,1,75,75118,2,4,1,3,"BOULEVARD ORNANO","48,8936620","2,3479490",202000020065,154 706 896,A01,1,1,0,2,3,19,5,NULL,202000020065,154 706 895,B01,1,1,1,1,1952,9,1,0,-1,0,0,-1,202000020065,4,NULL,0,NULL,2,4,0,1,0,0,1,NULL," -1",1,0,1,50
202000020065,13,11,2020,15:40:00,1,75,75118,2,4,1,3,"BOULEVARD ORNANO","48,8936620","2,3479490",202000020065,154 706 896,A01,1,1,0,2,3,19,5,NULL,202000020065,154 706 896,A01,1,1,4,1,1999,9,2,0,-1,0,0,-1,202000020065,4,NULL,0,NULL,2,4,0,1,0,0,1,NULL," -1",1,0,1,50