Num_Acc,jour,mois,an,hrmn,lum,dep,com,agg,int,atm,col,adr,lat,long,Num_Acc,id_vehicule,num_veh,senc,catv,obs,obsm,choc,manv,motor,occutc,Num_Acc,id_vehicule,num_veh,place,catu,grav,sexe,an_nais,trajet,secu1,secu2,secu3,locp,actp,etatp,Num_Acc,catr,voie,v1,v2,circ,nbv,vosp,prof,pr,pr1,plan,lartpc,larrout,surf,infra,situ,vma
202000020270,27,4,2020,13:00:00,1,45,45169,2,1,1,1,"Avenue Georges Pompidou","47,9022400","1,8592000",202000020270,154 706 549,B01,3,1,0,2,3,25,5,NULL,202000020270,154 706 548,A01,1,1,1,1,1975,0,1,0,-1,0,0,-1,202000020270,4,NULL,0,NULL,3,4,0,1,(1),(1),1,NULL," -1",1,0,4,50
202000020270,27,4,2020,13:00:00,1,45,45169,2,1,1,1,"Avenue Georges Pompidou","47,9022400","1,8592000",202000020270,154 706 549,B01,3,1,0,2,3,25,5,NULL,202000020270,154 706 549,B01,1,1,4,1,1974,0,0,-1,-1,0,0,-1,202000020270,4,NULL,0,NULL,3,4,0,1,(1),(1),1,NULL," -1",1,0,4,50
202000021258,8,6,2020,21:52:00,2,67,67482,2,8,1,3,"VICTOIRE (BOULEVARD DE LA)","48,5840750","7,7590600",202000021258,154 704 812,A01,1,1,0,4,1,19,5,NULL,202000021258,154 704 811,B01,1,1,1,1,1982,4,8,0,-1,-1," -1",-1,202000021258,4,NULL,0,NULL,3,4,3,1,0,0,1,NULL," -1",1,4,5,50
202000021258,8,6,2020,21:52:00,2,67,67482,2,8,1,3,"VICTOIRE (BOULEVARD DE LA)","48,5840750","7,7590600",202000021258,154 704 812,A01,1,1,0,4,1,19,5,NULL,202000021258,154 704 812,A01,1,1,4,2,1984,0,8,0,-1,-1," -1",-1,202000021258,4,NULL,0,NULL,3,4,3,1,0,0,1,NULL," -1",1,4,5,50
202000022308,20,4,2020,12:31:00,1,69,69256,2,1,1,-1,"JEAN MARIE MERLE                    (R )","45,7780200","4,9103000",202000022308,154 702 976,B01,3,1,1,0,1,1,5,NULL,202000022308,154 702 975,A01,1,1,1,1,1996,0,1,0,-1,-1," -1",-1,202000022308,4,"JEAN MARIE MERLE                    (R )",0,NULL,2,2,0,1,(1),(1),1,NULL," -1",1,0,1,50
202000022308,20,4,2020,12:31:00,1,69,69256,2,1,1,-1,"JEAN MARIE MERLE                    (R )","45,7780200","4,9103000",202000022308,154 702 976,B01,3,1,1,0,1,1,5,NULL,202000022308,154 702 976,B01,1,1,4,1,2004,0,8,0,-1,-1," -1",-1,202000022308,4,"JEAN MARIE MERLE                    (R )",0,NULL,2,2,0,1,(1),(1),1,NULL," -1",1,0,1,50
202000022684,8,7,2020,09:30:00,1,56,56121,2,6,1,7,"KERGUESTENEN (RUE  DE )","47,7484500"," -3,3962600",202000022684,154 702 304,A01,1,1,0,0,8,26,5,NULL,202000022684,154 702 304,A01,1,1,3,1,1951,5,2,8,-1,-1," -1",-1,202000022684,4,"KERGUESTENEN (RUE  DE )",0,NULL,2,2,0,1,0,0,1,NULL," -1",1,0,1,30
202000022790,21,2,2020,14:20:00,1,18,18138,1,3,1,3,"La Petite Riviere","47,1074970","2,2481470",202000022790,154 702 132,B01,3,1,0,2,8,19,5,NULL,202000022790,154 702 131,A01,1,1,1,1,1985,5,1,-1,-1,0,0,-1,202000022790,3,107,0,NULL,2,2,0,4,13,850,2,NULL," -1",1,0,1,80
202000022790,21,2,2020,14:20:00,1,18,18138,1,3,1,3,"La Petite Riviere","47,1074970","2,2481470",202000022790,154 702 132,B01,3,1,0,2,8,19,5,NULL,202000022790,154 702 132,B01,1,1,3,1,1949,5,2,-1,-1,0,0,-1,202000022790,3,107,0,NULL,2,2,0,4,13,850,2,NULL," -1",1,0,1,80
202000022939,8,9,2020,17:00:00,1,69,69259,2,6,7,3,"LOUISE MICHEL                       (R )","45,7281039","4,8574833",202000022939,154 701 869,B01,3,1,0,2,0,0,5,NULL,202000022939,154 701 869,B01,1,1,4,1,1994,9,8,0,-1,-1," -1",-1,202000022939,4,"LOUISE MICHEL                       (R )",0,NULL,4,4,0,1,45,728,2,NULL," -1",1,5,1,50
202000022939,8,9,2020,17:00:00,1,69,69259,2,6,7,3,"LOUISE MICHEL                       (R )","45,7281039","4,8574833",202000022939,154 701 869,B01,3,1,0,2,0,0,5,NULL,202000022939,154 701 870,A01,1,1,1,1,1990,9,1,0,-1,-1," -1",-1,202000022939,4,"LOUISE MICHEL                       (R )",0,NULL,4,4,0,1,45,728,2,NULL," -1",1,5,1,50
202000023067,9,9,2020,17:17:00,1,68,68058,1,9,1,3,D430,"47,9236620","7,1972680",202000023067,154 701 646,B01,1,1,0,0,7,19,5,NULL,202000023067,154 701 645,A01,1,1,1,1,1984,1,1,-1,-1,0,0,-1,202000023067,3,430,-1,NULL,2,2,1,1,32,800,1,NULL," -1",1,0,1,80
202000023067,9,9,2020,17:17:00,1,68,68058,1,9,1,3,D430,"47,9236620","7,1972680",202000023067,154 701 646,B01,1,1,0,0,7,19,5,NULL,202000023067,154 701 646,B01,1,1,4,1,2007,2,2,-1,-1,0,0,-1,202000023067,3,430,-1,NULL,2,2,1,1,32,800,1,NULL," -1",1,0,1,80
202000023344,8,6,2020,15:15:00,1,75,75104,2,3,1,7,"RUE DE RIVOLI","48,8550650","2,3616770",202000023344,154 701 158,A01,1,1,14,0,0,12,5,NULL,202000023344,154 701 158,A01,1,1,4,1,1965,1,8,0,-1,0,0,-1,202000023344,4,NULL,0,NULL,1,4,1,1,0,0,1,NULL," -1",1,0,1,30
202000028092,16,1,2020,10:27:00,1,57,57463,2,1,1,3,"CAMBOUT (RUE DU )","49,1146000","6,1800900",202000028092,154 692 875,B01,1,1,0,2,1,1,5,NULL,202000028092,154 692 875,B01,1,1,4,2,1943,0,8,0,-1,0,0,-1,202000028092,9,"CAMBOUT (RUE DU )",0,NULL,1,1,0,1,0,0,1,NULL," -1",1,0,1,20
202000028092,16,1,2020,10:27:00,1,57,57463,2,1,1,3,"CAMBOUT (RUE DU )","49,1146000","6,1800900",202000028092,154 692 875,B01,1,1,0,2,1,1,5,NULL,202000028092,154 692 876,A01,1,1,1,2,1960,0,1,0,-1,-1," -1",-1,202000028092,9,"CAMBOUT (RUE DU )",0,NULL,1,1,0,1,0,0,1,NULL," -1",1,0,1,20
202000029302,3,11,2020,19:10:00,5,94,94046,2,1,1,2,"FOCH (AV)","48,8156180","2,4409180",202000029302,154 690 750,B01,1,1,0,2,3,1,5,NULL,202000029302,154 690 749,A01,1,1,1,1,1996,0,1,0,-1,-1," -1",-1,202000029302,4,"FOCH (AV)",0,NULL,2,2,0,1,0,1,1,NULL," -1",1,0,1,30
202000029302,3,11,2020,19:10:00,5,94,94046,2,1,1,2,"FOCH (AV)","48,8156180","2,4409180",202000029302,154 690 750,B01,1,1,0,2,3,1,5,NULL,202000029302,154 690 750,B01,1,1,4,2,2004,0,0,-1,-1,0,0,-1,202000029302,4,"FOCH (AV)",0,NULL,2,2,0,1,0,1,1,NULL," -1",1,0,1,30
202000030549,14,2,2020,23:45:00,5,13,13001,2,2,1,3,"NOSTRADAMUS (RUE)","43,5320900","5,4555300",202000030549,154 688 579,A01,1,1,0,2,1,1,5,NULL,202000030549,154 688 578,B01,1,1,1,1,1970,0,1,8,-1,-1," -1",-1,202000030549,3,NULL,0,NULL,2,2,0,1,0,0,1,NULL," -1",1,0,1,50
202000030549,14,2,2020,23:45:00,5,13,13001,2,2,1,3,"NOSTRADAMUS (RUE)","43,5320900","5,4555300",202000030549,154 688 579,A01,1,1,0,2,1,1,5,NULL,202000030549,154 688 579,A01,1,1,4,1,1985,0,8,0,-1,-1," -1",-1,202000030549,3,NULL,0,NULL,2,2,0,1,0,0,1,NULL," -1",1,0,1,50
202000030985,30,10,2020,16:25:00,1,91,91216,2,1,1,7,"CD 257","48,6732000","2,3352700",202000030985,154 687 868,A01,3,1,15,0,0,25,5,NULL,202000030985,154 687 868,A01,1,1,4,2,2000,5,8,0,-1,-1," -1",-1,202000030985,3,257,0,NULL,2,2,0,1,0,0,1,NULL," -1",1,0,4,50
202000034004,11,1,2020,10:20:00,1,64,64445,2,6,1,3,"DROITS DE L' HOMME DES","43,3130400"," -0,3689600",202000034004,154 682 674,B01,3,1,0,2,4,1,5,NULL,202000034004,154 682 673,A01,1,1,1,1,1962,5,1,8,-1,-1," -1",-1,202000034004,4,NULL,0,NULL,1,2,0,1,0,0,2,NULL," -1",1,5,1,50
202000034004,11,1,2020,10:20:00,1,64,64445,2,6,1,3,"DROITS DE L' HOMME DES","43,3130400"," -0,3689600",202000034004,154 682 674,B01,3,1,0,2,4,1,5,NULL,202000034004,154 682 674,B01,1,1,4,1,1951,5,2,8,-1,-1," -1",-1,202000034004,4,NULL,0,NULL,1,2,0,1,0,0,2,NULL," -1",1,5,1,50
202000037064,27,5,2020,12:20:00,1,94,94041,2,1,1,3,"PAUL VAILLANT COUTURIER (BD)","48,8191300","2,3966900",202000037064,154 677 232,B01,1,1,0,2,1,1,5,NULL,202000037064,154 677 231,A01,1,1,1,1,1964,0,1,0,-1,-1," -1",-1,202000037064,3,"PAUL VAILLANT COUTURIER (BD)",0,NULL,2,4,3,1,0,0,1,NULL," -1",1,0,6,50
202000037064,27,5,2020,12:20:00,1,94,94041,2,1,1,3,"PAUL VAILLANT COUTURIER (BD)","48,8191300","2,3966900",202000037064,154 677 232,B01,1,1,0,2,1,1,5,NULL,202000037064,154 677 232,B01,1,1,4,1,1983,1,2,0,-1,-1," -1",-1,202000037064,3,"PAUL VAILLANT COUTURIER (BD)",0,NULL,2,4,3,1,0,0,1,NULL," -1",1,0,6,50
202000040037,24,10,2020,12:05:00,1,69,69386,2,2,1,3,"JEAN BROQUIN                        (R )","45,7682000","4,8631900",202000040037,154 672 017,B01,2,1,0,2,1,1,5,NULL,202000040037,154 672 017,B01,1,1,4,1,1990,0,8,0,-1,-1," -1",-1,202000040037,4,NULL,0,NULL,2,2,0,1,0,0,1,NULL," -1",1,0,1,50
202000040037,24,10,2020,12:05:00,1,69,69386,2,2,1,3,"JEAN BROQUIN                        (R )","45,7682000","4,8631900",202000040037,154 672 017,B01,2,1,0,2,1,1,5,NULL,202000040037,154 672 018,A01,1,1,1,2,1943,0,1,0,-1,-1," -1",-1,202000040037,4,NULL,0,NULL,2,2,0,1,0,0,1,NULL," -1",1,0,1,50
202000040723,8,2,2020,15:40:00,1,29,29115,1,2,1,1,"Lieu-dit Croas Ar Hars","48,2940870"," -3,9122270",202000040723,154 670 787,B01,2,1,0,2,8,1,5,NULL,202000040723,154 670 786,A01,1,1,1,1,1980,4,8,-1,-1,0,0,-1,202000040723,3,21,-1,NULL,2,2,0,1,18,930,1,NULL," -1",1,5,1,80
202000040723,8,2,2020,15:40:00,1,29,29115,1,2,1,1,"Lieu-dit Croas Ar Hars","48,2940870"," -3,9122270",202000040723,154 670 787,B01,2,1,0,2,8,1,5,NULL,202000040723,154 670 787,B01,1,1,2,1,2006,5,2,-1,-1,0,0,-1,202000040723,3,21,-1,NULL,2,2,0,1,18,930,1,NULL," -1",1,5,1,80
202000041004,24,9,2020,15:50:00,1,93,93001,2,1,2,2,"CHARRON (RUE)","48,9146136","2,3842933",202000041004,154 670 293,B01,1,1,1,2,4,1,5,NULL,202000041004,154 670 293,B01,1,1,4,1,1986,5,8,0,-1,-1," -1",-1,202000041004,4,NULL,0,NULL,2,2,0,1,0,0,1,NULL," -1",2,0,1,50
202000041004,24,9,2020,15:50:00,1,93,93001,2,1,2,2,"CHARRON (RUE)","48,9146136","2,3842933",202000041004,154 670 293,B01,1,1,1,2,4,1,5,NULL,202000041004,154 670 294,A01,1,1,1,1,1963,5,1,0,-1,-1," -1",-1,202000041004,4,NULL,0,NULL,2,2,0,1,0,0,1,NULL," -1",2,0,1,50
202000041726,23,6,2020,08:35:00,1,33,33281,2,1,1,3,"RUE DE STRASBOURG","44,8242800"," -0,6161900",202000041726,154 669 002,A01,2,1,1,0,7,1,5,NULL,202000041726,154 669 002,A01,1,1,3,2,1964,1,8,0,-1,-1," -1",-1,202000041726,4,"RUE DE STRASBOURG",0,NULL,2,2,0,2,(1),(1),1,NULL," -1",1,0,1,50
202000041726,23,6,2020,08:35:00,1,33,33281,2,1,1,3,"RUE DE STRASBOURG","44,8242800"," -0,6161900",202000041726,154 669 002,A01,2,1,1,0,7,1,5,NULL,202000041726,154 669 003,B01,1,1,1,1,1977,0,8,0,-1,-1," -1",-1,202000041726,4,"RUE DE STRASBOURG",0,NULL,2,2,0,2,(1),(1),1,NULL," -1",1,0,1,50
202000046950,19,10,2020,18:05:00,1,63,63113,2,1,1,2,"BIEN ASSIS (RUE DE)","45,7894700","3,0958000",202000046950,154 659 743,A01,1,1,0,0,0,26,5,NULL,202000046950,154 659 743,A01,1,1,4,1,1962,1,2,-1,-1,0,0,-1,202000046950,4,"BIEN ASSIS (RUE DE)",0,NULL,-1,2,0,1,(1),(1),1,NULL," -1",1,0,1,50
202000007262,17,9,2020,08:55:00,1,89,89418,2,2,1,1,"Rue Claude Aillot","47,8583030","3,9735160",202000007262,154 729 486,B01,3,1,0,2,1,1,5,NULL,202000007262,154 729 485,A01,1,1,1,2,1959,1,1,-1,-1,0,0,-1,202000007262,3,43,-1,NULL,2,2,0,1,42,765,1,NULL," -1",1,0,1,50
202000007262,17,9,2020,08:55:00,1,89,89418,2,2,1,1,"Rue Claude Aillot","47,8583030","3,9735160",202000007262,154 729 486,B01,3,1,0,2,1,1,5,NULL,202000007262,154 729 486,B01,1,1,4,1,1952,5,2,-1,-1,0,0,-1,202000007262,3,43,-1,NULL,2,2,0,1,42,765,1,NULL," -1",1,0,1,50
202000008253,20,8,2020,18:45:00,1,45,45182,2,1,1,2,"Rue du Docteur Pierre Segelle","47,6830430","1,7830410",202000008253,154 727 729,B01,1,1,0,0,6,2,5,NULL,202000008253,154 727 729,B01,1,1,4,1,2008,5,0,-1,-1,0,0,-1,202000008253,3,15,-1,NULL,2,2,0,1,22,680,1,NULL," -1",1,0,1,50
202000008253,20,8,2020,18:45:00,1,45,45182,2,1,1,2,"Rue du Docteur Pierre Segelle","47,6830430","1,7830410",202000008253,154 727 729,B01,1,1,0,0,6,2,5,NULL,202000008253,154 727 730,A01,1,1,1,1,1971,5,8,-1,-1,0,0,-1,202000008253,3,15,-1,NULL,2,2,0,1,22,680,1,NULL," -1",1,0,1,50
202000008808,16,5,2020,12:05:00,1,35,35112,1,3,1,3,"La Guiberdiere","48,3516860"," -1,1257550",202000008808,154 726 764,A01,3,1,0,2,3,15,5,NULL,202000008808,154 726 763,B01,1,1,1,2,1986,3,8,-1,-1,0,0,-1,202000008808,3,NULL,-1,NULL,2,2,0,2,(1),(1),1,NULL,4,1,0,1,80
202000008808,16,5,2020,12:05:00,1,35,35112,1,3,1,3,"La Guiberdiere","48,3516860"," -1,1257550",202000008808,154 726 764,A01,3,1,0,2,3,15,5,NULL,202000008808,154 726 764,A01,1,1,3,1,2007,5,2,-1,-1,0,0,-1,202000008808,3,NULL,-1,NULL,2,2,0,2,(1),(1),1,NULL,4,1,0,1,80
202000010124,18,8,2020,18:59:00,1,75,75120,2,2,1,4,"RUE DES PYRENEES","48,8526990","2,4061230",202000010124,154 724 439,A01,2,1,0,2,1,16,5,NULL,202000010124,154 724 439,A01,1,1,4,1,1989,5,8,0,-1,0,0,-1,202000010124,4,NULL,0,NULL,2,2,0,1,0,0,1,NULL," -1",1,0,1,30
202000010124,18,8,2020,18:59:00,1,75,75120,2,2,1,4,"RUE DES PYRENEES","48,8526990","2,4061230",202000010124,154 724 439,A01,2,1,0,2,1,16,5,NULL,202000010124,154 724 440,D01,1,1,1,2,1978,1,1,0,-1,0,0,-1,202000010124,4,NULL,0,NULL,2,2,0,1,0,0,1,NULL," -1",1,0,1,30
202000010124,18,8,2020,18:59:00,1,75,75120,2,2,1,4,"RUE DES PYRENEES","48,8526990","2,4061230",202000010124,154 724 439,A01,2,1,0,2,1,16,5,NULL,202000010124,154 724 441,B01,1,1,4,1,1997,5,2,6,-1,0,0,-1,202000010124,4,NULL,0,NULL,2,2,0,1,0,0,1,NULL," -1",1,0,1,30
202000010124,18,8,2020,18:59:00,1,75,75120,2,2,1,4,"RUE DES PYRENEES","48,8526990","2,4061230",202000010124,154 724 439,A01,2,1,0,2,1,16,5,NULL,202000010124,154 724 442,C01,1,1,1,1,1975,1,1,0,-1,0,0,-1,202000010124,4,NULL,0,NULL,2,2,0,1,0,0,1,NULL," -1",1,0,1,30
202000011886,12,10,2020,13:50:00,1,93,93051,2,1,1,3,"MEDERIC (AVENUE)","48,8303400","2,5847700",202000011886,154 721 350,MV01,0,1,0,2,1,1,5,NULL,202000011886,154 721 350,MV01,1,1,3,1,1981,5,2,-1,-1,-1," -1",-1,202000011886,3,"MEDERIC (AVENUE)",0,NULL,2,1,0,1,0,1,1,NULL," -1",1,0,1,50
202000011886,12,10,2020,13:50:00,1,93,93051,2,1,1,3,"MEDERIC (AVENUE)","48,8303400","2,5847700",202000011886,154 721 350,MV01,0,1,0,2,1,1,5,NULL,202000011886,154 721 352,A01,1,1,1,1,1983,5,1,0,-1,-1," -1",-1,202000011886,3,"MEDERIC (AVENUE)",0,NULL,2,1,0,1,0,1,1,NULL," -1",1,0,1,50
202000017609,8,10,2020,22:50:00,4,59,59350,1,1,1,2,"AUTOROUTE A25","50,6218570","3,0217730",202000017609,154 711 248,B01,1,1,0,2,4,2,5,NULL,202000017609,154 711 247,A01,1,1,1,1,1982,0,1,0,-1,0,0,-1,202000017609,1,25,0,NULL,3,8,0,1,0,750,1,NULL," -1",2,0,1,70
202000017609,8,10,2020,22:50:00,4,59,59350,1,1,1,2,"AUTOROUTE A25","50,6218570","3,0217730",202000017609,154 711 248,B01,1,1,0,2,4,2,5,NULL,202000017609,154 711 248,B01,1,1,2,1,2000,0,8,0,-1,-1," -1",-1,202000017609,1,25,0,NULL,3,8,0,1,0,750,1,NULL," -1",2,0,1,70
202000017699,10,8,2020,08:35:00,1,59,59017,2,3,7,3,"FAIDHERBE (BD )","50,6816550","2,8740610",202000017699,154 711 084,B01,1,1,0,2,1,1,5,NULL,202000017699,154 711 084,B01,1,1,4,2,1952,5,8,0,-1,-1," -1",-1,202000017699,4,"FAIDHERBE (BD )",0,NULL,2,2,2,2,0,0,2,NULL," -1",1,5,1,50
202000017699,10,8,2020,08:35:00,1,59,59017,2,3,7,3,"FAIDHERBE (BD )","50,6816550","2,8740610",202000017699,154 711 084,B01,1,1,0,2,1,1,5,NULL,202000017699,154 711 085,A01,1,1,1,2,1949,5,1,0,-1,-1," -1",-1,202000017699,4,"FAIDHERBE (BD )",0,NULL,2,2,2,2,0,0,2,NULL," -1",1,5,1,50
202000023272,28,5,2020,19:15:00,1,64,64445,2,1,1,7,"NOLIVOS DE","43,3040800"," -0,3765900",202000023272,154 701 290,A01,1,1,0,0,0,1,5,NULL,202000023272,154 701 290,A01,1,1,2,1,1945,5,8,0,-1,-1," -1",-1,202000023272,4,"NOLIVOS DE",0,NULL,1,1,0,1,0,0,1,NULL," -1",1,0,1,30
202000025433,6,11,2020,15:15:00,1,06,06027,2,9,1,2,"GRASSE AVENUE DE","43,6601000","7,1307380",202000025433,154 697 467,B01,3,1,0,2,4,16,5,NULL,202000025433,154 697 465,A01,1,1,1,1,1961,4,1,0,-1,-1," -1",-1,202000025433,7,"GRASSE AVENUE DE",0,NULL,1,0,0,1,0,0,1,NULL," -1",1,0,1,50
202000025433,6,11,2020,15:15:00,1,06,06027,2,9,1,2,"GRASSE AVENUE DE","43,6601000","7,1307380",202000025433,154 697 467,B01,3,1,0,2,4,16,5,NULL,202000025433,154 697 467,B01,1,1,4,1,1965,5,2,0,-1,-1," -1",-1,202000025433,7,"GRASSE AVENUE DE",0,NULL,1,0,0,1,0,0,1,NULL," -1",1,0,1,50
202000027671,5,6,2020,19:10:00,2,75,75120,2,2,1,3,"RUE DES PYRENEES","48,8576380","2,4039030",202000027671,154 693 612,A01,2,1,0,2,8,17,5,NULL,202000027671,154 693 612,A01,1,1,4,2,1993,5,8,0,-1,0,0,-1,202000027671,4,NULL,0,NULL,2,3,3,1,0,0,1,NULL," -1",1,0,1,50
202000027671,5,6,2020,19:10:00,2,75,75120,2,2,1,3,"RUE DES PYRENEES","48,8576380","2,4039030",202000027671,154 693 612,A01,2,1,0,2,8,17,5,NULL,202000027671,154 693 615,B01,1,1,1,1,1974,1,1,8,-1,0,0,-1,202000027671,4,NULL,0,NULL,2,3,3,1,0,0,1,NULL," -1",1,0,1,50
202000027767,6,6,2020,15:45:00,1,45,45247,1,3,1,3,"Rue de la Varenne - rue du pont de feuillet","48,0041179","2,6748758",202000027767,154 693 452,B01,3,1,0,0,1,1,5,NULL,202000027767,154 693 450,A01,1,1,1,1,1968,5,8,-1,-1,0,0,-1,202000027767,4,NULL,-1,NULL,2,2,0,1,(1),(1),1,NULL,7,1,0,1,80
202000027767,6,6,2020,15:45:00,1,45,45247,1,3,1,3,"Rue de la Varenne - rue du pont de feuillet","48,0041179","2,6748758",202000027767,154 693 452,B01,3,1,0,0,1,1,5,NULL,202000027767,154 693 450,A01,2,2,1,2,1964,5,8,-1,-1,0,0,-1,202000027767,4,NULL,-1,NULL,2,2,0,1,(1),(1),1,NULL,7,1,0,1,80
202000027767,6,6,2020,15:45:00,1,45,45247,1,3,1,3,"Rue de la Varenne - rue du pont de feuillet","48,0041179","2,6748758",202000027767,154 693 452,B01,3,1,0,0,1,1,5,NULL,202000027767,154 693 452,B01,1,1,3,1,1963,5,2,-1,-1,0,0,-1,202000027767,4,NULL,-1,NULL,2,2,0,1,(1),(1),1,NULL,7,1,0,1,80
202000028752,5,9,2020,17:00:00,1,94,94018,2,1,1,7,"GUERIN (R)","48,8239160","2,4157250",202000028752,154 691 686,A01,1,1,0,0,0,25,5,NULL,202000028752,154 691 686,A01,1,1,4,1,2008,5,8,0,-1,-1," -1",-1,202000028752,4,"GUERIN (R)",0,NULL,2,2,0,1,0,0,1,NULL," -1",1,0,4,30
202000029911,14,12,2020,09:20:00,1,93,93064,2,3,2,3,"A86 / AV DU GENERAL DE GAULLEFIN","48,8817700","2,4763000",202000029911,154 689 686,B01,0,1,0,2,8,1,6,NULL,202000029911,154 689 685,A01,1,1,1,1,1967,1,1,8,-1,-1," -1",-1,202000029911,1,"DE GAULLE (AV DU GENERAL) 58/49 - FIN",0,NULL,1,2,0,1,1,0,1,NULL," -1",2,0,1,50
202000029911,14,12,2020,09:20:00,1,93,93064,2,3,2,3,"A86 / AV DU GENERAL DE GAULLEFIN","48,8817700","2,4763000",202000029911,154 689 686,B01,0,1,0,2,8,1,6,NULL,202000029911,154 689 686,B01,1,1,4,1,1955,0,8,0,-1,-1," -1",-1,202000029911,1,"DE GAULLE (AV DU GENERAL) 58/49 - FIN",0,NULL,1,2,0,1,1,0,1,NULL," -1",2,0,1,50
202000030212,6,7,2020,17:50:00,1,75,75118,2,3,1,1,"RUE DE LA GOUTTE D OR","48,8850580","2,3513160",202000030212,154 689 146,B01,1,1,0,2,1,5,5,NULL,202000030212,154 689 145,A01,1,1,1,1,2000,9,8,0,-1,0,0,-1,202000030212,4,NULL,0,NULL,1,1,0,2,0,0,1,NULL," -1",1,0,1,30
202000030212,6,7,2020,17:50:00,1,75,75118,2,3,1,1,"RUE DE LA GOUTTE D OR","48,8850580","2,3513160",202000030212,154 689 146,B01,1,1,0,2,1,5,5,NULL,202000030212,154 689 146,B01,1,1,4,1,1978,9,8,0,-1,0,0,-1,202000030212,4,NULL,0,NULL,1,1,0,2,0,0,1,NULL," -1",1,0,1,30
202000030871,4,9,2020,14:05:00,1,75,75115,2,7,1,3,"RUE DE VAUGIRARD","48,8395830","2,3012910",202000030871,154 688 061,B01,2,1,0,2,1,1,5,NULL,202000030871,154 688 060,A01,1,1,1,1,1953,5,1,0,-1,0,0,-1,202000030871,4,NULL,0,NULL,4,3,1,1,0,0,1,NULL," -1",1,-1,5,50
202000030871,4,9,2020,14:05:00,1,75,75115,2,7,1,3,"RUE DE VAUGIRARD","48,8395830","2,3012910",202000030871,154 688 061,B01,2,1,0,2,1,1,5,NULL,202000030871,154 688 061,B01,1,1,4,1,1986,1,8,0,-1,0,0,-1,202000030871,4,NULL,0,NULL,4,3,1,1,0,0,1,NULL," -1",1,-1,5,50
202000031632,30,9,2020,14:45:00,1,75,75111,2,4,1,6,"BOULEVARD RICHARD LENOIR","48,8568260","2,3704930",202000031632,154 686 770,A01,2,1,0,1,1,1,5,NULL,202000031632,154 686 770,A01,10,3,4,2,1956,5,0,-1,-1,4,3,1,202000031632,4,NULL,0,NULL,1,3,1,1,0,0,1,NULL," -1",1,-1,5,50
202000031632,30,9,2020,14:45:00,1,75,75111,2,4,1,6,"BOULEVARD RICHARD LENOIR","48,8568260","2,3704930",202000031632,154 686 770,A01,2,1,0,1,1,1,5,NULL,202000031632,154 686 770,A01,1,1,1,1,2000,5,8,0,-1,0,0,-1,202000031632,4,NULL,0,NULL,1,3,1,1,0,0,1,NULL," -1",1,-1,5,50
202000033622,11,12,2020,07:00:00,5,50,50129,2,1,1,1,"ROUSSEAU (RUE WALDECK)","49,6273800"," -1,6375400",202000033622,154 683 329,A01,0,1,0,2,1,13,5,NULL,202000033622,154 683 329,A01,1,1,4,1,2009,2,0,0,-1,-1," -1",-1,202000033622,4,"ROUSSEAU (RUE WALDECK)",0,NULL,2,2,0,1,0,0,1,NULL," -1",2,0,1,50
202000033622,11,12,2020,07:00:00,5,50,50129,2,1,1,1,"ROUSSEAU (RUE WALDECK)","49,6273800"," -1,6375400",202000033622,154 683 329,A01,0,1,0,2,1,13,5,NULL,202000033622,154 683 331,B01,1,1,1,1,1973,5,1,0,-1,-1," -1",-1,202000033622,4,"ROUSSEAU (RUE WALDECK)",0,NULL,2,2,0,1,0,0,1,NULL," -1",2,0,1,50
202000034734,1,9,2020,14:20:00,1,69,69387,2,1,1,6,"GAMBETTA                            (CO)","45,7556400","4,8421000",202000034734,154 681 376,A01,1,1,0,1,1,1,5,NULL,202000034734,154 681 376,A01,1,1,1,1,1988,0,8,0,-1,-1," -1",-1,202000034734,4,NULL,0,NULL,1,1,1,1,0,0,1,NULL," -1",1,0,1,50
202000034734,1,9,2020,14:20:00,1,69,69387,2,1,1,6,"GAMBETTA                            (CO)","45,7556400","4,8421000",202000034734,154 681 376,A01,1,1,0,1,1,1,5,NULL,202000034734,154 681 376,A01,10,3,4,1,2009,0,0,-1,-1,3,3,1,202000034734,4,NULL,0,NULL,1,1,1,1,0,0,1,NULL," -1",1,0,1,50
202000035044,30,7,2020,15:40:00,1,91,91377,2,1,1,1,"JUIN (AVENUE DU MARECHAL)","48,7200300","2,2839900",202000035044,154 680 832,B01,3,1,0,2,3,19,5,NULL,202000035044,154 680 832,B01,1,1,4,1,2008,5,8,0,-1,-1," -1",-1,202000035044,3,59,0,NULL,2,2,0,1,0,0,1,NULL," -1",1,0,1,50
202000035044,30,7,2020,15:40:00,1,91,91377,2,1,1,1,"JUIN (AVENUE DU MARECHAL)","48,7200300","2,2839900",202000035044,154 680 832,B01,3,1,0,2,3,19,5,NULL,202000035044,154 680 833,A01,1,1,1,1,1983,4,1,8,-1,-1," -1",-1,202000035044,3,59,0,NULL,2,2,0,1,0,0,1,NULL," -1",1,0,1,50