Num_Acc,jour,mois,an,hrmn,lum,dep,com,agg,int,atm,col,adr,lat,long,Num_Acc,id_vehicule,num_veh,senc,catv,obs,obsm,choc,manv,motor,occutc,Num_Acc,id_vehicule,num_veh,place,catu,grav,sexe,an_nais,trajet,secu1,secu2,secu3,locp,actp,etatp,Num_Acc,catr,voie,v1,v2,circ,nbv,vosp,prof,pr,pr1,plan,lartpc,larrout,surf,infra,situ,vma
202000035424,1,6,2020,09:00:00,1,60,60346,2,6,1,1,"Rue des Marais","49,1533590","2,4291910",202000035424,154 680 166,B01,3,1,0,2,7,1,5,NULL,202000035424,154 680 158,A01,1,1,1,1,1949,3,1,-1,-1,0,0,-1,202000035424,4,"rue des marais",-1,NULL,1,1,0,1,(1),(1),2,NULL," -1",1,0,1,50
202000035424,1,6,2020,09:00:00,1,60,60346,2,6,1,1,"Rue des Marais","49,1533590","2,4291910",202000035424,154 680 166,B01,3,1,0,2,7,1,5,NULL,202000035424,154 680 166,B01,1,1,4,1,1949,3,0,-1,-1,0,0,-1,202000035424,4,"rue des marais",-1,NULL,1,1,0,1,(1),(1),2,NULL," -1",1,0,1,50
202000037626,27,9,2020,02:45:00,5,33,33063,2,1,1,2,"RUE DE LA BENAUGE","44,8403000"," -0,5557900",202000037626,154 676 236,A01,2,1,0,2,4,1,5,NULL,202000037626,154 676 236,A01,1,1,3,2,1981,0,8,0,-1,-1," -1",-1,202000037626,4,"RUE DE LA BENAUGE",0,NULL,2,2,0,1,(1),(1),1,NULL," -1",2,0,1,50
202000038570,9,2,2020,12:30:00,1,33,33063,2,8,1,3,"Quai de Bacalan","44,8567400"," -0,5616000",202000038570,154 674 577,B01,2,1,0,4,8,19,5,NULL,202000038570,154 674 577,B01,1,1,2,1,1967,5,8,-1,-1,-1," -1",-1,202000038570,4,"QUAI DE BACALAN",0,NULL,3,8,3,1,(1),(1),1,NULL," -1",1,4,6,50
202000038570,9,2,2020,12:30:00,1,33,33063,2,8,1,3,"Quai de Bacalan","44,8567400"," -0,5616000",202000038570,154 674 577,B01,2,1,0,4,8,19,5,NULL,202000038570,154 674 578,A01,1,1,1,1,1968,4,8,-1,-1,-1," -1",-1,202000038570,4,"QUAI DE BACALAN",0,NULL,3,8,3,1,(1),(1),1,NULL," -1",1,4,6,50
202000041177,6,1,2020,18:20:00,5,75,75102,2,2,1,6,"BOULEVARD DE SEBASTOPOL","48,8662310","2,3525315",202000041177,154 669 995,A01,1,1,0,1,1,1,5,NULL,202000041177,154 669 995,A01,1,1,4,1,1971,1,8,2,-1,0,0,-1,202000041177,4,NULL,0,NULL,2,4,1,1,0,0,1,NULL,12,1,5,5,50
202000041177,6,1,2020,18:20:00,5,75,75102,2,2,1,6,"BOULEVARD DE SEBASTOPOL","48,8662310","2,3525315",202000041177,154 669 995,A01,1,1,0,1,1,1,5,NULL,202000041177,154 669 995,A01,10,3,4,2,1996,5,0,-1,-1,4,3,1,202000041177,4,NULL,0,NULL,2,4,1,1,0,0,1,NULL,12,1,5,5,50
202000041547,26,5,2020,14:15:00,1,29,29232,1,6,1,2,"Rond Point du Loch","48,0122200"," -4,0775700",202000041547,154 669 315,B01,1,1,0,2,4,1,0,NULL,202000041547,154 669 314,A01,1,1,1,1,2001,2,1,0,-1,0,0,-1,202000041547,3,783,0,NULL,1,2,0,1,56,800,2,NULL,8,1,5,1,50
202000041547,26,5,2020,14:15:00,1,29,29232,1,6,1,2,"Rond Point du Loch","48,0122200"," -4,0775700",202000041547,154 669 315,B01,1,1,0,2,4,1,0,NULL,202000041547,154 669 315,B01,1,1,4,2,2002,5,2,0,-1,-1," -1",-1,202000041547,3,783,0,NULL,1,2,0,1,56,800,2,NULL,8,1,5,1,50
202000041626,26,6,2020,23:10:00,5,92,92036,2,2,1,3,"GRESILLONS (AVENUE DES) (103/139)","48,9176020","2,3081700",202000041626,154 669 178,A01,1,1,0,2,1,1,5,NULL,202000041626,154 669 178,A01,1,1,4,1,1985,0,2,0,-1,-1," -1",-1,202000041626,3,9,0,NULL,2,4,0,1,0,0,1,NULL," -1",1,0,1,50
202000041626,26,6,2020,23:10:00,5,92,92036,2,2,1,3,"GRESILLONS (AVENUE DES) (103/139)","48,9176020","2,3081700",202000041626,154 669 178,A01,1,1,0,2,1,1,5,NULL,202000041626,154 669 179,B01,1,1,1,1,1975,4,1,8,-1,-1," -1",-1,202000041626,3,9,0,NULL,2,4,0,1,0,0,1,NULL," -1",1,0,1,50
202000041941,23,10,2020,21:20:00,5,42,42187,2,1,1,2,"Rue Alexandre Raffin","46,0318000","4,0673800",202000041941,154 668 624,B01,3,1,0,2,6,2,5,NULL,202000041941,154 668 624,B01,1,1,4,1,2002,0,8,0,-1,-1," -1",-1,202000041941,6,NULL,0,NULL,-1,-1,0,2,(1),(1),1,NULL," -1",1,0,1,50
202000041941,23,10,2020,21:20:00,5,42,42187,2,1,1,2,"Rue Alexandre Raffin","46,0318000","4,0673800",202000041941,154 668 624,B01,3,1,0,2,6,2,5,NULL,202000041941,154 668 625,A01,1,1,1,1,1999,5,1,0,-1,-1," -1",-1,202000041941,6,NULL,0,NULL,-1,-1,0,2,(1),(1),1,NULL," -1",1,0,1,50
202000043376,21,5,2020,14:09:00,1,69,69256,2,6,1,1,"MARCEL CACHIN                       (AV)","45,7805606","4,9455588",202000043376,154 666 008,B01,2,1,0,2,3,1,5,NULL,202000043376,154 666 007,A01,2,2,1,1,1992,5,1,0,-1,-1," -1",-1,202000043376,3,55,0,NULL,-1,2,1,1,0,1,2,NULL," -1",1,0,1,50
202000043376,21,5,2020,14:09:00,1,69,69256,2,6,1,1,"MARCEL CACHIN                       (AV)","45,7805606","4,9455588",202000043376,154 666 008,B01,2,1,0,2,3,1,5,NULL,202000043376,154 666 007,A01,1,1,1,1,1995,5,1,0,-1,-1," -1",-1,202000043376,3,55,0,NULL,-1,2,1,1,0,1,2,NULL," -1",1,0,1,50
202000043376,21,5,2020,14:09:00,1,69,69256,2,6,1,1,"MARCEL CACHIN                       (AV)","45,7805606","4,9455588",202000043376,154 666 008,B01,2,1,0,2,3,1,5,NULL,202000043376,154 666 008,B01,1,1,3,1,1948,5,8,0,-1,-1," -1",-1,202000043376,3,55,0,NULL,-1,2,1,1,0,1,2,NULL," -1",1,0,1,50
202000045670,23,7,2020,11:35:00,1,85,85194,2,2,1,3,"RUE JACQUES BREL","46,5045000"," -1,7276000",202000045670,154 662 017,B01,3,1,0,2,1,1,5,NULL,202000045670,154 662 015,A01,1,1,1,1,1951,5,1,8,-1,-1," -1",-1,202000045670,4,"RUE JACQUES BREL",0,NULL,2,2,0,1,0,0,1,NULL," -1",1,0,1,50
202000045670,23,7,2020,11:35:00,1,85,85194,2,2,1,3,"RUE JACQUES BREL","46,5045000"," -1,7276000",202000045670,154 662 017,B01,3,1,0,2,1,1,5,NULL,202000045670,154 662 017,B01,1,1,3,1,1937,3,8,0,-1,-1," -1",-1,202000045670,4,"RUE JACQUES BREL",0,NULL,2,2,0,1,0,0,1,NULL," -1",1,0,1,50
202000045981,6,8,2020,11:00:00,1,44,44036,2,9,1,3,"Rue Pasteur","47,7186380"," -1,3739390",202000045981,154 661 460,B01,0,1,0,2,8,1,5,NULL,202000045981,154 661 459,A01,1,1,1,2,1959,1,1,-1,-1,0,0,-1,202000045981,4,D34,-1,NULL,3,2,0,2,(1),(1),1,NULL," -1",1,0,1,30
202000045981,6,8,2020,11:00:00,1,44,44036,2,9,1,3,"Rue Pasteur","47,7186380"," -1,3739390",202000045981,154 661 460,B01,0,1,0,2,8,1,5,NULL,202000045981,154 661 460,B01,1,1,3,1,1946,5,0,-1,-1,0,0,-1,202000045981,4,D34,-1,NULL,3,2,0,2,(1),(1),1,NULL," -1",1,0,1,30
202000046965,5,10,2020,22:15:00,5,59,59350,2,3,1,3,"SOLFERINO RUE N°2 - 108","50,6321100","3,0531800",202000046965,154 659 732,B01,3,1,0,2,3,2,5,NULL,202000046965,154 659 730,A01,1,1,1,1,1967,5,1,0,-1,-1," -1",-1,202000046965,4,"SOLFERINO RUE N°2 - 108",0,NULL,2,2,2,1,0,0,1,NULL," -1",1,0,1,50
202000046965,5,10,2020,22:15:00,5,59,59350,2,3,1,3,"SOLFERINO RUE N°2 - 108","50,6321100","3,0531800",202000046965,154 659 732,B01,3,1,0,2,3,2,5,NULL,202000046965,154 659 732,B01,1,1,4,1,1996,5,8,0,-1,-1," -1",-1,202000046965,4,"SOLFERINO RUE N°2 - 108",0,NULL,2,2,2,1,0,0,1,NULL," -1",1,0,1,50
202000047202,25,8,2020,15:45:00,1,75,75112,2,2,1,3,"RUE TAINE","48,8373080","2,3912080",202000047202,154 659 309,B01,2,1,0,2,7,1,5,NULL,202000047202,154 659 305,A01,1,1,1,1,1985,1,1,0,-1,0,0,-1,202000047202,4,NULL,0,NULL,2,2,0,1,0,0,1,NULL," -1",1,0,1,50
202000047202,25,8,2020,15:45:00,1,75,75112,2,2,1,3,"RUE TAINE","48,8373080","2,3912080",202000047202,154 659 309,B01,2,1,0,2,7,1,5,NULL,202000047202,154 659 309,B01,1,1,4,1,2002,5,8,0,-1,0,0,-1,202000047202,4,NULL,0,NULL,2,2,0,1,0,0,1,NULL," -1",1,0,1,50
202000006741,17,5,2020,14:45:00,1,56,56260,2,1,1,3,"STALINGRAD(PLACE DE)","47,6586900"," -2,7482900",202000006741,154 730 398,B01,3,1,0,2,2,15,5,NULL,202000006741,154 730 397,A01,1,1,1,2,1976,5,1,0,-1,-1," -1",-1,202000006741,4,NULL,0,NULL,2,2,0,1,0,0,1,NULL," -1",1,0,1,50
202000006741,17,5,2020,14:45:00,1,56,56260,2,1,1,3,"STALINGRAD(PLACE DE)","47,6586900"," -2,7482900",202000006741,154 730 398,B01,3,1,0,2,2,15,5,NULL,202000006741,154 730 398,B01,1,1,4,1,2006,5,2,0,-1,-1," -1",-1,202000006741,4,NULL,0,NULL,2,2,0,1,0,0,1,NULL," -1",1,0,1,50
202000007151,16,9,2020,17:08:00,1,74,74012,2,1,1,2,"ETREMBIERES (ROUTE D')","46,1879600","6,2324400",202000007151,154 729 685,A01,1,1,0,2,1,1,5,NULL,202000007151,154 729 684,B01,1,1,1,1,1979,0,8,8,-1,-1," -1",-1,202000007151,3,"ETREMBIERES (ROUTE D')",0,NULL,2,3,0,2,31,320,1,NULL," -1",1,0,1,50
202000007151,16,9,2020,17:08:00,1,74,74012,2,1,1,2,"ETREMBIERES (ROUTE D')","46,1879600","6,2324400",202000007151,154 729 685,A01,1,1,0,2,1,1,5,NULL,202000007151,154 729 685,A01,1,1,4,1,1980,0,2,8,-1,-1," -1",-1,202000007151,3,"ETREMBIERES (ROUTE D')",0,NULL,2,3,0,2,31,320,1,NULL," -1",1,0,1,50
202000007550,11,7,2020,02:25:00,5,54,54395,2,1,1,3,"FOUCAULD (RUE CHARLES DE)","48,7016606","6,1831623",202000007550,154 728 962,B01,1,1,0,2,8,1,0,NULL,202000007550,154 728 962,B01,1,1,4,1,1977,1,8,0,-1,-1," -1",-1,202000007550,4,NULL,0,NULL,1,2,0,1,(1),(1),1,NULL," -1",1,0,1,50
202000008415,23,12,2020,19:50:00,3,33,33063,2,2,2,3,"RUE DE SEM","44,8412000"," -0,5619200",202000008415,154 727 445,A01,0,1,0,2,0,0,5,NULL,202000008415,154 727 445,A01,1,1,4,1,1958,0,8,-1,-1,-1," -1",-1,202000008415,4,"RUE DE SEM",0,NULL,2,4,2,1,(1),(1),3,NULL," -1",2,0,8,50
202000008742,14,5,2020,19:13:00,1,49,49007,2,1,1,7,"GAULLE BOULEVARD CHARLES DE","47,4687400"," -0,5590700",202000008742,154 726 883,A01,1,1,0,0,0,0,5,NULL,202000008742,154 726 883,A01,1,1,3,1,2002,5,2,8,-1,-1," -1",-1,202000008742,4,"GAULLE BOULEVARD CHARLES DE",0,NULL,2,2,0,1,0,0,1,NULL," -1",1,0,1,60
202000013156,16,7,2020,18:30:00,1,75,75109,2,7,1,6,"RUE DE BRUXELLES","48,8830580","2,3294130",202000013156,154 719 160,A01,1,1,0,1,1,1,5,NULL,202000013156,154 719 160,A01,10,3,4,1,2015,5,0,-1,-1,2,5,2,202000013156,4,NULL,0,NULL,2,2,1,1,0,0,1,NULL," -1",1,-1,5,30
202000013156,16,7,2020,18:30:00,1,75,75109,2,7,1,6,"RUE DE BRUXELLES","48,8830580","2,3294130",202000013156,154 719 160,A01,1,1,0,1,1,1,5,NULL,202000013156,154 719 160,A01,1,1,1,2,1985,5,2,8,-1,0,0,-1,202000013156,4,NULL,0,NULL,2,2,1,1,0,0,1,NULL," -1",1,-1,5,30
202000013799,14,8,2020,13:10:00,1,75,75104,2,3,1,7,"RUE SAINT ANTOINE","48,8533840","2,3676490",202000013799,154 718 004,A01,1,1,0,0,0,15,5,NULL,202000013799,154 718 004,A01,1,1,4,2,1982,9,2,0,-1,0,0,-1,202000013799,4,NULL,0,NULL,2,4,1,2,0,0,1,NULL," -1",1,-1,5,50
202000017170,11,9,2020,19:56:00,2,33,33529,2,1,1,3,"LESCA (RUE ANDRE)","44,6375400"," -1,1351100",202000017170,154 712 044,B01,1,1,0,2,8,17,5,NULL,202000017170,154 712 044,B01,1,1,4,1,1979,1,8,8,-1,-1," -1",-1,202000017170,4,"LESCA (RUE ANDRE)",0,NULL,2,-1,0,1,(1),(1),1,NULL," -1",1,9,1,50
202000017170,11,9,2020,19:56:00,2,33,33529,2,1,1,3,"LESCA (RUE ANDRE)","44,6375400"," -1,1351100",202000017170,154 712 044,B01,1,1,0,2,8,17,5,NULL,202000017170,154 712 045,A01,1,1,1,2,1970,0,8,0,-1,-1," -1",-1,202000017170,4,"LESCA (RUE ANDRE)",0,NULL,2,-1,0,1,(1),(1),1,NULL," -1",1,9,1,50
202000021253,9,6,2020,15:20:00,1,83,83137,2,1,1,3,"VINCENT (AVE EMILE)","43,1301000","5,9267600",202000021253,154 704 821,B01,3,1,0,2,8,0,5,NULL,202000021253,154 704 821,B01,1,1,4,1,2008,0,2,8,-1,-1," -1",-1,202000021253,4,NC,0,NULL,-1,2,0,1,0,0,3,NULL," -1",1,6,1,50
202000021253,9,6,2020,15:20:00,1,83,83137,2,1,1,3,"VINCENT (AVE EMILE)","43,1301000","5,9267600",202000021253,154 704 821,B01,3,1,0,2,8,0,5,NULL,202000021253,154 704 822,A01,1,1,1,1,1986,0,1,0,-1,-1," -1",-1,202000021253,4,NC,0,NULL,-1,2,0,1,0,0,3,NULL," -1",1,6,1,50
202000021466,9,8,2020,12:10:00,1,63,63178,2,2,1,3,"Avenue Ernest d'Hauterive","45,5387670","3,2440570",202000021466,154 704 432,B01,1,1,0,2,1,1,6,NULL,202000021466,154 704 432,B01,1,1,3,2,1980,5,2,-1,-1,0,0,-1,202000021466,3,909,-1,NULL,2,2,1,1,(1),(1),1,NULL," -1",1,5,5,50
202000021466,9,8,2020,12:10:00,1,63,63178,2,2,1,3,"Avenue Ernest d'Hauterive","45,5387670","3,2440570",202000021466,154 704 432,B01,1,1,0,2,1,1,6,NULL,202000021466,154 704 433,A01,1,1,1,1,1935,9,1,-1,-1,0,0,-1,202000021466,3,909,-1,NULL,2,2,1,1,(1),(1),1,NULL," -1",1,5,5,50
202000021666,10,9,2020,06:00:00,1,987,98733,1,9,1,1,"vallée de Orofero"," -17,6884280"," -149,5781490",202000021666,154 704 087,B01,3,1,0,2,1,1,5,NULL,202000021666,154 704 086,A01,1,1,3,1,1998,0,2,-1,-1,0,0,-1,202000021666,4,NULL,-1,NULL,2,2,0,1,(1),(1),1,NULL," -1",1,0,1,50
202000021666,10,9,2020,06:00:00,1,987,98733,1,9,1,1,"vallée de Orofero"," -17,6884280"," -149,5781490",202000021666,154 704 087,B01,3,1,0,2,1,1,5,NULL,202000021666,154 704 087,B01,1,1,3,1,1991,1,0,-1,-1,0,0,-1,202000021666,4,NULL,-1,NULL,2,2,0,1,(1),(1),1,NULL," -1",1,0,1,50
202000021875,9,11,2020,19:45:00,2,54,54526,2,1,1,3,"MILLENAIRE (BOULEVARD DU)","48,6803800","6,2131500",202000021875,154 703 731,B01,3,1,0,2,0,1,5,NULL,202000021875,154 703 731,B01,1,1,4,1,1992,0,8,0,-1,-1," -1",-1,202000021875,4,NULL,0,NULL,2,2,1,1,(1),(1),1,NULL," -1",1,0,5,50
202000021875,9,11,2020,19:45:00,2,54,54526,2,1,1,3,"MILLENAIRE (BOULEVARD DU)","48,6803800","6,2131500",202000021875,154 703 731,B01,3,1,0,2,0,1,5,NULL,202000021875,154 703 732,A01,1,1,1,1,2004,0,2,0,-1,0,0,-1,202000021875,4,NULL,0,NULL,2,2,1,1,(1),(1),1,NULL," -1",1,0,5,50
202000022218,22,4,2020,14:25:00,1,75,75120,2,3,1,7,"RUE DE MENILMONTANT","48,8680280","2,3870290",202000022218,154 703 122,A01,2,1,0,0,0,1,5,NULL,202000022218,154 703 122,A01,2,2,4,1,2013,5,2,0,-1,0,0,-1,202000022218,4,NULL,0,NULL,2,2,0,2,0,0,1,NULL," -1",1,0,1,50
202000022218,22,4,2020,14:25:00,1,75,75120,2,3,1,7,"RUE DE MENILMONTANT","48,8680280","2,3870290",202000022218,154 703 122,A01,2,1,0,0,0,1,5,NULL,202000022218,154 703 122,A01,1,1,4,1,1980,5,2,0,-1,0,0,-1,202000022218,4,NULL,0,NULL,2,2,0,2,0,0,1,NULL," -1",1,0,1,50
202000022936,8,9,2020,07:00:00,1,973,97302,2,9,1,3,"MANGO (ROUTE)","4,9304771"," -52,3162508",202000022936,154 701 876,B01,1,1,0,2,7,1,6,NULL,202000022936,154 701 875,A01,1,1,1,1,1981,0,1,0,-1,-1," -1",-1,202000022936,4,"Route de Mango",0,NULL,2,1,0,2,(1),(1),1,NULL," -1",1,0,1,50
202000022936,8,9,2020,07:00:00,1,973,97302,2,9,1,3,"MANGO (ROUTE)","4,9304771"," -52,3162508",202000022936,154 701 876,B01,1,1,0,2,7,1,6,NULL,202000022936,154 701 876,B01,1,1,1,1,2002,0,8,0,-1,-1," -1",-1,202000022936,4,"Route de Mango",0,NULL,2,1,0,2,(1),(1),1,NULL," -1",1,0,1,50
202000022936,8,9,2020,07:00:00,1,973,97302,2,9,1,3,"MANGO (ROUTE)","4,9304771"," -52,3162508",202000022936,154 701 876,B01,1,1,0,2,7,1,6,NULL,202000022936,154 701 876,B01,2,2,4,2,2005,0,8,0,-1,-1," -1",-1,202000022936,4,"Route de Mango",0,NULL,2,1,0,2,(1),(1),1,NULL," -1",1,0,1,50
202000024122,18,4,2020,18:30:00,1,51,51573,2,6,1,-1,"Place Charles de Gaulle","49,2472868","3,9992586",202000024122,154 699 790,B01,1,1,0,0,8,2,5,NULL,202000024122,154 699 790,B01,1,1,4,2,1981,9,8,-1,-1,-1," -1",-1,202000024122,3,980,0,NULL,2,2,0,4,34,860,1,NULL," -1",1,0,1,30
202000024122,18,4,2020,18:30:00,1,51,51573,2,6,1,-1,"Place Charles de Gaulle","49,2472868","3,9992586",202000024122,154 699 790,B01,1,1,0,0,8,2,5,NULL,202000024122,154 699 791,A01,1,1,1,1,1964,3,1,-1,-1,-1," -1",-1,202000024122,3,980,0,NULL,2,2,0,4,34,860,1,NULL," -1",1,0,1,30
202000024460,9,7,2020,16:15:00,1,75,75114,2,2,1,3,"RUE MONTBRUN","48,8288870","2,3300630",202000024460,154 699 216,B01,0,1,0,2,7,16,5,NULL,202000024460,154 699 216,B01,1,1,4,2,1994,1,2,0,-1,0,0,-1,202000024460,4,NULL,0,NULL,2,2,0,1,0,0,1,NULL," -1",1,0,1,30
202000024460,9,7,2020,16:15:00,1,75,75114,2,2,1,3,"RUE MONTBRUN","48,8288870","2,3300630",202000024460,154 699 216,B01,0,1,0,2,7,16,5,NULL,202000024460,154 699 217,A01,1,1,1,1,1968,5,1,0,-1,0,0,-1,202000024460,4,NULL,0,NULL,2,2,0,1,0,0,1,NULL," -1",1,0,1,30
202000026541,17,2,2020,22:15:00,5,51,51108,2,1,1,3,"Parking Carrefour Croix Dampière","48,9432465","4,3857693",202000026541,154 695 555,B01,3,1,0,2,2,1,5,NULL,202000026541,154 695 554,A01,1,1,1,1,1999,5,1,-1,-1,-1," -1",-1,202000026541,6,NULL,0,NULL,-1,-1,0,1,0,0,1,NULL," -1",1,0,1,50
202000026541,17,2,2020,22:15:00,5,51,51108,2,1,1,3,"Parking Carrefour Croix Dampière","48,9432465","4,3857693",202000026541,154 695 555,B01,3,1,0,2,2,1,5,NULL,202000026541,154 695 555,B01,1,1,4,1,1999,1,0,-1,-1,-1," -1",-1,202000026541,6,NULL,0,NULL,-1,-1,0,1,0,0,1,NULL," -1",1,0,1,50
202000026759,8,9,2020,09:25:00,1,48,48009,1,3,1,3,"D809 PK18+200","44,7417340","3,2876910",202000026759,154 695 175,B01,2,1,0,2,1,1,5,NULL,202000026759,154 695 175,B01,1,1,3,1,1958,5,2,-1,-1,0,0,-1,202000026759,3,809,0,D,2,2,3,2,18,200,1,NULL," -1",1,5,1,80
202000026759,8,9,2020,09:25:00,1,48,48009,1,3,1,3,"D809 PK18+200","44,7417340","3,2876910",202000026759,154 695 175,B01,2,1,0,2,1,1,5,NULL,202000026759,154 695 176,A01,1,1,1,1,1943,3,8,-1,-1,0,0,-1,202000026759,3,809,0,D,2,2,3,2,18,200,1,NULL," -1",1,5,1,80
202000030048,14,1,2020,13:30:00,1,75,75108,2,7,1,6,"PLACE DE LA CONCORDE","48,8641413","2,3203214",202000030048,154 689 445,A01,3,1,12,0,8,1,5,NULL,202000030048,154 689 445,A01,1,1,4,1,1943,5,8,2,-1,0,0,-1,202000030048,4,NULL,0,NULL,2,4,1,1,0,0,1,NULL,9,1,-1,5,50
202000031826,12,12,2020,12:10:00,1,95,95476,2,1,2,6,"PUISEUX (RUE DE)","49,0616340","2,0579830",202000031826,154 686 425,Y01,3,1,8,0,1,26,0,NULL,202000031826,154 686 425,Y01,1,1,2,1,2006,5,8,0,-1,-1," -1",-1,202000031826,4,"PUISEUX (RUE DE)",0,NULL,1,1,0,4,(1),(1),2,NULL," -1",2,0,1,30
202000032748,3,9,2020,16:00:00,1,76,76382,1,1,1,2,D6015,"49,5777100","0,5152840",202000032748,154 684 880,B01,1,1,0,0,4,26,5,NULL,202000032748,154 684 880,B01,1,1,2,1,1935,5,2,8,-1,-1," -1",-1,202000032748,3,D6015,0,NULL,2,3,0,1,65,790,1,NULL," -1",1,0,1,80
202000032748,3,9,2020,16:00:00,1,76,76382,1,1,1,2,D6015,"49,5777100","0,5152840",202000032748,154 684 880,B01,1,1,0,0,4,26,5,NULL,202000032748,154 684 881,A01,1,1,1,1,1951,9,1,0,-1,-1," -1",-1,202000032748,3,D6015,0,NULL,2,3,0,1,65,790,1,NULL," -1",1,0,1,80
202000032819,3,9,2020,08:50:00,1,75,75104,2,3,1,6,"RUE DE RIVOLI","48,8554750","2,3600970",202000032819,154 684 761,A01,1,1,14,0,0,11,5,NULL,202000032819,154 684 761,A01,1,1,4,2,1956,1,2,0,-1,0,0,-1,202000032819,4,NULL,0,NULL,2,4,0,1,0,0,1,NULL," -1",1,0,1,30
202000034412,13,3,2020,17:40:00,1,31,31555,2,1,1,-1,"RTE D ALBI","43,6349100","1,4637200",202000034412,154 681 959,A01,1,1,1,0,1,1,5,NULL,202000034412,154 681 959,A01,1,1,4,1,1980,0,8,0,-1,-1,0,-1,202000034412,3,188,0,NULL,2,2,1,1,2,650,1,NULL,7,1,0,1,50
202000034412,13,3,2020,17:40:00,1,31,31555,2,1,1,-1,"RTE D ALBI","43,6349100","1,4637200",202000034412,154 681 959,A01,1,1,1,0,1,1,5,NULL,202000034412,154 681 960,B01,2,2,1,1,1989,0,1,0,-1,-1,0,-1,202000034412,3,188,0,NULL,2,2,1,1,2,650,1,NULL,7,1,0,1,50
202000034412,13,3,2020,17:40:00,1,31,31555,2,1,1,-1,"RTE D ALBI","43,6349100","1,4637200",202000034412,154 681 959,A01,1,1,1,0,1,1,5,NULL,202000034412,154 681 960,B01,1,1,1,1,1974,0,1,0,-1,-1,0,-1,202000034412,3,188,0,NULL,2,2,1,1,2,650,1,NULL,7,1,0,1,50
202000034499,1,9,2020,15:35:00,1,52,52121,2,1,1,3,"39 ALPHANDERY (RUE) PAIR","48,1063000","5,1358200",202000034499,154 681 798,B01,1,1,0,2,2,1,-1,NULL,202000034499,154 681 798,B01,1,1,4,1,1939,5,0,-1,-1,0,0,-1,202000034499,4,NULL,-1,NULL,1,-1,-1,-1,(1),(1),-1,NULL," -1",-1,-1,-1,-1
202000034499,1,9,2020,15:35:00,1,52,52121,2,1,1,3,"39 ALPHANDERY (RUE) PAIR","48,1063000","5,1358200",202000034499,154 681 798,B01,1,1,0,2,2,1,-1,NULL,202000034499,154 681 799,A01,1,1,1,1,1970,9,1,-1,-1,0,0,-1,202000034499,4,NULL,-1,NULL,1,-1,-1,-1,(1),(1),-1,NULL," -1",-1,-1,-1,-1
202000035485,11,1,2020,17:55:00,3,78,78398,1,1,1,2,D155,"48,7634740","1,8258650",202000035485,154 680 039,B01,1,1,0,0,4,1,5,NULL,202000035485,154 680 038,A01,1,1,1,2,1947,5,8,-1,-1,0,0,-1,202000035485,3,155,0,NULL,2,2,0,2,9,300,1,NULL," -1",1,0,1,80
202000035485,11,1,2020,17:55:00,3,78,78398,1,1,1,2,D155,"48,7634740","1,8258650",202000035485,154 680 039,B01,1,1,0,0,4,1,5,NULL,202000035485,154 680 039,B01,1,1,3,1,1948,5,2,4,-1,0,0,-1,202000035485,3,155,0,NULL,2,2,0,2,9,300,1,NULL," -1",1,0,1,80
202000036845,8,1,2020,08:30:00,1,974,97411,2,1,1,3,"DIERX (LEON)"," -20,8900000","55,4611000",202000036845,154 677 596,B01,3,1,15,0,1,1,5,NULL,202000036845,154 677 596,B01,1,1,3,1,1991,5,8,0,-1,-1," -1",-1,202000036845,4,"Rue Léon Dierx",0,NULL,1,1,0,2,0,0,1,NULL," -1",1,9,1,50
202000036845,8,1,2020,08:30:00,1,974,97411,2,1,1,3,"DIERX (LEON)"," -20,8900000","55,4611000",202000036845,154 677 596,B01,3,1,15,0,1,1,5,NULL,202000036845,154 677 597,A01,1,1,1,2,1983,9,1,8,-1,-1," -1",-1,202000036845,4,"Rue Léon Dierx",0,NULL,1,1,0,2,0,0,1,NULL," -1",1,9,1,50
202000036938,29,5,2020,19:05:00,1,69,69387,2,2,1,3,"JEAN JAURES                         (AV)","45,7437500","4,8409400",202000036938,154 677 432,B01,3,1,0,2,0,0,0,NULL,202000036938,154 677 432,B01,1,1,4,1,1979,0,2,0,-1,-1," -1",-1,202000036938,4,"JEAN JAURES                         (AV)",0,NULL,2,0,0,1,0,0,1,NULL," -1",1,0,1,50
202000036938,29,5,2020,19:05:00,1,69,69387,2,2,1,3,"JEAN JAURES                         (AV)","45,7437500","4,8409400",202000036938,154 677 432,B01,3,1,0,2,0,0,0,NULL,202000036938,154 677 433,A01,1,1,1,1,1963,9,1,0,-1,-1," -1",-1,202000036938,4,"JEAN JAURES                         (AV)",0,NULL,2,0,0,1,0,0,1,NULL," -1",1,0,1,50
202000037874,27,9,2020,09:38:00,1,29,29126,1,1,1,6,"Lieu-dit Moulin du Vern","48,5569243"," -4,4014374",202000037874,154 675 792,A01,3,1,13,0,9,0,0,NULL,202000037874,154 675 792,A01,1,1,4,1,1970,5,2,-1,-1,0,0,-1,202000037874,4,"Lieu-dit Moulin du Vern",-1,NULL,-1,1,0,2,(1),(1),4,NULL," -1",1,0,8,80