Num_Acc,jour,mois,an,hrmn,lum,dep,com,agg,int,atm,col,adr,lat,long,Num_Acc,id_vehicule,num_veh,senc,catv,obs,obsm,choc,manv,motor,occutc,Num_Acc,id_vehicule,num_veh,place,catu,grav,sexe,an_nais,trajet,secu1,secu2,secu3,locp,actp,etatp,Num_Acc,catr,voie,v1,v2,circ,nbv,vosp,prof,pr,pr1,plan,lartpc,larrout,surf,infra,situ,vma
202000038475,29,8,2020,14:40:00,1,29,29168,1,3,1,3,"74 Rue des Langoustiers","48,0373539"," -4,7141109",202000038475,154 674 740,A01,2,1,0,2,1,5,5,NULL,202000038475,154 674 740,A01,1,1,4,1,1962,5,2,-1,-1,0,0,-1,202000038475,3,784,-1,NULL,1,1,0,2,45,(1),1,NULL," -1",1,0,1,50
202000038475,29,8,2020,14:40:00,1,29,29168,1,3,1,3,"74 Rue des Langoustiers","48,0373539"," -4,7141109",202000038475,154 674 740,A01,2,1,0,2,1,5,5,NULL,202000038475,154 674 741,B01,1,1,1,1,2002,1,1,-1,-1,0,0,-1,202000038475,3,784,-1,NULL,1,1,0,2,45,(1),1,NULL," -1",1,0,1,50
202000039450,28,7,2020,12:05:00,1,27,27681,2,2,1,2,"CHAMBRAY (ROUTE DE)","49,0935900","1,4618700",202000039450,154 673 012,A01,3,1,0,9,1,1,5,NULL,202000039450,154 673 011,B01,1,1,1,1,1968,5,2,6,-1,0,0,-1,202000039450,4,"CHAMBRAY (ROUTE DE)",0,NULL,2,4,1,1,(1),(1),3,NULL," -1",1,0,1,30
202000039450,28,7,2020,12:05:00,1,27,27681,2,2,1,2,"CHAMBRAY (ROUTE DE)","49,0935900","1,4618700",202000039450,154 673 011,B01,3,1,0,9,4,1,5,NULL,202000039450,154 673 011,B01,1,1,1,1,1968,5,2,6,-1,0,0,-1,202000039450,4,"CHAMBRAY (ROUTE DE)",0,NULL,2,4,1,1,(1),(1),3,NULL," -1",1,0,1,30
202000039450,28,7,2020,12:05:00,1,27,27681,2,2,1,2,"CHAMBRAY (ROUTE DE)","49,0935900","1,4618700",202000039450,154 673 012,A01,3,1,0,9,1,1,5,NULL,202000039450,154 673 012,A01,1,1,3,1,1956,5,2,6,-1,0,0,-1,202000039450,4,"CHAMBRAY (ROUTE DE)",0,NULL,2,4,1,1,(1),(1),3,NULL," -1",1,0,1,30
202000039450,28,7,2020,12:05:00,1,27,27681,2,2,1,2,"CHAMBRAY (ROUTE DE)","49,0935900","1,4618700",202000039450,154 673 011,B01,3,1,0,9,4,1,5,NULL,202000039450,154 673 012,A01,1,1,3,1,1956,5,2,6,-1,0,0,-1,202000039450,4,"CHAMBRAY (ROUTE DE)",0,NULL,2,4,1,1,(1),(1),3,NULL," -1",1,0,1,30
202000040067,12,3,2020,15:45:00,1,972,97209,2,3,1,3,"EMMANUEL GROS-DUBOIS (RUE) EX AV A","14,6149100"," -61,0540400",202000040067,154 671 958,B01,2,1,0,2,0,0,5,NULL,202000040067,154 671 958,B01,1,1,4,1,2005,5,8,0,-1,-1,0,-1,202000040067,4,"EMMANUEL GROS-DUBOIS (RUE) EX AV A",0,NULL,1,1,0,1,(1),(1),1,NULL," -1",1,0,1,50
202000040067,12,3,2020,15:45:00,1,972,97209,2,3,1,3,"EMMANUEL GROS-DUBOIS (RUE) EX AV A","14,6149100"," -61,0540400",202000040067,154 671 958,B01,2,1,0,2,0,0,5,NULL,202000040067,154 671 959,A01,1,1,1,1,1968,0,1,0,-1,-1,0,-1,202000040067,4,"EMMANUEL GROS-DUBOIS (RUE) EX AV A",0,NULL,1,1,0,1,(1),(1),1,NULL," -1",1,0,1,50
202000042112,26,8,2020,08:10:00,1,69,69381,2,1,1,6,"LOUIS PRADEL                        (PL)","45,7685600","4,8368600",202000042112,154 668 312,A01,1,1,0,1,1,26,5,NULL,202000042112,154 668 312,A01,1,1,4,1,2000,5,8,0,-1,0,0,-1,202000042112,9,"LOUIS PRADEL                        (PL)",0,NULL,-1,0,3,2,0,0,1,NULL," -1",1,6,8,1
202000042112,26,8,2020,08:10:00,1,69,69381,2,1,1,6,"LOUIS PRADEL                        (PL)","45,7685600","4,8368600",202000042112,154 668 312,A01,1,1,0,1,1,26,5,NULL,202000042112,154 668 312,A01,10,3,1,1,1949,4,8,8,-1,9,4,1,202000042112,9,"LOUIS PRADEL                        (PL)",0,NULL,-1,0,3,2,0,0,1,NULL," -1",1,6,8,1
202000043200,26,6,2020,21:15:00,2,75,75107,2,3,1,3,"BOULEVARD DES INVALIDES","48,8482650","2,3157070",202000043200,154 666 323,A01,3,1,0,2,4,19,5,NULL,202000043200,154 666 322,B01,1,1,1,1,1993,9,2,6,-1,0,0,-1,202000043200,4,NULL,0,NULL,2,4,0,1,0,0,1,NULL," -1",1,0,1,50
202000043200,26,6,2020,21:15:00,2,75,75107,2,3,1,3,"BOULEVARD DES INVALIDES","48,8482650","2,3157070",202000043200,154 666 323,A01,3,1,0,2,4,19,5,NULL,202000043200,154 666 323,A01,1,1,4,2,1992,9,8,0,-1,0,0,-1,202000043200,4,NULL,0,NULL,2,4,0,1,0,0,1,NULL," -1",1,0,1,50
202000043572,24,10,2020,16:20:00,1,38,38205,1,1,1,1,"Route Forestière de Servagnet","45,1237900","5,5569500",202000043572,154 665 671,B01,3,1,0,2,1,13,5,NULL,202000043572,154 665 670,A01,2,2,1,2,1976,5,1,-1,-1,0,0,-1,202000043572,5,NULL,-1,NULL,2,2,0,2,(1),(1),3,NULL," -1",9,0,1,-1
202000043572,24,10,2020,16:20:00,1,38,38205,1,1,1,1,"Route Forestière de Servagnet","45,1237900","5,5569500",202000043572,154 665 671,B01,3,1,0,2,1,13,5,NULL,202000043572,154 665 670,A01,1,1,1,1,1975,5,1,-1,-1,0,0,-1,202000043572,5,NULL,-1,NULL,2,2,0,2,(1),(1),3,NULL," -1",9,0,1,-1
202000043572,24,10,2020,16:20:00,1,38,38205,1,1,1,1,"Route Forestière de Servagnet","45,1237900","5,5569500",202000043572,154 665 671,B01,3,1,0,2,1,13,5,NULL,202000043572,154 665 671,B01,1,1,2,1,2007,5,2,-1,-1,0,0,-1,202000043572,5,NULL,-1,NULL,2,2,0,2,(1),(1),3,NULL," -1",9,0,1,-1
202000043620,22,10,2020,19:42:00,5,34,34172,2,2,2,3,"BECQUEREL (RUE HENRI)","43,6104897","3,9148074",202000043620,154 665 579,B01,2,1,0,2,7,1,5,NULL,202000043620,154 665 579,B01,1,1,4,1,1971,0,0,0,-1,-1," -1",-1,202000043620,4,NULL,0,NULL,2,4,0,2,0,0,1,NULL," -1",2,0,1,50
202000045163,25,7,2020,03:15:00,5,35,35238,2,1,1,2,"12 rue de Brest","48,1119600"," -1,6886200",202000045163,154 662 856,A01,1,1,0,2,4,12,5,NULL,202000045163,154 662 856,A01,1,1,4,2,1994,5,2,8,-1,-1," -1",-1,202000045163,4,NULL,0,NULL,3,2,2,1,(1),(1),1,NULL," -1",1,0,1,30
202000046897,24,8,2020,11:40:00,1,52,52448,2,6,1,-1,"ROND POINT DES BAS FOURNEAUX","48,6263610","4,9633950",202000046897,154 659 848,B01,3,1,0,2,1,1,5,NULL,202000046897,154 659 845,A01,1,1,1,1,1995,0,1,0,-1,-1," -1",-1,202000046897,4,NULL,0,NULL,1,1,1,1,0,1,2,NULL," -1",1,5,5,50
202000046897,24,8,2020,11:40:00,1,52,52448,2,6,1,-1,"ROND POINT DES BAS FOURNEAUX","48,6263610","4,9633950",202000046897,154 659 848,B01,3,1,0,2,1,1,5,NULL,202000046897,154 659 848,B01,1,1,3,2,1956,1,8,0,-1,-1," -1",-1,202000046897,4,NULL,0,NULL,1,1,1,1,0,1,2,NULL," -1",1,5,5,50
202000047343,20,10,2020,11:30:00,1,75,75108,2,1,8,7,"BOULEVARD MALESHERBES","48,8786540","2,3152410",202000047343,154 659 060,A01,2,1,0,0,0,21,5,NULL,202000047343,154 659 060,A01,1,1,4,1,1985,5,8,8,-1,0,0,-1,202000047343,4,NULL,0,NULL,2,4,0,1,0,0,1,NULL," -1",1,0,1,50
202000006674,25,11,2020,08:00:00,1,75,75111,2,2,1,6,"BOULEVARD RICHARD LENOIR","48,8642160","2,3711980",202000006674,154 730 510,A01,1,1,0,1,1,1,5,NULL,202000006674,154 730 510,A01,10,3,4,2,1948,9,0,-1,-1,4,3,1,202000006674,4,NULL,0,NULL,1,1,1,1,0,0,1,NULL," -1",1,-1,5,20
202000006674,25,11,2020,08:00:00,1,75,75111,2,2,1,6,"BOULEVARD RICHARD LENOIR","48,8642160","2,3711980",202000006674,154 730 510,A01,1,1,0,1,1,1,5,NULL,202000006674,154 730 510,A01,1,1,1,1,1986,9,8,0,-1,0,0,-1,202000006674,4,NULL,0,NULL,1,1,1,1,0,0,1,NULL," -1",1,-1,5,20
202000011259,9,9,2020,17:00:00,1,59,59456,2,1,1,1,"ANCHIN (HAMEAU D')","50,3837293","3,2204649",202000011259,154 722 447,A01,3,1,0,2,1,13,5,NULL,202000011259,154 722 447,A01,1,1,3,1,1946,5,8,0,-1,-1," -1",-1,202000011259,4,"ANCHIN (HAMEAU D')",0,NULL,2,2,0,1,0,0,1,NULL," -1",1,0,1,50
202000011259,9,9,2020,17:00:00,1,59,59456,2,1,1,1,"ANCHIN (HAMEAU D')","50,3837293","3,2204649",202000011259,154 722 447,A01,3,1,0,2,1,13,5,NULL,202000011259,154 722 448,B01,1,1,1,1,1971,9,1,0,-1,-1," -1",-1,202000011259,4,"ANCHIN (HAMEAU D')",0,NULL,2,2,0,1,0,0,1,NULL," -1",1,0,1,50
202000012799,27,1,2020,08:40:00,1,49,49021,1,6,2,3,"Route de la Ménitré","47,4357150"," -0,2233150",202000012799,154 719 779,B01,0,1,0,2,7,26,6,NULL,202000012799,154 719 777,A01,1,1,1,1,1979,1,8,-1,-1,0,0,-1,202000012799,3,347,0,D,2,2,0,1,49,100,2,NULL," -1",2,5,1,80
202000012799,27,1,2020,08:40:00,1,49,49021,1,6,2,3,"Route de la Ménitré","47,4357150"," -0,2233150",202000012799,154 719 779,B01,0,1,0,2,7,26,6,NULL,202000012799,154 719 779,B01,1,1,3,1,1951,5,8,-1,-1,0,0,-1,202000012799,3,347,0,D,2,2,0,1,49,100,2,NULL," -1",2,5,1,80
202000012991,26,1,2020,12:30:00,1,40,40282,2,1,1,2,"5 Avenue de l'Armagnac","43,7713300"," -0,5696900",202000012991,154 719 449,B01,0,1,0,2,6,20,5,NULL,202000012991,154 719 447,A01,1,1,1,1,1997,5,1,-1,-1,0,0,-1,202000012991,6,NULL,-1,NULL,-1,2,0,1,(1),(1),1,NULL," -1",1,0,8,-1
202000012991,26,1,2020,12:30:00,1,40,40282,2,1,1,2,"5 Avenue de l'Armagnac","43,7713300"," -0,5696900",202000012991,154 719 449,B01,0,1,0,2,6,20,5,NULL,202000012991,154 719 449,B01,1,1,3,2,1968,5,0,-1,-1,0,0,-1,202000012991,6,NULL,-1,NULL,-1,2,0,1,(1),(1),1,NULL," -1",1,0,8,-1
202000014227,24,12,2020,18:10:00,3,50,50077,1,1,6,3,"RD 116","49,6603290"," -1,5103730",202000014227,154 717 289,A01,3,1,0,2,8,2,5,NULL,202000014227,154 717 288,B01,1,1,1,1,1991,1,8,-1,-1,0,0,-1,202000014227,3,116,0,NULL,2,2,0,1,(1),(1),1,NULL," -1",1,0,1,80
202000014227,24,12,2020,18:10:00,3,50,50077,1,1,6,3,"RD 116","49,6603290"," -1,5103730",202000014227,154 717 289,A01,3,1,0,2,8,2,5,NULL,202000014227,154 717 289,A01,1,1,3,1,1973,1,9,-1,-1,0,0,-1,202000014227,3,116,0,NULL,2,2,0,1,(1),(1),1,NULL," -1",1,0,1,80
202000014908,15,7,2020,14:10:00,1,75,75116,2,1,1,1,"RUE MIRABEAU","48,8458440","2,2685450",202000014908,154 716 120,A01,1,1,0,2,1,13,5,NULL,202000014908,154 716 119,B01,1,1,1,2,1979,4,1,0,-1,0,0,-1,202000014908,4,NULL,0,NULL,2,2,0,1,(1),0,1,NULL," -1",1,0,1,50
202000014908,15,7,2020,14:10:00,1,75,75116,2,1,1,1,"RUE MIRABEAU","48,8458440","2,2685450",202000014908,154 716 120,A01,1,1,0,2,1,13,5,NULL,202000014908,154 716 120,A01,1,1,4,1,1998,4,2,0,-1,0,0,-1,202000014908,4,NULL,0,NULL,2,2,0,1,(1),0,1,NULL," -1",1,0,1,50
202000015216,12,9,2020,13:50:00,1,71,71270,2,1,1,3,"Carrefour 1ère Armée-Route de Lyon","46,2948409","4,8199119",202000015216,154 715 522,B01,3,1,0,2,5,15,5,NULL,202000015216,154 715 522,B01,1,1,4,1,2005,5,2,6,-1,-1," -1",-1,202000015216,3,906,0,NULL,1,2,0,1,0,0,2,NULL," -1",1,0,1,30
202000015216,12,9,2020,13:50:00,1,71,71270,2,1,1,3,"Carrefour 1ère Armée-Route de Lyon","46,2948409","4,8199119",202000015216,154 715 522,B01,3,1,0,2,5,15,5,NULL,202000015216,154 715 523,A01,1,1,1,1,1962,0,1,0,-1,-1," -1",-1,202000015216,3,906,0,NULL,1,2,0,1,0,0,2,NULL," -1",1,0,1,30
202000016199,17,11,2020,08:30:00,1,69,69386,2,1,1,2,"RENE DEROUDILLE                        (","45,7659600","4,8559700",202000016199,154 713 751,B01,3,1,0,2,1,1,5,NULL,202000016199,154 713 751,B01,1,1,4,2,1985,0,8,0,-1,-1," -1",-1,202000016199,4,NULL,0,NULL,1,1,0,1,0,0,2,NULL," -1",1,0,1,50
202000016199,17,11,2020,08:30:00,1,69,69386,2,1,1,2,"RENE DEROUDILLE                        (","45,7659600","4,8559700",202000016199,154 713 751,B01,3,1,0,2,1,1,5,NULL,202000016199,154 713 752,A01,1,1,1,1,1997,4,1,0,-1,-1," -1",-1,202000016199,4,NULL,0,NULL,1,1,0,1,0,0,2,NULL," -1",1,0,1,50
202000016220,17,11,2020,15:20:00,1,59,59508,2,9,1,-1,"HALLUIN (BOULEVARD D')","50,7361700","3,1326800",202000016220,154 713 716,A01,2,1,0,2,1,21,5,NULL,202000016220,154 713 715,B01,1,1,1,2,1970,3,1,0,-1,-1," -1",-1,202000016220,7,91,0,NULL,2,2,3,1,(1),(1),1,NULL," -1",1,5,1,50
202000016220,17,11,2020,15:20:00,1,59,59508,2,9,1,-1,"HALLUIN (BOULEVARD D')","50,7361700","3,1326800",202000016220,154 713 716,A01,2,1,0,2,1,21,5,NULL,202000016220,154 713 716,A01,1,1,4,1,1981,1,8,0,-1,-1," -1",-1,202000016220,7,91,0,NULL,2,2,3,1,(1),(1),1,NULL," -1",1,5,1,50
202000016308,14,11,2020,14:51:00,1,87,87085,2,3,1,-1,"SERRES (RUE OLIVIER DE)","45,8441300","1,2341000",202000016308,154 713 555,B01,2,1,0,2,1,1,5,NULL,202000016308,154 713 554,A01,1,1,1,1,1952,5,1,0,-1,-1," -1",-1,202000016308,4,"SERRES (RUE OLIVIER DE)",0,NULL,2,2,0,2,(1),(1),1,NULL," -1",1,0,1,50
202000016308,14,11,2020,14:51:00,1,87,87085,2,3,1,-1,"SERRES (RUE OLIVIER DE)","45,8441300","1,2341000",202000016308,154 713 555,B01,2,1,0,2,1,1,5,NULL,202000016308,154 713 555,B01,1,1,4,1,1970,5,8,0,-1,-1," -1",-1,202000016308,4,"SERRES (RUE OLIVIER DE)",0,NULL,2,2,0,2,(1),(1),1,NULL," -1",1,0,1,50
202000017453,13,6,2020,02:15:00,3,65,65083,1,1,1,4,D8,"43,1754360","0,1027930",202000017453,154 711 540,C01,2,1,0,2,4,2,5,NULL,202000017453,154 711 538,A01,2,2,1,2,1989,5,8,-1,-1,0,0,-1,202000017453,3,8,-1,NULL,2,2,0,1,19,400,1,NULL,"5,5",1,0,1,80
202000017453,13,6,2020,02:15:00,3,65,65083,1,1,1,4,D8,"43,1754360","0,1027930",202000017453,154 711 539,B01,2,1,0,2,4,2,5,NULL,202000017453,154 711 538,A01,2,2,1,2,1989,5,8,-1,-1,0,0,-1,202000017453,3,8,-1,NULL,2,2,0,1,19,400,1,NULL,"5,5",1,0,1,80
202000017453,13,6,2020,02:15:00,3,65,65083,1,1,1,4,D8,"43,1754360","0,1027930",202000017453,154 711 540,C01,2,1,0,2,4,2,5,NULL,202000017453,154 711 538,A01,1,1,1,1,1989,5,8,-1,-1,0,0,-1,202000017453,3,8,-1,NULL,2,2,0,1,19,400,1,NULL,"5,5",1,0,1,80
202000017453,13,6,2020,02:15:00,3,65,65083,1,1,1,4,D8,"43,1754360","0,1027930",202000017453,154 711 539,B01,2,1,0,2,4,2,5,NULL,202000017453,154 711 538,A01,1,1,1,1,1989,5,8,-1,-1,0,0,-1,202000017453,3,8,-1,NULL,2,2,0,1,19,400,1,NULL,"5,5",1,0,1,80
202000017453,13,6,2020,02:15:00,3,65,65083,1,1,1,4,D8,"43,1754360","0,1027930",202000017453,154 711 540,C01,2,1,0,2,4,2,5,NULL,202000017453,154 711 539,B01,1,1,2,1,2004,5,0,-1,-1,0,0,-1,202000017453,3,8,-1,NULL,2,2,0,1,19,400,1,NULL,"5,5",1,0,1,80
202000017453,13,6,2020,02:15:00,3,65,65083,1,1,1,4,D8,"43,1754360","0,1027930",202000017453,154 711 539,B01,2,1,0,2,4,2,5,NULL,202000017453,154 711 539,B01,1,1,2,1,2004,5,0,-1,-1,0,0,-1,202000017453,3,8,-1,NULL,2,2,0,1,19,400,1,NULL,"5,5",1,0,1,80
202000017453,13,6,2020,02:15:00,3,65,65083,1,1,1,4,D8,"43,1754360","0,1027930",202000017453,154 711 540,C01,2,1,0,2,4,2,5,NULL,202000017453,154 711 540,C01,1,1,3,1,2004,5,0,-1,-1,0,0,-1,202000017453,3,8,-1,NULL,2,2,0,1,19,400,1,NULL,"5,5",1,0,1,80
202000017453,13,6,2020,02:15:00,3,65,65083,1,1,1,4,D8,"43,1754360","0,1027930",202000017453,154 711 539,B01,2,1,0,2,4,2,5,NULL,202000017453,154 711 540,C01,1,1,3,1,2004,5,0,-1,-1,0,0,-1,202000017453,3,8,-1,NULL,2,2,0,1,19,400,1,NULL,"5,5",1,0,1,80
202000018685,13,7,2020,15:45:00,1,85,85226,2,1,7,3,"Avenue de la Rousselotiere","46,7232100"," -1,9485520",202000018685,154 709 385,B01,0,1,0,2,8,19,5,NULL,202000018685,154 709 385,B01,1,1,4,1,1971,5,0,-1,-1,0,0,-1,202000018685,4,NULL,-1,NULL,2,2,0,1,(1),(1),1,NULL," -1",1,6,8,50
202000018685,13,7,2020,15:45:00,1,85,85226,2,1,7,3,"Avenue de la Rousselotiere","46,7232100"," -1,9485520",202000018685,154 709 385,B01,0,1,0,2,8,19,5,NULL,202000018685,154 709 386,A01,1,1,1,1,1997,0,2,6,-1,0,0,-1,202000018685,4,NULL,-1,NULL,2,2,0,1,(1),(1),1,NULL," -1",1,6,8,50
202000020159,10,11,2020,21:00:00,4,67,67482,2,3,5,1,"CHAMP DE MANOEUVRE (RUE DU)","48,6014300","7,7102700",202000020159,154 706 736,B01,2,1,0,2,1,15,5,NULL,202000020159,154 706 736,B01,1,1,4,1,1993,0,8,0,-1,-1," -1",-1,202000020159,7,31,0,NULL,2,3,1,1,17,400,2,NULL," -1",1,0,1,50
202000020159,10,11,2020,21:00:00,4,67,67482,2,3,5,1,"CHAMP DE MANOEUVRE (RUE DU)","48,6014300","7,7102700",202000020159,154 706 736,B01,2,1,0,2,1,15,5,NULL,202000020159,154 706 737,A01,1,1,1,1,1981,5,1,8,-1,-1," -1",-1,202000020159,7,31,0,NULL,2,3,1,1,17,400,2,NULL," -1",1,0,1,50
202000024176,17,4,2020,14:50:00,1,79,79083,2,1,1,1,"1 Rue Hippolyte Hairaud","46,1108160"," -0,0682700",202000024176,154 699 706,A01,2,1,0,2,1,13,5,NULL,202000024176,154 699 705,B01,1,1,1,1,1989,3,1,-1,-1,0,0,-1,202000024176,3,105,-1,NULL,2,2,0,4,19,100,2,NULL,"5,2",1,0,1,30
202000024176,17,4,2020,14:50:00,1,79,79083,2,1,1,1,"1 Rue Hippolyte Hairaud","46,1108160"," -0,0682700",202000024176,154 699 706,A01,2,1,0,2,1,13,5,NULL,202000024176,154 699 706,A01,1,1,3,2,1952,5,0,-1,-1,0,0,-1,202000024176,3,105,-1,NULL,2,2,0,4,19,100,2,NULL,"5,2",1,0,1,30
202000024512,9,7,2020,09:50:00,1,81,81130,2,3,1,3,"2 Avenue de Mazamet","43,5804165","2,2767451",202000024512,154 699 127,A01,1,1,0,2,8,15,5,NULL,202000024512,154 699 126,B01,1,1,1,1,1966,3,1,-1,-1,0,0,-1,202000024512,3,612,0," -",2,2,0,1,37,820,1,NULL," -1",1,5,1,50
202000024512,9,7,2020,09:50:00,1,81,81130,2,3,1,3,"2 Avenue de Mazamet","43,5804165","2,2767451",202000024512,154 699 127,A01,1,1,0,2,8,15,5,NULL,202000024512,154 699 127,A01,1,1,3,1,1946,5,2,-1,-1,0,0,-1,202000024512,3,612,0," -",2,2,0,1,37,820,1,NULL," -1",1,5,1,50
202000027607,4,6,2020,12:05:00,1,35,35051,2,1,1,1,"FOUGERES (ROUTE DE)","48,1348800"," -1,6273400",202000027607,154 693 720,A01,0,1,0,2,1,1,5,NULL,202000027607,154 693 720,A01,1,1,4,1,1969,1,2,8,-1,-1," -1",-1,202000027607,4,"FOUGERES (ROUTE DE)",0,NULL,2,4,1,2,0,0,1,NULL," -1",1,0,1,50
202000027607,4,6,2020,12:05:00,1,35,35051,2,1,1,1,"FOUGERES (ROUTE DE)","48,1348800"," -1,6273400",202000027607,154 693 720,A01,0,1,0,2,1,1,5,NULL,202000027607,154 693 721,B01,1,1,1,1,1970,1,1,8,-1,-1," -1",-1,202000027607,4,"FOUGERES (ROUTE DE)",0,NULL,2,4,1,2,0,0,1,NULL," -1",1,0,1,50
202000027952,15,12,2020,15:00:00,1,59,59378,2,2,1,3,"MENIN RUE DE","50,6768300","3,0810000",202000027952,154 693 115,A01,2,1,0,2,0,0,0,NULL,202000027952,154 693 115,A01,1,1,4,1,1968,0,2,0,-1,-1," -1",-1,202000027952,7,617,0,NULL,2,4,2,1,(1),(1),1,NULL," -1",1,0,1,50
202000027952,15,12,2020,15:00:00,1,59,59378,2,2,1,3,"MENIN RUE DE","50,6768300","3,0810000",202000027952,154 693 115,A01,2,1,0,2,0,0,0,NULL,202000027952,154 693 116,B01,1,1,1,1,1972,0,1,8,-1,-1," -1",-1,202000027952,7,617,0,NULL,2,4,2,1,(1),(1),1,NULL," -1",1,0,1,50
202000028232,14,1,2020,19:00:00,5,85,85191,2,1,1,3,"Rue du Maréchal Foch","46,6734400"," -1,4281400",202000028232,154 692 624,B01,2,1,1,0,2,0,5,NULL,202000028232,154 692 623,A01,1,1,1,1,1999,1,8,0,-1,0,0,-1,202000028232,4,NULL,0,NULL,2,2,0,1,0,0,1,NULL," -1",1,0,1,30
202000028232,14,1,2020,19:00:00,5,85,85191,2,1,1,3,"Rue du Maréchal Foch","46,6734400"," -1,4281400",202000028232,154 692 624,B01,2,1,1,0,2,0,5,NULL,202000028232,154 692 624,B01,1,1,4,1,1999,2,8,0,-1,0,0,-1,202000028232,4,NULL,0,NULL,2,2,0,1,0,0,1,NULL," -1",1,0,1,30
202000030717,25,3,2020,23:00:00,5,93,93066,2,1,1,1,"CAQUET (PLACE)","48,9375150","2,3598380",202000030717,154 688 314,A01,3,1,0,2,1,26,5,NULL,202000030717,154 688 314,A01,1,1,4,1,1975,1,8,0,-1,-1," -1",-1,202000030717,9,"CAQUET (PLACE)",0,NULL,-1,1,0,1,0,1,1,NULL," -1",1,9,8,30
202000031677,29,9,2020,18:30:00,1,29,29191,2,2,1,3,"Rue Angela Duval","48,5240460"," -3,7175550",202000031677,154 686 686,A01,0,1,0,2,8,19,5,NULL,202000031677,154 686 686,A01,1,1,4,1,2010,5,2,-1,-1,0,0,-1,202000031677,3,9,-1,NULL,2,-1,-1,1,10,150,1,NULL," -1",1,5,1,-1
202000031677,29,9,2020,18:30:00,1,29,29191,2,2,1,3,"Rue Angela Duval","48,5240460"," -3,7175550",202000031677,154 686 686,A01,0,1,0,2,8,19,5,NULL,202000031677,154 686 687,B01,1,1,1,1,1993,1,1,-1,-1,0,0,-1,202000031677,3,9,-1,NULL,2,-1,-1,1,10,150,1,NULL," -1",1,5,1,-1
202000034125,2,7,2020,16:50:00,1,76,76575,2,1,1,3,"HOTEL FORMULE 1 (AV. DES CANADIENS)","49,4001100","1,0639100",202000034125,154 682 452,B01,0,1,0,2,8,1,5,NULL,202000034125,154 682 452,B01,1,1,4,1,2006,0,8,0,-1,-1," -1",-1,202000034125,4,"HOTEL FORMULE 1 (AV. DES CANADIENS)",0,NULL,2,2,3,1,(1),(1),1,NULL," -1",1,-1,5,50
202000034125,2,7,2020,16:50:00,1,76,76575,2,1,1,3,"HOTEL FORMULE 1 (AV. DES CANADIENS)","49,4001100","1,0639100",202000034125,154 682 452,B01,0,1,0,2,8,1,5,NULL,202000034125,154 682 453,A01,1,1,1,2,1968,0,1,0,-1,-1," -1",-1,202000034125,4,"HOTEL FORMULE 1 (AV. DES CANADIENS)",0,NULL,2,2,3,1,(1),(1),1,NULL," -1",1,-1,5,50
202000035290,11,1,2020,13:05:00,1,75,75120,2,2,1,3,"RUE PIXERECOURT","48,8725996","2,3961092",202000035290,154 680 387,A01,1,1,0,2,2,1,5,NULL,202000035290,154 680 387,A01,1,1,4,1,1984,5,8,2,-1,0,0,-1,202000035290,4,NULL,0,NULL,2,2,1,1,0,0,1,NULL,4,1,-1,5,30
202000037628,23,9,2020,08:26:00,1,29,29019,2,6,1,3,"Avenue Victor le Gorgeu","48,4007433"," -4,4997479",202000037628,154 676 231,B01,1,1,0,2,2,1,0,NULL,202000037628,154 676 231,B01,1,1,4,2,2001,0,2,-1,-1,0,0,-1,202000037628,4,"Avenue Victor le Gorgeu",0,NULL,2,-1,0,1,0,0,1,NULL," -1",1,0,1,30
202000037628,23,9,2020,08:26:00,1,29,29019,2,6,1,3,"Avenue Victor le Gorgeu","48,4007433"," -4,4997479",202000037628,154 676 231,B01,1,1,0,2,2,1,0,NULL,202000037628,154 676 233,A01,1,1,1,1,1980,1,1,-1,-1,-1,0,-1,202000037628,4,"Avenue Victor le Gorgeu",0,NULL,2,-1,0,1,0,0,1,NULL," -1",1,0,1,30
202000039046,27,5,2020,15:20:00,1,95,95598,2,1,1,1,"CARNOT    RUE","48,9874800","2,2962700",202000039046,154 673 741,B01,3,1,0,2,1,19,0,NULL,202000039046,154 673 741,B01,1,1,4,1,2013,5,8,0,-1,-1,0,-1,202000039046,4,"RUE CARNOT   ",0,NULL,2,2,0,1,(1),(1),1,NULL," -1",1,9,1,30
202000039046,27,5,2020,15:20:00,1,95,95598,2,1,1,1,"CARNOT    RUE","48,9874800","2,2962700",202000039046,154 673 741,B01,3,1,0,2,1,19,0,NULL,202000039046,154 673 742,A01,1,1,1,2,1991,5,8,0,-1,-1,0,-1,202000039046,4,"RUE CARNOT   ",0,NULL,2,2,0,1,(1),(1),1,NULL," -1",1,9,1,30
202000039046,27,5,2020,15:20:00,1,95,95598,2,1,1,1,"CARNOT    RUE","48,9874800","2,2962700",202000039046,154 673 741,B01,3,1,0,2,1,19,0,NULL,202000039046,154 673 742,A01,2,2,1,2,1991,5,8,0,-1,-1,0,-1,202000039046,4,"RUE CARNOT   ",0,NULL,2,2,0,1,(1),(1),1,NULL," -1",1,9,1,30
202000039046,27,5,2020,15:20:00,1,95,95598,2,1,1,1,"CARNOT    RUE","48,9874800","2,2962700",202000039046,154 673 741,B01,3,1,0,2,1,19,0,NULL,202000039046,154 673 742,A01,4,2,1,1,1995,5,8,0,-1,-1,0,-1,202000039046,4,"RUE CARNOT   ",0,NULL,2,2,0,1,(1),(1),1,NULL," -1",1,9,1,30