Num_Acc,jour,mois,an,hrmn,lum,dep,com,agg,int,atm,col,adr,lat,long,Num_Acc,id_vehicule,num_veh,senc,catv,obs,obsm,choc,manv,motor,occutc,Num_Acc,id_vehicule,num_veh,place,catu,grav,sexe,an_nais,trajet,secu1,secu2,secu3,locp,actp,etatp,Num_Acc,catr,voie,v1,v2,circ,nbv,vosp,prof,pr,pr1,plan,lartpc,larrout,surf,infra,situ,vma
202000040237,11,3,2020,14:00:00,1,69,69382,2,1,1,-1,"BARRE (DE LA)                       (R )","45,7577961","4,8346745",202000040237,154 671 642,B01,2,1,1,0,1,1,5,NULL,202000040237,154 671 642,B01,1,1,4,1,1973,1,8,0,-1,-1," -1",-1,202000040237,4,"BARRE (DE LA)                       (R )",0,NULL,2,5,2,2,0,1,1,NULL," -1",1,0,5,30
202000040237,11,3,2020,14:00:00,1,69,69382,2,1,1,-1,"BARRE (DE LA)                       (R )","45,7577961","4,8346745",202000040237,154 671 642,B01,2,1,1,0,1,1,5,NULL,202000040237,154 671 643,A01,2,2,4,1,2005,0,8,0,-1,-1," -1",-1,202000040237,4,"BARRE (DE LA)                       (R )",0,NULL,2,5,2,2,0,1,1,NULL," -1",1,0,5,30
202000040237,11,3,2020,14:00:00,1,69,69382,2,1,1,-1,"BARRE (DE LA)                       (R )","45,7577961","4,8346745",202000040237,154 671 642,B01,2,1,1,0,1,1,5,NULL,202000040237,154 671 643,A01,1,1,1,2,1968,0,8,0,-1,-1," -1",-1,202000040237,4,"BARRE (DE LA)                       (R )",0,NULL,2,5,2,2,0,1,1,NULL," -1",1,0,5,30
202000042042,28,8,2020,21:00:00,3,38,38343,1,1,3,2,"933 Route d'Aoste","45,5462300","5,6516650",202000042042,154 668 439,B01,1,1,0,0,4,2,5,NULL,202000042042,154 668 438,A01,1,1,3,1,1988,1,1,-1,-1,0,0,-1,202000042042,3,82,0,NULL,2,2,0,1,22,300,1,NULL," -1",2,0,1,80
202000042042,28,8,2020,21:00:00,3,38,38343,1,1,3,2,"933 Route d'Aoste","45,5462300","5,6516650",202000042042,154 668 439,B01,1,1,0,0,4,2,5,NULL,202000042042,154 668 439,B01,1,1,3,1,2006,9,0,-1,-1,0,0,-1,202000042042,3,82,0,NULL,2,2,0,1,22,300,1,NULL," -1",2,0,1,80
202000042230,9,3,2020,09:00:00,1,94,94033,2,1,1,6,"DALAYRAC (R)","48,8476300","2,4672000",202000042230,154 668 091,B01,1,1,1,0,1,1,6,NULL,202000042230,154 668 091,B01,1,1,4,2,1994,1,8,0,-1,-1," -1",-1,202000042230,3,240,0,NULL,1,1,0,1,0,1,1,NULL," -1",2,0,1,50
202000042384,23,9,2020,14:30:00,1,973,97302,2,1,1,3,"RABAN (ROUTE DE)","4,9357789"," -52,3146200",202000042384,154 667 801,A01,0,1,0,2,1,10,5,NULL,202000042384,154 667 801,A01,1,1,4,1,1982,1,8,0,-1,-1," -1",-1,202000042384,4,"RABAN (ROUTE DE)",0,NULL,2,1,0,1,(1),(1),1,NULL," -1",1,0,1,50
202000042384,23,9,2020,14:30:00,1,973,97302,2,1,1,3,"RABAN (ROUTE DE)","4,9357789"," -52,3146200",202000042384,154 667 801,A01,0,1,0,2,1,10,5,NULL,202000042384,154 667 803,B01,1,1,1,2,1994,5,1,0,-1,-1," -1",-1,202000042384,4,"RABAN (ROUTE DE)",0,NULL,2,1,0,1,(1),(1),1,NULL," -1",1,0,1,50
202000043441,20,5,2020,18:30:00,1,92,92004,2,1,1,6,"GAMBETTA (RUE)","48,9097300","2,2928400",202000043441,154 665 893,A01,1,1,1,1,1,1,5,NULL,202000043441,154 665 893,A01,10,3,4,2,1933,9,0,-1,-1,3,3,1,202000043441,4,"GAMBETTA (RUE)",0,NULL,1,1,1,1,0,0,1,NULL," -1",1,0,1,50
202000043441,20,5,2020,18:30:00,1,92,92004,2,1,1,6,"GAMBETTA (RUE)","48,9097300","2,2928400",202000043441,154 665 893,A01,1,1,1,1,1,1,5,NULL,202000043441,154 665 893,A01,1,1,1,1,1988,9,2,0,-1,-1," -1",-1,202000043441,4,"GAMBETTA (RUE)",0,NULL,1,1,1,1,0,0,1,NULL," -1",1,0,1,50
202000044399,26,8,2020,19:00:00,1,92,92049,2,3,1,3,"BROSSOLETTE AVENUE PIERRE","48,8199020","2,3109200",202000044399,154 664 192,B01,2,1,0,2,3,1,5,NULL,202000044399,154 664 191,A01,1,1,1,1,1983,1,2,6,-1,-1," -1",-1,202000044399,3,906,0,NULL,2,4,0,1,0,0,1,NULL," -1",1,0,1,50
202000044399,26,8,2020,19:00:00,1,92,92049,2,3,1,3,"BROSSOLETTE AVENUE PIERRE","48,8199020","2,3109200",202000044399,154 664 192,B01,2,1,0,2,3,1,5,NULL,202000044399,154 664 192,B01,1,1,4,1,1994,5,2,0,-1,-1," -1",-1,202000044399,3,906,0,NULL,2,4,0,1,0,0,1,NULL," -1",1,0,1,50
202000047069,25,8,2020,15:15:00,1,17,17300,2,1,1,7,"ORBIGNY   RUE ALCIDE D'","46,1636800"," -1,1468700",202000047069,154 659 549,A01,3,1,0,0,0,1,5,NULL,202000047069,154 659 549,A01,1,1,4,1,2004,0,8,0,-1,-1," -1",-1,202000047069,4,"ORBIGNY   RUE ALCIDE D'",0,NULL,2,2,0,1,0,0,1,NULL," -1",1,0,1,50
202000047243,31,1,2020,18:40:00,5,67,67482,2,1,1,3,"GENERAL DE GAULLE (AVENUE DU)","48,5773410","7,7693600",202000047243,154 659 228,B01,2,1,0,2,1,19,5,NULL,202000047243,154 659 228,B01,1,1,3,2,1964,0,0,0,-1,-1,0,-1,202000047243,4,NULL,0,NULL,3,6,1,1,0,0,1,NULL," -1",1,-1,1,50
202000047243,31,1,2020,18:40:00,5,67,67482,2,1,1,3,"GENERAL DE GAULLE (AVENUE DU)","48,5773410","7,7693600",202000047243,154 659 228,B01,2,1,0,2,1,19,5,NULL,202000047243,154 659 230,A01,1,1,1,2,1993,0,1,8,-1,-1,0,-1,202000047243,4,NULL,0,NULL,3,6,1,1,0,0,1,NULL," -1",1,-1,1,50
202000007921,13,10,2020,15:25:00,1,83,83123,1,1,1,2,"HUIDE (CHEMIN DE) N° PAIRS","43,1287300","5,7985100",202000007921,154 728 311,A01,2,1,0,2,1,1,5,NULL,202000007921,154 728 311,A01,1,1,3,1,2006,9,8,0,-1,-1," -1",-1,202000007921,4,NC,0,NULL,2,2,0,2,0,0,3,NULL," -1",1,0,1,50
202000007921,13,10,2020,15:25:00,1,83,83123,1,1,1,2,"HUIDE (CHEMIN DE) N° PAIRS","43,1287300","5,7985100",202000007921,154 728 311,A01,2,1,0,2,1,1,5,NULL,202000007921,154 728 312,B01,3,2,1,2,2011,0,1,0,-1,-1," -1",-1,202000007921,4,NC,0,NULL,2,2,0,2,0,0,3,NULL," -1",1,0,1,50
202000007921,13,10,2020,15:25:00,1,83,83123,1,1,1,2,"HUIDE (CHEMIN DE) N° PAIRS","43,1287300","5,7985100",202000007921,154 728 311,A01,2,1,0,2,1,1,5,NULL,202000007921,154 728 312,B01,2,2,1,1,2008,9,1,0,-1,-1," -1",-1,202000007921,4,NC,0,NULL,2,2,0,2,0,0,3,NULL," -1",1,0,1,50
202000007921,13,10,2020,15:25:00,1,83,83123,1,1,1,2,"HUIDE (CHEMIN DE) N° PAIRS","43,1287300","5,7985100",202000007921,154 728 311,A01,2,1,0,2,1,1,5,NULL,202000007921,154 728 312,B01,1,1,1,2,1978,9,1,0,-1,-1," -1",-1,202000007921,4,NC,0,NULL,2,2,0,2,0,0,3,NULL," -1",1,0,1,50
202000007996,14,10,2020,00:30:00,5,75,75101,2,2,1,6,"BOULEVARD DE SEBASTOPOL","48,8577260","2,3477870",202000007996,154 728 186,A01,1,1,15,0,8,21,5,NULL,202000007996,154 728 186,A01,1,1,4,1,1996,4,2,0,-1,0,0,-1,202000007996,4,NULL,0,NULL,1,4,1,1,0,0,1,NULL," -1",2,-1,5,50
202000010399,28,12,2020,10:10:00,1,75,75115,2,3,8,7,"RUE DE VAUGIRARD","48,8408880","2,3058880",202000010399,154 723 965,A01,2,1,0,0,0,21,5,NULL,202000010399,154 723 965,A01,1,1,4,2,1995,5,8,0,-1,0,0,-1,202000010399,4,NULL,0,NULL,2,3,1,1,0,0,1,NULL," -1",2,-1,5,50
202000011089,27,1,2020,16:20:00,1,91,91174,2,1,2,3,"JOHN KENNEDY (BOULEVARD)","48,5835100","2,4766200",202000011089,154 722 761,B01,3,1,0,2,1,21,0,NULL,202000011089,154 722 760,A01,1,1,1,2,1985,5,1,8,-1,-1," -1",-1,202000011089,4,"JOHN KENNEDY (BOULEVARD)",0,NULL,2,1,1,1,0,0,1,NULL," -1",2,0,5,50
202000011089,27,1,2020,16:20:00,1,91,91174,2,1,2,3,"JOHN KENNEDY (BOULEVARD)","48,5835100","2,4766200",202000011089,154 722 761,B01,3,1,0,2,1,21,0,NULL,202000011089,154 722 761,B01,1,1,4,1,1995,5,8,0,-1,-1," -1",-1,202000011089,4,"JOHN KENNEDY (BOULEVARD)",0,NULL,2,1,1,1,0,0,1,NULL," -1",2,0,5,50
202000012797,26,2,2020,10:20:00,1,29,29137,1,1,1,3,"36 Route des Trois Prats","48,3341640"," -4,2882640",202000012797,154 719 784,B01,1,1,0,2,4,1,5,NULL,202000012797,154 719 783,A01,1,1,1,1,1929,3,1,-1,-1,0,0,-1,202000012797,3,333,0,NULL,2,2,0,1,3,600,1,NULL," -1",1,0,1,70
202000012797,26,2,2020,10:20:00,1,29,29137,1,1,1,3,"36 Route des Trois Prats","48,3341640"," -4,2882640",202000012797,154 719 784,B01,1,1,0,2,4,1,5,NULL,202000012797,154 719 784,B01,1,1,2,2,1956,5,2,-1,-1,0,0,-1,202000012797,3,333,0,NULL,2,2,0,1,3,600,1,NULL," -1",1,0,1,70
202000014106,26,12,2020,14:00:00,1,37,37050,2,2,1,1,"rue monod","47,3468560","0,7071738",202000014106,154 717 496,B01,1,1,0,2,1,5,5,NULL,202000014106,154 717 496,B01,1,1,3,1,1993,1,0,-1,-1,0,0,-1,202000014106,3,943,-1,NULL,1,1,1,1,(1),(1),1,NULL," -1",1,0,1,50
202000014106,26,12,2020,14:00:00,1,37,37050,2,2,1,1,"rue monod","47,3468560","0,7071738",202000014106,154 717 496,B01,1,1,0,2,1,5,5,NULL,202000014106,154 717 497,A01,1,1,1,2,1952,3,1,-1,-1,0,0,-1,202000014106,3,943,-1,NULL,1,1,1,1,(1),(1),1,NULL," -1",1,0,1,50
202000014251,19,11,2020,06:50:00,5,33,33200,2,6,2,2,"MAGUDAS (AVE DE)","44,8585000"," -0,6774300",202000014251,154 717 254,A01,0,1,0,2,4,1,5,NULL,202000014251,154 717 254,A01,1,1,4,1,2001,1,8,-1,-1,-1," -1",-1,202000014251,4,"MAGUDAS (AVE DE)",0,NULL,2,6,2,1,(1),(1),1,NULL," -1",2,5,1,50
202000014594,7,5,2020,16:20:00,1,94,94033,2,6,1,1,"LOUISON BOBET (AV)","48,8524500","2,4907600",202000014594,154 716 681,B01,1,1,0,2,8,1,5,NULL,202000014594,154 716 681,B01,1,1,4,1,1957,0,8,0,-1,-1," -1",-1,202000014594,3,143,0,NULL,1,2,2,1,0,1,3,NULL," -1",1,9,1,50
202000014594,7,5,2020,16:20:00,1,94,94033,2,6,1,1,"LOUISON BOBET (AV)","48,8524500","2,4907600",202000014594,154 716 681,B01,1,1,0,2,8,1,5,NULL,202000014594,154 716 682,A01,1,1,1,2,1954,3,8,0,-1,-1," -1",-1,202000014594,3,143,0,NULL,1,2,2,1,0,1,3,NULL," -1",1,9,1,50
202000014810,24,1,2020,15:35:00,1,75,75102,2,3,1,3,"BOULEVARD POISSONNIERE","48,8709323","2,3459297",202000014810,154 716 314,B01,2,1,0,2,3,1,5,NULL,202000014810,154 716 314,B01,1,1,4,1,1961,5,8,2,-1,0,0,-1,202000014810,4,NULL,0,NULL,2,2,0,1,0,0,1,NULL,5,1,0,1,50
202000014810,24,1,2020,15:35:00,1,75,75102,2,3,1,3,"BOULEVARD POISSONNIERE","48,8709323","2,3459297",202000014810,154 716 314,B01,2,1,0,2,3,1,5,NULL,202000014810,154 716 315,A01,1,1,1,2,1992,1,1,0,-1,0,0,-1,202000014810,4,NULL,0,NULL,2,2,0,1,0,0,1,NULL,5,1,0,1,50
202000018909,22,2,2020,20:05:00,5,91,91161,2,9,1,6,"CARREFOUR RN20 / CD120","48,7153200","2,2982200",202000018909,154 708 981,Y01,1,1,0,2,0,19,6,NULL,202000018909,154 708 981,Y01,1,1,3,1,1995,1,0,-1,-1,0,0,-1,202000018909,2,20,0,NULL,2,5,0,1,2,302,1,NULL," -1",1,0,1,50
202000021913,10,11,2020,15:15:00,1,75,75101,2,2,2,3,"RUE CAMBON","48,8666840","2,3255720",202000021913,154 703 663,A01,2,1,0,2,5,1,5,NULL,202000021913,154 703 663,A01,1,1,4,2,1967,9,8,0,-1,0,0,-1,202000021913,4,NULL,0,NULL,1,1,0,1,0,0,1,NULL," -1",2,0,1,30
202000021913,10,11,2020,15:15:00,1,75,75101,2,2,2,3,"RUE CAMBON","48,8666840","2,3255720",202000021913,154 703 663,A01,2,1,0,2,5,1,5,NULL,202000021913,154 703 664,B01,1,1,1,1,1973,1,1,0,-1,0,0,-1,202000021913,4,NULL,0,NULL,1,1,0,1,0,0,1,NULL," -1",2,0,1,30
202000022055,13,12,2020,16:52:00,2,49,49007,2,1,1,2,"Rue des Lices","47,4687800"," -0,5535300",202000022055,154 703 403,A01,1,1,0,2,0,1,5,NULL,202000022055,154 703 402,B01,1,1,1,1,1969,-1,1,-1,-1,-1," -1",-1,202000022055,4,LICES,0,NULL,-1,2,0,1,(1),(1),1,NULL," -1",1,0,1,30
202000022055,13,12,2020,16:52:00,2,49,49007,2,1,1,2,"Rue des Lices","47,4687800"," -0,5535300",202000022055,154 703 403,A01,1,1,0,2,0,1,5,NULL,202000022055,154 703 403,A01,1,1,4,1,2002,0,2,0,-1,-1," -1",-1,202000022055,4,LICES,0,NULL,-1,2,0,1,(1),(1),1,NULL," -1",1,0,1,30
202000022525,9,7,2020,09:08:00,1,75,75116,2,2,1,3,"ROUTE DE SEVRES A NEUILLY","48,8622790","2,2383040",202000022525,154 702 602,A01,1,1,0,2,4,15,5,NULL,202000022525,154 702 602,A01,1,1,4,1,1968,9,2,0,-1,0,0,-1,202000022525,4,NULL,0,NULL,2,2,0,1,0,0,1,NULL," -1",1,0,1,50
202000022525,9,7,2020,09:08:00,1,75,75116,2,2,1,3,"ROUTE DE SEVRES A NEUILLY","48,8622790","2,2383040",202000022525,154 702 602,A01,1,1,0,2,4,15,5,NULL,202000022525,154 702 603,B01,1,1,1,1,1990,9,1,0,-1,0,0,-1,202000022525,4,NULL,0,NULL,2,2,0,1,0,0,1,NULL," -1",1,0,1,50
202000023048,8,9,2020,18:30:00,1,93,93070,2,3,1,3,"GABRIEL-PERI (AV)","48,9013781","2,3303712",202000023048,154 701 675,B01,1,1,0,2,8,1,5,NULL,202000023048,154 701 675,B01,1,1,4,1,1953,5,8,0,-1,-1," -1",-1,202000023048,3,"GABRIEL-PERI (AV)",0,NULL,1,2,1,2,0,1,1,NULL," -1",1,0,5,30
202000024418,11,1,2020,12:40:00,1,69,69382,2,8,1,3,"CHARLEMAGNE                         (CO)","45,7426300","4,8207600",202000024418,154 699 292,A01,1,1,0,4,6,1,5,NULL,202000024418,154 699 292,A01,1,1,3,1,1991,0,2,4,-1,-1," -1",-1,202000024418,4,NULL,0,NULL,2,10,3,1,0,0,1,NULL," -1",1,4,6,50
202000024418,11,1,2020,12:40:00,1,69,69382,2,8,1,3,"CHARLEMAGNE                         (CO)","45,7426300","4,8207600",202000024418,154 699 292,A01,1,1,0,4,6,1,5,NULL,202000024418,154 699 293,B01,1,1,1,1,1983,9,8,0,-1,-1," -1",-1,202000024418,4,NULL,0,NULL,2,10,3,1,0,0,1,NULL," -1",1,4,6,50
202000024458,9,7,2020,14:25:00,1,75,75115,2,1,1,1,"RUE TIPHAINE","48,8488850","2,2962150",202000024458,154 699 220,B01,1,1,0,2,1,1,5,NULL,202000024458,154 699 220,B01,1,1,4,1,1974,5,2,0,-1,0,0,-1,202000024458,4,NULL,0,NULL,2,2,0,1,(1),0,1,NULL," -1",1,0,1,30
202000024458,9,7,2020,14:25:00,1,75,75115,2,1,1,1,"RUE TIPHAINE","48,8488850","2,2962150",202000024458,154 699 220,B01,1,1,0,2,1,1,5,NULL,202000024458,154 699 221,A01,1,1,4,1,1982,9,2,6,-1,0,0,-1,202000024458,4,NULL,0,NULL,2,2,0,1,(1),0,1,NULL," -1",1,0,1,30
202000024814,9,9,2020,12:20:00,1,60,60440,2,2,1,3,"Rue Eugène Boullenger","49,4915940","2,6297340",202000024814,154 698 582,B01,1,1,0,2,1,1,5,NULL,202000024814,154 698 581,A01,1,1,1,1,1967,5,1,-1,-1,0,0,-1,202000024814,3,37,-1,NULL,2,2,0,1,18,600,1,NULL," -1",1,0,1,30
202000024814,9,9,2020,12:20:00,1,60,60440,2,2,1,3,"Rue Eugène Boullenger","49,4915940","2,6297340",202000024814,154 698 582,B01,1,1,0,2,1,1,5,NULL,202000024814,154 698 582,B01,1,1,3,1,1947,5,2,-1,-1,0,0,-1,202000024814,3,37,-1,NULL,2,2,0,1,18,600,1,NULL," -1",1,0,1,30
202000026240,17,1,2020,19:15:00,5,94,94069,2,1,1,6,"MOULIN DES CORBEAUX (ALL DU)","48,8147900","2,4567700",202000026240,154 696 096,A01,0,1,0,1,1,1,0,NULL,202000026240,154 696 096,A01,1,1,4,1,1945,5,2,4,-1,-1," -1",-1,202000026240,4,"MOULIN DES CORBEAUX (ALL DU)",0,NULL,2,2,0,1,0,1,1,NULL," -1",1,0,1,30
202000026240,17,1,2020,19:15:00,5,94,94069,2,1,1,6,"MOULIN DES CORBEAUX (ALL DU)","48,8147900","2,4567700",202000026240,154 696 096,A01,0,1,0,1,1,1,0,NULL,202000026240,154 696 096,A01,10,3,4,1,1997,5,8,0,-1,1,3,1,202000026240,4,"MOULIN DES CORBEAUX (ALL DU)",0,NULL,2,2,0,1,0,1,1,NULL," -1",1,0,1,30
202000026388,8,7,2020,14:30:00,1,75,75115,2,2,1,-1,"RUE CAMBRONNE","48,8426170","2,3027060",202000026388,154 695 828,A01,1,1,0,2,4,1,5,NULL,202000026388,154 695 828,A01,1,1,4,1,1982,5,8,0,-1,0,0,-1,202000026388,4,NULL,0,NULL,2,2,0,2,0,0,1,NULL," -1",1,0,1,50
202000026388,8,7,2020,14:30:00,1,75,75115,2,2,1,-1,"RUE CAMBRONNE","48,8426170","2,3027060",202000026388,154 695 827,Z01,2,1,0,2,0,1,6,NULL,202000026388,154 695 828,A01,1,1,4,1,1982,5,8,0,-1,0,0,-1,202000026388,4,NULL,0,NULL,2,2,0,2,0,0,1,NULL," -1",1,0,1,50
202000026472,8,7,2020,17:50:00,1,42,42299,2,1,1,1,"Allée du Bicêtre","45,6124090","4,0798490",202000026472,154 695 681,A01,3,1,0,2,8,19,5,NULL,202000026472,154 695 681,A01,1,1,4,1,2002,0,0,-1,-1,0,0,-1,202000026472,3,204,0,NULL,2,2,0,1,5,200,1,NULL," -1",1,0,1,50
202000026472,8,7,2020,17:50:00,1,42,42299,2,1,1,1,"Allée du Bicêtre","45,6124090","4,0798490",202000026472,154 695 681,A01,3,1,0,2,8,19,5,NULL,202000026472,154 695 682,B01,1,1,1,1,1999,1,1,-1,-1,0,0,-1,202000026472,3,204,0,NULL,2,2,0,1,5,200,1,NULL," -1",1,0,1,50
202000026547,8,2,2020,19:33:00,5,49,49007,2,1,2,3,"PASTEUR AVENUE","47,4814300"," -0,5234800",202000026547,154 695 542,B01,1,1,0,2,1,0,5,NULL,202000026547,154 695 542,B01,1,1,4,2,1969,0,8,0,-1,-1," -1",-1,202000026547,4,"PASTEUR AVENUE",0,NULL,2,2,0,1,0,0,1,NULL," -1",2,0,1,60
202000026547,8,2,2020,19:33:00,5,49,49007,2,1,2,3,"PASTEUR AVENUE","47,4814300"," -0,5234800",202000026547,154 695 542,B01,1,1,0,2,1,0,5,NULL,202000026547,154 695 543,A01,1,1,1,1,1938,0,1,8,-1,-1," -1",-1,202000026547,4,"PASTEUR AVENUE",0,NULL,2,2,0,1,0,0,1,NULL," -1",2,0,1,60
202000027627,2,10,2020,08:00:00,1,75,75110,2,1,2,2,"RUE ALIBERT","48,8719470","2,3688960",202000027627,154 693 685,B01,2,1,0,2,5,1,5,NULL,202000027627,154 693 684,A01,1,1,1,1,1995,4,1,0,-1,0,0,-1,202000027627,4,NULL,0,NULL,2,2,0,2,0,0,1,NULL," -1",2,0,1,50
202000027627,2,10,2020,08:00:00,1,75,75110,2,1,2,2,"RUE ALIBERT","48,8719470","2,3688960",202000027627,154 693 685,B01,2,1,0,2,5,1,5,NULL,202000027627,154 693 685,B01,1,1,4,1,2003,2,8,0,-1,0,0,-1,202000027627,4,NULL,0,NULL,2,2,0,2,0,0,1,NULL," -1",2,0,1,50
202000028235,12,1,2020,09:47:00,1,78,78117,2,1,1,6,"LOUIS BLERIOT (RUE)","48,7791590","2,1307260",202000028235,154 692 619,A01,1,1,0,5,1,1,5,NULL,202000028235,154 692 619,A01,1,1,2,2,1957,5,2,6,-1,-1," -1",-1,202000028235,3,938,0,NULL,2,2,0,2,3,100,1,NULL,"5,5",1,0,1,50
202000029587,30,9,2020,17:30:00,1,10,10387,2,2,1,1,"HENRI BARBUSSE (RUE)","48,2988820","4,0865690",202000029587,154 690 254,B01,2,1,0,2,1,1,5,NULL,202000029587,154 690 254,B01,1,1,4,1,1980,9,8,0,-1,-1," -1",-1,202000029587,4,"HENRI BARBUSSE (RUE)",0,NULL,2,2,1,1,0,0,1,NULL," -1",1,0,1,50
202000029587,30,9,2020,17:30:00,1,10,10387,2,2,1,1,"HENRI BARBUSSE (RUE)","48,2988820","4,0865690",202000029587,154 690 254,B01,2,1,0,2,1,1,5,NULL,202000029587,154 690 256,A01,1,1,1,1,1998,0,1,0,-1,-1," -1",-1,202000029587,4,"HENRI BARBUSSE (RUE)",0,NULL,2,2,1,1,0,0,1,NULL," -1",1,0,1,50
202000029757,3,6,2020,14:55:00,1,75,75107,2,2,1,6,"AVENUE CHARLES RISLER","48,8554100","2,3013610",202000029757,154 689 953,A01,3,1,0,1,1,1,5,NULL,202000029757,154 689 953,A01,1,1,1,1,1972,9,2,0,-1,-1," -1",-1,202000029757,4,NULL,0,NULL,-1,1,0,1,0,0,1,NULL," -1",1,0,1,20
202000029757,3,6,2020,14:55:00,1,75,75107,2,2,1,6,"AVENUE CHARLES RISLER","48,8554100","2,3013610",202000029757,154 689 953,A01,3,1,0,1,1,1,5,NULL,202000029757,154 689 953,A01,10,3,4,2,1934,5,8,8,-1,3,3,1,202000029757,4,NULL,0,NULL,-1,1,0,1,0,0,1,NULL," -1",1,0,1,20
202000036179,3,7,2020,08:15:00,1,38,38540,2,1,1,1,"Rue Castiglion Fibocchi","45,2734300","5,6151900",202000036179,154 678 790,B01,0,1,0,2,1,1,5,NULL,202000036179,154 678 789,A01,1,1,1,2,1998,1,1,-1,-1,0,0,-1,202000036179,4,NULL,-1,NULL,2,2,0,2,(1),(1),3,NULL," -1",1,0,1,50
202000036179,3,7,2020,08:15:00,1,38,38540,2,1,1,1,"Rue Castiglion Fibocchi","45,2734300","5,6151900",202000036179,154 678 790,B01,0,1,0,2,1,1,5,NULL,202000036179,154 678 790,B01,1,1,3,1,2006,0,2,-1,-1,0,0,-1,202000036179,4,NULL,-1,NULL,2,2,0,2,(1),(1),3,NULL," -1",1,0,1,50
202000037411,26,10,2020,08:10:00,1,80,80021,2,1,1,3,"ALPHONSE FIQUET (PLACE)","49,8907500","2,3065500",202000037411,154 676 635,B01,0,1,0,2,7,19,5,NULL,202000037411,154 676 635,B01,1,1,4,2,1989,0,2,0,-1,-1," -1",-1,202000037411,4,"ALPHONSE FIQUET (PLACE)",0,NULL,1,6,0,1,0,0,1,NULL," -1",1,0,1,50
202000037411,26,10,2020,08:10:00,1,80,80021,2,1,1,3,"ALPHONSE FIQUET (PLACE)","49,8907500","2,3065500",202000037411,154 676 635,B01,0,1,0,2,7,19,5,NULL,202000037411,154 676 654,A01,1,1,1,2,1996,0,1,0,-1,-1," -1",-1,202000037411,4,"ALPHONSE FIQUET (PLACE)",0,NULL,1,6,0,1,0,0,1,NULL," -1",1,0,1,50
202000040402,28,8,2020,15:10:00,1,69,69386,2,2,3,3,"LAFAYETTE                           (CO)","45,7636000","4,8482900",202000040402,154 671 368,A01,2,1,0,2,1,1,5,NULL,202000040402,154 671 368,A01,1,1,3,1,2001,5,8,0,-1,-1," -1",-1,202000040402,4,"LAFAYETTE                           (CO)",0,NULL,2,5,1,1,(1),(1),1,NULL," -1",2,0,6,50
202000040402,28,8,2020,15:10:00,1,69,69386,2,2,3,3,"LAFAYETTE                           (CO)","45,7636000","4,8482900",202000040402,154 671 368,A01,2,1,0,2,1,1,5,NULL,202000040402,154 671 369,B01,1,1,1,1,1963,5,1,0,-1,-1," -1",-1,202000040402,4,"LAFAYETTE                           (CO)",0,NULL,2,5,1,1,(1),(1),1,NULL," -1",2,0,6,50
202000040625,6,12,2020,09:10:00,1,29,29103,2,1,1,6,"Rue Théodore Botrel","48,4436040"," -4,2580120",202000040625,154 670 956,A01,3,1,0,5,1,1,5,NULL,202000040625,154 670 956,A01,1,1,4,1,1963,5,2,6,-1,0,0,-1,202000040625,4,"Rue Théodore Botrel",-1,NULL,2,2,0,2,(1),(1),1,NULL," -1",2,0,1,50
202000047531,17,10,2020,12:45:00,1,06,06079,2,1,1,3,"Avenue Marcel Pagnol","43,5461690","6,9430430",202000047531,154 658 738,A01,3,1,0,2,3,1,5,NULL,202000047531,154 658 737,B01,1,1,1,1,1944,5,1,-1,-1,0,0,-1,202000047531,4,0,0,A,2,2,0,1,0,0,1,NULL," -1",1,0,1,50
202000047531,17,10,2020,12:45:00,1,06,06079,2,1,1,3,"Avenue Marcel Pagnol","43,5461690","6,9430430",202000047531,154 658 738,A01,3,1,0,2,3,1,5,NULL,202000047531,154 658 738,A01,1,1,3,1,1958,0,2,-1,-1,0,0,-1,202000047531,4,0,0,A,2,2,0,1,0,0,1,NULL," -1",1,0,1,50
202000007278,17,9,2020,09:15:00,1,17,17292,1,1,1,3,D739,"45,9651120"," -0,7271580",202000007278,154 729 455,A01,2,1,0,0,4,13,5,NULL,202000007278,154 729 454,B01,1,1,1,1,1998,4,1,-1,-1,0,0,-1,202000007278,3,739,0,NULL,2,2,0,1,30,0,1,NULL," -1",1,0,1,80
202000007278,17,9,2020,09:15:00,1,17,17292,1,1,1,3,D739,"45,9651120"," -0,7271580",202000007278,154 729 455,A01,2,1,0,0,4,13,5,NULL,202000007278,154 729 455,A01,1,1,2,1,1946,5,2,-1,-1,0,0,-1,202000007278,3,739,0,NULL,2,2,0,1,30,0,1,NULL," -1",1,0,1,80
202000009000,27,2,2020,19:14:00,5,75,75119,2,3,8,3,"RUE DE TANGER","48,8848630","2,3674060",202000009000,154 726 431,B01,2,1,0,2,1,1,5,NULL,202000009000,154 726 431,B01,1,1,4,2,1973,5,8,0,-1,0,0,-1,202000009000,4,NULL,0,NULL,2,2,1,1,1,0,1,NULL,4,1,0,1,30