Num_Acc,jour,mois,an,hrmn,lum,dep,com,agg,int,atm,col,adr,lat,long,Num_Acc,id_vehicule,num_veh,senc,catv,obs,obsm,choc,manv,motor,occutc,Num_Acc,id_vehicule,num_veh,place,catu,grav,sexe,an_nais,trajet,secu1,secu2,secu3,locp,actp,etatp,Num_Acc,catr,voie,v1,v2,circ,nbv,vosp,prof,pr,pr1,plan,lartpc,larrout,surf,infra,situ,vma
202000009000,27,2,2020,19:14:00,5,75,75119,2,3,8,3,"RUE DE TANGER","48,8848630","2,3674060",202000009000,154 726 431,B01,2,1,0,2,1,1,5,NULL,202000009000,154 726 432,A01,1,1,1,2,1993,5,1,0,-1,0,0,-1,202000009000,4,NULL,0,NULL,2,2,1,1,1,0,1,NULL,4,1,0,1,30
202000009029,25,2,2020,20:45:00,5,75,75115,2,2,1,5,"RUE DE LA CONVENTION","48,8421600","2,2855810",202000009029,154 726 384,B01,2,1,0,2,2,1,5,NULL,202000009029,154 726 384,B01,1,1,4,1,1985,1,2,4,-1,0,0,-1,202000009029,4,NULL,0,NULL,2,3,0,1,0,0,1,NULL,9,1,0,1,50
202000009029,25,2,2020,20:45:00,5,75,75115,2,2,1,5,"RUE DE LA CONVENTION","48,8421600","2,2855810",202000009029,154 726 384,B01,2,1,0,2,2,1,5,NULL,202000009029,154 726 385,A01,1,1,1,1,1999,5,1,0,-1,0,0,-1,202000009029,4,NULL,0,NULL,2,3,0,1,0,0,1,NULL,9,1,0,1,50
202000009029,25,2,2020,20:45:00,5,75,75115,2,2,1,5,"RUE DE LA CONVENTION","48,8421600","2,2855810",202000009029,154 726 384,B01,2,1,0,2,2,1,5,NULL,202000009029,154 726 386,C01,1,1,1,1,1970,1,1,0,-1,0,0,-1,202000009029,4,NULL,0,NULL,2,3,0,1,0,0,1,NULL,9,1,0,1,50
202000010358,24,12,2020,15:53:00,1,87,87085,2,1,2,3,"GARIBALDI (AVENUE)","45,8369900","1,2598800",202000010358,154 724 034,A01,2,1,0,2,1,1,5,NULL,202000010358,154 724 034,A01,1,1,4,1,1999,5,2,0,-1,-1," -1",-1,202000010358,4,"GARIBALDI (AVENUE)",0,NULL,2,3,0,1,0,0,1,NULL," -1",2,0,1,50
202000010358,24,12,2020,15:53:00,1,87,87085,2,1,2,3,"GARIBALDI (AVENUE)","45,8369900","1,2598800",202000010358,154 724 034,A01,2,1,0,2,1,1,5,NULL,202000010358,154 724 035,B01,1,1,1,1,1996,5,1,0,-1,-1," -1",-1,202000010358,4,"GARIBALDI (AVENUE)",0,NULL,2,3,0,1,0,0,1,NULL," -1",2,0,1,50
202000011088,27,1,2020,18:25:00,5,91,91687,2,9,2,3,"BELLAY (AVENUE DU)","48,6758220","2,3633510",202000011088,154 722 762,B01,3,1,0,2,2,19,5,NULL,202000011088,154 722 762,B01,1,1,4,1,2004,0,8,0,-1,-1," -1",-1,202000011088,7,"BELLAY (AVENUE DU)",0,NULL,2,2,0,1,1,0,1,NULL," -1",2,9,1,50
202000011088,27,1,2020,18:25:00,5,91,91687,2,9,2,3,"BELLAY (AVENUE DU)","48,6758220","2,3633510",202000011088,154 722 762,B01,3,1,0,2,2,19,5,NULL,202000011088,154 722 763,A01,1,1,1,2,1980,0,1,0,-1,-1," -1",-1,202000011088,7,"BELLAY (AVENUE DU)",0,NULL,2,2,0,1,1,0,1,NULL," -1",2,9,1,50
202000011228,13,9,2020,12:10:00,1,78,78490,2,1,1,1,"BRETECHELLE (RUE DE LA)","48,8159700","1,9590600",202000011228,154 722 502,A01,1,1,0,2,1,5,5,NULL,202000011228,154 722 502,A01,1,1,3,1,1972,0,2,0,-1,-1," -1",-1,202000011228,4,"BRETECHELLE (RUE DE LA)",0,NULL,1,1,0,4,0,0,4,NULL," -1",1,9,1,50
202000011228,13,9,2020,12:10:00,1,78,78490,2,1,1,1,"BRETECHELLE (RUE DE LA)","48,8159700","1,9590600",202000011228,154 722 502,A01,1,1,0,2,1,5,5,NULL,202000011228,154 722 503,B01,1,1,1,1,2000,0,1,8,-1,-1," -1",-1,202000011228,4,"BRETECHELLE (RUE DE LA)",0,NULL,1,1,0,4,0,0,4,NULL," -1",1,9,1,50
202000011953,16,8,2020,14:05:00,1,972,97213,1,1,2,1,"ROUTE DEPARTEMENTALE 3","14,6566000"," -60,9755000",202000011953,154 721 225,B01,1,1,0,2,1,21,5,NULL,202000011953,154 721 225,B01,1,1,4,1,2005,9,2,8,8,-1," -1",-1,202000011953,3,"ROUTE DEPARTEMENTALE 3",0,NULL,2,2,0,2,8,699,2,NULL," -1",2,0,1,50
202000018561,22,1,2020,15:25:00,1,10,10387,2,1,1,3,"EMILE ZOLA (RUE)","48,2963450","4,0745630",202000018561,154 709 598,A01,3,1,0,2,1,21,5,NULL,202000018561,154 709 598,A01,1,1,4,1,1993,0,8,0,-1,-1,0,-1,202000018561,4,"EMILE ZOLA (RUE)",0,NULL,1,1,0,1,0,0,1,NULL," -1",1,0,1,30
202000018561,22,1,2020,15:25:00,1,10,10387,2,1,1,3,"EMILE ZOLA (RUE)","48,2963450","4,0745630",202000018561,154 709 598,A01,3,1,0,2,1,21,5,NULL,202000018561,154 709 599,B01,1,1,1,1,1960,0,1,8,-1,-1,0,-1,202000018561,4,"EMILE ZOLA (RUE)",0,NULL,1,1,0,1,0,0,1,NULL," -1",1,0,1,30
202000019650,7,8,2020,13:24:00,1,31,31555,1,1,1,6,"AV DE GRANDE BRETAGNE","43,6052700","1,4033800",202000019650,154 707 620,A01,0,1,0,0,0,1,5,NULL,202000019650,154 707 620,A01,1,1,3,1,1966,9,8,0,-1,-1," -1",-1,202000019650,4,"AV DE GRANDE BRETAGNE",0,NULL,3,2,1,1,0,0,1,NULL," -1",1,0,1,50
202000020214,28,4,2020,15:00:00,1,75,75119,2,2,1,3,"RUE DES BOIS","48,8785460","2,4001150",202000020214,154 706 638,A01,1,1,0,2,6,1,5,NULL,202000020214,154 706 638,A01,1,1,4,1,1992,9,8,0,-1,0,0,-1,202000020214,4,NULL,0,NULL,1,1,0,2,0,0,1,NULL," -1",1,0,1,30
202000020214,28,4,2020,15:00:00,1,75,75119,2,2,1,3,"RUE DES BOIS","48,8785460","2,4001150",202000020214,154 706 638,A01,1,1,0,2,6,1,5,NULL,202000020214,154 706 639,B01,1,1,1,1,1988,4,1,0,-1,0,0,-1,202000020214,4,NULL,0,NULL,1,1,0,2,0,0,1,NULL," -1",1,0,1,30
202000020471,21,1,2020,15:15:00,1,75,75114,2,7,1,3,"PLACE DE CATALOGNE","48,8372487","2,3187624",202000020471,154 706 235,B01,3,1,0,2,5,1,5,NULL,202000020471,154 706 234,A01,1,1,1,1,1993,4,1,0,-1,0,0,-1,202000020471,4,NULL,0,NULL,1,4,1,1,0,0,2,NULL,12,1,-1,5,30
202000020471,21,1,2020,15:15:00,1,75,75114,2,7,1,3,"PLACE DE CATALOGNE","48,8372487","2,3187624",202000020471,154 706 235,B01,3,1,0,2,5,1,5,NULL,202000020471,154 706 235,B01,1,1,4,1,1996,1,8,2,-1,0,0,-1,202000020471,4,NULL,0,NULL,1,4,1,1,0,0,2,NULL,12,1,-1,5,30
202000020789,18,2,2020,15:30:00,1,62,62041,2,1,1,1,"DUMETZ ( DU COMMANDANT )","50,2842250","2,7857560",202000020789,154 705 648,B01,1,1,0,2,2,16,0,NULL,202000020789,154 705 648,B01,1,1,3,1,1962,9,2,8,-1,-1," -1",-1,202000020789,4,NULL,0,NULL,-1,0,0,1,1,0,1,NULL," -1",1,0,1,50
202000020789,18,2,2020,15:30:00,1,62,62041,2,1,1,1,"DUMETZ ( DU COMMANDANT )","50,2842250","2,7857560",202000020789,154 705 648,B01,1,1,0,2,2,16,0,NULL,202000020789,154 705 649,A01,1,1,1,1,1999,5,1,0,-1,-1," -1",-1,202000020789,4,NULL,0,NULL,-1,0,0,1,1,0,1,NULL," -1",1,0,1,50
202000022331,20,1,2020,09:00:00,2,45,45284,2,3,1,7,"Rue de la Godde - Rue du Petit Vomimbert","47,9223100","1,9718700",202000022331,154 702 936,A01,0,1,0,0,7,16,5,NULL,202000022331,154 702 936,A01,1,1,4,1,1960,1,8,0,-1,0,0,-1,202000022331,4,"Rue du Petit Vomimbert",0,NULL,2,2,0,1,(1),(1),1,NULL," -1",7,0,1,50
202000022375,20,1,2020,16:55:00,1,75,75101,2,2,1,6,"RUE DE RIVOLI","48,8598842","2,3439942",202000022375,154 702 857,A01,1,1,0,1,5,1,5,NULL,202000022375,154 702 857,A01,10,3,4,2,1977,9,0,-1,-1,4,3,2,202000022375,4,NULL,0,NULL,2,3,1,1,0,0,1,NULL,9,1,-1,5,50
202000022375,20,1,2020,16:55:00,1,75,75101,2,2,1,6,"RUE DE RIVOLI","48,8598842","2,3439942",202000022375,154 702 857,A01,1,1,0,1,5,1,5,NULL,202000022375,154 702 857,A01,1,1,1,1,2001,9,8,2,-1,0,0,-1,202000022375,4,NULL,0,NULL,2,3,1,1,0,0,1,NULL,9,1,-1,5,50
202000023900,16,12,2020,07:30:00,2,30,30211,2,3,1,3,"Avenue de Provence","43,8311900","4,4970860",202000023900,154 700 177,B01,0,1,0,2,2,0,5,NULL,202000023900,154 700 176,A01,1,1,1,1,1996,1,1,-1,-1,0,0,-1,202000023900,3,NULL,-1,NULL,2,2,0,1,(1),(1),1,NULL," -1",2,0,1,20
202000023900,16,12,2020,07:30:00,2,30,30211,2,3,1,3,"Avenue de Provence","43,8311900","4,4970860",202000023900,154 700 177,B01,0,1,0,2,2,0,5,NULL,202000023900,154 700 177,B01,1,1,3,1,2008,2,0,-1,-1,0,0,-1,202000023900,3,NULL,-1,NULL,2,2,0,1,(1),(1),1,NULL," -1",2,0,1,20
202000024168,17,4,2020,11:50:00,1,94,94041,2,1,1,3,"MOLIERE (R)","48,8130600","2,3962200",202000024168,154 699 720,B01,1,1,1,0,1,1,0,NULL,202000024168,154 699 719,A01,1,1,1,1,1996,0,1,0,-1,-1," -1",-1,202000024168,4,"MOLIERE (R)",0,NULL,2,2,0,1,0,0,1,NULL," -1",1,0,1,50
202000024168,17,4,2020,11:50:00,1,94,94041,2,1,1,3,"MOLIERE (R)","48,8130600","2,3962200",202000024168,154 699 720,B01,1,1,1,0,1,1,0,NULL,202000024168,154 699 720,B01,1,1,3,2,1969,0,2,0,-1,-1," -1",-1,202000024168,4,"MOLIERE (R)",0,NULL,2,2,0,1,0,0,1,NULL," -1",1,0,1,50
202000024489,3,3,2020,16:40:00,1,92,92044,2,1,1,3,"RIVAY(RUE)97A107 ET 96A108","48,9003817","2,2847378",202000024489,154 699 164,B01,2,1,0,2,8,1,5,NULL,202000024489,154 699 163,A01,1,1,1,1,1963,0,1,0,-1,-1," -1",-1,202000024489,4,"RIVAY (RUE) ",0,NULL,1,1,0,1,0,0,1,NULL," -1",1,0,1,50
202000024489,3,3,2020,16:40:00,1,92,92044,2,1,1,3,"RIVAY(RUE)97A107 ET 96A108","48,9003817","2,2847378",202000024489,154 699 164,B01,2,1,0,2,8,1,5,NULL,202000024489,154 699 164,B01,1,1,4,1,2010,2,2,0,-1,-1," -1",-1,202000024489,4,"RIVAY (RUE) ",0,NULL,1,1,0,1,0,0,1,NULL," -1",1,0,1,50
202000025683,3,10,2020,10:50:00,1,94,94076,2,1,1,3,"PARIS (AV DE)","48,8011000","2,3652000",202000025683,154 697 038,B01,2,1,0,2,1,1,5,NULL,202000025683,154 697 038,B01,1,1,4,1,1957,0,8,0,-1,-1," -1",-1,202000025683,3,7,0,NULL,2,4,1,2,(1),(1),1,NULL," -1",1,0,1,50
202000025683,3,10,2020,10:50:00,1,94,94076,2,1,1,3,"PARIS (AV DE)","48,8011000","2,3652000",202000025683,154 697 038,B01,2,1,0,2,1,1,5,NULL,202000025683,154 697 039,A01,1,1,1,1,1978,0,1,0,-1,-1," -1",-1,202000025683,3,7,0,NULL,2,4,1,2,(1),(1),1,NULL," -1",1,0,1,50
202000027240,5,8,2020,10:40:00,1,75,75113,2,2,1,3,"BOULEVARD DE L HOPITAL","48,8388540","2,3610010",202000027240,154 694 346,A01,2,1,0,2,6,1,5,NULL,202000027240,154 694 346,A01,1,1,4,1,2000,1,8,0,-1,0,0,-1,202000027240,4,NULL,0,NULL,2,2,0,2,0,0,1,NULL," -1",1,0,1,50
202000027240,5,8,2020,10:40:00,1,75,75113,2,2,1,3,"BOULEVARD DE L HOPITAL","48,8388540","2,3610010",202000027240,154 694 346,A01,2,1,0,2,6,1,5,NULL,202000027240,154 694 348,B01,1,1,1,1,1978,9,1,0,-1,0,0,-1,202000027240,4,NULL,0,NULL,2,2,0,2,0,0,1,NULL," -1",1,0,1,50
202000027577,4,11,2020,08:15:00,1,75,75111,2,1,1,3,"AVENUE LEDRU ROLLIN","48,8527840","2,3769980",202000027577,154 693 771,B01,2,1,0,2,1,1,5,NULL,202000027577,154 693 766,A01,1,1,1,1,1978,9,8,0,-1,0,0,-1,202000027577,4,NULL,0,NULL,2,2,3,1,0,0,1,NULL," -1",1,-1,6,30
202000027577,4,11,2020,08:15:00,1,75,75111,2,1,1,3,"AVENUE LEDRU ROLLIN","48,8527840","2,3769980",202000027577,154 693 771,B01,2,1,0,2,1,1,5,NULL,202000027577,154 693 771,B01,1,1,4,2,1990,9,2,0,-1,0,0,-1,202000027577,4,NULL,0,NULL,2,2,3,1,0,0,1,NULL," -1",1,-1,6,30
202000030346,5,7,2020,19:17:00,1,17,17291,2,1,1,1,"ONZE NOVEMBRE   RUE DU","46,1750700"," -1,1149800",202000030346,154 688 916,B01,3,1,15,2,1,1,5,NULL,202000030346,154 688 915,A01,1,1,1,1,2008,5,8,0,-1,-1," -1",-1,202000030346,9,"ONZE NOVEMBRE   RUE DU",0,NULL,2,1,3,1,1,0,1,NULL," -1",1,6,6,5
202000030346,5,7,2020,19:17:00,1,17,17291,2,1,1,1,"ONZE NOVEMBRE   RUE DU","46,1750700"," -1,1149800",202000030346,154 688 915,A01,3,1,15,2,1,1,5,NULL,202000030346,154 688 915,A01,1,1,1,1,2008,5,8,0,-1,-1," -1",-1,202000030346,9,"ONZE NOVEMBRE   RUE DU",0,NULL,2,1,3,1,1,0,1,NULL," -1",1,6,6,5
202000030346,5,7,2020,19:17:00,1,17,17291,2,1,1,1,"ONZE NOVEMBRE   RUE DU","46,1750700"," -1,1149800",202000030346,154 688 916,B01,3,1,15,2,1,1,5,NULL,202000030346,154 688 916,B01,1,1,4,1,1950,5,8,0,-1,-1," -1",-1,202000030346,9,"ONZE NOVEMBRE   RUE DU",0,NULL,2,1,3,1,1,0,1,NULL," -1",1,6,6,5
202000030346,5,7,2020,19:17:00,1,17,17291,2,1,1,1,"ONZE NOVEMBRE   RUE DU","46,1750700"," -1,1149800",202000030346,154 688 915,A01,3,1,15,2,1,1,5,NULL,202000030346,154 688 916,B01,1,1,4,1,1950,5,8,0,-1,-1," -1",-1,202000030346,9,"ONZE NOVEMBRE   RUE DU",0,NULL,2,1,3,1,1,0,1,NULL," -1",1,6,6,5
202000031720,28,9,2020,16:26:00,1,87,87050,2,3,1,3,"ALSACE (RUE D')","45,8704600","1,2362000",202000031720,154 686 604,A01,2,1,0,2,8,15,5,NULL,202000031720,154 686 604,A01,1,1,4,1,2007,5,2,0,-1,-1," -1",-1,202000031720,4,"CIGOGNES (RUE DES)",0,NULL,2,2,0,1,0,0,1,NULL," -1",1,0,1,50
202000031720,28,9,2020,16:26:00,1,87,87050,2,3,1,3,"ALSACE (RUE D')","45,8704600","1,2362000",202000031720,154 686 604,A01,2,1,0,2,8,15,5,NULL,202000031720,154 686 605,B01,1,1,1,1,1964,4,1,0,-1,-1," -1",-1,202000031720,4,"CIGOGNES (RUE DES)",0,NULL,2,2,0,1,0,0,1,NULL," -1",1,0,1,50
202000031720,28,9,2020,16:26:00,1,87,87050,2,3,1,3,"ALSACE (RUE D')","45,8704600","1,2362000",202000031720,154 686 604,A01,2,1,0,2,8,15,5,NULL,202000031720,154 686 605,B01,2,2,1,1,1963,4,1,0,-1,-1," -1",-1,202000031720,4,"CIGOGNES (RUE DES)",0,NULL,2,2,0,1,0,0,1,NULL," -1",1,0,1,50
202000031863,12,12,2020,12:20:00,1,75,75104,2,1,1,6,"RUE SAINT MARTIN","48,8587890","2,3499800",202000031863,154 686 351,A01,1,1,0,1,1,1,5,NULL,202000031863,154 686 351,A01,1,1,1,1,1992,4,8,0,-1,0,0,-1,202000031863,4,NULL,0,NULL,2,0,3,1,0,0,1,NULL," -1",1,-1,6,20
202000031863,12,12,2020,12:20:00,1,75,75104,2,1,1,6,"RUE SAINT MARTIN","48,8587890","2,3499800",202000031863,154 686 351,A01,1,1,0,1,1,1,5,NULL,202000031863,154 686 351,A01,10,3,4,2,1931,5,0,-1,-1,1,1,1,202000031863,4,NULL,0,NULL,2,0,3,1,0,0,1,NULL," -1",1,-1,6,20
202000032939,30,10,2020,20:30:00,3,987,98748,2,1,1,1,"PK 11+500 Vairo"," -17,8016630"," -149,2958040",202000032939,154 684 556,A01,2,1,0,2,0,1,5,NULL,202000032939,154 684 555,B01,1,1,2,1,2002,5,2,-1,-1,0,0,-1,202000032939,2,4,0,NULL,2,2,0,1,11,500,1,NULL," -1",1,0,1,60
202000032939,30,10,2020,20:30:00,3,987,98748,2,1,1,1,"PK 11+500 Vairo"," -17,8016630"," -149,2958040",202000032939,154 684 556,A01,2,1,0,2,0,1,5,NULL,202000032939,154 684 556,A01,1,1,3,1,2004,5,0,-1,-1,0,0,-1,202000032939,2,4,0,NULL,2,2,0,1,11,500,1,NULL," -1",1,0,1,60
202000033746,11,12,2020,09:00:00,1,75,75110,2,3,2,7,"QUAI DE VALMY","48,8729120","2,3637360",202000033746,154 683 124,A01,2,1,0,0,8,1,5,NULL,202000033746,154 683 124,A01,1,1,4,2,1990,1,8,0,-1,0,0,-1,202000033746,4,NULL,0,NULL,1,2,1,2,0,0,1,NULL," -1",2,-1,5,50
202000035310,12,1,2020,12:12:00,1,75,75108,2,7,1,3,"PLACE DE LA CONCORDE","48,8666666","2,3220178",202000035310,154 680 363,A01,0,1,0,2,1,1,5,NULL,202000035310,154 680 352,B01,1,1,1,1,1953,4,1,0,-1,0,0,-1,202000035310,4,NULL,0,NULL,1,4,0,1,0,0,1,NULL,18,1,0,1,50
202000035310,12,1,2020,12:12:00,1,75,75108,2,7,1,3,"PLACE DE LA CONCORDE","48,8666666","2,3220178",202000035310,154 680 363,A01,0,1,0,2,1,1,5,NULL,202000035310,154 680 363,A01,1,1,3,2,1993,9,8,2,-1,0,0,-1,202000035310,4,NULL,0,NULL,1,4,0,1,0,0,1,NULL,18,1,0,1,50
202000036403,1,9,2020,14:30:00,1,35,35238,2,3,1,3,"ARMORIQUE (BD D')","48,1305200"," -1,6763600",202000036403,154 678 389,B01,1,1,0,2,3,1,0,NULL,202000036403,154 678 388,A01,1,1,1,2,1968,1,1,0,-1,-1," -1",-1,202000036403,4,"ARMORIQUE (BD D')",0,NULL,3,4,1,1,(1),(1),1,NULL," -1",1,5,1,50
202000036403,1,9,2020,14:30:00,1,35,35238,2,3,1,3,"ARMORIQUE (BD D')","48,1305200"," -1,6763600",202000036403,154 678 389,B01,1,1,0,2,3,1,0,NULL,202000036403,154 678 389,B01,1,1,4,1,2003,2,2,8,-1,-1," -1",-1,202000036403,4,"ARMORIQUE (BD D')",0,NULL,3,4,1,1,(1),(1),1,NULL," -1",1,5,1,50
202000036861,9,1,2020,08:35:00,1,80,80021,2,1,1,3,"MARCHE LANSELLES (RUE DU )","49,8957400","2,2977900",202000036861,154 677 566,B01,0,1,0,2,1,1,5,NULL,202000036861,154 677 566,B01,1,1,4,2,1961,0,2,0,-1,-1," -1",-1,202000036861,4,"MARCHE LANSELLES (RUE DU )",0,NULL,2,2,1,2,0,0,1,NULL," -1",2,0,1,30
202000036861,9,1,2020,08:35:00,1,80,80021,2,1,1,3,"MARCHE LANSELLES (RUE DU )","49,8957400","2,2977900",202000036861,154 677 566,B01,0,1,0,2,1,1,5,NULL,202000036861,154 677 567,A01,1,1,1,1,1994,0,1,0,-1,-1," -1",-1,202000036861,4,"MARCHE LANSELLES (RUE DU )",0,NULL,2,2,1,2,0,0,1,NULL," -1",2,0,1,30
202000037023,15,5,2020,18:30:00,1,33,33069,2,1,1,3,"5  CRS LOUIS BLANC","44,8649700"," -0,5992700",202000037023,154 677 296,B01,2,1,0,2,0,25,5,NULL,202000037023,154 677 296,B01,1,1,4,2,2015,5,2,-1,-1,-1," -1",-1,202000037023,4,"CRS LOUIS BLANC",0,NULL,1,1,1,1,(1),(1),1,NULL," -1",1,0,1,30
202000037023,15,5,2020,18:30:00,1,33,33069,2,1,1,3,"5  CRS LOUIS BLANC","44,8649700"," -0,5992700",202000037023,154 677 296,B01,2,1,0,2,0,25,5,NULL,202000037023,154 677 297,A01,1,1,1,2,1985,9,8,-1,-1,-1," -1",-1,202000037023,4,"CRS LOUIS BLANC",0,NULL,1,1,1,1,(1),(1),1,NULL," -1",1,0,1,30
202000037731,26,10,2020,15:13:00,1,75,75108,2,7,1,3,"PLACE DE LA CONCORDE","48,8658430","2,3198850",202000037731,154 676 046,A01,1,1,0,2,2,1,5,NULL,202000037731,154 676 046,A01,1,1,4,2,1973,5,2,0,-1,0,0,-1,202000037731,4,NULL,0,NULL,1,4,0,1,0,0,1,NULL," -1",1,0,1,50
202000038933,28,5,2020,20:15:00,1,27,27681,2,1,1,6,"SENTIER SOUS LE PARC (RUE DU)","49,0856400","1,4733400",202000038933,154 673 931,A01,3,1,0,1,0,1,5,NULL,202000038933,154 673 931,A01,1,1,1,1,2011,5,8,0,-1,0,0,-1,202000038933,6,"SENTIER SOUS LE PARC (RUE DU)",0,NULL,-1,-1,0,1,(1),(1),1,NULL," -1",1,0,1,50
202000038933,28,5,2020,20:15:00,1,27,27681,2,1,1,6,"SENTIER SOUS LE PARC (RUE DU)","49,0856400","1,4733400",202000038933,154 673 931,A01,3,1,0,1,0,1,5,NULL,202000038933,154 673 931,A01,10,3,4,2,2014,5,0,-1,-1,9,9,3,202000038933,6,"SENTIER SOUS LE PARC (RUE DU)",0,NULL,-1,-1,0,1,(1),(1),1,NULL," -1",1,0,1,50
202000040532,6,2,2020,23:10:00,5,31,31555,2,2,1,3,"RUE DE LA REPUBLIQUE","43,5989000","1,4366200",202000040532,154 671 121,B01,2,1,0,2,6,19,5,NULL,202000040532,154 671 121,B01,1,1,4,1,1988,0,2,0,-1,-1,0,-1,202000040532,3,NULL,0,NULL,1,2,0,2,0,0,1,NULL,4,1,0,1,50
202000040532,6,2,2020,23:10:00,5,31,31555,2,2,1,3,"RUE DE LA REPUBLIQUE","43,5989000","1,4366200",202000040532,154 671 121,B01,2,1,0,2,6,19,5,NULL,202000040532,154 671 122,A01,1,1,1,1,1989,5,2,8,-1,-1,0,-1,202000040532,3,NULL,0,NULL,1,2,0,2,0,0,1,NULL,4,1,0,1,50
202000042208,10,3,2020,17:00:00,1,05,05061,2,6,1,3,"Place Frederic Euzieres","44,5566818","6,0769548",202000042208,154 668 127,B01,2,1,0,2,5,1,5,NULL,202000042208,154 668 127,B01,1,1,4,1,1995,9,8,0,-1,0,0,-1,202000042208,2,"place frederic Euzières",0,NULL,1,1,0,1,38,70,1,NULL," -1",1,0,1,50
202000042208,10,3,2020,17:00:00,1,05,05061,2,6,1,3,"Place Frederic Euzieres","44,5566818","6,0769548",202000042208,154 668 127,B01,2,1,0,2,5,1,5,NULL,202000042208,154 668 128,A01,1,1,1,2,1959,0,8,0,-1,0,0,-1,202000042208,2,"place frederic Euzières",0,NULL,1,1,0,1,38,70,1,NULL," -1",1,0,1,50
202000042766,23,9,2020,10:00:00,1,46,46176,2,1,2,6,D653,"44,6481890","1,8462880",202000042766,154 667 125,A01,3,1,12,0,0,0,5,NULL,202000042766,154 667 125,A01,1,1,3,1,1947,0,2,4,-1,0,0,-1,202000042766,3,653,0,NULL,2,2,0,1,51,200,1,NULL," -1",2,0,1,-1
202000042830,7,2,2020,17:40:00,1,77,77388,2,1,1,3,"54 Rue du 8 Mai 1945 - D402","48,9606720","3,1456920",202000042830,154 667 025,A01,1,1,0,2,1,25,5,NULL,202000042830,154 667 021,B01,1,1,1,1,1943,5,1,-1,-1,0,0,-1,202000042830,3,402,-1,NULL,2,2,0,1,68,780,1,NULL," -1",1,0,4,50
202000042830,7,2,2020,17:40:00,1,77,77388,2,1,1,3,"54 Rue du 8 Mai 1945 - D402","48,9606720","3,1456920",202000042830,154 667 025,A01,1,1,0,2,1,25,5,NULL,202000042830,154 667 025,A01,1,1,4,1,2005,5,2,-1,-1,0,0,-1,202000042830,3,402,-1,NULL,2,2,0,1,68,780,1,NULL," -1",1,0,4,50
202000043267,28,6,2020,11:45:00,1,95,95250,1,1,1,1,"17 Square du Lauragais","49,0991871","2,5045801",202000043267,154 666 216,B01,3,1,0,2,3,1,5,NULL,202000043267,154 666 215,A01,1,1,1,1,1962,5,2,6,9,0,0,-1,202000043267,4,"SQUARE DE LAURAGAIS",-1,NULL,2,2,0,2,(1),(1),3,NULL," -1",1,0,6,-1
202000043267,28,6,2020,11:45:00,1,95,95250,1,1,1,1,"17 Square du Lauragais","49,0991871","2,5045801",202000043267,154 666 216,B01,3,1,0,2,3,1,5,NULL,202000043267,154 666 216,B01,1,1,4,1,1986,5,2,6,9,0,0,-1,202000043267,4,"SQUARE DE LAURAGAIS",-1,NULL,2,2,0,2,(1),(1),3,NULL," -1",1,0,6,-1
202000044777,4,1,2020,18:12:00,5,54,54395,2,6,1,3,"DE LA TOUR (RUE GEORGES)","48,6927000","6,1959200",202000044777,154 663 507,B01,1,1,0,2,1,1,5,NULL,202000044777,154 663 501,A01,1,1,1,2,1987,0,1,0,-1,0,0,-1,202000044777,4,NULL,0,NULL,2,2,0,1,0,0,1,NULL," -1",1,0,1,50
202000044777,4,1,2020,18:12:00,5,54,54395,2,6,1,3,"DE LA TOUR (RUE GEORGES)","48,6927000","6,1959200",202000044777,154 663 507,B01,1,1,0,2,1,1,5,NULL,202000044777,154 663 507,B01,1,1,4,2,2000,0,8,0,-1,0,0,-1,202000044777,4,NULL,0,NULL,2,2,0,1,0,0,1,NULL," -1",1,0,1,50
202000046243,25,6,2020,18:36:00,1,75,75120,2,1,1,3,"AVENUE BENOIT FRACHON","48,8521340","2,4157000",202000046243,154 660 978,B01,3,1,0,2,8,19,5,NULL,202000046243,154 660 978,B01,1,1,3,2,1995,9,8,0,-1,0,0,-1,202000046243,4,NULL,0,NULL,2,2,0,1,0,0,1,NULL," -1",1,0,1,50
202000046243,25,6,2020,18:36:00,1,75,75120,2,1,1,3,"AVENUE BENOIT FRACHON","48,8521340","2,4157000",202000046243,154 660 978,B01,3,1,0,2,8,19,5,NULL,202000046243,154 660 979,A01,1,1,4,1,1999,9,2,6,-1,0,0,-1,202000046243,4,NULL,0,NULL,2,2,0,1,0,0,1,NULL," -1",1,0,1,50
202000046902,23,7,2020,20:10:00,1,56,56098,2,1,1,6,"PERI (RUE GABRIEL)","47,7594100"," -3,3526400",202000046902,154 659 837,A01,3,1,12,0,2,14,5,NULL,202000046902,154 659 837,A01,1,1,4,1,1993,5,8,0,-1,-1," -1",-1,202000046902,4,"PERI (RUE GABRIEL)",0,NULL,2,2,0,1,0,0,1,NULL," -1",1,0,1,30
202000006884,16,5,2020,11:30:00,1,75,75115,2,1,1,6,"PORT DE GRENELLE","48,8539200","2,2873610",202000006884,154 730 152,A01,1,1,12,0,1,1,5,NULL,202000006884,154 730 152,A01,1,1,4,1,1995,4,8,0,-1,0,0,-1,202000006884,4,NULL,0,NULL,1,1,0,2,0,0,1,NULL," -1",1,9,1,30
202000007091,26,2,2020,15:30:00,1,66,66136,2,1,1,1,"AGASSE PASCAL MARIE","42,6959200","2,8769100",202000007091,154 729 797,B01,2,1,0,2,1,1,5,NULL,202000007091,154 729 797,B01,1,1,4,1,2006,9,2,0,-1,-1," -1",-1,202000007091,4,"AGASSE PASCAL MARIE",0,NULL,1,2,1,1,0,0,1,NULL," -1",1,0,1,50