Num_Acc,jour,mois,an,hrmn,lum,dep,com,agg,int,atm,col,adr,lat,long,Num_Acc,id_vehicule,num_veh,senc,catv,obs,obsm,choc,manv,motor,occutc,Num_Acc,id_vehicule,num_veh,place,catu,grav,sexe,an_nais,trajet,secu1,secu2,secu3,locp,actp,etatp,Num_Acc,catr,voie,v1,v2,circ,nbv,vosp,prof,pr,pr1,plan,lartpc,larrout,surf,infra,situ,vma
202000007091,26,2,2020,15:30:00,1,66,66136,2,1,1,1,"AGASSE PASCAL MARIE","42,6959200","2,8769100",202000007091,154 729 797,B01,2,1,0,2,1,1,5,NULL,202000007091,154 729 798,A01,1,1,1,1,1982,9,1,0,-1,-1," -1",-1,202000007091,4,"AGASSE PASCAL MARIE",0,NULL,1,2,1,1,0,0,1,NULL," -1",1,0,1,50
202000007182,16,9,2020,07:45:00,1,27,27701,2,3,1,1,"LACS (ROUTE DES) BLANCHE A GALION","49,2753700","1,2095800",202000007182,154 729 628,A01,1,1,0,2,8,19,5,NULL,202000007182,154 729 628,A01,1,1,3,1,2006,2,8,0,-1,0,0,-1,202000007182,4,"LACS (ROUTE DES) BLANCHE A GALION",0,NULL,2,2,0,1,(1),(1),1,NULL," -1",1,0,1,50
202000007182,16,9,2020,07:45:00,1,27,27701,2,3,1,1,"LACS (ROUTE DES) BLANCHE A GALION","49,2753700","1,2095800",202000007182,154 729 628,A01,1,1,0,2,8,19,5,NULL,202000007182,154 729 629,B01,1,1,1,1,1994,1,1,0,-1,0,0,-1,202000007182,4,"LACS (ROUTE DES) BLANCHE A GALION",0,NULL,2,2,0,1,(1),(1),1,NULL," -1",1,0,1,50
202000012914,21,1,2020,08:40:00,1,75,75107,2,1,4,6,"PROMENADE DES BERGES DE LA SEINE ANDRE GORZ","48,8628473","2,3057476",202000012914,154 719 587,A01,3,1,12,0,0,1,5,NULL,202000012914,154 719 587,A01,1,1,4,2,1977,9,8,2,-1,0,0,-1,202000012914,4,NULL,0,NULL,-1,4,-1,2,0,0,1,NULL,12,7,6,1,10
202000013212,17,7,2020,11:45:00,1,85,85023,1,1,1,2,D19,"46,5379500"," -1,1987700",202000013212,154 719 064,B01,1,1,0,0,4,2,5,NULL,202000013212,154 719 063,A01,1,1,1,2,1936,5,1,-1,-1,0,0,-1,202000013212,3,19,-1,NULL,2,2,0,1,34,500,1,NULL," -1",1,0,1,80
202000013212,17,7,2020,11:45:00,1,85,85023,1,1,1,2,D19,"46,5379500"," -1,1987700",202000013212,154 719 064,B01,1,1,0,0,4,2,5,NULL,202000013212,154 719 064,B01,1,1,3,1,1946,5,2,4,-1,0,0,-1,202000013212,3,19,-1,NULL,2,2,0,1,34,500,1,NULL," -1",1,0,1,80
202000013358,13,9,2020,08:15:00,1,75,75101,2,2,1,3,"RUE DE RIVOLI","48,8609300","2,3408600",202000013358,154 718 799,B01,1,1,0,2,1,1,5,NULL,202000013358,154 718 798,A01,1,1,1,1,1992,4,1,0,-1,0,0,-1,202000013358,4,NULL,0,NULL,2,5,1,1,0,0,1,NULL," -1",1,-1,5,50
202000013358,13,9,2020,08:15:00,1,75,75101,2,2,1,3,"RUE DE RIVOLI","48,8609300","2,3408600",202000013358,154 718 799,B01,1,1,0,2,1,1,5,NULL,202000013358,154 718 799,B01,1,1,4,1,1962,5,2,0,-1,0,0,-1,202000013358,4,NULL,0,NULL,2,5,1,1,0,0,1,NULL," -1",1,-1,5,50
202000014516,7,5,2020,11:40:00,1,37,37261,2,1,1,6,"JEMMAPES (RUE)","47,4219700","0,6833264",202000014516,154 716 807,A01,2,1,0,1,1,1,5,NULL,202000014516,154 716 807,A01,1,1,1,1,1985,3,8,0,-1,-1,0,-1,202000014516,4,NULL,0,NULL,3,2,0,1,0,0,1,NULL," -1",1,0,1,50
202000014516,7,5,2020,11:40:00,1,37,37261,2,1,1,6,"JEMMAPES (RUE)","47,4219700","0,6833264",202000014516,154 716 807,A01,2,1,0,1,1,1,5,NULL,202000014516,154 716 807,A01,10,3,4,2,1971,1,0,-1,-1,2,7,1,202000014516,4,NULL,0,NULL,3,2,0,1,0,0,1,NULL," -1",1,0,1,50
202000017620,8,10,2020,18:15:00,1,69,69383,2,3,1,3,"RABELAIS                            (R )","45,7628600","4,8471800",202000017620,154 711 228,B01,0,1,0,2,2,5,0,NULL,202000017620,154 711 227,A01,1,1,1,1,1968,0,8,0,-1,-1," -1",-1,202000017620,4,NULL,0,NULL,1,1,0,1,0,0,1,NULL," -1",1,0,1,50
202000017620,8,10,2020,18:15:00,1,69,69383,2,3,1,3,"RABELAIS                            (R )","45,7628600","4,8471800",202000017620,154 711 228,B01,0,1,0,2,2,5,0,NULL,202000017620,154 711 228,B01,1,1,4,2,1994,0,8,0,-1,-1," -1",-1,202000017620,4,NULL,0,NULL,1,1,0,1,0,0,1,NULL," -1",1,0,1,50
202000019092,9,9,2020,12:30:00,1,38,38185,2,2,1,6,"Boulevard Maréchal Foch","45,1802900","5,7168800",202000019092,154 708 663,A01,1,1,0,1,1,19,5,NULL,202000019092,154 708 663,A01,1,1,1,1,1994,9,8,0,-1,-1," -1",-1,202000019092,3,1090,0,NULL,1,2,0,1,0,1,1,NULL," -1",1,5,1,50
202000019092,9,9,2020,12:30:00,1,38,38185,2,2,1,6,"Boulevard Maréchal Foch","45,1802900","5,7168800",202000019092,154 708 663,A01,1,1,0,1,1,19,5,NULL,202000019092,154 708 663,A01,10,3,2,1,1933,5,0,-1,-1,4,3,1,202000019092,3,1090,0,NULL,1,2,0,1,0,1,1,NULL," -1",1,5,1,50
202000019268,11,6,2020,16:20:00,1,37,37261,2,6,2,-1,"MULHEIM (ROND-POINT DE)","47,4222500","0,6797500",202000019268,154 708 331,B01,1,1,0,2,4,2,0,NULL,202000019268,154 708 331,B01,1,1,4,1,1988,1,8,0,-1,-1," -1",-1,202000019268,4,NULL,0,NULL,1,2,1,1,(1),(1),3,NULL," -1",2,0,1,50
202000019268,11,6,2020,16:20:00,1,37,37261,2,6,2,-1,"MULHEIM (ROND-POINT DE)","47,4222500","0,6797500",202000019268,154 708 331,B01,1,1,0,2,4,2,0,NULL,202000019268,154 708 332,A01,1,1,1,1,1960,5,1,8,-1,-1," -1",-1,202000019268,4,NULL,0,NULL,1,2,1,1,(1),(1),3,NULL," -1",2,0,1,50
202000019299,11,6,2020,20:05:00,1,75,75108,2,2,1,3,"RUE D AMSTERDAM","48,8796540","2,3270120",202000019299,154 708 273,B01,2,1,0,2,7,7,5,NULL,202000019299,154 708 273,B01,1,1,4,1,1993,1,2,0,-1,0,0,-1,202000019299,4,NULL,0,NULL,1,2,3,2,0,0,1,NULL," -1",1,-1,6,30
202000019299,11,6,2020,20:05:00,1,75,75108,2,2,1,3,"RUE D AMSTERDAM","48,8796540","2,3270120",202000019299,154 708 273,B01,2,1,0,2,7,7,5,NULL,202000019299,154 708 274,A01,1,1,1,1,1994,5,2,0,-1,0,0,-1,202000019299,4,NULL,0,NULL,1,2,3,2,0,0,1,NULL," -1",1,-1,6,30
202000020068,13,11,2020,15:00:00,1,75,75117,2,3,1,3,"BOULEVARD BESSIERES","48,8952970","2,3163800",202000020068,154 706 890,A01,2,1,0,2,3,1,5,NULL,202000020068,154 706 889,B01,1,1,1,1,1972,1,1,0,-1,0,0,-1,202000020068,4,NULL,0,NULL,3,2,1,1,0,0,1,NULL," -1",1,-1,5,50
202000020068,13,11,2020,15:00:00,1,75,75117,2,3,1,3,"BOULEVARD BESSIERES","48,8952970","2,3163800",202000020068,154 706 890,A01,2,1,0,2,3,1,5,NULL,202000020068,154 706 890,A01,1,1,4,1,1987,3,2,0,-1,0,0,-1,202000020068,4,NULL,0,NULL,3,2,1,1,0,0,1,NULL," -1",1,-1,5,50
202000020612,11,7,2020,08:57:00,1,10,10387,2,1,1,2,"GENERAL DE GAULLE (RUE DU)","48,3005800","4,0758800",202000020612,154 705 969,B01,2,1,0,2,2,1,5,NULL,202000020612,154 705 968,A01,1,1,1,1,1947,5,1,0,-1,-1," -1",-1,202000020612,4,"GENERAL DE GAULLE (RUE DU)",0,NULL,1,1,0,1,0,0,1,NULL," -1",1,0,1,50
202000020612,11,7,2020,08:57:00,1,10,10387,2,1,1,2,"GENERAL DE GAULLE (RUE DU)","48,3005800","4,0758800",202000020612,154 705 969,B01,2,1,0,2,2,1,5,NULL,202000020612,154 705 969,B01,1,1,4,1,1990,0,8,0,-1,-1," -1",-1,202000020612,4,"GENERAL DE GAULLE (RUE DU)",0,NULL,1,1,0,1,0,0,1,NULL," -1",1,0,1,50
202000021426,8,8,2020,10:45:00,1,17,17300,2,1,1,3,"CHAMP DE MARS   AVENUE DU","46,1693990"," -1,1488100",202000021426,154 704 505,B01,3,1,0,0,0,19,5,NULL,202000021426,154 704 505,B01,1,1,4,1,1947,9,8,0,-1,-1," -1",-1,202000021426,4,"CHAMP DE MARS   AVENUE DU",0,NULL,2,2,3,1,0,0,1,NULL," -1",1,-1,1,50
202000021426,8,8,2020,10:45:00,1,17,17300,2,1,1,3,"CHAMP DE MARS   AVENUE DU","46,1693990"," -1,1488100",202000021426,154 704 505,B01,3,1,0,0,0,19,5,NULL,202000021426,154 704 506,A01,1,1,1,1,1970,5,2,8,-1,-1," -1",-1,202000021426,4,"CHAMP DE MARS   AVENUE DU",0,NULL,2,2,3,1,0,0,1,NULL," -1",1,-1,1,50
202000023290,8,6,2020,16:54:00,1,37,37261,2,2,1,-1,"MARCEAU (RUE)","47,3935496","0,6850364",202000023290,154 701 258,A01,2,1,0,2,1,15,5,NULL,202000023290,154 701 258,A01,1,1,3,1,1960,0,8,0,-1,-1," -1",-1,202000023290,4,NULL,0,NULL,1,1,1,1,0,0,1,NULL," -1",1,0,1,50
202000023290,8,6,2020,16:54:00,1,37,37261,2,2,1,-1,"MARCEAU (RUE)","47,3935496","0,6850364",202000023290,154 701 258,A01,2,1,0,2,1,15,5,NULL,202000023290,154 701 259,B01,1,1,1,1,2004,5,2,6,-1,-1," -1",-1,202000023290,4,NULL,0,NULL,1,1,1,1,0,0,1,NULL," -1",1,0,1,50
202000023525,5,10,2020,21:10:00,5,75,75102,2,1,2,6,"BOULEVARD DE SEBASTOPOL","48,8684090","2,3536170",202000023525,154 700 847,Z01,1,1,0,1,1,1,5,NULL,202000023525,154 700 847,Z01,10,3,4,1,1971,4,0,-1,-1,0,0,-1,202000023525,4,NULL,0,NULL,1,4,1,1,0,0,1,NULL," -1",2,-1,5,50
202000025288,5,8,2020,11:39:00,1,92,92049,2,2,1,3,"ARNOUX AVENUE MAURICE AUTRES N°","48,8106920","2,3078974",202000025288,154 697 725,B01,1,1,0,2,1,11,5,NULL,202000025288,154 697 725,B01,1,1,2,1,1960,0,8,4,-1,-1," -1",-1,202000025288,3,59,0,NULL,1,1,1,1,0,1,1,NULL," -1",1,0,1,50
202000025288,5,8,2020,11:39:00,1,92,92049,2,2,1,3,"ARNOUX AVENUE MAURICE AUTRES N°","48,8106920","2,3078974",202000025288,154 697 725,B01,1,1,0,2,1,11,5,NULL,202000025288,154 697 726,A01,1,1,1,1,1974,4,1,0,-1,-1," -1",-1,202000025288,3,59,0,NULL,1,1,1,1,0,1,1,NULL," -1",1,0,1,50
202000030613,23,1,2020,12:00:00,1,69,69382,2,3,1,3,"ANTONIN GOURJU                      (PL)","45,7590900","4,8299800",202000030613,154 688 468,B01,1,1,0,2,3,19,5,NULL,202000030613,154 688 468,B01,1,1,4,1,1982,1,2,8,-1,-1," -1",-1,202000030613,4,"ANTONIN GOURJU                      (PL)",0,NULL,1,1,1,1,1,0,1,NULL," -1",1,0,1,50
202000030613,23,1,2020,12:00:00,1,69,69382,2,3,1,3,"ANTONIN GOURJU                      (PL)","45,7590900","4,8299800",202000030613,154 688 468,B01,1,1,0,2,3,19,5,NULL,202000030613,154 688 469,A01,1,1,1,1,1997,5,1,8,-1,-1," -1",-1,202000030613,4,"ANTONIN GOURJU                      (PL)",0,NULL,1,1,1,1,1,0,1,NULL," -1",1,0,1,50
202000031408,1,8,2020,07:45:00,1,75,75117,2,2,1,2,"BOULEVARD BERTHIER","48,8901060","2,3037850",202000031408,154 687 149,A01,1,1,0,2,1,13,5,NULL,202000031408,154 687 149,A01,1,1,4,1,1970,5,8,0,-1,0,0,-1,202000031408,4,NULL,0,NULL,2,6,0,2,0,0,1,NULL," -1",1,0,1,50
202000031408,1,8,2020,07:45:00,1,75,75117,2,2,1,2,"BOULEVARD BERTHIER","48,8901060","2,3037850",202000031408,154 687 149,A01,1,1,0,2,1,13,5,NULL,202000031408,154 687 150,B01,1,1,1,2,1984,1,8,0,-1,0,0,-1,202000031408,4,NULL,0,NULL,2,6,0,2,0,0,1,NULL," -1",1,0,1,50
202000032269,4,7,2020,23:00:00,5,92,92012,2,5,1,-1,"CHATEAU (RUE DU) 1/125 - 2/136","48,8441720","2,2497980",202000032269,154 685 666,A01,2,1,0,2,0,5,5,NULL,202000032269,154 685 665,B01,1,1,1,1,1993,4,1,8,-1,-1," -1",-1,202000032269,3,102,0,NULL,2,2,0,1,0,0,1,NULL," -1",1,0,1,50
202000032269,4,7,2020,23:00:00,5,92,92012,2,5,1,-1,"CHATEAU (RUE DU) 1/125 - 2/136","48,8441720","2,2497980",202000032269,154 685 666,A01,2,1,0,2,0,5,5,NULL,202000032269,154 685 666,A01,1,1,4,1,1957,5,8,0,-1,-1," -1",-1,202000032269,3,102,0,NULL,2,2,0,1,0,0,1,NULL," -1",1,0,1,50
202000032711,13,2,2020,19:35:00,3,11,11203,1,1,1,1,"D611 - PR 14+500","43,1622740","2,7301240",202000032711,154 684 941,B01,1,1,0,2,4,5,5,NULL,202000032711,154 684 940,A01,1,1,1,2,1972,5,1,-1,-1,0,0,-1,202000032711,3,611,-1,NULL,2,2,0,1,14,500,1,NULL," -1",1,0,1,80
202000032711,13,2,2020,19:35:00,3,11,11203,1,1,1,1,"D611 - PR 14+500","43,1622740","2,7301240",202000032711,154 684 941,B01,1,1,0,2,4,5,5,NULL,202000032711,154 684 941,B01,1,1,2,1,1977,0,0,-1,-1,0,0,-1,202000032711,3,611,-1,NULL,2,2,0,1,14,500,1,NULL," -1",1,0,1,80
202000033796,12,12,2020,15:00:00,1,02,02463,2,1,8,7,"12 Avenue de l'Europe","49,8040470","3,7704780",202000033796,154 683 045,A01,2,1,0,0,0,1,5,NULL,202000033796,154 683 045,A01,1,1,3,1,2002,5,0,-1,-1,0,0,-1,202000033796,3,37,0,NULL,2,2,0,2,13,100,1,NULL," -1",2,0,1,50
202000035620,30,5,2020,21:05:00,1,33,33522,2,2,1,3,"RUE DE LA VIEILLE TOUR / RUE PIERRE NOAILLES","44,8082634"," -0,6003304",202000035620,154 679 793,A01,2,1,0,2,7,1,5,NULL,202000035620,154 679 793,A01,1,1,4,1,1999,0,8,4,-1,-1," -1",-1,202000035620,4,"RUE DE LA VIEILLE TOUR",0,NULL,2,2,0,2,0,0,1,NULL," -1",1,5,1,50
202000035620,30,5,2020,21:05:00,1,33,33522,2,2,1,3,"RUE DE LA VIEILLE TOUR / RUE PIERRE NOAILLES","44,8082634"," -0,6003304",202000035620,154 679 793,A01,2,1,0,2,7,1,5,NULL,202000035620,154 679 794,B01,1,1,1,1,1958,0,1,0,-1,-1," -1",-1,202000035620,4,"RUE DE LA VIEILLE TOUR",0,NULL,2,2,0,2,0,0,1,NULL," -1",1,5,1,50
202000035620,30,5,2020,21:05:00,1,33,33522,2,2,1,3,"RUE DE LA VIEILLE TOUR / RUE PIERRE NOAILLES","44,8082634"," -0,6003304",202000035620,154 679 793,A01,2,1,0,2,7,1,5,NULL,202000035620,154 679 794,B01,2,2,1,2,1958,0,1,0,-1,-1," -1",-1,202000035620,4,"RUE DE LA VIEILLE TOUR",0,NULL,2,2,0,2,0,0,1,NULL," -1",1,5,1,50
202000038510,8,2,2020,15:35:00,1,05,05061,2,4,1,3,"SOLEIL ( RUE DU )","44,5407100","6,0571500",202000038510,154 674 684,B01,3,1,0,2,7,1,5,NULL,202000038510,154 674 684,B01,1,1,4,1,1994,5,2,0,-1,0,0,-1,202000038510,2,"PROVENCE ( AVENUE DE )",0,NULL,2,2,0,2,40,414,1,NULL," -1",1,0,1,50
202000038510,8,2,2020,15:35:00,1,05,05061,2,4,1,3,"SOLEIL ( RUE DU )","44,5407100","6,0571500",202000038510,154 674 684,B01,3,1,0,2,7,1,5,NULL,202000038510,154 674 685,A01,1,1,1,1,1982,9,1,0,-1,0,0,-1,202000038510,2,"PROVENCE ( AVENUE DE )",0,NULL,2,2,0,2,40,414,1,NULL," -1",1,0,1,50
202000039110,29,7,2020,09:53:00,1,33,33162,2,1,1,3,"AV DU MEDOC","44,8778000"," -0,6237000",202000039110,154 673 611,B01,1,1,0,2,1,26,5,NULL,202000039110,154 673 611,B01,1,1,4,1,1994,0,8,-1,-1,-1," -1",-1,202000039110,4,"AV DU MEDOC",0,NULL,2,4,2,2,(1),(1),1,NULL," -1",1,0,1,50
202000039110,29,7,2020,09:53:00,1,33,33162,2,1,1,3,"AV DU MEDOC","44,8778000"," -0,6237000",202000039110,154 673 611,B01,1,1,0,2,1,26,5,NULL,202000039110,154 673 613,A01,1,1,1,1,1975,4,1,-1,-1,-1," -1",-1,202000039110,4,"AV DU MEDOC",0,NULL,2,4,2,2,(1),(1),1,NULL," -1",1,0,1,50
202000039471,21,9,2020,12:55:00,1,78,78498,2,2,1,3,"SAINT LOUIS RUE","48,9299350","2,0369280",202000039471,154 672 972,B01,1,1,0,2,1,25,0,NULL,202000039471,154 672 971,A01,1,1,1,1,1974,1,1,-1,-1,-1," -1",-1,202000039471,3,30,0,NULL,2,4,0,1,18,60,1,NULL," -1",1,0,1,50
202000039471,21,9,2020,12:55:00,1,78,78498,2,2,1,3,"SAINT LOUIS RUE","48,9299350","2,0369280",202000039471,154 672 972,B01,1,1,0,2,1,25,0,NULL,202000039471,154 672 972,B01,1,1,3,2,1985,0,0,-1,-1,-1," -1",-1,202000039471,3,30,0,NULL,2,4,0,1,18,60,1,NULL," -1",1,0,1,50
202000040526,6,12,2020,09:39:00,1,75,75120,2,3,1,3,"AVENUE DE LA PORTE DE BAGNOLET","48,8647830","2,4101700",202000040526,154 671 132,B01,2,1,0,2,1,17,5,NULL,202000040526,154 671 131,A01,1,1,1,1,1992,9,1,0,-1,0,0,-1,202000040526,4,NULL,0,NULL,4,6,0,1,0,0,1,NULL," -1",2,0,1,50
202000040526,6,12,2020,09:39:00,1,75,75120,2,3,1,3,"AVENUE DE LA PORTE DE BAGNOLET","48,8647830","2,4101700",202000040526,154 671 132,B01,2,1,0,2,1,17,5,NULL,202000040526,154 671 131,A01,2,2,1,1,1996,9,1,0,-1,0,0,-1,202000040526,4,NULL,0,NULL,4,6,0,1,0,0,1,NULL," -1",2,0,1,50
202000040526,6,12,2020,09:39:00,1,75,75120,2,3,1,3,"AVENUE DE LA PORTE DE BAGNOLET","48,8647830","2,4101700",202000040526,154 671 132,B01,2,1,0,2,1,17,5,NULL,202000040526,154 671 132,B01,1,1,4,1,1965,1,8,0,-1,0,0,-1,202000040526,4,NULL,0,NULL,4,6,0,1,0,0,1,NULL," -1",2,0,1,50
202000041077,24,9,2020,17:35:00,1,76,76397,2,1,3,3,"65 Route de Newton Longville","49,7969120","1,1054530",202000041077,154 670 181,B01,0,1,0,1,7,19,5,NULL,202000041077,154 670 180,A01,1,1,1,1,1953,5,1,-1,-1,0,0,-1,202000041077,3,3,-1,NULL,2,2,0,1,7,100,1,NULL," -1",2,0,1,50
202000041077,24,9,2020,17:35:00,1,76,76397,2,1,3,3,"65 Route de Newton Longville","49,7969120","1,1054530",202000041077,154 670 181,B01,0,1,0,1,7,19,5,NULL,202000041077,154 670 181,B01,10,3,4,1,2010,5,0,-1,-1,2,3,2,202000041077,3,3,-1,NULL,2,2,0,1,7,100,1,NULL," -1",2,0,1,50
202000041333,27,7,2020,19:11:00,1,37,37233,2,1,1,7,"MOULIN (PONT JEAN)","47,3853066","0,7288077",202000041333,154 669 705,A01,3,1,0,0,1,1,0,NULL,202000041333,154 669 705,A01,1,1,4,2,1968,1,8,0,-1,-1," -1",-1,202000041333,4,NULL,0,NULL,2,2,0,1,(1),(1),1,NULL," -1",1,9,1,50
202000042107,27,8,2020,17:53:00,1,69,69387,2,1,1,1,"BERTHELOT                           (AV)","45,7473800","4,8351500",202000042107,154 668 322,A01,2,1,0,4,1,1,5,NULL,202000042107,154 668 321,B01,1,1,1,1,1990,4,1,0,-1,-1," -1",-1,202000042107,4,"BERTHELOT                           (AV)",0,NULL,2,4,3,1,(1),(1),1,NULL," -1",1,0,6,50
202000042107,27,8,2020,17:53:00,1,69,69387,2,1,1,1,"BERTHELOT                           (AV)","45,7473800","4,8351500",202000042107,154 668 322,A01,2,1,0,4,1,1,5,NULL,202000042107,154 668 322,A01,1,1,3,2,1982,0,2,0,-1,-1," -1",-1,202000042107,4,"BERTHELOT                           (AV)",0,NULL,2,4,3,1,(1),(1),1,NULL," -1",1,0,6,50
202000043058,6,2,2020,12:10:00,1,75,75107,2,2,1,6,"RUE DE L UNIVERSITE","48,8577070","2,3279780",202000043058,154 666 587,A01,2,1,0,1,1,16,5,NULL,202000043058,154 666 587,A01,10,3,4,2,1967,9,0,-1,-1,4,3,1,202000043058,4,NULL,0,NULL,1,1,0,1,0,0,1,NULL,3,1,0,1,50
202000043058,6,2,2020,12:10:00,1,75,75107,2,2,1,6,"RUE DE L UNIVERSITE","48,8577070","2,3279780",202000043058,154 666 587,A01,2,1,0,1,1,16,5,NULL,202000043058,154 666 587,A01,1,1,1,1,1997,4,8,0,-1,0,0,-1,202000043058,4,NULL,0,NULL,1,1,0,1,0,0,1,NULL,3,1,0,1,50
202000043993,22,9,2020,08:30:00,1,75,75103,2,2,1,3,"RUE DE BRETAGNE","48,8622890","2,3637340",202000043993,154 664 936,A01,1,1,0,2,2,1,5,NULL,202000043993,154 664 936,A01,1,1,4,2,1966,9,2,0,-1,0,0,-1,202000043993,4,NULL,0,NULL,1,1,0,1,0,0,1,NULL," -1",1,0,1,30
202000043993,22,9,2020,08:30:00,1,75,75103,2,2,1,3,"RUE DE BRETAGNE","48,8622890","2,3637340",202000043993,154 664 936,A01,1,1,0,2,2,1,5,NULL,202000043993,154 664 937,B01,1,1,1,1,1991,9,2,0,-1,0,0,-1,202000043993,4,NULL,0,NULL,1,1,0,1,0,0,1,NULL," -1",1,0,1,30
202000044363,26,8,2020,23:35:00,5,75,75109,2,2,1,3,"BOULEVARD HAUSSMANN","48,8723730","2,3374310",202000044363,154 664 259,B01,1,1,0,2,5,1,5,NULL,202000044363,154 664 259,B01,1,1,4,2,1963,9,2,0,-1,0,0,-1,202000044363,4,NULL,0,NULL,1,3,0,1,0,0,1,NULL," -1",1,0,1,50
202000044363,26,8,2020,23:35:00,5,75,75109,2,2,1,3,"BOULEVARD HAUSSMANN","48,8723730","2,3374310",202000044363,154 664 259,B01,1,1,0,2,5,1,5,NULL,202000044363,154 664 262,A01,1,1,1,1,1995,9,2,6,-1,0,0,-1,202000044363,4,NULL,0,NULL,1,3,0,1,0,0,1,NULL," -1",1,0,1,50
202000045349,2,1,2020,13:20:00,1,75,75106,2,3,1,3,"RUE NOTRE DAME DES CHAMPS","48,8416210","2,3325820",202000045349,154 662 535,B01,1,1,0,2,1,1,5,NULL,202000045349,154 662 535,B01,1,1,4,2,1989,1,8,2,-1,0,0,-1,202000045349,4,NULL,0,NULL,2,2,0,1,0,0,1,NULL,5,1,0,1,30
202000045349,2,1,2020,13:20:00,1,75,75106,2,3,1,3,"RUE NOTRE DAME DES CHAMPS","48,8416210","2,3325820",202000045349,154 662 535,B01,1,1,0,2,1,1,5,NULL,202000045349,154 662 537,A01,1,1,1,1,1972,4,1,0,-1,0,0,-1,202000045349,4,NULL,0,NULL,2,2,0,1,0,0,1,NULL,5,1,0,1,30
202000046362,24,6,2020,07:25:00,1,69,69149,2,1,1,-1,"EMILE ZOLA                          (BD)","45,7181478","4,8082500",202000046362,154 660 763,B01,2,1,0,2,8,2,5,NULL,202000046362,154 660 762,A01,1,1,1,1,1986,4,1,8,-1,-1," -1",-1,202000046362,3,50,0,NULL,2,2,0,2,0,0,1,NULL,5,1,0,1,30
202000046362,24,6,2020,07:25:00,1,69,69149,2,1,1,-1,"EMILE ZOLA                          (BD)","45,7181478","4,8082500",202000046362,154 660 763,B01,2,1,0,2,8,2,5,NULL,202000046362,154 660 763,B01,1,1,4,1,1953,9,8,0,-1,-1," -1",-1,202000046362,3,50,0,NULL,2,2,0,2,0,0,1,NULL,5,1,0,1,30
202000046637,27,8,2020,02:50:00,5,68,68154,2,1,1,6,"5 Rue de Mulhouse","47,7796760","7,3475690",202000046637,154 660 284,A01,2,1,12,0,1,12,5,NULL,202000046637,154 660 284,A01,1,1,3,1,1967,1,4,-1,-1,0,0,-1,202000046637,3,20.3,-1,NULL,2,2,1,1,(1),(1),1,NULL," -1",1,0,1,50
202000046953,15,10,2020,09:38:00,1,63,63113,2,1,1,-1,"LAGARLAYE (RUE DE)","45,7736900","3,0829900",202000046953,154 659 736,B01,1,1,1,2,2,21,0,NULL,202000046953,154 659 735,A01,1,1,1,1,1985,0,8,0,-1,0,0,-1,202000046953,4,"LAGARLAYE (RUE DE)",0,NULL,-1,2,0,1,(1),(1),1,NULL," -1",1,0,1,50
202000046953,15,10,2020,09:38:00,1,63,63113,2,1,1,-1,"LAGARLAYE (RUE DE)","45,7736900","3,0829900",202000046953,154 659 736,B01,1,1,1,2,2,21,0,NULL,202000046953,154 659 736,B01,1,1,4,2,1990,0,8,0,-1,0,0,-1,202000046953,4,"LAGARLAYE (RUE DE)",0,NULL,-1,2,0,1,(1),(1),1,NULL," -1",1,0,1,50
202000046963,23,5,2020,14:50:00,1,22,22248,1,1,7,7,"Lan Connan","48,6227150"," -3,1171450",202000046963,154 659 742,A01,3,1,0,9,0,1,5,NULL,202000046963,154 659 742,A01,1,1,4,1,1937,5,2,-1,-1,0,0,-1,202000046963,3,32,-1,NULL,2,2,0,1,(1),(1),1,NULL,4,1,0,1,80
202000006671,25,11,2020,15:30:00,1,75,75116,2,5,1,2,"AVENUE VICTOR HUGO","48,8643320","2,2729670",202000006671,154 730 516,B01,2,1,0,2,0,1,5,NULL,202000006671,154 730 515,A01,1,1,1,1,1949,1,1,0,-1,0,0,-1,202000006671,4,NULL,0,NULL,-1,2,0,1,0,0,1,NULL," -1",1,0,1,50
202000006671,25,11,2020,15:30:00,1,75,75116,2,5,1,2,"AVENUE VICTOR HUGO","48,8643320","2,2729670",202000006671,154 730 516,B01,2,1,0,2,0,1,5,NULL,202000006671,154 730 516,B01,1,1,4,2,1985,9,8,0,-1,0,0,-1,202000006671,4,NULL,0,NULL,-1,2,0,1,0,0,1,NULL," -1",1,0,1,50
202000008488,24,11,2020,19:00:00,5,51,51454,2,1,1,3,"Rue Saint Julien","49,2430400","4,0433081",202000008488,154 727 323,A01,0,1,0,2,8,1,5,NULL,202000008488,154 727 323,A01,1,1,4,1,2002,0,8,-1,-1,-1," -1",-1,202000008488,4,NULL,0,NULL,2,2,0,1,(1),(1),1,NULL," -1",1,0,1,30
202000008488,24,11,2020,19:00:00,5,51,51454,2,1,1,3,"Rue Saint Julien","49,2430400","4,0433081",202000008488,154 727 323,A01,0,1,0,2,8,1,5,NULL,202000008488,154 727 324,B01,1,1,1,2,1974,4,1,-1,-1,-1," -1",-1,202000008488,4,NULL,0,NULL,2,2,0,1,(1),(1),1,NULL," -1",1,0,1,30