Num_Acc,jour,mois,an,hrmn,lum,dep,com,agg,int,atm,col,adr,lat,long,Num_Acc,id_vehicule,num_veh,senc,catv,obs,obsm,choc,manv,motor,occutc,Num_Acc,id_vehicule,num_veh,place,catu,grav,sexe,an_nais,trajet,secu1,secu2,secu3,locp,actp,etatp,Num_Acc,catr,voie,v1,v2,circ,nbv,vosp,prof,pr,pr1,plan,lartpc,larrout,surf,infra,situ,vma
202000008992,2,3,2020,19:00:00,5,75,75120,2,1,8,6,"RUE DE MENILMONTANT","48,8677330","2,3858280",202000008992,154 726 444,A01,2,1,0,1,1,1,5,NULL,202000008992,154 726 444,A01,1,1,3,2,1995,1,8,0,-1,0,0,-1,202000008992,4,NULL,0,NULL,2,2,0,2,0,0,1,NULL," -1",2,0,1,30
202000008992,2,3,2020,19:00:00,5,75,75120,2,1,8,6,"RUE DE MENILMONTANT","48,8677330","2,3858280",202000008992,154 726 444,A01,2,1,0,1,1,1,5,NULL,202000008992,154 726 444,A01,10,3,1,1,1979,5,0,-1,-1,2,3,1,202000008992,4,NULL,0,NULL,2,2,0,2,0,0,1,NULL," -1",2,0,1,30
202000011238,12,9,2020,11:10:00,1,67,67447,2,1,1,3,"Route de Bischwiller","48,6091475","7,7504039",202000011238,154 722 482,B01,2,1,0,2,1,1,5,NULL,202000011238,154 722 482,B01,1,1,4,2,2010,0,8,0,-1,-1," -1",-1,202000011238,7,468,0,NULL,2,2,0,1,57,800,1,NULL," -1",1,9,1,30
202000011238,12,9,2020,11:10:00,1,67,67447,2,1,1,3,"Route de Bischwiller","48,6091475","7,7504039",202000011238,154 722 482,B01,2,1,0,2,1,1,5,NULL,202000011238,154 722 485,A01,1,1,1,1,1993,5,1,8,-1,-1," -1",-1,202000011238,7,468,0,NULL,2,2,0,1,57,800,1,NULL," -1",1,9,1,30
202000011690,15,6,2020,18:10:00,1,05,05061,1,6,1,2,D994,"44,5576800","6,0553800",202000011690,154 721 677,B01,2,1,0,2,0,14,5,NULL,202000011690,154 721 677,B01,1,1,4,2,1967,5,0,0,-1,0,0,-1,202000011690,3,994,0,NULL,1,1,0,1,67,411,2,NULL," -1",1,0,1,50
202000011690,15,6,2020,18:10:00,1,05,05061,1,6,1,2,D994,"44,5576800","6,0553800",202000011690,154 721 677,B01,2,1,0,2,0,14,5,NULL,202000011690,154 721 678,A01,1,1,1,1,1943,5,1,0,-1,0,0,-1,202000011690,3,994,0,NULL,1,1,0,1,67,411,2,NULL," -1",1,0,1,50
202000012875,26,1,2020,12:15:00,1,13,13211,2,3,3,3,"SAINT MARCEL (BOULEVARD DE )","43,2888660","5,4614060",202000012875,154 719 653,B01,1,1,0,2,1,1,5,NULL,202000012875,154 719 652,A01,1,1,1,1,1981,5,1,0,-1,-1," -1",-1,202000012875,4,"SAINT MARCEL (BOULEVARD DE )",0,NULL,2,2,0,1,(1),(1),1,NULL," -1",2,0,1,50
202000012875,26,1,2020,12:15:00,1,13,13211,2,3,3,3,"SAINT MARCEL (BOULEVARD DE )","43,2888660","5,4614060",202000012875,154 719 653,B01,1,1,0,2,1,1,5,NULL,202000012875,154 719 653,B01,1,1,4,1,1968,0,2,8,-1,-1," -1",-1,202000012875,4,"SAINT MARCEL (BOULEVARD DE )",0,NULL,2,2,0,1,(1),(1),1,NULL," -1",2,0,1,50
202000016624,21,1,2020,08:35:00,1,90,90010,2,1,1,3,"FERRETTE (RUE DE)","47,6531510","6,8446800",202000016624,154 713 014,B01,3,1,0,2,3,2,5,NULL,202000016624,154 713 014,B01,1,1,3,2,1958,0,8,0,-1,-1," -1",-1,202000016624,4,"FERRETTE (RUE DE)",0,NULL,2,2,0,1,1,0,1,NULL," -1",1,0,1,50
202000016624,21,1,2020,08:35:00,1,90,90010,2,1,1,3,"FERRETTE (RUE DE)","47,6531510","6,8446800",202000016624,154 713 014,B01,3,1,0,2,3,2,5,NULL,202000016624,154 713 015,A01,1,1,1,1,1968,0,1,0,-1,-1," -1",-1,202000016624,4,"FERRETTE (RUE DE)",0,NULL,2,2,0,1,1,0,1,NULL," -1",1,0,1,50
202000018794,13,7,2020,11:37:00,1,64,64504,1,1,1,6,"Route du Col de Saint Ignace","43,3246170"," -1,6008320",202000018794,154 709 191,A01,2,1,0,1,1,1,5,NULL,202000018794,154 709 191,A01,1,1,1,1,1960,0,2,-1,-1,0,0,-1,202000018794,3,4,0,D,2,2,0,1,12,900,1,NULL," -1",1,0,1,50
202000018794,13,7,2020,11:37:00,1,64,64504,1,1,1,6,"Route du Col de Saint Ignace","43,3246170"," -1,6008320",202000018794,154 709 191,A01,2,1,0,1,1,1,5,NULL,202000018794,154 709 191,A01,10,3,3,2,1952,5,0,-1,-1,2,3,2,202000018794,3,4,0,D,2,2,0,1,12,900,1,NULL," -1",1,0,1,50
202000019128,10,9,2020,16:15:00,1,75,75111,2,1,1,6,"PASSAGE SAINT PIERRE AMELOT","48,8626720","2,3698740",202000019128,154 708 592,A01,2,1,0,1,1,1,5,NULL,202000019128,154 708 592,A01,1,1,1,1,1988,9,8,0,-1,0,0,-1,202000019128,4,NULL,0,NULL,1,2,1,2,0,0,1,NULL," -1",1,-1,5,30
202000019128,10,9,2020,16:15:00,1,75,75111,2,1,1,6,"PASSAGE SAINT PIERRE AMELOT","48,8626720","2,3698740",202000019128,154 708 592,A01,2,1,0,1,1,1,5,NULL,202000019128,154 708 592,A01,10,3,4,2,1996,1,0,-1,-1,2,3,1,202000019128,4,NULL,0,NULL,1,2,1,2,0,0,1,NULL," -1",1,-1,5,30
202000019166,10,9,2020,18:00:00,1,67,67173,1,1,1,4,D31,"48,6273070","7,6843200",202000019166,154 708 521,B01,1,1,0,2,4,1,5,NULL,202000019166,154 708 519,C01,1,1,1,2,1976,1,1,-1,-1,0,0,-1,202000019166,3,31,-1,NULL,4,2,2,2,14,200,1,NULL," -1",1,9,5,80
202000019166,10,9,2020,18:00:00,1,67,67173,1,1,1,4,D31,"48,6273070","7,6843200",202000019166,154 708 521,B01,1,1,0,2,4,1,5,NULL,202000019166,154 708 520,A01,1,1,1,2,1942,5,8,-1,-1,0,0,-1,202000019166,3,31,-1,NULL,4,2,2,2,14,200,1,NULL," -1",1,9,5,80
202000019166,10,9,2020,18:00:00,1,67,67173,1,1,1,4,D31,"48,6273070","7,6843200",202000019166,154 708 521,B01,1,1,0,2,4,1,5,NULL,202000019166,154 708 521,B01,1,1,3,1,1966,5,2,9,-1,0,0,-1,202000019166,3,31,-1,NULL,4,2,2,2,14,200,1,NULL," -1",1,9,5,80
202000019607,7,10,2020,13:10:00,1,75,75101,2,1,1,7,"QUAI DES TUILERIES","48,8631280","2,3234630",202000019607,154 707 691,A01,2,1,0,0,1,21,5,NULL,202000019607,154 707 691,A01,1,1,4,2,1983,1,2,0,-1,0,0,-1,202000019607,4,NULL,0,NULL,2,3,1,1,0,0,1,NULL," -1",1,-1,5,25
202000026331,16,1,2020,13:55:00,1,2B,2B033,1,1,1,5,"ST FLORENT-ANCIENNE RT DE","42,6809700","9,4009900",202000026331,154 695 932,B01,2,1,0,2,1,1,5,NULL,202000026331,154 695 930,A01,1,1,4,1,1952,0,2,0,-1,-1," -1",-1,202000026331,3,"ST FLORENT-ANCIENNE RT DE",0,NULL,2,2,0,2,229,500,2,NULL," -1",1,0,1,80
202000026331,16,1,2020,13:55:00,1,2B,2B033,1,1,1,5,"ST FLORENT-ANCIENNE RT DE","42,6809700","9,4009900",202000026331,154 695 932,B01,2,1,0,2,1,1,5,NULL,202000026331,154 695 931,C01,1,1,1,1,1987,4,1,0,-1,-1," -1",-1,202000026331,3,"ST FLORENT-ANCIENNE RT DE",0,NULL,2,2,0,2,229,500,2,NULL," -1",1,0,1,80
202000026331,16,1,2020,13:55:00,1,2B,2B033,1,1,1,5,"ST FLORENT-ANCIENNE RT DE","42,6809700","9,4009900",202000026331,154 695 932,B01,2,1,0,2,1,1,5,NULL,202000026331,154 695 932,B01,1,1,3,1,1975,5,2,8,-1,-1," -1",-1,202000026331,3,"ST FLORENT-ANCIENNE RT DE",0,NULL,2,2,0,2,229,500,2,NULL," -1",1,0,1,80
202000027574,4,11,2020,17:15:00,5,75,75113,2,2,1,3,"AVENUE D ITALIE","48,8222050","2,3585250",202000027574,154 693 779,B01,2,1,0,2,3,1,5,NULL,202000027574,154 693 773,A01,1,1,1,1,1964,1,1,0,-1,0,0,-1,202000027574,4,NULL,0,NULL,2,2,0,1,0,0,1,NULL," -1",1,0,1,50
202000027574,4,11,2020,17:15:00,5,75,75113,2,2,1,3,"AVENUE D ITALIE","48,8222050","2,3585250",202000027574,154 693 779,B01,2,1,0,2,3,1,5,NULL,202000027574,154 693 779,B01,1,1,4,1,1960,1,8,0,-1,0,0,-1,202000027574,4,NULL,0,NULL,2,2,0,1,0,0,1,NULL," -1",1,0,1,50
202000029681,4,6,2020,00:10:00,5,34,34172,2,3,2,3,"TOULOUSE (AVENUE DE","43,5952200","3,8618800",202000029681,154 690 091,B01,2,1,0,2,1,1,5,NULL,202000029681,154 690 091,B01,1,1,3,1,1992,4,8,0,-1,0,0,-1,202000029681,4,NULL,0,NULL,2,4,1,2,(1),(1),1,NULL," -1",2,5,5,50
202000029681,4,6,2020,00:10:00,5,34,34172,2,3,2,3,"TOULOUSE (AVENUE DE","43,5952200","3,8618800",202000029681,154 690 091,B01,2,1,0,2,1,1,5,NULL,202000029681,154 690 092,A01,1,1,1,1,1961,0,8,0,-1,0,0,-1,202000029681,4,NULL,0,NULL,2,4,1,2,(1),(1),1,NULL," -1",2,5,5,50
202000029700,1,10,2020,05:20:00,5,51,51030,2,1,1,7,"Rue des Carelles (Ay)","49,0511352","4,0147916",202000029700,154 690 057,A01,1,1,15,0,3,1,0,NULL,202000029700,154 690 057,A01,1,1,4,1,1985,1,0,-1,-1,0,0,-1,202000029700,4,NULL,0,NULL,2,2,0,1,(1),(1),1,NULL," -1",1,0,1,50
202000031175,30,10,2020,18:50:00,5,94,94068,2,1,1,7,"VARENNE (R DE LA)","48,8076100","2,4738300",202000031175,154 687 545,A01,1,1,0,0,0,1,5,NULL,202000031175,154 687 545,A01,1,1,4,1,2004,1,8,0,-1,-1," -1",-1,202000031175,4,"VARENNE (R DE LA)",0,NULL,2,2,0,1,0,1,3,NULL," -1",1,5,1,50
202000033575,31,5,2020,11:20:00,1,73,73029,2,6,1,3,"STADE (AVENUE DU)","45,5642000","5,9439660",202000033575,154 683 412,Y01,0,1,0,2,4,26,0,NULL,202000033575,154 683 409,A01,1,1,1,1,1988,3,1,0,-1,-1," -1",-1,202000033575,3,201,-1,NULL,2,2,-1,1,1,260,2,NULL,7,1,5,1,50
202000033575,31,5,2020,11:20:00,1,73,73029,2,6,1,3,"STADE (AVENUE DU)","45,5642000","5,9439660",202000033575,154 683 412,Y01,0,1,0,2,4,26,0,NULL,202000033575,154 683 412,Y01,1,1,3,1,1958,5,0,-1,-1,0,0,-1,202000033575,3,201,-1,NULL,2,2,-1,1,1,260,2,NULL,7,1,5,1,50
202000036736,8,2,2020,15:55:00,1,56,56121,2,1,1,3,"MONISTROL (RUE)","47,7338800"," -3,3849800",202000036736,154 677 777,B01,3,1,0,2,8,19,5,NULL,202000036736,154 677 777,B01,1,1,4,2,1989,5,2,8,-1,-1," -1",-1,202000036736,4,"MONISTROL (RUE)",0,NULL,2,4,0,1,0,0,1,NULL," -1",1,0,1,30
202000036736,8,2,2020,15:55:00,1,56,56121,2,1,1,3,"MONISTROL (RUE)","47,7338800"," -3,3849800",202000036736,154 677 777,B01,3,1,0,2,8,19,5,NULL,202000036736,154 677 778,A01,1,1,1,1,1999,5,1,8,-1,-1," -1",-1,202000036736,4,"MONISTROL (RUE)",0,NULL,2,4,0,1,0,0,1,NULL," -1",1,0,1,30
202000038126,15,3,2020,09:10:00,1,49,49258,1,2,1,3,"D146 (La Renaudière)","47,1374830"," -1,0456110",202000038126,154 675 335,B01,3,1,0,2,1,1,5,NULL,202000038126,154 675 335,B01,1,1,3,1,1962,5,0,-1,-1,0,0,-1,202000038126,3,146,0,NULL,2,2,0,1,17,40,1,NULL," -1",1,0,1,80
202000038126,15,3,2020,09:10:00,1,49,49258,1,2,1,3,"D146 (La Renaudière)","47,1374830"," -1,0456110",202000038126,154 675 335,B01,3,1,0,2,1,1,5,NULL,202000038126,154 675 336,A01,1,1,1,1,1980,5,1,-1,-1,0,0,-1,202000038126,3,146,0,NULL,2,2,0,1,17,40,1,NULL," -1",1,0,1,80
202000038361,1,8,2020,15:35:00,1,74,74275,1,3,1,3,"1100 Route de Saint-germain","45,8515400","6,2161110",202000038361,154 674 932,B01,2,1,0,2,3,1,5,NULL,202000038361,154 674 932,B01,1,1,4,1,1997,5,2,-1,-1,0,0,-1,202000038361,3,42,-1,NULL,2,2,0,2,0,980,1,NULL," -1",1,0,1,70
202000038361,1,8,2020,15:35:00,1,74,74275,1,3,1,3,"1100 Route de Saint-germain","45,8515400","6,2161110",202000038361,154 674 932,B01,2,1,0,2,3,1,5,NULL,202000038361,154 674 933,A01,1,1,1,1,1970,5,1,-1,-1,0,0,-1,202000038361,3,42,-1,NULL,2,2,0,2,0,980,1,NULL," -1",1,0,1,70
202000038361,1,8,2020,15:35:00,1,74,74275,1,3,1,3,"1100 Route de Saint-germain","45,8515400","6,2161110",202000038361,154 674 932,B01,2,1,0,2,3,1,5,NULL,202000038361,154 674 933,A01,2,2,1,2,1972,5,1,-1,-1,0,0,-1,202000038361,3,42,-1,NULL,2,2,0,2,0,980,1,NULL," -1",1,0,1,70
202000038361,1,8,2020,15:35:00,1,74,74275,1,3,1,3,"1100 Route de Saint-germain","45,8515400","6,2161110",202000038361,154 674 932,B01,2,1,0,2,3,1,5,NULL,202000038361,154 674 933,A01,4,2,1,2,2001,5,1,-1,-1,0,0,-1,202000038361,3,42,-1,NULL,2,2,0,2,0,980,1,NULL," -1",1,0,1,70
202000038361,1,8,2020,15:35:00,1,74,74275,1,3,1,3,"1100 Route de Saint-germain","45,8515400","6,2161110",202000038361,154 674 932,B01,2,1,0,2,3,1,5,NULL,202000038361,154 674 933,A01,3,2,1,1,2003,5,1,-1,-1,0,0,-1,202000038361,3,42,-1,NULL,2,2,0,2,0,980,1,NULL," -1",1,0,1,70
202000038968,25,5,2020,20:00:00,1,94,94081,2,1,1,2,"JULES GUESDE (QU)","48,8025210","2,4107200",202000038968,154 673 867,B01,1,1,0,2,4,1,0,NULL,202000038968,154 673 867,B01,1,1,4,2,2013,5,2,0,-1,-1," -1",-1,202000038968,3,152,0,NULL,2,2,0,1,0,0,1,NULL," -1",1,0,1,50
202000039820,26,6,2020,12:05:00,1,83,83123,2,1,1,3,"GARE (ROUTE)","43,1210100","5,8174900",202000039820,154 672 377,B01,3,1,0,2,8,19,0,NULL,202000039820,154 672 377,B01,1,1,4,1,2007,5,8,8,-1,-1," -1",-1,202000039820,4,NC,0,NULL,-1,1,0,1,0,0,1,NULL," -1",1,0,1,50
202000039820,26,6,2020,12:05:00,1,83,83123,2,1,1,3,"GARE (ROUTE)","43,1210100","5,8174900",202000039820,154 672 377,B01,3,1,0,2,8,19,0,NULL,202000039820,154 672 378,A01,1,1,1,2,1927,5,1,8,-1,-1," -1",-1,202000039820,4,NC,0,NULL,-1,1,0,1,0,0,1,NULL," -1",1,0,1,50
202000039941,25,10,2020,07:50:00,1,974,97416,2,6,1,1,"GENERAL DE GAULLE(AVENUE)"," -21,3556000","55,5163500",202000039941,154 672 170,A01,2,1,0,2,1,2,5,NULL,202000039941,154 672 170,A01,1,1,4,1,1989,5,2,6,-1,-1," -1",-1,202000039941,2,"ANCIENNE RN2 (2)",0,NULL,2,2,0,2,0,0,1,NULL," -1",1,5,1,50
202000041106,28,7,2020,14:15:00,1,14,14726,2,3,1,7,"4 Rue 11e Div Blindee Britannique","48,8530610"," -0,6769790",202000041106,154 670 120,A01,2,1,0,0,0,15,5,NULL,202000041106,154 670 120,A01,1,1,4,1,1964,9,0,-1,-1,0,0,-1,202000041106,3,26,-1,A,2,2,0,2,23,700,2,NULL," -1",1,0,1,50
202000041170,7,1,2020,08:53:00,1,75,75108,2,7,1,2,"PLACE DU CANADA","48,8646018","2,3103341",202000041170,154 670 007,A01,1,1,0,2,1,2,5,NULL,202000041170,154 670 006,B01,1,1,1,1,1949,1,1,0,-1,0,0,-1,202000041170,4,NULL,0,NULL,2,3,0,1,0,0,1,NULL,9,2,5,1,50
202000041170,7,1,2020,08:53:00,1,75,75108,2,7,1,2,"PLACE DU CANADA","48,8646018","2,3103341",202000041170,154 670 007,A01,1,1,0,2,1,2,5,NULL,202000041170,154 670 007,A01,1,1,4,1,1967,1,8,2,-1,0,0,-1,202000041170,4,NULL,0,NULL,2,3,0,1,0,0,1,NULL,9,2,5,1,50
202000041415,26,5,2020,22:00:00,2,75,75114,2,2,1,3,"RUE D ALESIA","48,8293090","2,3226490",202000041415,154 669 556,B01,2,1,0,2,8,15,5,NULL,202000041415,154 669 555,A01,1,1,1,1,1987,9,2,8,-1,0,0,-1,202000041415,4,NULL,0,NULL,2,4,3,1,0,0,1,NULL," -1",1,5,1,50
202000041415,26,5,2020,22:00:00,2,75,75114,2,2,1,3,"RUE D ALESIA","48,8293090","2,3226490",202000041415,154 669 556,B01,2,1,0,2,8,15,5,NULL,202000041415,154 669 556,B01,1,1,4,2,1999,9,8,0,-1,0,0,-1,202000041415,4,NULL,0,NULL,2,4,3,1,0,0,1,NULL," -1",1,5,1,50
202000041468,28,5,2020,17:30:00,1,05,05132,2,3,1,7,"Rue du Rocher Roux","44,6838700","6,0773570",202000041468,154 669 466,A01,3,1,0,0,0,0,5,NULL,202000041468,154 669 466,A01,1,1,4,2,1961,5,0,-1,-1,0,0,-1,202000041468,3,945,-1,NULL,2,2,0,1,0,1,2,NULL," -1",1,0,1,50
202000041470,28,5,2020,19:00:00,1,60,60064,2,3,1,3,"2 Rue du Huit Mai 1945","49,4162220","3,0086980",202000041470,154 669 463,B01,3,1,0,2,1,1,5,NULL,202000041470,154 669 462,A01,1,1,1,1,1977,5,1,-1,-1,0,0,-1,202000041470,3,335,-1,NULL,2,2,0,2,24,950,1,NULL," -1",1,0,1,50
202000041470,28,5,2020,19:00:00,1,60,60064,2,3,1,3,"2 Rue du Huit Mai 1945","49,4162220","3,0086980",202000041470,154 669 463,B01,3,1,0,2,1,1,5,NULL,202000041470,154 669 463,B01,1,1,3,1,1962,5,2,-1,-1,0,0,-1,202000041470,3,335,-1,NULL,2,2,0,2,24,950,1,NULL," -1",1,0,1,50
202000044771,4,1,2020,13:15:00,1,59,59599,2,3,1,1,"SCHWEITZER (RUE DU DOCTEUR)","50,7397903","3,1799789",202000044771,154 663 519,B01,1,1,0,2,0,0,5,NULL,202000044771,154 663 519,B01,1,1,3,1,1983,3,8,8,-1,-1," -1",-1,202000044771,4," RUE DU DOCTEUR SCHWEITZER",0,NULL,2,1,0,1,0,0,1,NULL," -1",1,0,1,50
202000045374,2,1,2020,15:35:00,1,75,75116,2,7,2,3,"AVENUE FOCH","48,8737392","2,2940947",202000045374,154 662 494,B01,1,1,0,2,8,16,5,NULL,202000045374,154 662 494,B01,1,1,4,1,1990,1,8,2,-1,0,0,-1,202000045374,4,NULL,0,NULL,2,5,0,1,0,0,1,NULL,15,2,0,1,30
202000045374,2,1,2020,15:35:00,1,75,75116,2,7,2,3,"AVENUE FOCH","48,8737392","2,2940947",202000045374,154 662 494,B01,1,1,0,2,8,16,5,NULL,202000045374,154 662 496,A01,1,1,1,1,1990,1,1,0,-1,0,0,-1,202000045374,4,NULL,0,NULL,2,5,0,1,0,0,1,NULL,15,2,0,1,30
202000045859,20,9,2020,22:40:00,5,91,91552,2,1,1,7,"CORBEIL (ROUTE DE)","48,5952300","2,2660600",202000045859,154 661 686,A01,2,1,8,0,0,1,5,NULL,202000045859,154 661 686,A01,1,1,3,1,2002,5,8,0,-1,-1," -1",-1,202000045859,3,152,0,NULL,2,2,0,2,0,0,1,NULL," -1",1,0,1,50
202000046095,7,3,2020,12:00:00,1,06,06069,2,1,1,3,"CROISSET (AVENUE FR. DE)","43,6656880","6,9351920",202000046095,154 661 256,B01,2,1,0,2,2,2,5,NULL,202000046095,154 661 256,B01,1,1,4,1,1961,5,2,6,-1,-1," -1",-1,202000046095,3,"CROISSET (AVENUE FR. DE)",0,NULL,2,2,0,2,2,392,2,NULL," -1",1,0,1,50
202000046095,7,3,2020,12:00:00,1,06,06069,2,1,1,3,"CROISSET (AVENUE FR. DE)","43,6656880","6,9351920",202000046095,154 661 256,B01,2,1,0,2,2,2,5,NULL,202000046095,154 661 257,A01,1,1,1,2,1945,5,1,0,-1,-1," -1",-1,202000046095,3,"CROISSET (AVENUE FR. DE)",0,NULL,2,2,0,2,2,392,2,NULL," -1",1,0,1,50
202000047722,1,12,2020,13:30:00,1,33,33522,2,4,2,3,"RUE FREDERIC SEVENE","44,8042300"," -0,5812700",202000047722,154 658 392,B01,1,1,0,2,2,1,5,NULL,202000047722,154 658 391,A01,1,1,1,2,1965,0,1,-1,-1,-1," -1",-1,202000047722,4,"RUE BLUMEREL",0,NULL,2,2,0,2,(1),(1),3,NULL," -1",2,0,8,50
202000047722,1,12,2020,13:30:00,1,33,33522,2,4,2,3,"RUE FREDERIC SEVENE","44,8042300"," -0,5812700",202000047722,154 658 392,B01,1,1,0,2,2,1,5,NULL,202000047722,154 658 392,B01,1,1,4,2,1960,0,2,-1,-1,-1," -1",-1,202000047722,4,"RUE BLUMEREL",0,NULL,2,2,0,2,(1),(1),3,NULL," -1",2,0,8,50
202000006887,16,5,2020,17:50:00,1,75,75112,2,1,1,2,"RUE PROUDHON","48,8371460","2,3904787",202000006887,154 730 148,B01,2,1,0,2,2,1,5,NULL,202000006887,154 730 148,B01,1,1,4,2,1986,5,2,8,-1,0,0,-1,202000006887,4,NULL,0,NULL,2,2,2,1,0,0,1,NULL," -1",1,-1,5,50
202000006887,16,5,2020,17:50:00,1,75,75112,2,1,1,2,"RUE PROUDHON","48,8371460","2,3904787",202000006887,154 730 148,B01,2,1,0,2,2,1,5,NULL,202000006887,154 730 149,A01,1,1,1,1,1972,4,8,0,-1,0,0,-1,202000006887,4,NULL,0,NULL,2,2,2,1,0,0,1,NULL," -1",1,-1,5,50
202000006961,3,3,2020,17:00:00,1,29,29019,2,6,1,3,"Rond Point du Tromeur","48,4335359"," -4,4994485",202000006961,154 730 020,B01,0,1,0,0,8,2,0,NULL,202000006961,154 730 020,B01,1,1,4,1,2000,2,2,-1,-1,0,0,-1,202000006961,4,"Rond Point du Tromeur",0,NULL,2,0,0,1,0,0,1,NULL," -1",1,5,1,50
202000006961,3,3,2020,17:00:00,1,29,29019,2,6,1,3,"Rond Point du Tromeur","48,4335359"," -4,4994485",202000006961,154 730 020,B01,0,1,0,0,8,2,0,NULL,202000006961,154 730 021,A01,1,1,1,1,1958,0,1,0,-1,0,0,-1,202000006961,4,"Rond Point du Tromeur",0,NULL,2,0,0,1,0,0,1,NULL," -1",1,5,1,50
202000008317,31,12,2020,13:16:00,1,56,56107,2,6,2,3,"CHAPELLE ST YVES (RUE DE LA)","47,7271000"," -3,3821300",202000008317,154 727 623,B01,2,1,0,2,2,1,5,NULL,202000008317,154 727 622,A01,1,1,1,2,1949,5,1,8,-1,-1," -1",-1,202000008317,4,NULL,0,NULL,2,2,0,1,(1),(1),1,NULL," -1",2,5,1,30
202000008317,31,12,2020,13:16:00,1,56,56107,2,6,2,3,"CHAPELLE ST YVES (RUE DE LA)","47,7271000"," -3,3821300",202000008317,154 727 623,B01,2,1,0,2,2,1,5,NULL,202000008317,154 727 623,B01,1,1,4,1,1969,5,2,8,-1,-1," -1",-1,202000008317,4,NULL,0,NULL,2,2,0,1,(1),(1),1,NULL," -1",2,5,1,30
202000009225,13,9,2020,10:20:00,1,29,29206,1,1,1,7,"Lieu Dit Brengoel","48,6211720"," -4,1934840",202000009225,154 726 017,A01,3,1,0,0,7,1,5,NULL,202000009225,154 726 017,A01,1,1,3,1,1964,5,2,6,9,0,0,-1,202000009225,4,1,-1,NULL,2,2,0,2,(1),(1),1,NULL," -1",1,0,1,50
202000010135,18,8,2020,18:35:00,1,75,75107,2,7,1,3,"PLACE DE LA RESISTANCE","48,8624510","2,3019520",202000010135,154 724 422,B01,2,1,0,2,1,1,5,NULL,202000010135,154 724 421,A01,1,1,1,1,1994,9,1,0,-1,0,0,-1,202000010135,4,NULL,0,NULL,2,2,1,1,0,0,1,NULL," -1",1,-1,5,50
202000010135,18,8,2020,18:35:00,1,75,75107,2,7,1,3,"PLACE DE LA RESISTANCE","48,8624510","2,3019520",202000010135,154 724 422,B01,2,1,0,2,1,1,5,NULL,202000010135,154 724 422,B01,1,1,4,2,1970,9,8,0,-1,0,0,-1,202000010135,4,NULL,0,NULL,2,2,1,1,0,0,1,NULL," -1",1,-1,5,50
202000010429,24,11,2020,08:45:00,1,83,83119,1,1,1,3,"Route des Plages","43,2532853","6,6405772",202000010429,154 723 922,B01,1,1,0,2,3,13,5,NULL,202000010429,154 723 921,A01,1,1,1,2,1943,9,1,-1,-1,0,0,-1,202000010429,3,93,0,D,2,2,0,2,2,20,1,NULL," -1",1,0,1,70
202000010429,24,11,2020,08:45:00,1,83,83119,1,1,1,3,"Route des Plages","43,2532853","6,6405772",202000010429,154 723 922,B01,1,1,0,2,3,13,5,NULL,202000010429,154 723 922,B01,1,1,2,1,1986,3,0,-1,-1,0,0,-1,202000010429,3,93,0,D,2,2,0,2,2,20,1,NULL," -1",1,0,1,70
202000010984,28,1,2020,18:30:00,5,75,75108,2,3,2,3,"RUE DU FAUBOURG SAINT HONORE","48,8766620","2,3014650",202000010984,154 722 956,B01,2,1,0,2,1,1,5,NULL,202000010984,154 722 956,B01,1,1,4,2,1987,1,8,0,-1,0,0,-1,202000010984,4,NULL,0,NULL,2,1,0,1,0,0,1,NULL,3,2,0,1,50
202000010984,28,1,2020,18:30:00,5,75,75108,2,3,2,3,"RUE DU FAUBOURG SAINT HONORE","48,8766620","2,3014650",202000010984,154 722 956,B01,2,1,0,2,1,1,5,NULL,202000010984,154 722 957,A01,1,1,1,1,1991,4,1,0,-1,0,0,-1,202000010984,4,NULL,0,NULL,2,1,0,1,0,0,1,NULL,3,2,0,1,50
202000013472,12,9,2020,18:25:00,1,69,69034,2,1,1,3,"MARGNOLLES (DE)                     (R )","45,7887800","4,8447700",202000013472,154 718 607,B01,1,1,0,2,8,19,5,NULL,202000013472,154 718 606,A01,1,1,1,2,1980,0,1,0,-1,-1," -1",-1,202000013472,4,NULL,0,NULL,2,2,0,1,0,0,1,NULL," -1",1,0,1,50
202000013472,12,9,2020,18:25:00,1,69,69034,2,1,1,3,"MARGNOLLES (DE)                     (R )","45,7887800","4,8447700",202000013472,154 718 607,B01,1,1,0,2,8,19,5,NULL,202000013472,154 718 607,B01,1,1,4,1,2013,5,8,0,-1,-1," -1",-1,202000013472,4,NULL,0,NULL,2,2,0,1,0,0,1,NULL," -1",1,0,1,50
202000017631,8,10,2020,15:10:00,1,95,95491,2,6,1,3,"DE GAULLE (RUE CHARLES)","49,0011800","2,2359900",202000017631,154 711 205,B01,3,1,0,2,6,26,5,NULL,202000017631,154 711 204,A01,1,1,1,2,1990,5,8,8,-1,-1,0,-1,202000017631,4,"DE GAULLE (RUE CHARLES)",0,NULL,2,2,0,1,(1),(1),1,NULL," -1",1,5,1,50
202000017631,8,10,2020,15:10:00,1,95,95491,2,6,1,3,"DE GAULLE (RUE CHARLES)","49,0011800","2,2359900",202000017631,154 711 205,B01,3,1,0,2,6,26,5,NULL,202000017631,154 711 205,B01,1,1,4,1,2004,5,8,0,-1,-1,0,-1,202000017631,4,"DE GAULLE (RUE CHARLES)",0,NULL,2,2,0,1,(1),(1),1,NULL," -1",1,5,1,50