Num_Acc,jour,mois,an,hrmn,lum,dep,com,agg,int,atm,col,adr,lat,long,Num_Acc,id_vehicule,num_veh,senc,catv,obs,obsm,choc,manv,motor,occutc,Num_Acc,id_vehicule,num_veh,place,catu,grav,sexe,an_nais,trajet,secu1,secu2,secu3,locp,actp,etatp,Num_Acc,catr,voie,v1,v2,circ,nbv,vosp,prof,pr,pr1,plan,lartpc,larrout,surf,infra,situ,vma
202000037367,26,9,2020,17:50:00,1,36,36192,2,6,1,3,"26 Avenue Charles de Gaulle","46,6333995","1,4276193",202000037367,154 676 718,B01,2,1,0,2,5,0,5,NULL,202000037367,154 676 718,B01,1,1,2,1,1949,5,0,-1,-1,0,0,-1,202000037367,3,927,-1,NULL,2,2,0,2,47,502,3,NULL," -1",1,0,1,50
202000037718,1,7,2020,07:20:00,1,45,45208,2,1,1,3,"Rue de la Sirene","48,0003717","2,7280067",202000037718,154 676 068,B01,2,1,0,2,8,2,0,NULL,202000037718,154 676 067,A01,1,1,1,2,1965,0,8,0,-1,0,0,-1,202000037718,3,94,0,NULL,3,2,0,2,0,500,4,NULL,4,1,0,1,50
202000037718,1,7,2020,07:20:00,1,45,45208,2,1,1,3,"Rue de la Sirene","48,0003717","2,7280067",202000037718,154 676 068,B01,2,1,0,2,8,2,0,NULL,202000037718,154 676 068,B01,1,1,4,2,1982,1,8,0,-1,-1," -1",-1,202000037718,3,94,0,NULL,3,2,0,2,0,500,4,NULL,4,1,0,1,50
202000038694,8,2,2020,12:23:00,1,09,09225,2,1,1,3,"DELCASSE BOULEVARD","43,1144793","1,6139090",202000038694,154 674 355,B01,1,1,0,0,4,1,-1,NULL,202000038694,154 674 355,B01,1,1,4,1,1992,-1,0,-1,-1,-1," -1",-1,202000038694,3,624,-1,NULL,2,-1,-1,1,14,161,1,NULL," -1",1,0,1,-1
202000038694,8,2,2020,12:23:00,1,09,09225,2,1,1,3,"DELCASSE BOULEVARD","43,1144793","1,6139090",202000038694,154 674 355,B01,1,1,0,0,4,1,-1,NULL,202000038694,154 674 358,A01,1,1,1,1,1967,-1,0,-1,-1,-1," -1",-1,202000038694,3,624,-1,NULL,2,-1,-1,1,14,161,1,NULL," -1",1,0,1,-1
202000038790,8,1,2020,15:05:00,1,34,34172,2,3,1,3,"ROQUETURIERE (RUE DE LA)","43,6310254","3,8851427",202000038790,154 674 186,A01,1,1,0,2,1,26,5,NULL,202000038790,154 674 186,A01,1,1,3,2,1988,0,2,8,-1,0,0,-1,202000038790,4,NULL,0,NULL,2,2,0,2,0,0,1,NULL," -1",1,0,1,50
202000038790,8,1,2020,15:05:00,1,34,34172,2,3,1,3,"ROQUETURIERE (RUE DE LA)","43,6310254","3,8851427",202000038790,154 674 186,A01,1,1,0,2,1,26,5,NULL,202000038790,154 674 187,B01,1,1,1,2,1941,9,1,8,-1,0,0,-1,202000038790,4,NULL,0,NULL,2,2,0,2,0,0,1,NULL," -1",1,0,1,50
202000041123,28,7,2020,16:00:00,1,27,27219,2,1,1,1,"Rue René Lothon","49,1786110","0,8664660",202000041123,154 670 094,B01,3,1,0,2,8,16,6,NULL,202000041123,154 670 092,A01,1,1,1,2,1992,5,1,-1,-1,0,0,-1,202000041123,4,NULL,0,NULL,2,2,3,1,(1),(1),1,NULL," -1",1,0,1,-1
202000041123,28,7,2020,16:00:00,1,27,27219,2,1,1,1,"Rue René Lothon","49,1786110","0,8664660",202000041123,154 670 094,B01,3,1,0,2,8,16,6,NULL,202000041123,154 670 094,B01,1,1,3,1,2008,5,0,-1,-1,0,0,-1,202000041123,4,NULL,0,NULL,2,2,3,1,(1),(1),1,NULL," -1",1,0,1,-1
202000047132,25,8,2020,18:00:00,1,75,75107,2,7,1,3,"PLACE DES INVALIDES","48,8584370","2,3125310",202000047132,154 659 460,B01,1,1,0,0,4,1,5,NULL,202000047132,154 659 455,A01,1,1,1,2,1991,9,1,0,-1,0,0,-1,202000047132,4,NULL,0,NULL,-1,3,0,1,0,0,1,NULL," -1",1,0,1,50
202000047132,25,8,2020,18:00:00,1,75,75107,2,7,1,3,"PLACE DES INVALIDES","48,8584370","2,3125310",202000047132,154 659 460,B01,1,1,0,0,4,1,5,NULL,202000047132,154 659 460,B01,1,1,4,2,1990,9,2,0,-1,0,0,-1,202000047132,4,NULL,0,NULL,-1,3,0,1,0,0,1,NULL," -1",1,0,1,50
202000008179,18,8,2020,18:30:00,1,94,94054,2,1,1,3,"JEAN MERMOZ (R)","48,7488840","2,4148300",202000008179,154 727 859,B01,3,1,0,2,1,25,6,NULL,202000008179,154 727 859,B01,1,1,4,1,2015,5,8,0,-1,-1," -1",-1,202000008179,4,"JEAN MERMOZ (R)",0,NULL,-1,2,0,2,0,1,1,NULL," -1",1,0,4,30
202000008179,18,8,2020,18:30:00,1,94,94054,2,1,1,3,"JEAN MERMOZ (R)","48,7488840","2,4148300",202000008179,154 727 859,B01,3,1,0,2,1,25,6,NULL,202000008179,154 727 860,A01,1,1,1,2,1991,3,1,0,-1,-1," -1",-1,202000008179,4,"JEAN MERMOZ (R)",0,NULL,-1,2,0,2,0,1,1,NULL," -1",1,0,4,30
202000008958,26,2,2020,14:30:00,1,10,10387,2,1,1,1,"JACQUIN (RUE)","48,3043300","4,0825200",202000008958,154 726 514,B01,3,1,0,2,1,1,0,NULL,202000008958,154 726 514,B01,1,1,4,2,1965,0,8,0,-1,-1,0,-1,202000008958,4,"JACQUIN (RUE)",0,NULL,2,3,0,1,0,0,2,NULL," -1",1,0,1,50
202000008958,26,2,2020,14:30:00,1,10,10387,2,1,1,1,"JACQUIN (RUE)","48,3043300","4,0825200",202000008958,154 726 514,B01,3,1,0,2,1,1,0,NULL,202000008958,154 726 515,A01,1,1,1,1,1990,4,1,0,-1,-1,0,-1,202000008958,4,"JACQUIN (RUE)",0,NULL,2,3,0,1,0,0,2,NULL," -1",1,0,1,50
202000010271,29,12,2020,12:29:00,1,75,75117,2,4,1,3,"AVENUE DE CLICHY","48,8912580","2,3190750",202000010271,154 724 182,A01,1,1,0,2,1,1,5,NULL,202000010271,154 724 181,B01,1,1,1,1,1961,4,1,0,-1,0,0,-1,202000010271,4,NULL,0,NULL,2,2,3,1,0,0,1,NULL," -1",1,0,1,50
202000010271,29,12,2020,12:29:00,1,75,75117,2,4,1,3,"AVENUE DE CLICHY","48,8912580","2,3190750",202000010271,154 724 182,A01,1,1,0,2,1,1,5,NULL,202000010271,154 724 182,A01,1,1,4,1,1989,5,2,8,-1,0,0,-1,202000010271,4,NULL,0,NULL,2,2,3,1,0,0,1,NULL," -1",1,0,1,50
202000010632,14,5,2020,19:20:00,1,75,75119,2,4,1,6,"QUAI DE LA SEINE","48,8880250","2,3772190",202000010632,154 723 565,A01,1,1,0,1,8,16,5,NULL,202000010632,154 723 565,A01,10,3,4,2,1988,9,0,-1,-1,3,3,2,202000010632,4,NULL,0,NULL,2,3,0,1,0,0,1,NULL," -1",1,0,1,30
202000010632,14,5,2020,19:20:00,1,75,75119,2,4,1,6,"QUAI DE LA SEINE","48,8880250","2,3772190",202000010632,154 723 565,A01,1,1,0,1,8,16,5,NULL,202000010632,154 723 565,A01,1,1,1,1,1993,9,2,0,-1,0,0,-1,202000010632,4,NULL,0,NULL,2,3,0,1,0,0,1,NULL," -1",1,0,1,30
202000012262,26,12,2020,16:45:00,1,64,64445,2,1,1,3,"CONDOM DE","43,3221000"," -0,3443700",202000012262,154 720 699,A01,3,1,0,2,2,26,5,NULL,202000012262,154 720 698,B01,1,1,1,2,1990,1,1,8,-1,-1," -1",-1,202000012262,4,NULL,0,NULL,2,2,0,1,0,0,1,NULL," -1",1,0,1,30
202000012262,26,12,2020,16:45:00,1,64,64445,2,1,1,3,"CONDOM DE","43,3221000"," -0,3443700",202000012262,154 720 699,A01,3,1,0,2,2,26,5,NULL,202000012262,154 720 699,A01,1,1,4,1,2005,0,8,0,-1,-1," -1",-1,202000012262,4,NULL,0,NULL,2,2,0,1,0,0,1,NULL," -1",1,0,1,30
202000016400,7,5,2020,16:40:00,1,73,73265,1,3,1,5,"Route de la Foret","45,7509942","5,9760932",202000016400,154 713 396,B01,3,1,0,2,1,1,5,NULL,202000016400,154 713 395,C01,1,1,4,1,1965,5,2,6,-1,0,0,-1,202000016400,4,"Route des bois",0,NULL,2,2,0,4,(1),(1),3,NULL,4,1,0,1,50
202000016400,7,5,2020,16:40:00,1,73,73265,1,3,1,5,"Route de la Foret","45,7509942","5,9760932",202000016400,154 713 395,C01,3,1,0,2,1,1,5,NULL,202000016400,154 713 395,C01,1,1,4,1,1965,5,2,6,-1,0,0,-1,202000016400,4,"Route des bois",0,NULL,2,2,0,4,(1),(1),3,NULL,4,1,0,1,50
202000016400,7,5,2020,16:40:00,1,73,73265,1,3,1,5,"Route de la Foret","45,7509942","5,9760932",202000016400,154 713 396,B01,3,1,0,2,1,1,5,NULL,202000016400,154 713 396,B01,1,1,3,1,1965,5,2,6,-1,0,0,-1,202000016400,4,"Route des bois",0,NULL,2,2,0,4,(1),(1),3,NULL,4,1,0,1,50
202000016400,7,5,2020,16:40:00,1,73,73265,1,3,1,5,"Route de la Foret","45,7509942","5,9760932",202000016400,154 713 395,C01,3,1,0,2,1,1,5,NULL,202000016400,154 713 396,B01,1,1,3,1,1965,5,2,6,-1,0,0,-1,202000016400,4,"Route des bois",0,NULL,2,2,0,4,(1),(1),3,NULL,4,1,0,1,50
202000016400,7,5,2020,16:40:00,1,73,73265,1,3,1,5,"Route de la Foret","45,7509942","5,9760932",202000016400,154 713 396,B01,3,1,0,2,1,1,5,NULL,202000016400,154 713 397,A01,1,1,1,1,1967,4,1,-1,-1,0,0,-1,202000016400,4,"Route des bois",0,NULL,2,2,0,4,(1),(1),3,NULL,4,1,0,1,50
202000016400,7,5,2020,16:40:00,1,73,73265,1,3,1,5,"Route de la Foret","45,7509942","5,9760932",202000016400,154 713 395,C01,3,1,0,2,1,1,5,NULL,202000016400,154 713 397,A01,1,1,1,1,1967,4,1,-1,-1,0,0,-1,202000016400,4,"Route des bois",0,NULL,2,2,0,4,(1),(1),3,NULL,4,1,0,1,50
202000017436,12,6,2020,17:30:00,1,93,93045,2,1,1,3,"R DE PARIS","48,8784033","2,4112546",202000017436,154 711 567,B01,1,1,0,2,2,1,0,NULL,202000017436,154 711 566,A01,1,1,1,2,1989,0,1,0,-1,-1," -1",-1,202000017436,3,117,0,NULL,2,2,0,1,1,0,1,NULL," -1",1,0,1,50
202000017436,12,6,2020,17:30:00,1,93,93045,2,1,1,3,"R DE PARIS","48,8784033","2,4112546",202000017436,154 711 567,B01,1,1,0,2,2,1,0,NULL,202000017436,154 711 567,B01,1,1,4,1,1989,0,8,0,-1,-1," -1",-1,202000017436,3,117,0,NULL,2,2,0,1,1,0,1,NULL," -1",1,0,1,50
202000018215,13,11,2020,09:30:00,1,69,69034,2,3,1,3,"FRANCOIS PEISSEL                    (R )","45,7932894","4,8391583",202000018215,154 710 192,Y01,0,1,0,2,7,1,0,NULL,202000018215,154 710 191,A01,1,1,1,2,1987,4,1,0,-1,-1," -1",-1,202000018215,4,NULL,0,NULL,-1,0,0,1,0,0,1,NULL," -1",1,0,1,50
202000018215,13,11,2020,09:30:00,1,69,69034,2,3,1,3,"FRANCOIS PEISSEL                    (R )","45,7932894","4,8391583",202000018215,154 710 192,Y01,0,1,0,2,7,1,0,NULL,202000018215,154 710 192,Y01,1,1,4,1,1945,3,2,0,-1,-1," -1",-1,202000018215,4,NULL,0,NULL,-1,0,0,1,0,0,1,NULL," -1",1,0,1,50
202000018615,22,1,2020,17:50:00,5,29,29106,2,1,1,6,"Rue de Quilinen","48,0861820"," -4,0647750",202000018615,154 709 507,A01,3,1,13,0,9,1,5,NULL,202000018615,154 709 507,A01,1,1,3,1,1969,0,0,-1,-1,0,0,-1,202000018615,4,NULL,-1,NULL,2,2,0,2,(1),(1),1,NULL," -1",1,0,8,50
202000020888,19,2,2020,11:05:00,1,56,56034,2,6,1,3,"10 Avenue Saint Colomban","47,5795080"," -3,0815150",202000020888,154 705 476,B01,2,1,0,2,5,1,5,NULL,202000020888,154 705 476,B01,1,1,3,2,1960,5,0,-1,-1,0,0,-1,202000020888,4,NULL,-1,NULL,2,2,0,1,(1),(1),1,NULL," -1",2,5,1,30
202000020888,19,2,2020,11:05:00,1,56,56034,2,6,1,3,"10 Avenue Saint Colomban","47,5795080"," -3,0815150",202000020888,154 705 476,B01,2,1,0,2,5,1,5,NULL,202000020888,154 705 477,A01,1,1,1,2,1969,0,1,-1,-1,0,0,-1,202000020888,4,NULL,-1,NULL,2,2,0,1,(1),(1),1,NULL," -1",2,5,1,30
202000020960,13,2,2020,06:37:00,3,86,86194,2,1,1,2,"Allée Jacques Coeur","46,5670770","0,3744050",202000020960,154 705 340,B01,3,1,0,2,4,1,0,NULL,202000020960,154 705 340,B01,1,1,3,1,1981,1,8,0,-1,-1," -1",-1,202000020960,4," Allée Jacques Coeur",0,NULL,2,2,0,1,(1),(1),1,NULL," -1",1,0,1,30
202000020960,13,2,2020,06:37:00,3,86,86194,2,1,1,2,"Allée Jacques Coeur","46,5670770","0,3744050",202000020960,154 705 340,B01,3,1,0,2,4,1,0,NULL,202000020960,154 705 341,A01,1,1,1,2,1981,1,1,0,-1,-1," -1",-1,202000020960,4," Allée Jacques Coeur",0,NULL,2,2,0,1,(1),(1),1,NULL," -1",1,0,1,30
202000021062,8,9,2020,18:38:00,2,25,25056,2,1,7,3,CHALEZEULE,"47,2487000","6,0452000",202000021062,154 705 150,B01,2,1,0,2,0,2,0,NULL,202000021062,154 705 150,B01,1,1,4,1,1977,0,8,0,-1,-1," -1",-1,202000021062,4,NULL,0,NULL,2,2,2,1,(1),(1),1,NULL," -1",1,0,5,50
202000021062,8,9,2020,18:38:00,2,25,25056,2,1,7,3,CHALEZEULE,"47,2487000","6,0452000",202000021062,154 705 150,B01,2,1,0,2,0,2,0,NULL,202000021062,154 705 150,B01,2,2,4,1,2019,0,2,0,-1,-1," -1",-1,202000021062,4,NULL,0,NULL,2,2,2,1,(1),(1),1,NULL," -1",1,0,5,50
202000021062,8,9,2020,18:38:00,2,25,25056,2,1,7,3,CHALEZEULE,"47,2487000","6,0452000",202000021062,154 705 150,B01,2,1,0,2,0,2,0,NULL,202000021062,154 705 151,A01,1,1,1,1,1996,0,1,0,-1,-1," -1",-1,202000021062,4,NULL,0,NULL,2,2,2,1,(1),(1),1,NULL," -1",1,0,5,50
202000022464,16,1,2020,14:00:00,1,29,29232,2,6,2,3,"Rue Madame de Stael","47,9838900"," -4,0730400",202000022464,154 702 699,A01,1,1,0,2,1,1,5,NULL,202000022464,154 702 699,A01,1,1,4,1,1978,1,2,8,-1,0,0,-1,202000022464,4,"Allée Benjamin Constant",0,NULL,2,2,0,1,0,0,2,NULL," -1",2,5,1,50
202000022464,16,1,2020,14:00:00,1,29,29232,2,6,2,3,"Rue Madame de Stael","47,9838900"," -4,0730400",202000022464,154 702 699,A01,1,1,0,2,1,1,5,NULL,202000022464,154 702 700,B01,1,1,1,1,1960,1,1,8,-1,0,0,-1,202000022464,4,"Allée Benjamin Constant",0,NULL,2,2,0,1,0,0,2,NULL," -1",2,5,1,50
202000022477,19,1,2020,06:55:00,2,75,75112,2,1,1,3,"BOULEVARD PONIATOWSKI","48,8333956","2,4019134",202000022477,154 702 680,B01,2,1,0,2,7,17,5,NULL,202000022477,154 702 679,A01,1,1,1,1,1988,1,8,2,-1,0,0,-1,202000022477,4,NULL,0,NULL,3,2,1,1,67,0,1,NULL," -1",1,-1,5,50
202000022477,19,1,2020,06:55:00,2,75,75112,2,1,1,3,"BOULEVARD PONIATOWSKI","48,8333956","2,4019134",202000022477,154 702 679,A01,2,1,0,2,8,13,5,NULL,202000022477,154 702 679,A01,1,1,1,1,1988,1,8,2,-1,0,0,-1,202000022477,4,NULL,0,NULL,3,2,1,1,67,0,1,NULL," -1",1,-1,5,50
202000022477,19,1,2020,06:55:00,2,75,75112,2,1,1,3,"BOULEVARD PONIATOWSKI","48,8333956","2,4019134",202000022477,154 702 680,B01,2,1,0,2,7,17,5,NULL,202000022477,154 702 680,B01,1,1,4,1,1984,1,8,2,-1,0,0,-1,202000022477,4,NULL,0,NULL,3,2,1,1,67,0,1,NULL," -1",1,-1,5,50
202000022477,19,1,2020,06:55:00,2,75,75112,2,1,1,3,"BOULEVARD PONIATOWSKI","48,8333956","2,4019134",202000022477,154 702 679,A01,2,1,0,2,8,13,5,NULL,202000022477,154 702 680,B01,1,1,4,1,1984,1,8,2,-1,0,0,-1,202000022477,4,NULL,0,NULL,3,2,1,1,67,0,1,NULL," -1",1,-1,5,50
202000022968,2,9,2020,16:50:00,1,73,73065,1,6,1,3,"D10 LANDIERS (AVENUE DES)","45,5937400","5,9009500",202000022968,154 701 817,B01,2,1,0,2,4,1,5,NULL,202000022968,154 701 816,A01,1,1,1,1,1948,0,1,0,-1,-1," -1",-1,202000022968,3,"LANDIERS (AVENUE DES)",0,NULL,2,2,2,1,1,490,2,NULL," -1",1,5,5,70
202000022968,2,9,2020,16:50:00,1,73,73065,1,6,1,3,"D10 LANDIERS (AVENUE DES)","45,5937400","5,9009500",202000022968,154 701 817,B01,2,1,0,2,4,1,5,NULL,202000022968,154 701 817,B01,1,1,4,1,1984,0,2,-1,-1,-1," -1",-1,202000022968,3,"LANDIERS (AVENUE DES)",0,NULL,2,2,2,1,1,490,2,NULL," -1",1,5,5,70
202000024706,18,2,2020,07:30:00,1,69,69385,2,1,1,7,"CHEMIN NEUF (DU)                    (MO)","45,7590800","4,8240500",202000024706,154 698 770,A01,2,1,0,2,8,17,5,NULL,202000024706,154 698 770,A01,1,1,4,1,1978,1,2,0,-1,-1," -1",-1,202000024706,4,"CHEMIN NEUF (DU)                    (MO)",0,NULL,2,2,0,2,0,0,1,NULL," -1",8,0,1,50
202000024935,7,9,2020,17:25:00,1,25,25056,2,1,1,3,"Rue de la Grette","47,2274500","6,0081500",202000024935,154 698 355,B01,3,1,0,2,7,19,5,NULL,202000024935,154 698 354,A01,1,1,1,2,2000,0,1,0,-1,0,0,-1,202000024935,4,NULL,0,NULL,2,2,0,2,(1),(1),1,NULL," -1",1,0,1,50
202000024935,7,9,2020,17:25:00,1,25,25056,2,1,1,3,"Rue de la Grette","47,2274500","6,0081500",202000024935,154 698 355,B01,3,1,0,2,7,19,5,NULL,202000024935,154 698 355,B01,1,1,4,2,2003,5,0,-1,-1,0,0,-1,202000024935,4,NULL,0,NULL,2,2,0,2,(1),(1),1,NULL," -1",1,0,1,50
202000025335,6,6,2020,11:10:00,1,69,69149,2,1,8,3,"GRANDE RUE                          (GR)","45,7126721","4,8038271",202000025335,154 697 643,B01,2,1,1,9,1,1,0,NULL,202000025335,154 697 636,A01,1,1,1,2,1970,5,8,0,-1,-1," -1",-1,202000025335,4,"GRANDE RUE                          (GR)",0,NULL,2,2,0,2,0,0,1,NULL," -1",1,0,1,30
202000025335,6,6,2020,11:10:00,1,69,69149,2,1,8,3,"GRANDE RUE                          (GR)","45,7126721","4,8038271",202000025335,154 697 643,B01,2,1,1,9,1,1,0,NULL,202000025335,154 697 643,B01,1,1,4,1,1973,5,8,0,-1,-1," -1",-1,202000025335,4,"GRANDE RUE                          (GR)",0,NULL,2,2,0,2,0,0,1,NULL," -1",1,0,1,30
202000029659,3,6,2020,02:00:00,5,59,59360,2,1,1,3,"JOFFRE RUE DU MARECHAL","50,6165746","3,0051738",202000029659,154 690 131,B01,1,1,0,2,8,0,0,NULL,202000029659,154 690 131,B01,1,1,4,1,1992,5,8,0,-1,-1," -1",-1,202000029659,4,"JOFFRE RUE DU MARECHAL",0,NULL,2,1,0,1,0,0,1,NULL," -1",1,0,1,50
202000029659,3,6,2020,02:00:00,5,59,59360,2,1,1,3,"JOFFRE RUE DU MARECHAL","50,6165746","3,0051738",202000029659,154 690 131,B01,1,1,0,2,8,0,0,NULL,202000029659,154 690 133,A01,1,1,1,1,2002,0,1,0,-1,-1,0,-1,202000029659,4,"JOFFRE RUE DU MARECHAL",0,NULL,2,1,0,1,0,0,1,NULL," -1",1,0,1,50
202000030092,14,1,2020,17:25:00,1,973,97309,2,2,1,3,"Rue Robert Sampson","4,8865662"," -52,2759832",202000030092,154 689 365,B01,1,1,0,2,3,26,6,NULL,202000030092,154 689 365,B01,1,1,3,1,2003,9,0,-1,-1,0,0,-1,202000030092,4,NULL,-1,NULL,2,2,0,2,(1),(1),1,NULL," -1",1,0,1,50
202000030092,14,1,2020,17:25:00,1,973,97309,2,2,1,3,"Rue Robert Sampson","4,8865662"," -52,2759832",202000030092,154 689 365,B01,1,1,0,2,3,26,6,NULL,202000030092,154 689 366,A01,1,1,1,1,1958,0,8,-1,-1,0,0,-1,202000030092,4,NULL,-1,NULL,2,2,0,2,(1),(1),1,NULL," -1",1,0,1,50
202000030806,4,9,2020,17:45:00,1,54,54395,2,3,1,3,"COLLIGNON (Avenue et Pont)","48,6891300","6,2012300",202000030806,154 688 177,B01,3,1,0,2,1,19,5,NULL,202000030806,154 688 176,A01,2,2,1,1,2002,0,1,0,-1,0,0,-1,202000030806,4,NULL,0,NULL,2,4,1,1,0,0,1,NULL," -1",1,0,1,50
202000030806,4,9,2020,17:45:00,1,54,54395,2,3,1,3,"COLLIGNON (Avenue et Pont)","48,6891300","6,2012300",202000030806,154 688 177,B01,3,1,0,2,1,19,5,NULL,202000030806,154 688 176,A01,1,1,1,1,1999,0,1,0,-1,0,0,-1,202000030806,4,NULL,0,NULL,2,4,1,1,0,0,1,NULL," -1",1,0,1,50
202000030806,4,9,2020,17:45:00,1,54,54395,2,3,1,3,"COLLIGNON (Avenue et Pont)","48,6891300","6,2012300",202000030806,154 688 177,B01,3,1,0,2,1,19,5,NULL,202000030806,154 688 177,B01,1,1,4,1,2004,0,2,0,-1,0,0,-1,202000030806,4,NULL,0,NULL,2,4,1,1,0,0,1,NULL," -1",1,0,1,50
202000032183,6,7,2020,16:35:00,1,64,64422,2,1,8,7,"Rue Labarraque","43,1887740"," -0,6098650",202000032183,154 685 822,A01,2,1,6,0,1,0,5,NULL,202000032183,154 685 822,A01,1,1,3,1,1999,5,0,-1,-1,0,0,-1,202000032183,3,328,0,NULL,2,2,0,2,(1),(1),2,NULL," -1",1,0,4,50
202000032259,4,7,2020,12:00:00,1,94,94073,2,3,1,1,"avenue Franklin Roosevelt","48,7653860","2,3951000",202000032259,154 685 684,A01,3,1,0,2,1,15,5,NULL,202000032259,154 685 683,B01,1,1,1,1,1999,5,1,0,-1,-1," -1",-1,202000032259,4,"AVE FRANKLIN ROOSEVELT",0,NULL,-1,2,0,2,0,0,1,NULL," -1",1,0,1,50
202000032259,4,7,2020,12:00:00,1,94,94073,2,3,1,1,"avenue Franklin Roosevelt","48,7653860","2,3951000",202000032259,154 685 684,A01,3,1,0,2,1,15,5,NULL,202000032259,154 685 684,A01,1,1,4,1,1952,5,8,0,-1,-1," -1",-1,202000032259,4,"AVE FRANKLIN ROOSEVELT",0,NULL,-1,2,0,2,0,0,1,NULL," -1",1,0,1,50
202000035023,28,9,2020,18:20:00,1,75,75108,2,1,1,2,"RUE CLAPEYRON","48,8817670","2,3239830",202000035023,154 680 871,A01,2,1,0,2,1,1,5,NULL,202000035023,154 680 871,A01,1,1,4,1,1957,5,8,0,-1,0,0,-1,202000035023,4,NULL,0,NULL,1,1,0,2,0,0,1,NULL," -1",1,0,1,50
202000035023,28,9,2020,18:20:00,1,75,75108,2,1,1,2,"RUE CLAPEYRON","48,8817670","2,3239830",202000035023,154 680 870,Z01,1,1,0,2,1,10,5,NULL,202000035023,154 680 871,A01,1,1,4,1,1957,5,8,0,-1,0,0,-1,202000035023,4,NULL,0,NULL,1,1,0,2,0,0,1,NULL," -1",1,0,1,50
202000035365,13,1,2020,09:00:00,1,56,56078,2,6,2,3,"Rue de Kerbastic","47,7928668"," -3,4915522",202000035365,154 680 257,B01,0,1,0,2,8,1,0,NULL,202000035365,154 680 254,A01,1,1,1,2,1989,9,1,-1,-1,0,0,-1,202000035365,4,"Rue de Kerbastic",0,NULL,-1,2,0,1,(1),(1),1,NULL,5,2,0,1,50
202000035365,13,1,2020,09:00:00,1,56,56078,2,6,2,3,"Rue de Kerbastic","47,7928668"," -3,4915522",202000035365,154 680 257,B01,0,1,0,2,8,1,0,NULL,202000035365,154 680 257,B01,1,1,3,2,1958,0,0,-1,-1,0,0,-1,202000035365,4,"Rue de Kerbastic",0,NULL,-1,2,0,1,(1),(1),1,NULL,5,2,0,1,50
202000035774,30,5,2020,20:10:00,1,92,92014,2,3,7,3,"BIEVRE (RUE DE LA)","48,7807120","2,3206750",202000035774,154 679 521,A01,2,1,0,2,4,11,5,NULL,202000035774,154 679 520,B01,1,1,1,2,1999,1,1,0,-1,-1," -1",-1,202000035774,3,74,0,NULL,2,3,0,1,0,0,1,NULL," -1",1,0,1,50
202000035774,30,5,2020,20:10:00,1,92,92014,2,3,7,3,"BIEVRE (RUE DE LA)","48,7807120","2,3206750",202000035774,154 679 521,A01,2,1,0,2,4,11,5,NULL,202000035774,154 679 520,B01,2,2,1,1,1968,1,1,8,-1,-1," -1",-1,202000035774,3,74,0,NULL,2,3,0,1,0,0,1,NULL," -1",1,0,1,50
202000035774,30,5,2020,20:10:00,1,92,92014,2,3,7,3,"BIEVRE (RUE DE LA)","48,7807120","2,3206750",202000035774,154 679 521,A01,2,1,0,2,4,11,5,NULL,202000035774,154 679 521,A01,1,1,4,2,2001,5,8,0,-1,-1," -1",-1,202000035774,3,74,0,NULL,2,3,0,1,0,0,1,NULL," -1",1,0,1,50
202000038848,8,1,2020,18:10:00,3,85,85109,1,3,2,2,"Avenue de l'Europe","46,8837670"," -1,0267950",202000038848,154 674 087,B01,2,1,0,0,4,15,0,NULL,202000038848,154 674 086,A01,1,1,1,1,1937,5,1,-1,-1,0,0,-1,202000038848,3,755,-1,NULL,2,2,0,1,28,322,1,NULL,"5,5",2,0,1,70
202000038848,8,1,2020,18:10:00,3,85,85109,1,3,2,2,"Avenue de l'Europe","46,8837670"," -1,0267950",202000038848,154 674 087,B01,2,1,0,0,4,15,0,NULL,202000038848,154 674 087,B01,1,1,4,1,1962,1,2,-1,-1,0,0,-1,202000038848,3,755,-1,NULL,2,2,0,1,28,322,1,NULL,"5,5",2,0,1,70
202000040931,24,9,2020,17:30:00,1,94,94041,2,1,8,6,"STALINGRAD (BD DE)","48,8030500","2,3780100",202000040931,154 670 418,A01,2,1,0,1,0,1,5,NULL,202000040931,154 670 418,A01,10,3,4,2,1953,5,0,-1,-1,5,9,1,202000040931,3,5,0,NULL,2,1,2,1,0,1,1,NULL," -1",2,0,5,1
202000040931,24,9,2020,17:30:00,1,94,94041,2,1,8,6,"STALINGRAD (BD DE)","48,8030500","2,3780100",202000040931,154 670 418,A01,2,1,0,1,0,1,5,NULL,202000040931,154 670 418,A01,1,1,4,1,1978,1,2,8,-1,-1," -1",-1,202000040931,3,5,0,NULL,2,1,2,1,0,1,1,NULL," -1",2,0,5,1
202000040977,24,9,2020,17:45:00,2,93,93079,2,8,2,-1,"DIVISION LECLERC (AV)","48,9547623","2,3438819",202000040977,154 670 341,A01,-1,1,14,2,0,26,5,NULL,202000040977,154 670 341,A01,1,1,4,1,2004,4,8,0,-1,-1," -1",-1,202000040977,3,24,0,NULL,1,1,0,4,0,1,3,NULL," -1",2,0,1,50