Num_Acc,jour,mois,an,hrmn,lum,dep,com,agg,int,atm,col,adr,lat,long,Num_Acc,id_vehicule,num_veh,senc,catv,obs,obsm,choc,manv,motor,occutc,Num_Acc,id_vehicule,num_veh,place,catu,grav,sexe,an_nais,trajet,secu1,secu2,secu3,locp,actp,etatp,Num_Acc,catr,voie,v1,v2,circ,nbv,vosp,prof,pr,pr1,plan,lartpc,larrout,surf,infra,situ,vma
202000043982,22,9,2020,09:40:00,1,75,75113,2,3,1,3,"AVENUE DE CHOISY","48,8284810","2,3581020",202000043982,154 664 954,A01,2,1,0,2,3,1,5,NULL,202000043982,154 664 954,A01,1,1,4,2,1990,1,8,0,-1,0,0,-1,202000043982,4,NULL,0,NULL,-1,2,0,1,0,0,1,NULL," -1",1,0,1,50
202000043982,22,9,2020,09:40:00,1,75,75113,2,3,1,3,"AVENUE DE CHOISY","48,8284810","2,3581020",202000043982,154 664 954,A01,2,1,0,2,3,1,5,NULL,202000043982,154 664 955,B01,1,1,1,1,1969,9,1,0,-1,0,0,-1,202000043982,4,NULL,0,NULL,-1,2,0,1,0,0,1,NULL," -1",1,0,1,50
202000044953,27,7,2020,18:40:00,1,05,05110,1,1,1,1,D4,"44,8233420","6,5101880",202000044953,154 663 221,B01,2,1,0,2,1,13,5,NULL,202000044953,154 663 219,A01,1,1,1,1,1958,5,1,-1,-1,0,0,-1,202000044953,3,4,0,NULL,2,2,0,2,10,360,4,NULL," -1",1,0,1,-1
202000044953,27,7,2020,18:40:00,1,05,05110,1,1,1,1,D4,"44,8233420","6,5101880",202000044953,154 663 221,B01,2,1,0,2,1,13,5,NULL,202000044953,154 663 221,B01,1,1,3,1,1992,5,2,-1,-1,0,0,-1,202000044953,3,4,0,NULL,2,2,0,2,10,360,4,NULL," -1",1,0,1,-1
202000047501,23,7,2020,19:10:00,1,92,92025,2,5,1,3,"CHARLES DE GAULLE (BD)","48,9180447","2,2243345",202000047501,154 658 797,B01,2,1,0,2,7,1,5,NULL,202000047501,154 658 795,A01,1,1,1,1,2001,1,2,0,-1,-1," -1",-1,202000047501,3,992,0,NULL,2,10,2,1,0,0,1,NULL," -1",1,0,1,50
202000047501,23,7,2020,19:10:00,1,92,92025,2,5,1,3,"CHARLES DE GAULLE (BD)","48,9180447","2,2243345",202000047501,154 658 797,B01,2,1,0,2,7,1,5,NULL,202000047501,154 658 797,B01,1,1,4,1,1986,1,8,0,-1,-1," -1",-1,202000047501,3,992,0,NULL,2,10,2,1,0,0,1,NULL," -1",1,0,1,50
202000011229,9,9,2020,16:30:00,1,78,78297,2,9,1,3,"PERRET (PLACE DES FRERES)","48,7711400","2,0822100",202000011229,154 722 500,B01,2,1,0,0,4,14,5,NULL,202000011229,154 722 500,B01,1,1,3,1,1956,5,2,0,-1,-1," -1",-1,202000011229,3,91,0,NULL,1,3,0,1,5,270,2,NULL," -1",1,5,1,50
202000011229,9,9,2020,16:30:00,1,78,78297,2,9,1,3,"PERRET (PLACE DES FRERES)","48,7711400","2,0822100",202000011229,154 722 500,B01,2,1,0,0,4,14,5,NULL,202000011229,154 722 501,A01,1,1,1,1,1992,4,1,0,-1,-1," -1",-1,202000011229,3,91,0,NULL,1,3,0,1,5,270,2,NULL," -1",1,5,1,50
202000011460,17,7,2020,13:00:00,1,75,75104,2,2,1,3,"RUE DU RENARD","48,8575180","2,3514540",202000011460,154 722 089,B01,1,1,0,2,8,1,5,NULL,202000011460,154 722 088,A01,1,1,4,1,1988,9,2,6,-1,0,0,-1,202000011460,4,NULL,0,NULL,1,3,1,1,0,0,3,NULL," -1",1,-1,5,50
202000011460,17,7,2020,13:00:00,1,75,75104,2,2,1,3,"RUE DU RENARD","48,8575180","2,3514540",202000011460,154 722 089,B01,1,1,0,2,8,1,5,NULL,202000011460,154 722 089,B01,1,1,4,2,1992,5,2,0,-1,0,0,-1,202000011460,4,NULL,0,NULL,1,3,1,1,0,0,3,NULL," -1",1,-1,5,50
202000011590,18,6,2020,17:20:00,1,38,38536,1,1,1,-1,D37,"45,4244460","4,9181920",202000011590,154 721 855,C01,1,1,0,0,0,2,5,NULL,202000011590,154 721 853,A01,1,1,4,1,2002,0,1,-1,-1,0,0,-1,202000011590,3,37,0,NULL,2,2,0,1,28,100,1,NULL," -1",1,0,8,80
202000011590,18,6,2020,17:20:00,1,38,38536,1,1,1,-1,D37,"45,4244460","4,9181920",202000011590,154 721 855,C01,1,1,0,0,0,2,5,NULL,202000011590,154 721 853,A01,7,2,4,1,2003,0,1,-1,-1,0,0,-1,202000011590,3,37,0,NULL,2,2,0,1,28,100,1,NULL," -1",1,0,8,80
202000011590,18,6,2020,17:20:00,1,38,38536,1,1,1,-1,D37,"45,4244460","4,9181920",202000011590,154 721 855,C01,1,1,0,0,0,2,5,NULL,202000011590,154 721 853,A01,2,2,4,1,2002,0,1,-1,-1,0,0,-1,202000011590,3,37,0,NULL,2,2,0,1,28,100,1,NULL," -1",1,0,8,80
202000011590,18,6,2020,17:20:00,1,38,38536,1,1,1,-1,D37,"45,4244460","4,9181920",202000011590,154 721 855,C01,1,1,0,0,0,2,5,NULL,202000011590,154 721 853,A01,9,2,4,1,2002,0,1,-1,-1,0,0,-1,202000011590,3,37,0,NULL,2,2,0,1,28,100,1,NULL," -1",1,0,8,80
202000011590,18,6,2020,17:20:00,1,38,38536,1,1,1,-1,D37,"45,4244460","4,9181920",202000011590,154 721 855,C01,1,1,0,0,0,2,5,NULL,202000011590,154 721 854,B01,1,1,1,2,1994,0,1,-1,-1,0,0,-1,202000011590,3,37,0,NULL,2,2,0,1,28,100,1,NULL," -1",1,0,8,80
202000011590,18,6,2020,17:20:00,1,38,38536,1,1,1,-1,D37,"45,4244460","4,9181920",202000011590,154 721 855,C01,1,1,0,0,0,2,5,NULL,202000011590,154 721 855,C01,1,1,1,1,1999,0,0,-1,-1,0,0,-1,202000011590,3,37,0,NULL,2,2,0,1,28,100,1,NULL," -1",1,0,8,80
202000011949,12,10,2020,17:40:00,1,06,06152,2,3,1,3,"Route de Nice","43,6431350","7,0118760",202000011949,154 721 230,B01,3,1,0,2,7,1,5,NULL,202000011949,154 721 230,B01,1,1,3,2,1943,0,0,-1,-1,0,0,-1,202000011949,3,3,-1,NULL,2,2,0,1,13,105,1,NULL," -1",1,5,1,50
202000011949,12,10,2020,17:40:00,1,06,06152,2,3,1,3,"Route de Nice","43,6431350","7,0118760",202000011949,154 721 230,B01,3,1,0,2,7,1,5,NULL,202000011949,154 721 232,A01,1,1,1,2,1970,0,1,-1,-1,0,0,-1,202000011949,3,3,-1,NULL,2,2,0,1,13,105,1,NULL," -1",1,5,1,50
202000014080,25,12,2020,18:18:00,5,92,92064,2,1,1,3,PASTEUR,"48,8418530","2,2020990",202000014080,154 717 540,A01,0,1,0,2,3,15,5,NULL,202000014080,154 717 539,B01,1,1,1,1,1994,9,2,6,-1,-1," -1",-1,202000014080,3,907,0,NULL,2,2,0,1,0,0,1,NULL," -1",1,0,1,50
202000014080,25,12,2020,18:18:00,5,92,92064,2,1,1,3,PASTEUR,"48,8418530","2,2020990",202000014080,154 717 540,A01,0,1,0,2,3,15,5,NULL,202000014080,154 717 540,A01,1,1,4,2,1980,0,8,0,-1,-1," -1",-1,202000014080,3,907,0,NULL,2,2,0,1,0,0,1,NULL," -1",1,0,1,50
202000016028,23,12,2020,05:55:00,5,42,42187,2,6,1,3,"Avenue de Paris","46,0479700","4,0686900",202000016028,154 714 059,A01,3,1,0,2,7,1,5,NULL,202000016028,154 714 059,A01,1,1,4,1,1966,1,8,0,-1,-1," -1",-1,202000016028,3,207,0,NULL,1,1,0,1,2,300,1,NULL," -1",1,5,1,50
202000017710,8,10,2020,09:10:00,1,31,31555,2,1,1,3,"BD MATABIAU","43,6150000","1,4478500",202000017710,154 711 064,A01,1,1,0,2,8,11,5,NULL,202000017710,154 711 064,A01,1,1,3,1,1973,9,2,0,-1,-1," -1",-1,202000017710,4,"BD MATABIAU",0,NULL,1,2,0,1,0,0,1,NULL," -1",1,0,1,50
202000017710,8,10,2020,09:10:00,1,31,31555,2,1,1,3,"BD MATABIAU","43,6150000","1,4478500",202000017710,154 711 064,A01,1,1,0,2,8,11,5,NULL,202000017710,154 711 065,B01,1,1,1,1,1990,9,2,8,-1,-1," -1",-1,202000017710,4,"BD MATABIAU",0,NULL,1,2,0,1,0,0,1,NULL," -1",1,0,1,50
202000017964,21,12,2020,09:00:00,1,973,97307,1,1,1,5,N1,"4,8957040"," -52,3296400",202000017964,154 710 628,A01,1,1,0,2,6,1,5,NULL,202000017964,154 710 626,C01,1,1,1,2,1981,5,1,-1,-1,0,0,-1,202000017964,2,1,0,NULL,3,4,0,1,4,900,1,NULL," -1",1,0,2,70
202000017964,21,12,2020,09:00:00,1,973,97307,1,1,1,5,N1,"4,8957040"," -52,3296400",202000017964,154 710 628,A01,1,1,0,2,6,1,5,NULL,202000017964,154 710 627,B01,1,1,1,2,2000,1,1,-1,-1,0,0,-1,202000017964,2,1,0,NULL,3,4,0,1,4,900,1,NULL," -1",1,0,2,70
202000017964,21,12,2020,09:00:00,1,973,97307,1,1,1,5,N1,"4,8957040"," -52,3296400",202000017964,154 710 628,A01,1,1,0,2,6,1,5,NULL,202000017964,154 710 628,A01,1,1,4,1,1985,1,2,-1,-1,0,0,-1,202000017964,2,1,0,NULL,3,4,0,1,4,900,1,NULL," -1",1,0,2,70
202000019521,11,8,2020,19:36:00,1,71,71090,2,1,1,6,D906,"46,2084181","4,7714515",202000019521,154 707 848,A01,0,1,12,0,1,1,5,NULL,202000019521,154 707 848,A01,1,1,4,1,1995,5,0,-1,-1,0,0,-1,202000019521,3,906,0,NULL,2,2,0,1,(1),(1),1,NULL," -1",1,0,4,50
202000021874,9,11,2020,12:49:00,1,57,57666,2,1,1,2,"8 MAI 1945 (RUE DU)","49,3443600","6,1385400",202000021874,154 703 734,B01,1,1,0,2,1,1,5,NULL,202000021874,154 703 733,A01,1,1,1,1,1990,4,1,0,-1,-1," -1",-1,202000021874,4,"8 MAI 1945 (RUE DU)",0,NULL,2,1,0,1,0,0,1,NULL," -1",2,6,1,30
202000021874,9,11,2020,12:49:00,1,57,57666,2,1,1,2,"8 MAI 1945 (RUE DU)","49,3443600","6,1385400",202000021874,154 703 734,B01,1,1,0,2,1,1,5,NULL,202000021874,154 703 734,B01,1,1,4,1,1941,5,2,0,-1,-1," -1",-1,202000021874,4,"8 MAI 1945 (RUE DU)",0,NULL,2,1,0,1,0,0,1,NULL," -1",2,6,1,30
202000022558,11,7,2020,03:50:00,3,67,67426,1,1,8,7,"RD 424 - PK 21+700","48,3510050","7,2846650",202000022558,154 702 546,A01,1,1,0,0,0,1,5,NULL,202000022558,154 702 546,A01,1,1,3,1,2002,5,0,-1,-1,0,0,-1,202000022558,3,424,-1,NULL,2,2,0,2,21,600,1,NULL," -1",1,0,1,80
202000023390,15,5,2020,16:40:00,1,44,44152,1,4,1,3,"Rue de l'Étang","47,4564270"," -2,0051820",202000023390,154 701 089,A01,0,1,0,0,1,5,6,NULL,202000023390,154 701 088,B01,1,1,3,2,1991,5,2,6,-1,0,0,-1,202000023390,4,NULL,0,NULL,2,2,0,1,(1),(1),1,NULL," -1",1,0,1,70
202000023390,15,5,2020,16:40:00,1,44,44152,1,4,1,3,"Rue de l'Étang","47,4564270"," -2,0051820",202000023390,154 701 089,A01,0,1,0,0,1,5,6,NULL,202000023390,154 701 089,A01,1,1,4,1,2005,5,0,-1,-1,0,0,-1,202000023390,4,NULL,0,NULL,2,2,0,1,(1),(1),1,NULL," -1",1,0,1,70
202000025407,20,10,2020,15:50:00,1,33,33522,2,8,2,1,"CRS DE LA LIBERATION","44,8079000"," -0,5915000",202000025407,154 697 511,B01,3,1,0,4,1,1,5,NULL,202000025407,154 697 511,B01,1,1,4,1,1993,0,8,0,-1,-1," -1",-1,202000025407,4,"CRS DE LA LIBERATION",0,NULL,2,2,2,1,(1),(1),1,NULL," -1",2,4,6,50
202000025407,20,10,2020,15:50:00,1,33,33522,2,8,2,1,"CRS DE LA LIBERATION","44,8079000"," -0,5915000",202000025407,154 697 511,B01,3,1,0,4,1,1,5,NULL,202000025407,154 697 513,A01,1,1,1,1,1961,4,8,8,-1,-1," -1",-1,202000025407,4,"CRS DE LA LIBERATION",0,NULL,2,2,2,1,(1),(1),1,NULL," -1",2,4,6,50
202000026805,7,9,2020,00:05:00,3,69,69383,2,1,1,7,"VILLETTE (DE LA)                    (R )","45,7619169","4,8618870",202000026805,154 695 084,A01,1,1,0,0,0,1,5,NULL,202000026805,154 695 084,A01,1,1,4,1,1981,0,8,0,-1,-1," -1",-1,202000026805,4,"VILLETTE (DE LA)                    (R )",0,NULL,2,0,3,1,0,0,1,NULL," -1",1,0,6,50
202000031043,31,10,2020,19:48:00,3,45,45208,2,2,1,3,"D943 PR 0 + 455","48,0036700","2,7419100",202000031043,154 687 771,B01,2,1,0,2,8,25,5,NULL,202000031043,154 687 771,B01,1,1,4,1,1995,5,8,0,-1,-1," -1",-1,202000031043,3,NULL,0,NULL,2,3,2,1,0,455,1,NULL," -1",1,0,1,50
202000031765,18,11,2020,15:30:00,1,57,57269,2,3,1,1,"Boulevard du Parc","49,2967860","6,2029730",202000031765,154 686 527,A01,3,1,0,2,1,5,5,NULL,202000031765,154 686 527,A01,1,1,3,1,1938,5,0,-1,-1,0,0,-1,202000031765,4,NULL,-1,NULL,2,2,0,2,(1),(1),1,NULL," -1",1,0,1,50
202000031765,18,11,2020,15:30:00,1,57,57269,2,3,1,1,"Boulevard du Parc","49,2967860","6,2029730",202000031765,154 686 527,A01,3,1,0,2,1,5,5,NULL,202000031765,154 686 528,B01,1,1,1,1,1948,3,1,-1,-1,0,0,-1,202000031765,4,NULL,-1,NULL,2,2,0,2,(1),(1),1,NULL," -1",1,0,1,50
202000033277,1,8,2020,14:20:00,1,18,18289,2,3,1,3,"14 Route d'Osmery","46,9721090","2,5880430",202000033277,154 683 940,A01,3,1,0,2,6,19,5,NULL,202000033277,154 683 939,B01,1,1,1,1,1987,5,1,-1,-1,0,0,-1,202000033277,3,166,0,NULL,2,2,0,1,7,177,1,NULL," -1",1,0,1,50
202000033277,1,8,2020,14:20:00,1,18,18289,2,3,1,3,"14 Route d'Osmery","46,9721090","2,5880430",202000033277,154 683 940,A01,3,1,0,2,6,19,5,NULL,202000033277,154 683 940,A01,1,1,3,1,2011,5,2,-1,-1,0,0,-1,202000033277,3,166,0,NULL,2,2,0,1,7,177,1,NULL," -1",1,0,1,50
202000035514,28,10,2020,11:00:00,1,92,92036,2,1,1,-1,"CAMELINAT (BOULEVARD) (1/47)","48,9278600","2,2978990",202000035514,154 679 990,B01,1,1,0,2,1,1,5,NULL,202000035514,154 679 989,A01,1,1,1,1,1982,0,1,8,-1,-1," -1",-1,202000035514,3,911,0,NULL,2,2,0,1,0,0,1,NULL," -1",1,0,1,50
202000035514,28,10,2020,11:00:00,1,92,92036,2,1,1,-1,"CAMELINAT (BOULEVARD) (1/47)","48,9278600","2,2978990",202000035514,154 679 990,B01,1,1,0,2,1,1,5,NULL,202000035514,154 679 990,B01,1,1,4,1,1997,5,2,8,-1,-1," -1",-1,202000035514,3,911,0,NULL,2,2,0,1,0,0,1,NULL," -1",1,0,1,50
202000035776,7,12,2020,08:45:00,1,78,78196,1,1,1,2,D30,"48,8607730","1,9689670",202000035776,154 679 519,B01,2,1,0,0,4,26,5,NULL,202000035776,154 679 517,A01,8,2,1,1,1994,4,1,-1,-1,0,0,-1,202000035776,3,30,0,NULL,2,2,0,1,8,0,1,NULL," -1",1,0,1,70
202000035776,7,12,2020,08:45:00,1,78,78196,1,1,1,2,D30,"48,8607730","1,9689670",202000035776,154 679 519,B01,2,1,0,0,4,26,5,NULL,202000035776,154 679 517,A01,4,2,1,1,1993,4,1,-1,-1,0,0,-1,202000035776,3,30,0,NULL,2,2,0,1,8,0,1,NULL," -1",1,0,1,70
202000035776,7,12,2020,08:45:00,1,78,78196,1,1,1,2,D30,"48,8607730","1,9689670",202000035776,154 679 519,B01,2,1,0,0,4,26,5,NULL,202000035776,154 679 517,A01,2,2,1,1,1997,4,1,-1,-1,0,0,-1,202000035776,3,30,0,NULL,2,2,0,1,8,0,1,NULL," -1",1,0,1,70
202000035776,7,12,2020,08:45:00,1,78,78196,1,1,1,2,D30,"48,8607730","1,9689670",202000035776,154 679 519,B01,2,1,0,0,4,26,5,NULL,202000035776,154 679 517,A01,3,2,1,1,1993,4,1,-1,-1,0,0,-1,202000035776,3,30,0,NULL,2,2,0,1,8,0,1,NULL," -1",1,0,1,70
202000035776,7,12,2020,08:45:00,1,78,78196,1,1,1,2,D30,"48,8607730","1,9689670",202000035776,154 679 519,B01,2,1,0,0,4,26,5,NULL,202000035776,154 679 517,A01,1,1,1,1,1993,4,1,-1,-1,0,0,-1,202000035776,3,30,0,NULL,2,2,0,1,8,0,1,NULL," -1",1,0,1,70
202000035776,7,12,2020,08:45:00,1,78,78196,1,1,1,2,D30,"48,8607730","1,9689670",202000035776,154 679 519,B01,2,1,0,0,4,26,5,NULL,202000035776,154 679 519,B01,1,1,3,2,1969,1,2,6,-1,0,0,-1,202000035776,3,30,0,NULL,2,2,0,1,8,0,1,NULL," -1",1,0,1,70
202000037551,27,10,2020,17:00:00,1,26,26198,2,6,1,3,"Rue Charles Peguy","44,5416400","4,7498500",202000037551,154 676 371,B01,3,1,0,2,0,1,5,NULL,202000037551,154 676 369,A01,1,1,1,1,1971,4,1,-1,-1,0,0,-1,202000037551,4,"Rue Charles Peguy",0,NULL,1,2,0,1,(1),(1),3,NULL," -1",1,0,1,50
202000037551,27,10,2020,17:00:00,1,26,26198,2,6,1,3,"Rue Charles Peguy","44,5416400","4,7498500",202000037551,154 676 371,B01,3,1,0,2,0,1,5,NULL,202000037551,154 676 371,B01,1,1,3,2,1949,9,2,8,-1,-1," -1",-1,202000037551,4,"Rue Charles Peguy",0,NULL,1,2,0,1,(1),(1),3,NULL," -1",1,0,1,50
202000037883,30,6,2020,19:37:00,1,75,75103,2,3,1,2,"BOULEVARD DE SEBASTOPOL","48,8619850","2,3501890",202000037883,154 675 776,Z01,1,1,0,2,1,7,5,NULL,202000037883,154 675 774,A01,1,1,4,1,1973,1,8,0,-1,0,0,-1,202000037883,4,NULL,0,NULL,1,3,3,1,0,0,1,NULL," -1",1,-1,6,50
202000037883,30,6,2020,19:37:00,1,75,75103,2,3,1,2,"BOULEVARD DE SEBASTOPOL","48,8619850","2,3501890",202000037883,154 675 774,A01,1,1,0,2,4,7,5,NULL,202000037883,154 675 774,A01,1,1,4,1,1973,1,8,0,-1,0,0,-1,202000037883,4,NULL,0,NULL,1,3,3,1,0,0,1,NULL," -1",1,-1,6,50
202000038785,8,1,2020,11:45:00,1,45,45285,2,1,2,6,"Rue des Champs Frais","47,9062658","1,8746642",202000038785,154 674 196,A01,1,1,0,1,7,25,5,NULL,202000038785,154 674 196,A01,1,1,1,1,2006,3,8,0,-1,0,0,-1,202000038785,4," Rue des Champs Frais",0,NULL,-1,0,0,2,(1),(1),1,NULL," -1",2,0,4,50
202000038785,8,1,2020,11:45:00,1,45,45285,2,1,2,6,"Rue des Champs Frais","47,9062658","1,8746642",202000038785,154 674 196,A01,1,1,0,1,7,25,5,NULL,202000038785,154 674 196,A01,10,3,4,1,1970,0,0,-1,-1,5,1,1,202000038785,4," Rue des Champs Frais",0,NULL,-1,0,0,2,(1),(1),1,NULL," -1",2,0,4,50
202000039237,30,7,2020,10:40:00,1,14,14494,1,1,1,2,D400,"49,2714630"," -0,1036140",202000039237,154 673 370,B01,2,1,0,0,4,1,5,NULL,202000039237,154 673 370,B01,1,1,4,1,1965,5,2,-1,-1,0,0,-1,202000039237,3,400,-1,A,2,2,0,1,0,500,1,NULL," -1",1,0,1,80
202000039237,30,7,2020,10:40:00,1,14,14494,1,1,1,2,D400,"49,2714630"," -0,1036140",202000039237,154 673 370,B01,2,1,0,0,4,1,5,NULL,202000039237,154 673 372,A01,1,1,1,1,1993,4,1,-1,-1,0,0,-1,202000039237,3,400,-1,A,2,2,0,1,0,500,1,NULL," -1",1,0,1,80
202000040932,28,7,2020,17:20:00,1,75,75115,2,4,1,2,"RUE DE LA CONVENTION","48,8380710","2,2945930",202000040932,154 670 414,A01,1,1,0,2,1,3,5,NULL,202000040932,154 670 414,A01,1,1,4,1,1997,5,8,0,-1,0,0,-1,202000040932,4,NULL,0,NULL,2,2,1,1,0,0,1,NULL," -1",1,0,1,30
202000040932,28,7,2020,17:20:00,1,75,75115,2,4,1,2,"RUE DE LA CONVENTION","48,8380710","2,2945930",202000040932,154 670 414,A01,1,1,0,2,1,3,5,NULL,202000040932,154 670 416,B01,1,1,1,2,1976,1,1,0,-1,0,0,-1,202000040932,4,NULL,0,NULL,2,2,1,1,0,0,1,NULL," -1",1,0,1,30
202000042481,25,7,2020,21:45:00,2,18,18272,2,1,1,1,"13 Route de Montigny","47,2580250","2,7550420",202000042481,154 667 627,B01,2,1,0,2,3,13,5,NULL,202000042481,154 667 626,A01,1,1,4,1,2003,5,2,6,-1,0,0,-1,202000042481,3,59,0,NULL,2,2,0,1,28,130,1,NULL," -1",1,0,1,50
202000042481,25,7,2020,21:45:00,2,18,18272,2,1,1,1,"13 Route de Montigny","47,2580250","2,7550420",202000042481,154 667 627,B01,2,1,0,2,3,13,5,NULL,202000042481,154 667 627,B01,1,1,1,1,1999,5,0,-1,-1,0,0,-1,202000042481,3,59,0,NULL,2,2,0,1,28,130,1,NULL," -1",1,0,1,50
202000043491,23,10,2020,08:50:00,1,93,93066,2,9,8,3,"LIBERATION RD14 (BOULEVARD)","48,9319799","2,3420205",202000043491,154 665 807,B01,-1,1,0,2,1,2,5,NULL,202000043491,154 665 807,B01,1,1,4,1,1972,0,8,0,-1,-1," -1",-1,202000043491,3,114,0,NULL,2,2,0,1,0,1,3,NULL," -1",1,5,1,50
202000043871,3,12,2020,06:45:00,1,973,97302,2,1,1,3,"MADELEINE (ROUTE DE LA)","4,9166773"," -52,3214865",202000043871,154 665 145,A01,1,1,0,2,8,5,0,NULL,202000043871,154 665 144,B01,1,1,1,2,1972,0,1,8,-1,-1," -1",-1,202000043871,3,0017,0,NULL,2,2,0,1,2,900,1,NULL," -1",1,0,1,50
202000043871,3,12,2020,06:45:00,1,973,97302,2,1,1,3,"MADELEINE (ROUTE DE LA)","4,9166773"," -52,3214865",202000043871,154 665 145,A01,1,1,0,2,8,5,0,NULL,202000043871,154 665 145,A01,1,1,4,2,2005,0,8,0,-1,-1," -1",-1,202000043871,3,0017,0,NULL,2,2,0,1,2,900,1,NULL," -1",1,0,1,50
202000044567,25,6,2020,13:35:00,1,73,73065,2,2,1,3,"MORANDAT YVON (RUE)","45,5687100","5,9359100",202000044567,154 663 893,B01,3,1,0,2,1,1,5,NULL,202000044567,154 663 893,B01,1,1,4,1,1966,0,2,-1,-1,-1," -1",-1,202000044567,4,"MORANDAT YVON (RUE)",0,NULL,2,2,1,1,(1),(1),1,NULL," -1",1,-1,5,30
202000044567,25,6,2020,13:35:00,1,73,73065,2,2,1,3,"MORANDAT YVON (RUE)","45,5687100","5,9359100",202000044567,154 663 893,B01,3,1,0,2,1,1,5,NULL,202000044567,154 663 896,A01,4,2,1,1,2006,0,1,0,-1,-1," -1",-1,202000044567,4,"MORANDAT YVON (RUE)",0,NULL,2,2,1,1,(1),(1),1,NULL," -1",1,-1,5,30
202000044567,25,6,2020,13:35:00,1,73,73065,2,2,1,3,"MORANDAT YVON (RUE)","45,5687100","5,9359100",202000044567,154 663 893,B01,3,1,0,2,1,1,5,NULL,202000044567,154 663 896,A01,2,2,1,1,2003,0,1,0,-1,-1," -1",-1,202000044567,4,"MORANDAT YVON (RUE)",0,NULL,2,2,1,1,(1),(1),1,NULL," -1",1,-1,5,30
202000044567,25,6,2020,13:35:00,1,73,73065,2,2,1,3,"MORANDAT YVON (RUE)","45,5687100","5,9359100",202000044567,154 663 893,B01,3,1,0,2,1,1,5,NULL,202000044567,154 663 896,A01,1,1,1,1,2000,5,1,0,-1,-1," -1",-1,202000044567,4,"MORANDAT YVON (RUE)",0,NULL,2,2,1,1,(1),(1),1,NULL," -1",1,-1,5,30
202000045807,13,11,2020,16:18:00,1,54,54174,2,3,1,-1,"15EME GENIE (AVENUE)","48,6798800","5,8716700",202000045807,154 661 793,C01,2,1,0,2,1,15,5,NULL,202000045807,154 661 792,A01,1,1,1,1,1996,3,1,0,-1,0,0,-1,202000045807,3,400,-1,NULL,2,3,-1,1,10,432,1,NULL," -1",1,0,1,50
202000045807,13,11,2020,16:18:00,1,54,54174,2,3,1,-1,"15EME GENIE (AVENUE)","48,6798800","5,8716700",202000045807,154 661 793,C01,2,1,0,2,1,15,5,NULL,202000045807,154 661 793,C01,1,1,4,2,1952,3,0,-1,-1,0,0,-1,202000045807,3,400,-1,NULL,2,3,-1,1,10,432,1,NULL," -1",1,0,1,50
202000046764,25,8,2020,16:20:00,1,971,97101,1,1,1,3,"ROUTE DE CHAZEAU","16,2891300"," -61,4784900",202000046764,154 660 056,B01,2,1,0,2,8,1,5,NULL,202000046764,154 660 050,A01,1,1,1,1,1997,0,1,8,-1,-1," -1",-1,202000046764,3,101,0,NULL,2,1,0,1,0,0,1,NULL," -1",1,0,1,70
202000046764,25,8,2020,16:20:00,1,971,97101,1,1,1,3,"ROUTE DE CHAZEAU","16,2891300"," -61,4784900",202000046764,154 660 056,B01,2,1,0,2,8,1,5,NULL,202000046764,154 660 056,B01,1,1,4,1,1970,5,2,8,-1,-1," -1",-1,202000046764,3,101,0,NULL,2,1,0,1,0,0,1,NULL," -1",1,0,1,70
202000007152,16,9,2020,19:10:00,1,71,71475,2,6,1,3,"LYON (ROUTE DE )","46,7649847","4,8424172",202000007152,154 729 683,B01,3,1,0,2,1,15,0,NULL,202000007152,154 729 683,B01,1,1,3,1,1987,1,2,0,-1,-1," -1",-1,202000007152,3,906,0,NULL,2,2,0,1,0,0,1,NULL," -1",1,0,1,50
202000008908,24,2,2020,16:35:00,1,33,33069,2,1,1,4,"BD GODARD","44,8640300"," -0,5807500",202000008908,154 726 602,C01,2,1,0,2,4,1,5,NULL,202000008908,154 726 600,B01,1,1,4,1,1990,0,8,-1,-1,-1," -1",-1,202000008908,4,"BD GODARD",0,NULL,3,6,2,1,(1),(1),1,NULL," -1",1,0,1,50
202000008908,24,2,2020,16:35:00,1,33,33069,2,1,1,4,"BD GODARD","44,8640300"," -0,5807500",202000008908,154 726 600,B01,2,1,0,2,8,1,5,NULL,202000008908,154 726 600,B01,1,1,4,1,1990,0,8,-1,-1,-1," -1",-1,202000008908,4,"BD GODARD",0,NULL,3,6,2,1,(1),(1),1,NULL," -1",1,0,1,50
202000008908,24,2,2020,16:35:00,1,33,33069,2,1,1,4,"BD GODARD","44,8640300"," -0,5807500",202000008908,154 726 602,C01,2,1,0,2,4,1,5,NULL,202000008908,154 726 601,A01,1,1,1,1,1983,0,8,-1,-1,-1," -1",-1,202000008908,4,"BD GODARD",0,NULL,3,6,2,1,(1),(1),1,NULL," -1",1,0,1,50
202000008908,24,2,2020,16:35:00,1,33,33069,2,1,1,4,"BD GODARD","44,8640300"," -0,5807500",202000008908,154 726 600,B01,2,1,0,2,8,1,5,NULL,202000008908,154 726 601,A01,1,1,1,1,1983,0,8,-1,-1,-1," -1",-1,202000008908,4,"BD GODARD",0,NULL,3,6,2,1,(1),(1),1,NULL," -1",1,0,1,50
202000008908,24,2,2020,16:35:00,1,33,33069,2,1,1,4,"BD GODARD","44,8640300"," -0,5807500",202000008908,154 726 602,C01,2,1,0,2,4,1,5,NULL,202000008908,154 726 602,C01,1,1,4,1,1991,0,8,-1,-1,-1," -1",-1,202000008908,4,"BD GODARD",0,NULL,3,6,2,1,(1),(1),1,NULL," -1",1,0,1,50