Num_Acc,jour,mois,an,hrmn,lum,dep,com,agg,int,atm,col,adr,lat,long,Num_Acc,id_vehicule,num_veh,senc,catv,obs,obsm,choc,manv,motor,occutc,Num_Acc,id_vehicule,num_veh,place,catu,grav,sexe,an_nais,trajet,secu1,secu2,secu3,locp,actp,etatp,Num_Acc,catr,voie,v1,v2,circ,nbv,vosp,prof,pr,pr1,plan,lartpc,larrout,surf,infra,situ,vma
202000008908,24,2,2020,16:35:00,1,33,33069,2,1,1,4,"BD GODARD","44,8640300"," -0,5807500",202000008908,154 726 600,B01,2,1,0,2,8,1,5,NULL,202000008908,154 726 602,C01,1,1,4,1,1991,0,8,-1,-1,-1," -1",-1,202000008908,4,"BD GODARD",0,NULL,3,6,2,1,(1),(1),1,NULL," -1",1,0,1,50
202000010040,17,8,2020,18:15:00,1,67,67473,1,6,1,3,D422,"48,5763300","7,4784280",202000010040,154 724 587,A01,2,1,0,2,8,19,2,NULL,202000010040,154 724 586,B01,2,2,1,2,1973,5,1,-1,-1,0,0,-1,202000010040,3,422,0,NULL,2,2,1,1,5,670,3,NULL," -1",1,5,1,80
202000010040,17,8,2020,18:15:00,1,67,67473,1,6,1,3,D422,"48,5763300","7,4784280",202000010040,154 724 587,A01,2,1,0,2,8,19,2,NULL,202000010040,154 724 586,B01,1,1,1,1,1972,5,1,-1,-1,0,0,-1,202000010040,3,422,0,NULL,2,2,1,1,5,670,3,NULL," -1",1,5,1,80
202000010040,17,8,2020,18:15:00,1,67,67473,1,6,1,3,D422,"48,5763300","7,4784280",202000010040,154 724 587,A01,2,1,0,2,8,19,2,NULL,202000010040,154 724 587,A01,1,1,4,2,2003,5,0,-1,-1,0,0,-1,202000010040,3,422,0,NULL,2,2,1,1,5,670,3,NULL," -1",1,5,1,80
202000010050,19,8,2020,17:30:00,1,01,01403,1,1,1,3,"16 Rue de l'Eglise","45,8083940","5,4554950",202000010050,154 724 571,B01,1,1,0,2,8,1,5,NULL,202000010050,154 724 570,A01,1,1,1,1,1949,3,0,-1,-1,0,0,-1,202000010050,3,32,0,NULL,2,2,0,2,0,480,2,NULL," -1",1,0,1,80
202000010050,19,8,2020,17:30:00,1,01,01403,1,1,1,3,"16 Rue de l'Eglise","45,8083940","5,4554950",202000010050,154 724 571,B01,1,1,0,2,8,1,5,NULL,202000010050,154 724 571,B01,1,1,3,1,1974,5,0,-1,-1,0,0,-1,202000010050,3,32,0,NULL,2,2,0,2,0,480,2,NULL," -1",1,0,1,80
202000015183,15,7,2020,09:50:00,1,85,85008,1,1,1,3,"D 12","46,5660530"," -1,4705050",202000015183,154 715 584,B01,1,1,0,0,3,1,5,NULL,202000015183,154 715 584,B01,1,1,4,1,1952,5,2,-1,-1,0,0,-1,202000015183,3,12,0,NULL,2,2,0,1,31,0,1,NULL," -1",1,0,1,80
202000015183,15,7,2020,09:50:00,1,85,85008,1,1,1,3,"D 12","46,5660530"," -1,4705050",202000015183,154 715 584,B01,1,1,0,0,3,1,5,NULL,202000015183,154 715 586,A01,1,1,1,1,1932,5,8,-1,-1,0,0,-1,202000015183,3,12,0,NULL,2,2,0,1,31,0,1,NULL," -1",1,0,1,80
202000015994,24,10,2020,21:10:00,5,59,59350,2,3,1,-1,"REPUBLIQUE PLACE DE LA","50,6317200","3,0615700",202000015994,154 714 124,B01,2,1,0,2,1,1,0,NULL,202000015994,154 714 123,A01,1,1,1,1,1964,1,8,0,-1,-1," -1",-1,202000015994,4,"REPUBLIQUE PLACE DE LA",0,NULL,2,2,1,1,0,0,1,NULL," -1",1,0,1,50
202000015994,24,10,2020,21:10:00,5,59,59350,2,3,1,-1,"REPUBLIQUE PLACE DE LA","50,6317200","3,0615700",202000015994,154 714 124,B01,2,1,0,2,1,1,0,NULL,202000015994,154 714 124,B01,1,1,4,1,1985,4,8,0,-1,-1," -1",-1,202000015994,4,"REPUBLIQUE PLACE DE LA",0,NULL,2,2,1,1,0,0,1,NULL," -1",1,0,1,50
202000016408,30,4,2020,07:30:00,1,72,72154,2,1,1,1,"Boulevard gambetta","47,7048630"," -0,0807880",202000016408,154 713 383,B01,3,1,0,2,2,1,5,NULL,202000016408,154 713 383,B01,1,1,3,1,1964,1,0,-1,-1,0,0,-1,202000016408,4,NULL,-1,NULL,2,2,0,1,(1),(1),2,NULL,5,1,0,1,50
202000016408,30,4,2020,07:30:00,1,72,72154,2,1,1,1,"Boulevard gambetta","47,7048630"," -0,0807880",202000016408,154 713 383,B01,3,1,0,2,2,1,5,NULL,202000016408,154 713 384,A01,1,1,1,1,1966,4,1,-1,-1,0,0,-1,202000016408,4,NULL,-1,NULL,2,2,0,1,(1),(1),2,NULL,5,1,0,1,50
202000016989,4,2,2020,12:20:00,1,33,33063,2,1,1,1,"Boulevard GEORGE V","44,8241800"," -0,5873200",202000016989,154 712 364,B01,2,1,0,2,8,1,5,NULL,202000016989,154 712 363,A01,1,1,1,1,1987,4,8,-1,-1,-1," -1",-1,202000016989,4,"Boulevard GEORGE V",0,NULL,2,6,2,1,(1),(1),1,NULL," -1",1,0,1,50
202000016989,4,2,2020,12:20:00,1,33,33063,2,1,1,1,"Boulevard GEORGE V","44,8241800"," -0,5873200",202000016989,154 712 364,B01,2,1,0,2,8,1,5,NULL,202000016989,154 712 364,B01,1,1,4,2,1959,0,8,-1,-1,-1," -1",-1,202000016989,4,"Boulevard GEORGE V",0,NULL,2,6,2,1,(1),(1),1,NULL," -1",1,0,1,50
202000020973,19,2,2020,07:45:00,2,67,67482,1,3,6,3,"LA ROCHELLE (RUE DE)","48,5523381","7,7955682",202000020973,154 705 317,B01,2,1,0,2,7,19,5,NULL,202000020973,154 705 316,A01,1,1,1,1,1963,1,1,8,-1,-1,0,-1,202000020973,4,NULL,0,NULL,2,3,0,1,0,0,1,NULL,9,2,0,1,50
202000020973,19,2,2020,07:45:00,2,67,67482,1,3,6,3,"LA ROCHELLE (RUE DE)","48,5523381","7,7955682",202000020973,154 705 317,B01,2,1,0,2,7,19,5,NULL,202000020973,154 705 317,B01,1,1,4,1,1984,0,8,8,-1,-1,0,-1,202000020973,4,NULL,0,NULL,2,3,0,1,0,0,1,NULL,9,2,0,1,50
202000021735,2,10,2020,09:30:00,1,67,67482,2,3,8,3,"RIBEAUVILLE (RUE DE)","48,5635700","7,7677100",202000021735,154 703 964,A01,1,1,0,2,3,19,5,NULL,202000021735,154 703 964,A01,1,1,4,1,1985,5,8,0,-1,-1," -1",-1,202000021735,4,NULL,0,NULL,3,2,0,1,0,0,1,NULL," -1",1,-1,1,50
202000021735,2,10,2020,09:30:00,1,67,67482,2,3,8,3,"RIBEAUVILLE (RUE DE)","48,5635700","7,7677100",202000021735,154 703 964,A01,1,1,0,2,3,19,5,NULL,202000021735,154 703 965,B01,1,1,1,2,1969,5,1,8,-1,-1," -1",-1,202000021735,4,NULL,0,NULL,3,2,0,1,0,0,1,NULL," -1",1,-1,1,50
202000023440,7,6,2020,17:00:00,1,69,69256,2,1,1,3,"FERME (DE LA)                       (CH)","45,7871400","4,9134400",202000023440,154 700 996,B01,3,1,0,2,8,1,5,NULL,202000023440,154 700 996,B01,1,1,4,1,2013,5,8,0,-1,-1," -1",-1,202000023440,4,"FERME (DE LA)                       (CH)",0,NULL,2,2,0,1,0,0,1,NULL," -1",1,0,1,30
202000023440,7,6,2020,17:00:00,1,69,69256,2,1,1,3,"FERME (DE LA)                       (CH)","45,7871400","4,9134400",202000023440,154 700 996,B01,3,1,0,2,8,1,5,NULL,202000023440,154 700 997,A01,1,1,1,1,1997,1,8,0,-1,-1," -1",-1,202000023440,4,"FERME (DE LA)                       (CH)",0,NULL,2,2,0,1,0,0,1,NULL," -1",1,0,1,30
202000023636,27,9,2020,11:20:00,1,974,97421,1,1,1,6,"rd 48 pk 23+900"," -21,0582650","55,5247820",202000023636,154 700 647,A01,2,1,4,0,1,1,5,NULL,202000023636,154 700 647,A01,1,1,3,1,1975,5,2,-1,-1,0,0,-1,202000023636,3,48,-1,NULL,2,2,0,2,24,50,4,NULL," -1",1,0,1,90
202000023641,9,11,2020,08:40:00,1,75,75110,2,2,1,6,"BOULEVARD DE MAGENTA","48,8705460","2,3611960",202000023641,154 700 637,A01,1,1,0,1,1,25,5,NULL,202000023641,154 700 637,A01,10,3,4,2,1965,1,0,-1,-1,5,1,1,202000023641,4,NULL,0,NULL,2,6,3,1,0,0,1,NULL," -1",1,0,4,50
202000023641,9,11,2020,08:40:00,1,75,75110,2,2,1,6,"BOULEVARD DE MAGENTA","48,8705460","2,3611960",202000023641,154 700 637,A01,1,1,0,1,1,25,5,NULL,202000023641,154 700 637,A01,1,1,1,1,2004,2,8,0,-1,0,0,-1,202000023641,4,NULL,0,NULL,2,6,3,1,0,0,1,NULL," -1",1,0,4,50
202000025320,4,11,2020,08:15:00,1,972,97209,2,1,1,2,"BISHOP (Avenue Maurice)","14,6038000"," -61,0617000",202000025320,154 697 666,B01,2,1,0,2,4,1,5,NULL,202000025320,154 697 666,B01,1,1,4,1,1970,0,2,0,-1,-1," -1",-1,202000025320,2,"BISHOP (Avenue Maurice)",0,NULL,2,6,0,1,1,400,1,NULL," -1",1,0,1,50
202000025320,4,11,2020,08:15:00,1,972,97209,2,1,1,2,"BISHOP (Avenue Maurice)","14,6038000"," -61,0617000",202000025320,154 697 666,B01,2,1,0,2,4,1,5,NULL,202000025320,154 697 667,A01,1,1,1,1,1973,0,1,0,-1,-1," -1",-1,202000025320,2,"BISHOP (Avenue Maurice)",0,NULL,2,6,0,1,1,400,1,NULL," -1",1,0,1,50
202000025562,6,11,2020,17:45:00,3,978,97801,2,1,1,2,"95 rue Lady Fish","18,0594560"," -63,1005930",202000025562,154 697 252,B01,2,1,0,2,0,0,5,NULL,202000025562,154 697 252,B01,1,1,3,1,2008,5,0,-1,-1,0,0,-1,202000025562,4,NULL,0,NULL,2,1,0,1,(1),(1),1,NULL," -1",1,0,1,50
202000026082,16,12,2020,14:50:00,1,75,75111,2,1,1,3,"BOULEVARD DE CHARONNE","48,8548080","2,3955300",202000026082,154 696 374,B01,2,1,0,2,8,1,5,NULL,202000026082,154 696 373,A01,1,1,1,1,1957,9,8,0,-1,0,0,-1,202000026082,4,NULL,0,NULL,1,2,2,1,0,0,1,NULL," -1",1,-1,5,50
202000026082,16,12,2020,14:50:00,1,75,75111,2,1,1,3,"BOULEVARD DE CHARONNE","48,8548080","2,3955300",202000026082,154 696 374,B01,2,1,0,2,8,1,5,NULL,202000026082,154 696 374,B01,1,1,4,2,1957,9,2,0,-1,0,0,-1,202000026082,4,NULL,0,NULL,1,2,2,1,0,0,1,NULL," -1",1,-1,5,50
202000027175,5,8,2020,10:20:00,1,13,13028,2,9,1,-1,CD.559,"43,1920810","5,6072610",202000027175,154 694 455,A01,2,1,0,2,3,1,5,NULL,202000027175,154 694 455,A01,1,1,4,1,1961,5,2,8,-1,-1," -1",-1,202000027175,3,559,0,NULL,3,3,0,1,0,0,1,NULL," -1",1,0,1,50
202000027822,2,6,2020,19:20:00,1,57,57207,2,4,1,4,"5 Rue des Roses","49,1150080","6,8604950",202000027822,154 693 361,C01,2,1,0,2,1,1,5,NULL,202000027822,154 693 359,A01,1,1,1,1,1997,9,1,-1,-1,0,0,-1,202000027822,4,5,0,NULL,2,2,0,2,0,0,3,NULL," -1",1,0,1,50
202000027822,2,6,2020,19:20:00,1,57,57207,2,4,1,4,"5 Rue des Roses","49,1150080","6,8604950",202000027822,154 693 360,B01,2,1,0,2,1,1,5,NULL,202000027822,154 693 359,A01,1,1,1,1,1997,9,1,-1,-1,0,0,-1,202000027822,4,5,0,NULL,2,2,0,2,0,0,3,NULL," -1",1,0,1,50
202000027822,2,6,2020,19:20:00,1,57,57207,2,4,1,4,"5 Rue des Roses","49,1150080","6,8604950",202000027822,154 693 361,C01,2,1,0,2,1,1,5,NULL,202000027822,154 693 360,B01,1,1,3,1,1983,5,2,-1,-1,0,0,-1,202000027822,4,5,0,NULL,2,2,0,2,0,0,3,NULL," -1",1,0,1,50
202000027822,2,6,2020,19:20:00,1,57,57207,2,4,1,4,"5 Rue des Roses","49,1150080","6,8604950",202000027822,154 693 360,B01,2,1,0,2,1,1,5,NULL,202000027822,154 693 360,B01,1,1,3,1,1983,5,2,-1,-1,0,0,-1,202000027822,4,5,0,NULL,2,2,0,2,0,0,3,NULL," -1",1,0,1,50
202000027822,2,6,2020,19:20:00,1,57,57207,2,4,1,4,"5 Rue des Roses","49,1150080","6,8604950",202000027822,154 693 361,C01,2,1,0,2,1,1,5,NULL,202000027822,154 693 361,C01,1,1,4,2,1990,5,2,-1,-1,0,0,-1,202000027822,4,5,0,NULL,2,2,0,2,0,0,3,NULL," -1",1,0,1,50
202000027822,2,6,2020,19:20:00,1,57,57207,2,4,1,4,"5 Rue des Roses","49,1150080","6,8604950",202000027822,154 693 360,B01,2,1,0,2,1,1,5,NULL,202000027822,154 693 361,C01,1,1,4,2,1990,5,2,-1,-1,0,0,-1,202000027822,4,5,0,NULL,2,2,0,2,0,0,3,NULL," -1",1,0,1,50
202000029678,3,6,2020,13:25:00,1,45,45232,2,3,1,4,"Rue de Champagne - rue de Bourges","47,8443271","1,9201453",202000029678,154 690 096,A01,3,1,0,2,8,1,5,NULL,202000029678,154 690 096,A01,1,1,4,2,1969,1,8,0,-1,0,0,-1,202000029678,4,NULL,0,NULL,2,1,0,1,(1),(1),1,NULL,3,1,0,1,50
202000029678,3,6,2020,13:25:00,1,45,45232,2,3,1,4,"Rue de Champagne - rue de Bourges","47,8443271","1,9201453",202000029678,154 690 096,A01,3,1,0,2,8,1,5,NULL,202000029678,154 690 097,B01,1,1,1,2,1955,5,1,0,-1,-1," -1",-1,202000029678,4,NULL,0,NULL,2,1,0,1,(1),(1),1,NULL,3,1,0,1,50
202000029678,3,6,2020,13:25:00,1,45,45232,2,3,1,4,"Rue de Champagne - rue de Bourges","47,8443271","1,9201453",202000029678,154 690 096,A01,3,1,0,2,8,1,5,NULL,202000029678,154 690 098,C01,1,1,1,1,1969,0,1,0,-1,-1," -1",-1,202000029678,4,NULL,0,NULL,2,1,0,1,(1),(1),1,NULL,3,1,0,1,50
202000032867,3,9,2020,16:20:00,1,65,65479,2,3,1,7,"Carrera de Marca Devath","43,1395030","0,0626320",202000032867,154 684 682,A01,2,1,0,0,0,16,5,NULL,202000032867,154 684 682,A01,1,1,3,1,1951,5,2,-1,-1,0,0,-1,202000032867,3,3,-1,NULL,2,2,0,2,(1),(1),1,NULL," -1",1,0,1,50
202000034605,14,2,2020,07:35:00,3,33,33203,1,1,5,3,"Route de Vendays","45,2014500"," -1,0734800",202000034605,154 681 617,B01,1,1,0,0,6,2,5,NULL,202000034605,154 681 616,A01,1,1,1,1,2000,1,1,-1,-1,0,0,-1,202000034605,3,101,-1,NULL,2,2,0,1,37,800,1,NULL," -1",1,0,1,80
202000034605,14,2,2020,07:35:00,3,33,33203,1,1,5,3,"Route de Vendays","45,2014500"," -1,0734800",202000034605,154 681 617,B01,1,1,0,0,6,2,5,NULL,202000034605,154 681 617,B01,1,1,3,1,1951,5,0,-1,-1,0,0,-1,202000034605,3,101,-1,NULL,2,2,0,1,37,800,1,NULL," -1",1,0,1,80
202000036887,29,5,2020,15:00:00,1,35,35047,1,6,1,2,"route départementale 34","48,0620644"," -1,7553678",202000036887,154 677 519,B01,2,1,0,0,4,2,5,NULL,202000036887,154 677 518,A01,1,1,1,1,1994,3,0,-1,-1,0,0,-1,202000036887,3,34,0,NULL,2,2,0,1,12,350,1,NULL," -1",1,0,1,80
202000036887,29,5,2020,15:00:00,1,35,35047,1,6,1,2,"route départementale 34","48,0620644"," -1,7553678",202000036887,154 677 519,B01,2,1,0,0,4,2,5,NULL,202000036887,154 677 519,B01,1,1,4,1,1964,5,2,-1,-1,0,0,-1,202000036887,3,34,0,NULL,2,2,0,1,12,350,1,NULL," -1",1,0,1,80
202000040277,28,8,2020,20:19:00,1,91,91691,2,2,1,3,"PAUL DOUMER(RUE)","48,7179400","2,5138400",202000040277,154 671 576,A01,2,1,0,2,8,19,5,NULL,202000040277,154 671 576,A01,1,1,4,2,2011,5,2,0,-1,-1," -1",-1,202000040277,4,"PAUL DOUMER(RUE)",0,NULL,2,2,0,1,0,100,1,NULL," -1",1,0,1,50
202000040277,28,8,2020,20:19:00,1,91,91691,2,2,1,3,"PAUL DOUMER(RUE)","48,7179400","2,5138400",202000040277,154 671 576,A01,2,1,0,2,8,19,5,NULL,202000040277,154 671 577,B01,1,1,1,1,1980,4,1,0,-1,-1," -1",-1,202000040277,4,"PAUL DOUMER(RUE)",0,NULL,2,2,0,1,0,100,1,NULL," -1",1,0,1,50
202000042511,27,7,2020,18:00:00,1,74,74164,2,1,1,3,"Avenue de la Gare","46,0891970","6,5073290",202000042511,154 667 575,B01,2,1,0,2,0,0,5,NULL,202000042511,154 667 574,A01,1,1,1,2,1988,1,1,-1,-1,0,0,-1,202000042511,3,19,0,D,2,2,0,1,6,300,1,NULL," -1",1,0,1,50
202000042511,27,7,2020,18:00:00,1,74,74164,2,1,1,3,"Avenue de la Gare","46,0891970","6,5073290",202000042511,154 667 575,B01,2,1,0,2,0,0,5,NULL,202000042511,154 667 575,B01,1,1,2,1,1954,5,0,-1,-1,0,0,-1,202000042511,3,19,0,D,2,2,0,1,6,300,1,NULL," -1",1,0,1,50
202000006597,26,11,2020,13:30:00,1,973,97311,2,1,1,2,"avenue symphorien","5,4956830"," -54,0302790",202000006597,154 730 642,B01,1,1,0,2,1,18,0,NULL,202000006597,154 730 642,B01,1,1,3,1,2000,0,2,-1,-1,0,0,-1,202000006597,3,0011,-1,NULL,2,2,2,1,0,800,1,NULL," -1",1,0,1,50
202000006597,26,11,2020,13:30:00,1,973,97311,2,1,1,2,"avenue symphorien","5,4956830"," -54,0302790",202000006597,154 730 642,B01,1,1,0,2,1,18,0,NULL,202000006597,154 730 643,A01,1,1,1,1,1960,0,1,-1,-1,0,0,-1,202000006597,3,0011,-1,NULL,2,2,2,1,0,800,1,NULL," -1",1,0,1,50
202000007220,16,9,2020,18:00:00,1,75,75111,2,3,1,6,"BOULEVARD VOLTAIRE","48,8630630","2,3712730",202000007220,154 729 561,A01,1,1,0,1,1,1,5,NULL,202000007220,154 729 561,A01,1,1,4,1,1974,1,2,0,-1,0,0,-1,202000007220,4,NULL,0,NULL,1,1,1,1,0,0,1,NULL," -1",1,-1,5,25
202000007220,16,9,2020,18:00:00,1,75,75111,2,3,1,6,"BOULEVARD VOLTAIRE","48,8630630","2,3712730",202000007220,154 729 561,A01,1,1,0,1,1,1,5,NULL,202000007220,154 729 561,A01,10,3,1,1,1980,9,0,-1,-1,3,3,2,202000007220,4,NULL,0,NULL,1,1,1,1,0,0,1,NULL," -1",1,-1,5,25
202000008131,18,8,2020,08:20:00,1,64,64483,2,6,1,3,"ITHURRALDE ANDRE (AVENUE)","43,3971800"," -1,6446600",202000008131,154 727 938,B01,1,1,0,2,1,1,5,NULL,202000008131,154 727 938,B01,1,1,4,1,1957,0,2,0,-1,-1," -1",-1,202000008131,3,810,0,NULL,1,1,0,1,24,399,2,NULL," -1",1,9,8,50
202000008131,18,8,2020,08:20:00,1,64,64483,2,6,1,3,"ITHURRALDE ANDRE (AVENUE)","43,3971800"," -1,6446600",202000008131,154 727 938,B01,1,1,0,2,1,1,5,NULL,202000008131,154 727 939,A01,1,1,1,1,1996,0,1,0,-1,-1," -1",-1,202000008131,3,810,0,NULL,1,1,0,1,24,399,2,NULL," -1",1,9,8,50
202000008554,24,11,2020,13:50:00,1,31,31499,2,1,1,3,"avenue de toulouse","43,5150690","1,1778160",202000008554,154 727 212,B01,2,1,0,2,1,1,5,NULL,202000008554,154 727 211,A01,1,1,1,2,1949,5,1,-1,-1,0,0,-1,202000008554,3,632,0,NULL,2,2,0,2,(1),(1),1,NULL," -1",1,0,1,50
202000008554,24,11,2020,13:50:00,1,31,31499,2,1,1,3,"avenue de toulouse","43,5150690","1,1778160",202000008554,154 727 212,B01,2,1,0,2,1,1,5,NULL,202000008554,154 727 212,B01,1,1,3,1,1987,5,0,-1,-1,0,0,-1,202000008554,3,632,0,NULL,2,2,0,2,(1),(1),1,NULL," -1",1,0,1,50
202000009475,20,7,2020,08:55:00,1,77,77138,2,1,1,3,"41 Rue des Michelettes","48,6572550","2,9103090",202000009475,154 725 593,A01,1,1,1,0,1,1,5,NULL,202000009475,154 725 593,A01,1,1,3,1,1954,0,0,-1,-1,0,0,-1,202000009475,4,41,0,NULL,2,2,0,2,(1),(1),1,NULL," -1",1,0,1,30
202000009475,20,7,2020,08:55:00,1,77,77138,2,1,1,3,"41 Rue des Michelettes","48,6572550","2,9103090",202000009475,154 725 593,A01,1,1,1,0,1,1,5,NULL,202000009475,154 725 594,B01,10,3,1,1,1967,4,0,-1,-1,5,0,1,202000009475,4,41,0,NULL,2,2,0,2,(1),(1),1,NULL," -1",1,0,1,30
202000009487,19,7,2020,09:30:00,1,38,38494,1,1,1,3,"Route de Morestel","45,6884230","5,3568540",202000009487,154 725 576,B01,1,1,0,2,8,13,5,NULL,202000009487,154 725 575,A01,2,2,1,2,2000,5,1,-1,-1,0,0,-1,202000009487,3,517,-1,NULL,2,2,0,1,27,35,1,NULL," -1",1,0,1,80
202000009487,19,7,2020,09:30:00,1,38,38494,1,1,1,3,"Route de Morestel","45,6884230","5,3568540",202000009487,154 725 576,B01,1,1,0,2,8,13,5,NULL,202000009487,154 725 575,A01,1,1,1,2,2000,5,1,-1,-1,0,0,-1,202000009487,3,517,-1,NULL,2,2,0,1,27,35,1,NULL," -1",1,0,1,80
202000009487,19,7,2020,09:30:00,1,38,38494,1,1,1,3,"Route de Morestel","45,6884230","5,3568540",202000009487,154 725 576,B01,1,1,0,2,8,13,5,NULL,202000009487,154 725 576,B01,1,1,3,1,1947,5,2,-1,-1,0,0,-1,202000009487,3,517,-1,NULL,2,2,0,1,27,35,1,NULL," -1",1,0,1,80
202000009852,13,10,2020,16:05:00,1,64,64545,2,6,2,3,RD810,"43,3723600"," -1,6815300",202000009852,154 724 925,A01,1,1,0,2,1,1,5,NULL,202000009852,154 724 925,A01,1,1,4,1,2003,5,8,0,-1,-1," -1",-1,202000009852,3,RD810,0,NULL,1,2,0,1,28,700,3,NULL," -1",2,0,1,50
202000011323,16,7,2020,18:50:00,1,77,77237,2,1,1,2,"TOURNAN (ROUTE DE )","48,8355218","2,7531226",202000011323,154 722 334,A01,1,1,14,0,1,1,5,NULL,202000011323,154 722 334,A01,1,1,4,1,1993,5,2,8,-1,-1," -1",-1,202000011323,3,10,0,NULL,2,1,0,1,24,351,1,NULL," -1",1,9,2,50
202000011323,16,7,2020,18:50:00,1,77,77237,2,1,1,2,"TOURNAN (ROUTE DE )","48,8355218","2,7531226",202000011323,154 722 334,A01,1,1,14,0,1,1,5,NULL,202000011323,154 722 337,B01,1,1,1,2,1971,1,1,8,-1,-1," -1",-1,202000011323,3,10,0,NULL,2,1,0,1,24,351,1,NULL," -1",1,9,2,50
202000017689,7,10,2020,13:10:00,1,49,49007,2,1,1,1,"CHAUMIN BOULEVARD","47,4502000"," -0,5586500",202000017689,154 711 100,A01,1,1,0,2,0,1,5,NULL,202000017689,154 711 100,A01,1,1,4,2,1984,0,2,0,-1,-1," -1",-1,202000017689,4,"CHAUMIN BOULEVARD",0,NULL,-1,2,0,1,1,0,1,NULL," -1",1,0,1,30
202000017689,7,10,2020,13:10:00,1,49,49007,2,1,1,1,"CHAUMIN BOULEVARD","47,4502000"," -0,5586500",202000017689,154 711 100,A01,1,1,0,2,0,1,5,NULL,202000017689,154 711 102,B01,1,1,1,1,1971,0,1,0,-1,-1," -1",-1,202000017689,4,"CHAUMIN BOULEVARD",0,NULL,-1,2,0,1,1,0,1,NULL," -1",1,0,1,30
202000020036,13,11,2020,17:40:00,5,41,41212,2,3,1,3,"CHAMBORD (ROUTE DE)","47,5730330","1,3556640",202000020036,154 706 948,B01,2,1,0,2,1,1,5,NULL,202000020036,154 706 948,B01,1,1,4,1,2001,1,8,0,-1,-1," -1",-1,202000020036,4,NULL,0,NULL,-1,2,1,1,0,0,1,NULL," -1",1,0,1,50
202000020036,13,11,2020,17:40:00,5,41,41212,2,3,1,3,"CHAMBORD (ROUTE DE)","47,5730330","1,3556640",202000020036,154 706 948,B01,2,1,0,2,1,1,5,NULL,202000020036,154 706 949,A01,1,1,1,1,1961,5,1,8,-1,-1," -1",-1,202000020036,4,NULL,0,NULL,-1,2,1,1,0,0,1,NULL," -1",1,0,1,50
202000021140,9,9,2020,14:00:00,1,64,64410,2,6,1,3,"Avenue Charles Moureu","43,3831870"," -0,6111570",202000021140,154 705 016,B01,1,1,0,0,8,1,5,NULL,202000021140,154 705 015,A01,1,1,1,2,1943,5,1,-1,-1,0,0,-1,202000021140,3,33,0,NULL,2,2,1,1,2,270,3,NULL," -1",1,5,5,50
202000021140,9,9,2020,14:00:00,1,64,64410,2,6,1,3,"Avenue Charles Moureu","43,3831870"," -0,6111570",202000021140,154 705 016,B01,1,1,0,0,8,1,5,NULL,202000021140,154 705 016,B01,1,1,3,1,1942,5,2,-1,-1,0,0,-1,202000021140,3,33,0,NULL,2,2,1,1,2,270,3,NULL," -1",1,5,5,50
202000021154,9,9,2020,15:50:00,1,49,49339,2,3,1,3,"4 Chemin du Lavoir","47,5777960"," -0,5467740",202000021154,154 704 993,A01,0,1,0,2,7,19,5,NULL,202000021154,154 704 993,A01,1,1,3,1,2012,5,0,-1,-1,0,0,-1,202000021154,4,NULL,-1,NULL,1,1,0,2,(1),(1),2,NULL," -1",1,0,1,30
202000021154,9,9,2020,15:50:00,1,49,49339,2,3,1,3,"4 Chemin du Lavoir","47,5777960"," -0,5467740",202000021154,154 704 993,A01,0,1,0,2,7,19,5,NULL,202000021154,154 704 994,B01,1,1,1,1,1971,5,1,-1,-1,0,0,-1,202000021154,4,NULL,-1,NULL,1,1,0,2,(1),(1),2,NULL," -1",1,0,1,30
202000022761,16,2,2020,08:00:00,1,974,97413,2,1,1,7,"Rue du General Lambert"," -21,1694600","55,2880630",202000022761,154 702 178,A01,1,1,0,0,0,1,5,NULL,202000022761,154 702 178,A01,1,1,3,1,1957,5,2,-1,-1,0,0,-1,202000022761,4,RN1A,0,NULL,2,2,0,1,(1),(1),1,NULL," -1",1,9,1,50
202000023794,8,11,2020,09:10:00,1,75,75110,2,4,1,7,"BOULEVARD DE MAGENTA","48,8814080","2,3514160",202000023794,154 700 362,A01,2,1,0,0,0,1,5,NULL,202000023794,154 700 362,A01,1,1,4,2,1960,9,8,0,-1,0,0,-1,202000023794,4,NULL,0,NULL,3,4,1,2,0,0,1,NULL," -1",1,-1,5,50
202000027245,8,4,2020,08:00:00,1,67,67447,2,1,1,3,"30 Avenue de l'Europe","48,6154200","7,7189900",202000027245,154 694 337,B01,1,1,0,2,8,5,5,NULL,202000027245,154 694 337,B01,1,1,4,2,1958,1,8,0,-1,-1,0,-1,202000027245,4,NULL,0,NULL,2,0,1,1,0,0,1,NULL,0,1,0,5,50
202000027245,8,4,2020,08:00:00,1,67,67447,2,1,1,3,"30 Avenue de l'Europe","48,6154200","7,7189900",202000027245,154 694 337,B01,1,1,0,2,8,5,5,NULL,202000027245,154 694 339,A01,1,1,1,1,1966,4,1,8,-1,-1,0,-1,202000027245,4,NULL,0,NULL,2,0,1,1,0,0,1,NULL,0,1,0,5,50