Num_Acc,jour,mois,an,hrmn,lum,dep,com,agg,int,atm,col,adr,lat,long,Num_Acc,id_vehicule,num_veh,senc,catv,obs,obsm,choc,manv,motor,occutc,Num_Acc,id_vehicule,num_veh,place,catu,grav,sexe,an_nais,trajet,secu1,secu2,secu3,locp,actp,etatp,Num_Acc,catr,voie,v1,v2,circ,nbv,vosp,prof,pr,pr1,plan,lartpc,larrout,surf,infra,situ,vma
202000027702,5,6,2020,11:00:00,1,75,75103,2,2,1,3,"RUE DE BEARN","48,8568210","2,3660330",202000027702,154 693 563,B01,1,1,0,2,3,1,5,NULL,202000027702,154 693 562,A01,1,1,1,2,1977,2,1,8,-1,0,0,-1,202000027702,4,NULL,0,NULL,1,1,0,1,0,0,1,NULL," -1",1,0,1,50
202000027702,5,6,2020,11:00:00,1,75,75103,2,2,1,3,"RUE DE BEARN","48,8568210","2,3660330",202000027702,154 693 563,B01,1,1,0,2,3,1,5,NULL,202000027702,154 693 563,B01,1,1,4,2,1996,9,8,0,-1,0,0,-1,202000027702,4,NULL,0,NULL,1,1,0,1,0,0,1,NULL," -1",1,0,1,50
202000031352,1,6,2020,10:50:00,1,80,80164,2,1,1,3,"ROND POINT ACCES ROCADE","49,9040800","2,3630000",202000031352,154 687 248,B01,0,1,0,2,0,1,5,NULL,202000031352,154 687 248,B01,1,1,4,1,1951,0,2,0,-1,-1," -1",-1,202000031352,4,"ROND POINT ACCES ROCADE",0,NULL,2,2,0,1,0,0,1,NULL," -1",1,0,1,70
202000031352,1,6,2020,10:50:00,1,80,80164,2,1,1,3,"ROND POINT ACCES ROCADE","49,9040800","2,3630000",202000031352,154 687 248,B01,0,1,0,2,0,1,5,NULL,202000031352,154 687 250,A01,1,1,1,1,1956,0,1,0,-1,-1," -1",-1,202000031352,4,"ROND POINT ACCES ROCADE",0,NULL,2,2,0,1,0,0,1,NULL," -1",1,0,1,70
202000031447,1,8,2020,11:40:00,1,71,71147,1,2,7,3,D127,"46,5392900","4,6399538",202000031447,154 687 087,B01,1,1,0,2,8,1,5,NULL,202000031447,154 687 085,A01,1,1,1,2,1944,5,1,4,-1,0,0,-1,202000031447,3,14,0,NULL,2,2,0,2,27,600,1,NULL," -1",1,0,1,80
202000031447,1,8,2020,11:40:00,1,71,71147,1,2,7,3,D127,"46,5392900","4,6399538",202000031447,154 687 087,B01,1,1,0,2,8,1,5,NULL,202000031447,154 687 087,B01,1,1,3,1,1955,5,0,-1,-1,0,0,-1,202000031447,3,14,0,NULL,2,2,0,2,27,600,1,NULL," -1",1,0,1,80
202000031927,9,12,2020,06:00:00,1,974,97407,2,1,1,3,"Rue du Général de Gaulle"," -20,9417200","55,2962600",202000031927,154 686 245,B01,3,1,0,2,1,1,5,NULL,202000031927,154 686 245,B01,1,1,3,1,1985,0,8,0,-1,-1," -1",-1,202000031927,4,NULL,0,NULL,1,1,0,1,(1),(1),1,NULL," -1",1,0,1,10
202000031927,9,12,2020,06:00:00,1,974,97407,2,1,1,3,"Rue du Général de Gaulle"," -20,9417200","55,2962600",202000031927,154 686 245,B01,3,1,0,2,1,1,5,NULL,202000031927,154 686 246,A01,1,1,1,1,1976,1,1,0,-1,-1," -1",-1,202000031927,4,NULL,0,NULL,1,1,0,1,(1),(1),1,NULL," -1",1,0,1,10
202000032292,5,7,2020,11:34:00,1,51,51576,1,1,1,1,D1,"49,0501610","4,1420600",202000032292,154 685 627,A01,1,1,0,2,1,13,5,NULL,202000032292,154 685 626,B01,1,1,1,1,1954,5,1,-1,-1,0,0,-1,202000032292,3,1,0,NULL,2,2,0,1,63,0,1,NULL," -1",1,0,1,80
202000032292,5,7,2020,11:34:00,1,51,51576,1,1,1,1,D1,"49,0501610","4,1420600",202000032292,154 685 627,A01,1,1,0,2,1,13,5,NULL,202000032292,154 685 627,A01,1,1,4,1,2009,5,2,-1,-1,0,0,-1,202000032292,3,1,0,NULL,2,2,0,1,63,0,1,NULL," -1",1,0,1,80
202000032584,13,2,2020,09:30:00,1,69,69115,2,6,8,3,"ANSE (route d')","45,9730000","4,7173400",202000032584,154 685 157,B01,1,1,0,2,1,2,5,NULL,202000032584,154 685 156,A01,1,1,1,1,1961,0,1,0,-1,-1," -1",-1,202000032584,3,"ANSE (route d')",0,NULL,1,2,0,1,0,0,2,NULL," -1",1,0,1,50
202000032584,13,2,2020,09:30:00,1,69,69115,2,6,8,3,"ANSE (route d')","45,9730000","4,7173400",202000032584,154 685 157,B01,1,1,0,2,1,2,5,NULL,202000032584,154 685 157,B01,1,1,4,2,1970,1,2,0,-1,-1," -1",-1,202000032584,3,"ANSE (route d')",0,NULL,1,2,0,1,0,0,2,NULL," -1",1,0,1,50
202000034481,2,9,2020,07:00:00,1,69,69389,2,3,1,3,"RAOUL CARRIE                        (QU)","45,8015171","4,8383613",202000034481,154 681 834,B01,3,1,0,2,1,1,6,NULL,202000034481,154 681 834,B01,1,1,4,2,1991,1,2,0,-1,-1," -1",-1,202000034481,3,"RAOUL CARRIE                        (QU)",0,NULL,2,-1,0,1,4,0,1,NULL," -1",1,0,1,50
202000034481,2,9,2020,07:00:00,1,69,69389,2,3,1,3,"RAOUL CARRIE                        (QU)","45,8015171","4,8383613",202000034481,154 681 834,B01,3,1,0,2,1,1,6,NULL,202000034481,154 681 835,A01,1,1,1,1,1980,1,8,0,-1,-1," -1",-1,202000034481,3,"RAOUL CARRIE                        (QU)",0,NULL,2,-1,0,1,4,0,1,NULL," -1",1,0,1,50
202000034715,12,2,2020,16:10:00,1,45,45234,2,1,1,3,"Rue Jousselin","47,9021900","1,9312500",202000034715,154 681 413,B01,2,1,0,2,1,1,5,NULL,202000034715,154 681 413,B01,1,1,4,1,2002,0,8,0,-1,0,0,-1,202000034715,4," Rue Jousselin",0,NULL,2,2,2,2,(1),(1),1,NULL," -1",1,0,5,50
202000034715,12,2,2020,16:10:00,1,45,45234,2,1,1,3,"Rue Jousselin","47,9021900","1,9312500",202000034715,154 681 413,B01,2,1,0,2,1,1,5,NULL,202000034715,154 681 414,A01,1,1,1,2,1966,0,1,0,-1,0,0,-1,202000034715,4," Rue Jousselin",0,NULL,2,2,2,2,(1),(1),1,NULL," -1",1,0,5,50
202000034856,30,7,2020,10:25:00,1,33,33550,2,3,1,1,"Rue du Docteur Schweitzer","44,7738800"," -0,5315600",202000034856,154 681 160,B01,1,1,0,2,8,1,5,NULL,202000034856,154 681 160,B01,1,1,4,1,1996,5,8,-1,-1,-1," -1",-1,202000034856,4,"RUE DU DOCTEUR SCHWEITZER",0,NULL,2,2,0,1,(1),(1),4,NULL," -1",1,0,4,50
202000034856,30,7,2020,10:25:00,1,33,33550,2,3,1,1,"Rue du Docteur Schweitzer","44,7738800"," -0,5315600",202000034856,154 681 160,B01,1,1,0,2,8,1,5,NULL,202000034856,154 681 161,A01,1,1,1,2,1991,1,1,-1,-1,-1," -1",-1,202000034856,4,"RUE DU DOCTEUR SCHWEITZER",0,NULL,2,2,0,1,(1),(1),4,NULL," -1",1,0,4,50
202000037046,29,5,2020,08:55:00,1,75,75118,2,2,1,3,"BOULEVARD NEY","48,8987158","2,3703678",202000037046,154 677 263,B01,1,1,0,4,6,1,5,NULL,202000037046,154 677 262,A01,1,1,1,1,1971,4,1,0,-1,0,0,-1,202000037046,4,NULL,0,NULL,2,2,1,1,0,0,1,NULL," -1",1,0,1,50
202000037046,29,5,2020,08:55:00,1,75,75118,2,2,1,3,"BOULEVARD NEY","48,8987158","2,3703678",202000037046,154 677 263,B01,1,1,0,4,6,1,5,NULL,202000037046,154 677 263,B01,1,1,4,1,1973,1,8,2,-1,0,0,-1,202000037046,4,NULL,0,NULL,2,2,1,1,0,0,1,NULL," -1",1,0,1,50
202000038664,7,2,2020,12:15:00,1,67,67180,1,6,1,3,"SCHIRRHEIN (ROUTE DE)","48,8005150","7,8397021",202000038664,154 674 408,B01,3,1,0,2,3,15,5,NULL,202000038664,154 674 407,A01,1,1,1,2,1993,3,8,0,-1,-1,0,-1,202000038664,4,NULL,0,NULL,1,2,0,1,(1),(1),2,NULL,4,1,5,1,50
202000038664,7,2,2020,12:15:00,1,67,67180,1,6,1,3,"SCHIRRHEIN (ROUTE DE)","48,8005150","7,8397021",202000038664,154 674 408,B01,3,1,0,2,3,15,5,NULL,202000038664,154 674 408,B01,1,1,4,1,1985,1,0,0,-1,-1,0,-1,202000038664,4,NULL,0,NULL,1,2,0,1,(1),(1),2,NULL,4,1,5,1,50
202000040113,12,3,2020,16:58:00,1,17,17200,2,2,1,3,"ONZE NOVEMBRE 1918   AVENUE DU","46,1771200"," -1,1522700",202000040113,154 671 866,B01,3,1,0,2,7,19,5,NULL,202000040113,154 671 865,A01,1,1,1,2,1968,2,1,4,-1,-1," -1",-1,202000040113,4,"ONZE NOVEMBRE 1918   AVENUE DU",0,NULL,2,2,1,1,0,0,1,NULL," -1",1,0,5,50
202000040113,12,3,2020,16:58:00,1,17,17200,2,2,1,3,"ONZE NOVEMBRE 1918   AVENUE DU","46,1771200"," -1,1522700",202000040113,154 671 866,B01,3,1,0,2,7,19,5,NULL,202000040113,154 671 866,B01,1,1,4,1,2004,2,8,0,-1,-1," -1",-1,202000040113,4,"ONZE NOVEMBRE 1918   AVENUE DU",0,NULL,2,2,1,1,0,0,1,NULL," -1",1,0,5,50
202000040142,10,3,2020,08:30:00,1,75,75108,2,2,2,6,"AVENUE MONTAIGNE","48,8670290","2,3063010",202000040142,154 671 815,A01,1,1,0,1,1,5,5,NULL,202000040142,154 671 815,A01,10,3,4,1,1975,5,0,-1,-1,2,3,1,202000040142,4,NULL,0,NULL,3,2,0,1,0,0,1,NULL," -1",2,0,1,50
202000040142,10,3,2020,08:30:00,1,75,75108,2,2,2,6,"AVENUE MONTAIGNE","48,8670290","2,3063010",202000040142,154 671 815,A01,1,1,0,1,1,5,5,NULL,202000040142,154 671 815,A01,1,1,4,1,1982,9,8,0,-1,0,0,-1,202000040142,4,NULL,0,NULL,3,2,0,1,0,0,1,NULL," -1",2,0,1,50
202000040312,27,8,2020,14:30:00,1,75,75115,2,1,1,3,"RUE LINOIS","48,8480410","2,2836050",202000040312,154 671 518,B01,2,1,0,2,1,1,5,NULL,202000040312,154 671 517,A01,1,1,1,2,1940,9,1,0,-1,0,0,-1,202000040312,4,NULL,0,NULL,2,4,1,1,0,0,1,NULL," -1",1,-1,5,50
202000040312,27,8,2020,14:30:00,1,75,75115,2,1,1,3,"RUE LINOIS","48,8480410","2,2836050",202000040312,154 671 518,B01,2,1,0,2,1,1,5,NULL,202000040312,154 671 518,B01,1,1,4,1,1987,9,2,0,-1,0,0,-1,202000040312,4,NULL,0,NULL,2,4,1,1,0,0,1,NULL," -1",1,-1,5,50
202000040573,6,2,2020,13:40:00,1,11,11069,2,1,1,2,"PAPIN DENIS -BD-","43,2076400","2,3155840",202000040573,154 671 049,A01,1,1,0,2,8,1,5,NULL,202000040573,154 671 049,A01,1,1,4,1,1977,5,8,0,-1,-1," -1",-1,202000040573,4,"PAPIN DENIS -BD-",0,NULL,2,2,0,1,0,0,1,NULL," -1",1,0,1,50
202000040573,6,2,2020,13:40:00,1,11,11069,2,1,1,2,"PAPIN DENIS -BD-","43,2076400","2,3155840",202000040573,154 671 049,A01,1,1,0,2,8,1,5,NULL,202000040573,154 671 050,B01,1,1,1,1,1948,5,1,0,-1,-1," -1",-1,202000040573,4,"PAPIN DENIS -BD-",0,NULL,2,2,0,1,0,0,1,NULL," -1",1,0,1,50
202000042516,22,9,2020,16:55:00,1,31,31555,2,3,1,3,"RUE BERTRAND GRIL","43,5871600","1,4595700",202000042516,154 667 570,A01,0,1,0,2,1,25,5,NULL,202000042516,154 667 567,B01,1,1,1,1,1980,1,1,0,-1,-1," -1",-1,202000042516,4,"RUE BERTRAND GRIL",0,NULL,1,1,0,1,0,0,1,NULL," -1",1,0,1,50
202000042516,22,9,2020,16:55:00,1,31,31555,2,3,1,3,"RUE BERTRAND GRIL","43,5871600","1,4595700",202000042516,154 667 570,A01,0,1,0,2,1,25,5,NULL,202000042516,154 667 570,A01,1,1,4,1,1997,9,8,0,-1,-1," -1",-1,202000042516,4,"RUE BERTRAND GRIL",0,NULL,1,1,0,1,0,0,1,NULL," -1",1,0,1,50
202000045774,15,9,2020,19:00:00,1,13,13108,2,1,1,2,"MARGUARIDO (AVENUE)","43,8067100","4,6640800",202000045774,154 661 848,B01,1,1,0,2,1,1,0,NULL,202000045774,154 661 848,B01,1,1,3,1,1974,1,2,0,-1,-1," -1",-1,202000045774,3,80,0,NULL,2,-1,0,1,2,0,1,NULL," -1",1,0,1,50
202000045774,15,9,2020,19:00:00,1,13,13108,2,1,1,2,"MARGUARIDO (AVENUE)","43,8067100","4,6640800",202000045774,154 661 848,B01,1,1,0,2,1,1,0,NULL,202000045774,154 661 849,A01,1,1,1,1,1959,5,1,8,-1,-1," -1",-1,202000045774,3,80,0,NULL,2,-1,0,1,2,0,1,NULL," -1",1,0,1,50
202000007528,18,6,2020,17:05:00,1,56,56083,2,1,1,5,"Avenue de la République","47,8006700"," -3,2850500",202000007528,154 728 997,C01,2,1,0,2,8,19,5,NULL,202000007528,154 728 995,A01,1,1,1,1,1968,5,1,8,-1,-1," -1",-1,202000007528,3,724,0,NULL,2,2,0,2,95,685,1,NULL," -1",1,0,1,50
202000007528,18,6,2020,17:05:00,1,56,56083,2,1,1,5,"Avenue de la République","47,8006700"," -3,2850500",202000007528,154 728 997,C01,2,1,0,2,8,19,5,NULL,202000007528,154 728 996,B01,1,1,4,2,1955,5,1,8,-1,-1," -1",-1,202000007528,3,724,0,NULL,2,2,0,2,95,685,1,NULL," -1",1,0,1,50
202000007528,18,6,2020,17:05:00,1,56,56083,2,1,1,5,"Avenue de la République","47,8006700"," -3,2850500",202000007528,154 728 997,C01,2,1,0,2,8,19,5,NULL,202000007528,154 728 997,C01,1,1,4,2,1966,4,2,8,-1,-1," -1",-1,202000007528,3,724,0,NULL,2,2,0,2,95,685,1,NULL," -1",1,0,1,50
202000007587,19,6,2020,19:40:00,1,75,75117,2,7,1,3,"RUE DU CAPORAL PEUGEOT","48,8879180","2,2887890",202000007587,154 728 894,B01,1,1,0,2,5,1,5,NULL,202000007587,154 728 894,B01,1,1,4,2,1996,1,2,0,-1,0,0,-1,202000007587,4,NULL,0,NULL,2,4,0,1,0,0,1,NULL," -1",1,0,1,50
202000007587,19,6,2020,19:40:00,1,75,75117,2,7,1,3,"RUE DU CAPORAL PEUGEOT","48,8879180","2,2887890",202000007587,154 728 894,B01,1,1,0,2,5,1,5,NULL,202000007587,154 728 896,A01,1,1,1,1,1974,4,1,0,-1,0,0,-1,202000007587,4,NULL,0,NULL,2,4,0,1,0,0,1,NULL," -1",1,0,1,50
202000007833,19,7,2020,01:00:00,5,75,75120,2,1,1,3,"RUE DES PYRENEES","48,8727540","2,3908330",202000007833,154 728 466,B01,2,1,0,2,7,1,5,NULL,202000007833,154 728 466,B01,1,1,4,1,1989,9,8,0,-1,0,0,-1,202000007833,4,NULL,0,NULL,2,2,0,1,0,0,1,NULL," -1",1,0,1,50
202000007833,19,7,2020,01:00:00,5,75,75120,2,1,1,3,"RUE DES PYRENEES","48,8727540","2,3908330",202000007833,154 728 466,B01,2,1,0,2,7,1,5,NULL,202000007833,154 728 467,A01,1,1,1,1,1974,5,2,6,-1,0,0,-1,202000007833,4,NULL,0,NULL,2,2,0,1,0,0,1,NULL," -1",1,0,1,50
202000009478,19,7,2020,11:15:00,1,78,78108,1,1,1,7,"Route du Grand Maître (Chemin)","48,7252020","1,8439220",202000009478,154 725 588,A01,3,1,0,0,1,0,5,NULL,202000009478,154 725 588,A01,1,1,3,1,1972,5,2,6,-1,0,0,-1,202000009478,4,NULL,-1,NULL,2,2,0,1,(1),(1),1,NULL," -1",1,0,1,30
202000011351,16,7,2020,19:30:00,1,56,56121,2,3,1,2,"PERAULT (RUE )","47,7448400"," -3,3636600",202000011351,154 722 278,A01,1,1,0,2,1,2,5,NULL,202000011351,154 722 278,A01,1,1,4,1,1998,5,2,8,-1,-1," -1",-1,202000011351,4,"PERAULT (RUE )",0,NULL,2,2,0,1,0,0,1,NULL," -1",1,0,1,30
202000011351,16,7,2020,19:30:00,1,56,56121,2,3,1,2,"PERAULT (RUE )","47,7448400"," -3,3636600",202000011351,154 722 278,A01,1,1,0,2,1,2,5,NULL,202000011351,154 722 280,B01,1,1,1,1,1969,4,1,8,-1,-1," -1",-1,202000011351,4,"PERAULT (RUE )",0,NULL,2,2,0,1,0,0,1,NULL," -1",1,0,1,30
202000011724,13,6,2020,15:50:00,1,92,92025,2,3,1,1,"VALMY (BD DE)","48,9261160","2,2530240",202000011724,154 721 621,A01,1,1,0,2,1,16,5,NULL,202000011724,154 721 621,A01,1,1,4,1,1986,0,2,0,-1,-1," -1",-1,202000011724,3,13,0,NULL,2,2,0,1,1,0,1,NULL," -1",1,0,1,50
202000011724,13,6,2020,15:50:00,1,92,92025,2,3,1,1,"VALMY (BD DE)","48,9261160","2,2530240",202000011724,154 721 621,A01,1,1,0,2,1,16,5,NULL,202000011724,154 721 622,B01,1,1,1,1,1980,0,1,4,-1,-1," -1",-1,202000011724,3,13,0,NULL,2,2,0,1,1,0,1,NULL," -1",1,0,1,50
202000011972,12,10,2020,17:10:00,1,67,67046,2,1,2,3,"5 Rue du Général Leclerc","48,7644640","7,8586000",202000011972,154 721 195,A01,3,1,0,2,3,19,5,NULL,202000011972,154 721 194,B01,1,1,1,1,1990,5,1,-1,-1,0,0,-1,202000011972,3,329,-1,NULL,2,2,0,1,(1),(1),1,NULL," -1",2,0,1,30
202000011972,12,10,2020,17:10:00,1,67,67046,2,1,2,3,"5 Rue du Général Leclerc","48,7644640","7,8586000",202000011972,154 721 195,A01,3,1,0,2,3,19,5,NULL,202000011972,154 721 195,A01,1,1,3,1,2010,9,2,-1,-1,0,0,-1,202000011972,3,329,-1,NULL,2,2,0,1,(1),(1),1,NULL," -1",2,0,1,30
202000012381,20,11,2020,09:20:00,1,64,64445,2,6,1,3,"ALSACE LORRAINE D'","43,3043100"," -0,3670100",202000012381,154 720 492,B01,1,1,0,2,7,1,5,NULL,202000012381,154 720 491,A01,1,1,1,2,1969,9,1,8,-1,-1," -1",-1,202000012381,4,NULL,0,NULL,2,2,1,1,0,0,1,NULL," -1",1,0,1,50
202000012381,20,11,2020,09:20:00,1,64,64445,2,6,1,3,"ALSACE LORRAINE D'","43,3043100"," -0,3670100",202000012381,154 720 492,B01,1,1,0,2,7,1,5,NULL,202000012381,154 720 492,B01,1,1,4,1,1990,9,8,0,-1,-1," -1",-1,202000012381,4,NULL,0,NULL,2,2,1,1,0,0,1,NULL," -1",1,0,1,50
202000013870,11,10,2020,02:50:00,5,75,75109,2,3,2,7,"BOULEVARD DE CLICHY","48,8829920","2,3348720",202000013870,154 717 893,A01,2,1,0,0,1,7,5,NULL,202000013870,154 717 893,A01,1,1,4,1,2003,5,8,0,-1,0,0,-1,202000013870,4,NULL,0,NULL,1,1,3,1,0,0,1,NULL," -1",2,-1,6,50
202000020594,11,7,2020,07:45:00,1,77,77146,1,9,1,2,"SOUBRIARDE (AVENUE DE LA) - D10P","48,8312341","2,6428900",202000020594,154 706 004,B01,3,1,0,2,4,2,5,NULL,202000020594,154 706 003,A01,1,1,1,1,1990,0,8,0,-1,-1," -1",-1,202000020594,3,10P,0,NULL,1,2,0,1,11,50,3,NULL," -1",1,0,1,50
202000020594,11,7,2020,07:45:00,1,77,77146,1,9,1,2,"SOUBRIARDE (AVENUE DE LA) - D10P","48,8312341","2,6428900",202000020594,154 706 004,B01,3,1,0,2,4,2,5,NULL,202000020594,154 706 004,B01,1,1,4,1,1969,5,8,0,-1,-1," -1",-1,202000020594,3,10P,0,NULL,1,2,0,1,11,50,3,NULL," -1",1,0,1,50
202000022625,7,7,2020,19:45:00,1,38,38544,2,9,1,3,"Boulevard Georges Pompidou","45,5222300","4,8689800",202000022625,154 702 420,B01,1,1,0,2,3,19,5,NULL,202000022625,154 702 419,A01,1,1,1,2,1996,5,1,8,-1,-1," -1",-1,202000022625,2,7,0,NULL,3,2,0,1,6,699,1,NULL," -1",1,0,1,50
202000022625,7,7,2020,19:45:00,1,38,38544,2,9,1,3,"Boulevard Georges Pompidou","45,5222300","4,8689800",202000022625,154 702 420,B01,1,1,0,2,3,19,5,NULL,202000022625,154 702 420,B01,1,1,3,2,2006,5,2,8,-1,-1," -1",-1,202000022625,2,7,0,NULL,3,2,0,1,6,699,1,NULL," -1",1,0,1,50
202000022944,8,9,2020,18:10:00,2,971,97101,2,1,1,1,"8 MAI 1981 (BOULEVARD DU)","16,2782630"," -61,5075090",202000022944,154 701 860,B01,3,1,0,2,0,0,5,NULL,202000022944,154 701 860,B01,1,1,4,1,2014,0,8,0,-1,-1," -1",-1,202000022944,4,NULL,0,NULL,2,2,0,1,0,0,1,NULL," -1",1,0,1,50
202000022944,8,9,2020,18:10:00,2,971,97101,2,1,1,1,"8 MAI 1981 (BOULEVARD DU)","16,2782630"," -61,5075090",202000022944,154 701 860,B01,3,1,0,2,0,0,5,NULL,202000022944,154 701 861,A01,1,1,1,1,1961,0,1,0,-1,-1," -1",-1,202000022944,4,NULL,0,NULL,2,2,0,1,0,0,1,NULL," -1",1,0,1,50
202000023150,7,8,2020,15:20:00,1,50,50151,1,3,1,3,"50 Rue du Gué de l'Orme","49,2131900"," -1,5722900",202000023150,154 701 509,B01,1,1,0,2,8,1,6,NULL,202000023150,154 701 508,A01,1,1,1,1,1957,4,1,-1,-1,0,0,-1,202000023150,3,650,-1,NULL,2,2,0,1,(1),(1),1,NULL," -1",1,5,1,80
202000023150,7,8,2020,15:20:00,1,50,50151,1,3,1,3,"50 Rue du Gué de l'Orme","49,2131900"," -1,5722900",202000023150,154 701 509,B01,1,1,0,2,8,1,6,NULL,202000023150,154 701 509,B01,1,1,4,2,1952,0,0,-1,-1,0,0,-1,202000023150,3,650,-1,NULL,2,2,0,1,(1),(1),1,NULL," -1",1,5,1,80
202000023750,6,11,2020,13:05:00,1,973,97302,2,3,1,3,"MONTABO (ROUTE DE) 1","4,9352900"," -52,2945600",202000023750,154 700 444,VB01,2,1,0,2,8,1,0,NULL,202000023750,154 700 443,A01,1,1,1,1,1998,0,1,0,-1,-1," -1",-1,202000023750,3,0001,0,NULL,2,2,2,1,3,800,1,NULL," -1",1,0,1,70
202000023750,6,11,2020,13:05:00,1,973,97302,2,3,1,3,"MONTABO (ROUTE DE) 1","4,9352900"," -52,2945600",202000023750,154 700 444,VB01,2,1,0,2,8,1,0,NULL,202000023750,154 700 444,VB01,1,1,4,1,2004,0,0,-1,-1,-1," -1",-1,202000023750,3,0001,0,NULL,2,2,2,1,3,800,1,NULL," -1",1,0,1,70
202000023792,8,11,2020,19:35:00,5,75,75115,2,2,1,1,"QUAI BRANLY","48,8546650","2,2889190",202000023792,154 700 366,A01,3,1,0,2,1,1,5,NULL,202000023792,154 700 366,A01,1,1,4,2,1993,9,2,0,-1,0,0,-1,202000023792,4,NULL,0,NULL,2,2,1,1,0,0,1,NULL," -1",1,-1,5,50
202000030630,12,2,2020,14:20:00,1,95,95352,1,1,1,2,"RD 922","49,1215580","2,4029370",202000030630,154 688 445,B01,1,1,0,2,4,1,5,NULL,202000030630,154 688 444,A01,1,1,3,1,1944,5,2,9,-1,0,0,-1,202000030630,3,922,0,NULL,2,2,0,1,43,550,3,NULL," -1",1,0,1,80
202000030630,12,2,2020,14:20:00,1,95,95352,1,1,1,2,"RD 922","49,1215580","2,4029370",202000030630,154 688 444,A01,1,1,0,2,1,1,0,NULL,202000030630,154 688 444,A01,1,1,3,1,1944,5,2,9,-1,0,0,-1,202000030630,3,922,0,NULL,2,2,0,1,43,550,3,NULL," -1",1,0,1,80
202000030630,12,2,2020,14:20:00,1,95,95352,1,1,1,2,"RD 922","49,1215580","2,4029370",202000030630,154 688 445,B01,1,1,0,2,4,1,5,NULL,202000030630,154 688 445,B01,1,1,4,1,1951,5,2,9,-1,0,0,-1,202000030630,3,922,0,NULL,2,2,0,1,43,550,3,NULL," -1",1,0,1,80
202000030630,12,2,2020,14:20:00,1,95,95352,1,1,1,2,"RD 922","49,1215580","2,4029370",202000030630,154 688 444,A01,1,1,0,2,1,1,0,NULL,202000030630,154 688 445,B01,1,1,4,1,1951,5,2,9,-1,0,0,-1,202000030630,3,922,0,NULL,2,2,0,1,43,550,3,NULL," -1",1,0,1,80
202000031328,2,6,2020,18:20:00,2,974,97411,2,6,1,3,"RIVIERE DES PLUIES (ROUTE DE LA)"," -20,9021400","55,5032900",202000031328,154 687 290,B01,3,1,0,2,4,1,5,NULL,202000031328,154 687 289,A01,1,1,1,2,1981,0,1,0,-1,-1," -1",-1,202000031328,2,"JAURES (BLD 2 JEAN)",0,NULL,1,2,1,2,0,0,3,NULL," -1",1,5,1,50
202000031328,2,6,2020,18:20:00,2,974,97411,2,6,1,3,"RIVIERE DES PLUIES (ROUTE DE LA)"," -20,9021400","55,5032900",202000031328,154 687 290,B01,3,1,0,2,4,1,5,NULL,202000031328,154 687 290,B01,1,1,4,2,1986,5,2,4,-1,-1," -1",-1,202000031328,2,"JAURES (BLD 2 JEAN)",0,NULL,1,2,1,2,0,0,3,NULL," -1",1,5,1,50
202000032437,26,2,2020,18:39:00,5,67,67152,2,9,1,3,"angle route de Lyon et rue du Fort","48,5239060","7,6909100",202000032437,154 685 399,B01,3,1,0,2,7,19,5,NULL,202000032437,154 685 397,A01,1,1,1,1,1952,5,8,-1,-1,0,0,-1,202000032437,7,222,0,NULL,2,2,1,1,(1),(1),1,NULL," -1",1,6,8,50
202000032437,26,2,2020,18:39:00,5,67,67152,2,9,1,3,"angle route de Lyon et rue du Fort","48,5239060","7,6909100",202000032437,154 685 399,B01,3,1,0,2,7,19,5,NULL,202000032437,154 685 399,B01,1,1,3,1,1989,3,8,-1,-1,0,0,-1,202000032437,7,222,0,NULL,2,2,1,1,(1),(1),1,NULL," -1",1,6,8,50
202000033164,28,10,2020,19:40:00,3,972,97225,1,1,1,-1,D10,"14,7547350"," -61,1827750",202000033164,154 684 155,B01,1,1,0,2,4,2,5,NULL,202000033164,154 684 155,B01,1,1,4,1,2004,5,0,-1,-1,0,0,-1,202000033164,3,10,-1,NULL,2,2,0,1,1,800,1,NULL," -1",2,2,1,-1
202000033164,28,10,2020,19:40:00,3,972,97225,1,1,1,-1,D10,"14,7547350"," -61,1827750",202000033164,154 684 155,B01,1,1,0,2,4,2,5,NULL,202000033164,154 684 155,B01,2,2,4,1,2007,5,0,-1,-1,0,0,-1,202000033164,3,10,-1,NULL,2,2,0,1,1,800,1,NULL," -1",2,2,1,-1
202000033164,28,10,2020,19:40:00,3,972,97225,1,1,1,-1,D10,"14,7547350"," -61,1827750",202000033164,154 684 155,B01,1,1,0,2,4,2,5,NULL,202000033164,154 684 157,A01,1,1,1,2,1963,1,1,-1,-1,0,0,-1,202000033164,3,10,-1,NULL,2,2,0,1,1,800,1,NULL," -1",2,2,1,-1
202000034761,11,2,2020,22:28:00,5,75,75115,2,3,8,-1,"BOULEVARD VICTOR","48,8334880","2,2865880",202000034761,154 681 333,A01,2,1,0,2,4,19,5,NULL,202000034761,154 681 333,A01,1,1,4,1,1978,9,2,0,-1,0,0,-1,202000034761,4,NULL,0,NULL,3,2,0,2,0,0,1,NULL," -1",2,0,1,50