Num_Acc,jour,mois,an,hrmn,lum,dep,com,agg,int,atm,col,adr,lat,long,Num_Acc,id_vehicule,num_veh,senc,catv,obs,obsm,choc,manv,motor,occutc,Num_Acc,id_vehicule,num_veh,place,catu,grav,sexe,an_nais,trajet,secu1,secu2,secu3,locp,actp,etatp,Num_Acc,catr,voie,v1,v2,circ,nbv,vosp,prof,pr,pr1,plan,lartpc,larrout,surf,infra,situ,vma
202000039660,25,9,2020,06:25:00,5,75,75119,2,1,1,6,"BOULEVARD MACDONALD","48,8975910","2,3862260",202000039660,154 672 644,A01,1,1,0,1,1,25,5,NULL,202000039660,154 672 644,A01,1,1,1,1,1973,1,2,0,-1,0,0,-1,202000039660,4,NULL,0,NULL,2,1,0,2,0,0,1,NULL," -1",2,0,4,50
202000039660,25,9,2020,06:25:00,5,75,75119,2,1,1,6,"BOULEVARD MACDONALD","48,8975910","2,3862260",202000039660,154 672 644,A01,1,1,0,1,1,25,5,NULL,202000039660,154 672 644,A01,10,3,4,1,1957,1,0,-1,-1,5,1,1,202000039660,4,NULL,0,NULL,2,1,0,2,0,0,1,NULL," -1",2,0,4,50
202000041145,7,1,2020,13:50:00,1,75,75105,2,1,1,3,"BOULEVARD DE L HOPITAL","48,8406080","2,3622780",202000041145,154 670 048,B01,1,1,0,2,8,18,5,NULL,202000041145,154 670 048,B01,1,1,4,1,1999,1,8,2,-1,0,0,-1,202000041145,4,NULL,0,NULL,2,5,0,2,34,0,1,NULL," -1",1,0,1,50
202000041145,7,1,2020,13:50:00,1,75,75105,2,1,1,3,"BOULEVARD DE L HOPITAL","48,8406080","2,3622780",202000041145,154 670 048,B01,1,1,0,2,8,18,5,NULL,202000041145,154 670 049,A01,1,1,1,1,1973,4,1,0,-1,0,0,-1,202000041145,4,NULL,0,NULL,2,5,0,2,34,0,1,NULL," -1",1,0,1,50
202000041145,7,1,2020,13:50:00,1,75,75105,2,1,1,3,"BOULEVARD DE L HOPITAL","48,8406080","2,3622780",202000041145,154 670 048,B01,1,1,0,2,8,18,5,NULL,202000041145,154 670 049,A01,3,2,1,2,1982,9,1,0,-1,0,0,-1,202000041145,4,NULL,0,NULL,2,5,0,2,34,0,1,NULL," -1",1,0,1,50
202000043641,22,10,2020,08:15:00,1,75,75113,2,1,8,3,"AVENUE PIERRE MENDES FRANCE","48,8410540","2,3682680",202000043641,154 665 546,B01,1,1,0,2,0,17,5,NULL,202000043641,154 665 545,A01,1,1,1,1,1970,1,1,0,-1,0,0,-1,202000043641,4,NULL,0,NULL,2,4,0,1,0,0,1,NULL," -1",2,0,1,50
202000043641,22,10,2020,08:15:00,1,75,75113,2,1,8,3,"AVENUE PIERRE MENDES FRANCE","48,8410540","2,3682680",202000043641,154 665 546,B01,1,1,0,2,0,17,5,NULL,202000043641,154 665 546,B01,1,1,4,1,1975,1,8,0,-1,0,0,-1,202000043641,4,NULL,0,NULL,2,4,0,1,0,0,1,NULL," -1",2,0,1,50
202000044371,26,6,2020,09:30:00,1,75,75102,2,2,1,6,"RUE MEHUL","48,8673070","2,3346260",202000044371,154 664 247,A01,3,1,0,1,1,1,5,NULL,202000044371,154 664 247,A01,10,3,4,2,1991,9,0,-1,-1,4,3,1,202000044371,4,NULL,0,NULL,2,2,0,1,0,0,1,NULL," -1",1,-1,5,50
202000044371,26,6,2020,09:30:00,1,75,75102,2,2,1,6,"RUE MEHUL","48,8673070","2,3346260",202000044371,154 664 247,A01,3,1,0,1,1,1,5,NULL,202000044371,154 664 247,A01,1,1,1,1,1986,9,8,0,-1,0,0,-1,202000044371,4,NULL,0,NULL,2,2,0,1,0,0,1,NULL," -1",1,-1,5,50
202000044629,26,8,2020,19:00:00,5,974,97416,2,3,1,3,"PRESIDENT MITTERAND(AVENUE)"," -21,3429600","55,4815000",202000044629,154 663 766,B01,2,1,0,2,1,1,5,NULL,202000044629,154 663 766,B01,1,1,4,1,1997,5,2,8,-1,-1," -1",-1,202000044629,4,"PRESIDENT MITTERAND(AVENUE)",0,NULL,-1,2,0,2,0,0,3,NULL," -1",1,5,1,50
202000044629,26,8,2020,19:00:00,5,974,97416,2,3,1,3,"PRESIDENT MITTERAND(AVENUE)"," -21,3429600","55,4815000",202000044629,154 663 766,B01,2,1,0,2,1,1,5,NULL,202000044629,154 663 767,A01,1,1,1,2,1974,1,1,8,-1,-1," -1",-1,202000044629,4,"PRESIDENT MITTERAND(AVENUE)",0,NULL,-1,2,0,2,0,0,3,NULL," -1",1,5,1,50
202000044759,5,2,2020,18:15:00,5,13,13208,2,1,1,3,"CLOT BEY (AVENUE)","43,2578000","5,3834000",202000044759,154 663 537,B01,3,1,0,2,8,19,0,NULL,202000044759,154 663 536,A01,1,1,4,1,1948,0,2,8,-1,-1,0,-1,202000044759,4,"CLOT BEY (AVENUE)",0,NULL,2,2,0,1,0,0,1,NULL," -1",1,0,1,50
202000044759,5,2,2020,18:15:00,5,13,13208,2,1,1,3,"CLOT BEY (AVENUE)","43,2578000","5,3834000",202000044759,154 663 537,B01,3,1,0,2,8,19,0,NULL,202000044759,154 663 537,B01,1,1,4,1,1969,5,8,0,-1,-1,0,-1,202000044759,4,"CLOT BEY (AVENUE)",0,NULL,2,2,0,1,0,0,1,NULL," -1",1,0,1,50
202000045275,25,7,2020,16:35:00,1,75,75104,2,3,1,6,"RUE DE RIVOLI","48,8550650","2,3616820",202000045275,154 662 661,A01,1,1,14,0,7,14,5,NULL,202000045275,154 662 661,A01,1,1,4,2,1990,5,2,0,-1,0,0,-1,202000045275,4,NULL,0,NULL,2,4,1,1,0,0,1,NULL," -1",1,-1,5,30
202000046201,24,6,2020,16:50:00,1,56,56083,2,1,1,2,"VAILLANT ( AV. EDOUARD )","47,8204700"," -3,2522000",202000046201,154 661 051,B01,1,1,0,2,4,1,5,NULL,202000046201,154 661 051,B01,1,1,4,2,2005,5,2,8,-1,-1," -1",-1,202000046201,3,"VAILLANT ( AV. EDOUARD )",0,NULL,2,2,0,2,3,130,1,NULL," -1",1,0,1,50
202000046836,5,2,2020,10:55:00,1,49,49331,2,6,1,1,"28 Avenue des Acacias","47,6932650"," -0,8759850",202000046836,154 659 945,A01,3,1,0,2,2,6,5,NULL,202000046836,154 659 942,B01,1,1,1,2,1934,3,1,-1,-1,0,0,-1,202000046836,4,NULL,0,NULL,-1,1,0,2,(1),(1),1,NULL," -1",1,5,1,50
202000046836,5,2,2020,10:55:00,1,49,49331,2,6,1,1,"28 Avenue des Acacias","47,6932650"," -0,8759850",202000046836,154 659 945,A01,3,1,0,2,2,6,5,NULL,202000046836,154 659 945,A01,1,1,3,1,1946,3,0,-1,-1,0,0,-1,202000046836,4,NULL,0,NULL,-1,1,0,2,(1),(1),1,NULL," -1",1,5,1,50
202000047569,20,10,2020,14:55:00,1,74,74003,1,1,1,3,D16,"45,8991350","6,2136780",202000047569,154 658 671,B01,2,1,0,2,8,15,6,NULL,202000047569,154 658 670,A01,1,1,1,1,1967,5,1,-1,-1,0,0,-1,202000047569,3,16,0,D,3,2,1,1,28,0,3,NULL," -1",1,0,1,80
202000047569,20,10,2020,14:55:00,1,74,74003,1,1,1,3,D16,"45,8991350","6,2136780",202000047569,154 658 671,B01,2,1,0,2,8,15,6,NULL,202000047569,154 658 670,A01,2,2,1,2,1970,5,1,-1,-1,0,0,-1,202000047569,3,16,0,D,3,2,1,1,28,0,3,NULL," -1",1,0,1,80
202000047569,20,10,2020,14:55:00,1,74,74003,1,1,1,3,D16,"45,8991350","6,2136780",202000047569,154 658 671,B01,2,1,0,2,8,15,6,NULL,202000047569,154 658 671,B01,1,1,3,1,1952,5,2,-1,-1,0,0,-1,202000047569,3,16,0,D,3,2,1,1,28,0,3,NULL," -1",1,0,1,80
202000006865,15,5,2020,20:04:00,1,37,37261,2,3,1,-1,"PONT CHER (AVENUE DE)","47,3717137","0,6776768",202000006865,154 730 189,B01,3,1,0,2,1,1,5,NULL,202000006865,154 730 189,B01,1,1,4,1,2000,4,8,0,-1,-1," -1",-1,202000006865,3,86,0,NULL,2,2,1,1,0,0,1,NULL," -1",1,2,1,50
202000006865,15,5,2020,20:04:00,1,37,37261,2,3,1,-1,"PONT CHER (AVENUE DE)","47,3717137","0,6776768",202000006865,154 730 189,B01,3,1,0,2,1,1,5,NULL,202000006865,154 730 190,A01,1,1,1,1,1958,0,1,0,-1,-1," -1",-1,202000006865,3,86,0,NULL,2,2,1,1,0,0,1,NULL," -1",1,2,1,50
202000007431,26,1,2020,16:05:00,1,51,51569,1,1,1,5,D227,"49,2500367","3,9445119",202000007431,154 729 174,B01,3,1,0,2,1,1,5,NULL,202000007431,154 729 171,A01,2,2,1,1,1996,5,1,-1,-1,0,0,-1,202000007431,4,NULL,-1,NULL,2,2,0,1,(1),(1),3,NULL," -1",9,0,1,70
202000007431,26,1,2020,16:05:00,1,51,51569,1,1,1,5,D227,"49,2500367","3,9445119",202000007431,154 729 173,C01,3,1,0,2,8,1,5,NULL,202000007431,154 729 171,A01,2,2,1,1,1996,5,1,-1,-1,0,0,-1,202000007431,4,NULL,-1,NULL,2,2,0,1,(1),(1),3,NULL," -1",9,0,1,70
202000007431,26,1,2020,16:05:00,1,51,51569,1,1,1,5,D227,"49,2500367","3,9445119",202000007431,154 729 172,D01,3,1,0,2,8,1,5,NULL,202000007431,154 729 171,A01,2,2,1,1,1996,5,1,-1,-1,0,0,-1,202000007431,4,NULL,-1,NULL,2,2,0,1,(1),(1),3,NULL," -1",9,0,1,70
202000007431,26,1,2020,16:05:00,1,51,51569,1,1,1,5,D227,"49,2500367","3,9445119",202000007431,154 729 174,B01,3,1,0,2,1,1,5,NULL,202000007431,154 729 171,A01,1,1,1,2,1998,5,1,-1,-1,0,0,-1,202000007431,4,NULL,-1,NULL,2,2,0,1,(1),(1),3,NULL," -1",9,0,1,70
202000007431,26,1,2020,16:05:00,1,51,51569,1,1,1,5,D227,"49,2500367","3,9445119",202000007431,154 729 173,C01,3,1,0,2,8,1,5,NULL,202000007431,154 729 171,A01,1,1,1,2,1998,5,1,-1,-1,0,0,-1,202000007431,4,NULL,-1,NULL,2,2,0,1,(1),(1),3,NULL," -1",9,0,1,70
202000007431,26,1,2020,16:05:00,1,51,51569,1,1,1,5,D227,"49,2500367","3,9445119",202000007431,154 729 172,D01,3,1,0,2,8,1,5,NULL,202000007431,154 729 171,A01,1,1,1,2,1998,5,1,-1,-1,0,0,-1,202000007431,4,NULL,-1,NULL,2,2,0,1,(1),(1),3,NULL," -1",9,0,1,70
202000007431,26,1,2020,16:05:00,1,51,51569,1,1,1,5,D227,"49,2500367","3,9445119",202000007431,154 729 174,B01,3,1,0,2,1,1,5,NULL,202000007431,154 729 172,D01,1,1,4,1,1950,5,2,-1,-1,0,0,-1,202000007431,4,NULL,-1,NULL,2,2,0,1,(1),(1),3,NULL," -1",9,0,1,70
202000007431,26,1,2020,16:05:00,1,51,51569,1,1,1,5,D227,"49,2500367","3,9445119",202000007431,154 729 173,C01,3,1,0,2,8,1,5,NULL,202000007431,154 729 172,D01,1,1,4,1,1950,5,2,-1,-1,0,0,-1,202000007431,4,NULL,-1,NULL,2,2,0,1,(1),(1),3,NULL," -1",9,0,1,70
202000007431,26,1,2020,16:05:00,1,51,51569,1,1,1,5,D227,"49,2500367","3,9445119",202000007431,154 729 172,D01,3,1,0,2,8,1,5,NULL,202000007431,154 729 172,D01,1,1,4,1,1950,5,2,-1,-1,0,0,-1,202000007431,4,NULL,-1,NULL,2,2,0,1,(1),(1),3,NULL," -1",9,0,1,70
202000007431,26,1,2020,16:05:00,1,51,51569,1,1,1,5,D227,"49,2500367","3,9445119",202000007431,154 729 174,B01,3,1,0,2,1,1,5,NULL,202000007431,154 729 173,C01,1,1,4,1,1951,5,2,-1,-1,0,0,-1,202000007431,4,NULL,-1,NULL,2,2,0,1,(1),(1),3,NULL," -1",9,0,1,70
202000007431,26,1,2020,16:05:00,1,51,51569,1,1,1,5,D227,"49,2500367","3,9445119",202000007431,154 729 173,C01,3,1,0,2,8,1,5,NULL,202000007431,154 729 173,C01,1,1,4,1,1951,5,2,-1,-1,0,0,-1,202000007431,4,NULL,-1,NULL,2,2,0,1,(1),(1),3,NULL," -1",9,0,1,70
202000007431,26,1,2020,16:05:00,1,51,51569,1,1,1,5,D227,"49,2500367","3,9445119",202000007431,154 729 172,D01,3,1,0,2,8,1,5,NULL,202000007431,154 729 173,C01,1,1,4,1,1951,5,2,-1,-1,0,0,-1,202000007431,4,NULL,-1,NULL,2,2,0,1,(1),(1),3,NULL," -1",9,0,1,70
202000007431,26,1,2020,16:05:00,1,51,51569,1,1,1,5,D227,"49,2500367","3,9445119",202000007431,154 729 174,B01,3,1,0,2,1,1,5,NULL,202000007431,154 729 174,B01,1,1,2,1,1947,5,2,-1,-1,0,0,-1,202000007431,4,NULL,-1,NULL,2,2,0,1,(1),(1),3,NULL," -1",9,0,1,70
202000007431,26,1,2020,16:05:00,1,51,51569,1,1,1,5,D227,"49,2500367","3,9445119",202000007431,154 729 173,C01,3,1,0,2,8,1,5,NULL,202000007431,154 729 174,B01,1,1,2,1,1947,5,2,-1,-1,0,0,-1,202000007431,4,NULL,-1,NULL,2,2,0,1,(1),(1),3,NULL," -1",9,0,1,70
202000007431,26,1,2020,16:05:00,1,51,51569,1,1,1,5,D227,"49,2500367","3,9445119",202000007431,154 729 172,D01,3,1,0,2,8,1,5,NULL,202000007431,154 729 174,B01,1,1,2,1,1947,5,2,-1,-1,0,0,-1,202000007431,4,NULL,-1,NULL,2,2,0,1,(1),(1),3,NULL," -1",9,0,1,70
202000007813,18,6,2020,18:10:00,1,69,69385,2,1,1,-1,"ROMAIN ROLLAND                      (QU)","45,7624900","4,8288900",202000007813,154 728 506,B01,2,1,0,2,0,1,5,NULL,202000007813,154 728 506,B01,1,1,4,2,1974,5,2,0,-1,-1," -1",-1,202000007813,4,"ROMAIN ROLLAND                      (QU)",0,NULL,1,2,1,2,0,0,1,NULL," -1",1,0,5,50
202000007813,18,6,2020,18:10:00,1,69,69385,2,1,1,-1,"ROMAIN ROLLAND                      (QU)","45,7624900","4,8288900",202000007813,154 728 506,B01,2,1,0,2,0,1,5,NULL,202000007813,154 728 508,A01,1,1,1,1,1999,1,1,0,-1,-1," -1",-1,202000007813,4,"ROMAIN ROLLAND                      (QU)",0,NULL,1,2,1,2,0,0,1,NULL," -1",1,0,5,50
202000007813,18,6,2020,18:10:00,1,69,69385,2,1,1,-1,"ROMAIN ROLLAND                      (QU)","45,7624900","4,8288900",202000007813,154 728 506,B01,2,1,0,2,0,1,5,NULL,202000007813,154 728 508,A01,2,2,1,2,1999,1,1,0,-1,-1," -1",-1,202000007813,4,"ROMAIN ROLLAND                      (QU)",0,NULL,1,2,1,2,0,0,1,NULL," -1",1,0,5,50
202000010022,19,8,2020,07:10:00,1,973,97304,2,1,1,3,"Avenue de Pariacabo","5,1551960"," -52,6552740",202000010022,154 724 617,B01,0,1,0,2,0,25,5,NULL,202000010022,154 724 617,B01,1,1,3,1,1968,1,0,-1,-1,0,0,-1,202000010022,4,"Avenue de pariacabo",-1,NULL,2,2,0,1,(1),(1),1,NULL," -1",1,0,1,50
202000010022,19,8,2020,07:10:00,1,973,97304,2,1,1,3,"Avenue de Pariacabo","5,1551960"," -52,6552740",202000010022,154 724 617,B01,0,1,0,2,0,25,5,NULL,202000010022,154 724 618,A01,1,1,1,2,1998,1,8,-1,-1,0,0,-1,202000010022,4,"Avenue de pariacabo",-1,NULL,2,2,0,1,(1),(1),1,NULL," -1",1,0,1,50
202000011006,28,1,2020,12:10:00,1,92,92051,2,1,1,3,"CHARLES DE GAULLE (AVENUE, N°27 A 129)","48,8815148","2,2715360",202000011006,154 722 920,B01,1,1,0,2,8,16,6,NULL,202000011006,154 722 920,B01,1,1,4,2,1961,0,8,0,-1,0,0,-1,202000011006,4,"CHARLES DE GAULLE (AV)",0,NULL,3,5,0,1,0,0,1,NULL," -1",1,0,1,50
202000011006,28,1,2020,12:10:00,1,92,92051,2,1,1,3,"CHARLES DE GAULLE (AVENUE, N°27 A 129)","48,8815148","2,2715360",202000011006,154 722 920,B01,1,1,0,2,8,16,6,NULL,202000011006,154 722 921,A01,1,1,1,1,1986,4,1,0,-1,-1," -1",-1,202000011006,4,"CHARLES DE GAULLE (AV)",0,NULL,3,5,0,1,0,0,1,NULL," -1",1,0,1,50
202000012585,13,5,2020,17:15:00,1,64,64498,1,1,2,7,"Route de Lamarque","43,1620162"," -0,1556495",202000012585,154 720 145,A01,1,1,0,0,0,1,5,NULL,202000012585,154 720 145,A01,1,1,4,1,1966,5,2,-1,-1,0,0,-1,202000012585,3,D412,0,NULL,2,2,0,2,7,200,3,NULL," -1",2,0,1,80
202000013160,16,7,2020,14:35:00,1,94,94068,2,2,1,3,"DOCTEUR ROUX (R DU)","48,7872360","2,4885210",202000013160,154 719 155,B01,3,1,0,2,3,1,5,NULL,202000013160,154 719 154,A01,1,1,1,2,1978,4,1,0,-1,-1," -1",-1,202000013160,4,"DOCTEUR ROUX (R DU)",0,NULL,2,2,0,1,0,0,1,NULL," -1",1,0,1,50
202000013160,16,7,2020,14:35:00,1,94,94068,2,2,1,3,"DOCTEUR ROUX (R DU)","48,7872360","2,4885210",202000013160,154 719 155,B01,3,1,0,2,3,1,5,NULL,202000013160,154 719 155,B01,1,1,4,1,1967,1,2,4,-1,-1," -1",-1,202000013160,4,"DOCTEUR ROUX (R DU)",0,NULL,2,2,0,1,0,0,1,NULL," -1",1,0,1,50
202000014531,8,5,2020,08:02:00,1,92,92062,1,9,1,7,"PASSAGE DE L'ARCHE","48,8918000","2,2363000",202000014531,154 716 785,A01,3,1,9,0,1,15,5,NULL,202000014531,154 716 785,A01,1,1,4,1,1985,0,2,8,-1,-1," -1",-1,202000014531,9,"PASSAGE DE L'ARCHE",0,NULL,-1,0,3,1,0,0,1,NULL," -1",1,9,6,20
202000014573,6,5,2020,15:45:00,1,54,54580,2,1,1,2,"RUE RAONI METUKTIRE","49,4610700","5,9194500",202000014573,154 716 718,B01,0,1,0,2,5,0,5,NULL,202000014573,154 716 717,A01,1,1,1,1,1991,5,1,0,-1,0,0,-1,202000014573,4,NULL,0,NULL,1,2,0,1,(1),(1),2,NULL," -1",1,0,1,30
202000014573,6,5,2020,15:45:00,1,54,54580,2,1,1,2,"RUE RAONI METUKTIRE","49,4610700","5,9194500",202000014573,154 716 718,B01,0,1,0,2,5,0,5,NULL,202000014573,154 716 718,B01,1,1,3,1,2015,5,2,8,-1,0,0,-1,202000014573,4,NULL,0,NULL,1,2,0,1,(1),(1),2,NULL," -1",1,0,1,30
202000014945,15,7,2020,08:30:00,1,92,92044,2,1,1,2,"LEVALLOIS( PONT DE)","48,8992000","2,2785000",202000014945,154 716 049,B01,2,1,0,2,7,2,5,NULL,202000014945,154 716 049,B01,1,1,4,1,1987,1,2,0,-1,-1," -1",-1,202000014945,3,9,2,NULL,2,3,0,1,0,0,1,NULL," -1",1,2,1,50
202000014945,15,7,2020,08:30:00,1,92,92044,2,1,1,2,"LEVALLOIS( PONT DE)","48,8992000","2,2785000",202000014945,154 716 049,B01,2,1,0,2,7,2,5,NULL,202000014945,154 716 051,A01,1,1,1,2,1983,0,1,0,-1,-1," -1",-1,202000014945,3,9,2,NULL,2,3,0,1,0,0,1,NULL," -1",1,2,1,50
202000019112,10,9,2020,19:43:00,1,03,03185,2,2,1,3,"Avenue Fournier Sarloveze","46,3279845","2,6059967",202000019112,154 708 621,A01,2,1,0,2,3,19,5,NULL,202000019112,154 708 621,A01,1,1,3,1,2003,9,8,0,-1,-1," -1",-1,202000019112,4,"avenue Fournier Sarloveze",0,NULL,2,2,0,1,(1),(1),1,NULL," -1",1,0,1,50
202000019112,10,9,2020,19:43:00,1,03,03185,2,2,1,3,"Avenue Fournier Sarloveze","46,3279845","2,6059967",202000019112,154 708 621,A01,2,1,0,2,3,19,5,NULL,202000019112,154 708 622,B01,1,1,1,2,1968,5,1,0,-1,-1," -1",-1,202000019112,4,"avenue Fournier Sarloveze",0,NULL,2,2,0,1,(1),(1),1,NULL," -1",1,0,1,50
202000019372,9,6,2020,10:35:00,1,974,97409,2,1,1,3,"MASCAREIGNES (Avenue des)"," -20,9408000","55,6473000",202000019372,154 708 133,B01,1,1,0,2,8,1,6,NULL,202000019372,154 708 132,A01,1,1,1,1,1974,0,1,8,-1,-1," -1",-1,202000019372,4,NULL,0,NULL,2,2,0,1,0,0,1,NULL," -1",1,0,1,50
202000019372,9,6,2020,10:35:00,1,974,97409,2,1,1,3,"MASCAREIGNES (Avenue des)"," -20,9408000","55,6473000",202000019372,154 708 133,B01,1,1,0,2,8,1,6,NULL,202000019372,154 708 133,B01,1,1,3,1,2004,0,8,0,-1,-1," -1",-1,202000019372,4,NULL,0,NULL,2,2,0,1,0,0,1,NULL," -1",1,0,1,50
202000020071,13,11,2020,07:30:00,2,75,75116,2,7,1,7,"PLACE DE COLOMBIE","48,8627510","2,2670840",202000020071,154 706 885,A01,3,1,0,0,0,1,5,NULL,202000020071,154 706 885,A01,1,1,4,1,1984,1,2,0,-1,0,0,-1,202000020071,4,NULL,0,NULL,1,4,0,1,0,0,1,NULL," -1",1,0,1,50
202000020976,19,2,2020,17:50:00,1,64,64024,2,9,1,1,"PLAGES (BOULEVARD DES)","43,5212452"," -1,5217921",202000020976,154 705 312,B01,1,1,0,2,7,21,0,NULL,202000020976,154 705 311,A01,1,1,1,2,1957,9,1,0,-1,0,0,-1,202000020976,4,NULL,0,NULL,2,4,1,1,0,0,1,NULL," -1",1,0,5,50
202000020976,19,2,2020,17:50:00,1,64,64024,2,9,1,1,"PLAGES (BOULEVARD DES)","43,5212452"," -1,5217921",202000020976,154 705 312,B01,1,1,0,2,7,21,0,NULL,202000020976,154 705 312,B01,1,1,4,1,1971,9,2,0,-1,-1," -1",-1,202000020976,4,NULL,0,NULL,2,4,1,1,0,0,1,NULL," -1",1,0,5,50
202000022975,4,9,2020,12:00:00,1,67,67482,2,1,1,-1,"JACQUES KABLE (RUE)","48,5929150","7,7493590",202000022975,154 701 804,A01,1,1,0,2,4,0,5,NULL,202000022975,154 701 804,A01,1,1,4,1,1980,0,8,0,-1,-1," -1",-1,202000022975,4,NULL,0,NULL,2,4,0,1,0,0,1,NULL," -1",1,0,1,50
202000023070,9,9,2020,12:10:00,1,86,86058,2,4,1,3,"3 Route de Saint Claud","46,6553245","0,5728337",202000023070,154 701 641,A01,3,1,0,2,8,9,5,NULL,202000023070,154 701 640,B01,1,1,1,1,1947,5,1,-1,-1,0,0,-1,202000023070,4," Saint Claud",0,NULL,2,2,0,2,(1),(1),1,NULL," -1",1,0,8,50
202000023070,9,9,2020,12:10:00,1,86,86058,2,4,1,3,"3 Route de Saint Claud","46,6553245","0,5728337",202000023070,154 701 641,A01,3,1,0,2,8,9,5,NULL,202000023070,154 701 641,A01,1,1,3,2,2014,5,2,-1,-1,0,0,-1,202000023070,4," Saint Claud",0,NULL,2,2,0,2,(1),(1),1,NULL," -1",1,0,8,50
202000023462,7,6,2020,17:00:00,1,75,75119,2,1,1,6,"AVENUE DE FLANDRE","48,8932780","2,3800010",202000023462,154 700 957,A01,2,1,12,1,1,1,5,NULL,202000023462,154 700 957,A01,10,3,4,1,2013,5,0,-1,-1,2,3,2,202000023462,4,NULL,0,NULL,1,2,1,1,(1),0,1,NULL," -1",1,-1,5,50
202000023462,7,6,2020,17:00:00,1,75,75119,2,1,1,6,"AVENUE DE FLANDRE","48,8932780","2,3800010",202000023462,154 700 957,A01,2,1,12,1,1,1,5,NULL,202000023462,154 700 957,A01,1,1,4,1,1988,5,2,0,-1,0,0,-1,202000023462,4,NULL,0,NULL,1,2,1,1,(1),0,1,NULL," -1",1,-1,5,50
202000023640,9,11,2020,07:50:00,1,75,75112,2,2,1,3,"RUE DE PICPUS","48,8480400","2,3928590",202000023640,154 700 642,B01,1,1,0,2,2,1,5,NULL,202000023640,154 700 641,A01,1,1,1,1,1982,1,1,0,-1,0,0,-1,202000023640,4,NULL,0,NULL,1,1,1,2,0,0,1,NULL," -1",1,-1,5,50
202000023640,9,11,2020,07:50:00,1,75,75112,2,2,1,3,"RUE DE PICPUS","48,8480400","2,3928590",202000023640,154 700 642,B01,1,1,0,2,2,1,5,NULL,202000023640,154 700 642,B01,1,1,4,2,1973,9,2,0,-1,0,0,-1,202000023640,4,NULL,0,NULL,1,1,1,2,0,0,1,NULL," -1",1,-1,5,50
202000024419,17,1,2020,05:04:00,5,69,69382,2,9,1,3,"Rue Président Edouard Herriot","45,7648700","4,8342900",202000024419,154 699 291,B01,1,1,0,2,1,9,0,NULL,202000024419,154 699 290,A01,1,1,1,1,2000,5,1,0,-1,-1,0,-1,202000024419,4,"PRESIDENT EDOUARD HERRIOT (DU)      (R )",0,NULL,1,1,0,1,0,1,1,NULL," -1",1,5,1,50
202000024419,17,1,2020,05:04:00,5,69,69382,2,9,1,3,"Rue Président Edouard Herriot","45,7648700","4,8342900",202000024419,154 699 291,B01,1,1,0,2,1,9,0,NULL,202000024419,154 699 291,B01,1,1,4,1,1996,5,2,0,-1,-1,0,-1,202000024419,4,"PRESIDENT EDOUARD HERRIOT (DU)      (R )",0,NULL,1,1,0,1,0,1,1,NULL," -1",1,5,1,50
202000024921,7,9,2020,18:40:00,1,35,35238,2,3,1,1,"LORIENT (DE)","48,1086500"," -1,6991700",202000024921,154 698 375,B01,2,1,0,2,1,1,5,NULL,202000024921,154 698 375,B01,1,1,4,2,1961,5,2,0,-1,-1," -1",-1,202000024921,4,"CARRIERE (RUE DE LA)",0,NULL,1,1,1,2,0,0,1,NULL," -1",1,0,1,30
202000024921,7,9,2020,18:40:00,1,35,35238,2,3,1,1,"LORIENT (DE)","48,1086500"," -1,6991700",202000024921,154 698 375,B01,2,1,0,2,1,1,5,NULL,202000024921,154 698 376,A01,1,1,1,1,1984,2,1,0,-1,-1," -1",-1,202000024921,4,"CARRIERE (RUE DE LA)",0,NULL,1,1,1,2,0,0,1,NULL," -1",1,0,1,30
202000024966,7,9,2020,19:20:00,1,75,75102,2,3,1,3,"BOULEVARD POISSONNIERE","48,8708650","2,3467230",202000024966,154 698 304,B01,2,1,0,2,0,1,5,NULL,202000024966,154 698 303,A01,1,1,1,1,1963,5,1,0,-1,0,0,-1,202000024966,4,NULL,0,NULL,2,2,0,1,0,0,1,NULL," -1",1,0,1,50
202000024966,7,9,2020,19:20:00,1,75,75102,2,3,1,3,"BOULEVARD POISSONNIERE","48,8708650","2,3467230",202000024966,154 698 304,B01,2,1,0,2,0,1,5,NULL,202000024966,154 698 304,B01,1,1,4,1,1990,1,8,0,-1,0,0,-1,202000024966,4,NULL,0,NULL,2,2,0,1,0,0,1,NULL," -1",1,0,1,50
202000025673,3,10,2020,15:45:00,1,75,75103,2,3,1,6,"RUE DU PARC ROYAL","48,8583350","2,3638540",202000025673,154 697 056,A01,1,1,0,1,1,1,5,NULL,202000025673,154 697 056,A01,1,1,4,1,1953,9,8,0,-1,0,0,-1,202000025673,4,NULL,0,NULL,1,1,0,1,0,0,1,NULL," -1",1,0,1,30
202000025673,3,10,2020,15:45:00,1,75,75103,2,3,1,6,"RUE DU PARC ROYAL","48,8583350","2,3638540",202000025673,154 697 056,A01,1,1,0,1,1,1,5,NULL,202000025673,154 697 056,A01,10,3,1,2,1969,5,0,-1,-1,2,3,2,202000025673,4,NULL,0,NULL,1,1,0,1,0,0,1,NULL," -1",1,0,1,30
202000025673,3,10,2020,15:45:00,1,75,75103,2,3,1,6,"RUE DU PARC ROYAL","48,8583350","2,3638540",202000025673,154 697 056,A01,1,1,0,1,1,1,5,NULL,202000025673,154 697 056,A01,10,3,4,1,1966,9,0,-1,-1,2,3,2,202000025673,4,NULL,0,NULL,1,1,0,1,0,0,1,NULL," -1",1,0,1,30