Num_Acc,jour,mois,an,hrmn,lum,dep,com,agg,int,atm,col,adr,lat,long,Num_Acc,id_vehicule,num_veh,senc,catv,obs,obsm,choc,manv,motor,occutc,Num_Acc,id_vehicule,num_veh,place,catu,grav,sexe,an_nais,trajet,secu1,secu2,secu3,locp,actp,etatp,Num_Acc,catr,voie,v1,v2,circ,nbv,vosp,prof,pr,pr1,plan,lartpc,larrout,surf,infra,situ,vma
202000026569,5,1,2020,20:00:00,5,34,34172,2,2,1,3,"GRASSET (AVENUE DU PROFESSEUR)","43,6216200","3,8686600",202000026569,154 695 501,A01,2,1,0,2,1,5,5,NULL,202000026569,154 695 500,B01,1,1,1,1,1999,5,1,8,-1,0,0,-1,202000026569,4,NULL,0,NULL,1,2,3,1,(1),(1),1,NULL," -1",1,5,1,50
202000026569,5,1,2020,20:00:00,5,34,34172,2,2,1,3,"GRASSET (AVENUE DU PROFESSEUR)","43,6216200","3,8686600",202000026569,154 695 501,A01,2,1,0,2,1,5,5,NULL,202000026569,154 695 501,A01,1,1,4,1,1992,4,8,0,-1,0,0,-1,202000026569,4,NULL,0,NULL,1,2,3,1,(1),(1),1,NULL," -1",1,5,1,50
202000026974,6,8,2020,22:30:00,5,57,57206,2,1,1,7,"81 Rue des Ducs de Bar","49,2926730","6,1042790",202000026974,154 694 803,A01,0,1,0,0,1,0,5,NULL,202000026974,154 694 803,A01,1,1,3,1,2010,5,0,-1,-1,0,0,-1,202000026974,4,81,0,NULL,2,2,0,2,(1),(1),1,NULL," -1",1,0,1,50
202000029177,4,8,2020,10:20:00,1,85,85128,2,6,1,3,"Boulevard de l'Océan","46,4508020"," -1,1623780",202000029177,154 690 983,B01,1,1,0,2,8,26,5,NULL,202000029177,154 690 982,A01,1,1,1,1,1941,5,1,-1,-1,0,0,-1,202000029177,3,201,-1,NULL,2,2,0,1,0,627,1,NULL," -1",1,5,1,50
202000029177,4,8,2020,10:20:00,1,85,85128,2,6,1,3,"Boulevard de l'Océan","46,4508020"," -1,1623780",202000029177,154 690 983,B01,1,1,0,2,8,26,5,NULL,202000029177,154 690 983,B01,1,1,3,1,1942,3,0,-1,-1,0,0,-1,202000029177,3,201,-1,NULL,2,2,0,1,0,627,1,NULL," -1",1,5,1,50
202000029886,13,12,2020,22:18:00,5,75,75115,2,2,2,3,"RUE LABROUSTE","48,8338820","2,3081130",202000029886,154 689 726,A01,1,1,0,2,2,1,5,NULL,202000029886,154 689 725,B01,1,1,1,1,1981,5,1,0,-1,0,0,-1,202000029886,4,NULL,0,NULL,2,2,0,1,0,0,1,NULL," -1",2,0,1,30
202000029886,13,12,2020,22:18:00,5,75,75115,2,2,2,3,"RUE LABROUSTE","48,8338820","2,3081130",202000029886,154 689 726,A01,1,1,0,2,2,1,5,NULL,202000029886,154 689 726,A01,1,1,4,1,1982,4,2,0,-1,0,0,-1,202000029886,4,NULL,0,NULL,2,2,0,1,0,0,1,NULL," -1",2,0,1,30
202000030618,28,3,2020,20:39:00,5,63,63113,2,2,1,3,"JULIEN (AVENUE)","45,7755100","3,0820900",202000030618,154 688 462,B01,3,1,0,2,0,1,5,NULL,202000030618,154 688 461,A01,1,1,1,1,2000,0,8,0,-1,0,0,-1,202000030618,4,"JULIEN (AVENUE)",0,NULL,1,1,0,1,(1),(1),1,NULL," -1",1,9,1,30
202000030618,28,3,2020,20:39:00,5,63,63113,2,2,1,3,"JULIEN (AVENUE)","45,7755100","3,0820900",202000030618,154 688 462,B01,3,1,0,2,0,1,5,NULL,202000030618,154 688 462,B01,1,1,4,1,2000,0,8,0,-1,0,0,-1,202000030618,4,"JULIEN (AVENUE)",0,NULL,1,1,0,1,(1),(1),1,NULL," -1",1,9,1,30
202000030618,28,3,2020,20:39:00,5,63,63113,2,2,1,3,"JULIEN (AVENUE)","45,7755100","3,0820900",202000030618,154 688 462,B01,3,1,0,2,0,1,5,NULL,202000030618,154 688 462,B01,2,2,3,2,2003,5,8,0,-1,0,0,-1,202000030618,4,"JULIEN (AVENUE)",0,NULL,1,1,0,1,(1),(1),1,NULL," -1",1,9,1,30
202000031924,21,6,2020,11:40:00,1,30,30028,2,6,1,3,"ANCYSE (AVENUE DEL')","44,1599700","4,6139400",202000031924,154 686 250,B01,1,1,0,2,1,2,5,NULL,202000031924,154 686 249,A01,1,1,1,1,1973,0,1,0,-1,-1," -1",-1,202000031924,4,"ANCYSE (AVENUE DEL')",0,NULL,-1,2,0,1,1,0,1,NULL," -1",1,5,1,50
202000031924,21,6,2020,11:40:00,1,30,30028,2,6,1,3,"ANCYSE (AVENUE DEL')","44,1599700","4,6139400",202000031924,154 686 250,B01,1,1,0,2,1,2,5,NULL,202000031924,154 686 250,B01,1,1,3,1,1976,0,-1,0,-1,-1," -1",-1,202000031924,4,"ANCYSE (AVENUE DEL')",0,NULL,-1,2,0,1,1,0,1,NULL," -1",1,5,1,50
202000033108,29,10,2020,17:40:00,2,75,75101,2,1,8,6,"RUE DE RIVOLI","48,8616410","2,3386980",202000033108,154 684 253,A01,1,1,11,0,1,13,5,NULL,202000033108,154 684 253,A01,1,1,4,2,1963,5,2,0,-1,0,0,-1,202000033108,4,NULL,0,NULL,4,3,1,1,0,0,1,NULL," -1",1,-1,5,50
202000033556,30,5,2020,19:50:00,1,69,69385,2,1,1,3,"BARTHELEMY BUYER                    (AV)","45,7636700","4,7993300",202000033556,154 683 447,B01,1,1,0,2,8,1,0,NULL,202000033556,154 683 447,B01,1,1,4,1,1946,0,2,0,-1,-1," -1",-1,202000033556,4,"BARTHELEMY BUYER                    (AV)",0,NULL,2,2,0,1,0,0,1,NULL," -1",1,0,1,50
202000033556,30,5,2020,19:50:00,1,69,69385,2,1,1,3,"BARTHELEMY BUYER                    (AV)","45,7636700","4,7993300",202000033556,154 683 447,B01,1,1,0,2,8,1,0,NULL,202000033556,154 683 449,A01,1,1,1,1,1999,0,1,0,-1,-1," -1",-1,202000033556,4,"BARTHELEMY BUYER                    (AV)",0,NULL,2,2,0,1,0,0,1,NULL," -1",1,0,1,50
202000034931,1,8,2020,15:45:00,1,56,56251,2,3,1,3,"Rue Gabriel de Goulaine","47,6290840"," -2,6674710",202000034931,154 681 022,B01,3,1,0,2,1,16,5,NULL,202000034931,154 681 022,B01,1,1,4,1,2005,3,0,-1,-1,0,0,-1,202000034931,4,NULL,-1,NULL,2,2,0,1,(1),(1),1,NULL," -1",1,0,1,50
202000034931,1,8,2020,15:45:00,1,56,56251,2,3,1,3,"Rue Gabriel de Goulaine","47,6290840"," -2,6674710",202000034931,154 681 022,B01,3,1,0,2,1,16,5,NULL,202000034931,154 681 023,A01,1,1,1,1,1968,5,1,-1,-1,0,0,-1,202000034931,4,NULL,-1,NULL,2,2,0,1,(1),(1),1,NULL," -1",1,0,1,50
202000036843,8,1,2020,11:00:00,1,92,92049,2,1,8,1,"BRIAND (AVENUE ARISTIDE)","48,8181470","2,3254500",202000036843,154 677 599,A01,2,1,0,2,1,1,0,NULL,202000036843,154 677 599,A01,1,1,4,1,1978,5,2,0,-1,-1,0,-1,202000036843,3,920,0,NULL,1,1,0,1,0,0,1,NULL," -1",2,0,3,50
202000036843,8,1,2020,11:00:00,1,92,92049,2,1,8,1,"BRIAND (AVENUE ARISTIDE)","48,8181470","2,3254500",202000036843,154 677 599,A01,2,1,0,2,1,1,0,NULL,202000036843,154 677 600,B01,1,1,1,1,1968,4,1,0,-1,-1,0,-1,202000036843,3,920,0,NULL,1,1,0,1,0,0,1,NULL," -1",2,0,3,50
202000038724,8,2,2020,06:50:00,5,75,75108,2,7,8,-1,"PLACE DE LA CONCORDE","48,8648840","2,3211890",202000038724,154 674 302,A01,1,1,0,2,0,1,5,NULL,202000038724,154 674 300,B01,1,1,1,1,1975,9,1,0,-1,0,0,-1,202000038724,4,NULL,0,NULL,1,8,1,1,0,0,1,NULL,24,1,-1,5,50
202000038724,8,2,2020,06:50:00,5,75,75108,2,7,8,-1,"PLACE DE LA CONCORDE","48,8648840","2,3211890",202000038724,154 674 302,A01,1,1,0,2,0,1,5,NULL,202000038724,154 674 302,A01,1,1,4,1,1997,1,8,0,-1,0,0,-1,202000038724,4,NULL,0,NULL,1,8,1,1,0,0,1,NULL,24,1,-1,5,50
202000039532,22,9,2020,20:30:00,2,49,49007,2,1,1,3,"LAFAYETTE PLACE","47,4624993"," -0,5538225",202000039532,154 672 869,A01,1,1,0,2,1,1,5,NULL,202000039532,154 672 869,A01,1,1,4,2,1965,1,8,0,-1,-1," -1",-1,202000039532,4,"LAFAYETTE PLACE",0,NULL,-1,2,0,1,1,0,1,NULL," -1",1,0,1,50
202000039532,22,9,2020,20:30:00,2,49,49007,2,1,1,3,"LAFAYETTE PLACE","47,4624993"," -0,5538225",202000039532,154 672 869,A01,1,1,0,2,1,1,5,NULL,202000039532,154 672 871,B01,1,1,1,1,1991,1,8,0,-1,-1," -1",-1,202000039532,4,"LAFAYETTE PLACE",0,NULL,-1,2,0,1,1,0,1,NULL," -1",1,0,1,50
202000042882,24,7,2020,21:45:00,5,70,70561,2,1,1,6,"rue de la colombière","47,5527550","6,4320870",202000042882,154 666 918,A01,3,1,6,0,1,5,6,NULL,202000042882,154 666 918,A01,1,1,3,1,2011,5,0,-1,-1,0,0,-1,202000042882,4,NULL,0,NULL,1,1,0,2,(1),(1),3,NULL," -1",1,0,3,50
202000044423,23,6,2020,07:15:00,1,83,83019,2,1,1,3,"Avenue Lou Mistraou","43,1494170","6,2981310",202000044423,154 664 148,B01,2,1,0,2,6,1,5,NULL,202000044423,154 664 146,A01,1,1,1,1,1972,4,1,-1,-1,0,0,-1,202000044423,3,NC,-1,NULL,2,2,1,1,(1),(1),1,NULL," -1",1,0,5,-1
202000044423,23,6,2020,07:15:00,1,83,83019,2,1,1,3,"Avenue Lou Mistraou","43,1494170","6,2981310",202000044423,154 664 148,B01,2,1,0,2,6,1,5,NULL,202000044423,154 664 148,B01,1,1,4,1,1961,5,2,-1,-1,0,0,-1,202000044423,3,NC,-1,NULL,2,2,1,1,(1),(1),1,NULL," -1",1,0,5,-1
202000047032,24,7,2020,17:55:00,1,35,35238,2,1,1,3,"ROPARTZ (GUY)","48,1301960"," -1,6561270",202000047032,154 659 622,B01,3,1,0,2,2,19,5,NULL,202000047032,154 659 604,A01,1,1,4,1,1974,5,8,0,-1,-1," -1",-1,202000047032,9,"ROPARTZ (GUY)",0,NULL,2,2,2,1,(1),(1),1,NULL," -1",1,0,8,30
202000047032,24,7,2020,17:55:00,1,35,35238,2,1,1,3,"ROPARTZ (GUY)","48,1301960"," -1,6561270",202000047032,154 659 622,B01,3,1,0,2,2,19,5,NULL,202000047032,154 659 622,B01,1,1,3,1,2012,5,8,0,-1,-1," -1",-1,202000047032,9,"ROPARTZ (GUY)",0,NULL,2,2,2,1,(1),(1),1,NULL," -1",1,0,8,30
202000047204,25,8,2020,16:20:00,1,75,75110,2,2,1,6,"BOULEVARD DE STRASBOURG","48,8723080","2,3559010",202000047204,154 659 297,A01,1,1,0,1,1,1,5,NULL,202000047204,154 659 297,A01,10,3,4,1,1998,9,0,-1,-1,4,3,1,202000047204,4,NULL,0,NULL,2,5,1,2,0,0,1,NULL," -1",1,-1,5,50
202000047204,25,8,2020,16:20:00,1,75,75110,2,2,1,6,"BOULEVARD DE STRASBOURG","48,8723080","2,3559010",202000047204,154 659 297,A01,1,1,0,1,1,1,5,NULL,202000047204,154 659 297,A01,1,1,1,1,1980,9,2,8,-1,0,0,-1,202000047204,4,NULL,0,NULL,2,5,1,2,0,0,1,NULL," -1",1,-1,5,50
202000007250,16,9,2020,11:45:00,1,91,91363,1,1,1,3,D446,"48,6536360","2,2120550",202000007250,154 729 507,B01,1,1,0,2,8,1,5,NULL,202000007250,154 729 507,B01,1,1,4,1,1956,5,2,6,-1,0,0,-1,202000007250,3,446,-1,NULL,2,2,0,2,(1),(1),3,NULL," -1",1,0,1,50
202000007250,16,9,2020,11:45:00,1,91,91363,1,1,1,3,D446,"48,6536360","2,2120550",202000007250,154 729 507,B01,1,1,0,2,8,1,5,NULL,202000007250,154 729 508,A01,1,1,1,1,1990,4,1,-1,-1,0,0,-1,202000007250,3,446,-1,NULL,2,2,0,2,(1),(1),3,NULL," -1",1,0,1,50
202000007912,5,10,2020,07:50:00,1,91,91552,2,1,2,7,"RUE SALVADOR ALLENDE","48,5913220","2,2581620",202000007912,154 728 326,A01,3,1,0,0,0,1,5,NULL,202000007912,154 728 326,A01,1,1,4,1,2006,2,8,0,-1,-1," -1",-1,202000007912,3,152,0,NULL,2,2,0,1,0,0,1,NULL," -1",2,0,1,50
202000013985,10,10,2020,20:40:00,5,75,75118,2,3,1,3,"RUE DOUDEAUVILLE","48,8889120","2,3582230",202000013985,154 717 692,B01,2,1,0,2,0,15,5,NULL,202000013985,154 717 691,A01,1,1,4,1,1994,5,2,6,-1,0,0,-1,202000013985,4,NULL,0,NULL,2,2,0,1,0,0,1,NULL," -1",1,0,1,30
202000013985,10,10,2020,20:40:00,5,75,75118,2,3,1,3,"RUE DOUDEAUVILLE","48,8889120","2,3582230",202000013985,154 717 692,B01,2,1,0,2,0,15,5,NULL,202000013985,154 717 692,B01,1,1,1,1,1984,4,2,0,-1,0,0,-1,202000013985,4,NULL,0,NULL,2,2,0,1,0,0,1,NULL," -1",1,0,1,30
202000013999,10,10,2020,17:20:00,1,75,75104,2,3,1,6,"RUE DE RIVOLI","48,8552320","2,3611160",202000013999,154 717 666,A01,1,1,14,0,1,13,5,NULL,202000013999,154 717 666,A01,1,1,4,2,1968,5,2,0,-1,0,0,-1,202000013999,4,NULL,0,NULL,2,4,1,1,0,0,1,NULL," -1",1,-1,5,50
202000014590,6,5,2020,08:50:00,1,94,94068,2,2,1,3,"ALBERT 1ER (AV)","48,8029400","2,4854200",202000014590,154 716 690,A01,2,1,0,2,7,1,5,NULL,202000014590,154 716 689,B01,1,1,1,2,1959,0,1,0,-1,-1," -1",-1,202000014590,4,"ALBERT 1ER (AV)",0,NULL,2,2,0,1,0,0,1,NULL," -1",1,0,1,30
202000014590,6,5,2020,08:50:00,1,94,94068,2,2,1,3,"ALBERT 1ER (AV)","48,8029400","2,4854200",202000014590,154 716 690,A01,2,1,0,2,7,1,5,NULL,202000014590,154 716 690,A01,1,1,4,2,1999,1,8,0,-1,-1," -1",-1,202000014590,4,"ALBERT 1ER (AV)",0,NULL,2,2,0,1,0,0,1,NULL," -1",1,0,1,30
202000014747,20,1,2020,14:30:00,1,67,67482,2,3,1,3,"RHIN (AVENUE DU)","48,5711580","7,7733900",202000014747,154 716 426,B01,2,1,0,2,3,19,5,NULL,202000014747,154 716 425,A01,1,1,1,1,1985,5,1,8,-1,-1,0,-1,202000014747,4,104,0,NULL,1,2,0,1,0,0,1,NULL," -1",1,0,1,50
202000014747,20,1,2020,14:30:00,1,67,67482,2,3,1,3,"RHIN (AVENUE DU)","48,5711580","7,7733900",202000014747,154 716 426,B01,2,1,0,2,3,19,5,NULL,202000014747,154 716 426,B01,1,1,4,2,1961,0,8,0,-1,-1,0,-1,202000014747,4,104,0,NULL,1,2,0,1,0,0,1,NULL," -1",1,0,1,50
202000014844,15,7,2020,08:50:00,1,35,35238,2,6,1,3,"YOUGOSLAVIE (BD DE)","48,0876554"," -1,6510570",202000014844,154 716 250,B01,3,1,0,2,7,0,5,NULL,202000014844,154 716 250,B01,1,1,4,2,1973,1,2,0,-1,0," -1",-1,202000014844,4,"YOUGOSLAVIE (BD DE)",0,NULL,1,2,0,1,(1),(1),1,NULL," -1",1,0,1,30
202000016223,12,11,2020,16:07:00,1,37,37261,2,3,1,-1,"HALLEBARDIER (RUE DU)","47,3811636","0,6937640",202000016223,154 713 712,B01,1,1,0,2,1,1,5,NULL,202000016223,154 713 711,A01,1,1,1,2,1974,0,1,0,-1,-1," -1",-1,202000016223,4,NULL,0,NULL,2,2,1,1,(1),(1),1,NULL," -1",1,0,1,30
202000016223,12,11,2020,16:07:00,1,37,37261,2,3,1,-1,"HALLEBARDIER (RUE DU)","47,3811636","0,6937640",202000016223,154 713 712,B01,1,1,0,2,1,1,5,NULL,202000016223,154 713 712,B01,1,1,4,1,1996,3,2,0,-1,-1," -1",-1,202000016223,4,NULL,0,NULL,2,2,1,1,(1),(1),1,NULL," -1",1,0,1,30
202000016238,17,11,2020,10:00:00,1,75,75116,2,7,1,6,"AVENUE DE NEW YORK","48,8641000","2,3009540",202000016238,154 713 687,A01,3,1,0,1,1,25,5,NULL,202000016238,154 713 687,A01,10,3,4,1,1966,9,0,-1,-1,5,A,1,202000016238,4,NULL,0,NULL,1,0,0,2,0,0,1,NULL," -1",1,0,4,50
202000016238,17,11,2020,10:00:00,1,75,75116,2,7,1,6,"AVENUE DE NEW YORK","48,8641000","2,3009540",202000016238,154 713 687,A01,3,1,0,1,1,25,5,NULL,202000016238,154 713 687,A01,1,1,1,1,1987,5,8,0,-1,0,0,-1,202000016238,4,NULL,0,NULL,1,0,0,2,0,0,1,NULL," -1",1,0,4,50
202000017442,12,6,2020,19:54:00,1,92,92049,2,3,1,2,"BROSSOLETTE AVENUE PIERRE","48,8128210","2,3015960",202000017442,154 711 558,B01,2,1,0,2,1,2,5,NULL,202000017442,154 711 557,A01,1,1,1,1,1978,1,1,0,-1,-1," -1",-1,202000017442,3,906,0,NULL,3,2,1,1,0,0,1,NULL," -1",1,0,5,50
202000017442,12,6,2020,19:54:00,1,92,92049,2,3,1,2,"BROSSOLETTE AVENUE PIERRE","48,8128210","2,3015960",202000017442,154 711 558,B01,2,1,0,2,1,2,5,NULL,202000017442,154 711 558,B01,1,1,4,1,1975,0,9,0,-1,-1," -1",-1,202000017442,3,906,0,NULL,3,2,1,1,0,0,1,NULL," -1",1,0,5,50
202000019152,10,9,2020,08:20:00,1,92,92040,2,1,1,3,"DOCTEUR LOMBARD (DU)","48,8191700","2,2513800",202000019152,154 708 548,B01,2,1,0,2,3,12,5,NULL,202000019152,154 708 548,B01,1,1,4,2,1991,1,2,6,-1,-1," -1",-1,202000019152,4,"DOCTEUR LOMBARD (RUE DU)",0,NULL,-1,2,0,1,0,0,1,NULL," -1",1,0,1,50
202000019152,10,9,2020,08:20:00,1,92,92040,2,1,1,3,"DOCTEUR LOMBARD (DU)","48,8191700","2,2513800",202000019152,154 708 548,B01,2,1,0,2,3,12,5,NULL,202000019152,154 708 549,A01,1,1,1,2,1952,1,1,0,-1,-1," -1",-1,202000019152,4,"DOCTEUR LOMBARD (RUE DU)",0,NULL,-1,2,0,1,0,0,1,NULL," -1",1,0,1,50
202000020961,19,2,2020,11:35:00,1,85,85194,2,6,2,3,"Boulevard du Vendée Globe (Château-d'Olonne)","46,4995900"," -1,7564300",202000020961,154 705 339,B01,3,1,0,2,7,1,5,NULL,202000020961,154 705 338,A01,1,1,1,2,1964,3,1,8,-1,0,0,-1,202000020961,4,"BOULEVARD DU VENDEE GLOBE ",0,NULL,1,2,1,1,0,0,2,NULL," -1",2,5,5,50
202000020961,19,2,2020,11:35:00,1,85,85194,2,6,2,3,"Boulevard du Vendée Globe (Château-d'Olonne)","46,4995900"," -1,7564300",202000020961,154 705 339,B01,3,1,0,2,7,1,5,NULL,202000020961,154 705 339,B01,1,1,4,2,1979,5,2,8,-1,0,0,-1,202000020961,4,"BOULEVARD DU VENDEE GLOBE ",0,NULL,1,2,1,1,0,0,2,NULL," -1",2,5,5,50
202000022414,13,1,2020,22:15:00,3,31,31239,2,1,1,1,"place du forail","43,3804950","0,8390240",202000022414,154 702 792,B01,3,1,0,2,1,1,5,NULL,202000022414,154 702 791,A01,1,1,1,1,1988,5,0,-1,-1,0,0,-1,202000022414,6,NULL,-1,NULL,-1,-1,0,1,(1),(1),1,NULL,3,1,0,8,-1
202000022414,13,1,2020,22:15:00,3,31,31239,2,1,1,1,"place du forail","43,3804950","0,8390240",202000022414,154 702 792,B01,3,1,0,2,1,1,5,NULL,202000022414,154 702 792,B01,1,1,4,1,2001,5,0,-1,-1,0,0,-1,202000022414,6,NULL,-1,NULL,-1,-1,0,1,(1),(1),1,NULL,3,1,0,8,-1
202000022685,8,7,2020,09:10:00,1,56,56083,2,3,1,3,"LIBERATION ( AV. DE LA )","47,8044800"," -3,2773100",202000022685,154 702 302,B01,1,1,0,2,1,1,5,NULL,202000022685,154 702 302,B01,1,1,3,1,1945,5,2,8,-1,-1," -1",-1,202000022685,3,724,0,NULL,2,2,0,2,94,890,1,NULL," -1",1,0,1,50
202000022685,8,7,2020,09:10:00,1,56,56083,2,3,1,3,"LIBERATION ( AV. DE LA )","47,8044800"," -3,2773100",202000022685,154 702 302,B01,1,1,0,2,1,1,5,NULL,202000022685,154 702 303,A01,1,1,1,1,1990,4,1,8,-1,-1," -1",-1,202000022685,3,724,0,NULL,2,2,0,2,94,890,1,NULL," -1",1,0,1,50
202000022894,19,2,2020,09:50:00,1,75,75110,2,1,1,3,"RUE D HAUTEVILLE","48,8723950","2,3501190",202000022894,154 701 955,B01,1,1,0,2,1,18,5,NULL,202000022894,154 701 954,A01,1,1,1,1,1959,4,8,0,-1,0,0,-1,202000022894,4,NULL,0,NULL,1,1,0,1,22,0,1,NULL," -1",1,0,1,50
202000022894,19,2,2020,09:50:00,1,75,75110,2,1,1,3,"RUE D HAUTEVILLE","48,8723950","2,3501190",202000022894,154 701 955,B01,1,1,0,2,1,18,5,NULL,202000022894,154 701 954,A01,3,2,1,2,1965,1,8,0,-1,0,0,-1,202000022894,4,NULL,0,NULL,1,1,0,1,22,0,1,NULL," -1",1,0,1,50
202000022894,19,2,2020,09:50:00,1,75,75110,2,1,1,3,"RUE D HAUTEVILLE","48,8723950","2,3501190",202000022894,154 701 955,B01,1,1,0,2,1,18,5,NULL,202000022894,154 701 955,B01,1,1,4,2,1991,9,8,0,-1,0,0,-1,202000022894,4,NULL,0,NULL,1,1,0,1,22,0,1,NULL," -1",1,0,1,50
202000024336,18,1,2020,00:30:00,5,75,75120,2,2,1,3,"BOULEVARD DE BELLEVILLE","48,8671073","2,3832808",202000024336,154 699 435,B01,2,1,0,2,1,19,5,NULL,202000024336,154 699 435,B01,1,1,4,2,1989,5,8,2,-1,0,0,-1,202000024336,4,NULL,0,NULL,3,4,0,1,0,0,1,NULL,12,1,0,1,30
202000024336,18,1,2020,00:30:00,5,75,75120,2,2,1,3,"BOULEVARD DE BELLEVILLE","48,8671073","2,3832808",202000024336,154 699 435,B01,2,1,0,2,1,19,5,NULL,202000024336,154 699 436,A01,2,2,1,2,1997,5,1,0,-1,0,0,-1,202000024336,4,NULL,0,NULL,3,4,0,1,0,0,1,NULL,12,1,0,1,30
202000024336,18,1,2020,00:30:00,5,75,75120,2,2,1,3,"BOULEVARD DE BELLEVILLE","48,8671073","2,3832808",202000024336,154 699 435,B01,2,1,0,2,1,19,5,NULL,202000024336,154 699 436,A01,1,1,1,1,1994,5,1,0,-1,0,0,-1,202000024336,4,NULL,0,NULL,3,4,0,1,0,0,1,NULL,12,1,0,1,30
202000027559,6,4,2020,15:00:00,1,31,31555,2,1,1,-1,"NARBONNE (ROUTE DE)","43,5711000","1,4543500",202000027559,154 693 807,B01,1,1,0,2,1,1,5,NULL,202000027559,154 693 807,B01,1,1,4,2,1997,9,2,0,-1,-1," -1",-1,202000027559,4,NULL,0,NULL,2,2,0,1,0,0,1,NULL,4,1,0,1,50
202000027559,6,4,2020,15:00:00,1,31,31555,2,1,1,-1,"NARBONNE (ROUTE DE)","43,5711000","1,4543500",202000027559,154 693 807,B01,1,1,0,2,1,1,5,NULL,202000027559,154 693 809,A01,1,1,1,1,1982,9,1,0,-1,-1," -1",-1,202000027559,4,NULL,0,NULL,2,2,0,1,0,0,1,NULL,4,1,0,1,50
202000030512,13,2,2020,20:15:00,5,59,59421,2,1,1,3,"CONGO (RUE DU)","50,6989993","3,1488705",202000030512,154 688 638,B01,2,1,1,0,1,1,0,NULL,202000030512,154 688 638,B01,1,1,4,2,1990,5,8,0,-1,-1," -1",-1,202000030512,4,"RUE DU CONGO ",0,NULL,2,2,0,1,(1),(1),1,NULL," -1",1,0,1,50
202000030512,13,2,2020,20:15:00,5,59,59421,2,1,1,3,"CONGO (RUE DU)","50,6989993","3,1488705",202000030512,154 688 638,B01,2,1,1,0,1,1,0,NULL,202000030512,154 688 639,A01,1,1,1,2,1981,0,1,0,-1,-1," -1",-1,202000030512,4,"RUE DU CONGO ",0,NULL,2,2,0,1,(1),(1),1,NULL," -1",1,0,1,50
202000030546,14,2,2020,10:50:00,1,13,13208,2,3,1,3,"PRADO (AVENUE DU)","43,2802828","5,3869432",202000030546,154 688 583,B01,2,1,0,2,8,7,5,NULL,202000030546,154 688 583,B01,1,1,4,2,1990,9,8,0,-1,-1,0,-1,202000030546,4,"PRADO (AVENUE DU)",0,NULL,-1,6,0,1,1,0,1,NULL," -1",1,0,1,50
202000035787,4,11,2020,14:55:00,1,21,21515,1,3,8,3,"Route de Couternon","47,3205983","5,1243902",202000035787,154 679 496,B01,1,1,0,2,8,0,5,NULL,202000035787,154 679 496,B01,1,1,4,1,1949,5,2,-1,-1,0,0,-1,202000035787,3,108,0,D,2,2,0,1,74,50,2,NULL,"6,9",1,0,1,80
202000035787,4,11,2020,14:55:00,1,21,21515,1,3,8,3,"Route de Couternon","47,3205983","5,1243902",202000035787,154 679 496,B01,1,1,0,2,8,0,5,NULL,202000035787,154 679 497,A01,1,1,1,2,1995,1,1,-1,-1,0,0,-1,202000035787,3,108,0,D,2,2,0,1,74,50,2,NULL,"6,9",1,0,1,80
202000035787,4,11,2020,14:55:00,1,21,21515,1,3,8,3,"Route de Couternon","47,3205983","5,1243902",202000035787,154 679 496,B01,1,1,0,2,8,0,5,NULL,202000035787,154 679 497,A01,2,2,1,1,2006,2,1,-1,-1,0,0,-1,202000035787,3,108,0,D,2,2,0,1,74,50,2,NULL,"6,9",1,0,1,80
202000039053,8,12,2020,16:48:00,2,22,22037,2,1,1,2,"Hent An 19 a Viz Meurzh 1962","48,4606460"," -3,4225630",202000039053,154 673 725,B01,3,1,0,2,4,1,5,NULL,202000039053,154 673 725,B01,1,1,3,1,1956,5,0,-1,-1,0,0,-1,202000039053,3,54,-1,NULL,2,2,1,2,(1),(1),1,NULL," -1",1,0,1,80
202000039053,8,12,2020,16:48:00,2,22,22037,2,1,1,2,"Hent An 19 a Viz Meurzh 1962","48,4606460"," -3,4225630",202000039053,154 673 725,B01,3,1,0,2,4,1,5,NULL,202000039053,154 673 728,A01,1,1,1,1,1964,5,1,-1,-1,0,0,-1,202000039053,3,54,-1,NULL,2,2,1,2,(1),(1),1,NULL," -1",1,0,1,80
202000041006,4,12,2020,06:05:00,1,974,97416,2,1,1,1,"ANCIENNE RN 1"," -21,3173600","55,4431000",202000041006,154 670 292,B01,3,1,0,2,1,1,6,NULL,202000041006,154 670 290,A01,1,1,1,1,1971,5,1,8,-1,-1," -1",-1,202000041006,4,"ANCIENNE RN 1",0,NULL,2,2,0,1,0,0,1,NULL," -1",1,0,1,50
202000041006,4,12,2020,06:05:00,1,974,97416,2,1,1,1,"ANCIENNE RN 1"," -21,3173600","55,4431000",202000041006,154 670 292,B01,3,1,0,2,1,1,6,NULL,202000041006,154 670 292,B01,1,1,4,1,1990,9,2,8,-1,-1," -1",-1,202000041006,4,"ANCIENNE RN 1",0,NULL,2,2,0,1,0,0,1,NULL," -1",1,0,1,50
202000041324,24,7,2020,16:46:00,1,66,66136,2,1,1,1,"MAILLOLES (CHEMIN)","42,6841869","2,8784776",202000041324,154 669 725,A01,1,1,0,2,1,15,5,NULL,202000041324,154 669 723,B01,1,1,1,1,1992,4,1,0,-1,-1," -1",-1,202000041324,4,"MAILLOLES (CHEMIN)",0,NULL,2,2,1,1,0,0,1,NULL," -1",1,0,1,50