Num_Acc,jour,mois,an,hrmn,lum,dep,com,agg,int,atm,col,adr,lat,long,Num_Acc,id_vehicule,num_veh,senc,catv,obs,obsm,choc,manv,motor,occutc,Num_Acc,id_vehicule,num_veh,place,catu,grav,sexe,an_nais,trajet,secu1,secu2,secu3,locp,actp,etatp,Num_Acc,catr,voie,v1,v2,circ,nbv,vosp,prof,pr,pr1,plan,lartpc,larrout,surf,infra,situ,vma
202000019886,18,12,2020,00:50:00,5,972,97213,1,2,1,3,"ROUTE DEPARTEMENTALE 3","14,6130835"," -60,9948349",202000019886,154 707 225,B01,1,1,0,2,1,1,5,NULL,202000019886,154 707 224,A01,2,2,1,1,1987,5,1,0,-1,-1," -1",-1,202000019886,3,3,0,NULL,2,2,0,1,0,600,1,NULL," -1",1,0,1,50
202000019886,18,12,2020,00:50:00,5,972,97213,1,2,1,3,"ROUTE DEPARTEMENTALE 3","14,6130835"," -60,9948349",202000019886,154 707 225,B01,1,1,0,2,1,1,5,NULL,202000019886,154 707 225,B01,1,1,4,2,2004,5,2,0,-1,-1," -1",-1,202000019886,3,3,0,NULL,2,2,0,1,0,600,1,NULL," -1",1,0,1,50
202000020031,13,11,2020,08:30:00,1,51,51108,2,3,1,3,"Rue Jean Jaurès","48,9549925","4,3543263",202000020031,154 706 956,B01,1,1,0,2,2,19,5,NULL,202000020031,154 706 955,A01,1,1,1,2,1979,1,1,-1,-1,-1," -1",-1,202000020031,4,NULL,0,NULL,2,4,1,2,(1),(1),1,NULL," -1",1,0,1,50
202000020031,13,11,2020,08:30:00,1,51,51108,2,3,1,3,"Rue Jean Jaurès","48,9549925","4,3543263",202000020031,154 706 956,B01,1,1,0,2,2,19,5,NULL,202000020031,154 706 956,B01,1,1,3,2,2000,1,8,-1,-1,-1," -1",-1,202000020031,4,NULL,0,NULL,2,4,1,2,(1),(1),1,NULL," -1",1,0,1,50
202000020838,21,2,2020,07:35:00,1,75,75119,2,1,1,-1,"RUE D AUBERVILLIERS","48,8880790","2,3673570",202000020838,154 705 560,A01,2,1,0,2,2,1,5,NULL,202000020838,154 705 560,A01,1,1,4,1,1972,1,8,4,-1,0,0,-1,202000020838,4,NULL,0,NULL,3,2,1,1,66,0,1,NULL,4,1,-1,5,30
202000020878,22,2,2020,08:55:00,1,972,97232,1,1,1,5,Sigy,"14,5425660"," -60,8596870",202000020878,154 705 491,C01,2,1,0,1,8,1,5,NULL,202000020878,154 705 491,C01,10,3,4,1,1977,5,0,0,0,0,9,1,202000020878,3,5,-1,NULL,2,2,0,1,17,0,4,NULL,5,1,0,1,80
202000020878,22,2,2020,08:55:00,1,972,97232,1,1,1,5,Sigy,"14,5425660"," -60,8596870",202000020878,154 705 491,C01,2,1,0,1,8,1,5,NULL,202000020878,154 705 492,A01,1,1,3,1,1994,5,2,-1,-1,0,0,-1,202000020878,3,5,-1,NULL,2,2,0,1,17,0,4,NULL,5,1,0,1,80
202000020878,22,2,2020,08:55:00,1,972,97232,1,1,1,5,Sigy,"14,5425660"," -60,8596870",202000020878,154 705 491,C01,2,1,0,1,8,1,5,NULL,202000020878,154 705 493,B01,1,1,4,1,1947,3,1,-1,-1,0,0,-1,202000020878,3,5,-1,NULL,2,2,0,1,17,0,4,NULL,5,1,0,1,80
202000024689,10,2,2020,06:00:00,1,973,97302,2,1,1,2,"CATAYEE (JUSTIN)","4,9393864"," -52,3306060",202000024689,154 698 798,B01,1,1,0,2,4,13,5,NULL,202000024689,154 698 798,B01,1,1,4,2,2005,2,8,0,-1,-1," -1",-1,202000024689,4,"Rue justin catayée",0,NULL,1,1,0,1,(1),(1),1,NULL," -1",1,0,1,50
202000024689,10,2,2020,06:00:00,1,973,97302,2,1,1,2,"CATAYEE (JUSTIN)","4,9393864"," -52,3306060",202000024689,154 698 798,B01,1,1,0,2,4,13,5,NULL,202000024689,154 698 799,A01,1,1,4,1,1999,1,2,0,-1,-1," -1",-1,202000024689,4,"Rue justin catayée",0,NULL,1,1,0,1,(1),(1),1,NULL," -1",1,0,1,50
202000026526,5,7,2020,16:00:00,1,54,54528,2,9,1,7,"GEORGES CLEMENCEAU (AVENUE)","48,6796940","5,8791010",202000026526,154 695 583,A01,2,1,0,0,1,1,5,NULL,202000026526,154 695 583,A01,1,1,3,1,1955,5,8,0,-1,-1," -1",-1,202000026526,3,NULL,0,NULL,2,2,2,2,11,51,1,NULL," -1",1,0,5,50
202000027379,5,11,2020,17:02:00,2,01,01160,2,6,8,3,"Avenue du Jura","46,2595110","6,1110590",202000027379,154 694 116,B01,2,1,0,2,2,1,6,NULL,202000027379,154 694 113,A01,1,1,1,2,1965,1,1,-1,-1,0,0,-1,202000027379,3,1005,0,NULL,4,4,0,1,30,100,1,NULL," -1",1,8,1,50
202000027379,5,11,2020,17:02:00,2,01,01160,2,6,8,3,"Avenue du Jura","46,2595110","6,1110590",202000027379,154 694 116,B01,2,1,0,2,2,1,6,NULL,202000027379,154 694 116,B01,1,1,4,2,1993,1,0,-1,-1,0,0,-1,202000027379,3,1005,0,NULL,4,4,0,1,30,100,1,NULL," -1",1,8,1,50
202000030295,6,7,2020,15:30:00,1,01,01160,2,2,1,3,"50 Rue de Versoix","46,2577890","6,1141320",202000030295,154 689 010,A01,2,1,0,2,8,1,5,NULL,202000030295,154 689 010,A01,1,1,3,1,1941,5,8,-1,-1,0,0,-1,202000030295,3,1005,-1,NULL,2,2,0,1,30,410,1,NULL," -1",1,5,1,50
202000030295,6,7,2020,15:30:00,1,01,01160,2,2,1,3,"50 Rue de Versoix","46,2577890","6,1141320",202000030295,154 689 010,A01,2,1,0,2,8,1,5,NULL,202000030295,154 689 011,B01,1,1,3,1,1974,0,2,-1,-1,0,0,-1,202000030295,3,1005,-1,NULL,2,2,0,1,30,410,1,NULL," -1",1,5,1,50
202000031113,30,10,2020,21:10:00,5,59,59350,2,1,1,3,"VERHAEREN AVENUE","50,6191000","3,0323400",202000031113,154 687 655,B01,3,1,0,2,0,0,5,NULL,202000031113,154 687 655,B01,1,1,3,1,1974,0,8,0,-1,-1," -1",-1,202000031113,4,"VERHAEREN AVENUE",0,NULL,2,2,1,1,0,0,1,NULL," -1",1,0,1,30
202000031113,30,10,2020,21:10:00,5,59,59350,2,1,1,3,"VERHAEREN AVENUE","50,6191000","3,0323400",202000031113,154 687 655,B01,3,1,0,2,0,0,5,NULL,202000031113,154 687 656,A01,1,1,4,1,2001,0,8,0,-1,0,0,-1,202000031113,4,"VERHAEREN AVENUE",0,NULL,2,2,1,1,0,0,1,NULL," -1",1,0,1,30
202000031113,30,10,2020,21:10:00,5,59,59350,2,1,1,3,"VERHAEREN AVENUE","50,6191000","3,0323400",202000031113,154 687 655,B01,3,1,0,2,0,0,5,NULL,202000031113,154 687 656,A01,2,2,1,1,2001,0,8,0,-1,0,0,-1,202000031113,4,"VERHAEREN AVENUE",0,NULL,2,2,1,1,0,0,1,NULL," -1",1,0,1,30
202000031173,26,7,2020,19:20:00,1,75,75101,2,3,1,7,"RUE DE RIVOLI","48,8632120","2,3338010",202000031173,154 687 548,A01,2,1,0,0,0,21,5,NULL,202000031173,154 687 548,A01,1,1,4,1,1973,5,2,0,-1,0,0,-1,202000031173,4,NULL,0,NULL,2,5,1,1,0,0,1,NULL," -1",1,-1,5,50
202000031634,30,9,2020,13:40:00,1,75,75107,2,2,8,3,"QUAI D ORSAY","48,8624720","2,3104050",202000031634,154 686 766,B01,1,1,9,2,1,1,5,NULL,202000031634,154 686 766,B01,1,1,4,1,1998,9,8,0,-1,0,0,-1,202000031634,4,NULL,0,NULL,2,5,1,1,0,0,3,NULL," -1",1,-1,5,50
202000031634,30,9,2020,13:40:00,1,75,75107,2,2,8,3,"QUAI D ORSAY","48,8624720","2,3104050",202000031634,154 686 766,B01,1,1,9,2,1,1,5,NULL,202000031634,154 686 767,A01,2,2,1,2,1935,9,1,0,-1,0,0,-1,202000031634,4,NULL,0,NULL,2,5,1,1,0,0,3,NULL," -1",1,-1,5,50
202000031634,30,9,2020,13:40:00,1,75,75107,2,2,8,3,"QUAI D ORSAY","48,8624720","2,3104050",202000031634,154 686 766,B01,1,1,9,2,1,1,5,NULL,202000031634,154 686 767,A01,1,1,1,1,1933,9,1,0,-1,0,0,-1,202000031634,4,NULL,0,NULL,2,5,1,1,0,0,3,NULL," -1",1,-1,5,50
202000031725,29,9,2020,10:15:00,1,83,83069,1,1,1,3,"BORDS DU GAPEAU (CHEMIN DES)","43,1258900","6,1711100",202000031725,154 686 596,B01,0,1,0,2,1,1,0,NULL,202000031725,154 686 596,B01,1,1,4,1,1953,-1,0,-1,-1,-1," -1",-1,202000031725,4,NC,0,NULL,2,2,0,1,0,0,3,NULL," -1",1,0,1,50
202000031725,29,9,2020,10:15:00,1,83,83069,1,1,1,3,"BORDS DU GAPEAU (CHEMIN DES)","43,1258900","6,1711100",202000031725,154 686 596,B01,0,1,0,2,1,1,0,NULL,202000031725,154 686 597,A01,1,1,1,1,1955,-1,0,-1,-1,-1," -1",-1,202000031725,4,NC,0,NULL,2,2,0,1,0,0,3,NULL," -1",1,0,1,50
202000033019,29,10,2020,08:30:00,1,35,35238,2,3,2,3,"TOUR D'AUVERGNE (BD DE LA)","48,1044637"," -1,6843732",202000033019,154 684 409,B01,2,1,0,0,0,0,0,NULL,202000033019,154 684 409,B01,1,1,4,1,1993,9,2,0,-1,-1," -1",-1,202000033019,4,"TOUR D'AUVERGNE (BD DE LA)",0,NULL,1,2,1,1,0,0,1,NULL," -1",2,9,1,50
202000033019,29,10,2020,08:30:00,1,35,35238,2,3,2,3,"TOUR D'AUVERGNE (BD DE LA)","48,1044637"," -1,6843732",202000033019,154 684 409,B01,2,1,0,0,0,0,0,NULL,202000033019,154 684 410,A01,1,1,1,2,1965,9,1,0,-1,-1," -1",-1,202000033019,4,"TOUR D'AUVERGNE (BD DE LA)",0,NULL,1,2,1,1,0,0,1,NULL," -1",2,9,1,50
202000033708,31,5,2020,16:20:00,1,94,94028,2,1,1,3,"CLAVISIS.(RUE DES)","48,7806702","2,4715111",202000033708,154 683 187,B01,1,1,0,2,0,0,0,NULL,202000033708,154 683 186,A01,1,1,1,1,1985,0,8,0,-1,-1," -1",-1,202000033708,4,"CLAVISIS.(RUE DES)",0,NULL,1,1,0,1,0,0,1,NULL," -1",1,0,1,50
202000033708,31,5,2020,16:20:00,1,94,94028,2,1,1,3,"CLAVISIS.(RUE DES)","48,7806702","2,4715111",202000033708,154 683 187,B01,1,1,0,2,0,0,0,NULL,202000033708,154 683 187,B01,1,1,4,1,2010,0,8,0,-1,-1," -1",-1,202000033708,4,"CLAVISIS.(RUE DES)",0,NULL,1,1,0,1,0,0,1,NULL," -1",1,0,1,50
202000034501,2,9,2020,17:32:00,1,45,45147,2,2,1,1,"Rue André Dessaux","47,9340184","1,8962286",202000034501,154 681 794,B01,2,1,0,2,1,1,0,NULL,202000034501,154 681 794,B01,1,1,3,1,1956,5,2,6,-1,-1," -1",-1,202000034501,4,"DESSAUX (RUE ANDRE DESSAUX)",0,NULL,2,3,1,2,(1),(1),1,NULL," -1",1,5,1,50
202000034501,2,9,2020,17:32:00,1,45,45147,2,2,1,1,"Rue André Dessaux","47,9340184","1,8962286",202000034501,154 681 794,B01,2,1,0,2,1,1,0,NULL,202000034501,154 681 795,A01,1,1,1,1,2000,5,1,0,-1,-1," -1",-1,202000034501,4,"DESSAUX (RUE ANDRE DESSAUX)",0,NULL,2,3,1,2,(1),(1),1,NULL," -1",1,5,1,50
202000035020,28,9,2020,08:15:00,1,75,75111,2,3,2,3,"AVENUE DE LA REPUBLIQUE","48,8666450","2,3672900",202000035020,154 680 877,B01,2,1,0,2,1,1,5,NULL,202000035020,154 680 876,A01,1,1,1,1,1995,9,1,0,-1,0,0,-1,202000035020,4,NULL,0,NULL,2,4,1,1,0,0,1,NULL," -1",2,-1,5,30
202000035020,28,9,2020,08:15:00,1,75,75111,2,3,2,3,"AVENUE DE LA REPUBLIQUE","48,8666450","2,3672900",202000035020,154 680 877,B01,2,1,0,2,1,1,5,NULL,202000035020,154 680 877,B01,1,1,4,1,1964,9,8,0,-1,0,0,-1,202000035020,4,NULL,0,NULL,2,4,1,1,0,0,1,NULL," -1",2,-1,5,30
202000035100,29,7,2020,20:30:00,1,49,49007,2,1,1,6,"Avenue Pasteur","47,4770100"," -0,5317000",202000035100,154 680 734,A01,1,1,1,0,1,0,5,NULL,202000035100,154 680 734,A01,1,1,4,2,1958,5,8,0,-1,-1," -1",-1,202000035100,4,"PASTEUR AVENUE",0,NULL,2,2,0,1,(1),(1),1,NULL," -1",1,0,1,60
202000035839,12,1,2020,18:45:00,2,83,83115,1,1,1,2,NULL,"43,3137742","6,6636780",202000035839,154 679 409,B01,2,1,0,0,4,2,5,NULL,202000035839,154 679 408,A01,1,1,1,1,1981,5,1,-1,-1,0,0,-1,202000035839,3,559,-1,NULL,2,2,0,2,98,800,1,NULL," -1",1,0,1,70
202000035839,12,1,2020,18:45:00,2,83,83115,1,1,1,2,NULL,"43,3137742","6,6636780",202000035839,154 679 409,B01,2,1,0,0,4,2,5,NULL,202000035839,154 679 409,B01,1,1,2,1,1959,1,0,-1,-1,0,0,-1,202000035839,3,559,-1,NULL,2,2,0,2,98,800,1,NULL," -1",1,0,1,70
202000037153,30,7,2020,10:45:00,1,13,13005,2,3,1,3,"CD 2 (CAMP MAJOR)","43,2923800","5,5558200",202000037153,154 677 080,B01,1,1,0,2,1,1,5,NULL,202000037153,154 677 077,A01,1,1,1,2,1997,5,1,0,-1,-1," -1",-1,202000037153,4,"CD 2 (CAMP MAJOR)",0,NULL,2,2,0,1,0,0,1,NULL," -1",1,0,1,50
202000037153,30,7,2020,10:45:00,1,13,13005,2,3,1,3,"CD 2 (CAMP MAJOR)","43,2923800","5,5558200",202000037153,154 677 080,B01,1,1,0,2,1,1,5,NULL,202000037153,154 677 080,B01,1,1,4,1,1978,5,2,8,-1,-1," -1",-1,202000037153,4,"CD 2 (CAMP MAJOR)",0,NULL,2,2,0,1,0,0,1,NULL," -1",1,0,1,50
202000038816,8,1,2020,10:30:00,1,75,75113,2,3,8,3,"QUAI D AUSTERLITZ","48,8386640","2,3723550",202000038816,154 674 140,A01,1,1,0,2,1,1,5,NULL,202000038816,154 674 139,B01,1,1,1,1,1969,1,1,0,-1,0,0,-1,202000038816,4,NULL,0,NULL,2,3,1,1,0,0,1,NULL,"10,5",2,-1,5,50
202000038816,8,1,2020,10:30:00,1,75,75113,2,3,8,3,"QUAI D AUSTERLITZ","48,8386640","2,3723550",202000038816,154 674 140,A01,1,1,0,2,1,1,5,NULL,202000038816,154 674 140,A01,1,1,4,1,1981,5,8,2,-1,0,0,-1,202000038816,4,NULL,0,NULL,2,3,1,1,0,0,1,NULL,"10,5",2,-1,5,50
202000039404,28,7,2020,14:15:00,1,61,61001,2,6,1,3,"BASINGSTOKE (AVENUE DE)","48,4446100","0,0991310",202000039404,154 673 086,B01,2,1,0,2,8,1,5,NULL,202000039404,154 673 086,B01,1,1,4,2,1974,9,0,-1,-1,-1," -1",-1,202000039404,3,438,0,NULL,3,2,0,1,3,550,1,NULL," -1",1,5,1,50
202000039404,28,7,2020,14:15:00,1,61,61001,2,6,1,3,"BASINGSTOKE (AVENUE DE)","48,4446100","0,0991310",202000039404,154 673 086,B01,2,1,0,2,8,1,5,NULL,202000039404,154 673 087,A01,1,1,1,1,1991,9,1,-1,-1,-1," -1",-1,202000039404,3,438,0,NULL,3,2,0,1,3,550,1,NULL," -1",1,5,1,50
202000039737,25,9,2020,08:05:00,2,92,92064,2,1,2,7,"LOUIS LOUCHEUR","48,8601002","2,2133893",202000039737,154 672 521,A01,2,1,0,2,0,1,2,NULL,202000039737,154 672 521,A01,1,1,3,1,1970,1,2,4,-1,-1," -1",-1,202000039737,3,39,0,NULL,2,4,0,2,0,0,1,NULL," -1",2,0,1,50
202000040778,5,12,2020,10:50:00,1,75,75120,2,1,8,3,"RUE D AVRON","48,8522120","2,4033930",202000040778,154 670 680,B01,1,1,0,2,1,1,5,NULL,202000040778,154 670 678,A01,1,1,1,1,1980,1,1,0,-1,0,0,-1,202000040778,4,NULL,0,NULL,2,2,0,1,0,0,1,NULL," -1",1,0,1,50
202000040778,5,12,2020,10:50:00,1,75,75120,2,1,8,3,"RUE D AVRON","48,8522120","2,4033930",202000040778,154 670 680,B01,1,1,0,2,1,1,5,NULL,202000040778,154 670 680,B01,1,1,4,1,1967,5,2,0,-1,-1," -1",-1,202000040778,4,NULL,0,NULL,2,2,0,1,0,0,1,NULL," -1",1,0,1,50
202000040984,28,7,2020,18:10:00,1,94,94071,2,3,1,3,"18 R MAURICE BERTEAUX","48,7738160","2,5172720",202000040984,154 670 326,B01,1,1,0,2,7,19,5,NULL,202000040984,154 670 326,B01,1,1,4,1,2010,5,8,0,-1,-1," -1",-1,202000040984,3,206,0,NULL,2,2,0,2,0,1,1,NULL," -1",1,0,1,50
202000040984,28,7,2020,18:10:00,1,94,94071,2,3,1,3,"18 R MAURICE BERTEAUX","48,7738160","2,5172720",202000040984,154 670 326,B01,1,1,0,2,7,19,5,NULL,202000040984,154 670 332,A01,1,1,1,1,1950,4,1,0,-1,-1," -1",-1,202000040984,3,206,0,NULL,2,2,0,2,0,1,1,NULL," -1",1,0,1,50
202000041393,26,5,2020,20:20:00,1,31,31555,2,3,1,-1,"CHE DE LAPUJADE","43,6275800","1,4564000",202000041393,154 669 598,A01,1,1,0,2,1,1,5,NULL,202000041393,154 669 598,A01,1,1,4,1,1998,0,8,0,-1,-1," -1",-1,202000041393,4,"CHE DE LAPUJADE",0,NULL,2,2,0,1,0,0,1,NULL," -1",1,0,1,50
202000041393,26,5,2020,20:20:00,1,31,31555,2,3,1,-1,"CHE DE LAPUJADE","43,6275800","1,4564000",202000041393,154 669 598,A01,1,1,0,2,1,1,5,NULL,202000041393,154 669 599,B01,1,1,1,2,1991,0,1,0,-1,-1," -1",-1,202000041393,4,"CHE DE LAPUJADE",0,NULL,2,2,0,1,0,0,1,NULL," -1",1,0,1,50
202000042127,26,8,2020,13:55:00,1,54,54526,2,2,1,3,"DANTON (RUE)","48,6756631","6,2189450",202000042127,154 668 285,B01,2,1,0,2,1,1,5,NULL,202000042127,154 668 284,A01,1,1,1,1,1977,0,1,0,-1,0,0,-1,202000042127,4,NULL,0,NULL,2,2,0,2,(1),(1),1,NULL," -1",1,0,1,30
202000042127,26,8,2020,13:55:00,1,54,54526,2,2,1,3,"DANTON (RUE)","48,6756631","6,2189450",202000042127,154 668 285,B01,2,1,0,2,1,1,5,NULL,202000042127,154 668 285,B01,1,1,4,1,2006,0,8,0,-1,-1," -1",-1,202000042127,4,NULL,0,NULL,2,2,0,2,(1),(1),1,NULL," -1",1,0,1,30
202000042467,27,7,2020,10:00:00,1,92,92064,2,9,1,7,CARNOT,"48,8459580","2,2232516",202000042467,154 667 652,A01,3,1,0,2,0,21,5,NULL,202000042467,154 667 652,A01,1,1,4,1,1984,1,8,0,-1,-1," -1",-1,202000042467,3,"CARNOT (QUAI)",0,NULL,1,3,0,1,0,0,1,NULL," -1",1,9,1,50
202000042893,23,9,2020,19:15:00,1,22,22093,2,6,1,3,"Rue du Bout du Val","48,4729840"," -2,5035700",202000042893,154 666 900,B01,3,1,0,2,5,1,5,NULL,202000042893,154 666 898,A01,1,1,1,2,1984,3,1,-1,-1,0,0,-1,202000042893,4,NULL,-1,NULL,1,1,0,4,(1),(1),2,NULL," -1",1,0,1,50
202000042893,23,9,2020,19:15:00,1,22,22093,2,6,1,3,"Rue du Bout du Val","48,4729840"," -2,5035700",202000042893,154 666 900,B01,3,1,0,2,5,1,5,NULL,202000042893,154 666 900,B01,1,1,3,1,1969,5,2,-1,-1,0,0,-1,202000042893,4,NULL,-1,NULL,1,1,0,4,(1),(1),2,NULL," -1",1,0,1,50
202000043012,6,2,2020,08:15:00,1,45,45234,2,2,1,3,"Rue aux Ligneaux - R A Viger","47,9060663","1,9358110",202000043012,154 666 676,B01,2,1,0,2,7,5,5,NULL,202000043012,154 666 675,A01,1,1,1,2,1973,1,1,8,-1,0,0,-1,202000043012,4,"RUE AUX LIGNEAUX",0,NULL,2,2,0,1,(1),(1),1,NULL," -1",1,0,1,50
202000043012,6,2,2020,08:15:00,1,45,45234,2,2,1,3,"Rue aux Ligneaux - R A Viger","47,9060663","1,9358110",202000043012,154 666 676,B01,2,1,0,2,7,5,5,NULL,202000043012,154 666 676,B01,1,1,4,2,2001,2,8,0,-1,0,0,-1,202000043012,4,"RUE AUX LIGNEAUX",0,NULL,2,2,0,1,(1),(1),1,NULL," -1",1,0,1,50
202000043325,25,5,2020,08:10:00,1,38,38140,2,3,1,3,"Avenue Ambroise Croizat","45,2712400","5,8902500",202000043325,154 666 106,B01,3,1,0,2,2,1,5,NULL,202000043325,154 666 105,A01,1,1,1,2,1954,0,1,-1,-1,0,0,-1,202000043325,4,NULL,-1,NULL,1,2,1,1,(1),(1),1,NULL,4,1,0,5,50
202000043325,25,5,2020,08:10:00,1,38,38140,2,3,1,3,"Avenue Ambroise Croizat","45,2712400","5,8902500",202000043325,154 666 106,B01,3,1,0,2,2,1,5,NULL,202000043325,154 666 106,B01,1,1,3,1,1950,3,0,-1,-1,0,0,-1,202000043325,4,NULL,-1,NULL,1,2,1,1,(1),(1),1,NULL,4,1,0,5,50
202000044705,5,2,2020,07:25:00,2,35,35238,2,3,1,1,"CHATILLON (DE)","48,1015200"," -1,6725600",202000044705,154 663 624,B01,1,1,0,2,3,1,5,NULL,202000044705,154 663 622,A01,1,1,1,1,1964,4,1,0,-1,-1," -1",-1,202000044705,4,"CHATILLON (DE)",0,NULL,1,1,1,3,0,0,1,NULL," -1",1,0,1,30
202000044705,5,2,2020,07:25:00,2,35,35238,2,3,1,1,"CHATILLON (DE)","48,1015200"," -1,6725600",202000044705,154 663 624,B01,1,1,0,2,3,1,5,NULL,202000044705,154 663 624,B01,1,1,4,1,1988,1,2,0,-1,-1," -1",-1,202000044705,4,"CHATILLON (DE)",0,NULL,1,1,1,3,0,0,1,NULL," -1",1,0,1,30
202000045001,22,10,2020,16:40:00,1,29,29076,2,3,1,3,"D38 - Rue du General de Gaulle","48,4664500"," -4,5667659",202000045001,154 663 142,A01,2,1,0,2,1,1,5,NULL,202000045001,154 663 142,A01,1,1,4,2,1961,5,2,-1,-1,0,0,-1,202000045001,3,38,0,NULL,2,2,0,1,17,100,1,NULL," -1",1,0,1,50
202000045001,22,10,2020,16:40:00,1,29,29076,2,3,1,3,"D38 - Rue du General de Gaulle","48,4664500"," -4,5667659",202000045001,154 663 142,A01,2,1,0,2,1,1,5,NULL,202000045001,154 663 144,B01,1,1,1,1,1999,4,8,-1,-1,0,0,-1,202000045001,3,38,0,NULL,2,2,0,1,17,100,1,NULL," -1",1,0,1,50
202000045545,23,7,2020,11:45:00,1,36,36055,1,1,7,3,Maubert,"46,9296674","1,2154053",202000045545,154 662 220,B01,2,1,0,2,8,2,5,NULL,202000045545,154 662 220,B01,1,1,3,1,1959,5,2,-1,-1,0,0,-1,202000045545,3,18,0,NULL,2,2,0,1,9,135,1,NULL," -1",1,0,1,80
202000045545,23,7,2020,11:45:00,1,36,36055,1,1,7,3,Maubert,"46,9296674","1,2154053",202000045545,154 662 220,B01,2,1,0,2,8,2,5,NULL,202000045545,154 662 221,A01,1,1,1,1,1946,5,1,-1,-1,0,0,-1,202000045545,3,18,0,NULL,2,2,0,1,9,135,1,NULL," -1",1,0,1,80
202000046103,8,3,2020,14:30:00,1,75,75111,2,2,1,-1,"AVENUE LEDRU ROLLIN","48,8557060","2,3787170",202000046103,154 661 242,B01,1,1,0,2,7,1,5,NULL,202000046103,154 661 241,A01,1,1,1,1,1985,9,8,0,-1,0,0,-1,202000046103,4,NULL,0,NULL,2,2,0,1,0,0,1,NULL," -1",2,0,1,50
202000046103,8,3,2020,14:30:00,1,75,75111,2,2,1,-1,"AVENUE LEDRU ROLLIN","48,8557060","2,3787170",202000046103,154 661 242,B01,1,1,0,2,7,1,5,NULL,202000046103,154 661 242,B01,1,1,4,2,1972,9,8,0,-1,0,0,-1,202000046103,4,NULL,0,NULL,2,2,0,1,0,0,1,NULL," -1",2,0,1,50
202000009169,15,9,2020,01:15:00,5,75,75118,2,2,1,3,"BOULEVARD BARBES","48,8910660","2,3495960",202000009169,154 726 120,A01,1,1,0,2,0,15,5,NULL,202000009169,154 726 120,A01,1,1,4,2,1994,9,2,0,-1,0,0,-1,202000009169,4,NULL,0,NULL,2,6,0,1,0,0,1,NULL," -1",1,0,1,50
202000009169,15,9,2020,01:15:00,5,75,75118,2,2,1,3,"BOULEVARD BARBES","48,8910660","2,3495960",202000009169,154 726 120,A01,1,1,0,2,0,15,5,NULL,202000009169,154 726 121,Z01,1,1,1,1,1991,9,1,0,-1,0,0,-1,202000009169,4,NULL,0,NULL,2,6,0,1,0,0,1,NULL," -1",1,0,1,50
202000009486,19,7,2020,13:30:00,1,74,74058,2,1,1,-1,D22,"46,2956390","6,7815710",202000009486,154 725 578,B01,2,1,0,5,8,1,5,NULL,202000009486,154 725 577,A01,1,1,3,1,1963,5,2,-1,-1,0,0,-1,202000009486,3,22,-1,NULL,2,2,0,1,43,706,1,NULL," -1",1,0,1,50
202000009486,19,7,2020,13:30:00,1,74,74058,2,1,1,-1,D22,"46,2956390","6,7815710",202000009486,154 725 577,A01,2,1,0,1,8,1,5,NULL,202000009486,154 725 577,A01,1,1,3,1,1963,5,2,-1,-1,0,0,-1,202000009486,3,22,-1,NULL,2,2,0,1,43,706,1,NULL," -1",1,0,1,50
202000009486,19,7,2020,13:30:00,1,74,74058,2,1,1,-1,D22,"46,2956390","6,7815710",202000009486,154 725 578,B01,2,1,0,5,8,1,5,NULL,202000009486,154 725 577,A01,10,3,1,2,1973,5,0,-1,-1,5,6,2,202000009486,3,22,-1,NULL,2,2,0,1,43,706,1,NULL," -1",1,0,1,50
202000009486,19,7,2020,13:30:00,1,74,74058,2,1,1,-1,D22,"46,2956390","6,7815710",202000009486,154 725 577,A01,2,1,0,1,8,1,5,NULL,202000009486,154 725 577,A01,10,3,1,2,1973,5,0,-1,-1,5,6,2,202000009486,3,22,-1,NULL,2,2,0,1,43,706,1,NULL," -1",1,0,1,50
202000009486,19,7,2020,13:30:00,1,74,74058,2,1,1,-1,D22,"46,2956390","6,7815710",202000009486,154 725 578,B01,2,1,0,5,8,1,5,NULL,202000009486,154 725 578,B01,1,1,1,1,1970,5,2,-1,-1,0,0,-1,202000009486,3,22,-1,NULL,2,2,0,1,43,706,1,NULL," -1",1,0,1,50
202000009486,19,7,2020,13:30:00,1,74,74058,2,1,1,-1,D22,"46,2956390","6,7815710",202000009486,154 725 577,A01,2,1,0,1,8,1,5,NULL,202000009486,154 725 578,B01,1,1,1,1,1970,5,2,-1,-1,0,0,-1,202000009486,3,22,-1,NULL,2,2,0,1,43,706,1,NULL," -1",1,0,1,50
202000009878,12,10,2020,13:10:00,1,31,31555,2,1,1,3,A62,"43,6453000","1,4689900",202000009878,154 724 876,A01,1,1,0,2,8,1,5,NULL,202000009878,154 724 876,A01,1,1,3,1,1946,0,2,0,-1,-1," -1",-1,202000009878,1,62,0,NULL,1,3,0,1,228,933,1,NULL," -1",1,0,1,50
202000009878,12,10,2020,13:10:00,1,31,31555,2,1,1,3,A62,"43,6453000","1,4689900",202000009878,154 724 876,A01,1,1,0,2,8,1,5,NULL,202000009878,154 724 877,B01,1,1,1,2,1954,0,1,0,-1,-1," -1",-1,202000009878,1,62,0,NULL,1,3,0,1,228,933,1,NULL," -1",1,0,1,50