Num_Acc,jour,mois,an,hrmn,lum,dep,com,agg,int,atm,col,adr,lat,long,Num_Acc,id_vehicule,num_veh,senc,catv,obs,obsm,choc,manv,motor,occutc,Num_Acc,id_vehicule,num_veh,place,catu,grav,sexe,an_nais,trajet,secu1,secu2,secu3,locp,actp,etatp,Num_Acc,catr,voie,v1,v2,circ,nbv,vosp,prof,pr,pr1,plan,lartpc,larrout,surf,infra,situ,vma
202000010096,18,8,2020,09:10:00,1,31,31555,2,1,1,3,"AV PAUL SEJOURNE","43,6081700","1,4283200",202000010096,154 724 491,B01,1,1,0,2,8,1,5,NULL,202000010096,154 724 491,B01,1,1,4,1,1986,0,8,0,-1,-1," -1",-1,202000010096,4,"AV PAUL SEJOURNE",0,NULL,2,5,0,1,0,0,1,NULL," -1",1,0,1,50
202000010128,16,8,2020,14:00:00,1,75,75116,2,2,1,3,"AVENUE DE LA GRANDE ARMEE","48,8744240","2,2930070",202000010128,154 724 433,A01,1,1,0,2,2,19,5,NULL,202000010128,154 724 432,B01,1,1,1,1,1982,5,1,0,-1,0,0,-1,202000010128,4,NULL,0,NULL,3,4,0,1,0,0,1,NULL," -1",1,0,1,50
202000010128,16,8,2020,14:00:00,1,75,75116,2,2,1,3,"AVENUE DE LA GRANDE ARMEE","48,8744240","2,2930070",202000010128,154 724 433,A01,1,1,0,2,2,19,5,NULL,202000010128,154 724 432,B01,2,2,1,1,1984,5,1,0,-1,0,0,-1,202000010128,4,NULL,0,NULL,3,4,0,1,0,0,1,NULL," -1",1,0,1,50
202000010128,16,8,2020,14:00:00,1,75,75116,2,2,1,3,"AVENUE DE LA GRANDE ARMEE","48,8744240","2,2930070",202000010128,154 724 433,A01,1,1,0,2,2,19,5,NULL,202000010128,154 724 433,A01,1,1,4,2,1988,5,2,0,-1,0,0,-1,202000010128,4,NULL,0,NULL,3,4,0,1,0,0,1,NULL," -1",1,0,1,50
202000010983,28,1,2020,19:02:00,5,75,75108,2,7,2,3,"PLACE CHARLES DE GAULLE","48,8732580","2,2956170",202000010983,154 722 959,B01,3,1,0,2,2,9,5,NULL,202000010983,154 722 958,A01,1,1,1,1,1970,4,1,0,-1,0,0,-1,202000010983,4,"PLACE CHARLES DE GAULLE",0,NULL,1,4,0,1,0,0,1,NULL,12,2,0,1,50
202000010983,28,1,2020,19:02:00,5,75,75108,2,7,2,3,"PLACE CHARLES DE GAULLE","48,8732580","2,2956170",202000010983,154 722 959,B01,3,1,0,2,2,9,5,NULL,202000010983,154 722 959,B01,1,1,4,1,1975,9,8,0,-1,0,0,-1,202000010983,4,"PLACE CHARLES DE GAULLE",0,NULL,1,4,0,1,0,0,1,NULL,12,2,0,1,50
202000011500,17,7,2020,08:45:00,1,92,92012,2,1,1,3,"SEVRES (RUE DE) 1/55 - 2/40","48,8388998","2,2283055",202000011500,154 722 015,B01,2,1,1,0,1,1,0,NULL,202000011500,154 722 015,B01,1,1,4,2,1969,0,8,0,-1,-1," -1",-1,202000011500,4,"SEVRES (RUE DE) 1/55 - 2/40",0,NULL,2,2,0,1,0,0,1,NULL," -1",1,0,1,50
202000011500,17,7,2020,08:45:00,1,92,92012,2,1,1,3,"SEVRES (RUE DE) 1/55 - 2/40","48,8388998","2,2283055",202000011500,154 722 015,B01,2,1,1,0,1,1,0,NULL,202000011500,154 722 016,A01,1,1,4,1,1992,4,1,0,-1,-1," -1",-1,202000011500,4,"SEVRES (RUE DE) 1/55 - 2/40",0,NULL,2,2,0,1,0,0,1,NULL," -1",1,0,1,50
202000012988,29,2,2020,14:10:00,1,95,95151,1,1,6,2,"RD 3 ","49,0582646","2,2773966",202000012988,154 719 452,B01,1,1,0,2,4,1,5,NULL,202000012988,154 719 451,A01,1,1,1,1,1997,4,1,-1,-1,0,0,-1,202000012988,3,3,-1,NULL,2,2,0,2,4,0,1,NULL," -1",1,0,1,70
202000012988,29,2,2020,14:10:00,1,95,95151,1,1,6,2,"RD 3 ","49,0582646","2,2773966",202000012988,154 719 452,B01,1,1,0,2,4,1,5,NULL,202000012988,154 719 452,B01,1,1,3,2,1981,5,2,-1,-1,0,0,-1,202000012988,3,3,-1,NULL,2,2,0,2,4,0,1,NULL," -1",1,0,1,70
202000014039,11,10,2020,08:50:00,2,02,02820,1,6,1,3,"Rue de l'Ecluse","49,6336460","3,2655570",202000014039,154 717 600,B01,0,1,0,2,1,1,5,NULL,202000014039,154 717 600,B01,1,1,4,1,1961,5,2,-1,-1,0,0,-1,202000014039,3,1032,0,D,2,1,0,1,11,650,1,NULL," -1",2,0,1,80
202000014039,11,10,2020,08:50:00,2,02,02820,1,6,1,3,"Rue de l'Ecluse","49,6336460","3,2655570",202000014039,154 717 600,B01,0,1,0,2,1,1,5,NULL,202000014039,154 717 601,A01,1,1,1,1,1971,5,1,-1,-1,0,0,-1,202000014039,3,1032,0,D,2,1,0,1,11,650,1,NULL," -1",2,0,1,80
202000015078,13,7,2020,20:30:00,1,59,59599,2,3,1,3,"POMPIDOU (AVENUE GEORGES)","50,7175300","3,1566500",202000015078,154 715 773,B01,1,1,0,2,0,19,0,NULL,202000015078,154 715 772,A01,1,1,1,1,1961,0,1,0,-1,-1," -1",-1,202000015078,4,"AVENUE GEORGES POMPIDOU ",0,NULL,1,2,1,1,(1),(1),1,NULL," -1",1,9,5,50
202000015078,13,7,2020,20:30:00,1,59,59599,2,3,1,3,"POMPIDOU (AVENUE GEORGES)","50,7175300","3,1566500",202000015078,154 715 773,B01,1,1,0,2,0,19,0,NULL,202000015078,154 715 773,B01,1,1,4,1,1997,0,8,0,-1,-1," -1",-1,202000015078,4,"AVENUE GEORGES POMPIDOU ",0,NULL,1,2,1,1,(1),(1),1,NULL," -1",1,9,5,50
202000015535,13,6,2020,02:20:00,5,75,75119,2,1,1,2,"RUE LOUISE THULIEZ","48,8775590","2,3947940",202000015535,154 714 964,A01,1,1,0,2,8,2,5,NULL,202000015535,154 714 964,A01,1,1,3,2,1981,9,2,0,-1,0,0,-1,202000015535,4,NULL,0,NULL,2,3,1,1,(1),0,1,NULL," -1",1,-1,5,50
202000016215,17,11,2020,07:45:00,2,65,65433,2,3,1,3,"THOREZ (RUE MAURICE)","43,2112810","0,1003280",202000016215,154 713 725,B01,2,1,0,2,8,15,5,NULL,202000016215,154 713 724,A01,1,1,1,1,1984,4,1,0,-1,0,0,-1,202000016215,4,"Rue Maurice THOREZ",0,NULL,2,2,0,1,(1),(1),1,NULL," -1",1,0,1,50
202000016215,17,11,2020,07:45:00,2,65,65433,2,3,1,3,"THOREZ (RUE MAURICE)","43,2112810","0,1003280",202000016215,154 713 725,B01,2,1,0,2,8,15,5,NULL,202000016215,154 713 725,B01,1,1,4,1,1967,1,8,-1,-1,0,0,-1,202000016215,4,"Rue Maurice THOREZ",0,NULL,2,2,0,1,(1),(1),1,NULL," -1",1,0,1,50
202000016646,22,1,2020,18:24:00,5,49,49007,2,1,1,3,TREILLE,"47,4619600"," -0,5291200",202000016646,154 712 973,B01,1,1,0,2,1,0,5,NULL,202000016646,154 712 972,A01,1,1,1,2,1997,5,1,-1,-1,-1," -1",-1,202000016646,4,TREILLE,0,NULL,2,2,0,1,0,0,1,NULL," -1",1,0,1,60
202000016646,22,1,2020,18:24:00,5,49,49007,2,1,1,3,TREILLE,"47,4619600"," -0,5291200",202000016646,154 712 973,B01,1,1,0,2,1,0,5,NULL,202000016646,154 712 973,B01,1,1,4,2,1970,5,2,-1,-1,-1," -1",-1,202000016646,4,TREILLE,0,NULL,2,2,0,1,0,0,1,NULL," -1",1,0,1,60
202000018586,22,1,2020,09:30:00,1,75,75107,2,3,1,1,"QUAI D ORSAY","48,8626609","2,3190755",202000018586,154 709 559,A01,1,1,0,2,0,17,5,NULL,202000018586,154 709 558,B01,1,1,4,2,1988,1,8,2,-1,0,0,-1,202000018586,4,NULL,0,NULL,2,6,1,1,0,0,1,NULL,18,1,-1,5,50
202000018586,22,1,2020,09:30:00,1,75,75107,2,3,1,1,"QUAI D ORSAY","48,8626609","2,3190755",202000018586,154 709 559,A01,1,1,0,2,0,17,5,NULL,202000018586,154 709 559,A01,1,1,1,1,1988,1,8,2,-1,0,0,-1,202000018586,4,NULL,0,NULL,2,6,1,1,0,0,1,NULL,18,1,-1,5,50
202000019194,11,9,2020,21:45:00,3,31,31232,2,1,1,2,"Avenue de Guiraudis","43,7703110","1,2837160",202000019194,154 708 470,A01,2,1,0,0,4,2,5,NULL,202000019194,154 708 469,B01,1,1,1,1,1989,5,8,-1,-1,0,0,-1,202000019194,3,29,-1,NULL,2,2,0,1,22,900,1,NULL," -1",1,0,1,50
202000019194,11,9,2020,21:45:00,3,31,31232,2,1,1,2,"Avenue de Guiraudis","43,7703110","1,2837160",202000019194,154 708 470,A01,2,1,0,0,4,2,5,NULL,202000019194,154 708 470,A01,1,1,4,1,2002,5,0,-1,-1,0,0,-1,202000019194,3,29,-1,NULL,2,2,0,1,22,900,1,NULL," -1",1,0,1,50
202000019582,10,8,2020,05:30:00,3,77,77438,1,6,8,3,"RENE CASSIN (RUE) - D10P","48,8612000","2,6685000",202000019582,154 707 740,A01,3,1,14,2,8,14,5,NULL,202000019582,154 707 740,A01,1,1,4,1,1974,5,8,4,-1,-1," -1",-1,202000019582,1,104,-1,NULL,2,2,-1,1,(1),(1),1,NULL," -1",2,3,1,-1
202000019811,5,10,2020,07:35:00,5,65,65440,2,6,1,2,"ROND-POINT ALSTOM","43,2228600","0,0915900",202000019811,154 707 347,B01,2,1,0,2,4,1,0,NULL,202000019811,154 707 347,B01,1,1,4,1,1978,1,2,4,-1,-1," -1",-1,202000019811,2,"ROND-POINT ALSTOM",0,NULL,1,4,0,1,21,700,2,NULL," -1",1,5,1,50
202000019811,5,10,2020,07:35:00,5,65,65440,2,6,1,2,"ROND-POINT ALSTOM","43,2228600","0,0915900",202000019811,154 707 347,B01,2,1,0,2,4,1,0,NULL,202000019811,154 707 348,A01,1,1,1,1,1953,3,1,0,-1,-1," -1",-1,202000019811,2,"ROND-POINT ALSTOM",0,NULL,1,4,0,1,21,700,2,NULL," -1",1,5,1,50
202000020595,9,7,2020,12:25:00,1,74,74133,2,2,1,3,"VIGNES (RUE DES)","46,1886000","6,2156400",202000020595,154 706 001,B01,1,1,0,2,1,1,5,NULL,202000020595,154 706 001,B01,1,1,4,1,1961,0,8,0,-1,-1," -1",-1,202000020595,3,"CHATELET (RUE DU)",0,NULL,2,2,0,1,56,50,1,NULL," -1",1,0,1,50
202000020595,9,7,2020,12:25:00,1,74,74133,2,2,1,3,"VIGNES (RUE DES)","46,1886000","6,2156400",202000020595,154 706 001,B01,1,1,0,2,1,1,5,NULL,202000020595,154 706 002,A01,1,1,1,2,1994,0,1,0,-1,-1," -1",-1,202000020595,3,"CHATELET (RUE DU)",0,NULL,2,2,0,1,56,50,1,NULL," -1",1,0,1,50
202000020716,10,7,2020,08:25:00,1,69,69387,2,1,1,3,"FELIX FAURE                         (AV)","45,7522532","4,8478525",202000020716,154 705 788,B01,1,1,0,2,4,25,0,NULL,202000020716,154 705 788,B01,1,1,4,1,2002,0,8,0,-1,-1," -1",-1,202000020716,4,"FELIX FAURE                         (AV)",0,NULL,2,3,1,1,0,0,1,NULL," -1",1,0,4,30
202000021288,9,6,2020,19:25:00,1,14,14181,2,1,1,2,"ROTHLEIN (ROND POINT DE)","49,1500400"," -0,3233000",202000021288,154 704 754,A01,1,1,0,2,1,1,5,NULL,202000021288,154 704 753,B01,1,1,1,2,1984,5,1,0,-1,0,0,-1,202000021288,4,"ROTHLEIN (ROND POINT DE)",0,NULL,1,1,0,1,1,0,1,NULL," -1",1,5,1,50
202000021288,9,6,2020,19:25:00,1,14,14181,2,1,1,2,"ROTHLEIN (ROND POINT DE)","49,1500400"," -0,3233000",202000021288,154 704 754,A01,1,1,0,2,1,1,5,NULL,202000021288,154 704 754,A01,1,1,4,1,1974,1,8,0,-1,0,0,-1,202000021288,4,"ROTHLEIN (ROND POINT DE)",0,NULL,1,1,0,1,1,0,1,NULL," -1",1,5,1,50
202000021776,13,11,2020,10:45:00,1,60,60395,2,6,2,7,"Boulevard de l'Esches","49,2147340","2,1476820",202000021776,154 703 900,A01,0,1,0,0,0,1,5,NULL,202000021776,154 703 900,A01,1,1,3,1,1949,5,0,-1,-1,0,0,-1,202000021776,3,609,0,NULL,4,1,0,1,11,900,2,NULL," -1",2,0,1,50
202000023032,8,9,2020,17:55:00,2,75,75120,2,2,1,1,"RUE DES COURONNES","48,8702100","2,3844500",202000023032,154 701 701,A01,1,1,0,2,1,13,5,NULL,202000023032,154 701 700,B01,1,1,1,1,1984,1,1,0,-1,0,0,-1,202000023032,4,NULL,0,NULL,2,2,0,2,0,0,1,NULL," -1",1,0,1,30
202000023032,8,9,2020,17:55:00,2,75,75120,2,2,1,1,"RUE DES COURONNES","48,8702100","2,3844500",202000023032,154 701 701,A01,1,1,0,2,1,13,5,NULL,202000023032,154 701 701,A01,1,1,4,1,2002,9,2,0,-1,0,0,-1,202000023032,4,NULL,0,NULL,2,2,0,2,0,0,1,NULL," -1",1,0,1,30
202000024274,18,1,2020,14:15:00,1,72,72154,2,6,1,3,"rond-point des médaillées miliatires","47,6935470"," -0,0650730",202000024274,154 699 559,B01,1,1,0,2,7,0,5,NULL,202000024274,154 699 558,A01,1,1,1,2,1944,5,1,-1,-1,0,0,-1,202000024274,3,323,0,A,-1,1,0,1,92,500,2,NULL," -1",1,0,1,50
202000024274,18,1,2020,14:15:00,1,72,72154,2,6,1,3,"rond-point des médaillées miliatires","47,6935470"," -0,0650730",202000024274,154 699 559,B01,1,1,0,2,7,0,5,NULL,202000024274,154 699 559,B01,1,1,4,1,1948,0,0,-1,-1,0,0,-1,202000024274,3,323,0,A,-1,1,0,1,92,500,2,NULL," -1",1,0,1,50
202000024341,18,1,2020,18:30:00,5,75,75117,2,2,1,6,"AVENUE DE CLICHY","48,8891101","2,3227340",202000024341,154 699 429,A01,1,1,0,1,1,1,5,NULL,202000024341,154 699 429,A01,10,3,4,2,1996,1,0,-1,-1,4,3,2,202000024341,4,NULL,0,NULL,2,2,0,2,0,0,1,NULL,4,1,0,1,30
202000024341,18,1,2020,18:30:00,5,75,75117,2,2,1,6,"AVENUE DE CLICHY","48,8891101","2,3227340",202000024341,154 699 429,A01,1,1,0,1,1,1,5,NULL,202000024341,154 699 429,A01,1,1,1,1,1991,1,8,2,-1,0,0,-1,202000024341,4,NULL,0,NULL,2,2,0,2,0,0,1,NULL,4,1,0,1,30
202000026391,7,7,2020,21:15:00,1,75,75115,2,2,1,3,"BOULEVARD DE GRENELLE","48,8491440","2,2980440",202000026391,154 695 822,B01,2,1,0,2,8,1,5,NULL,202000026391,154 695 822,B01,1,1,3,1,1969,9,8,0,-1,0,0,-1,202000026391,4,NULL,0,NULL,1,1,1,1,0,0,1,NULL," -1",1,0,1,50
202000026391,7,7,2020,21:15:00,1,75,75115,2,2,1,3,"BOULEVARD DE GRENELLE","48,8491440","2,2980440",202000026391,154 695 822,B01,2,1,0,2,8,1,5,NULL,202000026391,154 695 823,A01,1,1,1,1,1946,5,1,0,-1,0,0,-1,202000026391,4,NULL,0,NULL,1,1,1,1,0,0,1,NULL," -1",1,0,1,50
202000027259,8,4,2020,12:00:00,1,31,31555,2,1,2,3,"RUE DU FAUBOURG BONNEFOY","43,6160236","1,4531650",202000027259,154 694 314,B01,1,1,0,2,8,1,5,NULL,202000027259,154 694 314,B01,1,1,4,2,1972,9,2,0,-1,-1," -1",-1,202000027259,3,188,0,NULL,2,2,0,1,0,301,1,NULL," -1",2,0,1,50
202000027259,8,4,2020,12:00:00,1,31,31555,2,1,2,3,"RUE DU FAUBOURG BONNEFOY","43,6160236","1,4531650",202000027259,154 694 314,B01,1,1,0,2,8,1,5,NULL,202000027259,154 694 315,A01,1,1,1,1,1969,9,1,8,-1,-1," -1",-1,202000027259,3,188,0,NULL,2,2,0,1,0,301,1,NULL," -1",2,0,1,50
202000027479,1,10,2020,16:35:00,1,35,35238,2,1,2,6,"CHATEAUBRIAND (QUAI)","48,1102800"," -1,6762400",202000027479,154 693 942,A01,3,1,0,1,3,19,5,NULL,202000027479,154 693 942,A01,1,1,1,2,1988,1,8,0,-1,-1," -1",-1,202000027479,4,"CHATEAUBRIAND (QUAI)",0,NULL,1,1,2,1,0,0,1,NULL," -1",2,0,5,30
202000027479,1,10,2020,16:35:00,1,35,35238,2,1,2,6,"CHATEAUBRIAND (QUAI)","48,1102800"," -1,6762400",202000027479,154 693 942,A01,3,1,0,1,3,19,5,NULL,202000027479,154 693 942,A01,10,3,4,2,1964,1,0,-1,-1,3,3,1,202000027479,4,"CHATEAUBRIAND (QUAI)",0,NULL,1,1,2,1,0,0,1,NULL," -1",2,0,5,30
202000028302,7,7,2020,16:05:00,1,75,75113,2,2,1,6,"BOULEVARD MASSENA","48,8241720","2,3768070",202000028302,154 692 490,A01,2,1,0,1,1,1,5,NULL,202000028302,154 692 490,A01,1,1,1,1,1993,1,8,0,-1,0,0,-1,202000028302,4,NULL,0,NULL,1,2,1,2,0,0,1,NULL," -1",1,-1,5,50
202000028302,7,7,2020,16:05:00,1,75,75113,2,2,1,6,"BOULEVARD MASSENA","48,8241720","2,3768070",202000028302,154 692 490,A01,2,1,0,1,1,1,5,NULL,202000028302,154 692 490,A01,10,3,4,1,1963,5,0,-1,-1,2,3,1,202000028302,4,NULL,0,NULL,1,2,1,2,0,0,1,NULL," -1",1,-1,5,50
202000028691,5,9,2020,03:05:00,5,69,69382,2,2,1,3,"JULES COURMONT                      (QU)","45,7601542","4,8379188",202000028691,154 691 787,A01,3,1,0,2,7,19,5,NULL,202000028691,154 691 786,B01,1,1,1,1,1995,5,1,0,-1,-1," -1",-1,202000028691,4,"JULES COURMONT                      (QU)",0,NULL,3,4,0,1,(1),(1),1,NULL," -1",1,5,1,50
202000028691,5,9,2020,03:05:00,5,69,69382,2,2,1,3,"JULES COURMONT                      (QU)","45,7601542","4,8379188",202000028691,154 691 787,A01,3,1,0,2,7,19,5,NULL,202000028691,154 691 787,A01,1,1,4,1,1996,5,8,0,-1,-1," -1",-1,202000028691,4,"JULES COURMONT                      (QU)",0,NULL,3,4,0,1,(1),(1),1,NULL," -1",1,5,1,50
202000028850,3,9,2020,08:27:00,1,87,87085,2,1,1,2,"BUXEROLLES (RUE DE)","45,8686600","1,2603000",202000028850,154 691 510,B01,1,1,0,2,4,1,5,NULL,202000028850,154 691 509,A01,1,1,1,2,1982,1,1,0,-1,-1," -1",-1,202000028850,4,"BUXEROLLES (RUE DE)",0,NULL,2,2,0,1,(1),(1),1,NULL," -1",1,0,1,50
202000028850,3,9,2020,08:27:00,1,87,87085,2,1,1,2,"BUXEROLLES (RUE DE)","45,8686600","1,2603000",202000028850,154 691 510,B01,1,1,0,2,4,1,5,NULL,202000028850,154 691 510,B01,1,1,3,2,1979,1,2,0,-1,-1," -1",-1,202000028850,4,"BUXEROLLES (RUE DE)",0,NULL,2,2,0,1,(1),(1),1,NULL," -1",1,0,1,50
202000029145,4,8,2020,17:35:00,1,74,74025,1,2,1,3,"2844 Route des Voirons","46,2832280","6,3468250",202000029145,154 691 041,B01,2,1,0,2,1,1,5,NULL,202000029145,154 691 040,A01,1,1,1,1,1973,4,1,-1,-1,0,0,-1,202000029145,3,20,0,D,2,2,0,2,35,500,1,NULL," -1",1,5,1,80
202000029145,4,8,2020,17:35:00,1,74,74025,1,2,1,3,"2844 Route des Voirons","46,2832280","6,3468250",202000029145,154 691 041,B01,2,1,0,2,1,1,5,NULL,202000029145,154 691 041,B01,1,1,3,1,1983,1,2,-1,-1,0,0,-1,202000029145,3,20,0,D,2,2,0,2,35,500,1,NULL," -1",1,5,1,80
202000029277,3,11,2020,06:50:00,2,33,33075,2,3,2,3,"ALL DU BRION / RUE RAYMOND PEYRAN","44,8749400"," -0,6051100",202000029277,154 690 793,A01,1,1,0,2,1,1,5,NULL,202000029277,154 690 793,A01,1,1,4,1,1998,1,8,0,-1,-1," -1",-1,202000029277,4,"ALL DU BRION",0,NULL,2,4,2,1,(1),(1),1,NULL," -1",2,-1,8,50
202000029277,3,11,2020,06:50:00,2,33,33075,2,3,2,3,"ALL DU BRION / RUE RAYMOND PEYRAN","44,8749400"," -0,6051100",202000029277,154 690 793,A01,1,1,0,2,1,1,5,NULL,202000029277,154 690 794,B01,1,1,1,2,1976,1,1,0,-1,-1," -1",-1,202000029277,4,"ALL DU BRION",0,NULL,2,4,2,1,(1),(1),1,NULL," -1",2,-1,8,50
202000031411,2,6,2020,19:00:00,1,35,35238,2,1,1,3,"BOURGEOIS (BOULEVARD LEON)","48,0987300"," -1,6543100",202000031411,154 687 143,B01,2,1,0,2,1,1,0,NULL,202000031411,154 687 143,B01,1,1,4,2,1963,9,8,0,-1,-1," -1",-1,202000031411,4,"BOURGEOIS (BOULEVARD LEON)",0,NULL,2,0,1,1,0,0,1,NULL," -1",1,9,5,50
202000031411,2,6,2020,19:00:00,1,35,35238,2,1,1,3,"BOURGEOIS (BOULEVARD LEON)","48,0987300"," -1,6543100",202000031411,154 687 143,B01,2,1,0,2,1,1,0,NULL,202000031411,154 687 145,A01,1,1,1,1,1988,0,1,8,-1,-1," -1",-1,202000031411,4,"BOURGEOIS (BOULEVARD LEON)",0,NULL,2,0,1,1,0,0,1,NULL," -1",1,9,5,50
202000031844,12,12,2020,20:45:00,5,33,33063,2,2,3,3,"CRS PORTAL","44,8542900"," -0,5722400",202000031844,154 686 384,A01,0,1,0,2,1,1,5,NULL,202000031844,154 686 383,B01,1,1,1,2,2000,5,1,-1,-1,-1," -1",-1,202000031844,4,"CRS DE LA MARTINIQUE",0,NULL,2,2,0,1,(1),(1),1,NULL," -1",2,0,8,50
202000031844,12,12,2020,20:45:00,5,33,33063,2,2,3,3,"CRS PORTAL","44,8542900"," -0,5722400",202000031844,154 686 384,A01,0,1,0,2,1,1,5,NULL,202000031844,154 686 384,A01,1,1,4,1,1997,0,8,-1,-1,-1," -1",-1,202000031844,4,"CRS DE LA MARTINIQUE",0,NULL,2,2,0,1,(1),(1),1,NULL," -1",2,0,8,50
202000034495,1,9,2020,11:30:00,1,59,59350,2,2,1,5,"TURENNE RUE","50,6271000","3,0392100",202000034495,154 681 807,C01,0,1,0,2,2,15,5,NULL,202000034495,154 681 805,A01,2,2,1,1,1983,0,8,0,-1,-1," -1",-1,202000034495,4,"RUE TURENNE ",0,NULL,2,4,0,1,(1),(1),1,NULL," -1",1,0,1,50
202000034495,1,9,2020,11:30:00,1,59,59350,2,2,1,5,"TURENNE RUE","50,6271000","3,0392100",202000034495,154 681 806,B01,0,1,0,2,7,15,5,NULL,202000034495,154 681 805,A01,2,2,1,1,1983,0,8,0,-1,-1," -1",-1,202000034495,4,"RUE TURENNE ",0,NULL,2,4,0,1,(1),(1),1,NULL," -1",1,0,1,50
202000034495,1,9,2020,11:30:00,1,59,59350,2,2,1,5,"TURENNE RUE","50,6271000","3,0392100",202000034495,154 681 807,C01,0,1,0,2,2,15,5,NULL,202000034495,154 681 805,A01,1,1,1,2,1989,0,8,0,-1,-1," -1",-1,202000034495,4,"RUE TURENNE ",0,NULL,2,4,0,1,(1),(1),1,NULL," -1",1,0,1,50
202000034495,1,9,2020,11:30:00,1,59,59350,2,2,1,5,"TURENNE RUE","50,6271000","3,0392100",202000034495,154 681 806,B01,0,1,0,2,7,15,5,NULL,202000034495,154 681 805,A01,1,1,1,2,1989,0,8,0,-1,-1," -1",-1,202000034495,4,"RUE TURENNE ",0,NULL,2,4,0,1,(1),(1),1,NULL," -1",1,0,1,50
202000034495,1,9,2020,11:30:00,1,59,59350,2,2,1,5,"TURENNE RUE","50,6271000","3,0392100",202000034495,154 681 807,C01,0,1,0,2,2,15,5,NULL,202000034495,154 681 806,B01,2,2,4,2,2006,0,8,0,-1,-1," -1",-1,202000034495,4,"RUE TURENNE ",0,NULL,2,4,0,1,(1),(1),1,NULL," -1",1,0,1,50
202000034495,1,9,2020,11:30:00,1,59,59350,2,2,1,5,"TURENNE RUE","50,6271000","3,0392100",202000034495,154 681 806,B01,0,1,0,2,7,15,5,NULL,202000034495,154 681 806,B01,2,2,4,2,2006,0,8,0,-1,-1," -1",-1,202000034495,4,"RUE TURENNE ",0,NULL,2,4,0,1,(1),(1),1,NULL," -1",1,0,1,50
202000034495,1,9,2020,11:30:00,1,59,59350,2,2,1,5,"TURENNE RUE","50,6271000","3,0392100",202000034495,154 681 807,C01,0,1,0,2,2,15,5,NULL,202000034495,154 681 806,B01,1,1,4,1,2005,0,8,0,-1,0,0,-1,202000034495,4,"RUE TURENNE ",0,NULL,2,4,0,1,(1),(1),1,NULL," -1",1,0,1,50
202000034495,1,9,2020,11:30:00,1,59,59350,2,2,1,5,"TURENNE RUE","50,6271000","3,0392100",202000034495,154 681 806,B01,0,1,0,2,7,15,5,NULL,202000034495,154 681 806,B01,1,1,4,1,2005,0,8,0,-1,0,0,-1,202000034495,4,"RUE TURENNE ",0,NULL,2,4,0,1,(1),(1),1,NULL," -1",1,0,1,50
202000034495,1,9,2020,11:30:00,1,59,59350,2,2,1,5,"TURENNE RUE","50,6271000","3,0392100",202000034495,154 681 807,C01,0,1,0,2,2,15,5,NULL,202000034495,154 681 807,C01,1,1,1,1,2004,0,8,0,-1,0,0,-1,202000034495,4,"RUE TURENNE ",0,NULL,2,4,0,1,(1),(1),1,NULL," -1",1,0,1,50
202000034495,1,9,2020,11:30:00,1,59,59350,2,2,1,5,"TURENNE RUE","50,6271000","3,0392100",202000034495,154 681 806,B01,0,1,0,2,7,15,5,NULL,202000034495,154 681 807,C01,1,1,1,1,2004,0,8,0,-1,0,0,-1,202000034495,4,"RUE TURENNE ",0,NULL,2,4,0,1,(1),(1),1,NULL," -1",1,0,1,50
202000039003,27,5,2020,11:15:00,1,39,39114,1,1,1,1,"Chemin des Granges Bernard","46,7756190","5,6583340",202000039003,154 673 809,B01,3,1,0,2,1,1,5,NULL,202000039003,154 673 808,A01,1,1,1,1,1937,5,1,-1,-1,0,0,-1,202000039003,4,NULL,-1,NULL,2,2,0,2,(1),(1),2,NULL," -1",1,0,1,80
202000039003,27,5,2020,11:15:00,1,39,39114,1,1,1,1,"Chemin des Granges Bernard","46,7756190","5,6583340",202000039003,154 673 809,B01,3,1,0,2,1,1,5,NULL,202000039003,154 673 808,A01,2,2,1,2,1940,5,1,-1,-1,0,0,-1,202000039003,4,NULL,-1,NULL,2,2,0,2,(1),(1),2,NULL," -1",1,0,1,80
202000039003,27,5,2020,11:15:00,1,39,39114,1,1,1,1,"Chemin des Granges Bernard","46,7756190","5,6583340",202000039003,154 673 809,B01,3,1,0,2,1,1,5,NULL,202000039003,154 673 809,B01,1,1,3,1,1956,5,2,-1,-1,0,0,-1,202000039003,4,NULL,-1,NULL,2,2,0,2,(1),(1),2,NULL," -1",1,0,1,80
202000039961,25,10,2020,20:30:00,5,75,75111,2,1,8,3,"BOULEVARD DE BELLEVILLE","48,8713230","2,3775290",202000039961,154 672 141,A01,2,1,0,2,3,9,5,NULL,202000039961,154 672 140,B01,1,1,1,1,1990,4,1,0,-1,0,0,-1,202000039961,4,NULL,0,NULL,1,2,1,1,0,0,1,NULL," -1",2,0,1,30
202000039961,25,10,2020,20:30:00,5,75,75111,2,1,8,3,"BOULEVARD DE BELLEVILLE","48,8713230","2,3775290",202000039961,154 672 141,A01,2,1,0,2,3,9,5,NULL,202000039961,154 672 141,A01,1,1,4,1,1989,5,8,0,-1,0,0,-1,202000039961,4,NULL,0,NULL,1,2,1,1,0,0,1,NULL," -1",2,0,1,30
202000043237,28,6,2020,09:20:00,1,56,56017,1,3,1,3,Kohkastel,"47,8561800"," -2,8039800",202000043237,154 666 261,B01,3,1,0,2,1,1,5,NULL,202000043237,154 666 261,B01,1,1,3,1,1967,5,2,-1,-1,0,0,-1,202000043237,4,NULL,-1,NULL,2,2,0,1,(1),(1),1,NULL," -1",1,0,1,80