Num_Acc,jour,mois,an,hrmn,lum,dep,com,agg,int,atm,col,adr,lat,long,Num_Acc,id_vehicule,num_veh,senc,catv,obs,obsm,choc,manv,motor,occutc,Num_Acc,id_vehicule,num_veh,place,catu,grav,sexe,an_nais,trajet,secu1,secu2,secu3,locp,actp,etatp,Num_Acc,catr,voie,v1,v2,circ,nbv,vosp,prof,pr,pr1,plan,lartpc,larrout,surf,infra,situ,vma
202000043237,28,6,2020,09:20:00,1,56,56017,1,3,1,3,Kohkastel,"47,8561800"," -2,8039800",202000043237,154 666 261,B01,3,1,0,2,1,1,5,NULL,202000043237,154 666 262,A01,1,1,1,1,1969,0,1,-1,-1,0,0,-1,202000043237,4,NULL,-1,NULL,2,2,0,1,(1),(1),1,NULL," -1",1,0,1,80
202000044878,4,2,2020,19:00:00,5,74,74010,2,4,2,3,"Rue du lachat","45,9210650","6,1452200",202000044878,154 663 339,B01,3,1,0,2,1,1,5,NULL,202000044878,154 663 337,A01,1,1,1,2,1997,0,1,-1,-1,0,0,-1,202000044878,4,NULL,-1,NULL,2,2,0,2,(1),(1),2,NULL," -1",2,0,1,50
202000044878,4,2,2020,19:00:00,5,74,74010,2,4,2,3,"Rue du lachat","45,9210650","6,1452200",202000044878,154 663 339,B01,3,1,0,2,1,1,5,NULL,202000044878,154 663 339,B01,1,1,4,1,1992,1,2,-1,-1,0,0,-1,202000044878,4,NULL,-1,NULL,2,2,0,2,(1),(1),2,NULL," -1",2,0,1,50
202000045354,21,10,2020,15:25:00,1,33,33529,2,1,1,7,"PROCESSION (CH. DE LA)","44,6237286"," -1,1281930",202000045354,154 662 525,A01,3,1,0,0,0,1,5,NULL,202000045354,154 662 525,A01,1,1,4,2,1964,5,0,-1,-1,-1," -1",-1,202000045354,4,"PROCESSION (CH. DE LA)",0,NULL,-1,2,0,1,(1),(1),1,NULL," -1",1,0,1,50
202000046218,25,6,2020,17:50:00,1,35,35238,2,3,1,3,"ROCHESTER (AVENUE DE)","48,1284000"," -1,6641700",202000046218,154 661 022,B01,2,1,0,2,1,1,6,NULL,202000046218,154 661 022,B01,1,1,4,1,1979,9,2,0,-1,-1," -1",-1,202000046218,4,"ROCHESTER (AVENUE DE)",0,NULL,1,3,0,1,(1),(1),1,NULL," -1",1,5,5,30
202000046218,25,6,2020,17:50:00,1,35,35238,2,3,1,3,"ROCHESTER (AVENUE DE)","48,1284000"," -1,6641700",202000046218,154 661 022,B01,2,1,0,2,1,1,6,NULL,202000046218,154 661 023,A01,1,1,1,1,1979,1,1,4,-1,-1," -1",-1,202000046218,4,"ROCHESTER (AVENUE DE)",0,NULL,1,3,0,1,(1),(1),1,NULL," -1",1,5,5,30
202000046603,27,8,2020,20:12:00,1,14,14286,1,3,2,3,"Route de Saint-gatien","49,3554700","0,2329940",202000046603,154 660 335,A01,1,1,0,2,8,19,5,NULL,202000046603,154 660 335,A01,1,1,3,1,2002,1,0,-1,-1,0,0,-1,202000046603,3,119,-1,NULL,2,2,0,2,2,100,1,NULL," -1",2,0,1,70
202000046603,27,8,2020,20:12:00,1,14,14286,1,3,2,3,"Route de Saint-gatien","49,3554700","0,2329940",202000046603,154 660 335,A01,1,1,0,2,8,19,5,NULL,202000046603,154 660 337,B01,1,1,1,1,1990,1,0,-1,-1,0,0,-1,202000046603,3,119,-1,NULL,2,2,0,2,2,100,1,NULL," -1",2,0,1,70
202000046904,2,1,2020,07:45:00,2,67,67130,2,3,8,1,"Rue Saint Antoine","48,4183030","7,6601400",202000046904,154 659 835,B01,0,1,0,2,1,1,5,NULL,202000046904,154 659 833,A01,1,1,1,2,1976,1,1,-1,-1,0,0,-1,202000046904,4,NULL,-1,NULL,2,2,0,1,(1),(1),1,NULL,4,1,0,1,50
202000046904,2,1,2020,07:45:00,2,67,67130,2,3,8,1,"Rue Saint Antoine","48,4183030","7,6601400",202000046904,154 659 835,B01,0,1,0,2,1,1,5,NULL,202000046904,154 659 835,B01,1,1,4,1,1968,1,9,-1,-1,0,0,-1,202000046904,4,NULL,-1,NULL,2,2,0,1,(1),(1),1,NULL,4,1,0,1,50
202000047441,3,12,2020,08:30:00,1,45,45315,2,2,8,3,"D948 PR 34 + 670","47,7604130","2,3740450",202000047441,154 658 905,A01,2,1,0,2,7,15,5,NULL,202000047441,154 658 904,B01,1,1,1,2,1973,4,8,-1,-1,0,0,-1,202000047441,3,948,0,NULL,2,2,0,1,34,670,1,NULL," -1",2,0,1,50
202000047441,3,12,2020,08:30:00,1,45,45315,2,2,8,3,"D948 PR 34 + 670","47,7604130","2,3740450",202000047441,154 658 905,A01,2,1,0,2,7,15,5,NULL,202000047441,154 658 905,A01,1,1,4,1,2012,2,2,-1,-1,0,0,-1,202000047441,3,948,0,NULL,2,2,0,1,34,670,1,NULL," -1",2,0,1,50
202000007684,28,6,2020,10:26:00,1,76,76191,1,2,1,3,"Terres de la Corbiere","49,7226286","1,1453594",202000007684,154 728 732,B01,1,1,0,2,3,1,5,NULL,202000007684,154 728 730,A01,1,1,1,1,1968,1,1,-1,-1,0,0,-1,202000007684,3,22,0,D,2,2,0,1,42,100,1,NULL," -1",1,0,1,80
202000007684,28,6,2020,10:26:00,1,76,76191,1,2,1,3,"Terres de la Corbiere","49,7226286","1,1453594",202000007684,154 728 732,B01,1,1,0,2,3,1,5,NULL,202000007684,154 728 732,B01,1,1,3,1,1964,5,2,4,6,0,0,-1,202000007684,3,22,0,D,2,2,0,1,42,100,1,NULL," -1",1,0,1,80
202000007895,20,7,2020,11:55:00,1,81,81171,1,1,1,5,"Route de Barrabie","43,8399360","1,8412990",202000007895,154 728 365,B01,3,1,0,2,0,26,5,NULL,202000007895,154 728 363,A01,1,1,1,1,1997,5,8,-1,-1,0,0,-1,202000007895,4,NULL,-1,NULL,2,2,0,1,(1),(1),1,NULL," -1",1,0,1,80
202000007895,20,7,2020,11:55:00,1,81,81171,1,1,1,5,"Route de Barrabie","43,8399360","1,8412990",202000007895,154 728 364,C01,3,1,0,9,4,2,5,NULL,202000007895,154 728 363,A01,1,1,1,1,1997,5,8,-1,-1,0,0,-1,202000007895,4,NULL,-1,NULL,2,2,0,1,(1),(1),1,NULL," -1",1,0,1,80
202000007895,20,7,2020,11:55:00,1,81,81171,1,1,1,5,"Route de Barrabie","43,8399360","1,8412990",202000007895,154 728 365,B01,3,1,0,2,0,26,5,NULL,202000007895,154 728 363,A01,2,2,1,2,1946,9,1,-1,-1,0,0,-1,202000007895,4,NULL,-1,NULL,2,2,0,1,(1),(1),1,NULL," -1",1,0,1,80
202000007895,20,7,2020,11:55:00,1,81,81171,1,1,1,5,"Route de Barrabie","43,8399360","1,8412990",202000007895,154 728 364,C01,3,1,0,9,4,2,5,NULL,202000007895,154 728 363,A01,2,2,1,2,1946,9,1,-1,-1,0,0,-1,202000007895,4,NULL,-1,NULL,2,2,0,1,(1),(1),1,NULL," -1",1,0,1,80
202000007895,20,7,2020,11:55:00,1,81,81171,1,1,1,5,"Route de Barrabie","43,8399360","1,8412990",202000007895,154 728 365,B01,3,1,0,2,0,26,5,NULL,202000007895,154 728 364,C01,1,1,1,1,1965,5,2,6,-1,0,0,-1,202000007895,4,NULL,-1,NULL,2,2,0,1,(1),(1),1,NULL," -1",1,0,1,80
202000007895,20,7,2020,11:55:00,1,81,81171,1,1,1,5,"Route de Barrabie","43,8399360","1,8412990",202000007895,154 728 364,C01,3,1,0,9,4,2,5,NULL,202000007895,154 728 364,C01,1,1,1,1,1965,5,2,6,-1,0,0,-1,202000007895,4,NULL,-1,NULL,2,2,0,1,(1),(1),1,NULL," -1",1,0,1,80
202000007895,20,7,2020,11:55:00,1,81,81171,1,1,1,5,"Route de Barrabie","43,8399360","1,8412990",202000007895,154 728 365,B01,3,1,0,2,0,26,5,NULL,202000007895,154 728 365,B01,1,1,2,2,1975,5,2,6,-1,0,0,-1,202000007895,4,NULL,-1,NULL,2,2,0,1,(1),(1),1,NULL," -1",1,0,1,80
202000007895,20,7,2020,11:55:00,1,81,81171,1,1,1,5,"Route de Barrabie","43,8399360","1,8412990",202000007895,154 728 364,C01,3,1,0,9,4,2,5,NULL,202000007895,154 728 365,B01,1,1,2,2,1975,5,2,6,-1,0,0,-1,202000007895,4,NULL,-1,NULL,2,2,0,1,(1),(1),1,NULL," -1",1,0,1,80
202000008685,16,5,2020,18:00:00,1,95,95604,2,6,1,1,D317,"49,0985730","2,5312570",202000008685,154 726 988,A01,1,1,0,2,2,1,0,NULL,202000008685,154 726 987,B01,1,1,1,2,1960,1,1,-1,-1,0,0,-1,202000008685,3,317,-1,NULL,1,1,0,1,17,100,2,NULL," -1",1,5,1,50
202000008685,16,5,2020,18:00:00,1,95,95604,2,6,1,1,D317,"49,0985730","2,5312570",202000008685,154 726 988,A01,1,1,0,2,2,1,0,NULL,202000008685,154 726 988,A01,1,1,4,1,1965,5,2,-1,-1,0,0,-1,202000008685,3,317,-1,NULL,1,1,0,1,17,100,2,NULL," -1",1,5,1,50
202000009709,18,6,2020,12:28:00,1,06,06010,1,3,1,1,D3,"43,6960460","6,9679480",202000009709,154 725 179,B01,2,1,0,2,1,0,5,NULL,202000009709,154 725 178,A01,1,1,1,1,1977,1,1,-1,-1,0,0,-1,202000009709,3,3,-1,NULL,2,3,0,2,21,459,1,NULL," -1",1,0,1,80
202000009709,18,6,2020,12:28:00,1,06,06010,1,3,1,1,D3,"43,6960460","6,9679480",202000009709,154 725 179,B01,2,1,0,2,1,0,5,NULL,202000009709,154 725 179,B01,1,1,4,1,1980,5,2,-1,-1,0,0,-1,202000009709,3,3,-1,NULL,2,3,0,2,21,459,1,NULL," -1",1,0,1,80
202000009784,16,6,2020,15:35:00,1,56,56121,2,1,1,6,"SVOB ( BOULEVARD EMMANUEL)","47,7504600"," -3,3674600",202000009784,154 725 043,A01,2,1,0,1,1,1,5,NULL,202000009784,154 725 043,A01,1,1,1,1,1995,5,2,8,-1,-1," -1",-1,202000009784,4,"SVOB ( BOULEVARD EMMANUEL)",0,NULL,2,2,0,1,0,0,1,NULL," -1",1,0,1,50
202000009784,16,6,2020,15:35:00,1,56,56121,2,1,1,6,"SVOB ( BOULEVARD EMMANUEL)","47,7504600"," -3,3674600",202000009784,154 725 043,A01,2,1,0,1,1,1,5,NULL,202000009784,154 725 043,A01,10,3,4,2,1948,5,0,-1,-1,3,3,2,202000009784,4,"SVOB ( BOULEVARD EMMANUEL)",0,NULL,2,2,0,1,0,0,1,NULL," -1",1,0,1,50
202000011213,14,9,2020,12:10:00,1,69,69382,2,2,1,3,"DOCTEUR GAILLETON (DU)              (QU)","45,7506100","4,8319800",202000011213,154 722 527,Y01,1,1,0,2,6,19,5,NULL,202000011213,154 722 527,Y01,1,1,4,2,1982,2,8,0,-1,-1," -1",-1,202000011213,4,NULL,0,NULL,1,4,3,1,0,0,1,NULL," -1",1,5,1,50
202000011213,14,9,2020,12:10:00,1,69,69382,2,2,1,3,"DOCTEUR GAILLETON (DU)              (QU)","45,7506100","4,8319800",202000011213,154 722 527,Y01,1,1,0,2,6,19,5,NULL,202000011213,154 722 528,A01,2,2,1,1,2003,5,1,0,-1,-1," -1",-1,202000011213,4,NULL,0,NULL,1,4,3,1,0,0,1,NULL," -1",1,5,1,50
202000011213,14,9,2020,12:10:00,1,69,69382,2,2,1,3,"DOCTEUR GAILLETON (DU)              (QU)","45,7506100","4,8319800",202000011213,154 722 527,Y01,1,1,0,2,6,19,5,NULL,202000011213,154 722 528,A01,1,1,1,1,1999,5,1,0,-1,-1," -1",-1,202000011213,4,NULL,0,NULL,1,4,3,1,0,0,1,NULL," -1",1,5,1,50
202000011508,18,7,2020,14:30:00,1,71,71054,2,1,1,-1,"26 Rue Neuve","46,9119690","5,0283570",202000011508,154 721 999,A01,3,1,0,2,8,9,5,NULL,202000011508,154 721 999,A01,1,1,3,1,2007,5,2,-1,-1,0,0,-1,202000011508,3,171,-1,NULL,2,2,0,1,(1),(1),1,NULL," -1",1,0,1,50
202000011508,18,7,2020,14:30:00,1,71,71054,2,1,1,-1,"26 Rue Neuve","46,9119690","5,0283570",202000011508,154 721 999,A01,3,1,0,2,8,9,5,NULL,202000011508,154 722 000,B01,1,1,1,2,2000,5,1,-1,-1,0,0,-1,202000011508,3,171,-1,NULL,2,2,0,1,(1),(1),1,NULL," -1",1,0,1,50
202000011508,18,7,2020,14:30:00,1,71,71054,2,1,1,-1,"26 Rue Neuve","46,9119690","5,0283570",202000011508,154 721 999,A01,3,1,0,2,8,9,5,NULL,202000011508,154 722 000,B01,2,2,1,1,1998,5,1,-1,-1,0,0,-1,202000011508,3,171,-1,NULL,2,2,0,1,(1),(1),1,NULL," -1",1,0,1,50
202000017421,11,6,2020,18:55:00,1,75,75112,2,1,1,3,"AVENUE DAUMESNIL","48,8357980","2,4221390",202000017421,154 711 592,B01,1,1,0,2,1,19,5,NULL,202000017421,154 711 591,A01,1,1,1,2,1936,5,1,0,-1,0,0,-1,202000017421,4,NULL,0,NULL,2,2,0,1,0,0,1,NULL," -1",1,0,1,50
202000017421,11,6,2020,18:55:00,1,75,75112,2,1,1,3,"AVENUE DAUMESNIL","48,8357980","2,4221390",202000017421,154 711 592,B01,1,1,0,2,1,19,5,NULL,202000017421,154 711 592,B01,1,1,4,2,2012,5,2,0,-1,0,0,-1,202000017421,4,NULL,0,NULL,2,2,0,1,0,0,1,NULL," -1",1,0,1,50
202000017845,9,10,2020,15:40:00,1,95,95678,1,1,1,3,D9,"49,0753420","2,2435710",202000017845,154 710 829,B01,1,1,0,2,6,2,5,NULL,202000017845,154 710 829,B01,1,1,4,1,1992,5,2,-1,-1,0,0,-1,202000017845,3,9,-1,NULL,2,2,0,1,3,350,1,NULL," -1",1,0,1,70
202000021026,9,9,2020,16:25:00,1,65,65440,2,1,1,2,"MARTINET (BOULEVARD DU)","43,2333000","0,0865000",202000021026,154 705 212,B01,3,1,0,2,0,26,5,NULL,202000021026,154 705 212,B01,1,1,3,1,2015,5,2,0,-1,-1," -1",-1,202000021026,6,"MARTINET (BOULEVARD DU)",0,NULL,-1,0,0,1,0,0,1,NULL," -1",1,9,8,30
202000021026,9,9,2020,16:25:00,1,65,65440,2,1,1,2,"MARTINET (BOULEVARD DU)","43,2333000","0,0865000",202000021026,154 705 212,B01,3,1,0,2,0,26,5,NULL,202000021026,154 705 213,A01,1,1,1,1,2001,5,1,8,-1,-1," -1",-1,202000021026,6,"MARTINET (BOULEVARD DU)",0,NULL,-1,0,0,1,0,0,1,NULL," -1",1,9,8,30
202000021051,9,9,2020,08:27:00,1,35,35238,2,3,1,3,"29 Rue de Belleville","48,0997900"," -1,6608400",202000021051,154 705 170,B01,0,1,0,2,0,0,5,NULL,202000021051,154 705 169,A01,1,1,1,2,1994,1,1,0,-1,-1," -1",-1,202000021051,4,"BELLEVILLE (DE)",0,NULL,1,1,0,1,0,0,1,NULL," -1",1,0,1,20
202000021051,9,9,2020,08:27:00,1,35,35238,2,3,1,3,"29 Rue de Belleville","48,0997900"," -1,6608400",202000021051,154 705 170,B01,0,1,0,2,0,0,5,NULL,202000021051,154 705 170,B01,1,1,4,2,1976,1,2,8,-1,-1," -1",-1,202000021051,4,"BELLEVILLE (DE)",0,NULL,1,1,0,1,0,0,1,NULL," -1",1,0,1,20
202000022993,8,9,2020,07:50:00,1,41,41018,2,1,1,3,"SAINT-JEAN (QUAI)","47,5898200","1,3416900",202000022993,154 701 772,B01,3,1,0,2,1,19,5,NULL,202000022993,154 701 772,B01,1,1,3,2,1964,1,2,8,-1,-1," -1",-1,202000022993,4,"SAINT-JEAN (QUAI)",0,NULL,-1,3,0,1,0,0,1,NULL," -1",1,0,1,50
202000022993,8,9,2020,07:50:00,1,41,41018,2,1,1,3,"SAINT-JEAN (QUAI)","47,5898200","1,3416900",202000022993,154 701 772,B01,3,1,0,2,1,19,5,NULL,202000022993,154 701 773,A01,1,1,1,1,1964,1,1,0,-1,-1," -1",-1,202000022993,4,"SAINT-JEAN (QUAI)",0,NULL,-1,3,0,1,0,0,1,NULL," -1",1,0,1,50
202000023807,29,9,2020,14:30:00,1,76,76562,1,1,1,-1,"Rue Edmond Manoury","49,8683220","1,1980460",202000023807,154 700 343,B01,2,1,0,0,0,2,0,NULL,202000023807,154 700 341,A01,1,1,3,1,1955,5,0,-1,-1,0,0,-1,202000023807,3,149,-1,NULL,2,2,0,4,74,300,3,NULL," -1",1,0,1,80
202000023807,29,9,2020,14:30:00,1,76,76562,1,1,1,-1,"Rue Edmond Manoury","49,8683220","1,1980460",202000023807,154 700 341,A01,2,1,0,0,0,2,0,NULL,202000023807,154 700 341,A01,1,1,3,1,1955,5,0,-1,-1,0,0,-1,202000023807,3,149,-1,NULL,2,2,0,4,74,300,3,NULL," -1",1,0,1,80
202000023807,29,9,2020,14:30:00,1,76,76562,1,1,1,-1,"Rue Edmond Manoury","49,8683220","1,1980460",202000023807,154 700 343,B01,2,1,0,0,0,2,0,NULL,202000023807,154 700 343,B01,1,1,1,1,1956,5,0,2,-1,0,0,-1,202000023807,3,149,-1,NULL,2,2,0,4,74,300,3,NULL," -1",1,0,1,80
202000023807,29,9,2020,14:30:00,1,76,76562,1,1,1,-1,"Rue Edmond Manoury","49,8683220","1,1980460",202000023807,154 700 341,A01,2,1,0,0,0,2,0,NULL,202000023807,154 700 343,B01,1,1,1,1,1956,5,0,2,-1,0,0,-1,202000023807,3,149,-1,NULL,2,2,0,4,74,300,3,NULL," -1",1,0,1,80
202000025817,12,4,2020,10:30:00,1,56,56098,2,1,1,7,"PEN MANE (RUE DE)","47,7595200"," -3,3254400",202000025817,154 696 822,A01,2,1,0,0,0,26,5,NULL,202000025817,154 696 822,A01,1,1,4,1,1993,5,8,0,-1,0,0,-1,202000025817,4,"PEN MANE (RUE DE)",0,NULL,2,2,0,4,0,0,1,NULL," -1",1,0,1,30
202000025898,12,4,2020,16:15:00,1,62,62859,2,2,1,3,"22 Rue de Wavans","50,2289310","2,2092390",202000025898,154 696 705,A01,0,1,0,2,1,19,5,NULL,202000025898,154 696 705,A01,1,1,3,1,2007,5,0,-1,-1,0,0,-1,202000025898,3,114,-1,NULL,2,2,0,1,3,315,1,NULL," -1",1,0,1,50
202000025898,12,4,2020,16:15:00,1,62,62859,2,2,1,3,"22 Rue de Wavans","50,2289310","2,2092390",202000025898,154 696 705,A01,0,1,0,2,1,19,5,NULL,202000025898,154 696 706,B01,1,1,1,2,1950,4,1,-1,-1,0,0,-1,202000025898,3,114,-1,NULL,2,2,0,1,3,315,1,NULL," -1",1,0,1,50
202000028600,17,2,2020,06:00:00,3,70,70339,1,1,1,3,"RD 486","47,7372450","6,5503410",202000028600,154 691 956,B01,2,1,0,0,8,1,5,NULL,202000028600,154 691 955,A01,1,1,1,1,1965,1,1,-1,-1,0,0,-1,202000028600,3,486,-1,NULL,2,2,0,3,28,700,1,NULL,7,1,0,1,80
202000028600,17,2,2020,06:00:00,3,70,70339,1,1,1,3,"RD 486","47,7372450","6,5503410",202000028600,154 691 956,B01,2,1,0,0,8,1,5,NULL,202000028600,154 691 956,B01,1,1,4,1,1959,1,4,-1,-1,0,0,-1,202000028600,3,486,-1,NULL,2,2,0,3,28,700,1,NULL,7,1,0,1,80
202000028726,2,9,2020,11:30:00,1,22,22113,2,1,1,3,"DE LA FAYETTE (BOULEVARD)","48,7407200"," -3,4452300",202000028726,154 691 727,B01,3,1,0,2,7,19,5,NULL,202000028726,154 691 727,B01,1,1,3,1,1953,5,8,0,-1,-1," -1",-1,202000028726,4,"DE LA FAYETTE (BOULEVARD)",0,NULL,2,2,0,4,1,0,1,NULL," -1",1,6,8,50
202000028726,2,9,2020,11:30:00,1,22,22113,2,1,1,3,"DE LA FAYETTE (BOULEVARD)","48,7407200"," -3,4452300",202000028726,154 691 727,B01,3,1,0,2,7,19,5,NULL,202000028726,154 691 728,A01,1,1,1,2,1942,3,8,0,-1,-1," -1",-1,202000028726,4,"DE LA FAYETTE (BOULEVARD)",0,NULL,2,2,0,4,1,0,1,NULL," -1",1,6,8,50
202000028852,3,9,2020,08:30:00,1,83,83126,1,1,1,-1,"AV DE LA 1ERE ARMEE FRANCAISE","43,1124693","5,8834259",202000028852,154 691 506,B01,1,1,0,2,1,19,5,NULL,202000028852,154 691 505,A01,1,1,1,1,1961,4,1,0,-1,-1," -1",-1,202000028852,3,559,0,NULL,3,3,2,1,26,400,1,NULL," -1",1,5,5,50
202000028852,3,9,2020,08:30:00,1,83,83126,1,1,1,-1,"AV DE LA 1ERE ARMEE FRANCAISE","43,1124693","5,8834259",202000028852,154 691 506,B01,1,1,0,2,1,19,5,NULL,202000028852,154 691 506,B01,1,1,3,1,1972,1,8,0,-1,-1," -1",-1,202000028852,3,559,0,NULL,3,3,2,1,26,400,1,NULL," -1",1,5,5,50
202000030608,1,4,2020,18:00:00,1,973,97307,2,9,9,2,"Route de la Distillerie","4,8747120"," -52,3317030",202000030608,154 688 478,B01,3,1,0,9,4,1,6,NULL,202000030608,154 688 478,B01,1,1,3,1,1998,3,0,-1,-1,0,0,-1,202000030608,4,"Route de la distillerie",-1,NULL,2,2,0,1,(1),(1),1,NULL," -1",2,5,1,50
202000030608,1,4,2020,18:00:00,1,973,97307,2,9,9,2,"Route de la Distillerie","4,8747120"," -52,3317030",202000030608,154 688 478,B01,3,1,0,9,4,1,6,NULL,202000030608,154 688 479,A01,1,1,1,1,1995,5,1,-1,-1,0,0,-1,202000030608,4,"Route de la distillerie",-1,NULL,2,2,0,1,(1),(1),1,NULL," -1",2,5,1,50
202000031585,28,9,2020,16:33:00,1,57,57672,1,1,2,3,"KONACKER (Route)","49,3624200","6,0854900",202000031585,154 686 845,B01,2,1,0,2,1,19,5,NULL,202000031585,154 686 845,B01,1,1,3,1,2009,5,8,0,-1,-1," -1",-1,202000031585,3,"KONACKER (Route)",0,NULL,2,2,0,2,0,0,1,NULL," -1",2,0,1,50
202000031585,28,9,2020,16:33:00,1,57,57672,1,1,2,3,"KONACKER (Route)","49,3624200","6,0854900",202000031585,154 686 845,B01,2,1,0,2,1,19,5,NULL,202000031585,154 686 846,A01,1,1,1,1,1977,5,1,0,-1,-1," -1",-1,202000031585,3,"KONACKER (Route)",0,NULL,2,2,0,2,0,0,1,NULL," -1",2,0,1,50
202000031964,15,1,2020,14:30:00,1,75,75111,2,1,8,4,"BOULEVARD JULES FERRY","48,8683071","2,3673311",202000031964,154 686 183,B01,2,1,0,2,1,1,5,NULL,202000031964,154 686 182,A01,1,1,1,1,1990,1,1,0,-1,0,0,-1,202000031964,4,NULL,0,NULL,1,2,0,1,27,0,1,NULL," -1",1,0,1,50
202000031964,15,1,2020,14:30:00,1,75,75111,2,1,8,4,"BOULEVARD JULES FERRY","48,8683071","2,3673311",202000031964,154 686 183,B01,2,1,0,2,1,1,5,NULL,202000031964,154 686 183,B01,1,1,4,1,1996,5,8,2,-1,0,0,-1,202000031964,4,NULL,0,NULL,1,2,0,1,27,0,1,NULL," -1",1,0,1,50
202000032768,2,9,2020,12:35:00,1,56,56121,2,2,1,3,"Avenue Chenailler Dit Colonel Morice","47,7365700"," -3,3903100",202000032768,154 684 847,B01,3,1,0,2,7,19,5,NULL,202000032768,154 684 846,A01,1,1,1,2,1955,5,1,8,-1,-1," -1",-1,202000032768,4,NULL,0,NULL,2,2,0,1,0,0,1,NULL," -1",1,0,1,50
202000032768,2,9,2020,12:35:00,1,56,56121,2,2,1,3,"Avenue Chenailler Dit Colonel Morice","47,7365700"," -3,3903100",202000032768,154 684 847,B01,3,1,0,2,7,19,5,NULL,202000032768,154 684 847,B01,1,1,4,2,2001,5,2,0,-1,-1," -1",-1,202000032768,4,NULL,0,NULL,2,2,0,1,0,0,1,NULL," -1",1,0,1,50
202000034885,31,7,2020,17:30:00,1,75,75116,2,1,1,3,"ALLEE DE LA REINE MARGUERITE","48,8491420","2,2420510",202000034885,154 681 104,B01,2,1,0,2,7,1,5,NULL,202000034885,154 681 104,B01,1,1,4,2,1974,1,2,0,-1,0,0,-1,202000034885,4,NULL,0,NULL,2,2,0,1,0,0,1,NULL," -1",1,0,1,50
202000034885,31,7,2020,17:30:00,1,75,75116,2,1,1,3,"ALLEE DE LA REINE MARGUERITE","48,8491420","2,2420510",202000034885,154 681 104,B01,2,1,0,2,7,1,5,NULL,202000034885,154 681 105,A01,2,2,1,2,1994,9,1,0,-1,0,0,-1,202000034885,4,NULL,0,NULL,2,2,0,1,0,0,1,NULL," -1",1,0,1,50
202000034885,31,7,2020,17:30:00,1,75,75116,2,1,1,3,"ALLEE DE LA REINE MARGUERITE","48,8491420","2,2420510",202000034885,154 681 104,B01,2,1,0,2,7,1,5,NULL,202000034885,154 681 105,A01,1,1,1,1,1984,9,1,0,-1,0,0,-1,202000034885,4,NULL,0,NULL,2,2,0,1,0,0,1,NULL," -1",1,0,1,50
202000038233,12,3,2020,20:15:00,5,75,75118,2,2,1,3,"BOULEVARD BARBES","48,8895060","2,3496490",202000038233,154 675 153,B01,1,1,0,2,1,1,5,NULL,202000038233,154 675 153,B01,1,1,4,1,1992,9,8,0,-1,0,0,-1,202000038233,4,NULL,0,NULL,2,6,1,1,0,0,1,NULL," -1",1,-1,5,50
202000038233,12,3,2020,20:15:00,5,75,75118,2,2,1,3,"BOULEVARD BARBES","48,8895060","2,3496490",202000038233,154 675 153,B01,1,1,0,2,1,1,5,NULL,202000038233,154 675 154,A01,1,1,1,1,1987,9,1,0,-1,0,0,-1,202000038233,4,NULL,0,NULL,2,6,1,1,0,0,1,NULL," -1",1,-1,5,50
202000039666,25,9,2020,11:20:00,1,75,75116,2,2,2,2,"AVENUE MOZART","48,8546840","2,2693870",202000039666,154 672 636,B01,2,1,0,2,3,1,5,NULL,202000039666,154 672 634,A01,1,1,1,1,1962,4,1,8,-1,0,0,-1,202000039666,4,NULL,0,NULL,-1,3,0,1,0,0,1,NULL," -1",2,0,1,50
202000039666,25,9,2020,11:20:00,1,75,75116,2,2,2,2,"AVENUE MOZART","48,8546840","2,2693870",202000039666,154 672 636,B01,2,1,0,2,3,1,5,NULL,202000039666,154 672 636,B01,1,1,4,2,1954,5,8,0,-1,0,0,-1,202000039666,4,NULL,0,NULL,-1,3,0,1,0,0,1,NULL," -1",2,0,1,50
202000039862,25,10,2020,20:45:00,5,31,31555,2,1,1,3,"STRASBOURG (BD DE) DU 1AU 33","43,6087400","1,4455200",202000039862,154 672 307,A01,1,1,0,2,2,13,6,NULL,202000039862,154 672 306,B01,1,1,1,2,1990,0,1,0,-1,-1," -1",-1,202000039862,4,"STRASBOURG (BD DE) DU 1AU 33",0,NULL,3,1,0,1,0,0,1,NULL," -1",1,0,1,50
202000039862,25,10,2020,20:45:00,5,31,31555,2,1,1,3,"STRASBOURG (BD DE) DU 1AU 33","43,6087400","1,4455200",202000039862,154 672 307,A01,1,1,0,2,2,13,6,NULL,202000039862,154 672 307,A01,1,1,4,2,1964,0,8,0,-1,0,0,-1,202000039862,4,"STRASBOURG (BD DE) DU 1AU 33",0,NULL,3,1,0,1,0,0,1,NULL," -1",1,0,1,50
202000041070,28,7,2020,14:35:00,1,74,74256,2,6,1,3,"Avenue André Lasquin","45,9508440","6,6348300",202000041070,154 670 186,B01,1,1,0,2,7,2,5,NULL,202000041070,154 670 185,A01,2,2,1,2,1963,0,1,-1,-1,0,0,-1,202000041070,3,13,0,D,1,2,0,1,1,964,2,NULL," -1",1,5,1,50