Num_Acc,jour,mois,an,hrmn,lum,dep,com,agg,int,atm,col,adr,lat,long,Num_Acc,id_vehicule,num_veh,senc,catv,obs,obsm,choc,manv,motor,occutc,Num_Acc,id_vehicule,num_veh,place,catu,grav,sexe,an_nais,trajet,secu1,secu2,secu3,locp,actp,etatp,Num_Acc,catr,voie,v1,v2,circ,nbv,vosp,prof,pr,pr1,plan,lartpc,larrout,surf,infra,situ,vma
202000041070,28,7,2020,14:35:00,1,74,74256,2,6,1,3,"Avenue André Lasquin","45,9508440","6,6348300",202000041070,154 670 186,B01,1,1,0,2,7,2,5,NULL,202000041070,154 670 185,A01,1,1,1,1,1959,0,1,-1,-1,0,0,-1,202000041070,3,13,0,D,1,2,0,1,1,964,2,NULL," -1",1,5,1,50
202000041070,28,7,2020,14:35:00,1,74,74256,2,6,1,3,"Avenue André Lasquin","45,9508440","6,6348300",202000041070,154 670 186,B01,1,1,0,2,7,2,5,NULL,202000041070,154 670 186,B01,1,1,3,2,1968,0,0,-1,-1,0,0,-1,202000041070,3,13,0,D,1,2,0,1,1,964,2,NULL," -1",1,5,1,50
202000042037,28,8,2020,19:00:00,1,89,89155,1,4,1,1,D85,"47,7035380","3,6136870",202000042037,154 668 447,B01,1,1,0,2,8,1,5,NULL,202000042037,154 668 446,A01,1,1,1,1,1993,5,1,-1,-1,0,0,-1,202000042037,3,85,0,NULL,2,2,0,1,41,810,1,NULL," -1",1,0,1,80
202000042037,28,8,2020,19:00:00,1,89,89155,1,4,1,1,D85,"47,7035380","3,6136870",202000042037,154 668 447,B01,1,1,0,2,8,1,5,NULL,202000042037,154 668 447,B01,1,1,3,1,1990,5,2,-1,-1,0,0,-1,202000042037,3,85,0,NULL,2,2,0,1,41,810,1,NULL," -1",1,0,1,80
202000043981,22,9,2020,17:10:00,1,75,75113,2,3,1,7,"RUE DE TOLBIAC","48,8271310","2,3671260",202000043981,154 664 956,A01,1,1,0,0,1,21,5,NULL,202000043981,154 664 956,A01,1,1,3,2,1958,1,2,0,-1,0,0,-1,202000043981,4,NULL,0,NULL,2,3,3,4,0,0,1,NULL," -1",1,-1,6,15
202000045261,23,7,2020,14:15:00,1,75,75112,2,2,1,3,"BOULEVARD DIDEROT","48,8464450","2,3789540",202000045261,154 662 681,A01,2,1,0,2,7,1,5,NULL,202000045261,154 662 678,B01,1,1,1,1,1958,4,1,0,-1,0,0,-1,202000045261,4,NULL,0,NULL,2,2,1,1,0,0,1,NULL," -1",1,-1,5,50
202000045261,23,7,2020,14:15:00,1,75,75112,2,2,1,3,"BOULEVARD DIDEROT","48,8464450","2,3789540",202000045261,154 662 681,A01,2,1,0,2,7,1,5,NULL,202000045261,154 662 681,A01,1,1,4,2,1983,9,2,0,-1,0,0,-1,202000045261,4,NULL,0,NULL,2,2,1,1,0,0,1,NULL," -1",1,-1,5,50
202000046287,26,6,2020,04:45:00,2,74,74309,1,1,1,-1,"route de bellegarde - lieu dit germagny","46,1135570","6,0082660",202000046287,154 660 903,A01,1,1,0,0,0,2,5,NULL,202000046287,154 660 903,A01,1,1,3,1,1970,1,2,4,-1,0,0,-1,202000046287,3,1206,-1,D,2,2,0,1,9,975,1,NULL," -1",1,0,1,80
202000046299,25,6,2020,17:10:00,1,35,35133,1,3,1,3,Trémelin,"48,1024160"," -2,0397660",202000046299,154 660 882,A01,1,1,0,0,3,15,5,NULL,202000046299,154 660 881,B01,1,1,1,1,1984,4,1,-1,-1,0,0,-1,202000046299,3,61,0,NULL,2,2,0,1,20,195,1,NULL," -1",1,0,1,80
202000046299,25,6,2020,17:10:00,1,35,35133,1,3,1,3,Trémelin,"48,1024160"," -2,0397660",202000046299,154 660 882,A01,1,1,0,0,3,15,5,NULL,202000046299,154 660 882,A01,1,1,3,1,2004,5,0,-1,-1,0,0,-1,202000046299,3,61,0,NULL,2,2,0,1,20,195,1,NULL," -1",1,0,1,80
202000046377,24,6,2020,16:56:00,1,78,78440,2,2,1,3,"PRÉS (AVENUE DES)","48,9990300","1,9134300",202000046377,154 660 739,A01,3,1,1,0,2,26,5,NULL,202000046377,154 660 739,A01,1,1,4,1,2008,5,8,0,-1,-1," -1",-1,202000046377,4,"PIERRE LEROY (RUE)",0,NULL,-1,1,0,1,(1),(1),1,NULL," -1",1,0,1,50
202000046377,24,6,2020,16:56:00,1,78,78440,2,2,1,3,"PRÉS (AVENUE DES)","48,9990300","1,9134300",202000046377,154 660 739,A01,3,1,1,0,2,26,5,NULL,202000046377,154 660 740,B01,1,1,1,1,1978,1,1,0,-1,-1," -1",-1,202000046377,4,"PIERRE LEROY (RUE)",0,NULL,-1,1,0,1,(1),(1),1,NULL," -1",1,0,1,50
202000008767,15,5,2020,12:08:00,1,75,75113,2,5,1,3,"RUE DE TOLBIAC","48,8261620","2,3599880",202000008767,154 726 839,A01,1,1,0,2,4,1,5,NULL,202000008767,154 726 839,A01,1,1,4,2,1966,9,2,0,-1,0,0,-1,202000008767,4,NULL,0,NULL,2,3,3,1,0,0,2,NULL," -1",1,-1,5,50
202000008767,15,5,2020,12:08:00,1,75,75113,2,5,1,3,"RUE DE TOLBIAC","48,8261620","2,3599880",202000008767,154 726 839,A01,1,1,0,2,4,1,5,NULL,202000008767,154 726 840,Z01,1,1,1,1,1932,5,1,0,-1,0,0,-1,202000008767,4,NULL,0,NULL,2,3,3,1,0,0,2,NULL," -1",1,-1,5,50
202000013755,14,8,2020,18:48:00,1,37,37261,2,1,1,-1,"LOIRE (ALLEE DE LA)","47,4010979","0,6998000",202000013755,154 718 086,B01,3,1,0,2,1,13,5,NULL,202000013755,154 718 086,B01,1,1,4,2,1977,5,8,0,-1,-1," -1",-1,202000013755,4,NULL,0,NULL,2,2,1,1,(1),(1),2,NULL," -1",1,0,1,30
202000013755,14,8,2020,18:48:00,1,37,37261,2,1,1,-1,"LOIRE (ALLEE DE LA)","47,4010979","0,6998000",202000013755,154 718 086,B01,3,1,0,2,1,13,5,NULL,202000013755,154 718 087,A01,1,1,4,1,1978,0,8,0,-1,-1," -1",-1,202000013755,4,NULL,0,NULL,2,2,1,1,(1),(1),2,NULL," -1",1,0,1,30
202000014692,25,1,2020,10:00:00,1,31,31517,1,1,1,-1,"Le Major","43,3323211","1,3774222",202000014692,154 716 525,B01,1,1,0,0,4,2,5,NULL,202000014692,154 716 525,B01,1,1,3,1,1983,5,2,-1,-1,0,0,-1,202000014692,3,622,0,NULL,2,2,0,3,11,275,1,NULL,"5,5",1,0,1,80
202000015129,11,7,2020,22:20:00,4,92,92050,2,1,1,3,"PAQUERETTES RUE DES","48,9079600","2,2139400",202000015129,154 715 678,B01,3,1,0,2,8,19,5,NULL,202000015129,154 715 677,A01,1,1,1,2,1977,9,1,8,-1,-1," -1",-1,202000015129,4,NULL,0,NULL,1,1,0,1,0,0,3,NULL," -1",1,0,1,50
202000015129,11,7,2020,22:20:00,4,92,92050,2,1,1,3,"PAQUERETTES RUE DES","48,9079600","2,2139400",202000015129,154 715 678,B01,3,1,0,2,8,19,5,NULL,202000015129,154 715 678,B01,1,1,4,1,2007,9,8,0,-1,-1," -1",-1,202000015129,4,NULL,0,NULL,1,1,0,1,0,0,3,NULL," -1",1,0,1,50
202000015882,9,10,2020,07:55:00,2,17,17300,2,2,1,1,"LOTI   AVENUE PIERRE","46,1622200"," -1,1762000",202000015882,154 714 326,B01,2,1,0,2,8,1,5,NULL,202000015882,154 714 326,B01,1,1,4,2,1990,1,8,0,-1,-1," -1",-1,202000015882,4,"LOTI   AVENUE PIERRE",0,NULL,2,2,1,1,0,0,1,NULL," -1",1,0,1,30
202000015882,9,10,2020,07:55:00,2,17,17300,2,2,1,1,"LOTI   AVENUE PIERRE","46,1622200"," -1,1762000",202000015882,154 714 326,B01,2,1,0,2,8,1,5,NULL,202000015882,154 714 327,A01,1,1,1,2,1967,1,1,0,-1,-1," -1",-1,202000015882,4,"LOTI   AVENUE PIERRE",0,NULL,2,2,1,1,0,0,1,NULL," -1",1,0,1,30
202000016694,21,1,2020,22:30:00,5,75,75115,2,3,1,2,"RUE DE VAUGIRARD","48,8406112","2,3049795",202000016694,154 712 891,A01,2,1,0,2,1,2,5,NULL,202000016694,154 712 890,B01,1,1,1,2,1974,4,1,0,-1,0,0,-1,202000016694,4,"RUE DE VAUGIRARD",0,NULL,1,2,3,1,0,0,1,NULL,7,1,-1,6,50
202000016694,21,1,2020,22:30:00,5,75,75115,2,3,1,2,"RUE DE VAUGIRARD","48,8406112","2,3049795",202000016694,154 712 891,A01,2,1,0,2,1,2,5,NULL,202000016694,154 712 891,A01,1,1,4,1,2004,5,8,2,-1,0,0,-1,202000016694,4,"RUE DE VAUGIRARD",0,NULL,1,2,3,1,0,0,1,NULL,7,1,-1,6,50
202000016841,13,7,2020,08:35:00,1,33,33162,2,3,1,3,"AVE DE L'HIPPODROME / RUE MARGUERITE DURAS","44,8630200"," -0,6396500",202000016841,154 712 624,B01,2,1,0,2,1,1,5,NULL,202000016841,154 712 623,A01,1,1,1,2,1969,0,1,-1,-1,-1," -1",-1,202000016841,4,"AVE DE L'HIPPODROME",0,NULL,2,4,2,1,(1),(1),1,NULL," -1",1,5,1,50
202000016841,13,7,2020,08:35:00,1,33,33162,2,3,1,3,"AVE DE L'HIPPODROME / RUE MARGUERITE DURAS","44,8630200"," -0,6396500",202000016841,154 712 624,B01,2,1,0,2,1,1,5,NULL,202000016841,154 712 624,B01,1,1,4,1,1995,0,8,-1,-1,-1," -1",-1,202000016841,4,"AVE DE L'HIPPODROME",0,NULL,2,4,2,1,(1),(1),1,NULL," -1",1,5,1,50
202000017281,12,9,2020,13:45:00,1,84,84144,1,4,1,1,D22,"43,9268550","5,5534600",202000017281,154 711 847,B01,3,1,0,2,2,0,5,NULL,202000017281,154 711 847,B01,1,1,3,1,1995,0,2,6,9,0,0,-1,202000017281,3,D22,-1,NULL,2,2,0,2,(1),(1),2,NULL," -1",1,0,1,80
202000017281,12,9,2020,13:45:00,1,84,84144,1,4,1,1,D22,"43,9268550","5,5534600",202000017281,154 711 847,B01,3,1,0,2,2,0,5,NULL,202000017281,154 711 848,A01,1,1,1,1,1982,0,1,-1,-1,0,0,-1,202000017281,3,D22,-1,NULL,2,2,0,2,(1),(1),2,NULL," -1",1,0,1,80
202000019404,10,6,2020,17:20:00,1,35,35238,2,2,2,3,"CLEMENCEAU (52 BD GEORGES)","48,0944880"," -1,6856069",202000019404,154 708 073,B01,1,1,0,2,1,1,5,NULL,202000019404,154 708 073,B01,1,1,4,1,1978,1,2,8,-1,-1," -1",-1,202000019404,4,"CLEMENCEAU (BD GEORGES)",0,NULL,2,2,2,2,0,0,1,NULL," -1",2,5,1,50
202000019404,10,6,2020,17:20:00,1,35,35238,2,2,2,3,"CLEMENCEAU (52 BD GEORGES)","48,0944880"," -1,6856069",202000019404,154 708 073,B01,1,1,0,2,1,1,5,NULL,202000019404,154 708 074,A01,1,1,1,1,1978,5,1,0,-1,-1," -1",-1,202000019404,4,"CLEMENCEAU (BD GEORGES)",0,NULL,2,2,2,2,0,0,1,NULL," -1",2,5,1,50
202000020207,16,3,2020,18:30:00,1,33,33039,2,3,1,3,"RUE DES QUATRE CASTERA / ALL BOYER","44,8094300"," -0,5373300",202000020207,154 706 652,B01,3,1,0,2,2,1,5,NULL,202000020207,154 706 651,A01,1,1,1,2,1986,9,8,-1,-1,-1," -1",-1,202000020207,4,"RUE DES QUATRE CASTERA",0,NULL,2,2,0,1,(1),(1),1,NULL," -1",1,0,1,50
202000020207,16,3,2020,18:30:00,1,33,33039,2,3,1,3,"RUE DES QUATRE CASTERA / ALL BOYER","44,8094300"," -0,5373300",202000020207,154 706 652,B01,3,1,0,2,2,1,5,NULL,202000020207,154 706 652,B01,1,1,4,1,1976,0,8,-1,-1,-1," -1",-1,202000020207,4,"RUE DES QUATRE CASTERA",0,NULL,2,2,0,1,(1),(1),1,NULL," -1",1,0,1,50
202000021658,6,10,2020,15:20:00,1,35,35210,2,1,1,1,"Rue du Docteur Léon","48,1490370"," -1,7883410",202000021658,154 704 103,B01,2,1,0,2,1,1,5,NULL,202000021658,154 704 102,A01,1,1,1,1,1961,1,1,-1,-1,0,0,-1,202000021658,4,NULL,0,NULL,4,1,0,1,(1),(1),2,NULL," -1",1,2,1,50
202000021658,6,10,2020,15:20:00,1,35,35210,2,1,1,1,"Rue du Docteur Léon","48,1490370"," -1,7883410",202000021658,154 704 103,B01,2,1,0,2,1,1,5,NULL,202000021658,154 704 103,B01,1,1,3,1,1944,5,2,6,-1,0,0,-1,202000021658,4,NULL,0,NULL,4,1,0,1,(1),(1),2,NULL," -1",1,2,1,50
202000022561,10,7,2020,21:00:00,1,56,56033,1,1,1,2,Cateneuc,"47,8190630"," -2,1211710",202000022561,154 702 536,B01,3,1,0,2,4,1,5,NULL,202000022561,154 702 536,B01,1,1,3,2,1949,5,2,-1,-1,0,0,-1,202000022561,4,NULL,0,NULL,2,2,0,1,(1),(1),1,NULL," -1",1,0,1,80
202000023259,6,8,2020,12:40:00,1,54,54395,2,1,1,6,"POINCARE (RUE RAYMOND 1-29-2-30)","48,6900250","6,1717636",202000023259,154 701 318,A01,1,1,0,1,1,1,5,NULL,202000023259,154 701 318,A01,1,1,1,1,1992,0,8,0,-1,0,0,-1,202000023259,4,NULL,0,NULL,1,2,0,1,0,0,1,NULL," -1",1,0,1,50
202000023259,6,8,2020,12:40:00,1,54,54395,2,1,1,6,"POINCARE (RUE RAYMOND 1-29-2-30)","48,6900250","6,1717636",202000023259,154 701 318,A01,1,1,0,1,1,1,5,NULL,202000023259,154 701 318,A01,10,3,4,2,1974,0,0,-1,-1,4,3,1,202000023259,4,NULL,0,NULL,1,2,0,1,0,0,1,NULL," -1",1,0,1,50
202000023312,7,8,2020,11:00:00,1,13,13202,2,1,1,3,"ARENC (QUAI D')","43,3152627","5,3651502",202000023312,154 701 219,B01,0,1,0,2,8,0,6,NULL,202000023312,154 701 217,A01,1,1,1,1,1986,4,8,0,-1,-1," -1",-1,202000023312,4,NULL,0,NULL,2,4,0,3,0,0,2,NULL," -1",1,2,1,50
202000023312,7,8,2020,11:00:00,1,13,13202,2,1,1,3,"ARENC (QUAI D')","43,3152627","5,3651502",202000023312,154 701 219,B01,0,1,0,2,8,0,6,NULL,202000023312,154 701 219,B01,1,1,4,1,1953,0,2,0,-1,-1," -1",-1,202000023312,4,NULL,0,NULL,2,4,0,3,0,0,2,NULL," -1",1,2,1,50
202000024810,5,8,2020,19:00:00,1,44,44068,1,1,7,3,D2,"47,5214540"," -2,0042820",202000024810,154 698 592,B01,2,1,0,2,8,13,5,NULL,202000024810,154 698 592,B01,1,1,3,2,1971,5,2,-1,-1,0,0,-1,202000024810,3,2,-1,NULL,2,2,0,1,66,134,1,NULL," -1",1,0,1,80
202000024810,5,8,2020,19:00:00,1,44,44068,1,1,7,3,D2,"47,5214540"," -2,0042820",202000024810,154 698 592,B01,2,1,0,2,8,13,5,NULL,202000024810,154 698 593,A01,1,1,1,1,1965,3,1,-1,-1,0,0,-1,202000024810,3,2,-1,NULL,2,2,0,1,66,134,1,NULL," -1",1,0,1,80
202000024971,7,9,2020,18:00:00,1,94,94018,2,1,1,3,"MARIUS DELCHER (R)","48,8284700","2,3993700",202000024971,154 698 295,B01,1,1,0,2,3,16,5,NULL,202000024971,154 698 294,A01,1,1,1,1,1966,5,1,8,-1,-1," -1",-1,202000024971,4,"MARIUS DELCHER (R)",0,NULL,1,1,0,1,0,574,3,NULL," -1",1,0,1,30
202000024971,7,9,2020,18:00:00,1,94,94018,2,1,1,3,"MARIUS DELCHER (R)","48,8284700","2,3993700",202000024971,154 698 295,B01,1,1,0,2,3,16,5,NULL,202000024971,154 698 295,B01,1,1,4,1,1940,5,8,0,-1,-1," -1",-1,202000024971,4,"MARIUS DELCHER (R)",0,NULL,1,1,0,1,0,574,3,NULL," -1",1,0,1,30
202000025670,3,10,2020,00:56:00,5,75,75111,2,2,2,-1,"RUE DE LA ROQUETTE","48,8585370","2,3837020",202000025670,154 697 063,A01,3,1,0,2,7,1,5,NULL,202000025670,154 697 063,A01,1,1,4,2,1993,9,8,0,-1,0,0,-1,202000025670,4,NULL,0,NULL,2,4,0,2,0,0,1,NULL," -1",2,0,1,30
202000025876,13,4,2020,15:35:00,1,33,33498,1,1,7,6,"67 Route de Compostelle","44,5869650"," -0,7757970",202000025876,154 696 733,A01,1,1,13,0,0,14,6,NULL,202000025876,154 696 733,A01,1,1,2,1,1963,5,0,-1,-1,0,0,-1,202000025876,3,1010,0,NULL,2,2,0,1,78,988,1,NULL,7,1,0,3,70
202000026014,16,12,2020,06:42:00,5,69,69387,2,2,1,3,"JEAN JAURES                         (AV)","45,7515940","4,8456600",202000026014,154 696 495,B01,1,1,0,2,8,1,5,NULL,202000026014,154 696 495,B01,1,1,4,1,1999,1,8,0,-1,-1," -1",-1,202000026014,4,"JEAN JAURES                         (AV)",0,NULL,2,4,1,1,0,0,1,NULL," -1",2,0,6,50
202000026014,16,12,2020,06:42:00,5,69,69387,2,2,1,3,"JEAN JAURES                         (AV)","45,7515940","4,8456600",202000026014,154 696 495,B01,1,1,0,2,8,1,5,NULL,202000026014,154 696 496,A01,7,2,1,1,2001,1,8,0,-1,-1," -1",-1,202000026014,4,"JEAN JAURES                         (AV)",0,NULL,2,4,1,1,0,0,1,NULL," -1",2,0,6,50
202000026014,16,12,2020,06:42:00,5,69,69387,2,2,1,3,"JEAN JAURES                         (AV)","45,7515940","4,8456600",202000026014,154 696 495,B01,1,1,0,2,8,1,5,NULL,202000026014,154 696 496,A01,1,1,1,1,1982,4,1,0,-1,-1," -1",-1,202000026014,4,"JEAN JAURES                         (AV)",0,NULL,2,4,1,1,0,0,1,NULL," -1",2,0,6,50
202000028097,16,1,2020,07:10:00,5,37,37233,2,1,1,7,"BARBUSSE (RUE HENRI)","47,3904464","0,7195599",202000028097,154 692 868,A01,1,1,9,0,1,1,5,NULL,202000028097,154 692 868,A01,1,1,4,1,1998,1,8,0,-1,-1,0,-1,202000028097,4,NULL,0,NULL,2,2,3,1,0,0,1,NULL," -1",1,0,1,50
202000028137,15,1,2020,10:55:00,1,75,75105,2,1,1,6,"BOULEVARD SAINT MICHEL","48,8485980","2,3415980",202000028137,154 692 791,A01,1,1,0,1,1,7,5,NULL,202000028137,154 692 791,A01,10,3,1,1,1985,9,0,-1,-1,2,3,1,202000028137,4,NULL,0,NULL,2,4,3,2,46,0,1,NULL," -1",1,-1,6,50
202000028137,15,1,2020,10:55:00,1,75,75105,2,1,1,6,"BOULEVARD SAINT MICHEL","48,8485980","2,3415980",202000028137,154 692 791,A01,1,1,0,1,1,7,5,NULL,202000028137,154 692 791,A01,1,1,4,1,1969,9,8,2,-1,0,0,-1,202000028137,4,NULL,0,NULL,2,4,3,2,46,0,1,NULL," -1",1,-1,6,50
202000028154,15,1,2020,12:50:00,1,75,75110,2,1,1,3,"RUE D HAUTEVILLE","48,8745766","2,3507117",202000028154,154 692 764,B01,1,1,0,2,0,17,5,NULL,202000028154,154 692 764,B01,1,1,4,1,1989,4,8,2,-1,0,0,-1,202000028154,4,NULL,0,NULL,1,1,0,2,53,0,1,NULL," -1",1,0,1,50
202000028154,15,1,2020,12:50:00,1,75,75110,2,1,1,3,"RUE D HAUTEVILLE","48,8745766","2,3507117",202000028154,154 692 764,B01,1,1,0,2,0,17,5,NULL,202000028154,154 692 765,A01,1,1,1,1,1979,4,1,0,-1,0,0,-1,202000028154,4,NULL,0,NULL,1,1,0,2,53,0,1,NULL," -1",1,0,1,50
202000028468,4,7,2020,14:20:00,1,16,16089,2,1,1,-1,"Route de Dizedon","45,6665870"," -0,3382800",202000028468,154 692 188,C01,1,1,0,9,9,1,5,NULL,202000028468,154 692 179,B01,1,1,4,1,1979,5,2,8,-1,-1," -1",-1,202000028468,3,149,0,NULL,2,2,0,1,4,265,1,0,7,1,0,1,50
202000028468,4,7,2020,14:20:00,1,16,16089,2,1,1,-1,"Route de Dizedon","45,6665870"," -0,3382800",202000028468,154 692 187,D01,1,1,0,9,9,1,5,NULL,202000028468,154 692 179,B01,1,1,4,1,1979,5,2,8,-1,-1," -1",-1,202000028468,3,149,0,NULL,2,2,0,1,4,265,1,0,7,1,0,1,50
202000028468,4,7,2020,14:20:00,1,16,16089,2,1,1,-1,"Route de Dizedon","45,6665870"," -0,3382800",202000028468,154 692 186,E01,1,1,0,9,9,1,5,NULL,202000028468,154 692 179,B01,1,1,4,1,1979,5,2,8,-1,-1," -1",-1,202000028468,3,149,0,NULL,2,2,0,1,4,265,1,0,7,1,0,1,50
202000028468,4,7,2020,14:20:00,1,16,16089,2,1,1,-1,"Route de Dizedon","45,6665870"," -0,3382800",202000028468,154 692 185,F01,1,1,0,9,9,1,5,NULL,202000028468,154 692 179,B01,1,1,4,1,1979,5,2,8,-1,-1," -1",-1,202000028468,3,149,0,NULL,2,2,0,1,4,265,1,0,7,1,0,1,50
202000028468,4,7,2020,14:20:00,1,16,16089,2,1,1,-1,"Route de Dizedon","45,6665870"," -0,3382800",202000028468,154 692 184,G01,1,1,0,9,9,1,5,NULL,202000028468,154 692 179,B01,1,1,4,1,1979,5,2,8,-1,-1," -1",-1,202000028468,3,149,0,NULL,2,2,0,1,4,265,1,0,7,1,0,1,50
202000028468,4,7,2020,14:20:00,1,16,16089,2,1,1,-1,"Route de Dizedon","45,6665870"," -0,3382800",202000028468,154 692 183,H01,1,1,0,9,9,1,5,NULL,202000028468,154 692 179,B01,1,1,4,1,1979,5,2,8,-1,-1," -1",-1,202000028468,3,149,0,NULL,2,2,0,1,4,265,1,0,7,1,0,1,50
202000028468,4,7,2020,14:20:00,1,16,16089,2,1,1,-1,"Route de Dizedon","45,6665870"," -0,3382800",202000028468,154 692 182,I01,1,1,0,9,9,1,5,NULL,202000028468,154 692 179,B01,1,1,4,1,1979,5,2,8,-1,-1," -1",-1,202000028468,3,149,0,NULL,2,2,0,1,4,265,1,0,7,1,0,1,50
202000028468,4,7,2020,14:20:00,1,16,16089,2,1,1,-1,"Route de Dizedon","45,6665870"," -0,3382800",202000028468,154 692 181,J01,1,1,0,9,9,1,5,NULL,202000028468,154 692 179,B01,1,1,4,1,1979,5,2,8,-1,-1," -1",-1,202000028468,3,149,0,NULL,2,2,0,1,4,265,1,0,7,1,0,1,50
202000028468,4,7,2020,14:20:00,1,16,16089,2,1,1,-1,"Route de Dizedon","45,6665870"," -0,3382800",202000028468,154 692 179,B01,1,1,0,9,9,1,5,NULL,202000028468,154 692 179,B01,1,1,4,1,1979,5,2,8,-1,-1," -1",-1,202000028468,3,149,0,NULL,2,2,0,1,4,265,1,0,7,1,0,1,50
202000028468,4,7,2020,14:20:00,1,16,16089,2,1,1,-1,"Route de Dizedon","45,6665870"," -0,3382800",202000028468,154 692 188,C01,1,1,0,9,9,1,5,NULL,202000028468,154 692 180,A01,1,1,1,1,1969,5,1,8,-1,-1," -1",-1,202000028468,3,149,0,NULL,2,2,0,1,4,265,1,0,7,1,0,1,50
202000028468,4,7,2020,14:20:00,1,16,16089,2,1,1,-1,"Route de Dizedon","45,6665870"," -0,3382800",202000028468,154 692 187,D01,1,1,0,9,9,1,5,NULL,202000028468,154 692 180,A01,1,1,1,1,1969,5,1,8,-1,-1," -1",-1,202000028468,3,149,0,NULL,2,2,0,1,4,265,1,0,7,1,0,1,50
202000028468,4,7,2020,14:20:00,1,16,16089,2,1,1,-1,"Route de Dizedon","45,6665870"," -0,3382800",202000028468,154 692 186,E01,1,1,0,9,9,1,5,NULL,202000028468,154 692 180,A01,1,1,1,1,1969,5,1,8,-1,-1," -1",-1,202000028468,3,149,0,NULL,2,2,0,1,4,265,1,0,7,1,0,1,50
202000028468,4,7,2020,14:20:00,1,16,16089,2,1,1,-1,"Route de Dizedon","45,6665870"," -0,3382800",202000028468,154 692 185,F01,1,1,0,9,9,1,5,NULL,202000028468,154 692 180,A01,1,1,1,1,1969,5,1,8,-1,-1," -1",-1,202000028468,3,149,0,NULL,2,2,0,1,4,265,1,0,7,1,0,1,50
202000028468,4,7,2020,14:20:00,1,16,16089,2,1,1,-1,"Route de Dizedon","45,6665870"," -0,3382800",202000028468,154 692 184,G01,1,1,0,9,9,1,5,NULL,202000028468,154 692 180,A01,1,1,1,1,1969,5,1,8,-1,-1," -1",-1,202000028468,3,149,0,NULL,2,2,0,1,4,265,1,0,7,1,0,1,50
202000028468,4,7,2020,14:20:00,1,16,16089,2,1,1,-1,"Route de Dizedon","45,6665870"," -0,3382800",202000028468,154 692 183,H01,1,1,0,9,9,1,5,NULL,202000028468,154 692 180,A01,1,1,1,1,1969,5,1,8,-1,-1," -1",-1,202000028468,3,149,0,NULL,2,2,0,1,4,265,1,0,7,1,0,1,50
202000028468,4,7,2020,14:20:00,1,16,16089,2,1,1,-1,"Route de Dizedon","45,6665870"," -0,3382800",202000028468,154 692 182,I01,1,1,0,9,9,1,5,NULL,202000028468,154 692 180,A01,1,1,1,1,1969,5,1,8,-1,-1," -1",-1,202000028468,3,149,0,NULL,2,2,0,1,4,265,1,0,7,1,0,1,50
202000028468,4,7,2020,14:20:00,1,16,16089,2,1,1,-1,"Route de Dizedon","45,6665870"," -0,3382800",202000028468,154 692 181,J01,1,1,0,9,9,1,5,NULL,202000028468,154 692 180,A01,1,1,1,1,1969,5,1,8,-1,-1," -1",-1,202000028468,3,149,0,NULL,2,2,0,1,4,265,1,0,7,1,0,1,50
202000028468,4,7,2020,14:20:00,1,16,16089,2,1,1,-1,"Route de Dizedon","45,6665870"," -0,3382800",202000028468,154 692 179,B01,1,1,0,9,9,1,5,NULL,202000028468,154 692 180,A01,1,1,1,1,1969,5,1,8,-1,-1," -1",-1,202000028468,3,149,0,NULL,2,2,0,1,4,265,1,0,7,1,0,1,50
202000028468,4,7,2020,14:20:00,1,16,16089,2,1,1,-1,"Route de Dizedon","45,6665870"," -0,3382800",202000028468,154 692 188,C01,1,1,0,9,9,1,5,NULL,202000028468,154 692 181,J01,1,1,1,2,2002,5,2,8,-1,-1," -1",-1,202000028468,3,149,0,NULL,2,2,0,1,4,265,1,0,7,1,0,1,50
202000028468,4,7,2020,14:20:00,1,16,16089,2,1,1,-1,"Route de Dizedon","45,6665870"," -0,3382800",202000028468,154 692 187,D01,1,1,0,9,9,1,5,NULL,202000028468,154 692 181,J01,1,1,1,2,2002,5,2,8,-1,-1," -1",-1,202000028468,3,149,0,NULL,2,2,0,1,4,265,1,0,7,1,0,1,50
202000028468,4,7,2020,14:20:00,1,16,16089,2,1,1,-1,"Route de Dizedon","45,6665870"," -0,3382800",202000028468,154 692 186,E01,1,1,0,9,9,1,5,NULL,202000028468,154 692 181,J01,1,1,1,2,2002,5,2,8,-1,-1," -1",-1,202000028468,3,149,0,NULL,2,2,0,1,4,265,1,0,7,1,0,1,50
202000028468,4,7,2020,14:20:00,1,16,16089,2,1,1,-1,"Route de Dizedon","45,6665870"," -0,3382800",202000028468,154 692 185,F01,1,1,0,9,9,1,5,NULL,202000028468,154 692 181,J01,1,1,1,2,2002,5,2,8,-1,-1," -1",-1,202000028468,3,149,0,NULL,2,2,0,1,4,265,1,0,7,1,0,1,50
202000028468,4,7,2020,14:20:00,1,16,16089,2,1,1,-1,"Route de Dizedon","45,6665870"," -0,3382800",202000028468,154 692 184,G01,1,1,0,9,9,1,5,NULL,202000028468,154 692 181,J01,1,1,1,2,2002,5,2,8,-1,-1," -1",-1,202000028468,3,149,0,NULL,2,2,0,1,4,265,1,0,7,1,0,1,50