Num_Acc,jour,mois,an,hrmn,lum,dep,com,agg,int,atm,col,adr,lat,long,Num_Acc,id_vehicule,num_veh,senc,catv,obs,obsm,choc,manv,motor,occutc,Num_Acc,id_vehicule,num_veh,place,catu,grav,sexe,an_nais,trajet,secu1,secu2,secu3,locp,actp,etatp,Num_Acc,catr,voie,v1,v2,circ,nbv,vosp,prof,pr,pr1,plan,lartpc,larrout,surf,infra,situ,vma
202000035497,10,12,2020,08:45:00,2,75,75109,2,2,1,3,"BOULEVARD DE ROCHECHOUART","48,8836110","2,3495140",202000035497,154 680 047,B01,2,1,0,2,1,1,5,NULL,202000035497,154 680 021,A01,1,1,1,1,1984,4,1,0,-1,0,0,-1,202000035497,4,NULL,0,NULL,4,1,0,1,0,0,1,NULL," -1",1,0,1,30
202000035497,10,12,2020,08:45:00,2,75,75109,2,2,1,3,"BOULEVARD DE ROCHECHOUART","48,8836110","2,3495140",202000035497,154 680 047,B01,2,1,0,2,1,1,5,NULL,202000035497,154 680 047,B01,1,1,4,1,1976,1,2,0,-1,0,0,-1,202000035497,4,NULL,0,NULL,4,1,0,1,0,0,1,NULL," -1",1,0,1,30
202000036362,13,3,2020,16:40:00,1,15,15215,1,1,7,2,"départementale 17","44,9587550","2,4771810",202000036362,154 678 457,B01,2,1,1,0,1,26,5,NULL,202000036362,154 678 456,A01,1,1,1,1,1943,5,8,-1,-1,0,0,-1,202000036362,3,17,-1,NULL,2,2,1,2,1,800,1,NULL,5,1,0,5,90
202000036362,13,3,2020,16:40:00,1,15,15215,1,1,7,2,"départementale 17","44,9587550","2,4771810",202000036362,154 678 457,B01,2,1,1,0,1,26,5,NULL,202000036362,154 678 457,B01,1,1,3,1,1941,5,2,-1,-1,0,0,-1,202000036362,3,17,-1,NULL,2,2,1,2,1,800,1,NULL,5,1,0,5,90
202000036965,8,1,2020,18:55:00,5,75,75115,2,1,1,5,"RUE DE LOURMEL","48,8485800","2,2905600",202000036965,154 677 389,B01,1,1,0,2,7,1,5,NULL,202000036965,154 677 386,C01,1,1,1,2,1990,1,1,0,-1,0,0,-1,202000036965,4,NULL,0,NULL,2,2,1,1,29,0,1,NULL,5,1,-1,5,30
202000036965,8,1,2020,18:55:00,5,75,75115,2,1,1,5,"RUE DE LOURMEL","48,8485800","2,2905600",202000036965,154 677 389,B01,1,1,0,2,7,1,5,NULL,202000036965,154 677 388,A01,1,1,1,1,1992,1,1,0,-1,0,0,-1,202000036965,4,NULL,0,NULL,2,2,1,1,29,0,1,NULL,5,1,-1,5,30
202000036965,8,1,2020,18:55:00,5,75,75115,2,1,1,5,"RUE DE LOURMEL","48,8485800","2,2905600",202000036965,154 677 389,B01,1,1,0,2,7,1,5,NULL,202000036965,154 677 389,B01,1,1,4,1,1965,1,8,2,-1,0,0,-1,202000036965,4,NULL,0,NULL,2,2,1,1,29,0,1,NULL,5,1,-1,5,30
202000041872,24,10,2020,18:30:00,2,27,27598,2,1,1,1,"grande rue","49,2313100","1,2220100",202000041872,154 668 757,A01,1,1,0,2,0,5,5,NULL,202000041872,154 668 757,A01,1,1,3,1,2006,5,0,-1,-1,0,0,-1,202000041872,3,313,-1,NULL,2,2,0,1,44,660,1,NULL," -1",1,0,1,50
202000041872,24,10,2020,18:30:00,2,27,27598,2,1,1,1,"grande rue","49,2313100","1,2220100",202000041872,154 668 757,A01,1,1,0,2,0,5,5,NULL,202000041872,154 668 758,B01,1,1,1,1,2001,5,1,-1,-1,0,0,-1,202000041872,3,313,-1,NULL,2,2,0,1,44,660,1,NULL," -1",1,0,1,50
202000042173,11,3,2020,21:55:00,5,69,69266,2,2,1,3,"ALSACE   (Rue d')","45,7709500","4,8698000",202000042173,154 668 198,B01,0,1,0,2,0,0,5,NULL,202000042173,154 668 198,B01,1,1,3,1,1983,4,8,0,-1,-1," -1",-1,202000042173,4,"ALSACE   (Rue d')",0,NULL,2,2,0,1,0,0,1,NULL," -1",1,0,1,30
202000042173,11,3,2020,21:55:00,5,69,69266,2,2,1,3,"ALSACE   (Rue d')","45,7709500","4,8698000",202000042173,154 668 198,B01,0,1,0,2,0,0,5,NULL,202000042173,154 668 199,A01,1,1,1,1,1992,5,8,0,-1,-1," -1",-1,202000042173,4,"ALSACE   (Rue d')",0,NULL,2,2,0,1,0,0,1,NULL," -1",1,0,1,30
202000042236,11,3,2020,08:52:00,1,92,92050,2,3,1,3,"GARENNE RUE DE LA","48,8987530","2,2255740",202000042236,154 668 079,A01,2,1,0,2,2,1,5,NULL,202000042236,154 668 079,A01,1,1,4,2,1972,1,2,8,-1,-1,0,-1,202000042236,4,"GARENNE RUE DE LA",0,NULL,1,2,0,1,0,0,1,NULL," -1",1,0,1,50
202000042236,11,3,2020,08:52:00,1,92,92050,2,3,1,3,"GARENNE RUE DE LA","48,8987530","2,2255740",202000042236,154 668 079,A01,2,1,0,2,2,1,5,NULL,202000042236,154 668 080,B01,1,1,1,2,1999,1,1,0,-1,-1,0,-1,202000042236,4,"GARENNE RUE DE LA",0,NULL,1,2,0,1,0,0,1,NULL," -1",1,0,1,50
202000042586,6,1,2020,08:25:00,1,93,93055,2,1,1,-1,"JEAN LOLIVE (AVENUE)(75/105.88/106)","48,8919600","2,4074900",202000042586,154 667 448,B01,1,1,0,2,8,1,0,NULL,202000042586,154 667 448,B01,1,1,4,1,1971,0,8,0,-1,-1," -1",-1,202000042586,3,933,0,NULL,1,2,0,1,0,1,1,NULL," -1",1,0,3,50
202000042586,6,1,2020,08:25:00,1,93,93055,2,1,1,-1,"JEAN LOLIVE (AVENUE)(75/105.88/106)","48,8919600","2,4074900",202000042586,154 667 448,B01,1,1,0,2,8,1,0,NULL,202000042586,154 667 452,A01,1,1,1,1,1977,1,1,0,-1,-1," -1",-1,202000042586,3,933,0,NULL,1,2,0,1,0,1,1,NULL," -1",1,0,3,50
202000044889,26,8,2020,19:37:00,1,75,75119,2,4,1,6,"RUE PRADIER","48,8746800","2,3811340",202000044889,154 663 332,A01,2,1,0,1,1,1,5,NULL,202000044889,154 663 332,A01,1,1,1,1,1992,9,2,0,-1,0,0,-1,202000044889,4,NULL,0,NULL,2,2,2,4,0,0,1,NULL," -1",1,-1,5,50
202000044889,26,8,2020,19:37:00,1,75,75119,2,4,1,6,"RUE PRADIER","48,8746800","2,3811340",202000044889,154 663 332,A01,2,1,0,1,1,1,5,NULL,202000044889,154 663 332,A01,10,3,4,2,1942,9,0,-1,-1,3,3,1,202000044889,4,NULL,0,NULL,2,2,2,4,0,0,1,NULL," -1",1,-1,5,50
202000045870,17,9,2020,17:28:00,1,79,79191,2,1,1,3,"88 Avenue de la Rochelle","46,3182270"," -0,4701700",202000045870,154 661 665,B01,1,1,0,2,8,9,5,NULL,202000045870,154 661 665,B01,1,1,3,1,2002,5,4,-1,-1,-1," -1",-1,202000045870,3,811,0,NULL,2,2,0,1,2,369,1,NULL,"6,5",1,0,3,50
202000045870,17,9,2020,17:28:00,1,79,79191,2,1,1,3,"88 Avenue de la Rochelle","46,3182270"," -0,4701700",202000045870,154 661 665,B01,1,1,0,2,8,9,5,NULL,202000045870,154 661 666,A01,1,1,1,2,1941,3,1,-1,-1,-1," -1",-1,202000045870,3,811,0,NULL,2,2,0,1,2,369,1,NULL,"6,5",1,0,3,50
202000007261,16,9,2020,13:53:00,1,71,71321,1,1,1,3,"Canal du Centre","46,8032929","4,5726405",202000007261,154 729 488,B01,2,1,0,2,8,2,5,NULL,202000007261,154 729 487,A01,1,1,1,1,1936,3,1,-1,-1,0,0,-1,202000007261,3,974,-1,NULL,2,2,1,1,64,200,1,NULL," -1",1,0,1,80
202000007261,16,9,2020,13:53:00,1,71,71321,1,1,1,3,"Canal du Centre","46,8032929","4,5726405",202000007261,154 729 488,B01,2,1,0,2,8,2,5,NULL,202000007261,154 729 488,B01,1,1,4,1,1975,1,2,6,-1,0,0,-1,202000007261,3,974,-1,NULL,2,2,1,1,64,200,1,NULL," -1",1,0,1,80
202000007979,14,10,2020,19:35:00,5,75,75118,2,2,1,3,"BOULEVARD BARBES","48,8855600","2,3495340",202000007979,154 728 214,B01,2,1,0,2,1,1,5,NULL,202000007979,154 728 214,B01,1,1,4,1,1997,5,2,0,-1,0,0,-1,202000007979,4,NULL,0,NULL,2,6,1,2,0,0,1,NULL," -1",1,-1,5,50
202000007979,14,10,2020,19:35:00,5,75,75118,2,2,1,3,"BOULEVARD BARBES","48,8855600","2,3495340",202000007979,154 728 214,B01,2,1,0,2,1,1,5,NULL,202000007979,154 728 215,A01,2,2,1,2,1995,5,1,0,-1,0,0,-1,202000007979,4,NULL,0,NULL,2,6,1,2,0,0,1,NULL," -1",1,-1,5,50
202000007979,14,10,2020,19:35:00,5,75,75118,2,2,1,3,"BOULEVARD BARBES","48,8855600","2,3495340",202000007979,154 728 214,B01,2,1,0,2,1,1,5,NULL,202000007979,154 728 215,A01,1,1,1,2,1990,5,1,0,-1,0,0,-1,202000007979,4,NULL,0,NULL,2,6,1,2,0,0,1,NULL," -1",1,-1,5,50
202000011346,17,7,2020,10:35:00,1,61,61006,2,6,1,3,"LECLERC (PLACE DU GENERAL)","48,7415280"," -0,0256070",202000011346,154 722 286,B01,1,1,0,2,8,2,5,NULL,202000011346,154 722 286,B01,1,1,3,1,1948,3,0,-1,-1,-1," -1",-1,202000011346,3,158,0,NULL,-1,1,0,1,2,0,3,NULL," -1",1,0,1,50
202000011346,17,7,2020,10:35:00,1,61,61006,2,6,1,3,"LECLERC (PLACE DU GENERAL)","48,7415280"," -0,0256070",202000011346,154 722 286,B01,1,1,0,2,8,2,5,NULL,202000011346,154 722 288,A01,1,1,1,2,1931,3,1,0,-1,-1," -1",-1,202000011346,3,158,0,NULL,-1,1,0,1,2,0,3,NULL," -1",1,0,1,50
202000011398,17,7,2020,19:13:00,1,13,13201,2,2,1,3,"ROME (RUE DE)      ","43,2886650","5,3821530",202000011398,154 722 198,B01,1,1,0,2,5,2,5,NULL,202000011398,154 722 197,A01,1,1,1,1,1998,4,8,8,-1,-1," -1",-1,202000011398,4,"ROME (RUE DE)  ",0,NULL,2,3,3,1,0,0,1,NULL," -1",1,9,6,50
202000011398,17,7,2020,19:13:00,1,13,13201,2,2,1,3,"ROME (RUE DE)      ","43,2886650","5,3821530",202000011398,154 722 198,B01,1,1,0,2,5,2,5,NULL,202000011398,154 722 198,B01,1,1,4,1,1998,0,8,0,-1,-1," -1",-1,202000011398,4,"ROME (RUE DE)  ",0,NULL,2,3,3,1,0,0,1,NULL," -1",1,9,6,50
202000013528,13,6,2020,16:00:00,1,67,67365,2,1,1,3,"BOHRIE (ALLEE DU)","48,5486600","7,7009300",202000013528,154 718 494,B01,1,1,0,2,8,13,1,NULL,202000013528,154 718 494,B01,1,1,4,1,2005,0,8,0,-1,-1," -1",-1,202000013528,4,NULL,0,NULL,3,2,3,1,0,0,1,NULL," -1",1,5,1,50
202000013528,13,6,2020,16:00:00,1,67,67365,2,1,1,3,"BOHRIE (ALLEE DU)","48,5486600","7,7009300",202000013528,154 718 494,B01,1,1,0,2,8,13,1,NULL,202000013528,154 718 495,A01,1,1,1,1,1974,0,1,8,-1,-1," -1",-1,202000013528,4,NULL,0,NULL,3,2,3,1,0,0,1,NULL," -1",1,5,1,50
202000014660,25,1,2020,10:50:00,1,75,75116,2,2,5,-1,"RUE CHARDON LAGACHE","48,8414290","2,2637880",202000014660,154 716 573,A01,1,1,0,2,0,1,5,NULL,202000014660,154 716 573,A01,1,1,1,1,1994,9,8,2,-1,0,0,-1,202000014660,4,NULL,0,NULL,1,3,0,1,0,0,1,NULL,9,1,0,1,50
202000014660,25,1,2020,10:50:00,1,75,75116,2,2,5,-1,"RUE CHARDON LAGACHE","48,8414290","2,2637880",202000014660,154 716 573,A01,1,1,0,2,0,1,5,NULL,202000014660,154 716 574,B01,10,3,4,1,1953,5,0,-1,-1,5,1,1,202000014660,4,NULL,0,NULL,1,3,0,1,0,0,1,NULL,9,1,0,1,50
202000014660,25,1,2020,10:50:00,1,75,75116,2,2,5,-1,"RUE CHARDON LAGACHE","48,8414290","2,2637880",202000014660,154 716 573,A01,1,1,0,2,0,1,5,NULL,202000014660,154 716 574,B01,1,1,1,1,1974,5,1,0,-1,0,0,-1,202000014660,4,NULL,0,NULL,1,3,0,1,0,0,1,NULL,9,1,0,1,50
202000015461,15,6,2020,08:50:00,1,03,03036,2,3,1,3,"Rue de la République","46,5850252","3,0579949",202000015461,154 715 100,B01,3,1,0,2,1,0,5,NULL,202000015461,154 715 099,A01,1,1,1,1,1986,5,1,-1,-1,0,0,-1,202000015461,4,"rue de la République",0,NULL,1,1,0,1,(1),(1),1,NULL," -1",1,0,1,50
202000015461,15,6,2020,08:50:00,1,03,03036,2,3,1,3,"Rue de la République","46,5850252","3,0579949",202000015461,154 715 100,B01,3,1,0,2,1,0,5,NULL,202000015461,154 715 100,B01,1,1,4,1,1961,1,0,-1,-1,0,0,-1,202000015461,4,"rue de la République",0,NULL,1,1,0,1,(1),(1),1,NULL," -1",1,0,1,50
202000015572,13,6,2020,20:00:00,2,91,91573,2,9,8,3,"Rond-point du Fresne","48,6158110","2,5090560",202000015572,154 714 900,B01,3,1,0,2,8,19,5,NULL,202000015572,154 714 899,A01,1,1,1,1,1953,5,1,-1,-1,0,0,-1,202000015572,7,947,0,D,2,2,0,1,(1),(1),1,NULL," -1",1,0,1,50
202000015572,13,6,2020,20:00:00,2,91,91573,2,9,8,3,"Rond-point du Fresne","48,6158110","2,5090560",202000015572,154 714 900,B01,3,1,0,2,8,19,5,NULL,202000015572,154 714 900,B01,1,1,4,1,1967,5,0,-1,-1,0,0,-1,202000015572,7,947,0,D,2,2,0,1,(1),(1),1,NULL," -1",1,0,1,50
202000015683,13,8,2020,17:55:00,1,93,93049,2,3,1,3,"FAUVETTES (AVENUE) J-BACHELET->BEL AIR","48,8699500","2,5055300",202000015683,154 714 701,A01,1,1,0,2,0,1,5,NULL,202000015683,154 714 701,A01,1,1,3,1,2008,0,8,0,-1,-1," -1",-1,202000015683,4,NULL,0,NULL,2,2,0,2,1,0,1,NULL," -1",1,0,1,50
202000015683,13,8,2020,17:55:00,1,93,93049,2,3,1,3,"FAUVETTES (AVENUE) J-BACHELET->BEL AIR","48,8699500","2,5055300",202000015683,154 714 701,A01,1,1,0,2,0,1,5,NULL,202000015683,154 714 702,B01,1,1,1,1,1999,0,1,0,-1,-1," -1",-1,202000015683,4,NULL,0,NULL,2,2,0,2,1,0,1,NULL," -1",1,0,1,50
202000015905,8,10,2020,16:12:00,1,75,75119,2,2,1,3,"AVENUE SIMON BOLIVAR","48,8784100","2,3742540",202000015905,154 714 287,B01,1,1,0,2,2,1,5,NULL,202000015905,154 714 286,A01,1,1,4,1,1952,5,2,6,-1,0,0,-1,202000015905,4,NULL,0,NULL,1,2,0,1,0,0,1,NULL," -1",1,0,1,30
202000015905,8,10,2020,16:12:00,1,75,75119,2,2,1,3,"AVENUE SIMON BOLIVAR","48,8784100","2,3742540",202000015905,154 714 287,B01,1,1,0,2,2,1,5,NULL,202000015905,154 714 287,B01,1,1,4,2,1979,1,8,0,-1,0,0,-1,202000015905,4,NULL,0,NULL,1,2,0,1,0,0,1,NULL," -1",1,0,1,30
202000016580,22,1,2020,08:00:00,2,44,44183,1,2,8,3,"Route de la Turballe / Route de la Bastille","47,3875930"," -2,4355850",202000016580,154 713 101,A01,2,1,0,2,8,1,0,NULL,202000016580,154 713 100,B01,1,1,1,1,1981,1,1,-1,-1,0,0,-1,202000016580,3,33,0,NULL,2,2,0,1,96,7,1,NULL," -1",1,5,1,80
202000016580,22,1,2020,08:00:00,2,44,44183,1,2,8,3,"Route de la Turballe / Route de la Bastille","47,3875930"," -2,4355850",202000016580,154 713 101,A01,2,1,0,2,8,1,0,NULL,202000016580,154 713 101,A01,1,1,4,1,1952,5,2,-1,-1,0,0,-1,202000016580,3,33,0,NULL,2,2,0,1,96,7,1,NULL," -1",1,5,1,80
202000020042,3,11,2020,19:15:00,3,33,33522,2,3,1,3,"BD DU PRESIDENT WILSON / RUE REGIS","44,8181300"," -0,5780500",202000020042,154 706 937,A01,1,1,0,2,1,1,5,NULL,202000020042,154 706 936,B01,1,1,4,1,1974,9,8,-1,-1,-1," -1",-1,202000020042,4,"BD DU PRESIDENT WILSON",0,NULL,3,6,2,1,(1),(1),1,NULL," -1",1,5,1,50
202000020042,3,11,2020,19:15:00,3,33,33522,2,3,1,3,"BD DU PRESIDENT WILSON / RUE REGIS","44,8181300"," -0,5780500",202000020042,154 706 937,A01,1,1,0,2,1,1,5,NULL,202000020042,154 706 937,A01,1,1,4,2,1983,9,8,-1,-1,-1," -1",-1,202000020042,4,"BD DU PRESIDENT WILSON",0,NULL,3,6,2,1,(1),(1),1,NULL," -1",1,5,1,50
202000020255,27,4,2020,12:40:00,1,2B,2B033,2,3,1,3,"ST FLORENT-ANCIENNE RT DE","42,6889200","9,4323700",202000020255,154 706 569,B01,2,1,0,2,0,0,0,NULL,202000020255,154 706 569,B01,1,1,3,1,1971,0,2,0,-1,0,0,-1,202000020255,3,"ST FLORENT-ANCIENNE RT DE",0,NULL,2,2,0,2,1,0,3,NULL," -1",1,0,1,30
202000020255,27,4,2020,12:40:00,1,2B,2B033,2,3,1,3,"ST FLORENT-ANCIENNE RT DE","42,6889200","9,4323700",202000020255,154 706 569,B01,2,1,0,2,0,0,0,NULL,202000020255,154 706 570,A01,1,1,4,2,1948,5,1,8,-1,-1," -1",-1,202000020255,3,"ST FLORENT-ANCIENNE RT DE",0,NULL,2,2,0,2,1,0,3,NULL," -1",1,0,1,30
202000020921,22,2,2020,13:10:00,1,14,14530,1,6,6,7,"Intersection D223 et D513","49,2159640"," -0,2770940",202000020921,154 705 425,A01,1,1,0,0,0,0,5,NULL,202000020921,154 705 425,A01,1,1,4,1,1988,5,2,-1,-1,0,0,-1,202000020921,3,513,-1,NULL,2,2,0,1,1,484,1,NULL," -1",1,0,1,80
202000022557,10,7,2020,15:10:00,1,86,86182,1,1,1,7,D757,"46,8646020","0,3214730",202000022557,154 702 547,A01,2,1,0,0,0,1,5,NULL,202000022557,154 702 547,A01,1,1,2,1,1952,5,0,-1,-1,0,0,-1,202000022557,3,757,0,NULL,2,2,0,2,8,700,1,NULL," -1",1,0,1,80
202000025780,9,4,2020,12:15:00,1,02,02765,2,9,1,3,D65,"49,5188410","3,5540470",202000025780,154 696 884,B01,2,1,0,0,8,2,5,NULL,202000025780,154 696 884,B01,1,1,3,1,1967,5,0,-1,-1,0,0,-1,202000025780,3,65,0,D,2,2,0,1,1,1,1,NULL," -1",1,5,1,-1
202000025780,9,4,2020,12:15:00,1,02,02765,2,9,1,3,D65,"49,5188410","3,5540470",202000025780,154 696 884,B01,2,1,0,0,8,2,5,NULL,202000025780,154 696 885,A01,1,1,1,1,1942,3,1,-1,-1,0,0,-1,202000025780,3,65,0,D,2,2,0,1,1,1,1,NULL," -1",1,5,1,-1
202000026085,16,12,2020,11:40:00,1,75,75103,2,1,1,7,"RUE DE POITOU","48,8615930","2,3626910",202000026085,154 696 368,A01,2,1,0,0,0,5,5,NULL,202000026085,154 696 368,A01,2,2,4,1,2005,5,8,0,-1,0,0,-1,202000026085,4,NULL,0,NULL,1,2,1,1,0,0,1,NULL," -1",1,0,1,50
202000026181,5,1,2020,15:50:00,1,33,33281,2,6,1,1,"AVE DE L'ALOUETTE / AVE DE KAOLACK","44,8249300"," -0,6628500",202000026181,154 696 202,B01,2,1,0,2,1,0,5,NULL,202000026181,154 696 201,A01,1,1,1,1,1998,1,1,-1,-1,-1,0,-1,202000026181,4,"AVE DE L'ALOUETTE",0,NULL,2,2,0,1,(1),(1),3,NULL," -1",1,0,1,30
202000026181,5,1,2020,15:50:00,1,33,33281,2,6,1,1,"AVE DE L'ALOUETTE / AVE DE KAOLACK","44,8249300"," -0,6628500",202000026181,154 696 202,B01,2,1,0,2,1,0,5,NULL,202000026181,154 696 202,B01,1,1,4,1,1959,5,2,-1,-1,-1,0,-1,202000026181,4,"AVE DE L'ALOUETTE",0,NULL,2,2,0,1,(1),(1),3,NULL," -1",1,0,1,30
202000027563,4,11,2020,18:25:00,3,75,75119,2,7,1,3,"PLACE AUGUSTE BARON","48,9003050","2,3870570",202000027563,154 693 798,B01,3,1,0,2,7,19,5,NULL,202000027563,154 693 794,A01,1,1,1,1,1981,4,2,0,-1,0,0,-1,202000027563,4,NULL,0,NULL,1,4,0,1,0,0,2,NULL," -1",1,0,1,50
202000027563,4,11,2020,18:25:00,3,75,75119,2,7,1,3,"PLACE AUGUSTE BARON","48,9003050","2,3870570",202000027563,154 693 798,B01,3,1,0,2,7,19,5,NULL,202000027563,154 693 798,B01,1,1,4,2,1998,9,8,0,-1,0,0,-1,202000027563,4,NULL,0,NULL,1,4,0,1,0,0,2,NULL," -1",1,0,1,50
202000027599,4,11,2020,18:15:00,5,94,94079,2,1,1,1,"JEAN MONNET (BD)","48,8349800","2,5399100",202000027599,154 693 756,B01,1,1,0,9,1,26,0,NULL,202000027599,154 693 751,A01,1,1,4,1,2001,5,8,0,-1,-1," -1",-1,202000027599,4,"JEAN MONNET (BD)",0,NULL,2,1,1,1,0,0,1,NULL," -1",1,0,4,30
202000027599,4,11,2020,18:15:00,5,94,94079,2,1,1,1,"JEAN MONNET (BD)","48,8349800","2,5399100",202000027599,154 693 756,B01,1,1,0,9,1,26,0,NULL,202000027599,154 693 756,B01,1,1,3,1,1966,0,2,6,-1,-1," -1",-1,202000027599,4,"JEAN MONNET (BD)",0,NULL,2,1,1,1,0,0,1,NULL," -1",1,0,4,30
202000028577,16,2,2020,15:30:00,1,75,75107,2,2,1,3,"RUE SAINT DOMINIQUE","48,8599500","2,3131100",202000028577,154 691 994,B01,3,1,0,2,1,1,5,NULL,202000028577,154 691 994,B01,1,1,4,1,1990,1,2,6,-1,0,0,-1,202000028577,4,NULL,0,NULL,1,3,1,1,0,0,1,NULL,"10,5",1,-1,5,50
202000028577,16,2,2020,15:30:00,1,75,75107,2,2,1,3,"RUE SAINT DOMINIQUE","48,8599500","2,3131100",202000028577,154 691 994,B01,3,1,0,2,1,1,5,NULL,202000028577,154 691 995,A01,1,1,1,1,1984,4,1,0,-1,0,0,-1,202000028577,4,NULL,0,NULL,1,3,1,1,0,0,1,NULL,"10,5",1,-1,5,50
202000029115,3,8,2020,09:00:00,1,75,75112,2,5,1,3,"AVENUE DE SAINT MANDE","48,8446710","2,4057360",202000029115,154 691 086,B01,1,1,0,2,7,9,5,NULL,202000029115,154 691 086,B01,1,1,4,1,1957,9,2,0,-1,0,0,-1,202000029115,4,NULL,0,NULL,2,4,0,1,0,0,1,NULL," -1",1,0,1,50
202000029115,3,8,2020,09:00:00,1,75,75112,2,5,1,3,"AVENUE DE SAINT MANDE","48,8446710","2,4057360",202000029115,154 691 086,B01,1,1,0,2,7,9,5,NULL,202000029115,154 691 087,A01,2,2,1,2,1995,1,1,0,-1,-1," -1",-1,202000029115,4,NULL,0,NULL,2,4,0,1,0,0,1,NULL," -1",1,0,1,50
202000029115,3,8,2020,09:00:00,1,75,75112,2,5,1,3,"AVENUE DE SAINT MANDE","48,8446710","2,4057360",202000029115,154 691 086,B01,1,1,0,2,7,9,5,NULL,202000029115,154 691 087,A01,1,1,1,2,1965,1,1,0,-1,0,0,-1,202000029115,4,NULL,0,NULL,2,4,0,1,0,0,1,NULL," -1",1,0,1,50
202000030500,13,2,2020,20:10:00,5,67,67482,2,3,2,3,"CHARMILLE (RUE DE LA)","48,5861600","7,7181500",202000030500,154 688 660,B01,2,1,0,2,0,1,5,NULL,202000030500,154 688 660,B01,1,1,4,1,1985,0,2,8,-1,-1,0,-1,202000030500,4,77,0,NULL,2,2,0,1,0,0,1,NULL,4,2,2,1,50
202000030500,13,2,2020,20:10:00,5,67,67482,2,3,2,3,"CHARMILLE (RUE DE LA)","48,5861600","7,7181500",202000030500,154 688 660,B01,2,1,0,2,0,1,5,NULL,202000030500,154 688 661,A01,1,1,1,2,1973,0,1,8,-1,-1,0,-1,202000030500,4,77,0,NULL,2,2,0,1,0,0,1,NULL,4,2,2,1,50
202000031263,1,8,2020,16:30:00,1,08,08200,2,1,1,1,"Rue Corneille","49,4165940","4,6290020",202000031263,154 687 404,B01,2,1,0,2,5,19,5,NULL,202000031263,154 687 403,A01,1,1,1,1,1996,5,1,-1,-1,0,0,-1,202000031263,3,19,-1,NULL,2,2,0,1,(1),(1),1,NULL," -1",1,0,1,50
202000031263,1,8,2020,16:30:00,1,08,08200,2,1,1,1,"Rue Corneille","49,4165940","4,6290020",202000031263,154 687 404,B01,2,1,0,2,5,19,5,NULL,202000031263,154 687 404,B01,1,1,3,1,2010,5,0,-1,-1,0,0,-1,202000031263,3,19,-1,NULL,2,2,0,1,(1),(1),1,NULL," -1",1,0,1,50
202000033781,11,12,2020,17:46:00,4,44,44043,1,6,2,3,D149,"47,0969740"," -1,2720480",202000033781,154 683 066,B01,2,1,0,0,7,1,5,NULL,202000033781,154 683 065,A01,1,1,1,1,1979,4,1,-1,-1,0,0,-1,202000033781,3,149,0,NULL,2,2,1,1,13,278,1,NULL," -1",2,5,1,80
202000033781,11,12,2020,17:46:00,4,44,44043,1,6,2,3,D149,"47,0969740"," -1,2720480",202000033781,154 683 066,B01,2,1,0,0,7,1,5,NULL,202000033781,154 683 066,B01,1,1,3,1,2007,5,0,-1,-1,0,0,-1,202000033781,3,149,0,NULL,2,2,1,1,13,278,1,NULL," -1",2,5,1,80
202000034333,16,3,2020,14:05:00,1,62,62193,2,3,1,3,"JACQUARD (BOULEVARD)","50,9486700","1,8539900",202000034333,154 682 100,B01,2,1,0,2,1,9,5,NULL,202000034333,154 682 099,A01,1,1,4,1,2003,0,2,8,-1,-1," -1",-1,202000034333,4,NULL,0,NULL,2,3,0,1,0,0,1,NULL," -1",1,0,1,30
202000034333,16,3,2020,14:05:00,1,62,62193,2,3,1,3,"JACQUARD (BOULEVARD)","50,9486700","1,8539900",202000034333,154 682 100,B01,2,1,0,2,1,9,5,NULL,202000034333,154 682 100,B01,1,1,4,1,1991,5,8,0,-1,-1," -1",-1,202000034333,4,NULL,0,NULL,2,3,0,1,0,0,1,NULL," -1",1,0,1,30
202000035577,30,5,2020,14:50:00,1,64,64024,2,1,1,2,"UNION (RUE DE L')","43,4855900"," -1,5043000",202000035577,154 679 868,A01,1,1,0,2,1,0,0,NULL,202000035577,154 679 868,A01,1,1,4,1,1985,5,2,8,-1,-1," -1",-1,202000035577,4,NULL,0,NULL,2,2,0,2,0,0,1,NULL," -1",1,0,1,50
202000035577,30,5,2020,14:50:00,1,64,64024,2,1,1,2,"UNION (RUE DE L')","43,4855900"," -1,5043000",202000035577,154 679 868,A01,1,1,0,2,1,0,0,NULL,202000035577,154 679 869,B01,1,1,1,1,1979,5,1,8,-1,0," -1",-1,202000035577,4,NULL,0,NULL,2,2,0,2,0,0,1,NULL," -1",1,0,1,50
202000038818,8,1,2020,08:22:00,1,75,75113,2,5,1,3,"AVENUE DES GOBELINS","48,8368020","2,3518740",202000038818,154 674 135,A01,1,1,0,2,1,19,5,NULL,202000038818,154 674 135,A01,1,1,1,2,1966,1,8,2,-1,0,0,-1,202000038818,4,NULL,0,NULL,2,4,0,1,0,0,1,NULL,12,1,0,1,50
202000038818,8,1,2020,08:22:00,1,75,75113,2,5,1,3,"AVENUE DES GOBELINS","48,8368020","2,3518740",202000038818,154 674 135,A01,1,1,0,2,1,19,5,NULL,202000038818,154 674 136,B01,1,1,4,1,1969,1,2,6,-1,0,0,-1,202000038818,4,NULL,0,NULL,2,4,0,1,0,0,1,NULL,12,1,0,1,50