Num_Acc,jour,mois,an,hrmn,lum,dep,com,agg,int,atm,col,adr,lat,long,Num_Acc,id_vehicule,num_veh,senc,catv,obs,obsm,choc,manv,motor,occutc,Num_Acc,id_vehicule,num_veh,place,catu,grav,sexe,an_nais,trajet,secu1,secu2,secu3,locp,actp,etatp,Num_Acc,catr,voie,v1,v2,circ,nbv,vosp,prof,pr,pr1,plan,lartpc,larrout,surf,infra,situ,vma
202000039189,4,12,2020,07:35:00,5,50,50129,2,2,2,-1,"TOUR CARREE (RUE)","49,6421300"," -1,6253300",202000039189,154 673 459,B01,1,1,0,2,1,1,5,NULL,202000039189,154 673 457,A01,1,1,1,1,1978,4,1,8,-1,-1," -1",-1,202000039189,4,"TOUR CARREE (RUE)",0,NULL,1,4,0,1,0,0,1,NULL," -1",2,0,1,30
202000039189,4,12,2020,07:35:00,5,50,50129,2,2,2,-1,"TOUR CARREE (RUE)","49,6421300"," -1,6253300",202000039189,154 673 459,B01,1,1,0,2,1,1,5,NULL,202000039189,154 673 459,B01,1,1,4,2,1995,1,4,-1,-1,-1," -1",-1,202000039189,4,"TOUR CARREE (RUE)",0,NULL,1,4,0,1,0,0,1,NULL," -1",2,0,1,30
202000042423,23,9,2020,16:25:00,1,83,83069,2,1,1,3,"PERE ETERNEL (CHEMIN DU)","43,1248000","6,1503000",202000042423,154 667 735,A01,3,1,0,2,8,26,5,NULL,202000042423,154 667 733,B01,1,1,1,1,1985,0,1,0,-1,-1," -1",-1,202000042423,4,NC,0,NULL,1,2,1,1,0,0,2,NULL," -1",1,0,1,50
202000042423,23,9,2020,16:25:00,1,83,83069,2,1,1,3,"PERE ETERNEL (CHEMIN DU)","43,1248000","6,1503000",202000042423,154 667 735,A01,3,1,0,2,8,26,5,NULL,202000042423,154 667 735,A01,1,1,4,2,1967,0,8,0,-1,-1," -1",-1,202000042423,4,NC,0,NULL,1,2,1,1,0,0,2,NULL," -1",1,0,1,50
202000043928,22,9,2020,21:05:00,5,51,51454,2,2,1,3,"Rue de Cernay","49,2579019","4,0560673",202000043928,154 665 045,A01,2,1,0,2,1,1,5,NULL,202000043928,154 665 044,B01,1,1,1,2,2000,0,1,-1,-1,-1," -1",-1,202000043928,2,51,0,NULL,2,2,0,1,19,250,1,NULL," -1",1,0,1,50
202000043928,22,9,2020,21:05:00,5,51,51454,2,2,1,3,"Rue de Cernay","49,2579019","4,0560673",202000043928,154 665 045,A01,2,1,0,2,1,1,5,NULL,202000043928,154 665 045,A01,1,1,4,2,1999,0,8,-1,-1,-1," -1",-1,202000043928,2,51,0,NULL,2,2,0,1,19,250,1,NULL," -1",1,0,1,50
202000045445,2,12,2020,17:25:00,5,50,50218,2,1,2,3,"MATIGNON (AV DES)","48,8379700"," -1,5766900",202000045445,154 662 382,B01,1,1,0,2,1,1,5,NULL,202000045445,154 662 380,A01,1,1,1,2,1936,3,1,0,-1,-1," -1",-1,202000045445,3,"MATIGNON (AV DES)",0,NULL,2,2,0,1,32,27,1,NULL," -1",2,0,1,50
202000045445,2,12,2020,17:25:00,5,50,50218,2,1,2,3,"MATIGNON (AV DES)","48,8379700"," -1,5766900",202000045445,154 662 382,B01,1,1,0,2,1,1,5,NULL,202000045445,154 662 382,B01,1,1,4,1,2000,5,2,0,-1,-1," -1",-1,202000045445,3,"MATIGNON (AV DES)",0,NULL,2,2,0,1,32,27,1,NULL," -1",2,0,1,50
202000047374,26,8,2020,13:20:00,1,15,15092,1,1,1,7,D922,"45,4170250","2,5026510",202000047374,154 659 018,A01,2,1,0,0,0,1,0,NULL,202000047374,154 659 018,A01,1,1,4,1,1995,5,0,-1,-1,0,0,-1,202000047374,3,922,-1,NULL,2,2,0,2,78,500,3,NULL," -1",1,0,1,90
202000047656,30,11,2020,14:25:00,1,59,59360,2,1,1,3,"FOCH RUE DU MARECHAL","50,6154300","3,0193400",202000047656,154 658 516,B01,1,1,1,0,3,1,5,NULL,202000047656,154 658 515,A01,1,1,1,1,1991,4,8,0,-1,-1," -1",-1,202000047656,7,"FOCH RUE DU MARECHAL",0,NULL,2,4,1,1,(1),(1),1,NULL," -1",1,0,5,50
202000047656,30,11,2020,14:25:00,1,59,59360,2,1,1,3,"FOCH RUE DU MARECHAL","50,6154300","3,0193400",202000047656,154 658 516,B01,1,1,1,0,3,1,5,NULL,202000047656,154 658 516,B01,1,1,3,2,1960,0,8,0,-1,-1," -1",-1,202000047656,7,"FOCH RUE DU MARECHAL",0,NULL,2,4,1,1,(1),(1),1,NULL," -1",1,0,5,50
202000007176,16,9,2020,18:50:00,2,33,33009,2,6,1,3,"PLAGE (BD DE LA) DU 02 AU 194","44,6626600"," -1,1642100",202000007176,154 729 639,B01,2,1,0,2,4,1,5,NULL,202000007176,154 729 639,B01,1,1,4,1,1976,0,8,-1,-1,-1," -1",-1,202000007176,3,650,0,NULL,2,-1,0,1,20,740,1,NULL," -1",1,0,1,50
202000007176,16,9,2020,18:50:00,2,33,33009,2,6,1,3,"PLAGE (BD DE LA) DU 02 AU 194","44,6626600"," -1,1642100",202000007176,154 729 639,B01,2,1,0,2,4,1,5,NULL,202000007176,154 729 640,A01,1,1,1,2,1950,0,1,-1,-1,-1," -1",-1,202000007176,3,650,0,NULL,2,-1,0,1,20,740,1,NULL," -1",1,0,1,50
202000008596,23,11,2020,08:00:00,2,69,69142,2,2,1,3,"GENERAL DE GAULLE                   (AV)","45,7257300","4,8116000",202000008596,154 727 137,A01,2,1,0,2,1,1,5,NULL,202000008596,154 727 137,A01,1,1,4,1,1968,1,2,8,-1,0,0,-1,202000008596,4,NULL,0,NULL,3,1,0,2,0,1,1,NULL," -1",1,5,1,50
202000008596,23,11,2020,08:00:00,2,69,69142,2,2,1,3,"GENERAL DE GAULLE                   (AV)","45,7257300","4,8116000",202000008596,154 727 137,A01,2,1,0,2,1,1,5,NULL,202000008596,154 727 138,B01,1,1,1,1,1979,1,1,0,-1,-1," -1",-1,202000008596,4,NULL,0,NULL,3,1,0,2,0,1,1,NULL," -1",1,5,1,50
202000009288,29,1,2020,18:00:00,5,75,75110,2,7,1,2,"RUE DE DUNKERQUE","48,8804796","2,3525196",202000009288,154 725 915,B01,1,1,0,2,1,2,5,NULL,202000009288,154 725 914,A01,1,1,1,1,1993,5,1,0,-1,0,0,-1,202000009288,4,NULL,0,NULL,1,2,0,1,0,0,1,NULL,5,1,0,1,50
202000009288,29,1,2020,18:00:00,5,75,75110,2,7,1,2,"RUE DE DUNKERQUE","48,8804796","2,3525196",202000009288,154 725 915,B01,1,1,0,2,1,2,5,NULL,202000009288,154 725 915,B01,1,1,4,1,1947,5,8,2,-1,0,0,-1,202000009288,4,NULL,0,NULL,1,2,0,1,0,0,1,NULL,5,1,0,1,50
202000010558,21,11,2020,16:35:00,2,75,75101,2,2,1,7,"RUE DE RIVOLI","48,8637280","2,3322400",202000010558,154 723 693,A01,2,1,0,0,0,1,5,NULL,202000010558,154 723 693,A01,1,1,4,2,1967,9,8,0,-1,0,0,-1,202000010558,4,NULL,0,NULL,2,4,1,1,0,0,1,NULL," -1",1,-1,5,50
202000012966,26,1,2020,18:40:00,5,76,76255,2,1,2,1,"Route d'Eu","50,0538670","1,3950170",202000012966,154 719 495,A01,2,1,0,2,1,25,5,NULL,202000012966,154 719 495,A01,1,1,3,1,2006,5,0,-1,-1,0,0,-1,202000012966,3,1915,0,NULL,2,2,0,1,2,130,1,NULL," -1",2,0,1,50
202000012966,26,1,2020,18:40:00,5,76,76255,2,1,2,1,"Route d'Eu","50,0538670","1,3950170",202000012966,154 719 495,A01,2,1,0,2,1,25,5,NULL,202000012966,154 719 496,B01,1,1,1,1,1951,5,1,-1,-1,0,0,-1,202000012966,3,1915,0,NULL,2,2,0,1,2,130,1,NULL," -1",2,0,1,50
202000013348,13,9,2020,16:10:00,1,75,75119,2,3,1,2,"RUE DAVID D ANGERS","48,8825950","2,3904320",202000013348,154 718 815,B01,1,1,0,2,1,2,5,NULL,202000013348,154 718 814,A01,1,1,1,2,1991,3,1,0,-1,0,0,-1,202000013348,4,NULL,0,NULL,2,2,0,2,0,0,1,NULL," -1",1,0,1,50
202000013348,13,9,2020,16:10:00,1,75,75119,2,3,1,2,"RUE DAVID D ANGERS","48,8825950","2,3904320",202000013348,154 718 815,B01,1,1,0,2,1,2,5,NULL,202000013348,154 718 815,B01,1,1,4,2,1981,9,2,0,-1,0,0,-1,202000013348,4,NULL,0,NULL,2,2,0,2,0,0,1,NULL," -1",1,0,1,50
202000016273,17,11,2020,09:20:00,2,40,40266,2,3,1,-1,"route des lacs","44,0685040"," -1,2293010",202000016273,154 713 621,B01,3,1,0,2,3,23,5,NULL,202000016273,154 713 620,A01,1,1,1,1,1951,3,1,-1,-1,0,0,-1,202000016273,3,652,0,NULL,-1,2,0,1,(1),(1),1,NULL," -1",1,0,1,50
202000016273,17,11,2020,09:20:00,2,40,40266,2,3,1,-1,"route des lacs","44,0685040"," -1,2293010",202000016273,154 713 621,B01,3,1,0,2,3,23,5,NULL,202000016273,154 713 621,B01,1,1,3,2,1938,3,0,-1,-1,0,0,-1,202000016273,3,652,0,NULL,-1,2,0,1,(1),(1),1,NULL," -1",1,0,1,50
202000016760,14,7,2020,11:20:00,1,13,13034,1,1,1,4,D25,"43,7339570","4,9436760",202000016760,154 712 772,C01,1,1,0,2,1,11,5,NULL,202000016760,154 712 770,A01,1,1,3,1,1964,0,2,6,-1,0,0,-1,202000016760,3,25,-1,NULL,2,2,0,2,2,(1),1,NULL," -1",1,0,1,80
202000016760,14,7,2020,11:20:00,1,13,13034,1,1,1,4,D25,"43,7339570","4,9436760",202000016760,154 712 771,B01,2,1,0,2,4,11,5,NULL,202000016760,154 712 770,A01,1,1,3,1,1964,0,2,6,-1,0,0,-1,202000016760,3,25,-1,NULL,2,2,0,2,2,(1),1,NULL," -1",1,0,1,80
202000016760,14,7,2020,11:20:00,1,13,13034,1,1,1,4,D25,"43,7339570","4,9436760",202000016760,154 712 772,C01,1,1,0,2,1,11,5,NULL,202000016760,154 712 771,B01,1,1,3,1,1961,5,2,-1,-1,0,0,-1,202000016760,3,25,-1,NULL,2,2,0,2,2,(1),1,NULL," -1",1,0,1,80
202000016760,14,7,2020,11:20:00,1,13,13034,1,1,1,4,D25,"43,7339570","4,9436760",202000016760,154 712 771,B01,2,1,0,2,4,11,5,NULL,202000016760,154 712 771,B01,1,1,3,1,1961,5,2,-1,-1,0,0,-1,202000016760,3,25,-1,NULL,2,2,0,2,2,(1),1,NULL," -1",1,0,1,80
202000016760,14,7,2020,11:20:00,1,13,13034,1,1,1,4,D25,"43,7339570","4,9436760",202000016760,154 712 772,C01,1,1,0,2,1,11,5,NULL,202000016760,154 712 772,C01,1,1,3,1,1962,5,2,-1,-1,0,0,-1,202000016760,3,25,-1,NULL,2,2,0,2,2,(1),1,NULL," -1",1,0,1,80
202000016760,14,7,2020,11:20:00,1,13,13034,1,1,1,4,D25,"43,7339570","4,9436760",202000016760,154 712 771,B01,2,1,0,2,4,11,5,NULL,202000016760,154 712 772,C01,1,1,3,1,1962,5,2,-1,-1,0,0,-1,202000016760,3,25,-1,NULL,2,2,0,2,2,(1),1,NULL," -1",1,0,1,80
202000016829,10,7,2020,20:00:00,1,51,51108,2,3,1,1,"Avenue du Général Sarrail","48,9679947","4,3635950",202000016829,154 712 647,B01,2,1,0,2,8,25,5,NULL,202000016829,154 712 647,B01,1,1,4,1,1988,5,8,-1,-1,-1," -1",-1,202000016829,4,NULL,0,NULL,-1,2,0,1,(1),(1),1,NULL," -1",1,0,1,50
202000016829,10,7,2020,20:00:00,1,51,51108,2,3,1,1,"Avenue du Général Sarrail","48,9679947","4,3635950",202000016829,154 712 647,B01,2,1,0,2,8,25,5,NULL,202000016829,154 712 648,A01,1,1,1,2,1997,5,1,-1,-1,-1," -1",-1,202000016829,4,NULL,0,NULL,-1,2,0,1,(1),(1),1,NULL," -1",1,0,1,50
202000016844,10,7,2020,16:30:00,1,31,31555,2,1,1,3,"131 Route d'Albi","43,6361300","1,4640700",202000016844,154 712 619,B01,1,1,0,2,8,1,5,NULL,202000016844,154 712 619,B01,1,1,4,1,1969,9,2,0,-1,-1," -1",-1,202000016844,3,188,0,NULL,2,2,0,1,2,743,1,NULL," -1",1,0,1,50
202000016844,10,7,2020,16:30:00,1,31,31555,2,1,1,3,"131 Route d'Albi","43,6361300","1,4640700",202000016844,154 712 619,B01,1,1,0,2,8,1,5,NULL,202000016844,154 712 620,A01,1,1,1,1,1989,9,1,8,-1,-1," -1",-1,202000016844,3,188,0,NULL,2,2,0,1,2,743,1,NULL," -1",1,0,1,50
202000018055,18,12,2020,17:35:00,5,31,31555,2,1,1,3,"NETWILLER (BOULEVARD ANDRE)","43,6421500","1,4664300",202000018055,154 710 465,B01,0,1,0,2,1,25,5,NULL,202000018055,154 710 464,A01,1,1,1,2,1975,0,1,0,-1,-1," -1",-1,202000018055,4,"NETWILLER (BOULEVARD ANDRE)",0,NULL,2,2,0,1,0,0,1,NULL," -1",1,0,1,50
202000018055,18,12,2020,17:35:00,5,31,31555,2,1,1,3,"NETWILLER (BOULEVARD ANDRE)","43,6421500","1,4664300",202000018055,154 710 465,B01,0,1,0,2,1,25,5,NULL,202000018055,154 710 464,A01,2,2,1,1,2004,9,1,0,-1,-1," -1",-1,202000018055,4,"NETWILLER (BOULEVARD ANDRE)",0,NULL,2,2,0,1,0,0,1,NULL," -1",1,0,1,50
202000018055,18,12,2020,17:35:00,5,31,31555,2,1,1,3,"NETWILLER (BOULEVARD ANDRE)","43,6421500","1,4664300",202000018055,154 710 465,B01,0,1,0,2,1,25,5,NULL,202000018055,154 710 465,B01,1,1,4,2,1983,0,8,0,-1,-1," -1",-1,202000018055,4,"NETWILLER (BOULEVARD ANDRE)",0,NULL,2,2,0,1,0,0,1,NULL," -1",1,0,1,50
202000019278,11,6,2020,09:45:00,1,25,25462,2,1,8,3,"BESANCON (DU 72TER A LA FIN)","46,9179900","6,3438600",202000019278,154 708 314,B01,1,1,0,2,8,1,5,NULL,202000019278,154 708 314,B01,1,1,4,1,1932,3,8,0,-1,-1," -1",-1,202000019278,4,"BESANCON (DU 72TER A LA FIN)",0,NULL,1,2,0,1,0,0,1,NULL," -1",1,0,1,50
202000019278,11,6,2020,09:45:00,1,25,25462,2,1,8,3,"BESANCON (DU 72TER A LA FIN)","46,9179900","6,3438600",202000019278,154 708 314,B01,1,1,0,2,8,1,5,NULL,202000019278,154 708 315,A01,1,1,1,1,1973,4,1,4,-1,-1," -1",-1,202000019278,4,"BESANCON (DU 72TER A LA FIN)",0,NULL,1,2,0,1,0,0,1,NULL," -1",1,0,1,50
202000022709,20,2,2020,21:40:00,5,34,34172,2,6,1,3,"PRES D'ARENES (ROND-POINT DES)","43,5889795","3,8896474",202000022709,154 702 261,B01,0,1,0,2,1,1,5,NULL,202000022709,154 702 260,A01,1,1,1,1,1988,5,1,8,-1,0,0,-1,202000022709,4,NULL,0,NULL,1,2,0,1,(1),(1),1,NULL," -1",1,5,1,50
202000022709,20,2,2020,21:40:00,5,34,34172,2,6,1,3,"PRES D'ARENES (ROND-POINT DES)","43,5889795","3,8896474",202000022709,154 702 261,B01,0,1,0,2,1,1,5,NULL,202000022709,154 702 261,B01,1,1,4,1,1998,4,8,0,-1,0,0,-1,202000022709,4,NULL,0,NULL,1,2,0,1,(1),(1),1,NULL," -1",1,5,1,50
202000027786,4,6,2020,15:56:00,1,31,31095,1,1,1,7,Cazaux,"43,0329020","0,7437120",202000027786,154 693 422,A01,2,1,0,0,0,0,6,NULL,202000027786,154 693 422,A01,1,1,3,1,1943,5,0,-1,-1,0,0,-1,202000027786,3,39,-1,NULL,2,2,0,2,34,136,3,NULL," -1",1,0,1,80
202000028746,5,9,2020,10:45:00,1,75,75110,2,1,1,3,"RUE DU BUISSON SAINT LOUIS","48,8726200","2,3740030",202000028746,154 691 698,B01,2,1,0,2,2,1,5,NULL,202000028746,154 691 697,A01,1,1,1,1,1967,9,1,0,-1,0,0,-1,202000028746,4,NULL,0,NULL,1,1,0,2,0,0,1,NULL," -1",1,0,1,30
202000028746,5,9,2020,10:45:00,1,75,75110,2,1,1,3,"RUE DU BUISSON SAINT LOUIS","48,8726200","2,3740030",202000028746,154 691 698,B01,2,1,0,2,2,1,5,NULL,202000028746,154 691 698,B01,1,1,4,1,1989,1,8,0,-1,0,0,-1,202000028746,4,NULL,0,NULL,1,1,0,2,0,0,1,NULL," -1",1,0,1,30
202000028749,5,9,2020,11:20:00,1,94,94033,2,1,1,3,"ERNEST RENAN (AV)","48,8560000","2,4650000",202000028749,154 691 691,B01,2,1,1,0,4,1,5,NULL,202000028749,154 691 691,B01,1,1,4,1,1973,5,8,0,-1,-1," -1",-1,202000028749,4,"ERNEST RENAN (AV)",0,NULL,2,2,0,1,0,0,1,NULL," -1",1,0,1,50
202000028749,5,9,2020,11:20:00,1,94,94033,2,1,1,3,"ERNEST RENAN (AV)","48,8560000","2,4650000",202000028749,154 691 691,B01,2,1,1,0,4,1,5,NULL,202000028749,154 691 692,A01,1,1,1,1,1966,5,1,0,-1,-1," -1",-1,202000028749,4,"ERNEST RENAN (AV)",0,NULL,2,2,0,1,0,0,1,NULL," -1",1,0,1,50
202000029688,3,6,2020,10:20:00,1,33,33318,2,2,1,2,"AVE PASTEUR / RUE ANDRE PUJOL","44,8059318"," -0,6325860",202000029688,154 690 082,B01,2,1,0,0,4,23,5,NULL,202000029688,154 690 081,A01,1,1,1,2,1931,0,8,0,-1,-1," -1",-1,202000029688,4,"AVE PASTEUR",0,NULL,2,2,0,1,(1),(1),1,NULL," -1",1,5,1,50
202000029688,3,6,2020,10:20:00,1,33,33318,2,2,1,2,"AVE PASTEUR / RUE ANDRE PUJOL","44,8059318"," -0,6325860",202000029688,154 690 082,B01,2,1,0,0,4,23,5,NULL,202000029688,154 690 082,B01,1,1,4,2,1985,0,8,0,-1,-1," -1",-1,202000029688,4,"AVE PASTEUR",0,NULL,2,2,0,1,(1),(1),1,NULL," -1",1,5,1,50
202000030138,14,1,2020,18:19:00,2,87,87065,2,1,1,2,RD979,"45,8183800","1,2955500",202000030138,154 689 277,B01,1,1,0,2,4,2,5,NULL,202000030138,154 689 276,A01,1,1,1,1,1941,5,1,8,-1,-1," -1",-1,202000030138,3,RD979,0,NULL,3,2,0,1,0,0,1,NULL," -1",1,0,1,50
202000030138,14,1,2020,18:19:00,2,87,87065,2,1,1,2,RD979,"45,8183800","1,2955500",202000030138,154 689 277,B01,1,1,0,2,4,2,5,NULL,202000030138,154 689 277,B01,1,1,4,1,1950,5,8,0,-1,-1," -1",-1,202000030138,3,RD979,0,NULL,3,2,0,1,0,0,1,NULL," -1",1,0,1,50
202000030966,5,9,2020,16:10:00,1,50,50041,2,1,1,3,D318,"49,6459440"," -1,8504670",202000030966,154 687 908,B01,1,1,0,2,8,1,0,NULL,202000030966,154 687 907,A01,1,1,1,2,1937,5,1,-1,-1,0,0,-1,202000030966,3,318,-1,NULL,2,2,0,2,0,296,1,NULL," -1",1,0,1,50
202000030966,5,9,2020,16:10:00,1,50,50041,2,1,1,3,D318,"49,6459440"," -1,8504670",202000030966,154 687 908,B01,1,1,0,2,8,1,0,NULL,202000030966,154 687 908,B01,1,1,3,1,1962,5,2,-1,-1,0,0,-1,202000030966,3,318,-1,NULL,2,2,0,2,0,296,1,NULL," -1",1,0,1,50
202000031171,27,10,2020,12:20:00,1,75,75103,2,5,1,7,"RUE DE BRETAGNE","48,8619360","2,3645990",202000031171,154 687 550,A01,2,1,0,0,7,16,5,NULL,202000031171,154 687 550,A01,1,1,3,1,1974,9,2,0,-1,0,0,-1,202000031171,4,NULL,0,NULL,1,1,0,1,0,0,1,NULL," -1",2,0,1,50
202000031392,2,8,2020,10:00:00,1,15,15014,1,1,1,3,"BOUDIEU (LIEU DIT) RN 122","44,8966160","2,4058950",202000031392,154 687 176,B01,1,1,0,2,1,1,0,NULL,202000031392,154 687 176,B01,1,1,4,1,1969,5,2,0,-1,-1," -1",-1,202000031392,2,122,0,NULL,1,1,0,1,47,0,2,NULL," -1",1,5,1,80
202000031392,2,8,2020,10:00:00,1,15,15014,1,1,1,3,"BOUDIEU (LIEU DIT) RN 122","44,8966160","2,4058950",202000031392,154 687 176,B01,1,1,0,2,1,1,0,NULL,202000031392,154 687 177,A01,1,1,1,1,1963,0,1,0,-1,-1," -1",-1,202000031392,2,122,0,NULL,1,1,0,1,47,0,2,NULL," -1",1,5,1,80
202000033236,2,8,2020,16:30:00,1,39,39397,2,3,8,3,NULL,"46,5234290","5,6163640",202000033236,154 684 013,A01,1,1,0,2,1,16,5,NULL,202000033236,154 684 013,A01,1,1,3,1,1961,5,0,-1,-1,0,0,-1,202000033236,3,470,-1,NULL,2,2,0,2,28,45,3,NULL," -1",1,0,1,50
202000033236,2,8,2020,16:30:00,1,39,39397,2,3,8,3,NULL,"46,5234290","5,6163640",202000033236,154 684 013,A01,1,1,0,2,1,16,5,NULL,202000033236,154 684 017,B01,1,1,1,1,1984,5,1,-1,-1,0,0,-1,202000033236,3,470,-1,NULL,2,2,0,2,28,45,3,NULL," -1",1,0,1,50
202000033456,30,9,2020,17:35:00,1,60,60686,2,1,1,-1,"32 Rue de Précy","49,2090050","2,3948160",202000033456,154 683 637,B01,1,1,0,2,1,19,5,NULL,202000033456,154 683 627,A01,2,2,1,1,1938,0,1,-1,-1,0,0,-1,202000033456,3,44,0,NULL,2,2,0,1,19,170,1,NULL," -1",1,0,1,50
202000033456,30,9,2020,17:35:00,1,60,60686,2,1,1,-1,"32 Rue de Précy","49,2090050","2,3948160",202000033456,154 683 637,B01,1,1,0,2,1,19,5,NULL,202000033456,154 683 627,A01,1,1,1,2,1946,0,1,-1,-1,0,0,-1,202000033456,3,44,0,NULL,2,2,0,1,19,170,1,NULL," -1",1,0,1,50
202000033456,30,9,2020,17:35:00,1,60,60686,2,1,1,-1,"32 Rue de Précy","49,2090050","2,3948160",202000033456,154 683 637,B01,1,1,0,2,1,19,5,NULL,202000033456,154 683 637,B01,1,1,3,1,2010,5,2,0,0,0,0,-1,202000033456,3,44,0,NULL,2,2,0,1,19,170,1,NULL," -1",1,0,1,50
202000034402,15,3,2020,16:25:00,1,49,49007,2,1,1,7,ROE,"47,4722400"," -0,5527100",202000034402,154 681 976,A01,1,1,14,0,0,0,5,NULL,202000034402,154 681 976,A01,1,1,4,2,1986,5,8,0,-1,-1," -1",-1,202000034402,4,ROE,0,NULL,2,2,0,1,0,0,1,NULL," -1",1,0,1,60
202000035242,31,5,2020,16:00:00,1,87,87045,2,1,1,2,"14 Avenue du Lac","45,9906410","1,0477780",202000035242,154 680 477,B01,2,1,0,2,1,23,0,NULL,202000035242,154 680 475,A01,1,1,1,1,1945,5,1,-1,-1,0,0,-1,202000035242,3,3,-1,NULL,2,2,0,2,15,200,1,NULL," -1",1,0,1,50
202000035242,31,5,2020,16:00:00,1,87,87045,2,1,1,2,"14 Avenue du Lac","45,9906410","1,0477780",202000035242,154 680 477,B01,2,1,0,2,1,23,0,NULL,202000035242,154 680 477,B01,1,1,4,2,1980,5,2,-1,-1,0,0,-1,202000035242,3,3,-1,NULL,2,2,0,2,15,200,1,NULL," -1",1,0,1,50
202000036943,21,5,2020,11:00:00,1,69,69034,2,1,1,7,"MARGNOLLES (DE)                     (R )","45,7833400","4,8344100",202000036943,154 677 423,A01,2,1,0,2,1,1,5,NULL,202000036943,154 677 423,A01,1,1,4,1,1948,5,2,0,-1,-1," -1",-1,202000036943,4,"MARGNOLLES (DE)                     (R )",0,NULL,2,5,0,2,0,0,1,NULL," -1",1,0,1,50
202000041087,24,7,2020,18:30:00,1,46,46231,2,3,1,3,"7 Rue de la Cale","44,5028520","1,1379740",202000041087,154 670 167,C01,-1,1,-1,-1,-1,-1,5,NULL,202000041087,154 670 167,C01,1,1,3,1,2003,5,0,-1,-1,-1," -1",-1,202000041087,4,1,0," -",1,1,0,1,0,0,1,NULL," -1",1,0,1,30
202000041087,24,7,2020,18:30:00,1,46,46231,2,3,1,3,"7 Rue de la Cale","44,5028520","1,1379740",202000041087,154 670 167,C01,-1,1,-1,-1,-1,-1,5,NULL,202000041087,154 670 169,A01,1,1,1,1,1981,1,1,-1,-1,0,0,-1,202000041087,4,1,0," -",1,1,0,1,0,0,1,NULL," -1",1,0,1,30
202000043612,22,10,2020,17:15:00,1,50,50218,1,1,1,1,"CRETE  (RUE DE LA)","48,8246000"," -1,5765900",202000043612,154 665 594,A01,2,1,0,2,1,26,5,NULL,202000043612,154 665 593,B01,1,1,4,1,1966,5,2,8,-1,-1," -1",-1,202000043612,3,911,0,NULL,2,2,3,2,72,47,1,NULL," -1",1,0,1,70
202000043612,22,10,2020,17:15:00,1,50,50218,1,1,1,1,"CRETE  (RUE DE LA)","48,8246000"," -1,5765900",202000043612,154 665 593,B01,1,1,0,2,1,0,5,NULL,202000043612,154 665 593,B01,1,1,4,1,1966,5,2,8,-1,-1," -1",-1,202000043612,3,911,0,NULL,2,2,3,2,72,47,1,NULL," -1",1,0,1,70
202000043612,22,10,2020,17:15:00,1,50,50218,1,1,1,1,"CRETE  (RUE DE LA)","48,8246000"," -1,5765900",202000043612,154 665 594,A01,2,1,0,2,1,26,5,NULL,202000043612,154 665 594,A01,1,1,4,1,1954,5,2,8,-1,-1," -1",-1,202000043612,3,911,0,NULL,2,2,3,2,72,47,1,NULL," -1",1,0,1,70
202000043612,22,10,2020,17:15:00,1,50,50218,1,1,1,1,"CRETE  (RUE DE LA)","48,8246000"," -1,5765900",202000043612,154 665 593,B01,1,1,0,2,1,0,5,NULL,202000043612,154 665 594,A01,1,1,4,1,1954,5,2,8,-1,-1," -1",-1,202000043612,3,911,0,NULL,2,2,3,2,72,47,1,NULL," -1",1,0,1,70
202000043688,3,12,2020,07:00:00,1,971,97101,2,9,1,3,"Bd René Serge NABAJOTH","16,2783200"," -61,5034600",202000043688,154 665 470,A01,0,1,0,2,0,0,5,NULL,202000043688,154 665 470,A01,1,1,4,1,2008,2,8,0,-1,-1," -1",-1,202000043688,4,NULL,0,NULL,-1,0,0,1,0,0,1,NULL," -1",1,0,1,50
202000045650,2,12,2020,20:45:00,4,75,75112,2,1,1,6,"RUE DU FAUBOURG SAINT ANTOINE","48,8521810","2,3727010",202000045650,154 662 051,A01,1,1,0,9,1,1,5,NULL,202000045650,154 662 051,A01,1,1,4,2,1989,1,2,0,-1,0,0,-1,202000045650,4,NULL,0,NULL,2,2,1,1,0,0,1,NULL," -1",1,-1,5,50
202000046432,3,2,2020,08:04:00,2,49,49007,2,1,1,2,"SAUMUROISE IMPASSE ET RUE","47,4591800"," -0,5354700",202000046432,154 660 642,A01,1,1,0,2,1,0,5,NULL,202000046432,154 660 642,A01,1,1,4,1,2004,0,8,0,-1,-1," -1",-1,202000046432,4,"SAUMUROISE IMPASSE ET RUE",0,NULL,2,2,0,1,0,0,1,NULL," -1",2,0,1,60
202000046432,3,2,2020,08:04:00,2,49,49007,2,1,1,2,"SAUMUROISE IMPASSE ET RUE","47,4591800"," -0,5354700",202000046432,154 660 642,A01,1,1,0,2,1,0,5,NULL,202000046432,154 660 643,B01,1,1,1,2,1969,4,1,8,-1,-1," -1",-1,202000046432,4,"SAUMUROISE IMPASSE ET RUE",0,NULL,2,2,0,1,0,0,1,NULL," -1",2,0,1,60
202000047412,24,7,2020,14:30:00,1,75,75104,2,3,8,7,"RUE DE RIVOLI","48,8552380","2,3611240",202000047412,154 658 945,A01,1,1,0,0,0,21,5,NULL,202000047412,154 658 945,A01,1,1,4,2,1974,1,2,0,-1,0,0,-1,202000047412,4,NULL,0,NULL,2,4,1,1,0,0,1,NULL," -1",1,-1,5,30